date,prices,market_caps,total_volumes
2019-06-21,1.6049391988983346,0.0,665318.0526509066
2019-06-22,3.172364475665224,101085454.81028377,179033099.15581304
2019-06-23,2.1591653569087783,76656180.8493111,258822620.07905507
2019-06-24,1.8995977604330248,66475124.17056032,210021071.8849812
2019-06-25,1.409310422042795,55222540.55159792,157470580.94927415
2019-06-26,1.5324323784970475,86059923.75346406,280767573.4408929
2019-06-27,1.585229438526398,94735214.3367427,193274535.93283352
2019-06-28,1.415400029319741,85082877.25344796,108271960.79625024
2019-06-29,1.4388516348632951,96637677.02429225,90724193.01114868
2019-06-30,1.5068614844819987,106309562.90382645,128788501.75618592
2019-07-01,1.4398594468173882,101443324.53426436,137876906.28953716
2019-07-02,1.3504772842627537,95263570.57259956,109588097.38836952
2019-07-03,1.1353696042692607,79863686.63255547,141881071.89065203
2019-07-04,1.1151556799346516,78485962.78952014,122166968.98685236
2019-07-05,1.0123177148855045,71292731.37255181,105972181.01566954
2019-07-06,1.124356887493463,103659366.70287664,126458049.41290718
2019-07-07,1.0318443366210692,95412453.28737593,72056970.27403568
2019-07-08,1.0689478225568056,106339822.92958426,63592253.65436512
2019-07-09,1.0518800796819856,105138746.17989182,53817022.34956008
2019-07-10,1.0401783527831352,104164227.76809928,98711408.24076396
2019-07-11,1.0302068817866885,114868602.26935734,166538655.57088155
2019-07-12,0.8722444405242868,95216842.72320804,151249458.6429593
2019-07-13,0.8886915854128737,98932600.4370568,132109034.90458962
2019-07-14,0.9375630228613346,114073830.68674144,128481023.99995452
2019-07-15,0.8254715929774072,101174450.80616944,129763121.6888214
2019-07-16,0.8063751162949739,98632960.45747326,120083360.31651469
2019-07-17,0.6464553551420483,86862067.80859579,95497795.89589795
2019-07-18,0.6685734795841912,92005348.58865172,121828882.4860948
2019-07-19,0.6945135487257579,95752479.76592726,108244042.96027108
2019-07-20,0.6715185910381123,92474046.80543312,100660848.14295818
2019-07-21,0.7100903434329422,105032524.58999026,122146943.70917822
2019-07-22,0.6966740848247005,103539908.54044358,115473911.02562836
2019-07-23,0.6412827106510811,95235340.76363648,83464968.33071384
2019-07-24,0.5831162481113316,92687914.695639,85685232.1482213
2019-07-25,0.6050585051241535,99037780.17702857,83785597.55010775
2019-07-26,0.6081260312224931,99543650.5195163,67445839.95844719
2019-07-27,0.6602416126532328,113372950.4444754,103520163.41843854
2019-07-28,0.5789842420384959,98905158.40346374,67008184.65144196
2019-07-29,0.5754240436405319,98427536.64073227,62468124.46349102
2019-07-30,0.5721527537150467,97679316.6947742,72068610.61348185
2019-07-31,0.5675619923705266,96980904.31534147,71587061.70709427
2019-08-01,0.5640171504997753,96225161.17215908,68285939.53867957
2019-08-02,0.5550419602407637,94731315.10698412,58912837.793988
2019-08-03,0.8013895102278663,158733679.00084832,323521905.3551868
2019-08-04,0.74332511269038,146841706.48570368,121187138.53531434
2019-08-05,0.7048146535002915,139320097.2863245,86516951.77041285
2019-08-06,0.7878660864061997,155989156.58839604,113308248.1842362
2019-08-07,0.7013807844104485,138657161.3162164,89559766.55922906
2019-08-08,0.6915293462331669,136403961.38009542,77154157.8881017
2019-08-09,0.7298219937242224,144422806.64036217,99694404.7514228
2019-08-10,0.7967880273448188,157353176.23535153,130698093.87428936
2019-08-11,0.8086510225229404,159072080.78726923,93021565.22290725
2019-08-12,0.822137809615456,161948916.84233055,86032192.27860896
2019-08-13,0.8027326977621545,158513602.3255591,65678175.81883886
2019-08-14,0.8015829926569426,192427841.84701556,79615336.94845864
2019-08-15,0.7197473063549465,176563362.10033342,84554205.15598138
2019-08-16,0.7078809384039878,178194594.14785385,82110507.60329184
2019-08-17,0.6795559505385682,171142642.31405815,68181611.90318438
2019-08-18,0.6814845993631518,174667945.51884454,63549276.9315525
2019-08-19,0.6773174499424727,176200642.48458117,63787424.68154347
2019-08-20,0.6612224593314056,174573702.8833752,56296325.472700335
2019-08-21,0.6256752810206436,169623899.3333426,74104201.52489221
2019-08-22,0.5709490316874366,157149968.68086365,67356164.2172435
2019-08-23,0.5720191670844275,159527340.30132973,60678193.36516241
2019-08-24,0.57413992113977,162549865.0899096,29669433.652871218
2019-08-25,0.5752612334604726,163090529.96221328,58439238.914136685
2019-08-26,0.5414311928369724,157227063.07752255,58452158.26173689
2019-08-27,0.5209634046166985,152915095.18105966,38733832.79196197
2019-08-28,0.5231926610097474,155842063.42801395,60702675.86275115
2019-08-29,0.4376017862012886,132681750.77666846,53545498.361537926
2019-08-30,0.39929346214843,122271929.17193434,36937575.555589
2019-08-31,0.422682269562866,131208931.07309929,64637387.15943278
2019-09-01,0.4041697478605277,125791273.69966368,56389528.10914864
2019-09-02,0.391978930503668,124826470.81217565,53984294.73358779
2019-09-03,0.3915700393004096,126025822.51267453,59316746.51355102
2019-09-04,0.3696313034488813,120672777.9947136,59479871.41297847
2019-09-05,0.346488379524124,114929909.8833488,47487237.1075893
2019-09-06,0.3926849692048838,130062200.03890286,63463684.06910423
2019-09-07,0.3478541394169949,116653919.6082445,70769646.8784814
2019-09-08,0.3707830789364866,125926061.85277104,65907939.80575553
2019-09-09,0.3767353942425588,127226346.7700332,53622324.020896085
2019-09-10,0.3670720170648302,128605073.31497689,57346571.21761383
2019-09-11,0.3648620728978746,128129086.5117184,58006715.07774955
2019-09-12,0.3477516924099348,124468011.33004215,53436205.76389349
2019-09-13,0.3209416720599675,116291857.49187513,54549174.67918434
2019-09-14,0.3184704646558575,116705685.44574352,49294302.77497751
2019-09-15,0.3217961256828206,119177881.16672637,46684312.12905123
2019-09-16,0.3286867438903684,121940787.96349736,54168308.55120765
2019-09-17,0.3212631465238588,120574704.80233768,47332339.77930326
2019-09-18,0.3202455765498089,121500142.24939343,52177972.72515379
2019-09-19,0.3353144059928873,128423481.40448704,68118126.29853824
2019-09-20,0.3139075035752265,121347696.488904,55426956.33075311
2019-09-21,0.3121980465029162,121280311.99060568,51774989.149372965
2019-09-22,0.3168265071012138,125497449.23630364,51751351.87334974
2019-09-23,0.3020980600179388,120546130.77154146,51636223.86778809
2019-09-24,0.2686370905730562,108505326.2615245,49680188.707404725
2019-09-25,0.1990936832168971,81063840.95780438,49581375.66822384
2019-09-26,0.2049686234974176,84975194.5487677,43417494.88917442
2019-09-27,0.1908797266678771,80305150.83900857,57770074.863169976
2019-09-28,0.1896309564835991,79537146.08251631,45674060.01621562
2019-09-29,0.2033913440229202,85894614.33438043,40212588.414140604
2019-09-30,0.2247225011565745,95412329.50631264,69635635.18262137
2019-10-01,0.2507744767020963,108884533.26157984,66173809.22591051
2019-10-02,0.2326790232720561,99603924.75506093,51054507.29820597
2019-10-03,0.2296364613823664,99176758.74336272,50320488.4860262
2019-10-04,0.2305735348470352,99892184.45356104,43321282.04495476
2019-10-05,0.2286794425830049,99593760.64543615,43045262.222197466
2019-10-06,0.2237615316522972,97524713.16810954,40092119.50033434
2019-10-07,0.2127599092385449,92833563.50898632,44912802.19807322
2019-10-08,0.2178628122902672,95623536.40543316,53363219.796059646
2019-10-09,0.2300874516344185,100675685.67549118,57490451.92099208
2019-10-10,0.2397190704546474,105337745.88960564,64273037.79807297
2019-10-11,0.2531965011430886,111706449.2901853,79865913.29735109
2019-10-12,0.2531088765018459,111389513.3459222,79374800.40537281
2019-10-13,0.2569669007866985,113589383.8908775,70958435.37145942
2019-10-14,0.250336222294391,111298125.92122446,67504303.38708685
2019-10-15,0.2678085673347587,118698299.5804876,62692892.96673626
2019-10-16,0.2484095343977714,110452590.51867165,96135439.30464974
2019-10-17,0.2289000663335888,101396760.99167536,102544593.23374222
2019-10-18,0.2366986388295112,105994722.4619929,99612700.51959488
2019-10-19,0.2271595002968576,101720274.65107311,106563353.897664
2019-10-20,0.2242166658260429,100395140.04527584,103436295.9112348
2019-10-21,0.2239262414202455,101086061.10740316,107555178.2664648
2019-10-22,0.2274851063590841,102665148.6838248,105588109.91231376
2019-10-23,0.2251226229682433,101093288.3987115,103768676.34027344
2019-10-24,0.2103089102739247,95149441.96703556,102947427.74141112
2019-10-25,0.2024336488058245,92082152.0525199,81512678.31695858
2019-10-26,0.2126609861216715,97174900.71690787,93429038.79148342
2019-10-27,0.2159205966411075,97997649.60692678,110055967.20505804
2019-10-28,0.2168945232903958,98566010.43993191,111231389.19796544
2019-10-29,0.2333057760010868,106693193.14739424,118782360.11308569
2019-10-30,0.231451748757772,106082272.51230936,115314942.31818368
2019-10-31,0.2183029637933123,100259781.65596493,107987090.74243107
2019-11-01,0.2207643726677844,101510568.372378,108964707.81551
2019-11-02,0.2589236118083725,119422060.72204582,146481638.56908152
2019-11-03,0.2590409972756453,119724896.8944738,148407974.22317472
2019-11-04,0.2645591230440247,122939923.1912726,135429950.00669083
2019-11-05,0.2576592776102223,119591885.6510226,129100398.30207723
2019-11-06,0.2869968229485188,133554770.4958866,152036141.94776374
2019-11-07,0.2855028912211434,130155995.16510482,142775827.063925
2019-11-08,0.2724202678543867,124536064.98675668,127224101.59840408
2019-11-09,0.2588522774002878,118692854.93643892,125365646.24401838
2019-11-10,0.2605252604252974,119589363.79041506,114517564.80089489
2019-11-11,0.2684053274917521,123735276.34020682,120930219.62811518
2019-11-12,0.2784163686216314,129550041.10770172,134898271.41634825
2019-11-13,0.27365891153137,127218452.17990533,125629831.94650052
2019-11-14,0.2868029146863006,132798033.19926035,118453643.75384562
2019-11-15,0.2793550751566022,131379100.65015256,125029453.23891789
2019-11-16,0.2687802278417505,124038586.05581552,121532064.47018538
2019-11-17,0.2710579646782317,126156169.5038503,115281928.9133325
2019-11-18,0.2698165331161211,125940089.51865792,113076244.61540589
2019-11-19,0.2515206714617502,117964660.6166797,111856956.6512225
2019-11-20,0.2435649236727989,114028109.94118331,109314773.27527694
2019-11-21,0.2497633365902066,117210416.65160953,109870929.50414383
2019-11-22,0.2402427962624969,113356730.74408934,107838952.84036171
2019-11-23,0.2194208407181411,103452973.68663348,111076153.50166406
2019-11-24,0.2247452572018592,106906249.8362826,107460353.26239282
2019-11-25,0.203505301596108,99656984.16361906,63400082.145854615
2019-11-26,0.2061455978804079,98301268.0661256,97763241.3585862
2019-11-27,0.2186154191197927,104435823.47353968,101670942.10116103
2019-11-28,0.2249156040751954,107283429.91424656,108632753.45217046
2019-11-29,0.2642977199419214,126606207.7033604,161301990.35221636
2019-11-30,0.2787053811261759,134124117.37857036,142403757.75603005
2019-12-01,0.2676400848218933,129726543.7307194,127332213.49550895
2019-12-02,0.2625611817258031,125112132.96436284,124190417.58742131
2019-12-03,0.2790094083805906,134314193.8255503,134692281.09402063
2019-12-04,0.282426033933395,137068356.17410988,130227693.34731749
2019-12-05,0.2682737697316211,131594330.03681594,127491287.29322311
2019-12-06,0.2632650622047525,128913608.00318386,109925476.70305066
2019-12-07,0.2646013452403888,129427735.49029084,111572259.01357472
2019-12-08,0.2736579191253486,133175465.47288474,119162963.8197524
2019-12-09,0.2919221864652346,143600668.54996,142888712.34805128
2019-12-10,0.2973259690637617,146211943.718545,157894095.93187258
2019-12-11,0.2738418454445471,135497543.16295838,143554945.6635252
2019-12-12,0.2849107044327973,141048407.80822253,103977698.8453605
2019-12-13,0.2748671102209296,135722250.9571563,88596168.80759558
2019-12-14,0.2725825956794086,135324173.53071058,73337182.74019106
2019-12-15,0.2534998280560092,126622943.64422742,70003744.48445241
2019-12-16,0.264247338503447,131748279.41500008,77018391.84391452
2019-12-17,0.2450754515961595,122725207.92393722,77686617.39784946
2019-12-18,0.2205158530511294,111884241.96318416,66675751.71672896
2019-12-19,0.2445477090385364,124733561.50512776,73987283.17801644
2019-12-20,0.2300986604285471,117523305.99592876,69907814.95183782
2019-12-21,0.2392994879744048,122727055.3531636,91590038.62811644
2019-12-22,0.2397659227723077,123613361.95522732,74564685.06994933
2019-12-23,0.2490504587068193,129066477.0390947,83323638.10082297
2019-12-24,0.2399612774382872,124091606.4092834,75568018.97719269
2019-12-25,0.2318524718833784,120170198.86432292,59075688.3977557
2019-12-26,0.2273402904318217,118367036.55749708,38449125.6715666
2019-12-27,0.2374408768491585,123642704.25947762,51642637.589559264
2019-12-28,0.2288818982546865,119981047.02695815,50084561.27324208
2019-12-29,0.2337279100453048,122860115.29797332,49602899.73428304
2019-12-30,0.2323487066722432,122497672.35196686,50390115.35966455
2019-12-31,0.2238412120964757,118063791.47521213,37091861.58101065
2020-01-01,0.2169642706595525,114566754.9389212,47747356.15380684
2020-01-02,0.2197135335455571,116603583.60839587,47142213.77016642
2020-01-03,0.2133456767735851,113430529.35827886,46519126.01709833
2020-01-04,0.2258731816922556,120432452.36279428,53637904.70901854
2020-01-05,0.2342835517881565,125118456.32467088,48189161.96640703
2020-01-06,0.2298903617192044,123075692.17720637,48672976.430193685
2020-01-07,0.2398596046659999,128695202.83836918,52368973.83840982
2020-01-08,0.2309675954494138,124341637.29759768,53333551.5576019
2020-01-09,0.2279621961719179,123786445.03844991,46788294.04235847
2020-01-10,0.2223458396369739,120468797.75413926,47561688.58840383
2020-01-11,0.2264205729146134,122909055.39754853,48371609.14126848
2020-01-12,0.2259434524675071,123396751.68939744,50222106.81303457
2020-01-13,0.2267430798515848,123915126.30726492,48293869.08936916
2020-01-14,0.2270638391901688,124253683.63338567,46948546.76454292
2020-01-15,0.2302310592787987,125856250.89406522,61661127.23308063
2020-01-16,0.2480183584038834,135833419.30867118,75933989.11057033
2020-01-17,0.240220282410921,132077567.2779998,59434859.95978291
2020-01-18,0.2605041121974197,143617849.47656816,68095859.34664778
2020-01-19,0.2590367559263251,143265161.85171282,65498260.78476441
2020-01-20,0.2395155694245772,133007544.734807,56396077.14359705
2020-01-21,0.2372773613128682,131687769.17288946,56887834.617528126
2020-01-22,0.2486292315577588,138656789.7701199,60315002.52732264
2020-01-23,0.2462870007773448,137355728.7754928,54417270.88344869
2020-01-24,0.2347242392710555,132966616.35053226,50818565.13300525
2020-01-25,0.2319959563464199,131971952.86488678,53528950.66747796
2020-01-26,0.2343521118346206,133538886.88985316,49953024.029074274
2020-01-27,0.2370352926025875,135376134.31933206,53002817.919927016
2020-01-28,0.2390874503932684,136740737.99825364,50924433.722178325
2020-01-29,0.2435621432333239,139367928.10414952,55844442.45528852
2020-01-30,0.2401051521171463,138175653.8597448,56117092.80773787
2020-01-31,0.241868182813597,138591226.943905,56949211.006195486
2020-02-01,0.2465709513631492,143031347.24990952,71259370.62454924
2020-02-02,0.2481805095491594,142918778.28356302,59410795.48774107
2020-02-03,0.2536581343029401,146327747.69823816,65923925.58617415
2020-02-04,0.2629112441265613,153083755.9036136,69239841.32337533
2020-02-05,0.2812224348769644,163849464.3579951,83994294.29374759
2020-02-06,0.2761113696437419,160996253.82325828,73025107.2765101
2020-02-07,0.286877267762843,168878038.66654593,74374975.21171153
2020-02-08,0.3132858421759995,183344261.97193056,90085524.8830902
2020-02-09,0.3069402304135864,180068262.6041076,81763426.8045193
2020-02-10,0.3416569066145072,200791011.0312374,106350254.35921475
2020-02-11,0.3619791719171122,213346304.5294482,134016658.99506968
2020-02-12,0.3691786690712729,217403059.46376264,109527279.82233484
2020-02-13,0.3892427067993831,229811573.02703625,115574690.27844176
2020-02-14,0.3482890533764172,210081088.467508,111945169.95009218
2020-02-15,0.3662045561094199,216721352.57094783,109702770.62804028
2020-02-16,0.3337470400457987,200873313.05502823,101108534.25977528
2020-02-17,0.3419519198598247,201730215.4167566,93947993.93578865
2020-02-18,0.3298900098055974,195477830.36486492,114848881.35283302
2020-02-19,0.3492687902048016,209112273.90154985,99847133.93838537
2020-02-20,0.35710011071947,213904666.9717892,116974573.30188678
2020-02-21,0.4377360992279341,258938350.89146903,197789941.25618747
2020-02-22,0.4205590147349923,253746204.61308724,207668376.08792192
2020-02-23,0.4480205950784371,270075353.8593681,180903284.0271313
2020-02-24,0.4621505448044757,280766610.81949496,149878002.00209185
2020-02-25,0.491754918293798,299546519.46603733,192772553.4269097
2020-02-26,0.3957996796356597,244621480.41942155,168686828.7380862
2020-02-27,0.3689240919273215,226259290.5212492,172181127.36461642
2020-02-28,0.3748016648179363,229913002.58441293,147214144.65267882
2020-02-29,0.3501113536067703,216337513.9514736,130326786.632926
2020-03-01,0.3320643207557187,204292230.95937783,109259722.9437855
2020-03-02,0.3190966924523417,197084579.7616966,103225220.42398426
2020-03-03,0.374210830086408,250520857.33243105,146550820.60046068
2020-03-04,0.3695716925377614,248657897.09283936,136790880.13636962
2020-03-05,0.3941137359317933,264371561.57718056,151691043.18884033
2020-03-06,0.3812412796146739,256341766.99057075,125595124.27278157
2020-03-07,0.3749185313759052,254282694.1641349,118638933.83316997
2020-03-08,0.340894859016803,230435044.1117156,110545648.13171127
2020-03-09,0.294670095222038,201500402.12189797,115336829.62725928
2020-03-10,0.2769620159120053,184818446.83815864,108623606.78305534
2020-03-11,0.2823099092718022,194187547.10300344,110790607.445826
2020-03-12,0.2704789762932016,184273455.46374112,86801820.35475357
2020-03-13,0.1399881635620244,95976676.4803406,79622674.99529305
2020-03-14,0.1533103110218658,103060843.29220632,104959385.3756948
2020-03-15,0.1496600619340282,100975404.8916962,91902042.60719374
2020-03-16,0.1492565451157694,103367848.25399202,84988204.93823257
2020-03-17,0.1278505141950831,88249526.60321064,73680963.95032904
2020-03-18,0.1399485593436742,96768298.98952968,70256928.01393834
2020-03-19,0.1388714288413825,95664022.61666285,69674622.25829516
2020-03-20,0.1581526364482493,109859322.0152019,92852272.76952627
2020-03-21,0.1584384512732438,109006443.24738416,96362012.75572357
2020-03-22,0.1533362758318216,105847235.59013654,68682491.20047832
2020-03-23,0.146880079133488,101303268.1009249,80718565.93994434
2020-03-24,0.1584493561203862,109476725.04283828,74204166.05410174
2020-03-25,0.1598157718064367,110720944.90752184,59925732.25662965
2020-03-26,0.1540952533965627,106569704.3283948,53725155.88596354
2020-03-27,0.1586968429050583,109814268.80146603,63228847.78207134
2020-03-28,0.156447856933487,107797814.09123948,65871081.89965936
2020-03-29,0.1492686045974352,103690790.67483574,56616922.57226019
2020-03-30,0.1437577513489095,100004565.88738886,52337099.47134795
2020-03-31,0.1534441154451781,106982494.80359544,58996157.66773328
2020-04-01,0.1542831571911811,107352024.12632254,62144065.284767866
2020-04-02,0.155940313518979,108587759.9706756,64910284.78005941
2020-04-03,0.1575276322352399,109653855.6364221,72372331.54044756
2020-04-04,0.1592527430803731,111574581.98759145,74019716.66217378
2020-04-05,0.1748426662894502,120537558.86960898,86928792.31000297
2020-04-06,0.1716831298705716,120154671.51674448,94061465.24327682
2020-04-07,0.1864830202917727,130710762.87092888,83021711.05789387
2020-04-08,0.1836503230289307,128469611.7741742,85568283.21669617
2020-04-09,0.2024259978535018,142595470.9406249,85719315.41649695
2020-04-10,0.201193378279137,141639021.30906156,97890307.86826956
2020-04-11,0.1788271062290118,125894178.45383656,94735011.8411234
2020-04-12,0.1803401091561825,126950278.24792828,85999588.61396033
2020-04-13,0.1780764211636787,127022647.20267177,86609801.80668719
2020-04-14,0.1752101105342627,123791267.76405734,86690313.80911109
2020-04-15,0.1785113793323915,126024378.1198745,83701657.68686087
2020-04-16,0.168575264636358,119376117.60672437,81413024.68765338
2020-04-17,0.1841519711025832,131256438.45364466,91140216.63379684
2020-04-18,0.1900352234056765,138769183.8335332,89635037.92546652
2020-04-19,0.1994842551648105,145358667.3436076,85447799.10803205
2020-04-20,0.1916122832751952,140779912.62319422,84943508.17509681
2020-04-21,0.1786828134260243,130632829.54916544,78966560.879156
2020-04-22,0.1792094409239836,131458083.73616403,61500926.31215805
2020-04-23,0.1836300745440615,135134331.6174324,53281444.09876996
2020-04-24,0.1929596282500076,143112597.10828,48102598.2557296
2020-04-25,0.2075096898583836,153301178.2808244,78077560.67203768
2020-04-26,0.2103196705201888,155747243.0835111,73467684.65161796
2020-04-27,0.2239316686817468,165963818.07759875,86718113.29464889
2020-04-28,0.215310965519854,159274255.3821968,70578799.70863955
2020-04-29,0.2183406819076019,161138472.3549131,64301437.19722619
2020-04-30,0.2280202685908855,169431058.3993497,81038138.16365665
2020-05-01,0.2112809697489344,157917696.89937764,94694000.2189007
2020-05-02,0.2148530304404703,160405907.83184862,67098517.34398385
2020-05-03,0.2192256282928311,163373585.63475075,63670485.21788032
2020-05-04,0.2081126471062332,156178507.32389107,88487880.36936802
2020-05-05,0.2054755037108295,153295529.65907025,75627656.0881761
2020-05-06,0.2088217148278327,155107569.72564173,81508923.69352508
2020-05-07,0.1973882946885313,147808286.20654854,69038411.13928945
2020-05-08,0.2029350215813207,149770481.8526763,69983265.93052165
2020-05-09,0.2162726775615517,159236666.99169806,76504764.37317313
2020-05-10,0.2127369139489787,157407623.09977016,68339130.19890228
2020-05-11,0.1925330788260277,142158969.16867733,67819812.92229083
2020-05-12,0.1864550223242077,137926113.03564426,58376855.4489253
2020-05-13,0.1958642626704395,144184056.15765798,54591110.32040425
2020-05-14,0.1969976831663205,145303074.21666452,56204617.92447107
2020-05-15,0.1974696900081178,146716312.12538072,47061385.33323958
2020-05-16,0.1920021994006231,142049145.8923627,33325637.521705262
2020-05-17,0.1969629938424446,146190431.0889378,30339285.560789216
2020-05-18,0.1983185944426118,146660193.49064535,32107940.69993768
2020-05-19,0.2003713972593605,149666522.01237425,30548806.31908468
2020-05-20,0.199887800442432,148783189.10893396,30542273.055473786
2020-05-21,0.2089414985535128,155607004.94339788,43870958.44703566
2020-05-22,0.1922597575401355,143760776.35772717,40286253.31688058
2020-05-23,0.2023075972756589,151092190.50388658,42846455.627296895
2020-05-24,0.2020641612674384,150590913.344512,35290923.84566507
2020-05-25,0.1968278269464951,147205144.44857064,41619706.82682725
2020-05-26,0.2106784451973364,157781305.09043527,35220117.28806931
2020-05-27,0.2178196027886384,163334892.88199812,50983228.54378851
2020-05-28,0.2202349463526125,171816242.96318793,40576003.01114837
2020-05-29,0.2265819704958157,177144998.48828322,34946983.93188584
2020-05-30,0.2283213735534571,178917939.2881342,40071028.61257063
2020-05-31,0.2427963941182856,189789411.01994497,45170476.4105036
2020-06-01,0.2337686577465502,184257967.5739633,67470523.9350993
2020-06-02,0.2489987332993999,197916247.7924032,60702322.4150186
2020-06-03,0.2458967433513251,195508044.72638023,39022863.373449326
2020-06-04,0.2418192337264367,193287228.11394265,27624807.201325268
2020-06-05,0.2377654722889888,190168540.2885421,37987909.90657737
2020-06-06,0.2310045163289233,186797585.40061063,48224706.34333408
2020-06-07,0.237547971318925,190452177.17449743,44418200.687335946
2020-06-08,0.2321634717280221,186096147.5413003,46005475.69725315
2020-06-09,0.234617611612657,188373324.41013604,59044118.45416123
2020-06-10,0.2409776243650331,193598057.9597037,53308558.59392334
2020-06-11,0.2460426428577034,197436767.88614663,63269863.28229111
2020-06-12,0.2334908963094794,187618250.4437466,71128880.61809324
2020-06-13,0.230655957825952,186799949.046048,70468395.23400705
2020-06-14,0.2330679622479566,187084059.3324344,71438175.4719819
2020-06-15,0.2325972716218041,186806266.5706485,68659827.41861014
2020-06-16,0.2269975259711043,182464293.7803761,74104167.05346543
2020-06-17,0.2354473536424406,189115826.7402697,68309759.2956432
2020-06-18,0.2438405603139784,195838739.5668381,75472940.99276984
2020-06-19,0.2399662000796377,192888625.97697097,74002665.07188612
2020-06-20,0.2328795243505102,186725926.465475,67153303.32870527
2020-06-21,0.231182684162981,185201039.5014648,71585755.77510059
2020-06-22,0.2313054228692211,185694384.74017283,60842087.47964633
2020-06-23,0.2388197665009582,191638736.5592873,53418636.94000005
2020-06-24,0.2483412972268001,199204048.85700515,65270482.87794326
2020-06-25,0.2388853248445189,192227267.57515785,84784625.69116384
2020-06-26,0.2357502019339802,189514926.0182832,62762697.78693026
2020-06-27,0.2217496869330419,178392651.72792962,73267725.80625626
2020-06-28,0.204248049405759,163608046.74609,72235666.65803355
2020-06-29,0.2062528550024259,165664629.26704356,74084956.67878386
2020-06-30,0.2125181891846173,170729395.72822583,61567087.49262438
2020-07-01,0.2070546355933979,166439467.44444904,69819356.0690379
2020-07-02,0.2129718661839175,171117620.88353753,72896971.55888353
2020-07-03,0.2035447428648452,163431764.50193548,70572879.54578632
2020-07-04,0.2028364915711704,163036379.35411933,59530469.253262445
2020-07-05,0.2156230863385207,172982250.50814402,62572239.08539671
2020-07-06,0.2135276211586096,171345728.04039866,60828567.66486336
2020-07-07,0.2287478774080725,183585722.7742207,71707514.34269878
2020-07-08,0.2311823616086299,185625363.74644104,66924922.202553205
2020-07-09,0.2467293896862479,198257294.5768364,77491061.09684667
2020-07-10,0.2429333369304449,195061205.4991189,77586035.49013905
2020-07-11,0.2511494015871662,201566399.3673491,80168901.0537939
2020-07-12,0.2791111200148947,224392220.19909152,132861704.92791805
2020-07-13,0.2781007110672207,222651385.1609079,84999903.72576174
2020-07-14,0.2659926366792338,213573360.4027525,100244754.8338894
2020-07-15,0.2733015700278869,220034420.70295173,84184212.15527847
2020-07-16,0.2899512844178519,232924254.1116312,95115362.72279154
2020-07-17,0.3520855808925369,283527740.22477067,241268004.40914223
2020-07-18,0.3496015117295254,281039977.3152405,182364775.0058654
2020-07-19,0.3541218642351347,284293007.42753947,106714173.330934
2020-07-20,0.3886892213350065,313979298.44130504,160513162.56930524
2020-07-21,0.360348410205053,289346570.7326826,178639305.44426793
2020-07-22,0.3459408906191279,277834757.6109806,134514730.99936438
2020-07-23,0.3461733576222092,278097401.02803564,91279088.55369848
2020-07-24,0.3285713702880398,263244538.48727933,98649909.94521987
2020-07-25,0.3128033881862354,251157488.2987324,84389269.09323305
2020-07-26,0.3196170238525107,255959553.1216952,84807763.76691557
2020-07-27,0.3213890824684718,258685560.99083048,91310478.96979947
2020-07-28,0.28795378034083,231546142.9958258,123235304.47781584
2020-07-29,0.3121644151795571,250373500.11194548,103701613.5974504
2020-07-30,0.3074538655453216,247688303.62360612,78361138.46677768
2020-07-31,0.3336623770843943,267966933.00225183,169595278.97470358
2020-08-01,0.3258292642736655,261329569.08150417,110769173.17772149
2020-08-02,0.3275366563327069,262998868.89949396,91433038.9800143
2020-08-03,0.3014525602701954,242303258.016764,83313008.5253769
2020-08-04,0.3088653432207894,248091809.41282937,78058274.7536248
2020-08-05,0.3259805381262652,262153440.18559015,69325373.84813616
2020-08-06,0.3337998963176047,268070974.5300246,94939520.80380906
2020-08-07,0.3640600627298198,292336829.9487228,109316654.08766204
2020-08-08,0.3652645710778002,292878035.6628412,160028936.2810726
2020-08-09,0.4524686750902852,363352672.13960624,252857298.16610152
2020-08-10,0.4246680989065778,341482343.240211,218597221.64164367
2020-08-11,0.4685011729198057,377413925.1300012,194541415.51629135
2020-08-12,0.4385750850568822,353035556.23347586,213512470.76931652
2020-08-13,0.5402460686146263,431324938.3610324,165085129.35695967
2020-08-14,0.654142100232618,536076689.5235052,555902484.3262222
2020-08-15,0.6384375018212602,515436554.0656788,390535221.3824282
2020-08-16,0.6384744623596388,512653490.4399256,342754324.0527921
2020-08-17,0.6357579519116445,510552590.6804657,310437284.6093766
2020-08-18,0.5938436956914165,473689718.4638837,320947515.14414304
2020-08-19,0.5588819029883447,448831824.1978394,308866826.8991837
2020-08-20,0.59301164691287,476872935.8300535,330118968.3792015
2020-08-21,0.6292695754692696,504423116.2920113,358797490.5938714
2020-08-22,0.5325269648406812,427062315.0300405,327039172.9234672
2020-08-23,0.5666709558434199,452343770.3680827,312681433.75886565
2020-08-24,0.6173865163561881,496901399.03386,287980609.83717906
2020-08-25,0.6333632190166313,504186262.0366938,282937154.69059414
2020-08-26,0.5673990215143736,455746233.2971223,332291794.6519693
2020-08-27,0.5486508365947901,439212080.6544414,301856312.07406163
2020-08-28,0.5212257904279933,418069297.536106,299410238.43981344
2020-08-29,0.5343998103459037,429331373.3637568,267940996.3574422
2020-08-30,0.5345460051383824,429265193.1068588,223057384.79529035
2020-08-31,0.5179014615613179,415808798.62631387,214181603.3200215
2020-09-01,0.5062446136278073,407810551.2371883,226102546.96578524
2020-09-02,0.5151739574492018,416676708.669669,269679642.5699818
2020-09-03,0.4682179025122363,375677247.1783015,237622884.7729074
2020-09-04,0.3521105567275699,283645890.63238513,217849451.19871777
2020-09-05,0.3752910524659759,301463558.2639492,215700065.35902917
2020-09-06,0.3428726087351524,273186271.80462915,177903024.47836733
2020-09-07,0.3761426652373253,303546845.9858982,170378839.01026314
2020-09-08,0.3702943862847784,296877014.1859704,188436993.87514096
2020-09-09,0.3507438271171467,278163684.5522148,157435084.13167575
2020-09-10,0.4121250172913461,328053355.14039266,230720279.5823984
2020-09-11,0.4137396918858549,331888416.22566426,230067132.5513821
2020-09-12,0.4092233906750374,328109957.2930965,215646667.54173383
2020-09-13,0.4104811919689703,329380141.6693127,195091316.2136201
2020-09-14,0.3779673877216093,303292872.271502,200388212.48340225
2020-09-15,0.3836534613392355,307877679.87223226,191016788.36723968
2020-09-16,0.3538444745151204,284168551.7633579,162768362.6714125
2020-09-17,0.3578795931819604,287158066.7433143,168877995.26631016
2020-09-18,0.3577099108594012,285537084.80047435,181243708.63593692
2020-09-19,0.3351013786981914,269113461.5871979,182228656.5701093
2020-09-20,0.3406633179538949,273583974.3927057,158100237.27865598
2020-09-21,0.3255511944468139,261066328.0645297,152029861.14859894
2020-09-22,0.2889917606907826,233598258.6512438,187614704.8631669
2020-09-23,0.3055537577731866,244900076.4526136,150245336.15069658
2020-09-24,0.2707731256743967,218068421.11123827,116717643.07864244
2020-09-25,0.2935209729522344,235852233.6184385,56799142.0750117
2020-09-26,0.31673437494879,253913848.66273355,58388498.94161695
2020-09-27,0.3252305026904727,260189296.6325636,54361060.04199351
2020-09-28,0.3145643197287234,252857046.3385969,43770455.847220734
2020-09-29,0.3266582583786119,260751591.9205435,59430212.27826455
2020-09-30,0.3349856795843092,268271702.7280114,93249637.42100252
2020-10-01,0.3452633791386047,269737776.5405158,98059266.47171064
2020-10-02,0.3337532479171602,267794472.6296873,140453067.27201486
2020-10-03,0.3168592380328111,254397993.4420136,190901243.74545577
2020-10-04,0.3158684608731535,253528368.68814027,137734311.54848513
2020-10-05,0.3127189264213734,251277628.91722,124768805.13021614
2020-10-06,0.3194164446893484,256405755.14436683,117555003.3626637
2020-10-07,0.2852496561538935,228903897.7280688,127570439.09332262
2020-10-08,0.3042590997854568,244549032.1674416,143639104.14922765
2020-10-09,0.3075486557986732,246785606.8333764,136264207.66264486
2020-10-10,0.3285722982826946,265229421.0151849,145778249.0711088
2020-10-11,0.3277537219209964,263208418.714279,138931136.18211693
2020-10-12,0.3281377166869856,263190708.4109045,138923866.96795025
2020-10-13,0.3449252950386011,278760511.2272025,188035183.2230536
2020-10-14,0.3421108005843508,275335244.25212914,157088703.8199341
2020-10-15,0.3292131134228983,262249208.32926425,154502972.36513942
2020-10-16,0.3135339138502306,251645339.41093695,90963321.6518647
2020-10-17,0.2988684490939413,241354576.0696588,108332261.80759038
2020-10-18,0.3125139530667705,251497933.31526405,69515109.26730339
2020-10-19,0.3145424985915055,252479736.1999742,99430385.45802666
2020-10-20,0.3032171311656986,243361845.98322225,99389185.89740276
2020-10-21,0.2878106778690339,230963373.72795755,60468289.84353614
2020-10-22,0.3009887302321309,241316746.76055643,48576380.92369714
2020-10-23,0.3145840850026856,252743069.69157425,68997167.26715414
2020-10-24,0.3081350743690266,247396776.84132364,66104004.23619416
2020-10-25,0.3085117523367268,247969974.7830197,55937115.52403628
2020-10-26,0.3030233640912451,243430947.2820993,55483345.17491363
2020-10-27,0.2903433869724762,233065584.9484476,67023582.952389866
2020-10-28,0.2868229358361976,230432469.46466383,67344299.26551546
2020-10-29,0.2754195671960482,220490523.84600195,80452041.49118696
2020-10-30,0.2564678918352249,206313721.7540241,72216308.55755335
2020-10-31,0.2543733507861961,204262850.8933214,89569738.40826869
2020-11-01,0.2476471747565859,199840941.4611794,58199033.31143724
2020-11-02,0.2565604827143224,206189031.3315237,52576659.77192144
2020-11-03,0.2451861770415677,197365851.98381615,51855009.30100396
2020-11-04,0.2313144254846705,185810184.39465573,53112598.28235108
2020-11-05,0.2393828613378056,191226730.19379923,57572295.61136583
2020-11-06,0.2473296793018796,198792725.41483068,68880060.39880493
2020-11-07,0.2767995104068589,222504578.7096412,90013668.33874488
2020-11-08,0.2576346482992273,207204500.91056964,123802175.61069325
2020-11-09,0.2673898174511856,215008458.33538452,72595754.24569385
2020-11-10,0.2602230718634241,209143997.31747404,70193931.83685252
2020-11-11,0.2870506762823446,231511855.79452467,102757211.2389745
2020-11-12,0.2775513048467104,222885871.9888691,80474006.48682359
2020-11-13,0.2663102818108977,212272885.9059864,73337753.40467446
2020-11-14,0.2805206974976215,223626266.20731688,76557604.70204078
2020-11-15,0.2656157421514834,214122050.37572384,65367805.16539956
2020-11-16,0.2560466455278513,205590544.9672054,74872372.98656863
2020-11-17,0.2694776703519898,216030381.52733916,79180857.93735246
2020-11-18,0.2730745291020643,219539692.6425942,77825530.92746697
2020-11-19,0.2669169264688482,214720049.65086123,90139144.06953292
2020-11-20,0.2644495207990243,212121459.4813852,72486513.06279258
2020-11-21,0.284461272719825,228566167.09599796,71648499.8662642
2020-11-22,0.3148112914392784,251831761.4768016,157000178.96445948
2020-11-23,0.2979782747522922,241392322.0976736,127113214.35955667
2020-11-24,0.3331384924260922,264715391.2371764,160047467.93752432
2020-11-25,0.3553703384416439,284679028.75104153,248680449.7766353
2020-11-26,0.3453004721214328,276718259.030071,243943958.23023373
2020-11-27,0.3004230292491153,241162257.88910067,235011983.07550067
2020-11-28,0.298827626336662,239665174.7684605,117915337.87772174
2020-11-29,0.3123506895433187,250607754.1758365,108379072.9962208
2020-11-30,0.3176081872184831,253217486.8482904,95716556.60749094
2020-12-01,0.3262226055486268,264059293.93506703,134830796.62519836
2020-12-02,0.3097382140009683,248812932.2856734,129112521.84076
2020-12-03,0.3415474149900172,274264512.95331687,145048066.02887535
2020-12-04,0.3406540909077374,273865179.6486125,123208290.66032714
2020-12-05,0.3283559971657371,263303373.70776144,164995036.84355533
2020-12-06,0.3437679696148065,275826589.3637319,117706083.9544577
2020-12-07,0.3357958177870102,269035220.40159947,121018357.37130992
2020-12-08,0.3314109440947801,266280105.1741168,91551330.3583538
2020-12-09,0.3001704049931025,241762765.72630063,118398381.98471244
2020-12-10,0.3062178926633241,245541520.5211348,107742383.51702537
2020-12-11,0.2939966546540113,236672117.16697004,77509533.64764076
2020-12-12,0.2909626078414734,233482281.34895733,85464420.02837518
2020-12-13,0.3095125787281361,248854963.2019432,94375804.34888184
2020-12-14,0.3083952837996906,248313021.9373833,82480939.99793915
2020-12-15,0.3123467024350778,250809758.18386507,78511601.64021961
2020-12-16,0.326258402202043,262429840.6468332,107010985.55082002
2020-12-17,0.3394854673311026,271822342.6249462,135090665.43519428
2020-12-18,0.3332847193694967,267853752.902334,168754405.14305368
2020-12-19,0.3532441562282126,283083789.38128394,168200462.15154073
2020-12-20,0.3557899639694595,285450933.3278994,171322679.3188594
2020-12-21,0.3397305449059721,271747851.3305128,139354745.8969985
2020-12-22,0.3269692411641469,262585351.54491812,153842509.80590296
2020-12-23,0.3358948630371036,269249859.0439326,147571193.4188901
2020-12-24,0.2913714662228742,237038316.7005248,140570564.24814087
2020-12-25,0.3149662004768466,250598409.47325456,117670117.02407214
2020-12-26,0.3093894857727758,248884836.8377368,110294505.64469622
2020-12-27,0.3089273060666644,246512728.78761867,102596910.92529877
2020-12-28,0.3205045395255972,259667535.16863608,140470779.8888314
2020-12-29,0.3564250673063895,279433588.73218066,67165387.96367243
2020-12-30,0.3471497282347131,278425343.6905742,169137554.4181516
2020-12-31,0.3352544777191292,269305083.7673661,123374717.52423865
2021-01-01,0.3312098825042465,263756872.00050133,109294768.46395177
2021-01-02,0.3994283068029028,320617715.8019265,409233968.3843885
2021-01-03,0.4072962496473109,325337709.0440893,479251934.5109811
2021-01-04,0.4173048584111703,336867547.42747,323368792.3000055
2021-01-05,0.4218875371262912,326673376.554031,310125660.71855724
2021-01-06,0.4836607796480229,387810057.19283086,480735706.5791813
2021-01-07,0.5100813465691959,413191483.95280313,431146699.0256248
2021-01-08,0.4633037519823682,367099677.6325413,335709549.4733536
2021-01-09,0.4549247554227882,364288976.8554292,306222554.96300024
2021-01-10,0.487757108349546,395279826.601999,259323307.689406
2021-01-11,0.4632201461149695,373155530.8826078,309430023.756003
2021-01-12,0.416298271229266,335753287.4160648,319101490.5388361
2021-01-13,0.3964265039133007,318202482.5199069,203349137.67391
2021-01-14,0.4534558190260922,363382683.51354766,196908879.88335124
2021-01-15,0.4523526654280562,362880992.01976055,184703975.77914703
2021-01-16,0.4890458132744099,392562427.5393096,335584964.748256
2021-01-17,0.5150007788864988,411210591.9552867,439717242.1039899
2021-01-18,0.5718067128644256,460810522.1541047,476609882.29863566
2021-01-19,0.5634605044019291,454007548.3522911,398781753.0898259
2021-01-20,0.5248478354130859,424064341.1743447,281964815.554865
2021-01-21,0.5463203410198225,435267658.0005768,336085002.1656925
2021-01-22,0.4631634355700215,374978319.909802,318198687.0125726
2021-01-23,0.5113165654316231,408599795.4999544,336797818.8537586
2021-01-24,0.5576155944932739,447636222.36003286,355578751.7612302
2021-01-25,0.5624740893957355,451660051.5050472,300257600.4633385
2021-01-26,0.5577147447216572,450172203.962764,372086793.421719
2021-01-27,0.5977314087832445,479933403.24455696,305797254.48904264
2021-01-28,0.5431437503530253,434102334.2823057,282498518.18070406
2021-01-29,0.5587264417352908,451226715.1681182,257661231.26077577
2021-01-30,0.6429147017871844,517901268.1057686,449361454.69882894
2021-01-31,0.6589548901871322,526109676.31096095,441125484.3139733
2021-02-01,0.6481424812073732,519608768.4835442,372820742.87669486
2021-02-02,0.6422669818176654,515094397.5765777,309533249.7111043
2021-02-03,0.6514486300091609,527516512.9161261,272987303.9615348
2021-02-04,0.7416769246613549,594137522.9220703,359660673.5324697
2021-02-05,0.7070023699223078,571668005.8154545,405277785.9405907
2021-02-06,0.8335071149405114,662463927.2409997,570477095.5324384
2021-02-07,0.809920921571835,649237910.1462096,485928697.34782857
2021-02-08,0.8438912881340627,675926117.5848898,497339750.9895155
2021-02-09,1.0093427743630814,791533879.418861,949306139.5624948
2021-02-10,1.0287874062337503,828461601.9115363,728607348.8263458
2021-02-11,1.0318260051156127,835423709.0362924,655473767.68737
2021-02-12,1.2444889885928612,997624737.0578128,1077857579.4697852
2021-02-13,1.701046352276094,1353376559.811057,1711699483.7199876
2021-02-14,1.669753147392533,1353824900.3634598,1340167249.6857066
2021-02-15,1.4724313629114447,1188446810.3276017,921455614.2640288
2021-02-16,1.3469577219587348,1076369763.5036285,1148867907.8743148
2021-02-17,1.3106240705820862,1047932104.6218572,831517381.8699787
2021-02-18,1.3645227085073286,1090835698.4510388,921787587.0101688
2021-02-19,1.3997040252794222,1121718157.080943,793829412.8268582
2021-02-20,1.3797424108911926,1109831015.9444523,752599517.5046414
2021-02-21,1.3175739990633704,1050829977.748621,938827902.796906
2021-02-22,1.3120263965067875,1059313340.2781818,600674834.6847738
2021-02-23,1.1513686219710146,923668654.719474,954615814.1980495
2021-02-24,1.005774571166569,811308947.2087314,1033050849.3299224
2021-02-25,1.0688097831994932,857287559.8803616,789120153.2225109
2021-02-26,0.9762787921503536,796617023.4949825,705755474.0833296
2021-02-27,0.9736637038940968,784649022.9119986,674453058.9627186
2021-02-28,1.1148068222247176,880679022.7381895,746965828.439991
2021-03-01,1.0200859950868848,827323064.5870634,790038787.4993229
2021-03-02,1.0885002994428812,873689735.3367004,629198787.7391225
2021-03-03,1.083833825042538,871510734.4008967,735055275.7696075
2021-03-04,1.1843481751204383,958815966.3857038,830083670.234079
2021-03-05,1.0973960067951314,881166598.6115446,753928786.9136429
2021-03-06,1.0537842284709835,846282363.1371156,602885747.2093647
2021-03-07,1.0596304662332208,853873377.4957031,447264474.1603496
2021-03-08,1.108094631565875,888947413.8346951,504513177.8863135
2021-03-09,1.1562221349545,928179016.753731,571207287.4839624
2021-03-10,1.1789995973772331,944178853.7883542,562239979.6905714
2021-03-11,1.1073736081611902,2857524953.642556,603268203.3739073
2021-03-12,1.082721263363587,2790107418.956254,500844574.8511383
2021-03-13,1.050286033714808,2729704964.820553,622367855.4525845
2021-03-14,1.137696084889756,2932657776.012394,604590538.4651523
2021-03-15,1.1423958120471756,2971683311.6935506,601630325.055305
2021-03-16,1.1981831243551837,3119862398.4775333,1368068050.1317935
2021-03-17,1.2032212339233783,3114549431.533436,839558280.8649094
2021-03-18,1.2940984974505914,3340950177.880702,677205215.9350584
2021-03-19,1.2612268186979163,3275796118.596458,801597571.1734003
2021-03-20,1.255805220816573,3261716291.368687,510835860.2693312
2021-03-21,1.218438404286199,3170559338.791984,462999708.5124344
2021-03-22,1.1806881679141552,3078726359.5127583,477980047.28425545
2021-03-23,1.1042522768037797,2895926863.0832214,488162873.9634828
2021-03-24,1.1156181667951763,2897944984.0110683,506564660.0770687
2021-03-25,1.036475304971601,2707590346.5038834,527848238.6896442
2021-03-26,1.0406422212112163,2708129356.713241,557811404.045004
2021-03-27,1.1186059053994584,2917155353.3090706,355293124.01506764
2021-03-28,1.1604092508373265,3028572830.100092,482214414.1722681
2021-03-29,1.236768314454126,3219144139.3394985,489888203.9475046
2021-03-30,1.4091376098027997,3714899469.575481,492939709.900779
2021-03-31,1.3255238057404046,3464285396.346206,534255790.48804027
2021-04-01,1.3596440287490847,3535681209.161156,515084062.0372166
2021-04-02,1.327242643392276,3472590785.483107,441295826.3319611
2021-04-03,1.3519690863216962,3539373007.843993,381247905.02721983
2021-04-04,1.2655849481352135,3317211425.436548,573052935.4038426
2021-04-05,1.309704576111322,3431683154.7224054,396420597.2694155
2021-04-06,1.398521401926064,3649919763.925685,523154663.6004917
2021-04-07,1.4004638339080626,3670028948.167581,592037611.5124809
2021-04-08,1.3084392213632328,3474087616.057601,720736048.0121754
2021-04-09,1.3458733992455691,3568340152.8086,410143740.5041341
2021-04-10,1.3889676087960885,3699656624.054824,463192058.245484
2021-04-11,1.3936595124624875,3730197389.246537,467397827.0247061
2021-04-12,1.509032732185646,4051820678.286789,552079928.8423438
2021-04-13,1.4905455969708934,4074623445.96576,607838450.9920603
2021-04-14,1.511492031732797,4141744462.830106,537989577.5082533
2021-04-15,1.462048694694125,4050746432.0983896,519775702.3537977
2021-04-16,1.5709914397089733,4378393699.140998,573595535.1033148
2021-04-17,1.506360921142322,4242771151.994637,542250823.775605
2021-04-18,1.689398892012299,4771582903.048625,1089348705.067502
2021-04-19,1.4599629349036018,4182642635.4920297,1018190914.139956
2021-04-20,1.302786542531701,3734380545.199909,631069623.6478758
2021-04-21,1.2909462124464892,3723110372.624788,699968748.7260923
2021-04-22,1.2214948211943355,3538529905.766496,644469542.5096245
2021-04-23,1.1681740827876868,3413169486.4905934,605966718.848044
2021-04-24,1.1646424788808591,3393692228.796752,771798956.712379
2021-04-25,1.097943895929241,3224630868.018795,338372029.9644942
2021-04-26,1.096159974277325,3221584862.746444,336316584.8501321
2021-04-27,1.2381610199356514,3632404213.967865,418601317.24752223
2021-04-28,1.301285166298464,3833858958.8231378,400275585.2462031
2021-04-29,1.287723422518458,3789837397.481529,382401627.2065039
2021-04-30,1.3187367196666246,3889230267.745289,460241733.77990377
2021-05-01,1.4037411784830285,4132294538.447878,445881298.1981523
2021-05-02,1.3915332525567818,4115426346.958469,313570631.0508518
2021-05-03,1.384727075084519,4098821937.666925,345002312.8579453
2021-05-04,1.4419207515117578,4271944381.5417366,369143556.7867064
2021-05-05,1.2896582736560376,3849623968.7267127,501785258.290054
2021-05-06,1.443305176184286,4258321162.184723,459223990.4308159
2021-05-07,1.5319375694976165,4549153129.767139,691758916.6880785
2021-05-08,1.576603454625911,4687861398.462638,747412481.2398067
2021-05-09,1.5172109117669936,4535639168.431624,480356661.3504343
2021-05-10,1.5093815870365097,4561123349.375471,478441173.4356191
2021-05-11,1.3781664110585163,4181320544.6551695,501142076.7431621
2021-05-12,1.476613552531736,4457096443.705122,514268505.670922
2021-05-13,1.267035272159447,4053865656.3411593,495039630.56555855
2021-05-14,1.3611953242045007,4082305680.201682,732960012.1510291
2021-05-15,1.480768196955635,4512014380.454206,627246602.2824451
2021-05-16,1.3818267152536374,4207484659.0736456,814366742.5990369
2021-05-17,1.4071049767373998,4246789880.4426494,779271203.2555277
2021-05-18,1.2823629448726503,3929069511.0104494,661909629.0030125
2021-05-19,1.37148731725395,4142842889.270494,494847074.3938001
2021-05-20,0.9576085849714666,2946478053.690258,795313621.8313912
2021-05-21,1.102978901228275,3302534945.2144046,664901728.0822258
2021-05-22,0.97457930768814,2957658431.6522207,523265636.5014385
2021-05-23,0.9759863205466646,2983903575.102508,456244802.1729706
2021-05-24,0.8290952587793337,2515812502.788584,529074806.043013
2021-05-25,0.9733295869820524,2973876170.061984,456346159.1577736
2021-05-26,0.9759238622617462,2990431126.259695,444699688.2305809
2021-05-27,1.0272817571516608,3126524303.897274,414218285.79789513
2021-05-28,0.9727624137245444,2958618859.859693,345322130.3499179
2021-05-29,0.9014803405506604,2740017105.833309,376837906.71491975
2021-05-30,0.8396006418290688,2577822599.986436,309916582.52201587
2021-05-31,0.845877931906692,2580790998.3520265,278552084.23025465
2021-06-01,0.9330646899714388,2859927369.339958,303497362.2847072
2021-06-02,0.8978829443430497,2758632230.272168,284164137.13316894
2021-06-03,1.0254600377880714,3139233856.7808704,362525031.06461614
2021-06-04,1.1167689065241306,3433949829.0651684,414532026.14678514
2021-06-05,1.026567940990321,3150773396.370405,375579486.1609249
2021-06-06,0.9713726016502132,2968505868.3052444,311447695.45106715
2021-06-07,1.0243761519575547,3134162067.1009493,234660894.58601627
2021-06-08,0.9536106990122568,2961526635.991172,279456106.8287543
2021-06-09,0.9471113482643612,2910125770.111183,369104777.2418501
2021-06-10,1.0458109132413589,3217532823.971924,548421275.7915975
2021-06-11,1.03437041065659,3172925051.1377883,380941535.7039213
2021-06-12,0.9715709015048064,2991367763.2610707,400658907.51501656
2021-06-13,0.985037410780364,3051782006.6004696,351447683.5491442
2021-06-14,1.0420586922750823,3209283649.9094386,296349322.1302807
2021-06-15,1.055000751672499,3245864282.1145577,306161512.08021
2021-06-16,1.0334153929475791,3220540056.7724314,295873335.0086598
2021-06-17,1.0111956370993147,3083583586.0613,288317323.9050589
2021-06-18,1.0632373617675075,3265007831.304569,284880091.3903711
2021-06-19,0.985120351187581,3042919508.779072,291800201.27008915
2021-06-20,0.9412345794803212,2907599116.4748373,243743558.57175288
2021-06-21,0.9384822597269432,2905806610.451221,251196669.27562863
2021-06-22,0.7625467428192424,2385557790.859399,336499220.68950486
2021-06-23,0.7433507572886806,2289293598.0364866,406709849.1005039
2021-06-24,0.8336556261101493,2574341683.429692,328006798.40752804
2021-06-25,0.872635914159789,2701001920.277404,251485995.06178284
2021-06-26,0.8084182230948925,2503147317.0639434,281743594.25337386
2021-06-27,0.8040432026356049,2471465942.016415,257117919.0927204
2021-06-28,0.8332120258995819,2569819824.0486097,231156989.7349676
2021-06-29,0.8451493734438098,2594443564.391693,218787981.201504
2021-06-30,0.8825010971057592,2752410565.2645307,228689019.0820417
2021-07-01,0.8824945214008417,2744831455.075826,238824350.17675287
2021-07-02,0.8441807373586685,2613272080.706087,214130735.3581337
2021-07-03,0.843268817593555,2616014514.3923817,177746968.94482058
2021-07-04,0.8744511044728553,2718608483.457315,139640592.99632978
2021-07-05,0.8833413235915357,2750082169.366622,135995407.81117833
2021-07-06,0.8828216507119372,2747339059.980196,187611775.88239777
2021-07-07,0.9126280816079336,2838691824.9593515,204831002.46061116
2021-07-08,0.9054798433927428,2819494661.603957,179342393.00525612
2021-07-09,0.8653105412917058,2693462116.4073462,197715780.71821463
2021-07-10,0.9085724746985434,2834639878.671903,237463526.3251051
2021-07-11,0.896566815768812,2797769682.638244,154332698.03591225
2021-07-12,0.8954862152900823,2793139560.593829,135943344.35170612
2021-07-13,0.8711289283438978,2733076492.194789,154839906.86719006
2021-07-14,0.8762901405798863,2736175685.66518,170445256.84408605
2021-07-15,0.856977753338634,2677420621.191776,187569574.10194212
2021-07-16,0.8318996301460275,2601486966.6536293,181258449.6500589
2021-07-17,0.7837765698506132,2450741023.540257,182651804.49435452
2021-07-18,0.7846942535190263,2453664119.845909,149218131.92276084
2021-07-19,0.8083238709491628,2525750566.979815,130822136.0489933
2021-07-20,0.757308868994346,2371831494.6929584,150604331.65030703
2021-07-21,0.7008829606753381,2188820348.7353587,206554492.1313262
2021-07-22,0.7780977249858892,2424944936.265105,178512905.05872813
2021-07-23,0.799055511525666,2502553090.2962294,177192824.08918002
2021-07-24,0.8072079901039299,2521132450.856995,150659699.25326222
2021-07-25,0.8275202337625744,2602200502.417557,157126492.86479864
2021-07-26,0.9036541732429942,2841813521.92114,230780193.2709868
2021-07-27,0.8499005941365424,2670929412.822741,286685690.50141364
2021-07-28,0.8477800918855188,2673806032.530286,211073678.15548712
2021-07-29,0.837022108100123,2643993583.578933,190721791.47387943
2021-07-30,0.8476656703387677,2691702395.689922,145305330.6577846
2021-07-31,0.8517891294895023,2697826010.691883,159084942.4220249
2021-08-01,0.8461254365015913,2683533716.1506114,164618678.19106808
2021-08-02,0.8116590421265291,2571795413.1173296,185127231.3317292
2021-08-03,0.8155060373774238,2585881852.5740395,162107383.85275817
2021-08-04,0.8229589566342241,2611409223.319023,147456881.72186866
2021-08-05,0.8260441309946281,2624257932.097299,150389606.50245553
2021-08-06,0.8518909278968796,2686096824.637832,181390146.3004782
2021-08-07,0.8534117632973357,2710951939.724348,175230778.7107895
2021-08-08,0.875764197617015,2781600568.892881,235717656.7162085
2021-08-09,0.8242274506409488,2621953968.8933187,195399494.50846967
2021-08-10,0.8567819367375064,2676103930.688469,188603050.6037716
2021-08-11,0.880506949825141,2834046052.472368,216766380.1550242
2021-08-12,0.9126589531477222,2949746911.0095434,304160316.8145515
2021-08-13,0.881747643549256,2850273053.127367,303809346.21243745
2021-08-14,0.9542803153340442,3087939531.063525,154176606.22862256
2021-08-15,0.933771873759786,3045686623.571524,174057201.31036428
2021-08-16,0.9953680862975128,3230082629.273172,201327217.0464648
2021-08-17,0.9481322235152446,3122308329.049727,191121738.7781326
2021-08-18,0.8833102409244074,2895870935.094128,172803639.38837942
2021-08-19,0.9369338269852892,3058244650.344873,170725254.29454637
2021-08-20,1.0466820362727511,3429432038.195101,351878229.9074229
2021-08-21,1.137994207780293,3702209722.184636,342210596.0186797
2021-08-22,1.147739135697871,3753118469.7901,339908846.06662923
2021-08-23,1.1574739088753605,3789600462.5334992,252553867.86997077
2021-08-24,1.1519004671527255,3929083625.345103,193468522.6382149
2021-08-25,1.0409907537571792,3612485018.486716,233993838.37725845
2021-08-26,1.064449373522984,3665592939.4997897,195495071.5795889
2021-08-27,1.0005955696364204,3476867190.775164,160117940.03817117
2021-08-28,1.0585278755063492,3652996477.391944,158300212.70755628
2021-08-29,1.037631199873209,3576832675.21799,130658043.71172255
2021-08-30,1.0265750645822596,3542175935.156164,131039990.77810998
2021-08-31,1.0208723054158502,3525595141.4198,189033533.5080389
2021-09-01,1.114116016542212,3850645563.6061854,351480894.10507125
2021-09-02,1.1588836516071173,4069488629.3311567,290896920.90657246
2021-09-03,1.1442630418243838,4015388638.656705,174836644.3790494
2021-09-04,1.2214761235726972,4287728465.75558,358631626.149499
2021-09-05,1.2098532761928291,4268711206.253576,246608176.0764542
2021-09-06,1.3128988250318925,4628177431.495791,322494889.77617764
2021-09-07,1.4802689574102128,5233461151.285986,528891500.4234825
2021-09-08,1.276622919893334,4504263408.814774,686755803.687683
2021-09-09,1.928041291321666,10128165583.10062,3075833747.7502074
2021-09-10,2.3468838418592464,12175759199.6499,4496664016.049895
2021-09-11,2.0035777252012625,10467054822.843113,2376244755.931548
2021-09-12,2.001544451947116,10486599979.977308,1650028429.4455383
2021-09-13,2.382923487779657,12540812895.494682,1975081215.096573
2021-09-14,2.1655277745074333,11304045508.95787,2089697845.3312488
2021-09-15,2.044497899466295,10710051400.07834,1052786364.5038992
2021-09-16,2.0153203548723777,10517347163.595882,654929559.6113293
2021-09-17,2.034487952822273,10669591178.974115,1176326650.7013226
2021-09-18,1.9081525665994317,10192638413.213964,819695327.4195044
2021-09-19,2.079883574529627,11209409971.518265,738405295.0397632
2021-09-20,1.978980947078633,10803237817.323277,681047318.8516022
2021-09-21,1.6610119919447552,9120536844.398954,1008431059.7845428
2021-09-22,1.5636585859186016,8774909596.588316,752967549.1860092
2021-09-23,1.8326809567889293,10398896726.846212,730635167.8683646
2021-09-24,2.007281670664389,11470819959.956182,822701906.2273271
2021-09-25,1.7841470647366888,10325497232.331848,811489702.3672101
2021-09-26,1.739849677300087,10132233313.313707,461929513.2948571
2021-09-27,1.7489669422036225,10262294228.535517,488371513.1559723
2021-09-28,1.6768071681450405,9950374567.267464,548345776.3947552
2021-09-29,1.5556655562444217,9313116097.95815,455770460.4566676
2021-09-30,1.599053108063542,9548034552.675863,442782522.9757741
2021-10-01,1.6229051458968469,9756316893.22112,413084157.8640462
2021-10-02,1.7738453381419754,10679656778.9856,516528229.3579908
2021-10-03,1.772429423768753,10755983255.526968,498727526.67069787
2021-10-04,1.9917270095790247,12153700476.26822,688185254.9301833
2021-10-05,1.9439770008168145,11929216430.897602,1019198862.6206636
2021-10-06,1.9607068601385544,12055205804.831991,542903851.3201631
2021-10-07,1.8210044653455544,11177993691.058556,596784772.6601195
2021-10-08,1.8828758828148244,11539710667.069777,552127660.3093811
2021-10-09,1.891317679384038,11612408703.290916,506909996.0044339
2021-10-10,1.891656942377647,11610431913.925714,282191926.5834392
2021-10-11,1.7704492647893555,10887578266.64734,239371587.36496815
2021-10-12,1.7098887994129977,10478040687.999777,261379177.5376963
2021-10-13,1.7432668280438786,10733155250.67985,365290121.2228858
2021-10-14,1.8386353521530572,11279458638.821682,337692301.3628311
2021-10-15,1.8089640074630984,11113327897.676174,320662903.2802714
2021-10-16,1.761065180736416,10822970451.953505,309342143.9448224
2021-10-17,1.8046819560051293,11107111706.82139,332033094.9367469
2021-10-18,1.767399392613059,10859516288.23993,341434355.0345949
2021-10-19,1.7298824532867103,10658237651.237808,196680026.0557733
2021-10-20,1.7131232462413808,10536959238.003944,212305274.67390084
2021-10-21,1.7932617954117216,11040420512.576733,265100349.8259757
2021-10-22,1.788795619349514,10990150264.408148,412626280.42699176
2021-10-23,1.863258388519862,11455730665.96558,506523625.4760693
2021-10-24,1.9143629803069744,11763527733.001451,332401587.6197941
2021-10-25,1.8238803689242644,11194632193.95427,248737387.07053077
2021-10-26,2.059424169160831,12711161052.2142,525463485.6959964
2021-10-27,2.0093158151977204,12334797990.01922,587122693.3129643
2021-10-28,1.796290928374214,11128880460.50908,665227662.375327
2021-10-29,1.848643182497066,11431588408.751818,466521110.5884608
2021-10-30,1.874057318201436,11587404311.730782,349426378.88773364
2021-10-31,1.8173724210951256,11262047707.340746,216680168.67819503
2021-11-01,1.8269917900985189,11330288034.965818,266176285.7888566
2021-11-02,1.8353566852691128,11352166214.78955,253927233.6997768
2021-11-03,1.8654251023908264,11589570606.90138,285128642.7220938
2021-11-04,1.927826992117553,11960495599.914976,435802535.9777783
2021-11-05,1.8623242764896868,11503879515.307726,311707215.39840865
2021-11-06,1.852933561931248,11492135210.333544,232322627.7541177
2021-11-07,1.8385060628253105,11449975757.457066,192799290.03353408
2021-11-08,1.870505612705967,11637439021.798004,162636488.11424074
2021-11-09,2.053339951344774,12752086082.68086,593751983.3776186
2021-11-10,1.9501519368374467,12179427994.91183,415296475.0537385
2021-11-11,1.9343919067035515,12045007965.109589,1064768578.319743
2021-11-12,2.042873082918652,12778934517.996187,651060575.5971519
2021-11-13,2.1482058287447625,13397094705.656092,1662475024.8297253
2021-11-14,2.090558009193794,13082072676.482351,548945479.9090102
2021-11-15,1.9881312296923224,12357156025.874708,443736622.839618
2021-11-16,1.9016175442555503,11881848408.446028,428736653.3504665
2021-11-17,1.7361305296778238,10882494837.901606,762988872.1592579
2021-11-18,1.659415024239565,10296062554.912436,514345435.5227189
2021-11-19,1.826594019685735,11403096724.405231,3412219871.188537
2021-11-20,1.88993028229941,11706025039.571646,704629162.5447036
2021-11-21,1.8437725633143072,11540122955.723372,357979767.5861683
2021-11-22,1.8508326714569336,11705085091.555838,370501196.62976086
2021-11-23,1.7407600753427708,10883795329.08642,386446470.1554383
2021-11-24,1.8376140458022183,11529689081.2806,392491140.4090931
2021-11-25,1.74459956125573,10934563407.83917,381399674.94300365
2021-11-26,1.8171741287067285,11390571990.738329,359264702.6058984
2021-11-27,1.6015313456621405,10000493669.202358,508540166.6913242
2021-11-28,1.6672109506926702,10418253183.196516,318636147.24511606
2021-11-29,1.7037554792337868,10687657085.62296,292885895.24631125
2021-11-30,1.782241776997625,11248434474.30276,401934810.6768489
2021-12-01,1.8140513721837648,11450337596.882883,463219947.89175856
2021-12-02,1.9622692633616945,12276561279.686308,691241214.3920114
2021-12-03,1.8873180480096017,11887060991.102917,539150061.5179566
2021-12-04,1.7551941714039472,11016167025.546354,416143291.6261811
2021-12-05,1.648201603008616,10354281462.95253,704879640.2710072
2021-12-06,1.7468621469054944,10963670987.402857,644494884.3405153
2021-12-07,1.7913241969870008,11286730376.99592,864656359.6629606
2021-12-08,1.6895721405522697,10645646764.03437,369747788.4516125
2021-12-09,1.6863736481839608,10624397573.58935,234434632.3526808
2021-12-10,1.554382649162362,9878808697.717413,273281362.1779534
2021-12-11,1.4619359615825194,9354508977.218618,236182487.0775109
2021-12-12,1.5236440249440373,9619320316.8018,197744232.1610617
2021-12-13,1.5399852341737232,9722310261.566025,141412474.53785422
2021-12-14,1.3462772081939156,8528553618.114807,258998349.2788928
2021-12-15,1.3807114666495806,8723419990.13151,212531249.52830893
2021-12-16,1.4255586177354802,9009575560.100512,214517025.2446343
2021-12-17,1.3880495166297402,8761544238.848186,152159447.81375533
2021-12-18,1.3514200749482976,8552458598.177003,149998746.16344664
2021-12-19,1.3772890335382133,8720388894.599102,129022569.9994069
2021-12-20,1.3572514768436192,8626660098.550415,130345672.2347226
2021-12-21,1.302222829184164,8323484895.476664,171345427.3732052
2021-12-22,1.355455082908065,8602118515.499472,203093678.30312103
2021-12-23,1.3661328797979198,8718310244.227911,215603172.4064346
2021-12-24,1.468432337007047,9315726433.297203,265274049.70726043
2021-12-25,1.577958744669195,10031032203.39878,439333670.3119539
2021-12-26,1.5831112830645258,10054120236.99438,233029216.0954154
2021-12-27,1.6070237419099422,10204108923.083317,355321419.9646122
2021-12-28,1.6707640160759083,10669664520.105774,341787724.98345643
2021-12-29,1.4773949292865975,9449247420.386044,389649277.3407509
2021-12-30,1.5886584295590185,10071711042.88925,464465052.8006991
2021-12-31,1.7327660358993575,10975474294.789124,679796944.1483791
2022-01-01,1.6632384815198198,10653076552.44098,458322689.4151951
2022-01-02,1.745766988013822,11094091822.908152,252763517.73714077
2022-01-03,1.6740635835778406,10680453972.95564,248316552.05949956
2022-01-04,1.7909051224659271,11450106666.86712,529513584.73342335
2022-01-05,1.6746200751836664,10917289569.928984,585237494.5096418
2022-01-06,1.5625031151599535,10103747008.187998,571127664.7717801
2022-01-07,1.5684599493153348,10139605158.72206,432819307.3382901
2022-01-08,1.441527993620403,9303192968.041492,457098278.7233909
2022-01-09,1.3883032535609787,8978193063.790184,267044925.49547723
2022-01-10,1.4046208599409389,9058190901.819435,150719574.5840438
2022-01-11,1.3700007291468204,8876116393.78705,305995436.0735421
2022-01-12,1.4445380900310203,9318255629.03206,276367392.7030871
2022-01-13,1.494465908231084,9670371176.669949,317741604.617578
2022-01-14,1.3595865361587156,8816300231.600533,367288595.6857084
2022-01-15,1.385137138909479,8924372517.563667,276341492.5089502
2022-01-16,1.382227403740091,8926116673.793592,151578497.9190622
2022-01-17,1.4311004852516336,9244788764.289991,215319170.9313914
2022-01-18,1.350681612536625,8774196027.362726,270098484.9498005
2022-01-19,1.3184638781340712,8550178798.461195,238301938.8379396
2022-01-20,1.2678365276366454,8243761999.785006,248917386.83496144
2022-01-21,1.1733310986033303,7785689814.285248,231843677.38839635
2022-01-22,1.029298415779094,6752077463.448719,497126749.8474445
2022-01-23,0.9521629870514644,6192054450.742002,648009803.87131
2022-01-24,0.9893040325081852,6449971373.4312725,310006720.21776915
2022-01-25,0.92210147776497,6063969422.306486,331967593.6653808
2022-01-26,0.9341905519439894,6109438865.208426,202591440.86067265
2022-01-27,0.928237654953668,6094132065.935139,301947813.5843395
2022-01-28,0.9397365841341576,6152375005.697543,247633013.9804988
2022-01-29,0.9579207008927022,6264012557.893072,233776977.7919627
2022-01-30,0.9696734003711736,6337367468.594962,176425645.47738978
2022-01-31,0.9454279365774728,6191637194.423467,150381730.56914106
2022-02-01,0.9531818134994756,6256165751.249891,177095744.70143628
2022-02-02,0.9679513445496046,6360796316.288657,165565296.53552386
2022-02-03,0.9268713777561136,6081212125.495829,261487057.8699357
2022-02-04,0.9319687212496222,6094393902.629149,180097309.11235487
2022-02-05,1.000256898796354,6513591304.052758,188622448.7350761
2022-02-06,1.0036376806945846,6605767628.146526,192475361.1828568
2022-02-07,1.0254133213071603,6735764146.218443,168467086.79305094
2022-02-08,1.0711831589797058,7048751947.826851,326510549.3313748
2022-02-09,1.0276171947946648,6739386891.995743,293469417.8057912
2022-02-10,1.038785069739097,6824776176.024785,199636691.8746174
2022-02-11,0.9815001363638444,6446356257.048531,230528871.45955184
2022-02-12,0.9163256597843276,6014385560.246347,191775520.62819567
2022-02-13,0.9184852812440384,6014063062.8988085,120348847.7478496
2022-02-14,0.9000419002238893,5956518111.603564,105940707.97935684
2022-02-15,0.9006196009000791,5958175878.518633,119000443.98417775
2022-02-16,0.9715193457545086,6430300785.121668,137819780.29321337
2022-02-17,0.981570727267665,6522668559.722987,213280806.96990192
2022-02-18,0.896895505474999,5937893547.159325,159243786.8200544
2022-02-19,0.8971532543995359,5947947279.692832,113133200.7641504
2022-02-20,0.9011684038702414,5951488658.597321,88708660.85666472
2022-02-21,0.847506648048089,5643638734.125834,98535576.12318254
2022-02-22,0.7866121006590627,5224078694.97483,160806730.91117334
2022-02-23,0.8115818060364286,5360279703.501954,156046312.92158118
2022-02-24,0.7888601575126841,5224658917.729525,146882346.10306522
2022-02-25,0.777228753881192,5133627569.095625,278662268.9334211
2022-02-26,0.8298758397375874,5493124722.526351,146734592.28279665
2022-02-27,0.8573291964636179,5667892783.493587,147966670.22882903
2022-02-28,0.7978447451034419,5264904819.199472,143977533.40319276
2022-03-01,0.8680997770448723,5720861493.09173,170152569.17885572
2022-03-02,0.8554029107567046,5659765927.606005,226586703.3156407
2022-03-03,0.8186909324654641,5432122718.724077,198286128.007132
2022-03-04,0.7984044128956764,5346766243.820307,204625907.74533823
2022-03-05,0.7594223350300073,5036178213.99183,169377701.96070203
2022-03-06,0.7741770042226367,5117623492.65965,110856380.3956886
2022-03-07,0.7482238283986039,4958198200.417022,111444014.66121992
2022-03-08,0.7323421412131972,4858081028.754754,141392264.8483892
2022-03-09,0.7387351522661039,4899034126.122209,101021392.64882632
2022-03-10,0.7684313642035996,5089669850.693178,110818608.81302992
2022-03-11,0.7320485043974597,4845018336.320717,116578351.08372287
2022-03-12,0.703151247928334,4682363886.554994,111060073.57159711
2022-03-13,0.704328795291338,4669104784.020124,62102936.06378203
2022-03-14,0.6809404738399938,4512817461.990245,60613649.02632978
2022-03-15,0.7065505672460474,4675049356.9495945,105503888.64967462
2022-03-16,0.716795571449506,4767329294.8058815,125388807.88257857
2022-03-17,0.7376185547779449,4862403679.699845,143155436.47599456
2022-03-18,0.742677714253009,4922257286.895389,143814889.57761025
2022-03-19,0.7567733707973402,5018850317.166789,152992321.67002434
2022-03-20,0.765119638718842,5060112203.547876,150493364.26312396
2022-03-21,0.7415587513645111,4915820099.256945,116488304.48977362
2022-03-22,0.8247764851190593,5444321313.458695,277550561.71266353
2022-03-23,0.8241745698781933,5457557313.426654,247455743.09775573
2022-03-24,0.8372851007122573,5537997629.340341,148008906.5266482
2022-03-25,0.8907240804104861,5914308820.673779,246084470.5283108
2022-03-26,0.8895169193068121,5895880497.414956,307906318.13990897
2022-03-27,0.9140679595688012,6060753977.406856,144003823.2108531
2022-03-28,0.9461538943589825,6273444297.6409855,148459309.1260976
2022-03-29,0.9079403802026672,6099963940.40862,212178673.2650918
2022-03-30,0.9215390158709844,6102190840.551772,230661596.00569853
2022-03-31,0.9281018971760132,6182276354.440168,236995955.54951063
2022-04-01,0.9258750513906244,6110440261.7116,285838338.19476014
2022-04-02,0.939483594040761,6229128020.472135,221279220.64020336
2022-04-03,0.9051738636232868,6047971516.448744,242250886.03996396
2022-04-04,0.9321466599189986,6182795629.860376,175055438.3863002
2022-04-05,0.8828901421950622,5861814597.90827,213950665.391468
2022-04-06,0.8359190857809823,5625395702.346577,187696945.2631441
2022-04-07,0.769198782398746,5205808714.459202,238754762.44023144
2022-04-08,0.802088258568725,5391637077.332646,144943627.21741617
2022-04-09,0.7565550443796915,5070856490.028753,115128504.91874874
2022-04-10,0.7881859578499436,5284497491.9894085,93277774.82522155
2022-04-11,0.7564366348959007,5090237093.987975,81149921.56748779
2022-04-12,0.6915141128282685,4666392847.799552,146896261.3905839
2022-04-13,0.7272032950638653,4864460366.852101,148967514.40094236
2022-04-14,0.7462805233194983,5007992671.368827,144192725.7596102
2022-04-15,0.726669279340225,4881793503.404102,214068944.19430223
2022-04-16,0.7404247456493694,4965793938.290721,158415581.5349485
2022-04-17,0.7454631699975339,5011826763.857303,98156841.54375333
2022-04-18,0.7107518513460597,4757311644.16071,100561642.52923016
2022-04-19,0.7386248724268109,4953717329.559988,157778535.5170421
2022-04-20,0.7605665630755144,5104728673.513496,154498652.83492535
2022-04-21,0.7407059677767247,4967465851.1883545,145194452.54535925
2022-04-22,0.7184680975740002,4822362044.624878,164681150.53523615
2022-04-23,0.7211985504950638,4853471937.671147,119663285.3830686
2022-04-24,0.7106236007443549,4767162865.188928,97071610.7561064
2022-04-25,0.7020836166747793,4728313942.004799,85347018.08888981
2022-04-26,0.7039456986135004,4728800611.840985,181161007.652914
2022-04-27,0.6562999022198774,4396148492.508165,177660261.12969586
2022-04-28,0.670968573215448,4506437985.492205,131160954.69858418
2022-04-29,0.6980250222660831,4670269640.560387,179316386.25626403
2022-04-30,0.637369370127301,4273695750.2915225,180147604.33026817
2022-05-01,0.5699178893927581,3803143904.7843714,141593079.4309208
2022-05-02,0.6056884400021749,4075097436.050883,155438175.02378747
2022-05-03,0.6206035493914351,4159458876.550023,186064360.7975632
2022-05-04,0.6688598491206308,4478683660.080304,602663539.0772675
2022-05-05,0.7142466512016528,4802248609.987977,384156600.98324734
2022-05-06,0.6365145950314303,4277551234.64738,269410139.7734902
2022-05-07,0.6991340816200559,4696651103.495441,437418905.7458098
2022-05-08,0.7526696398523698,5092866172.514776,496524771.2381221
2022-05-09,0.725198694586116,4942469592.5878935,477195348.1921981
2022-05-10,0.5812633824209081,4010577010.685511,463913721.483918
2022-05-11,0.5843125618254269,3957736126.61485,466587806.04005474
2022-05-12,0.4430222069367525,2909558104.602285,569194967.2909455
2022-05-13,0.4185500408670682,2846854073.313254,405893618.81644815
2022-05-14,0.4421090463123908,3001375179.546944,223745840.2523789
2022-05-15,0.4646786154632492,3163437405.5268345,152768088.5944766
2022-05-16,0.4914107146647032,3331547628.3568277,108390104.41213174
2022-05-17,0.457926519384557,3114607274.97724,146377564.70426264
2022-05-18,0.4971542971950161,3394586716.2846346,148878055.62443316
2022-05-19,0.435908108522482,2962408928.2941494,139378167.8045395
2022-05-20,0.4474914094625655,3049017873.8244376,138480626.90073672
2022-05-21,0.4358735657776414,2963335307.0271955,119835406.41159046
2022-05-22,0.4344399912377303,2960608945.434721,94082964.8190476
2022-05-23,0.4445629856749895,3038455137.7222767,102172719.21093644
2022-05-24,0.4158795050525258,2834364900.576062,125037987.51864876
2022-05-25,0.4178429837674305,2843734183.2003345,102162985.53278448
2022-05-26,0.4048021284414836,2758997966.4566565,103329662.74175608
2022-05-27,0.3816654141360926,2622369966.852005,134939573.61193871
2022-05-28,0.3594871009780357,2464422703.884215,122125022.16203468
2022-05-29,0.3678912327363033,2525964984.14231,89039668.46726021
2022-05-30,0.378800348463802,2601423909.475482,82609019.47180934
2022-05-31,0.4195318729719836,2884115838.554214,118569200.91658056
2022-06-01,0.4112995533249612,2841065490.550776,136328680.71443358
2022-06-02,0.3853956362037866,2651508668.20935,154528641.83133912
2022-06-03,0.3954000562663152,2719577651.876388,90722737.05928414
2022-06-04,0.381472237819537,2616013348.185456,72085006.95853747
2022-06-05,0.3885694272122069,2663232327.3251557,63027347.99636894
2022-06-06,0.3911457241989939,2690252225.3117824,83899338.81393619
2022-06-07,0.4105790927324823,2827272032.228166,92187163.5663137
2022-06-08,0.4000476277530973,2759403795.539216,90767259.82785513
2022-06-09,0.4175636339054187,2879118581.438205,131436771.09025964
2022-06-10,0.4037431034564799,2775293859.476057,72570115.23788455
2022-06-11,0.3690140633721939,2534020804.321981,96822091.66700092
2022-06-12,0.3469419979160577,2380322103.542169,89318855.28918767
2022-06-13,0.3272222126989438,2260088274.468996,92910798.48344706
2022-06-14,0.3023030088831079,2046829481.3069167,206937789.5249159
2022-06-15,0.309695425157468,2118027566.555388,157872573.5110815
2022-06-16,0.3399670168559316,2337775709.667225,229234536.5776027
2022-06-17,0.301836590271426,2073294107.6459932,122911146.86257929
2022-06-18,0.3115327504688511,2145628029.7109632,80046638.10363287
2022-06-19,0.2968347087216992,2034193769.564528,104907095.2101384
2022-06-20,0.3144063884895217,2158764749.381835,102706957.7797987
2022-06-21,0.3214001421451178,2209693257.7931285,93975765.45437984
2022-06-22,0.3256755272532873,2239458986.657923,110829611.85936356
2022-06-23,0.3150711119558376,2176235102.7957563,86872947.86953667
2022-06-24,0.3360767122104938,2318826922.8945007,81565876.27476166
2022-06-25,0.3524487804351571,2434642571.9458776,104511408.93499416
2022-06-26,0.3511304587467317,2423046666.2223406,79723272.22774032
2022-06-27,0.3338040176307607,2304880787.302289,76349712.79947595
2022-06-28,0.3302969267080977,2275849669.5619106,74406912.98321024
2022-06-29,0.3132690354609213,2158664850.0397587,79175454.30631626
2022-06-30,0.2995920864264658,2068724781.996783,89197452.80931751
2022-07-01,0.3140435754659345,2144406532.2886484,139653305.57393748
2022-07-02,0.3058572125177352,2133255331.6665552,107456831.8002472
2022-07-03,0.308866391797086,2131220134.562408,82205973.40421556
2022-07-04,0.3103850027067458,2165052632.4320683,55933185.88190919
2022-07-05,0.3202717639978669,2232750744.0050774,70303285.61944972
2022-07-06,0.3080736099307788,2151443057.513248,69266518.51859455
2022-07-07,0.3114991327048053,2173026215.8645883,69945018.00706597
2022-07-08,0.3230695955494227,2252851750.0045514,78857434.49297902
2022-07-09,0.3179529389012859,2230117176.2683115,93340349.28837204
2022-07-10,0.3220611144397725,2249794413.161855,66727714.02806118
2022-07-11,0.3101091215077117,2160023693.414379,66534047.86405195
2022-07-12,0.2978479321874718,2080519025.206224,67527661.37040727
2022-07-13,0.2940162811217842,2057628163.237094,63311928.29337471
2022-07-14,0.3100310358586193,2152663040.749537,86932357.14743097
2022-07-15,0.330457639115142,2305310140.899287,96945421.36239237
2022-07-16,0.3276372808391129,2275501609.8773723,94898303.48941058
2022-07-17,0.3397435669799017,2350608475.8049626,105121863.18839012
2022-07-18,0.3380193980098066,2358829055.321263,88227081.65503675
2022-07-19,0.35946453663743,2489356676.736023,127420635.38742264
2022-07-20,0.3715882145567462,2577443866.798478,141523017.05660772
2022-07-21,0.3457023408013321,2404191669.7662616,126072004.07042536
2022-07-22,0.3489092926722249,2430727859.293389,101871962.29883672
2022-07-23,0.3382710577962862,2345556519.1456184,92950387.35411803
2022-07-24,0.3361748412296408,2334141867.4566274,75720296.52338904
2022-07-25,0.3414628819480536,2382233724.600137,67991822.31157638
2022-07-26,0.3125354549875143,2171756217.90396,77137411.52697664
2022-07-27,0.311625776925902,2169078362.876846,78079509.29108244
2022-07-28,0.3284954961233376,2276940520.7527084,99976988.11762773
2022-07-29,0.3369707540317236,2342962740.087285,114789065.92627557
2022-07-30,0.3372693727012007,2364594305.8218107,147915281.6406146
2022-07-31,0.3377724541001773,2334013161.479809,142192694.3033282
2022-08-01,0.3368291526439413,2334545269.864747,127339534.1197377
2022-08-02,0.3429080695157536,2373553482.620202,127270363.6057598
2022-08-03,0.3287967137629277,2295627263.856381,121478882.65980984
2022-08-04,0.3280343917146124,2277465901.942465,96980332.02798624
2022-08-05,0.3382954472486522,2355133713.71128,111278342.4547525
2022-08-06,0.3594107388020457,2491418417.3492155,117312537.49533369
2022-08-07,0.3510165055081102,2437257186.938184,71564035.4286204
2022-08-08,0.3645404823258497,2508560786.9731,92490952.93598756
2022-08-09,0.3681852525689792,2544781874.586664,105227141.86206374
2022-08-10,0.3482560004782329,2430093257.635688,119803833.60661285
2022-08-11,0.3656345359781754,2539333872.8483863,108538125.7437286
2022-08-12,0.3628219561276206,2498953575.9339414,88384533.61881155
2022-08-13,0.3666684859453741,2523562117.888351,74913852.37688893
2022-08-14,0.3696268575934412,2546052265.035207,75657182.18399782
2022-08-15,0.3665435832342568,2525500333.036723,102926650.05680898
2022-08-16,0.3603973019743275,2482921549.6223755,85068395.09495291
2022-08-17,0.3552924547640856,2444476936.1833625,61602677.583255045
2022-08-18,0.3418909319012066,2358773404.25105,83897092.86899407
2022-08-19,0.332600317836798,2291340890.1647253,62494095.102015
2022-08-20,0.3049901885415799,2103558661.496533,118457739.38391604
2022-08-21,0.3017368068722384,2075537314.893292,71966190.41152652
2022-08-22,0.3085421625898711,2127444277.5165968,59478859.07835312
2022-08-23,0.3040915829343026,2095052709.059224,68646330.77343428
2022-08-24,0.3084399140925182,2130410434.9420843,67314706.4523515
2022-08-25,0.3028840167158699,2087620530.50776,64287085.49590539
2022-08-26,0.3083418648640179,2128242969.0180483,66164978.72961336
2022-08-27,0.2834873791768917,1947441203.2322736,95753193.39151242
2022-08-28,0.2908661804162862,2004697461.9576616,60691863.368968345
2022-08-29,0.2850565138584367,1972069236.2288816,47807512.7032036
2022-08-30,0.2992227253263862,2065841275.2430604,53770619.17510738
2022-08-31,0.2921151024138562,2020871852.3015077,50708720.44260174
2022-09-01,0.2894547823246412,1996961182.8696733,47158207.99151155
2022-09-02,0.2948156653452468,2028901376.9186757,41257783.04141629
2022-09-03,0.3019532946474124,2082910880.0433087,63901519.448563725
2022-09-04,0.3033688052286425,2094250332.897529,39592417.92371818
2022-09-05,0.3130984548397288,2159636920.3091006,81334379.34557605
2022-09-06,0.3053130338504656,2102875130.275061,48156541.508535
2022-09-07,0.2862070941752149,1979194239.421549,77680810.13982108
2022-09-08,0.3002680727276327,2074629642.3299508,75338346.70470451
2022-09-09,0.3077547451393108,2120475571.143257,71081084.7118465
2022-09-10,0.324173257532463,2235731229.757692,99922801.4140226
2022-09-11,0.3225487273333192,2232075732.5266795,70510409.42046852
2022-09-12,0.3263596026211722,2255285691.759015,72735780.13063516
2022-09-13,0.322539010792314,2229860375.2570834,80871968.29567614
2022-09-14,0.2970957661649365,2055154353.7160983,100442910.91940825
2022-09-15,0.3034827987798748,2097562016.8286912,57908190.151929565
2022-09-16,0.294844687240985,2041921777.6273727,65888992.95074976
2022-09-17,0.2977942607055108,2060443451.2199423,60457176.40138124
2022-09-18,0.3122053621051813,2159877396.522985,39070425.64189869
2022-09-19,0.2934883629102932,2030385675.8313448,76984230.18034655
2022-09-20,0.3184847466919785,2206104641.660496,218794224.2662432
2022-09-21,0.3301927408039827,2291440373.8537364,293178720.8086625
2022-09-22,0.3384268205439849,2337634260.2422423,220176625.792905
2022-09-23,0.3720371178037001,2590263483.058443,462931288.42567855
2022-09-24,0.4004746644996403,2791588424.840015,468964491.9585931
2022-09-25,0.3845645042471304,2658060385.429733,237135209.90100443
2022-09-26,0.3879553193045887,2689705252.831719,254030253.2551051
2022-09-27,0.3682086999614531,2543980104.777665,191147346.72482184
2022-09-28,0.354013429918779,2462741375.0790377,184252454.5341612
2022-09-29,0.3504633217721249,2436357092.1830487,169077942.69703588
2022-09-30,0.3551475416157027,2457728431.4278164,188858711.09637415
2022-10-01,0.3530542397717683,2445929417.304409,176542787.11875924
2022-10-02,0.3550942752621902,2463536949.155397,112457805.02295852
2022-10-03,0.3556648336101502,2480452451.892443,136614603.48242918
2022-10-04,0.3555167847264637,2471769833.537987,119758156.97865352
2022-10-05,0.3581013009823488,2512562103.2937813,90296396.1996932
2022-10-06,0.3542893674370576,2478756612.3524194,93521881.12147243
2022-10-07,0.3494513060802874,2450587769.5615606,93867973.714198
2022-10-08,0.337395808485089,2368706524.175453,99876320.92064936
2022-10-09,0.3347941819069074,2344908028.246745,65562426.8718117
2022-10-10,0.3395482864947217,2377255254.1464987,58566634.54834003
2022-10-11,0.3205066761209817,2251852724.9914894,79660705.38673815
2022-10-12,0.3179294439570013,2228603165.5178366,85428955.87006912
2022-10-13,0.3147767443114218,2212072133.3510327,55127012.16400295
2022-10-14,0.3195549386047138,2237402730.8940773,151861174.61044523
2022-10-15,0.3179577198776408,2230269425.862473,83298091.05094497
2022-10-16,0.3197014455581928,2248218650.2524147,56914212.66716509
2022-10-17,0.3228700544497104,2263314905.9199467,51647628.0092018
2022-10-18,0.3312301339612514,2321434385.9305167,64251300.58236859
2022-10-19,0.3204096446554501,2250452259.816467,70466724.11378428
2022-10-20,0.3074786171744525,2150822276.898165,64056606.11838295
2022-10-21,0.3072074954671202,2156666121.2941284,63019551.50325099
2022-10-22,0.3136027055754187,2212053993.176086,70190348.74778275
2022-10-23,0.3145405099570431,2218596307.527794,37664561.36016222
2022-10-24,0.3163853050797263,2230344214.052389,47418141.59603751
2022-10-25,0.314324331274365,2214592443.1681,61771758.67077199
2022-10-26,0.3313623294985768,2338854031.5486364,158499201.5899961
2022-10-27,0.3392347436972459,2391981100.4648595,126141009.05592053
2022-10-28,0.3271277253686186,2311282273.662473,106784676.90789118
2022-10-29,0.3332019732803101,2352077515.367341,87603508.23710969
2022-10-30,0.3379154870067146,2382220442.7461805,102568459.74567312
2022-10-31,0.3579037798880948,2518113636.338481,210206159.56606695
2022-11-01,0.3580126564116133,2527451490.73195,231873777.74574083
2022-11-02,0.35950259711889,2535746500.0871,152418284.47055462
2022-11-03,0.362177315041512,2561853326.274933,218283287.00517777
2022-11-04,0.3679101266792974,2596619311.229938,281230332.5917557
2022-11-05,0.4125074904045316,2915905320.4687004,398323647.31762046
2022-11-06,0.4230918041536299,3008065163.819414,489458525.4146107
2022-11-07,0.4059264374896127,2881887506.196852,396116677.5646401
2022-11-08,0.4181412059415784,2950218436.3557186,503654151.55729216
2022-11-09,0.3351027360915392,2390034817.569199,761683853.0834565
2022-11-10,0.2652582064829053,1883424951.9714072,387890422.14065
2022-11-11,0.3233057249772206,2284650783.990382,358813524.52644736
2022-11-12,0.3066597246291017,2161656109.723881,268561234.5372261
2022-11-13,0.276785966525116,1957614781.779271,159173765.92078617
2022-11-14,0.264313577978168,1861622669.7057955,166028003.73855937
2022-11-15,0.2627755590282624,1870135352.911618,209476468.7772208
2022-11-16,0.2835391586050692,2015742113.3214493,202280149.3343928
2022-11-17,0.2781743566742307,1974865623.780763,239964456.77731836
2022-11-18,0.2699258203753713,1916945558.187641,137183905.9491106
2022-11-19,0.2989167116169358,2116042636.711729,261074165.74317768
2022-11-20,0.3020198701828304,2149718175.569417,390129385.0491879
2022-11-21,0.2587922278595836,1838267750.340504,276203639.9013482
2022-11-22,0.2471704260521393,1756222660.9738505,179324468.082637
2022-11-23,0.2413755527884974,1720015290.480452,153339602.0893012
2022-11-24,0.2484374605956399,1768933615.3422682,107718237.08974186
2022-11-25,0.2436891814070401,1733567681.3538532,81595646.66100374
2022-11-26,0.2447018583546916,1740737852.4267054,73329733.20645358
2022-11-27,0.2419394211034479,1719522831.605546,58201201.458964966
2022-11-28,0.2415570457988703,1721939249.524931,56144411.215495296
2022-11-29,0.2371730106609235,1687733937.7385118,73400251.51999064
2022-11-30,0.2409941569947272,1714787732.743708,55341314.94441991
2022-12-01,0.249687352554759,1779472034.3419526,78471779.85524026
2022-12-02,0.24171084319784,1720429307.517654,51528630.63037711
2022-12-03,0.2451159205875555,1745205162.249675,65132920.18516328
2022-12-04,0.238629040045055,1703821843.8024237,57200648.09794707
2022-12-05,0.2414236377641488,1723133845.5669672,42288761.95375456
2022-12-06,0.2374539551227331,1691877130.5667686,79978085.27903387
2022-12-07,0.2347396399974251,1669517223.9886637,48456308.2127178
2022-12-08,0.2221858859999707,1583132512.7654154,76673162.24337721
2022-12-09,0.2253502909445678,1606196849.1167696,55917051.23526962
2022-12-10,0.2267842609480772,1615468578.773335,49607418.843987726
2022-12-11,0.2281047519289462,1623287055.2149928,43835947.70684556
2022-12-12,0.2239852433671392,1594603124.8554206,38259986.91827711
2022-12-13,0.2193217911629133,1565392430.6223242,56609329.375417285
2022-12-14,0.2240803347325219,1598387886.8623655,67305775.32746306
2022-12-15,0.2217228695705854,1579043363.202527,51161671.9728282
2022-12-16,0.2101415443168317,1501898005.7854877,113323457.83901882
2022-12-17,0.1856610460911811,1321262685.0302472,113644920.21208666
2022-12-18,0.1956115942820548,1395501990.0297103,76020493.34949678
2022-12-19,0.1891928878282623,1354626992.581803,58869884.12608068
2022-12-20,0.174557695752691,1246916597.5069635,74836155.68226808
2022-12-21,0.1799983364266147,1282772733.5098107,53225795.32963681
2022-12-22,0.1732645533718723,1234016034.3579342,59343828.0039646
2022-12-23,0.1723224985825341,1229517825.27231,63025500.898764975
2022-12-24,0.1709999185295686,1220634033.6347775,37295453.71742447
2022-12-25,0.1697624433545954,1212761654.245402,22383379.85305865
2022-12-26,0.1662604714052497,1186858836.9479902,33151902.862250797
2022-12-27,0.172126555176246,1227399199.5600991,34813770.30572033
2022-12-28,0.1706625165423528,1216128429.725377,31810139.36951721
2022-12-29,0.1671682175429363,1192910925.7751465,50627022.78599352
2022-12-30,0.1652828856821135,1180577649.6195834,45465311.38905999
2022-12-31,0.1693156212136698,1204006820.5892556,45464230.87216973
2023-01-01,0.1730190734451435,1233566964.6875603,52476203.29783225
2023-01-02,0.177996762587824,1267196781.7978678,42965580.01493928
2023-01-03,0.1813827080681118,1296176471.2359047,46357905.87660636
2023-01-04,0.1847992646793206,1317728143.3189096,42454154.32575771
2023-01-05,0.1875814610723933,1336747981.6960764,59130480.57809654
2023-01-06,0.1839755681444816,1312055414.3702269,46491206.70149095
2023-01-07,0.190008771082864,1369278638.9377384,47268230.61073533
2023-01-08,0.1945495845010861,1399650638.5061378,44187559.77365949
2023-01-09,0.1996977853150147,1440712428.3700538,41341569.38353304
2023-01-10,0.2010168044110047,1451371964.392563,80041626.09029569
2023-01-11,0.204371989579947,1471766114.6396396,57788372.67142625
2023-01-12,0.2106511028594519,1503595596.62174,60390254.61413026
2023-01-13,0.2127087303387531,1534340436.6126914,95667075.48448284
2023-01-14,0.2216120603691437,1591948508.3773687,79128747.97765915
2023-01-15,0.2296757771131135,1652109602.38514,165855882.94073972
2023-01-16,0.2405878101886706,1719047415.8184268,120754905.37075552
2023-01-17,0.2344181114379145,1685965366.2673686,110422666.87705852
2023-01-18,0.2301651372521564,1654465780.7711048,72045362.19805528
2023-01-19,0.2096098344319466,1505389841.787952,116254971.26870912
2023-01-20,0.2177749502839969,1566335202.0218468,65018788.44005185
2023-01-21,0.2402587453398616,1727556727.7937036,92832747.55996618
2023-01-22,0.2396171939813775,1721266991.693446,113485421.29370822
2023-01-23,0.2468827942466448,1776219574.0686924,135815414.10322323
2023-01-24,0.2506654198596445,1805557590.512084,112440921.8961878
2023-01-25,0.2368441870600925,1703492541.0205686,123650094.72965652
2023-01-26,0.2459100974301488,1771825360.6542945,99044751.99367088
2023-01-27,0.2460983895494854,1772553113.639084,79285001.54796062
2023-01-28,0.2553473819179172,1836916321.4205227,99242207.46114656
2023-01-29,0.2575113649531702,1853970204.3404968,94217793.96042688
2023-01-30,0.2625719888484567,1887845745.562366,81795851.72521123
2023-01-31,0.2399272359269245,1724782294.2895122,96899653.5484385
2023-02-01,0.2429143976266666,1746603324.1750648,70518832.08967587
2023-02-02,0.2513545270021035,1809089668.2259076,109384435.96255076
2023-02-03,0.2565192894968035,1852140916.0681503,120547958.65400548
2023-02-04,0.2713804818952535,1959596736.842536,149311756.1763536
2023-02-05,0.2675552935633002,1930987825.37016,88195993.53114249
2023-02-06,0.2571820248037616,1857169180.0345623,92637291.99938916
2023-02-07,0.2556336079601646,1848004657.0047212,70922204.45613661
2023-02-08,0.2791607218347159,1995626414.4649332,210910829.63328663
2023-02-09,0.2900070808075397,2078234134.9801512,233595326.97491783
2023-02-10,0.2549038626984041,1818219912.412563,238698230.4416158
2023-02-11,0.2521664513070305,1810943871.5989425,145686232.10276562
2023-02-12,0.2577919357737831,1848427308.6835024,79990752.0573701
2023-02-13,0.2477151970583754,1781291986.5041668,86027866.02822024
2023-02-14,0.2452946323657842,1756042648.0223207,113450024.09556612
2023-02-15,0.253999683164639,1825598592.7017407,109159884.58726664
2023-02-16,0.2732077025405399,1957469471.60606,131492046.07821468
2023-02-17,0.2585816473421699,1835278730.2762408,165930528.18821964
2023-02-18,0.2722285702701092,1933525235.893152,127335530.53667602
2023-02-19,0.2738197697498023,1945758586.5028489,86868708.11264342
2023-02-20,0.2779641262955112,2001655788.299835,130889689.31029078
2023-02-21,0.2840374262587342,2016542643.6875536,173414784.30521867
2023-02-22,0.2779240005297702,1970963618.3127868,149980212.32790014
2023-02-23,0.2715455543775886,1933881916.8698895,124621813.55644429
2023-02-24,0.2690135050120433,1910377574.4499,107618047.5824837
2023-02-25,0.2573109166940722,1830813202.68064,89423686.15351729
2023-02-26,0.2515666461209548,1788610654.163605,61274044.43073992
2023-02-27,0.2558450201994408,1820679501.8341303,47085783.05937381
2023-02-28,0.2558157268673688,1821466627.049584,60400200.41643607
2023-03-01,0.2454389074848572,1742034925.033616,58517555.94570332
2023-03-02,0.2514494681025744,1790060999.912934,60229252.35082436
2023-03-03,0.2426012567743636,1727067963.3612368,57297134.1981108
2023-03-04,0.2338017688611981,1662442292.068599,82274910.51456279
2023-03-05,0.2253711440671966,1602895553.2397923,39055235.57875998
2023-03-06,0.2266191828691749,1611994322.8071933,44327208.54863545
2023-03-07,0.2265437992552612,1611646784.724661,71746536.73474558
2023-03-08,0.2180943725603312,1547040271.728938,73125123.87885115
2023-03-09,0.2026684936576873,1444107975.6553707,71346969.32497212
2023-03-10,0.1935947466036619,1373250944.535705,85714001.51939583
2023-03-11,0.1886158866790956,1345364692.4238029,118852899.29585046
2023-03-12,0.1880991412742771,1335982922.9458008,98984014.18916968
2023-03-13,0.2026024993437188,1436730212.3833182,84416132.84171493
2023-03-14,0.2124843816712341,1514017763.221383,132637298.71627638
2023-03-15,0.2227670081392763,1586088940.6831384,140671103.9987178
2023-03-16,0.2061619626002934,1460908548.2444131,111835056.83067666
2023-03-17,0.2106746066769111,1502917217.12328,62142367.853281975
2023-03-18,0.2277481177685079,1621369482.494226,83286920.95872223
2023-03-19,0.215980310513889,1540868392.4252822,97036277.90123329
2023-03-20,0.2221100412760937,1590470217.3592663,77903481.63040514
2023-03-21,0.2111851631725039,1505719808.8341775,93882796.1847655
2023-03-22,0.2256606776923878,1611087655.513761,80512091.18393584
2023-03-23,0.2155235250168952,1534538535.3370848,245901538.5385135
2023-03-24,0.2214085247606195,1576771004.124885,80663447.69975178
2023-03-25,0.2109799887801258,1502717771.7836094,77836868.72915646
2023-03-26,0.2084577870018703,1483530157.1700504,52920240.519009605
2023-03-27,0.2117506694580308,1513587022.3047493,42418457.42972637
2023-03-28,0.2011822595562751,1431732021.0046227,63879988.62239435
2023-03-29,0.2027997347977929,1442783991.2196794,62010825.9569322
2023-03-30,0.2354851711484075,1676647635.3133364,337993934.8782187
2023-03-31,0.2256343242641005,1611724273.5968685,155691730.31757617
2023-04-01,0.2257668265389674,1615071458.5889456,88208774.11208788
2023-04-02,0.2233186458898686,1596934839.3897648,54949942.23001659
2023-04-03,0.2151060976730748,1533754716.1673715,53704258.58494963
2023-04-04,0.2147471378069052,1532512096.619749,73851743.16783017
2023-04-05,0.2182602497715641,1556903961.1008773,57016191.31526019
2023-04-06,0.2232722049068864,1602464803.6910162,72518840.78994879
2023-04-07,0.218313901618194,1570338312.5273678,62812104.08174691
2023-04-08,0.2199450137458732,1584235270.6002567,52411597.79340564
2023-04-09,0.216942621246115,1561139425.2988544,52635333.22777715
2023-04-10,0.2171325879984067,1562981396.7647748,45466476.52471518
2023-04-11,0.2210517000953996,1591020128.0027766,58405889.60016401
2023-04-12,0.2200191846138803,1581453749.0957997,69663541.96652375
2023-04-13,0.2155047587245885,1553636911.5204854,80419050.62361357
2023-04-14,0.2218973629304237,1597754234.1913302,82874226.62380913
2023-04-15,0.2275538693711656,1642811960.339518,122936321.94951192
2023-04-16,0.2327009522981037,1680012114.575093,81624811.48701687
2023-04-17,0.2345502184232926,1686952412.3075838,60237867.510797545
2023-04-18,0.2210608899326911,1590941901.737654,129109703.94494268
2023-04-19,0.2224983352109341,1606766234.863092,110114723.28964844
2023-04-20,0.1991786788764355,1439380694.5596237,132142819.19554368
2023-04-21,0.1911927262126022,1381390022.1706588,147928231.1239618
2023-04-22,0.185703593675409,1337895469.995087,94816802.9903214
2023-04-23,0.1915442407923681,1384857663.0159607,47346783.69452904
2023-04-24,0.1890060233307853,1363703396.2578578,42466007.30910742
2023-04-25,0.1857586957993555,1344210968.2255015,44389779.54850571
2023-04-26,0.1885686850805549,1363964217.8553276,55323532.54698547
2023-04-27,0.1808968844568085,1307753364.7860518,90262663.92071895
2023-04-28,0.1844258991068913,1334590159.6262245,58371910.791793615
2023-04-29,0.1843509161051876,1335789484.9705005,40912972.696725264
2023-04-30,0.1839911496407508,1333330483.5052135,33802548.46897946
2023-05-01,0.1818288125096241,1317664189.6468403,35417291.78560849
2023-05-02,0.1777732370708759,1286472681.9930196,43846614.11469263
2023-05-03,0.1794247360813867,1298512232.2613275,36219405.86451821
2023-05-04,0.1815726144520099,1311501906.5883272,40210896.68507122
2023-05-05,0.1778405508476641,1284953316.945997,37048463.14480898
2023-05-06,0.1825092273670585,1319785909.9705317,47971488.54182999
2023-05-07,0.1759798556393813,1270556182.5289114,40777020.89165762
2023-05-08,0.1752713416071381,1266802316.299348,26526046.09349551
2023-05-09,0.1647217845799359,1188902260.1440897,70229596.14243601
2023-05-10,0.165912386884464,1199570242.2931345,35718790.23054391
2023-05-11,0.1695109873776044,1224311336.7925396,55635664.35895512
2023-05-12,0.1636166138765272,1182724041.413229,45807852.16682617
2023-05-13,0.1653059774303821,1194613637.197994,49039904.63590131
2023-05-14,0.1633756770612684,1184299572.2449112,26619344.447362784
2023-05-15,0.1637872970822877,1184494439.7900286,28271617.40112699
2023-05-16,0.1677696346304956,1211440668.1689324,38138706.7180026
2023-05-17,0.1701501169907219,1230734157.3304567,41029399.67101403
2023-05-18,0.1728152059794868,1248401181.7962089,44702301.30711738
2023-05-19,0.1661325813366085,1202725636.3933864,43781762.84322254
2023-05-20,0.165918818571831,1201354183.657657,33039916.499446467
2023-05-21,0.1655330643517631,1198601114.0724566,26243259.430957787
2023-05-22,0.1629098497539058,1180315328.2511594,27990284.77889861
2023-05-23,0.1626237718625336,1177587572.668046,29614667.10571068
2023-05-24,0.1633360303511737,1182876093.327422,29805248.136530828
2023-05-25,0.1550542644688284,1124387557.1852582,49358916.91581005
2023-05-26,0.1508654925426446,1092438253.673458,65779002.79699956
2023-05-27,0.1507532032317364,1091528590.2523055,47419229.12985531
2023-05-28,0.1513767153510775,1099431102.6796455,37991324.92475385
2023-05-29,0.1538789653608207,1114494381.552273,45923493.043888666
2023-05-30,0.1522885845874912,1104531498.691765,37897832.969580464
2023-05-31,0.1518905995545887,1102501240.6450198,45512989.1160314
2023-06-01,0.1484824333635866,1076000416.3747823,43509686.47672194
2023-06-02,0.1491357084090145,1079316205.742703,34189409.022648655
2023-06-03,0.1525600651686274,1105672739.0035253,33423291.73968706
2023-06-04,0.152156998277448,1102920739.433947,22350598.348601297
2023-06-05,0.1528031577118331,1107344757.539635,25606796.82221473
2023-06-06,0.1387857299666371,1006327685.2762972,74360360.55061774
2023-06-07,0.1375225537314059,998366798.4708368,62972670.92443527
2023-06-08,0.1258519603171007,913071507.1033628,64533077.48550459
2023-06-09,0.123419625754902,894393973.690506,69501800.01077478
2023-06-10,0.1247128932862135,903856143.4158516,42308680.40059434
2023-06-11,0.11158430321263,810099526.1582323,126080280.63858888
2023-06-12,0.1107759407543459,802714466.9895315,39416763.36956278
2023-06-13,0.1128224499736891,817931916.7979088,42591864.931399785
2023-06-14,0.112966639089023,818799705.206943,38595085.26563471
2023-06-15,0.1132430080626105,820310812.7238346,45930190.53026711
2023-06-16,0.1121099396532952,812448122.2552431,53118189.3940178
2023-06-17,0.1161527723180932,843144183.5568012,32119774.02180672
2023-06-18,0.1183456259605535,857763831.3694779,34502652.13430818
2023-06-19,0.1150473912163343,834040157.1985557,26341460.49468417
2023-06-20,0.1163113281764536,843516738.2726531,23486731.660346
2023-06-21,0.1216302427824259,879589881.8964809,24877689.13818209
2023-06-22,0.1259146724044606,913733397.387782,36924807.30890279
2023-06-23,0.1250343006547255,907980000.1682124,36001414.06255397
2023-06-24,0.1351524882889758,979690682.6054786,36531453.017525226
2023-06-25,0.1326758016554775,961445507.5080372,28427686.10405464
2023-06-26,0.137131545337637,993545884.9942714,29617723.16053694
2023-06-27,0.1293163001718796,940390842.6676408,46653511.278582655
2023-06-28,0.1272310094259433,928335574.2047864,35059148.99970019
2023-06-29,0.11863527244055,869451454.3198464,40235560.875665255
2023-06-30,0.1202628478066425,884689607.5579423,29737878.83447426
2023-07-01,0.1214542662754345,895389184.8851056,46441875.68490748
2023-07-02,0.1274452914297943,937993474.3133664,38927333.41795537
2023-07-03,0.1236808584856811,910940033.262793,48155458.95853473
2023-07-04,0.1280898311715365,952006407.1173816,48294076.10481798
2023-07-05,0.1244552421958037,935328867.9934384,39628282.86054905
2023-07-06,0.1199526119365828,903376615.4506246,32401306.46351505
2023-07-07,0.1135182598817894,857586211.7313818,34162687.89490767
2023-07-08,0.1122350893725548,849426317.4389164,29715424.245532483
2023-07-09,0.1117310114024614,847431465.8774728,25406245.146927457
2023-07-10,0.1103999265125534,835447628.3729441,23901087.65246962
2023-07-11,0.1099983506328136,832534138.1397405,37995941.67320892
2023-07-12,0.1086292047418005,826435314.2959865,41418960.6899285
2023-07-13,0.1059622341466313,811202430.1046361,36272348.672102
2023-07-14,0.121551484325859,929806017.9129974,153975528.33953688
2023-07-15,0.1131887839536099,872092517.1638373,115783187.93421718
2023-07-16,0.1135803312793349,875590381.9577072,35823578.91888923
2023-07-17,0.1165821675212676,897492878.8425827,80153738.07684055
2023-07-18,0.1200833264650066,924263134.9279068,106398492.6036712
2023-07-19,0.1137126884815542,882185222.5479492,54477900.00554263
2023-07-20,0.1139766360287238,888147435.4752141,46729256.993154064
2023-07-21,0.1151567463262577,896181659.5323873,59002502.8601668
2023-07-22,0.1153673913769953,897448373.2958865,33787283.81776102
2023-07-23,0.1142293518459691,890490711.4114064,30995047.681595847
2023-07-24,0.1160878214857164,905510344.5194528,33550317.479145203
2023-07-25,0.1098361292823977,855831672.5883859,40494124.114943065
2023-07-26,0.1098976625567529,856646858.6430153,26039121.087243933
2023-07-27,0.110925295536373,863962970.9108356,32431773.552677345
2023-07-28,0.109828101928286,856867273.5635171,28179260.76585344
2023-07-29,0.110473579119604,862015888.6292725,33690228.007595375
2023-07-30,0.1114434789049259,869355027.6526951,21620384.21932083
2023-07-31,0.1096086669365539,854041506.5530823,31094595.578013618
2023-08-01,0.1099386666494431,858173765.090401,45526049.99858344
2023-08-02,0.1105834338219443,862240414.2494365,44684137.24789482
2023-08-03,0.106845622123612,834362883.3481334,41069969.927580334
2023-08-04,0.106453470256449,832036547.8481957,25212911.429318488
2023-08-05,0.1060383828042252,827738629.8926243,23798531.444210008
2023-08-06,0.1064490794303268,831630509.148589,19343108.75404217
2023-08-07,0.1096021370563238,855346725.8075638,26681903.18081657
2023-08-08,0.1117437415901519,872622460.0066671,48201426.25376718
2023-08-09,0.113168489342073,883174696.7877007,95616263.1979961
2023-08-10,0.1132505225203079,883881116.8205756,42560292.89922125
2023-08-11,0.1124631226853309,878537541.0969898,29781708.99541185
2023-08-12,0.112265407757774,877118974.0838158,21042882.21070321
2023-08-13,0.1155237162239106,901976820.7949228,28382878.659848448
2023-08-14,0.1170060165178882,913973067.8272976,36057011.20928915
2023-08-15,0.1148167502285276,898113631.6939214,37310263.28242523
2023-08-16,0.1083666153849543,847610608.9745735,46731501.51417046
2023-08-17,0.1024047910192441,801324359.7369031,56453664.31366029
2023-08-18,0.0929721680545822,728782628.1371512,61904826.21579225
2023-08-19,0.095389772054427,745808032.921889,42504433.98557619
2023-08-20,0.0967007346210627,757369843.520176,25444860.67117808
2023-08-21,0.0970651543214229,760167980.4823349,20255225.10612364
2023-08-22,0.0963844886867704,755792266.5802299,27306755.092990737
2023-08-23,0.0967533134142393,756307558.3619833,28608844.766458068
2023-08-24,0.0986254882263399,771637429.808595,26234317.52981188
2023-08-25,0.0972057094647701,759649668.9376578,19195369.37059344
2023-08-26,0.0969708314565626,758739157.6758926,22287533.592258185
2023-08-27,0.0953916229810325,746285872.7760185,15384718.3524683
2023-08-28,0.0951615363090886,744058781.6421086,14926985.870485982
2023-08-29,0.0972973326265174,761797033.2269421,21779220.542570084
2023-08-30,0.1005271071172164,785824657.3276302,33227543.152408797
2023-08-31,0.0968137121401344,757933031.1595063,22171377.876042377
2023-09-01,0.093180013934805,729186522.8262917,36469052.74550194
2023-09-02,0.0919990669098483,720277239.6838493,37745037.62151436
2023-09-03,0.0942770335221786,738128276.3333845,13941110.494742274
2023-09-04,0.0944900975819812,740002107.4335644,14743747.251663268
2023-09-05,0.0939896107101171,734927503.9800838,17521497.806313906
2023-09-06,0.0941198804056782,736698909.6814741,18941693.911634583
2023-09-07,0.094089270859353,736402245.7772313,19158613.39824836
2023-09-08,0.0976179955255842,763088582.517646,28200337.99217129
2023-09-09,0.0960958327613119,751828188.5050937,19072289.069715235
2023-09-10,0.0940641505978719,736760549.6678816,13057086.950289212
2023-09-11,0.0919652651879522,720160481.2839106,26837990.15853237
2023-09-12,0.0884664578917564,692868683.7058486,24870242.538135383
2023-09-13,0.0896631163274855,701421824.7584693,19297876.14856869
2023-09-14,0.0908984867046077,711659400.1566104,19096237.229015835
2023-09-15,0.0932903876979216,729882387.0319905,20503040.43732261
2023-09-16,0.0963910122675105,754315612.2977943,19964195.31328181
2023-09-17,0.0974871159847312,763192846.9756703,18846494.901132826
2023-09-18,0.0949555979986835,742565053.5939479,15291942.07960048
2023-09-19,0.0963412286031547,754768068.3533196,19078922.93393843
2023-09-20,0.0971668204301312,760580613.7162731,16491391.011311024
2023-09-21,0.1001917940400595,784720182.4260857,39178132.60426732
2023-09-22,0.0974834431184878,762975618.1488851,39541699.82234518
2023-09-23,0.1019046904713537,798726847.4518176,30008848.2763286
2023-09-24,0.1005287691151433,786401504.6247994,17859446.40463037
2023-09-25,0.1010601052246412,790212200.2229332,16934034.288711943
2023-09-26,0.0975897281651983,762887549.755311,26834114.84430683
2023-09-27,0.095592661887994,749327459.2961684,21284939.033396028
2023-09-28,0.0957560461376411,750165891.6422454,25704716.60895469
2023-09-29,0.0974949344259631,764088263.1989565,23613394.81574464
2023-09-30,0.1015239395227851,794868226.0476713,27746459.992676467
2023-10-01,0.1031836884035668,808312647.9908012,21762347.428152155
2023-10-02,0.1062624316517576,832808603.2248675,24981135.90307572
2023-10-03,0.1015550688051312,794553323.2090788,27363168.01059514
2023-10-04,0.1010278907964563,792214611.5029836,21030178.13044098
2023-10-05,0.0995585545119808,790094898.5810527,35523036.051730074
2023-10-06,0.1002301816311032,792501783.2887892,25322455.7412988
2023-10-07,0.1008399227752305,796662492.5080696,23935691.17411916
2023-10-08,0.0999346927238079,790682412.76217,18439765.38506817
2023-10-09,0.1014353689470332,801898364.3041716,30887276.52268233
2023-10-10,0.0967489754767231,765720024.8534566,36588739.93501878
2023-10-11,0.0952023901746423,754193283.8038504,28936747.02080321
2023-10-12,0.0949911039678927,752236937.2867309,26442426.600831226
2023-10-13,0.0935140044850618,742202915.6381832,21746812.57604644
2023-10-14,0.094925853459933,752408304.5871209,18980551.756693397
2023-10-15,0.095296602239874,755531981.4120162,16941325.650839537
2023-10-16,0.094378041484527,749356625.819152,22966708.94523843
2023-10-17,0.0948642215841938,749139619.5044953,39098179.34255008
2023-10-18,0.0916185577943583,726342615.5706395,30933075.70528804
2023-10-19,0.0900144656992865,714807291.3883532,30515431.476283595
2023-10-20,0.0896367622216654,710210920.8499378,32801982.79781157
2023-10-21,0.0913620333752098,724098823.1394311,44264264.24057814
2023-10-22,0.093996680999744,744765142.7857875,43801799.24284532
2023-10-23,0.0943698620847364,737307882.7450244,36314124.21799687
2023-10-24,0.0981343996449131,777906384.2548517,66499386.21539151
2023-10-25,0.1008046794141503,799012331.7219608,87969412.68008696
2023-10-26,0.100687646924435,796991460.2916566,52766470.14990872
2023-10-27,0.1011831277074417,802301650.2813265,58708123.22895216
2023-10-28,0.0992175283917811,786636347.7381632,38718387.25612349
2023-10-29,0.1018272986142615,807025460.410475,30394795.58905992
2023-10-30,0.1063161760195309,842418380.2154213,41290093.99593101
2023-10-31,0.1124101377516331,888324003.3059382,71849952.17282307
2023-11-01,0.1094759424897408,867657817.8527181,63714383.21895701
2023-11-02,0.1143268926269269,905564971.1261002,62522891.904694416
2023-11-03,0.1114584729158762,884261652.991425,66090617.07760744
2023-11-04,0.1117842011007001,885772562.2848337,47539656.87691236
2023-11-05,0.1145707547800377,908956995.2932746,46378401.95533979
2023-11-06,0.1215709145215073,962707084.15955,77430539.90858296
2023-11-07,0.1291769907628371,1032866017.6229132,62838207.50185961
2023-11-08,0.1235942466251832,990000241.4917278,55110340.82013978
2023-11-09,0.1278447241498606,1021034231.534816,41781744.12602327
2023-11-10,0.123907410919149,987965425.7799256,83635714.50285807
2023-11-11,0.1277392594971771,1022706726.5487126,57361390.54673324
2023-11-12,0.1334306639780365,1058719780.1289274,71516811.89458819
2023-11-13,0.1456789607358578,1165929552.9953623,114054687.9409618
2023-11-14,0.1340479603154781,1073668114.9570428,71691838.28099059
2023-11-15,0.1291643110936693,1035462658.0661644,64342605.212886006
2023-11-16,0.1423040084360299,1137662914.1501634,69564095.83421238
2023-11-17,0.1358673793085914,1082679120.861911,78470532.19621694
2023-11-18,0.1355515593760592,1087076290.1017318,55518720.24661919
2023-11-19,0.1343876763780992,1076429742.2259157,41747847.16556104
2023-11-20,0.1412913526101961,1136398915.4557693,43005070.4860862
2023-11-21,0.1412518150027847,1129759406.114485,81920898.93920217
2023-11-22,0.1247435203332214,999007778.8584244,78984248.4319321
2023-11-23,0.1325051636269715,1062339875.330864,52212115.35248646
2023-11-24,0.1306015144933686,1045092097.9723842,38200366.63964846
2023-11-25,0.1337079454476695,1070020599.9253746,39665765.09091498
2023-11-26,0.1401906912901708,1122052208.503077,45977045.945870206
2023-11-27,0.1360850416314922,1089825270.3213282,57080297.96009913
2023-11-28,0.1318098927589787,1053141461.6598306,51284396.42369659
2023-11-29,0.1323515131415583,1060864765.7665952,79824261.82632592
2023-11-30,0.1338746362537597,1072855608.8108726,36908392.53386346
2023-12-01,0.133606761324477,1066903416.8906368,123187399.3376026
2023-12-02,0.1391871284046648,1109071015.6349874,159659950.10043755
2023-12-03,0.1479370232664091,1183257528.7907166,50956831.49818725
2023-12-04,0.1509050646505451,1208579168.0974538,121922433.77699782
2023-12-05,0.1525051699709916,1218810954.8013124,164541784.26603845
2023-12-06,0.1536288900888533,1228450455.8777363,76732697.9611756
2023-12-07,0.1531437869976182,1226990374.1232316,51736981.94185013
2023-12-08,0.1637989652364181,1317589665.045249,97341236.37628078
2023-12-09,0.1845250448180883,1476199670.9161224,134777315.58908823
2023-12-10,0.1995281451529521,1593933887.020955,279988932.5816276
2023-12-11,0.2007789900326747,1601422570.517121,113248021.799989
2023-12-12,0.2018089971993637,1611480018.0736609,176999903.57517704
2023-12-13,0.1978546402272784,1588267978.493755,147428332.63107556
2023-12-14,0.2005966274466755,1599448342.8964925,125781981.69719052
2023-12-15,0.2159222515144357,1727390235.0655324,140516217.97333312
2023-12-16,0.1956010905224374,1565877134.8121092,89004918.94247903
2023-12-17,0.1979697442109676,1580972876.4874735,67874437.3939429
2023-12-18,0.1907696797777843,1527262364.3547618,57797195.40453432
2023-12-19,0.1953087220990921,1562464202.6207852,77911584.75625819
2023-12-20,0.192274832369273,1537998167.2917838,75676813.22785448
2023-12-21,0.1978419604206641,1584721083.1952946,73859487.48722921
2023-12-22,0.2230639103564667,1782969554.8113186,151150545.9996919
2023-12-23,0.2405498107037507,1928383275.5695105,261933305.86916572
2023-12-24,0.2354725267923836,1883370908.1444936,106406704.1655199
2023-12-25,0.2310774157149966,1857467109.6663835,119175300.65591712
2023-12-26,0.2382216231491765,1907650334.5774808,82766305.08551657
2023-12-27,0.2343944691817707,1873065826.516749,100050326.2085853
2023-12-28,0.2289896344308171,1832975771.796191,76655014.07737507
2023-12-29,0.2339423674740105,1878215866.7773523,105066036.70208882
2023-12-30,0.2263280633522296,1810662361.1299312,107169840.97033028
2023-12-31,0.2216741322113945,1775018978.1331224,55641020.83115787
2024-01-01,0.2227867325018442,1785305539.7303133,53510382.23706664
2024-01-02,0.2391030535832367,1915783824.148621,52112934.581237294
2024-01-03,0.2270554479645012,1809791045.8175163,90680859.09798662
2024-01-04,0.2048381805720675,1636477907.5953276,139007143.45797712
2024-01-05,0.2075057296162242,1661721012.9986002,67300423.19074212
2024-01-06,0.1967877381348756,1580874817.8745878,70029271.23482375
2024-01-07,0.1894141773331829,1520186831.3773878,51373263.490571216
2024-01-08,0.177519718180427,1420714543.4901383,46413622.20708319
2024-01-09,0.1947791271721748,1566607915.0578125,118209804.8139804
2024-01-10,0.1853647517579431,1486182412.5690155,89781540.3925185
2024-01-11,0.1995007192669067,1605478647.716982,85089378.56966992
2024-01-12,0.2023257470734689,1629951071.420505,86268010.88841335
2024-01-13,0.1866250756735633,1497605058.6523645,67330188.08485033
2024-01-14,0.1894586150388888,1521836072.1914458,45126745.03379761
2024-01-15,0.1835354054517544,1481285966.5289552,38040610.54503959
2024-01-16,0.1879151747801066,1511164378.2797554,39576068.74882381
2024-01-17,0.196202992488972,1578296187.6516104,55586271.47701454
2024-01-18,0.1905139035456203,1531865824.7830436,41547298.64287506
2024-01-19,0.1786705919588248,1437655942.1499522,44688790.56767809
2024-01-20,0.1726719083521154,1388484975.730216,56833973.47511663
2024-01-21,0.1718621260138415,1381693322.7255726,40843477.00388278
2024-01-22,0.1701055103019053,1373162766.006285,34584465.345320486
2024-01-23,0.161200843468152,1296131770.2157342,48416707.457434826
2024-01-24,0.1598150337665196,1277209761.8791673,57187168.38831254
2024-01-25,0.1631546131077545,1312820339.7286637,34265334.87110511
2024-01-26,0.1610809138787547,1295079711.6628706,30433217.17726573
2024-01-27,0.1664561285147937,1338222457.8885818,43651077.525198765
2024-01-28,0.1675524499276111,1347801597.37355,28621266.82982648
2024-01-29,0.1640293286899464,1320108239.5945747,31425934.394450888
2024-01-30,0.168942905074353,1359421412.7024555,37549399.56872601
2024-01-31,0.1643027022248838,1317833038.364405,37268645.853061326
2024-02-01,0.1592125730758594,1281083348.2127688,35647720.115910895
2024-02-02,0.158713841203698,1277170981.301855,27549206.182528056
2024-02-03,0.1608736491273101,1294062495.3758216,32172185.672872715
2024-02-04,0.1654226604368234,1329760869.526727,28097359.696591195
2024-02-05,0.1589649444878191,1278346416.9093552,20964967.332234625
2024-02-06,0.1597853316973248,1284988190.8394234,23132449.20217845
2024-02-07,0.1620097048042469,1303390255.7648551,25068489.29861714
2024-02-08,0.1681051928012951,1353697158.8039763,31622936.313211948
2024-02-09,0.1688859423611455,1360403628.5032198,32811842.542712063
2024-02-10,0.1748158129436839,1406057980.9600098,45364402.63064966
2024-02-11,0.1750116532665497,1409072855.5592587,33949356.260846555
2024-02-12,0.1766324420939617,1410974205.150196,35301627.48378593
2024-02-13,0.1833747025485242,1474302610.8789527,68733517.24032064
2024-02-14,0.1778793025943677,1429946210.5200455,55937508.20768743
2024-02-15,0.1834102733925906,1474582955.3505285,46165386.90786874
2024-02-16,0.1876849592430609,1510469480.547967,57371803.44864338
2024-02-17,0.1941830290832724,1564258318.227216,62886657.583122894
2024-02-18,0.1904516390373316,1531749942.2448914,36410262.322349146
2024-02-19,0.1962906363129431,1580320939.3331454,36133768.10403014
2024-02-20,0.2031626256793719,1632084210.2469504,57903311.25046411
2024-02-21,0.1966201062693106,1583957529.1756997,64828199.252843
2024-02-22,0.1893141054471633,1525706723.954485,50306866.79520063
2024-02-23,0.1895623326235961,1525166891.223807,40883424.89757109
2024-02-24,0.1856629122437404,1497017656.6139612,43276847.57884078
2024-02-25,0.1968350717134634,1585131529.426511,46153591.7194736
2024-02-26,0.207583024918561,1671897155.6286683,84241846.4461171
2024-02-27,0.2119596883789365,1708521569.0861657,73611868.28173806
2024-02-28,0.2085243349714269,1678974209.3302011,74668858.68363391
2024-02-29,0.2109148018871386,1692734268.7422976,134085355.26540709
2024-03-01,0.211667667679853,1707157296.875556,124036858.44812636
2024-03-02,0.2276609624835809,1832164533.5913613,82523088.61483459
2024-03-03,0.247090023022093,1986786042.7741115,136761164.74744517
2024-03-04,0.2508148322570644,2019220789.7585032,163064913.96129856
2024-03-05,0.25222524107519,2028927840.725621,186154738.23744583
2024-03-06,0.2321063376494957,1870098128.0795665,309877180.71622294
2024-03-07,0.2571272765404623,2062634024.853397,166388868.4868443
2024-03-08,0.2813666560924315,2280096955.441287,320525062.3724215
2024-03-09,0.2712746533582215,2184028079.718924,147273411.29063225
2024-03-10,0.2695617678388087,2171325593.950226,95134266.02682908
2024-03-11,0.2626633575755753,2117595254.1177704,92398734.64853723
2024-03-12,0.2922074945808763,2357839208.3733864,319954302.22726256
2024-03-13,0.3174276920702997,2558519509.7329144,286506399.6056277
2024-03-14,0.3186224764997387,2569772617.508967,240256372.41481492
2024-03-15,0.3120163505435101,2514227711.632434,195574738.9123806
2024-03-16,0.2984700005231784,2407919834.775471,275208957.6043214
2024-03-17,0.2666463523048509,2146953516.6087503,159910454.48371094
2024-03-18,0.275997815060984,2219453026.867766,129221177.10030223
2024-03-19,0.2518980910749912,2033700733.4399076,124878330.88417764
2024-03-20,0.2296843274359699,1863833106.166304,171006900.82460716
2024-03-21,0.2501256152116034,2015076169.2326996,114015190.93473975
2024-03-22,0.2488782375841532,2007174973.1274688,91451226.39399214
2024-03-23,0.2400249571124755,1935675332.7793877,74327706.4513886
2024-03-24,0.2493721009545907,2015291599.5247016,55087075.36882668
2024-03-25,0.2564077286581052,2070440642.1938848,60758675.31785441
2024-03-26,0.2679186864015287,2157392077.697209,94651278.9938538
2024-03-27,0.2809250610897392,2266622315.700763,115367770.09546444
2024-03-28,0.2704844123087866,2180297203.9968305,128207709.0402308
2024-03-29,0.2726548474086454,2204153620.492109,79581042.29961497
2024-03-30,0.2684804429350382,2169346142.7208166,100775461.84381838
2024-03-31,0.2603306098798832,2101291381.750088,60644040.49046856
2024-04-01,0.2675210220738371,2161956556.2488804,45637113.157924354
2024-04-02,0.2518062110676688,2037990950.8271556,91186230.57829475
2024-04-03,0.2343120019260856,1897325416.3155124,95084719.264495
2024-04-04,0.2328533446216305,1884797583.8256955,68994253.91136579
2024-04-05,0.2372217114695742,1921574734.2319727,66636349.49506595
2024-04-06,0.2301778499414046,1868449094.886718,69160344.96410629
2024-04-07,0.233752005643751,1899491466.9376383,30716667.763917875
2024-04-08,0.2355212912644834,1912729873.7036052,38827052.83697497
2024-04-09,0.2454660246477266,1992553437.4824195,58803358.83918498
2024-04-10,0.2319475431121351,1885527899.743173,58173758.62427715
2024-04-11,0.2302950715215491,1867441448.740028,66079361.00637431
2024-04-12,0.2280834493191458,1852525919.4852755,47916548.48887574
2024-04-13,0.194374863508785,1576855816.7484555,174471943.77361238
2024-04-14,0.1694610752145476,1379353272.8268385,277947639.1553238
2024-04-15,0.1798509983874517,1463219493.8835418,145253478.0283668
2024-04-16,0.1701520239279036,1382109559.1920302,104396636.0774209
2024-04-17,0.1742082778349956,1417583656.4154124,88215130.47798675
2024-04-18,0.1685132253788553,1369615117.4056745,68888968.4508889
2024-04-19,0.1745674111374074,1419338330.9943469,55433833.70801871
2024-04-20,0.1757346495538604,1433420229.5113144,80703234.53071526
2024-04-21,0.1913868631046085,1556691296.7906375,51180132.79424206
2024-04-22,0.1874097233075074,1523906513.120653,40710689.874768645
2024-04-23,0.195594780584355,1593833318.899533,51589152.84372164
2024-04-24,0.193756032577661,1577422703.6104753,50429956.4670415
2024-04-25,0.2124413402050489,1726900083.98523,415497343.4855369
2024-04-26,0.2004908377310223,1630091878.3961835,111580172.28409702
2024-04-27,0.1977780332643536,1610149549.9830856,113659846.47751564
2024-04-28,0.1986277593061336,1614318203.5979562,84118493.74777952
2024-04-29,0.1927655666743698,1569216523.6198144,45021922.36558146
2024-04-30,0.1905258886571894,1554077949.7231207,65968472.5442121
2024-05-01,0.1781322806833324,1455564121.9575284,82247024.84735854
2024-05-02,0.1805010390819283,1475594257.0899274,104178697.35126936
2024-05-03,0.1813876703661962,1478190536.387032,56061331.45727486
2024-05-04,0.1917449147354479,1563388466.9697556,49559392.350008205
2024-05-05,0.1927358029428645,1570909109.4191356,37431739.975806914
2024-05-06,0.1963989735140695,1599708799.1584167,46498143.01858853
2024-05-07,0.1938960153962561,1577752226.192563,59885328.86352585
2024-05-08,0.190853837960331,1556503155.3497024,48180403.916585
2024-05-09,0.1874708233027728,1526853607.7977154,55819343.22855301
2024-05-10,0.1934793261477461,1576234747.2853448,42514698.399090566
2024-05-11,0.1834744413333629,1496132907.837481,48689105.93656282
2024-05-12,0.1786379665142704,1455497955.9314787,37306938.06984799
2024-05-13,0.1770584466863398,1442497338.7706122,26378860.723484952
2024-05-14,0.1775364971090362,1451142332.4947016,47770932.62316972
2024-05-15,0.1713801288686318,1396315774.085972,45753831.984836206
2024-05-16,0.1797938576321024,1468130030.9187222,58680310.149809904
2024-05-17,0.1742005232882356,1421565336.4683127,70732559.68781322
2024-05-18,0.1831322600767307,1491671925.112399,53434124.51904073
2024-05-19,0.1827712676845916,1491953521.309781,38958641.51558507
2024-05-20,0.1749266657587366,1426306732.4453652,38860198.000927225
2024-05-21,0.1882929590450229,1536173347.2341924,70015539.65607454
2024-05-22,0.1882713391909068,1537466298.5565312,81689800.50574954
2024-05-23,0.1853047589365161,1512436206.726575,49343568.232302144
2024-05-24,0.1812414627231304,1480400847.0838494,83330726.20494394
2024-05-25,0.1885155399202774,1539439100.8613994,51320603.06924414
2024-05-26,0.1934505832674367,1576263226.785324,46450380.51791688
2024-05-27,0.1894673686215933,1547828958.85174,34061829.112859294
2024-05-28,0.1964965952859629,1602500493.5770338,47278626.59403548
2024-05-29,0.194253885285557,1588170101.2349584,57645537.49581576
2024-05-30,0.1894732676481977,1547689264.594056,49244734.00742045
2024-05-31,0.1897920102865188,1550438664.560682,43319860.92631269
2024-06-01,0.1884990475840723,1542081173.8540366,34486546.42225303
2024-06-02,0.1883237156326311,1538642904.7929912,22977881.71502919
2024-06-03,0.1825986381443227,1495925770.1244545,27536124.53932833
2024-06-04,0.1836768387407583,1501825388.7344532,32714005.520296764
2024-06-05,0.1862690675808489,1522358407.8743818,31755030.78544597
2024-06-06,0.1888610664042714,1542292508.056614,35598693.52419703
2024-06-07,0.1857963836411402,1518161436.2163815,31367372.219008755
2024-06-08,0.1746606868710025,1428348111.423566,91459466.40181668
2024-06-09,0.1663773577649881,1361385339.7887132,44624226.22578083
2024-06-10,0.1703863824382223,1390784117.645061,27422652.428563
2024-06-11,0.166684004766056,1363488410.2521155,37080661.39106579
2024-06-12,0.1591686311271718,1303018249.489511,65052766.88368758
2024-06-13,0.1658722810730605,1357806332.1696932,52158390.60068138
2024-06-14,0.1558709346445758,1279926202.8553395,40706240.06414762
2024-06-15,0.1511314512777703,1237378079.0618908,52931589.937818654
2024-06-16,0.1522193459527787,1243037513.8772335,25119736.237180207
2024-06-17,0.1553123378701793,1268784138.3380942,24857860.760981936
2024-06-18,0.1454153057552983,1189317540.9334128,58427340.51239327
2024-06-19,0.1341716946562047,1094915570.6220672,94006191.58971132
2024-06-20,0.1384236742126061,1129870794.0764685,39565168.32634491
2024-06-21,0.1380338494281316,1132665847.924842,37916329.01521964
2024-06-22,0.1391987282987516,1138050997.7643054,41568470.05997328
2024-06-23,0.1339049043034064,1095545754.2757137,30539021.606079407
2024-06-24,0.1322658430952852,1082503273.3466794,22976285.45856648
2024-06-25,0.1351840974745478,1103034983.079779,53190980.034235135
2024-06-26,0.1411774398148685,1155123251.579973,29818909.04599675
2024-06-27,0.1406536035905818,1150139457.755015,25295161.63069376
2024-06-28,0.142584211430067,1166846739.8607829,27842687.96927815
2024-06-29,0.1396407961339553,1142934346.6719306,30551000.477537528
2024-06-30,0.1389805641876006,1135575502.6391227,17941116.891558677
2024-07-01,0.143963491348695,1175699187.6964076,26361616.05219176
2024-07-02,0.1465781820266074,1198171956.9616416,28075164.993568797
2024-07-03,0.1494292758189306,1220471655.4954183,27659112.589508627
2024-07-04,0.1425321252192825,1168256462.3519657,34511117.251748666
2024-07-05,0.1315809451559788,1084299317.5660331,55183156.30262774
2024-07-06,0.1304946782107697,1071308551.820595,108511940.8269113
2024-07-07,0.1388195773725236,1138008804.6731172,38813735.3363426
2024-07-08,0.1262352346625597,1034193697.2963552,25090701.080348443
2024-07-09,0.13325903056892,1094196485.3032525,49885008.17486344
2024-07-10,0.1395700591464863,1145968431.6594336,29414739.85547108
2024-07-11,0.1393010573153564,1144710884.395819,26178826.59256102
2024-07-12,0.1372588676363186,1129739299.127215,27258049.30429869
2024-07-13,0.1380842869431651,1134387392.9727392,29033589.306279227
2024-07-14,0.1434096826414412,1181644470.7226114,27491121.4394127
2024-07-15,0.1519453824590782,1250976440.6752453,28763982.388825458
2024-07-16,0.1582227902681314,1298005884.4669492,47985910.39069004
2024-07-17,0.1587667239209171,1306105108.615422,50806391.03690748
2024-07-18,0.1549412738616384,1277524833.2516716,38894005.13285506
2024-07-19,0.1520166949076664,1250981926.3415074,34891887.263123885
2024-07-20,0.1579648595793023,1300370796.760666,39901991.58345895
2024-07-21,0.1582416917302012,1301929229.1979744,29191017.889808133
2024-07-22,0.1594654808792281,1312618272.1049268,36866433.54700701
2024-07-23,0.151213562147708,1243844256.364427,32561444.91662028
2024-07-24,0.143839546741125,1183341953.249503,39233997.863722354
2024-07-25,0.1398779565514674,1150777240.8919303,28334330.84475619
2024-07-26,0.1370713973987995,1127428606.3306806,40715141.95045285
2024-07-27,0.1427303156143555,1173987167.709719,29060200.448378243
2024-07-28,0.1431994070858756,1178371348.7949317,29776057.3361638
2024-07-29,0.1391704130026232,1145050184.334671,20006252.19617331
2024-07-30,0.1389295493476941,1143626939.9831004,33030852.456171043
2024-07-31,0.1375000505234667,1131509266.0493832,31483435.377947062
2024-08-01,0.1357420686608137,1116500875.3639264,35698959.89214297
2024-08-02,0.1347143396940411,1108264545.3031485,44123183.59634963
2024-08-03,0.1240569921638948,1020588286.5571138,45976687.06112009
2024-08-04,0.1205812316855221,992888968.0196282,41529944.29118538
2024-08-05,0.1142013526565259,940502589.9167638,49726289.288276784
2024-08-06,0.11033175401367,906138009.949093,181502950.9359444
2024-08-07,0.1125532543596173,926531869.4630588,52539135.45967408
2024-08-08,0.1097806523576443,905870493.384652,46216319.57791645
2024-08-09,0.1221918540168396,1004925219.2783184,39979225.0363893
2024-08-10,0.1200528814688003,987297159.2288152,32536763.90449708
2024-08-11,0.12112221472666,995944594.98326,22261784.34577802
2024-08-12,0.115385400469461,949844146.9144192,28483001.908092096
2024-08-13,0.1197060641785376,985337320.4506208,34297725.60588693
2024-08-14,0.1210912776268798,995401893.5154426,31633233.136389468
2024-08-15,0.1194823438777525,983401893.4597068,27284201.92439636
2024-08-16,0.1154170396184298,949575877.679249,32215975.671631
2024-08-17,0.1155872115930803,950102020.8783522,36271804.39568293
2024-08-18,0.1182903190761084,972939371.265746,20710963.04671591
2024-08-19,0.1185193270121529,975857216.4125444,23436722.25585761
2024-08-20,0.1242243924709063,1021677997.6956354,31234944.268501967
2024-08-21,0.1280013990840536,1053410273.6260352,38166680.70781562
2024-08-22,0.1348650284745485,1109576968.7910194,39994460.15242934
2024-08-23,0.1354875088651135,1114612030.7857883,28164470.45150172
2024-08-24,0.1441005638985019,1185490841.0608644,41176419.44129175
2024-08-25,0.1464412848204262,1204444962.3544831,35060230.70262006
2024-08-26,0.1419484444260151,1167756524.7694235,29019644.44793164
2024-08-27,0.134442978341209,1105959992.2623172,30079998.534750868
2024-08-28,0.1281116284590423,1054053102.698265,41622687.6118553
2024-08-29,0.1267702174123764,1044755231.4906768,52436760.990949
2024-08-30,0.1266741737668872,1042222907.7958088,40263719.14996957
2024-08-31,0.1285457969168122,1057691570.5329092,44320941.30313751
2024-09-01,0.1233816760386989,1014630819.8935616,35486404.52015506
2024-09-02,0.1185980370323441,974980897.0099372,39251413.60353071
2024-09-03,0.1254279007587554,1032364995.4926568,41170374.520834304
2024-09-04,0.119478910717538,984236520.1868984,40953343.01856072
2024-09-05,0.1223948723142372,1005839199.1221856,53050667.48075977
2024-09-06,0.117777395146408,969280040.5270008,46598534.87116218
2024-09-07,0.1163292606791367,956667769.7437444,60450628.84160961
2024-09-08,0.1208525648717999,993767903.111302,52601615.22802022
2024-09-09,0.1250499063196299,1030251577.449198,55619820.92805359
2024-09-10,0.1280674684134518,1054842465.5903196,51398417.98648904
2024-09-11,0.1293046028570417,1065363568.9994376,42914703.89553018
2024-09-12,0.1270422773261016,1047521258.3671511,45681109.02462259
2024-09-13,0.1299469710303381,1071718247.4071528,37717437.54819841
2024-09-14,0.1331501753247222,1098479844.891229,45596382.63845145
2024-09-15,0.1313126216082555,1083235274.6132758,40337381.94482633
2024-09-16,0.126589187438011,1043530111.3312504,32911033.05778596
2024-09-17,0.1239204178118198,1024002151.0854988,40884352.10668125
2024-09-18,0.1240066192039364,1023655120.4571753,42802073.10415521
2024-09-19,0.1274842548764399,1050795665.222948,54990053.79832816
2024-09-20,0.1315208353069798,1084764556.5397773,52948849.69643201
2024-09-21,0.1326485602373825,1095480703.539879,46345007.96247613
2024-09-22,0.1362081399952955,1124995669.850895,36646034.157519184
2024-09-23,0.1319855936717564,1089269665.7784405,39045583.68018903
2024-09-24,0.1340347028674693,1106720429.1820035,49217446.747891925
2024-09-25,0.1385988944736116,1144620920.408341,50565175.99479642
2024-09-26,0.1372643176625195,1131398875.969791,57279311.59183048
2024-09-27,0.1435431054747423,1186263867.7587202,60704850.733184606
2024-09-28,0.1443254261221651,1192984618.1045527,56892241.88899445
2024-09-29,0.1413963563319269,1168652045.686651,48287616.89834602
2024-09-30,0.1411404444663857,1166625002.01308,42395872.11679309
2024-10-01,0.1342837351405734,1109743973.9378366,53194458.97010559
2024-10-02,0.1248577454642657,1033497188.5405585,71292717.0596473
2024-10-03,0.1210844213151543,1001612134.1452602,53079974.997129865
2024-10-04,0.121866141309551,1010371257.3807108,66462103.364979625
2024-10-05,0.1259008187476977,1042179068.7267524,62495922.454980165
2024-10-06,0.1258566980962812,1041306366.6781502,37730310.995746456
2024-10-07,0.1266518895715582,1049078113.5667682,39308061.02505015
2024-10-08,0.1246006820506917,1035551407.5583086,57550840.00707072
2024-10-09,0.1211596939817517,1005918675.253224,55009788.61637967
2024-10-10,0.118690935709544,986561012.7487588,51415359.35952626
2024-10-11,0.1182781960868896,983349262.5000978,46235251.03167388
2024-10-12,0.1214085183113037,1009383265.874206,42903046.08789501
2024-10-13,0.1219285307075568,1013296285.4634014,35796995.40647022
2024-10-14,0.1203530743465029,999554282.5635084,39225033.28901928
2024-10-15,0.1264242034571047,1051763832.3573585,54492983.87030575
2024-10-16,0.12553571635981,1044165761.7376236,63697074.31188427
2024-10-17,0.1230391976261956,1023309496.5043828,48724505.57074252
2024-10-18,0.1196927782316537,995649722.9049937,54901679.24831632
2024-10-19,0.1231146425858762,1024765275.8906088,46239976.97102068
2024-10-20,0.1234045131352391,1027050237.2105312,39895881.13822742
2024-10-21,0.1302455758775662,1083110608.9908867,51487895.99589504
2024-10-22,0.125688046579367,1046991938.2763385,59371012.822093084
2024-10-23,0.1241418045680013,1033119510.1338316,55526121.25997403
2024-10-24,0.1211903445651371,1008416874.55021,49362163.31569029
2024-10-25,0.1220609964395076,1016021900.009568,44574008.68674869
2024-10-26,0.1140582814876095,947292837.131996,57781341.557274975
2024-10-27,0.1145384621486104,953879922.2322482,58109413.85949164
2024-10-28,0.1157153758464502,963853206.1721056,43276468.01090335
2024-10-29,0.1182394974503221,985335657.7377294,56487533.32984348
2024-10-30,0.1238599163942427,1031530926.7906303,56188722.415733896
2024-10-31,0.1206782303085319,1005986807.074105,50347045.72318808
2024-11-01,0.1142409683980644,952854678.7999436,55953317.42251865
2024-11-02,0.1144905906755841,954365556.9428706,58850647.48165275
2024-11-03,0.1136219259665264,947002982.397013,52065052.05345236
2024-11-04,0.1092110476438463,909168538.8093036,65695529.803914845
2024-11-05,0.109143090905374,906075986.0010228,69231229.41357799
2024-11-06,0.1140098041727652,950356424.527997,57931070.65424545
2024-11-07,0.1217117954079865,1014216074.775009,83347967.94476332
2024-11-08,0.1225134976666112,1013575705.7487108,75444069.03116111
2024-11-09,0.1312124598894274,1080239972.5764182,98298065.91339812
2024-11-10,0.1332750717849269,1103459632.2598898,67741139.68484132
2024-11-11,0.1451836420317509,1199160005.0186884,159516284.9501758
2024-11-12,0.1582289486811878,1306259793.044881,145636825.380738
2024-11-13,0.1549925612209274,1279734627.179171,187127434.66721845
2024-11-14,0.1458332271689352,1207026389.5885973,150802050.1636364
2024-11-15,0.1453597478665766,1202481858.0226722,126545528.65687887
2024-11-16,0.1866035874216872,1543927769.2373466,609569698.7225381
2024-11-17,0.196945539393259,1627407101.9064362,618647818.919782
2024-11-18,0.1837002131988391,1518971340.0978365,200665840.1584767
2024-11-19,0.216329625552739,1791841956.5247283,656173869.0311105
2024-11-20,0.2230868888368446,1845540997.4950576,416846998.7180813
2024-11-21,0.2125102316848702,1758687701.9608877,245907773.2519371
2024-11-22,0.2149191545803626,1779495707.713275,277320270.2387681
2024-11-23,0.2591044815960471,2147274906.7483168,528390106.58606505
2024-11-24,0.2913803011447256,2409339308.292735,1017925111.9163984
2024-11-25,0.2845762653779052,2356720508.560939,686724480.3906611
2024-11-26,0.2599138026315495,2152450293.6430464,384883169.3777549
2024-11-27,0.2963715268934433,2455807165.672554,485578160.737382
2024-11-28,0.2931593372368317,2428581614.9151564,491654013.5820143
2024-11-29,0.3240548346816123,2686501503.5155406,394352810.734076
2024-11-30,0.4458528776360346,3710872441.479664,2203933993.0650053
2024-12-01,0.4397704956602445,3639499443.970638,1866598389.5465
2024-12-02,0.4887431705154254,4049070023.901477,1810718865.8193216
2024-12-03,0.5029654360739825,4179412847.431948,2071922457.8832805
2024-12-04,0.5108853865524452,4242156049.1188855,2510172336.7894607
2024-12-05,0.4774861475773011,3955340459.64156,1249680933.4270003
2024-12-06,0.4512532040137976,3746431093.2423816,951510442.5051732
2024-12-07,0.5025001470593116,4175817684.663692,926315895.5224068
2024-12-08,0.5127886219280953,4270014397.5795255,936026814.4418944
2024-12-09,0.4990678110515243,4144629680.392386,542484706.5679805
2024-12-10,0.4198523503983354,3488235207.198165,822791379.6214049
2024-12-11,0.422353593072149,3503374362.2445774,1045750122.5771908
2024-12-12,0.4539436656481304,3774145894.030614,585508900.1415542
2024-12-13,0.4277009364683066,3554192753.0917044,641564333.6421916
2024-12-14,0.4373641722705735,3636820351.887929,483389722.3075823
2024-12-15,0.4214662009805629,3502084829.281558,271127064.40197384
2024-12-16,0.4323786341920037,3600392201.393857,290547023.9606366
2024-12-17,0.4141903479755232,3447033539.243348,395210538.9609803
2024-12-18,0.4128712888948966,3438614554.2471766,471741762.7794704
2024-12-19,0.368088085862908,3055066767.035539,465815283.8344585
2024-12-20,0.3345993383850364,2794889870.0707216,568983346.6592672
2024-12-21,0.3468039517314453,2886436707.9545493,614787781.4353861
2024-12-22,0.3284623400167839,2729084888.899672,368387075.331375
2024-12-23,0.3482112475905973,2910912325.117316,359768552.4933025
2024-12-24,0.3745981909510738,3120320829.813976,392944171.5622953
2024-12-25,0.3972121636555558,3310497433.5712047,342743928.83351815
2024-12-26,0.381468212486533,3177964727.8380685,162541472.2236696
2024-12-27,0.3467630833939821,2892857705.012145,182510846.0226656
2024-12-28,0.3319817364977959,2764999902.5443563,238096840.11587647
2024-12-29,0.3444021283510543,2874827715.4091096,144867042.4410044
2024-12-30,0.3255500066292573,2713341350.1171546,146669191.04877272
2024-12-31,0.3290934539057342,2738681749.54044,247061841.32339907
2025-01-01,0.3341569209667885,2782277265.610141,215444392.230712
2025-01-02,0.3768410850425718,3137413180.186902,303129556.86676353
2025-01-03,0.3927197847284761,3275158391.638527,323212222.8483192
2025-01-04,0.4172167707712794,3483913777.317718,373071299.9159474
2025-01-05,0.4099915540009893,3425078527.805901,250440629.0210575
2025-01-06,0.405811232442191,3391132053.589681,224390222.10340148
2025-01-07,0.4148712292432537,3460865604.305107,284003848.9617847
2025-01-08,0.3756253808027765,3133099415.1163845,328935863.5096337
2025-01-09,0.3595549271493888,3008694532.778447,274017701.6366484
2025-01-10,0.3426765748338865,2865595525.41286,207289158.7226294
2025-01-11,0.3738438780023119,3129329955.284749,281087918.99496233
2025-01-12,0.3776052708090963,3159497387.155975,158786321.87085843
2025-01-13,0.3605703769264419,3016400876.615721,123553909.35487716
2025-01-14,0.3488114333598512,2922935352.24998,233226889.04567865
2025-01-15,0.3719439455327744,3113573309.6400347,160024093.54684666
2025-01-16,0.4474700983631582,3748534804.239857,544797609.610737
2025-01-17,0.4633604749642614,3882785125.166282,605724073.0828456
2025-01-18,0.4704437399433321,3942565572.647533,410399372.8154912
2025-01-19,0.4447765409999521,3723015613.407998,276231282.4568279
2025-01-20,0.3963757842545196,3340928781.9119244,383414210.8759506
2025-01-21,0.4281612430582814,3592826495.0521355,537858521.4559152
2025-01-22,0.4248108417631689,3560857085.825535,297614303.086957
2025-01-23,0.4045243222814231,3398392158.4450965,208348253.65433335
2025-01-24,0.4102082550262127,3443495074.596472,253271441.79363436
2025-01-25,0.399996198434312,3352261213.9888644,199895756.9991838
2025-01-26,0.4036065572073303,3392852945.8821363,129962036.88407733
2025-01-27,0.3822246959060481,3213587645.9537616,144806574.83916366
2025-01-28,0.3858952357273682,3234482855.513324,342205161.3906119
2025-01-29,0.3635436727801379,3053381255.2425523,143158767.58426604
2025-01-30,0.3698621519559604,3111654740.9327817,144069714.7020543
2025-01-31,0.3880354865117875,3258430098.550464,132512217.36710872
2025-02-01,0.3790156715989339,3187190165.483729,131310939.07938369
2025-02-02,0.3482512533052659,2932842624.3308287,106151241.56581676
2025-02-03,0.2993105023088626,2513796160.751851,243117368.06769648
2025-02-04,0.3122491325297694,2630175532.00644,536600675.4239808
2025-02-05,0.2920192305358194,2453111493.3256,213540780.560607
2025-02-06,0.281548526835325,2370031517.190748,134992257.6286305
2025-02-07,0.2660830444752608,2232334127.6158333,139756876.11339742
2025-02-08,0.2694784256328695,2269645401.767808,162617118.9838153
2025-02-09,0.2765231330118825,2329567199.069421,93220560.19963658
2025-02-10,0.2752621466657644,2317459960.954862,124741133.69607088
2025-02-11,0.289490550689498,2438566427.4207606,130476785.49213745
2025-02-12,0.2865274603657683,2415147345.8987803,130845778.795731
2025-02-13,0.3032175830364181,2552200130.819408,169882652.54002818
2025-02-14,0.2932159788593412,2473256163.0886617,122131973.63877252
2025-02-15,0.2964047953536241,2497266778.597896,115227766.39372563
2025-02-16,0.2844225816212423,2399743386.0449467,69549870.39730002
2025-02-17,0.2750900923416138,2320860077.0524144,54756686.47996956
2025-02-18,0.2700561830017721,2280516386.068535,83035570.03223081
2025-02-19,0.2568923911078131,2166248561.710519,118083944.50066088
2025-02-20,0.2611315650502395,2204959771.408941,74363517.94503272
2025-02-21,0.2711353073156032,2290598701.276448,90359498.23113988
2025-02-22,0.2635178872060584,2228701297.0193043,124155267.14290228
2025-02-23,0.2664303562792078,2252694883.379164,72281073.3127951
2025-02-24,0.2598436067688834,2197158904.382863,59868220.74340815
2025-02-25,0.2272332691291528,1924198945.1400373,135042124.60963947
2025-02-26,0.2314626783347797,1957062996.497269,149808486.43340078
2025-02-27,0.235055598259123,1991219964.806537,105829094.39719547
2025-02-28,0.2377359004258685,2011731935.172328,83113530.77518815
2025-03-01,0.2380452289435811,2014732042.0787225,155214304.04594722
2025-03-02,0.252967373728777,2139120173.6345348,116681407.10255072
2025-03-03,0.2905563149587919,2459427312.59999,338803895.4850643
2025-03-04,0.2388551771084575,2021723577.1480324,217057246.56956437
2025-03-05,0.2392262523167398,2025302030.3258984,198541247.1925541
2025-03-06,0.2501383429011206,2120306338.171019,113536450.1471646
2025-03-07,0.2414671891878879,2045330733.496519,105315315.90528508
2025-03-08,0.2333489576236486,1979465777.1961472,115161098.36012216
2025-03-09,0.2244415152259664,1901998682.2791305,64921282.41428264
2025-03-10,0.2012870056918733,1702723382.6506157,98278408.4966879
2025-03-11,0.1844927160813876,1563744179.4569137,127042570.58023192
2025-03-12,0.1910642602042076,1621136206.627839,114158660.97291908
2025-03-13,0.1955390286916236,1656832976.5067544,90217175.8352415
2025-03-14,0.1954845940622412,1662078802.3469532,85891012.8182529
2025-03-15,0.1988370639677983,1690286533.1795564,67057436.34939163
2025-03-16,0.2000465101855899,1700212817.0522904,54404286.16865533
2025-03-17,0.1865195802079507,1583326655.3298748,76446195.06540981
2025-03-18,0.1912581908210725,1627813631.6031964,61411081.19747995
2025-03-19,0.1867098363931291,1586067036.855635,77059651.84353915
2025-03-20,0.1998171394978688,1700173815.3031816,108223259.0246343
2025-03-21,0.1953308920717818,1663361019.6291957,72998695.12688991
2025-03-22,0.1872480963997738,1595263834.0454483,63251259.79878324
2025-03-23,0.187777324304315,1599180339.8628645,40685645.74879533
2025-03-24,0.191663830506318,1633939935.4726927,51987749.94745048
2025-03-25,0.2033165437969895,1730724187.9160593,76191115.79399219
2025-03-26,0.2113817466044189,1799406556.9060988,75032424.73622648
2025-03-27,0.2069023477213701,1762241630.7524924,62244508.97126389
2025-03-28,0.2121676344913899,1809588336.9037871,70839883.89905511
2025-03-29,0.1996142990797829,1701820007.1501305,71815798.34032674
2025-03-30,0.1837661991258261,1565844097.8834212,62023717.78787784
2025-03-31,0.1793993764029707,1531818617.2437162,42657213.57700776
2025-04-01,0.1799425742490004,1535182623.9608572,67818651.454433
2025-04-02,0.1892909560015075,1616180641.0398817,58998339.582546346
2025-04-03,0.177362948107292,1513448210.7405984,113015934.5432222
2025-04-04,0.1810410834733029,1545656328.0981505,79481209.58821724
2025-04-05,0.1860230537466959,1587273766.6782274,129137446.90380104
2025-04-06,0.1836194889344074,1568304930.9048574,50363210.78364724
2025-04-07,0.1625830986846509,1390733647.278078,84753242.62644124
2025-04-08,0.1670856163623623,1429807303.1827035,166772812.95831534
2025-04-09,0.154441446894591,1320650136.5634582,90982880.59230448
2025-04-10,0.1808725354669264,1549636636.4831898,154119155.95205495
2025-04-11,0.1763592857059727,1509338022.295731,83152921.00362849
2025-04-12,0.180188431361054,1542684034.6171432,79065678.92005159
2025-04-13,0.1910097344638234,1637578928.1661131,104449554.56499983
2025-04-14,0.1824853785593449,1562027741.743444,63908585.6870284
2025-04-15,0.1888021492443996,1617428191.9317892,114093752.1387357
2025-04-16,0.1793392100787229,1536505760.649582,94886175.69064409
2025-04-17,0.1816072156341984,1557647619.6131835,78519100.625788
2025-04-18,0.1867045791069992,1599823198.655966,62141487.87377161
2025-04-19,0.1893975587247218,1623842997.8583238,49824407.70401552
2025-04-20,0.193414451715743,1658364287.5710604,37511439.841393575
2025-04-21,0.1929560954088816,1653401263.0288818,43002412.25023065
2025-04-22,0.1929808267722125,1654100074.186014,73936295.15534212
2025-04-23,0.2096258885001405,1796564609.4478908,104086366.43666008
2025-04-24,0.2137928665555991,1835315520.08,106146428.15106425
2025-04-25,0.2257325550569359,1938211596.0144527,100734068.4509967
2025-04-26,0.2281216041123708,1959057286.917192,92807807.22160912
2025-04-27,0.2286980432837258,1963827922.5994968,70445865.29253833
2025-04-28,0.2215912183180496,1902885083.5992973,61441680.98445204
2025-04-29,0.2305574322044309,1978490782.7310803,98589532.09771109
2025-04-30,0.2264860157172054,1942023773.3562744,70559145.25540683
2025-05-01,0.2201028504440604,1891022608.619644,91650592.35973956
2025-05-02,0.2172530415137131,1865810151.4635096,80094013.50098087
2025-05-03,0.2153306010907244,1849725617.73058,66260107.57226109
2025-05-04,0.2076446768674588,1785188376.7002738,43179038.82379854
2025-05-05,0.1996724295033102,1714674721.0380802,41140150.60812058
2025-05-06,0.1994460360676171,1713893514.5485308,52067514.160687454
2025-05-07,0.1994740152685402,1714828683.3170223,66073260.79416562
2025-05-08,0.1994346258957083,1713951771.0915878,58777165.332092606
2025-05-09,0.2243432837140863,1927538592.205597,109258425.94927806
2025-05-10,0.2323007262339902,1995348994.0845609,130349334.91425118
2025-05-11,0.2523693770522172,2169924367.2966747,101726196.740907
2025-05-12,0.2395809597321422,2060887850.2570667,102140675.2345084
2025-05-13,0.2423555794137991,2083705514.0663888,167346304.88989964
2025-05-14,0.247968276158999,2132227326.521144,115425735.99863024
2025-05-15,0.2370906601413451,2038311795.8604188,89531641.38022791
2025-05-16,0.2250973571274054,1935844284.356472,103811827.03739063
2025-05-17,0.2237159277932582,1923846876.104591,68015207.35380925
2025-05-18,0.2152785722562661,1851413804.5774329,62944675.66648229
2025-05-19,0.2248005569886264,1932042899.0876207,80252875.26390319
2025-05-20,0.2222213199248362,1911287175.7926643,63345599.33174261
2025-05-21,0.2246622700371147,1932571239.214648,51682502.672670975
2025-05-22,0.2313366284089696,1989633479.754068,83501338.36960597
2025-05-23,0.2409409882002313,2072709577.5596292,87616856.04388823
2025-05-24,0.2252751471003281,1940432779.444356,94660815.35910386
2025-05-25,0.2205446056283286,1896594381.588029,48090718.14041523
2025-05-26,0.2209254906606628,1900369495.825076,52976092.04274949
2025-05-27,0.2181753942528691,1875181542.6394424,55823765.25201069
2025-05-28,0.2219401704431431,1909189783.377043,53285917.65404285
2025-05-29,0.2173693808427945,1870697952.515007,53380541.46297587
2025-05-30,0.2109580675617282,1816270877.364268,61580091.401626766
2025-05-31,0.1926650902871019,1659317672.64447,97432821.31130676
2025-06-01,0.1940916790422201,1672098174.149675,51567288.20663536
2025-06-02,0.1955613664564758,1683476183.733935,40716122.01452344
2025-06-03,0.1990344670686032,1713590486.614456,42753838.45411168
2025-06-04,0.1975181721691381,1701464170.9769807,47133154.42276704
2025-06-05,0.1917045677661428,1651411656.0962253,43131038.56644556
2025-06-06,0.1816346061851391,1564566917.3056746,72629528.76368186
2025-06-07,0.1873440777660908,1613989458.57269,51834651.45688279
2025-06-08,0.1911145797586393,1647422422.9739394,27704122.71586177
2025-06-09,0.1903936088296841,1640788489.0306962,38005829.9283942
2025-06-10,0.1996472482449154,1720968051.320749,55120637.2953083
2025-06-11,0.2078042419398222,1790018471.1370194,74043263.1648992
2025-06-12,0.197100549479948,1699935384.628371,85509881.79568648
2025-06-13,0.1814437171028797,1565438266.9652605,100672481.90792865
2025-06-14,0.1805683885245681,1558336679.5903304,147589706.753961
2025-06-15,0.1773497969251392,1530360203.0675733,45345871.60905224
2025-06-16,0.176395771703228,1522735030.5604317,45353591.76806837
2025-06-17,0.1768741936547804,1531871610.8637607,61696038.08285902
2025-06-18,0.1699069740672755,1467247753.3447702,82632050.8716482
2025-06-19,0.1705968334459829,1470149253.0004206,61087373.84342309
2025-06-20,0.1692780992429178,1460788068.2210891,50429789.15750223
2025-06-21,0.1669887799892554,1441158271.7278917,77006576.42777742
2025-06-22,0.1603351603379295,1381826106.5359924,56952522.13731781
2025-06-23,0.159872460064805,1382763701.9440286,104346128.61521034
2025-06-24,0.1795133083218678,1550731285.073866,82833710.6581037
2025-06-25,0.1826350427791137,1576704520.2108018,70567698.60182053
2025-06-26,0.1758006890108036,1517250937.5193028,52799624.00688124
2025-06-27,0.1720168329902254,1484887920.222116,50987691.70417294
2025-06-28,0.1748547771287205,1509663335.4957118,41498543.502489455
2025-06-29,0.1764098485946643,1523262844.4109137,24702096.671348337
2025-06-30,0.1859339607361676,1605511730.85909,40998877.159352
2025-07-01,0.1852895092380937,1598805118.5837646,59529335.13872987
2025-07-02,0.1712590231881343,1479592703.5502317,118746126.38284236
2025-07-03,0.1812344340643998,1564259867.8811522,79812775.58916219
2025-07-04,0.1821007783249202,1572857776.1656656,55253269.99440374
2025-07-05,0.1735888448897457,1499176208.747733,53486119.128521256
2025-07-06,0.174637110840378,1508810840.8662033,27459783.311101872
2025-07-07,0.1768029564826353,1526218924.8236134,31550777.4563278
2025-07-08,0.175981447433983,1519436574.6264153,37816951.587471865
2025-07-09,0.1794015947080239,1549763506.427283,39689403.93563175
2025-07-10,0.1923597048440748,1663207928.6444674,63827774.74641501
2025-07-11,0.2113105254773241,1820070392.5380373,100016690.097867
2025-07-12,0.2182986692031049,1886549174.702344,177471678.23042944
2025-07-13,0.2187073827369094,1889905071.138017,104537363.5321773
2025-07-14,0.2643311552998526,2276330974.482396,413681198.0423007
2025-07-15,0.2791382733551955,2420267508.947138,655801423.1517112
2025-07-16,0.2830587545300471,2448011453.682104,312740448.6144966
2025-07-17,0.2843520517477673,2463119069.7607474,228411146.35704693
2025-07-18,0.3211962158476967,2783215837.2271967,462858857.351076
2025-07-19,0.2934073673442743,2544815996.890398,374161220.5326147
2025-07-20,0.292230346797134,2535608282.047587,117250183.91144931
2025-07-21,0.291531923312989,2529805415.934977,124456828.97587384
2025-07-22,0.2985037534373361,2592278055.771464,180837776.9412591
2025-07-23,0.296237747365577,2574326440.240804,139519522.98149472
2025-07-24,0.2671479741324583,2318588923.8779016,174292431.25821775
2025-07-25,0.2619505424970709,2273230575.951487,131726111.02824014
2025-07-26,0.2668654206897246,2318087483.662764,135713679.7251132
2025-07-27,0.2751985484478546,2392260498.9330463,109145756.34820518
2025-07-28,0.285605440017333,2475649333.762616,143289995.0064685
2025-07-29,0.2639996636294477,2295732958.227327,131000665.69751172
2025-07-30,0.2602206910741734,2259998352.260382,110257666.12803435
2025-07-31,0.2538686291443732,2205794953.1905403,112301471.51146522
2025-08-01,0.2442946233566644,2123679415.049592,121291214.4319934
2025-08-02,0.2363439096719715,2054367047.460216,155859169.9074508
2025-08-03,0.2278411201847095,1984978773.6830208,90127137.91693544
2025-08-04,0.2433907821429585,2113723044.2331183,89934089.08546023
2025-08-05,0.2481939745531483,2156624512.0014706,111765513.83479124
2025-08-06,0.2374696295136998,2066947277.333379,97018637.74660511
2025-08-07,0.2428014941324297,2112059370.644416,78851669.08077131
2025-08-08,0.2638613820957359,2294619565.6797185,142920753.6238199
2025-08-09,0.2656678243342842,2311725657.666088,230642560.2719878
2025-08-10,0.2706058346761191,2354681064.1782846,117913706.41464
2025-08-11,0.2657242229827365,2311978665.652941,93172654.81916691
2025-08-12,0.2535490501388352,2209818142.3634005,159883561.93852672
2025-08-13,0.2712505512614959,2361773244.6053457,224898151.24399835
2025-08-14,0.2806600976118967,2445282277.073209,167293235.3515171
2025-08-15,0.2540443320150628,2212635338.068968,228440294.45234337
2025-08-16,0.2532906895880539,2209689731.983496,134264344.50706628
2025-08-17,0.2607790440003408,2270616611.386302,71347683.90647945
2025-08-18,0.2662955795962938,2320311844.1576943,96980390.95785657
2025-08-19,0.2551150178863038,2226045284.951036,142676755.2002399
2025-08-20,0.2380692715034172,2081509802.480749,131706303.00897932
2025-08-21,0.256734562777644,2238133590.2021265,111332951.08976153
2025-08-22,0.2480702537293952,2160810160.7445235,87348917.24670203
2025-08-23,0.2665170760377272,2325658783.2684445,167153560.86382028
2025-08-24,0.2638525707033134,2301006701.8257346,82862083.03786148
2025-08-25,0.2717527134769269,2370953474.395351,188106485.13154173
2025-08-26,0.246141212527989,2145864851.6985104,186829437.2521378
2025-08-27,0.2549119799925363,2225029591.219703,133167583.86753877
2025-08-28,0.2474247337208837,2160049337.7531915,101396884.65405063
2025-08-29,0.2526514654585948,2204531668.853248,95327581.92670052
2025-08-30,0.236824469628077,2067210781.6060257,135582571.18378422
2025-08-31,0.2330993337585824,2034560728.5144,69122700.81834438
2025-09-01,0.2315820545213015,2021451044.526797,45506238.9979785
2025-09-02,0.2271275414091982,1977724610.7611103,107036962.4291895
2025-09-03,0.2333128973914898,2036960143.1891043,65981579.23023698
2025-09-04,0.2325592182344171,2030229879.2588823,61286395.49367676
2025-09-05,0.2273306507742835,1985182833.921756,55991990.41708064
2025-09-06,0.2297770455672258,2007613062.338657,75845002.94617663
2025-09-07,0.2270839404306107,1984243201.452818,25478617.029554103
2025-09-08,0.2312020086873371,2021610022.417108,51837968.50850781
2025-09-09,0.236550919553889,2065469092.6825693,72901579.20270728
2025-09-10,0.2335423492701933,2046176478.9777975,94938826.96486738
2025-09-11,0.2396387969626069,2097127977.0087817,85820439.27774148
2025-09-12,0.2443576010173327,2141711863.90037,87598299.98725185
2025-09-13,0.2483590685425403,2178010446.767555,74866341.09994325
2025-09-14,0.253103190834647,2218993793.2210007,107529622.50305484
2025-09-15,0.2393043561316054,2096660719.949464,102152454.07237984
2025-09-16,0.2327515226319581,2042259671.6469584,107154687.3761133
2025-09-17,0.2371620968405199,2081318309.6768272,80209896.81592174
2025-09-18,0.2439833431729881,2142090272.5067692,95399507.0714716
2025-09-19,0.2465931093551107,2164146660.7527995,91915839.85966286
2025-09-20,0.2338582838426825,2053063635.1502635,84196449.75224163
2025-09-21,0.2352794901845805,2065741269.0379117,61036332.55958036
2025-09-22,0.2311740067239822,2030012336.875101,60879078.9066984
2025-09-23,0.2136930188815683,1875753573.9003649,162381798.27554762
2025-09-24,0.2109175554973572,1858066671.7667267,79031588.33230723
2025-09-25,0.212899109863047,1870528703.5089664,80355365.92600654
2025-09-26,0.2024028684781646,1777082380.1538,126613828.72467908
2025-09-27,0.2084296601272901,1830750534.1215384,87131788.17243783
2025-09-28,0.2060648200312616,1810101628.2223568,49814496.20092474
2025-09-29,0.2085295640180771,1832331071.120895,56166983.95011608
2025-09-30,0.2078723613295615,1825163376.2733135,100888452.7574463
2025-10-01,0.2078860465586782,1826766373.0099068,105649549.04830828
2025-10-02,0.2208339319558661,1941520133.1818364,113134387.02426684
2025-10-03,0.2245843105752742,1973590543.76808,111916434.22486122
2025-10-04,0.224919393595308,1976946574.5346384,78886596.66479564
2025-10-05,0.21969064412886,1932891838.3053632,88914747.60899964
2025-10-06,0.2187673604338387,1923879166.89895,70639887.90099813
2025-10-07,0.2294093841599755,2019003152.6147392,107268816.78213903
2025-10-08,0.2188629646157929,1924918950.5561936,97300685.1874524
2025-10-09,0.2240227452648991,1973570244.6807473,89675819.51246935
2025-10-10,0.2207739724872231,1942966708.767974,80156909.88340913
2025-10-11,0.1771122220304303,1571533007.241752,278867890.3325345
2025-10-12,0.1820207391477522,1601291852.3849416,225886014.95202553
2025-10-13,0.2026443897691046,1782457891.8665864,126571351.82976976
2025-10-14,0.213127170992265,1877869990.1879864,114508514.900761
2025-10-15,0.2053811600808625,1810110802.4104068,149321786.65620628
2025-10-16,0.1961458264561781,1728198926.5505395,104707437.3215344
2025-10-17,0.1847129051935554,1627103324.6931603,110524749.66161732
2025-10-18,0.177476585395287,1564510494.236097,116679430.18163171
2025-10-19,0.1795577572427883,1582101796.093897,65125726.80693034
2025-10-20,0.1834743024907765,1616296457.930302,47860704.27626161
2025-10-21,0.1868993909502589,1645862524.671572,84042509.47531782
2025-10-22,0.1812612040861114,1595893688.3767955,92570865.67418124
2025-10-23,0.1783738343339626,1571839127.1677835,99182742.428698
2025-10-24,0.181187365877399,1599070080.418646,53407497.10269424
2025-10-25,0.1857375356498395,1636770616.4053557,71202752.8494805
2025-10-26,0.1854171069079336,1632576953.2670848,38714506.74551552
2025-10-27,0.1911431117996667,1685296118.5105844,58438186.404069334
2025-10-28,0.1854152429238031,1629677821.550767,61660747.4078319
2025-10-29,0.18484586442148,1623458390.5898302,135699747.15615088
2025-10-30,0.1835796193475716,1613425136.6292484,65145560.44661423
2025-10-31,0.1732775341319954,1523057715.7614665,107320243.07037257
2025-11-01,0.1770893711067068,1556765579.338981,57555317.27972078
2025-11-02,0.178901537435473,1572175837.725693,56742168.88373075
2025-11-03,0.1784631270992717,1566032419.2839954,43365863.81745123
2025-11-04,0.1599800026045209,1406243046.7289157,130251164.0060302
2025-11-05,0.1545743565931627,1357563816.629659,109962510.59276769
2025-11-06,0.1619940611501581,1424868227.9484403,72354484.27313386
2025-11-07,0.157368278925698,1382786111.2976031,62908629.95992663
2025-11-08,0.1811229962722572,1591890350.5161817,111071811.51892072
2025-11-09,0.1779276801224471,1564822490.21408,75820985.08504763
2025-11-10,0.1779031987840259,1564057308.7041292,69633343.23944014
2025-11-11,0.1888136511682357,1660195780.2929337,95490030.57270011
2025-11-12,0.1775696037562669,1562770426.224532,83219996.44176492
2025-11-13,0.1718370303244504,1511213687.3827217,71091789.79613186
2025-11-14,0.1682579188672168,1484668719.4758277,89110701.34720983
2025-11-15,0.1611294814898035,1418417917.9093533,91286342.0585109
2025-11-16,0.1635237295673739,1437960623.4709525,49369071.05227208
2025-11-17,0.159397427406153,1402574609.531187,70938566.23186213
2025-11-18,0.1522569824456343,1338531929.7370677,79109465.21536411
2025-11-19,0.1568045662851006,1378743951.7597082,71700000.45951943
2025-11-20,0.1516600786147701,1332829121.2302632,59105778.24909632
2025-11-21,0.14413074506537,1269542765.8669646,73373558.81865527
2025-11-22,0.1368421238708534,1203663157.6412735,103912233.60209632
2025-11-23,0.1356340624623294,1195953625.2238889,46094671.125862986
2025-11-24,0.1437067345528734,1266395814.5478072,43216525.574007384
2025-11-25,0.1436819910014499,1264365343.6213603,57270471.338085294
2025-11-26,0.1462218246420419,1286856481.944399,54324257.4253603
2025-11-27,0.1462953620197629,1287414464.2452247,45997167.62416128
2025-11-28,0.1443480561566615,1271022240.5292058,30864500.669613197
2025-11-29,0.1436469400806715,1265264416.6213868,43929042.15170494
2025-11-30,0.1399680190905102,1232583185.717377,25022157.70990512
2025-12-01,0.1373969492463426,1211019932.0365968,34839715.38562512
2025-12-02,0.1306211586835672,1150336648.419453,59420872.78161154
2025-12-03,0.138904130853187,1223662935.155941,46957886.13286467
2025-12-04,0.1439416215254193,1268598465.1931596,42893354.55281189
2025-12-05,0.1385770693587352,1221118688.418615,35561287.07893253
2025-12-06,0.132810202436767,1170483646.9290705,43372145.58347148
2025-12-07,0.1335807209310618,1177552723.70389,30348843.771391667
2025-12-08,0.1324907818718111,1167942519.9048684,34353831.00799672
2025-12-09,0.1335725785990949,1177062259.3810933,33332211.294406228
2025-12-10,0.1382713175511319,1221117600.043471,42308566.2060011
2025-12-11,0.1350452977355856,1193812084.7767198,56660922.6414294
2025-12-12,0.1300108662208348,1148127862.7360218,60786596.33498258
2025-12-13,0.122984382806048,1085489582.365519,48781631.270581454
2025-12-14,0.1220329766782781,1077271339.610552,29291391.56897216
2025-12-15,0.1191146050594957,1050560548.1600516,35154608.06862877
2025-12-16,0.1154577740114873,1019296485.0047612,46423432.63666466
2025-12-17,0.1168087973671389,1030577614.9418594,39077985.80366921
2025-12-18,0.1114250962466605,984008289.8767352,42400741.541936986
2025-12-19,0.10727297346031,947663916.2749772,48601940.42476677
2025-12-20,0.1147572915088016,1013894371.1636244,38522723.599893734
2025-12-21,0.114740452584454,1013459008.1519532,19067356.4812166
2025-12-22,0.1116000702711253,984895599.0374703,31297287.271402
2025-12-23,0.1117607233537683,987191718.2104024,41661917.446621925
2025-12-24,0.1136830184688899,1004773019.2963428,34041365.77880971
2025-12-25,0.1129514325556425,998017463.0957826,28360525.243711285
2025-12-26,0.1137992698299841,1008220816.5666938,37793715.35970438
2025-12-27,0.1181552422993316,1043780899.7023731,32500022.745951302
2025-12-28,0.1199275040583,1058881268.4281132,17622201.856927402
2025-12-29,0.1199408439134058,1059571208.7611943,22316429.59129981
2025-12-30,0.1172661003810816,1036282362.7530292,31458417.758603264
2025-12-31,0.1149984389074665,1016052889.7931074,36541692.45508858
2026-01-01,0.1101829878224683,973758651.7038124,37776495.199810915
2026-01-02,0.1202693419895405,1062818367.737276,43286838.39185843
2026-01-03,0.1275429309406371,1125021392.2057147,60407889.94023236
2026-01-04,0.1280351315908713,1131410672.4731915,42102998.37477688
2026-01-05,0.1356045164382543,1198400700.746042,62636209.16630504
2026-01-06,0.1399022374518261,1237666251.3987896,68611198.7860036
2026-01-07,0.1423655520405332,1257798226.335132,83466103.95757404
2026-01-08,0.1363493824766219,1205001066.7523315,53628284.93062834
2026-01-09,0.1344039548498763,1188641140.2473533,50510685.23676657
2026-01-10,0.1331924764324161,1177855457.9739866,37762197.36212656
