date,prices,market_caps,total_volumes
2020-09-22,5.28424438726287,124357932.92103656,245857265.66415152
2020-09-23,5.28424438726287,124357932.92103656,245857265.66415152
2020-09-24,3.491229168216385,86335245.96938415,97342432.17482528
2020-09-25,4.573890580327729,112209367.28386834,69665168.04927005
2020-09-26,4.702973876095848,115431881.83108865,41950754.98125503
2020-09-27,4.524678243432584,111216735.78175372,21176150.392053947
2020-09-28,4.652979768192462,114464431.45007946,17356907.97055633
2020-09-29,4.206658980271183,102464370.65740834,14748322.291531274
2020-09-30,4.138614653765331,101476428.14556378,12477984.35950614
2020-10-01,4.3273324024062845,106075718.1781186,12785136.09148073
2020-10-02,4.155602631208861,101765148.94373225,17312305.607966352
2020-10-03,3.9099099574382943,95235623.92130172,20480180.81475524
2020-10-04,4.028153546757421,98705092.3254942,8157800.073572848
2020-10-05,3.9688527298707648,97280078.97841498,8341041.062748824
2020-10-06,3.983027284959082,97598132.46152855,5274554.213608636
2020-10-07,3.541747372273497,86535411.99838454,8620566.607562283
2020-10-08,3.4413650446594928,84321271.96959245,10136144.152725177
2020-10-09,3.9083820710299406,95666267.60295922,9112782.415372472
2020-10-10,4.243203228389407,104353473.9399411,8083299.110651138
2020-10-11,4.026138967282433,98544391.67879473,8854861.444740139
2020-10-12,4.104038313365283,100492812.71403536,6653417.800167322
2020-10-13,4.415432337070556,108582519.711606,9407445.188746862
2020-10-14,4.483415556165992,110080680.83523569,9879743.142588776
2020-10-15,4.149229943053339,101614515.74379374,6324588.955505573
2020-10-16,4.130905147133307,101179434.49459964,4178780.246160479
2020-10-17,4.048449316015311,99262361.22632042,6092849.116656564
2020-10-18,4.193864385042294,102464240.61286058,4016426.545291323
2020-10-19,4.125095246738391,101052321.94285494,2393108.0246924674
2020-10-20,4.054191127181616,99287196.09997629,3814046.050018597
2020-10-21,3.8084935063375434,93294082.00219084,6488499.338391293
2020-10-22,3.961184523320031,96953352.82761252,4093830.9432037342
2020-10-23,4.3329499671601965,105613659.25748108,22188059.092310872
2020-10-24,4.26258566547734,104209761.0585092,17864243.589453157
2020-10-25,4.189666942085328,102615999.01554418,15284821.365305046
2020-10-26,4.131025010075838,101220228.0017595,14195022.66987678
2020-10-27,4.151182229295094,101700425.3400067,20491070.63553679
2020-10-28,4.132092090719307,101200482.43172462,15982829.478286523
2020-10-29,4.066853657222082,99642110.96420506,17694239.251827728
2020-10-30,3.782075122627534,92611506.83782682,19176341.03403596
2020-10-31,3.723757370409702,91254971.87654056,25860480.27362753
2020-11-01,3.637902514610184,89124828.89025648,18619900.779043667
2020-11-02,3.6877924672575046,90268828.1074171,15242039.906739367
2020-11-03,3.623914349704928,88946751.03086248,17509659.125208754
2020-11-04,3.320716478749695,81232558.92827202,21262489.69767414
2020-11-05,3.183540906046702,77957366.50910236,18553138.93832313
2020-11-06,3.3619032561675457,82272104.7950755,24893051.71475946
2020-11-07,3.602302501982694,88335312.05807617,31163485.622371767
2020-11-08,3.422974908967325,83877177.60827443,30270381.1843266
2020-11-09,3.450565132660549,84538845.75018345,24140141.30037517
2020-11-10,3.4123283379658065,83349229.42019878,23732139.34429084
2020-11-11,3.5789975686617974,87088350.82790206,23138653.76916582
2020-11-12,3.4938463799540425,85079479.60119635,22536447.967011515
2020-11-13,3.426295916532368,83573007.65010884,23557869.41802157
2020-11-14,3.6887378553935615,90280893.33736517,25158607.112861387
2020-11-15,3.4982859459558204,85858225.76238146,22017841.4466868
2020-11-16,3.545961291931629,86917107.65111312,20663402.602641556
2020-11-17,3.701780979347012,90564375.734851,24334591.112465862
2020-11-18,3.850821185910004,94031202.96905072,20241159.98645585
2020-11-19,3.758716423002044,92120855.91840066,17514134.353118777
2020-11-20,3.639452035320714,89170024.12454775,18593948.46804531
2020-11-21,3.708675367606913,90652773.82846752,22298819.945408035
2020-11-22,4.014871800511429,97687305.45423897,24540869.80997068
2020-11-23,3.8951162009179288,95458813.10520576,23855867.313789263
2020-11-24,4.070758681119089,98827918.30780049,22559536.52763126
2020-11-25,4.257054136764098,104232031.27779132,28115103.101459112
2020-11-26,4.040355334481183,97997404.6998645,25307273.80642556
2020-11-27,3.531787898047006,85894760.41318981,31985791.29986177
2020-11-28,3.60239361115469,88177719.16363938,21862616.112289805
2020-11-29,3.624877983365333,89165379.61543828,16724931.721035836
2020-11-30,3.700930282082298,90415731.8530729,17252559.560578257
2020-12-01,3.675294845817628,91011244.23821864,20088310.893637203
2020-12-02,3.567487254757791,87378844.64407429,23096407.061286
2020-12-03,3.759990960267427,92200690.6146808,20616561.52465987
2020-12-04,3.8179467481668072,93468840.99869756,20471319.280940827
2020-12-05,3.56284745212329,86999672.81361604,23175098.645947225
2020-12-06,3.634295330337526,88766817.87850463,21372520.89494119
2020-12-07,3.595334140147179,88049032.73434037,20702638.25029724
2020-12-08,3.3816963156921664,83108661.18952127,17934376.787846044
2020-12-09,3.1374667910891123,77010453.02882059,24361823.538899977
2020-12-10,3.2748796137271183,252385545.07816792,30752642.06041845
2020-12-11,3.1586794578043,243616900.63525727,26557274.24603656
2020-12-12,3.2531835970191407,250576572.1247169,29975734.063240662
2020-12-13,3.3401362124739924,256947331.32839143,22841147.14844668
2020-12-14,3.3227025797264877,256318053.5596465,24791323.898030903
2020-12-15,3.136320655695538,241461626.67734823,26019166.475077584
2020-12-16,3.296625986181793,253933092.0884222,19338279.70522333
2020-12-17,3.3415414550250757,256428206.26885608,22761071.46051741
2020-12-18,3.211690680339498,246257015.6744128,25798514.54449682
2020-12-19,3.406337310202563,262297801.62879267,22876167.235580597
2020-12-20,3.4678194034651715,266058376.66401336,20119942.901379585
2020-12-21,3.309575879212005,254455780.6031638,19262495.123729777
2020-12-22,3.113046706720028,238990435.5854669,26070122.49536164
2020-12-23,3.0912137574002343,238271409.6650733,30313165.86350097
2020-12-24,2.988403330278243,231269412.8173366,54772121.11380685
2020-12-25,3.107804372682705,238046567.5781525,29533715.404195104
2020-12-26,2.951741662508668,228012504.52357036,26081740.45519649
2020-12-27,2.927143649230784,224768343.1328365,22772505.75294801
2020-12-28,2.915339321806199,224896698.18329275,26033390.64777709
2020-12-29,2.949404426593608,227699109.75690803,24292056.30827001
2020-12-30,2.9234883703900008,225312386.26819897,24038968.122458648
2020-12-31,2.9140658167284226,224573485.1174685,18535107.096902963
2021-01-01,3.2067767178511386,234519739.58818716,18856276.37132058
2021-01-02,3.66584040349846,284123805.91887754,73495725.23672332
2021-01-03,3.5011306390731107,269752040.3911291,48334246.71500547
2021-01-04,3.460421764701412,271319283.79050165,36322497.09117792
2021-01-05,3.515633280894971,271901048.1882951,34737433.612629786
2021-01-06,4.291884561102384,329418903.36190766,62195573.93838292
2021-01-07,4.622471683302943,357949587.62078243,69276202.4070896
2021-01-08,4.490586485081188,342991007.25585955,50235962.78867241
2021-01-09,5.808799404644824,428199152.8732252,105632108.25614534
2021-01-10,7.265505432305608,567823926.2247876,175907770.88433945
2021-01-11,6.59681401377156,509290935.3390616,86084757.10777552
2021-01-12,6.495361999451825,500944759.1810912,93812090.78420512
2021-01-13,7.752237665310813,596739723.2791654,139476916.10646027
2021-01-14,8.470867268951869,652929584.2394081,95860390.06816864
2021-01-15,9.298271816908075,728195727.0258197,139055430.9417642
2021-01-16,9.356116878609232,728299137.5004963,121449906.2518078
2021-01-17,12.92680115690824,1006296045.020786,274763200.0357675
2021-01-18,13.125604047616871,1014138879.3032016,261905853.0901365
2021-01-19,12.691775399963552,980149877.6898432,117222286.33734529
2021-01-20,11.797484791543022,909583574.0609672,137602412.53157094
2021-01-21,12.57296154053508,969325619.7497256,146503918.30653948
2021-01-22,11.34968688854791,884592513.6531386,147554195.77785707
2021-01-23,12.694700045733684,983018614.0952848,171113172.7449789
2021-01-24,12.868331874504412,990131369.1336092,126638480.38501766
2021-01-25,12.444290007408927,958503970.5227852,93729229.68267846
2021-01-26,12.219640149155907,942373983.2135644,84412625.9837596
2021-01-27,12.205471826555264,938407541.5473028,109503339.9774128
2021-01-28,11.194522039800024,860905474.4245652,89488626.80873758
2021-01-29,11.994562732932318,926628225.3224598,93916448.02862483
2021-01-30,11.587885361155436,892930654.0864819,118575466.39042868
2021-01-31,11.962179984022768,919686929.9696254,92540873.2918268
2021-02-01,13.469297821352306,1036012456.4582224,302913973.23771626
2021-02-02,13.181408093320432,1011744189.3323869,133015631.97741424
2021-02-03,13.504583184697712,1045591515.0400656,80693604.10141225
2021-02-04,14.864357903384407,1141560748.586234,120741881.4977188
2021-02-05,15.317957387179376,1173420109.1206522,158745931.63233206
2021-02-06,17.935561870427435,1360075063.9531133,176514532.6699587
2021-02-07,17.982307294688297,1386116087.1680558,171329135.2154263
2021-02-08,24.08730542561494,1787279073.6552732,469848044.6890896
2021-02-09,30.52777607414703,2330220490.5496354,753489100.7588732
2021-02-10,31.596744300262177,2448785318.136536,369465170.3933558
2021-02-11,55.51484730173893,4207984620.425286,1864834841.9318247
2021-02-12,47.228491541914856,3640061001.429288,674867688.2516339
2021-02-13,48.980940222392405,3796814383.572634,556615019.0249048
2021-02-14,43.985820465466176,3402061200.9158163,334919631.1013236
2021-02-15,38.507308248364666,2957869402.927417,410244108.797892
2021-02-16,37.959060119691856,2894940856.7395782,488806991.9165682
2021-02-17,36.2357357306177,2780393790.21098,356060812.8780018
2021-02-18,36.82697833286328,2802672084.3868403,391164746.2512645
2021-02-19,40.895495750328365,3147053843.644912,427919398.0179883
2021-02-20,38.93652200447798,2993431697.838348,379801202.91102105
2021-02-21,36.3534365414534,2756645540.8705006,492691484.1206625
2021-02-22,36.22346900068016,2794834713.8243394,304024539.60455525
2021-02-23,32.45383191436662,2493656100.218958,412349660.007682
2021-02-24,27.51617738173916,2096206453.7364893,411495999.6829497
2021-02-25,29.74129698885183,2281061933.698634,427723977.7727849
2021-02-26,26.666341173107742,2061682046.3814487,310387937.22893983
2021-02-27,25.99030287205455,2002068863.905729,247743336.28440088
2021-02-28,26.137626905691228,2004032045.2309716,230477612.7850947
2021-03-01,23.85607145277158,1842530857.7771137,232538774.71807295
2021-03-02,27.425455424832325,2110163404.193464,308775747.5807897
2021-03-03,27.188054746589867,2094263115.8612683,603396123.3439286
2021-03-04,27.38833799879518,2114222657.4246168,363074840.6570829
2021-03-05,25.675490236065123,1973105952.8766005,356310649.106428
2021-03-06,24.441001287889627,2025433205.0503812,245552351.67973703
2021-03-07,24.989470041609493,2083974561.8366723,154754261.22236574
2021-03-08,26.56727859029896,2217827184.625925,273005605.9156461
2021-03-09,25.49599582848919,2165237250.361357,203377042.6601986
2021-03-10,34.27674764223849,4284718953.7043824,1031867627.195846
2021-03-11,29.807323508090693,3808848278.960339,765291610.9159317
2021-03-12,30.73680875354817,3934864217.65297,514178258.4388289
2021-03-13,28.117722285861383,3606292560.414046,379484470.71574575
2021-03-14,30.992577497724277,3960366190.906277,455395660.1728984
2021-03-15,29.26533537224084,3770070595.034111,294252177.97215533
2021-03-16,29.069045851009488,3728828896.1205,321463773.28516346
2021-03-17,33.081252026160215,4205874671.5854826,460165568.08228034
2021-03-18,32.82609035078864,4195909504.215072,475133052.5521619
2021-03-19,33.30822164005943,4251465498.9323735,449721017.5106571
2021-03-20,37.83962031914909,4841288250.690567,675328140.580694
2021-03-21,34.44023069216908,4421209366.283285,388516334.236906
2021-03-22,32.92911576581013,4211026792.751812,371116648.021364
2021-03-23,29.510058230793643,3795055172.738754,373950442.0823653
2021-03-24,28.757556645820877,3659646314.1554666,349232570.8752222
2021-03-25,26.053184110042988,3345930074.988572,338153949.62149525
2021-03-26,25.76882821217773,3267591871.350262,330827514.10394925
2021-03-27,28.15734922216305,3594381859.958332,230776170.8368624
2021-03-28,27.67157136533701,3550332621.3520665,169854417.50014177
2021-03-29,28.624516804103145,3650238012.090469,228476510.1166219
2021-03-30,29.600558910849777,3804266244.020157,219703944.8350976
2021-03-31,29.62185815751755,3790153625.7350087,221563714.6856491
2021-04-01,28.649511340932087,3667524624.1772633,224818137.61054865
2021-04-02,28.352805253336,3628818616.841701,179940714.24838203
2021-04-03,28.92074137135353,3703609746.4137344,177255510.81359163
2021-04-04,28.20324272141725,3614941150.090654,426224466.8292235
2021-04-05,29.25849953413901,3748901258.8338666,203736404.48602337
2021-04-06,31.15764993777871,3988965459.38444,423543959.12471753
2021-04-07,31.6387730003081,4064413025.497807,402859806.2185375
2021-04-08,29.581033707640348,3822599952.0515046,333267898.70347536
2021-04-09,30.76251678412145,3934463236.1451817,209480602.2958724
2021-04-10,31.471558327453188,4030114768.9579134,268529509.857372
2021-04-11,32.07559498535796,4114354954.070793,374040339.45845217
2021-04-12,31.480290902554973,4045289666.257441,205287732.04654288
2021-04-13,33.88869894296564,4350727543.060595,465865354.31176776
2021-04-14,33.88377657532517,4343560124.996935,366725297.1673147
2021-04-15,38.516381594175485,4961307642.406858,938295404.8147668
2021-04-16,37.130825856708775,4767391064.9070015,576835317.7863458
2021-04-17,35.2626492641124,4550206528.436206,423577088.8499272
2021-04-18,34.25197323608631,4408303670.943454,301177193.11705863
2021-04-19,29.2792826582362,3765597554.614512,579381109.8847109
2021-04-20,26.51633343371477,3412628582.4499083,316019091.0459517
2021-04-21,27.221395301681955,3513993514.4128137,323253556.6640463
2021-04-22,26.10834090520312,3386392910.987539,281165176.54416627
2021-04-23,24.193198137772097,3122553330.869511,301041557.7673158
2021-04-24,23.53612134514007,3020637110.878325,363249177.5087026
2021-04-25,21.777279381506077,2827395699.2906504,184145561.6293585
2021-04-26,21.50514444673564,2762123911.0471134,141275581.2659282
2021-04-27,26.22744871707413,3360216107.391796,260578636.2283277
2021-04-28,27.590045746375115,3552417979.1175704,221928172.9493424
2021-04-29,28.38057879190039,3651668306.55792,277058343.56552505
2021-04-30,28.011404559210863,3618611690.575815,253046449.40736303
2021-05-01,32.87361571668135,4207796400.048865,473821081.5676769
2021-05-02,31.83887538844901,4113040049.6581416,517110886.4476864
2021-05-03,31.30077874087277,4024642460.529015,279840964.3043837
2021-05-04,36.02053644107485,4632809115.471254,626327133.7186668
2021-05-05,30.47742553383065,3946615836.216188,417038602.090708
2021-05-06,35.35734224274425,4561814156.233879,266094761.4489015
2021-05-07,37.99576748246954,4887941649.743038,469600110.23071206
2021-05-08,38.24824301705053,4929607619.567562,673472110.85109
2021-05-09,38.39548288254306,4948723703.463895,276293453.1469752
2021-05-10,39.06701826894676,5007421179.676972,287333690.25970376
2021-05-11,34.924303068576165,4509349122.277823,516365754.36653215
2021-05-12,37.17524430469056,4772825464.801782,346412805.8696742
2021-05-13,33.4787959998622,4552216260.726946,627072756.4393809
2021-05-14,35.04553260694779,4435737241.656202,558904348.2719007
2021-05-15,37.16658831410479,4776624358.453818,422257216.836676
2021-05-16,34.47587959792063,4459775094.314252,572957487.1037196
2021-05-17,36.180002165317056,4645139397.748668,595249553.1811095
2021-05-18,33.567339487428264,4376339185.087632,524528860.5692055
2021-05-19,36.831548268760855,4691253616.568687,454537735.8962453
2021-05-20,23.93840575425692,3147719253.4954915,725492322.4154593
2021-05-21,24.951411424044355,3213828553.9803147,439772793.02975297
2021-05-22,21.7594847330305,2790385622.598601,323128249.21680933
2021-05-23,18.869815321404797,2438234418.090817,192281707.47663823
2021-05-24,15.88098195110946,2041886573.867061,324565112.4037476
2021-05-25,19.351895194004324,2506451157.742522,319094870.19067025
2021-05-26,19.497741248016307,2532493078.0033445,230025913.19100344
2021-05-27,20.835907241473308,2679286494.72359,228359717.38723347
2021-05-28,19.083272550301103,2483878922.287402,155195303.00046673
2021-05-29,16.83857943912863,2186094070.5359745,159354633.67136985
2021-05-30,16.18824483090784,2114758160.381429,102432769.49294424
2021-05-31,16.50800967730034,2145425505.814309,79071200.59334275
2021-06-01,18.07312492336038,2353206153.5757246,102016798.0440714
2021-06-02,17.819336612889675,2324888175.721887,95158358.82394268
2021-06-03,18.740486656539,2444614509.8610964,118743410.66092944
2021-06-04,20.26487940080013,2659208521.907187,138838327.91539803
2021-06-05,18.26917419828292,2388789630.0315022,130131982.30481093
2021-06-06,17.145530478676655,2236462223.7562146,106947811.761073
2021-06-07,17.40685571336171,2268194432.7625027,55449625.55530477
2021-06-08,15.370267178714087,2665865012.952466,150139153.4265329
2021-06-09,14.862452395149688,2562659411.9361844,147281949.88847342
2021-06-10,15.360058958912424,2648519211.9450064,128547102.1919657
2021-06-11,14.197480798043506,2460165965.46623,106540918.39861616
2021-06-12,13.4428618589502,2317772711.1909094,94662491.78348278
2021-06-13,13.62576969363913,2362565807.542536,97952798.92975728
2021-06-14,14.806039901754346,2539431832.8260503,115599101.42754155
2021-06-15,15.127537288450217,2608466642.3346424,108610604.31535152
2021-06-16,14.821299355540615,2559572981.306809,101565623.97048505
2021-06-17,14.015935398998028,2409672158.1831765,98010447.83910854
2021-06-18,14.864389472484929,2553417108.576602,127140118.492252
2021-06-19,13.635180104142895,2352892932.6817546,92381824.59044576
2021-06-20,13.449009507887489,2322198706.428656,45214966.56843575
2021-06-21,13.97338101662488,2408546156.075574,67234330.28908692
2021-06-22,11.271998612206469,1976836813.3346932,103211568.60676564
2021-06-23,10.560092708972908,1812727423.6476133,135535139.72419712
2021-06-24,11.443675613313424,1971198828.3166716,87322668.70803922
2021-06-25,11.494056109855672,1983197983.918392,63091040.91376546
2021-06-26,10.494226866109017,1810397014.0401127,61956422.48758391
2021-06-27,10.238252905314312,1764483968.7883637,51578836.58897007
2021-06-28,10.971621681945305,1891904340.2843816,41469424.44344715
2021-06-29,11.358903273797395,1955042811.3384893,54767030.663755454
2021-06-30,11.877253393885963,2059481956.092384,72926426.82906115
2021-07-01,11.979536647973951,2065555978.968234,66998154.47989767
2021-07-02,11.28479352868169,1945650519.6549048,41174708.396974266
2021-07-03,11.125866494234922,1915792955.545629,50295970.81700652
2021-07-04,11.47507214930529,1969513843.7416449,47215646.16632279
2021-07-05,12.427187394505642,2143873986.9945931,73970756.3985549
2021-07-06,12.141184862538331,2094752711.257948,79219510.72721966
2021-07-07,13.361750302641695,2304880606.273988,142034942.51575035
2021-07-08,13.105310477177095,2259674958.8287807,108541638.6805049
2021-07-09,12.177571712542244,2099648485.1199656,82134728.7320182
2021-07-10,12.650873054443366,2177105607.57075,75841045.92790152
2021-07-11,12.11144473908618,2088233065.3061604,40133340.77621422
2021-07-12,12.392155658142572,2134134075.8275552,36054335.6344243
2021-07-13,12.22825978630878,2107097145.1124463,63099782.67341126
2021-07-14,11.889011832634148,2053153065.91459,53572502.5191443
2021-07-15,11.801704411936456,2035050521.114877,53868598.80540524
2021-07-16,11.350857497731887,1964199273.093541,40991543.84128475
2021-07-17,10.88082297238804,1872923010.4752908,49170809.20432831
2021-07-18,10.945625793244448,1890488894.9721053,29938225.16693476
2021-07-19,10.832545124275466,1866468288.5673828,31104251.25469977
2021-07-20,10.302068681997676,1776502547.303835,31205957.58315692
2021-07-21,9.66826820995774,1664970131.4212422,42790167.487961166
2021-07-22,10.48464238349115,1801373126.7105627,50500988.706786565
2021-07-23,10.895471024943186,1878421767.458873,39875725.76668348
2021-07-24,11.054283139350204,1906725795.423807,36373388.14169346
2021-07-25,11.1591715535976,1923695627.074672,43637266.51721008
2021-07-26,11.301627796348354,1948223732.2044237,34991157.84786453
2021-07-27,11.418540260062011,1975304692.4356225,95570786.96902798
2021-07-28,11.829816784330944,2034718722.6640763,56068874.22267475
2021-07-29,12.248191676181552,2111568834.01999,73625406.90745342
2021-07-30,12.39078059940034,2152536356.183362,74291681.80129455
2021-07-31,12.944043583453478,2244382125.410079,73489632.45785159
2021-08-01,13.510960123171188,2344357341.4212813,73531554.05509867
2021-08-02,12.824684539797593,2223222206.675426,97279937.63431114
2021-08-03,13.064815097409758,2267904332.185805,60151366.8009347
2021-08-04,12.63341853141812,2194102326.6991334,69250145.96391109
2021-08-05,13.654777952388084,2368444093.901032,57307038.31955908
2021-08-06,13.84156554955157,2401545994.333388,62445885.35327292
2021-08-07,14.79514260184161,2567056339.2326107,89832056.21316503
2021-08-08,15.67798441730363,2699013065.6224527,111722663.79228994
2021-08-09,14.757106583994927,2559906526.318755,71372208.08684437
2021-08-10,16.085947593991744,2774101116.074543,127524432.62591058
2021-08-11,16.46539117633326,2851064136.014242,113165388.60249642
2021-08-12,16.702186810307328,2896802705.109121,109606878.10990918
2021-08-13,16.520832012919215,2866706678.369092,99341456.65385371
2021-08-14,18.10472307424931,3143876614.6852536,102606598.64183436
2021-08-15,18.021964902404477,3133561830.3492794,98943570.92104936
2021-08-16,18.707650616323345,3244765385.0644417,85919858.88205414
2021-08-17,19.27465551669512,3409276873.8978577,238173752.04309297
2021-08-18,23.6248264345286,4117121269.7296114,708333685.5236129
2021-08-19,29.812285526286896,5181191513.816563,1088055292.838367
2021-08-20,30.9742326817734,5427535304.525953,1166951815.8624976
2021-08-21,38.499451282193846,6650043309.827912,869869763.9610019
2021-08-22,43.95694333470537,7621880511.7238865,1857695492.2130404
2021-08-23,43.57301860185422,7586408190.473223,1091134456.6145673
2021-08-24,46.36552119163621,8066378937.948402,1477827368.340026
2021-08-25,55.71923237070009,9947666913.270428,2104158288.1240711
2021-08-26,47.18493391644771,8215165694.63562,1475815545.3671362
2021-08-27,42.32911299383954,7408225518.492239,1161582825.3054352
2021-08-28,49.984485216908205,8709312808.408686,1572607655.7923892
2021-08-29,50.25738745352412,8769450337.437536,965252080.4599998
2021-08-30,47.54387384206907,8299402556.96965,738226945.0822438
2021-08-31,41.289889577440455,7217849347.122801,807099935.8601552
2021-09-01,39.6223015195866,6930747543.102466,803631238.1253407
2021-09-02,42.43596776762659,7488956239.904117,992127412.0569588
2021-09-03,47.530644845840094,8208051599.337643,883771525.713069
2021-09-04,45.80761953236709,8054269341.444115,1237827428.6580288
2021-09-05,47.24709701931378,8366989077.629795,865449809.518935
2021-09-06,48.02183580538264,10548149169.868038,709042046.2074453
2021-09-07,47.21880381931182,10389481562.412716,1120372843.7106028
2021-09-08,38.10167909463535,8385808708.773045,1450629735.6531146
2021-09-09,36.74457132907317,8099073660.952508,854271381.4043615
2021-09-10,40.95332903520038,9037986977.697996,1286851566.808635
2021-09-11,48.43566612732952,10664340640.457916,2281863152.2853794
2021-09-12,58.25203000804039,12821967384.440275,2453771422.743687
2021-09-13,59.69396875371986,13231808964.717072,2662564855.1258974
2021-09-14,53.5180614725866,11789711523.225445,2456626059.963408
2021-09-15,51.40868422448842,11280897717.80372,1204443523.1145146
2021-09-16,57.34253420380464,12579264876.9255,1098543372.986341
2021-09-17,67.45027431787689,14817271133.519575,2773205453.408514
2021-09-18,70.45911610031602,15554926815.966244,2071174275.2612329
2021-09-19,68.48538147965974,15030607675.637571,1919255860.4752584
2021-09-20,70.15668691561712,15421192503.771208,1742588477.3350644
2021-09-21,57.410267048802666,12578040919.45685,2358181746.6808167
2021-09-22,57.90385605809707,12727023983.647217,2494991964.834182
2021-09-23,74.21467139291019,16340411165.4924,2405525026.0147896
2021-09-24,76.35486767740508,16820595538.728369,2291368275.475945
2021-09-25,72.54966713836322,16168283372.72099,2180885292.8349457
2021-09-26,68.82282459762295,15187635527.24488,996878876.3231668
2021-09-27,67.0483383201725,14764401439.831331,1235523204.6494217
2021-09-28,66.53474797893769,14743177027.318071,1164837458.894235
2021-09-29,61.435481612073794,13676104903.434572,927139588.1510882
2021-09-30,65.19460999108864,14324823284.54708,1296556406.2210202
2021-10-01,66.47007244890037,14651539302.696323,984994428.32164
2021-10-02,67.54593178312923,14876022399.700403,1077107269.7595532
2021-10-03,69.48393486173926,15252309342.303717,1036199927.9040548
2021-10-04,68.97132636600621,15216109173.08606,818103603.5694607
2021-10-05,65.25381828400121,14383469171.810566,892718203.803919
2021-10-06,64.7264307228896,14299978729.636757,760243140.5486125
2021-10-07,60.12474045060597,13253723153.972183,920546801.2039216
2021-10-08,61.06384706948713,13398972647.350878,862127896.2243227
2021-10-09,60.26757571509122,13299755690.813124,776023722.2976528
2021-10-10,60.85751768886602,13396743295.616713,318424321.4981206
2021-10-11,56.64180450669833,12472147306.853552,438618802.40447694
2021-10-12,55.37920779741916,12117207625.43905,576974535.7793095
2021-10-13,54.19174688756272,11953029331.733408,676331252.8608974
2021-10-14,55.214194188199855,12165006928.489378,596717576.3324958
2021-10-15,56.1757661043276,12371290774.812128,516636783.3832301
2021-10-16,56.41585061653142,12408030697.720098,549140651.9149122
2021-10-17,57.81292124244016,12766836861.531763,726802965.36091
2021-10-18,56.27603046199562,12353993839.620457,384762145.5272643
2021-10-19,55.48390303130496,12190231926.139929,298193732.8705844
2021-10-20,57.0124282908953,12550121559.573084,365344331.1019104
2021-10-21,59.79610674610143,13168643654.780024,521653916.7088918
2021-10-22,61.39529490649076,13500244116.543762,782051341.3798083
2021-10-23,65.68786282191466,14471876889.852655,1177969976.9238229
2021-10-24,65.77094733117103,14502255493.652493,647412228.5454504
2021-10-25,64.69956251858116,14189588600.350027,486222248.7581017
2021-10-26,69.73520380084048,15362424987.78263,548267260.1339349
2021-10-27,69.02291439686667,15231945902.031343,917253989.806756
2021-10-28,61.70773292151095,13638439844.20456,938315469.3947822
2021-10-29,64.37937556465651,14182810435.812037,589667245.9443852
2021-10-30,64.6318466782779,14263317492.29797,380891797.1634813
2021-10-31,62.26591676367212,13716324771.049704,335707849.4482871
2021-11-01,64.29427912830057,14156201089.398258,384088099.3169964
2021-11-02,64.90581540363962,14232109159.50468,550190112.3187057
2021-11-03,67.68149736872535,14909325395.638376,428221495.5152083
2021-11-04,75.03022286764939,16546910490.83531,1014395091.231055
2021-11-05,79.05393356807336,17124642880.86739,1146238446.5848775
2021-11-06,74.57889026547876,16432498024.949331,617052844.6023481
2021-11-07,78.39911920726178,17228237584.40511,513939485.391632
2021-11-08,88.11973889072134,19359272314.11563,1358395041.6793003
2021-11-09,91.16546397681483,20137026255.44229,2004704771.9471376
2021-11-10,88.58305305570052,19650192435.621544,800792615.3645178
2021-11-11,85.04501745394138,18599184304.12656,1301955114.1816463
2021-11-12,88.11802306604339,19382859301.237686,653430020.4695531
2021-11-13,84.81838305613623,18684893067.20198,655006947.2285839
2021-11-14,97.685999066621,21495929416.360653,1099173474.0746083
2021-11-15,96.02591873268064,21047201644.221733,1132604956.8495865
2021-11-16,94.364173196425,20865448492.249767,1216611402.3586364
2021-11-17,99.4345405714911,21904094598.69913,1809870292.8006043
2021-11-18,108.50173741857604,23820649821.92819,2296426122.4852767
2021-11-19,98.6064628626434,21569232517.411938,1879479473.070595
2021-11-20,111.36965853663304,24228145819.15916,1483215464.690538
2021-11-21,126.06963111588966,27785014698.474133,2148220654.2552905
2021-11-22,130.16960749414352,28758882874.843,3310625645.963704
2021-11-23,134.46974746173134,30066351593.5684,3060244824.5988865
2021-11-24,123.5333485507255,27672395803.84879,1678257066.8234675
2021-11-25,115.96657623790922,26006335927.429176,1768376662.50082
2021-11-26,118.87894084065096,26605279700.589077,2014060206.379828
2021-11-27,104.421962774208,23344685671.64823,1602006698.5256977
2021-11-28,111.98434769302516,24929201702.515663,1067712221.8816617
2021-11-29,110.97352053958473,24923084977.028545,1302494619.7159152
2021-11-30,118.6104058425274,26388981039.77272,1139190583.1530163
2021-12-01,120.88233192704446,27230588283.504005,1692359874.6702082
2021-12-02,119.26942260381824,26683321650.21947,1293363181.3968153
2021-12-03,108.07085658708232,24315600968.615097,1073147059.5256082
2021-12-04,108.3545157133716,24177313476.602856,1250553379.185763
2021-12-05,92.36394266387028,22338436181.021378,1937571931.598823
2021-12-06,85.66709470944734,20696494699.892445,1127359634.1229846
2021-12-07,92.90769120588529,22489811470.519764,1687348667.784655
2021-12-08,89.9156911175943,21823162771.808487,997182321.1663718
2021-12-09,92.98112783667229,22562872205.500923,677105525.6599268
2021-12-10,86.37402881474569,21067772570.09674,854254384.9994344
2021-12-11,81.75407822327689,19994958998.62222,915438711.1554718
2021-12-12,86.08312663484078,20896784470.78652,732753069.5659871
2021-12-13,88.21333569242314,21293276823.31495,533128334.86962855
2021-12-14,78.90032318129515,19156344553.08147,1067558284.334524
2021-12-15,87.24244811383765,21192059558.799458,982803965.9467802
2021-12-16,100.79634347945829,24476225101.21547,2313502471.7087927
2021-12-17,98.6440709417485,24123591784.97086,1863618136.5827672
2021-12-18,111.60091489623272,27142146334.367157,2409028609.742276
2021-12-19,115.69450576009868,28154087241.713943,1543828507.8958964
2021-12-20,108.25379767554458,26478881283.10636,980557832.7237588
2021-12-21,114.28517198404865,27882474232.963737,1739271955.0093298
2021-12-22,123.47273573037523,30053463452.80481,1554964906.2012937
2021-12-23,116.59459070306332,28511627051.336063,1259783814.23814
2021-12-24,121.96832022558324,29617844546.20581,1226690744.428388
2021-12-25,115.09766306375484,27967800590.516228,994358249.8601888
2021-12-26,115.30089651953932,28053866214.00539,800347079.3187648
2021-12-27,115.4503669021016,28049258088.50606,878605004.2960683
2021-12-28,114.02689439817335,27782515406.11943,897938968.4805635
2021-12-29,107.695930902956,26284042907.77505,1385694264.0315642
2021-12-30,103.60154862331127,25093309921.49222,1057485216.63678
2021-12-31,101.5411609623904,24667095817.441307,961843290.9455284
2022-01-01,109.628152824814,26870290075.549736,1284949876.1474843
2022-01-02,114.02114384025094,27759632698.08952,729756931.8571017
2022-01-03,113.23228624603188,27631018651.5587,726073344.2588211
2022-01-04,108.28557609445387,26456464798.88434,759170312.7669234
2022-01-05,103.98916803062998,25697775175.187897,870797728.0167084
2022-01-06,98.22594702793624,24044737449.47953,1164966360.298808
2022-01-07,95.53298443372404,23404042346.93024,861987666.4147246
2022-01-08,86.83172329068684,21135819074.46434,1082203230.1479845
2022-01-09,84.06221177214938,20626079980.35316,905127606.1225137
2022-01-10,89.0602012039715,21605329949.54757,808404528.9359772
2022-01-11,84.44712294932509,20617858212.16098,1057285447.2015418
2022-01-12,89.58628102476806,21916125064.43344,682963668.5279102
2022-01-13,96.02785348897338,23428417146.950607,908538243.5785204
2022-01-14,89.7061015180755,22019021975.6696,733053265.7440205
2022-01-15,90.37756070759043,22039413879.223244,617027307.3641539
2022-01-16,93.43265339078472,22849251757.911392,481150093.0742437
2022-01-17,92.27684496953148,22554617352.205124,478918891.6117259
2022-01-18,86.89130228462591,21246442919.9752,574515252.3004528
2022-01-19,86.04701525076175,21061012482.794395,492077219.2932648
2022-01-20,82.96719960877226,20325852120.202187,513929559.85847765
2022-01-21,79.47966545534564,19561084110.463524,528582436.5349151
2022-01-22,65.92302814515385,16135812631.459578,1185727532.4319303
2022-01-23,59.73922727374735,14582365552.129835,1387501444.1788173
2022-01-24,64.74252028287475,15802266008.979528,917185256.2088094
2022-01-25,63.03144057421583,15511054813.039145,1091805049.846834
2022-01-26,68.14885745000299,16677263229.09035,938395788.999693
2022-01-27,66.1392057637467,16327345554.614626,1134178090.9227676
2022-01-28,64.83742724920603,15801360455.294256,872727504.8365759
2022-01-29,67.2115144061648,16458378321.875149,629457552.1525306
2022-01-30,72.24859174245796,17634080205.9726,666456963.6922847
2022-01-31,68.12597830077597,16702670620.82275,498620309.4172563
2022-02-01,70.07098704816191,17153285601.80485,666682025.081346
2022-02-02,73.49526715004099,18018324038.76135,805386721.8682183
2022-02-03,67.99931407727212,16631804054.745716,837755498.2193935
2022-02-04,68.10978569432784,16668547341.424149,665952175.4586505
2022-02-05,77.44431467666708,18749173999.910465,923112809.2235308
2022-02-06,77.49835136657174,18990442856.545864,786295264.9180106
2022-02-07,78.68841096573442,19214427634.1064,475873376.3651101
2022-02-08,83.42542500941947,20480016859.35281,859468140.6765712
2022-02-09,86.54164966375589,21203090311.56749,1885896785.9861736
2022-02-10,90.21655187774644,22128330082.16416,928171701.5065773
2022-02-11,91.1547048680539,22299787850.429005,1232878398.48341
2022-02-12,81.68718694613128,20006597365.82768,1007497662.1492882
2022-02-13,81.16809113081067,19813047767.691463,849647460.848177
2022-02-14,78.26386646264866,19234015689.580048,529755145.9971326
2022-02-15,81.96691615397846,20076170837.62837,684448631.4462265
2022-02-16,92.80390482189644,22898881742.14196,970909305.259856
2022-02-17,95.4392170602394,23575036247.060917,1333420687.072834
2022-02-18,88.22137798419865,21722888537.97914,1383010676.7536752
2022-02-19,84.08542703442194,20666288885.38893,957924969.9419198
2022-02-20,85.23013900266344,20867020371.07152,636547008.3074145
2022-02-21,77.41401345063362,19088069720.957302,765815215.2497256
2022-02-22,70.01952448270374,17240927125.27028,1247817729.5230663
2022-02-23,74.53198072066766,18287622395.737656,1024212300.2540458
2022-02-24,73.9086267581712,18193338945.956024,1294350940.2904615
2022-02-25,76.61415673133952,18830562451.198696,2333967745.423187
2022-02-26,80.98431323065903,19929297536.55785,1478105195.4363196
2022-02-27,81.63315481487143,20037179963.693264,1091134381.363367
2022-02-28,74.94355130572825,18405566797.63063,1182335803.249564
2022-03-01,84.35136291891277,20678374642.598232,1381432825.12984
2022-03-02,86.8387438261796,21366728263.48392,1831128371.972589
2022-03-03,83.18374727675494,20583813351.155582,1302568066.0976186
2022-03-04,78.8204261743839,19488998594.910755,1220049359.458512
2022-03-05,75.76934702978485,20135720441.268,1420126801.3780692
2022-03-06,76.91685905350708,20410960617.496662,763499420.9062598
2022-03-07,72.56544866386706,19298906468.120083,716010210.6086961
2022-03-08,71.90121422528819,19103616815.02364,905588652.9841592
2022-03-09,72.91840310031066,19415435795.16342,1072935854.6159312
2022-03-10,77.68601254822927,20664526832.843098,1349934553.223157
2022-03-11,74.0372859223744,19691912748.751568,952703727.2442708
2022-03-12,71.19753938241577,19041553664.37577,1167140208.8914454
2022-03-13,70.9730814670207,18903706416.681538,465679025.9340313
2022-03-14,68.1293468767722,18103520231.04125,486634276.5361773
2022-03-15,68.72931682791237,18218747473.44232,999390314.2554866
2022-03-16,69.86069079043209,18668753893.53421,786640492.6313237
2022-03-17,74.09989084863368,19550754192.467888,915621225.4831038
2022-03-18,79.69740209659133,21290596551.760868,1363739727.978561
2022-03-19,85.9769995308867,22954938132.50101,1402596714.7191718
2022-03-20,89.7789238550164,23994800348.194565,1351350651.285445
2022-03-21,84.83859791861929,22691615767.40565,1028609342.7501998
2022-03-22,86.54510826543354,23124499054.986755,1501322464.0349138
2022-03-23,84.08753239701927,22478694682.862797,1318049831.20307
2022-03-24,86.01083064214492,22946360407.46925,1042780757.5433184
2022-03-25,87.45969275809134,23390699477.972237,1118884240.8874075
2022-03-26,83.65295450305895,22377088634.591537,1003935169.2375884
2022-03-27,86.05962422715535,23022140760.74357,564325205.6338288
2022-03-28,89.54067092463066,23754196857.046597,645747699.6517264
2022-03-29,89.45931618959997,24280414595.552246,1552735076.911306
2022-03-30,92.7450675215324,24697648960.772915,1402031175.3276286
2022-03-31,96.03856721446344,25725736661.11448,1562475923.3481617
2022-04-01,95.70641184340114,25580015320.66437,1952352331.1073663
2022-04-02,96.69185175690043,25821773129.929146,1508156835.0120423
2022-04-03,96.2666507708467,25877773103.08157,1401882400.4857926
2022-04-04,97.59860833356178,26083107433.03609,1221707937.077418
2022-04-05,95.48411623016165,25498906585.249557,1095688964.4181812
2022-04-06,91.09254723289224,24474793968.178223,1033422920.3627862
2022-04-07,82.88620887033565,22360667453.77731,1603898087.2935352
2022-04-08,87.9556001242691,23646501242.849197,1357968821.355999
2022-04-09,83.7158295168013,22280026673.844437,1355731990.6838064
2022-04-10,84.5988854460848,22669362469.854675,537450234.9200071
2022-04-11,82.08921919603439,22161940663.489,437286248.5319061
2022-04-12,74.09278496530659,19929328820.19623,1102297837.662061
2022-04-13,76.52667001891224,20530719241.858547,825829559.8692002
2022-04-14,80.04523727101727,21449100511.949657,688732079.4317803
2022-04-15,76.85183582029906,20625953033.83972,639443799.4655795
2022-04-16,77.41784866621684,20754903817.54896,551282644.5113503
2022-04-17,77.98882366271391,20939818655.39133,282062330.7631237
2022-04-18,75.72613822533336,20207139932.557625,285789423.33771616
2022-04-19,77.7603107678984,20842054603.89379,699073896.1443837
2022-04-20,80.29005996330052,21500236116.144287,582094629.9024663
2022-04-21,78.3048460868706,21007972338.742275,621927351.0089328
2022-04-22,75.11001926660569,20136695081.348328,562030846.3868393
2022-04-23,74.21340586679122,19937884646.72319,488778040.3497721
2022-04-24,72.93665863010982,19619108454.43837,316116700.0523586
2022-04-25,71.60192696970599,19302471369.681866,299844059.86093324
2022-04-26,72.80715448320267,19557292373.49993,725809031.3234105
2022-04-27,68.60858880919736,18423510355.211277,522399669.7686946
2022-04-28,69.81844929678432,18744134632.88824,444000606.54554754
2022-04-29,67.23148451937278,18040114058.09253,553167470.142475
2022-04-30,63.51258201027555,17080501261.866665,520507446.86020607
2022-05-01,57.14129526138718,15281707941.736277,699701092.587549
2022-05-02,58.90822144177142,15815585462.180506,799512249.1314733
2022-05-03,60.42219155163724,16224636109.265863,816271660.353689
2022-05-04,59.65085247119416,16040297489.488989,505684989.0612961
2022-05-05,67.08574750291743,18020225158.17573,741251231.3272085
2022-05-06,59.16745440890086,15886375175.476255,1284291793.5017416
2022-05-07,57.052117694903394,15352458723.264534,812141169.8272474
2022-05-08,55.22212730615947,14911809170.674936,576625036.802368
2022-05-09,51.37029489409138,13841845521.862112,826146627.4514339
2022-05-10,42.29912539310415,11467821751.451424,1245942341.286455
2022-05-11,44.44359769287889,11914973095.512396,1318939783.1473713
2022-05-12,30.905388789126334,8460079828.071808,2123400516.7211783
2022-05-13,30.418492954552143,8226313819.370246,1476984066.177557
2022-05-14,32.08904175544813,8603893978.377983,1108260256.7889106
2022-05-15,34.00090967957494,9150641460.94138,640417925.4584092
2022-05-16,36.42635106021344,9793084734.695568,676678663.4387542
2022-05-17,32.59792703964918,8782139431.368914,786321651.6623595
2022-05-18,34.52224117418203,9293581029.333263,609688863.460187
2022-05-19,29.540600912429856,8010833953.906172,544355426.8784127
2022-05-20,30.481869087117808,8192254197.629122,754702768.0709441
2022-05-21,28.984559165871044,7807272839.168211,760795969.8067799
2022-05-22,29.991178724482342,8085455271.987723,422559698.0619503
2022-05-23,31.839105738611583,8601568203.672403,629851104.6279871
2022-05-24,29.04343304305203,7819159441.620555,708860740.7498279
2022-05-25,28.96969028636885,7836436509.317152,726299045.6781827
2022-05-26,27.22219816282344,7400321288.295898,559000632.9247844
2022-05-27,23.594655327479263,6422316418.406943,962455462.276696
2022-05-28,22.43282416091506,6070137742.195055,935196913.7240422
2022-05-29,24.888556335911904,6803542270.561149,702986784.9937675
2022-05-30,26.06716692068503,7078288722.608749,640234292.097007
2022-05-31,27.638595072665453,7508370593.009355,946910891.6845784
2022-06-01,26.584636010574343,7208555806.548465,863192887.8785532
2022-06-02,23.815431880006667,6506933108.804678,678777663.2286721
2022-06-03,24.66754989255323,6934634023.357401,638041990.5767033
2022-06-04,22.970797168652684,6438959869.430577,455974976.9613519
2022-06-05,24.57940586593163,6883334169.42346,365374379.6850853
2022-06-06,24.167959286957178,6811077765.10525,397882799.2291755
2022-06-07,25.94347689960417,7287882122.005945,781021909.089013
2022-06-08,24.747032869712,6970805482.493681,762128651.0278362
2022-06-09,24.504974257350757,6900731890.730301,488489426.3908978
2022-06-10,24.39330250101481,6848117619.652157,408699369.1175696
2022-06-11,22.124893835256515,6222585938.580299,454331312.1573504
2022-06-12,19.79512709605475,5572534968.155439,456468544.4381118
2022-06-13,17.57408470512002,4968584616.317056,730638186.5285761
2022-06-14,16.02818753951939,4412824577.303826,1285279274.378257
2022-06-15,16.553839568090634,4653698278.10358,794860953.3031156
2022-06-16,18.178176904996477,5076381198.011629,912041613.4029176
2022-06-17,15.744342203630785,4425021660.638996,590273009.3320316
2022-06-18,16.046664431647343,4528710128.88586,364753064.5220653
2022-06-19,14.89748243428906,4175620900.761785,482514626.5046207
2022-06-20,16.23227855745757,4561590990.010283,487378615.09408456
2022-06-21,17.165201281395408,4832366807.150154,574541765.7621444
2022-06-22,16.868800464344478,4739251149.501478,463321188.28021735
2022-06-23,16.122560991309637,4546159657.245696,386722959.4534199
2022-06-24,18.29371291808374,5160150868.767315,545536508.0435743
2022-06-25,20.667054566206573,5847997816.759386,696781349.4632783
2022-06-26,21.35267325083208,5992233606.99749,491400822.3261376
2022-06-27,19.81520009021221,5597997948.243785,379486037.203249
2022-06-28,19.3444450723413,5470613713.266538,413628694.4085466
2022-06-29,18.121793946953645,5113177708.735186,453605091.94888526
2022-06-30,17.57450833209834,4967701616.959388,471535800.3828603
2022-07-01,16.82365591209281,4704499344.059579,463523771.0795942
2022-07-02,16.227030305230866,4618747884.472763,525374965.6030808
2022-07-03,16.354451563284275,4628616200.503319,226864014.2945521
2022-07-04,16.671169910221646,4703087570.094852,234619023.22250265
2022-07-05,17.96299443917698,5078009683.589236,454031045.7053326
2022-07-06,18.050348300662662,5108605714.111268,561372802.9761641
2022-07-07,19.160111855323336,5417417463.089292,614009284.2671815
2022-07-08,20.275157236760748,5751205415.084269,611464904.6268454
2022-07-09,20.03237742289465,5684576776.578392,563304439.7929013
2022-07-10,19.921286577171067,5642504336.980618,276054631.3561885
2022-07-11,19.152348663983854,5426262386.617064,269629000.0533773
2022-07-12,17.374121015827555,4944935948.666025,308793120.1734905
2022-07-13,16.95068738814058,4851672513.652909,371796527.7584034
2022-07-14,18.83054917931376,5346246147.378275,703762293.5526686
2022-07-15,19.76893869840782,5605854626.933003,742637128.1832066
2022-07-16,19.37521484780832,5496705051.218617,545375219.8375155
2022-07-17,21.24450661606995,6041229825.967929,565940094.0443001
2022-07-18,20.6754755223974,5881451124.459204,498233336.1134496
2022-07-19,23.9583657427879,6759004103.8678,948073827.3425164
2022-07-20,24.703210618113257,6996816231.176332,1187776238.2185404
2022-07-21,23.722582492283543,6768338849.279568,1025885871.011424
2022-07-22,25.059064243301197,7124088488.133638,735232204.9309803
2022-07-23,23.69983679628257,6709880792.365269,584266376.8289907
2022-07-24,23.71186830705785,6724784285.905108,415892731.3034912
2022-07-25,23.97379394763964,6816915761.906359,403970272.7438523
2022-07-26,21.0714098156388,6056208965.375308,583630829.5622501
2022-07-27,20.6400774515915,5851340764.970379,316979808.5454973
2022-07-28,23.437344307935465,6632447521.377487,692294672.7431823
2022-07-29,24.24978943791172,6865793328.586535,912581678.6079963
2022-07-30,24.66994641119293,7072906488.54534,777337978.8720769
2022-07-31,24.24245704193404,6892000844.31958,639136725.4361678
2022-08-01,23.76502734374019,6769063615.736436,452514990.7511891
2022-08-02,23.58820978493365,6700928282.945081,490945827.6833111
2022-08-03,23.075795248789586,6586833847.289571,570652198.6000469
2022-08-04,23.131726687770417,6559594146.081984,551176572.0150048
2022-08-05,23.461812071583108,6657994269.351441,422303990.91801
2022-08-06,24.91819614952569,7070687077.063728,525795189.9433014
2022-08-07,26.72578360231699,7571156369.650065,650087346.6076016
2022-08-08,27.90085703483555,7936286806.451178,804681586.101218
2022-08-09,28.00438062229233,7974127884.919136,953356419.9986856
2022-08-10,27.511626454296422,7823851060.115796,702086372.8142803
2022-08-11,29.12562302418689,8275866191.633992,891514508.7610285
2022-08-12,28.56631196621201,8135041253.658877,718992380.0523747
2022-08-13,29.385924280560225,8359137949.1646385,431371942.2343031
2022-08-14,29.14348314964679,8300133859.073398,408069176.8787255
2022-08-15,28.225165877883885,8042826297.033743,347635820.2755172
2022-08-16,27.878861458097365,7904215936.2905245,439043751.8684387
2022-08-17,27.25116364726154,7763571236.742562,365922640.6116418
2022-08-18,25.53001019077372,7283665568.830951,426061889.3310658
2022-08-19,24.29901185731302,6932923663.008156,317388044.81052905
2022-08-20,22.535468027128204,6421004803.2693,639401542.8928515
2022-08-21,22.27653220490593,6331474156.141907,437765428.4862376
2022-08-22,23.063912750133177,6580655826.423256,330941210.3443605
2022-08-23,22.578586946210244,6414941474.891309,479782392.0222829
2022-08-24,23.56915784130081,6718039692.225762,426565608.0724907
2022-08-25,23.037001095776237,6561248638.738084,307991781.6216049
2022-08-26,23.073552041097056,6585353998.737029,270827288.6344872
2022-08-27,20.62468377710467,5847246009.729087,415680010.4343049
2022-08-28,20.159518992672822,5749207481.066454,278803543.1496108
2022-08-29,18.50213881721995,5261790721.020153,311288063.8368916
2022-08-30,19.39437338977039,5542192220.393582,523604236.7642736
2022-08-31,19.346256694654905,5552239521.442457,520162231.9624505
2022-09-01,19.10326584705861,5622851605.675999,347264486.5860822
2022-09-02,19.33518341962788,5684477948.8884535,258760696.02151632
2022-09-03,18.84118493901736,5548380262.414947,238552776.01262727
2022-09-04,18.87459885869279,5555445963.543313,138416682.6460545
2022-09-05,19.012911295769733,5596962510.603319,146818676.39796236
2022-09-06,19.37640263762838,5642232064.962178,184173053.4812068
2022-09-07,18.24995076103216,5385107338.703122,414068765.65565646
2022-09-08,19.0215071850802,5624214358.751143,279198608.9781768
2022-09-09,19.12641733384427,5646686843.331168,247901528.24362892
2022-09-10,20.337786247024408,6010227939.258221,345582291.6922746
2022-09-11,20.520579634835364,6072981479.80872,315129243.40864456
2022-09-12,20.59617712963203,6088678141.428216,290314556.00003064
2022-09-13,21.324711808246494,6294701399.910242,656207899.1223853
2022-09-14,18.90465943148506,5591520884.473786,555844789.2901565
2022-09-15,19.16095708631396,5645652382.153832,338628547.1059982
2022-09-16,18.197504127902665,5387976779.888762,369102169.3008817
2022-09-17,18.037866550246196,5338902517.868321,280168296.243047
2022-09-18,18.475086187502026,5460658972.684314,174717790.1840553
2022-09-19,16.772423267575206,4969156595.109048,319620171.6444016
2022-09-20,17.331398331989927,5128126603.379806,250555877.7466516
2022-09-21,16.6592285006815,4932167219.93796,213873554.3024987
2022-09-22,16.620101575272272,4903381064.412029,340372009.28394234
2022-09-23,17.72119179072971,5228726541.539872,241451889.95042604
2022-09-24,17.978922513072167,5331293400.979275,258558393.1978641
2022-09-25,17.632842626344456,5217162468.361474,143664792.01719
2022-09-26,17.319773979356622,5128051851.556717,116559876.79249232
2022-09-27,17.52015527156936,5162522045.155828,185780594.99439463
2022-09-28,17.319413981593442,5124694420.108583,294813208.1843506
2022-09-29,17.300891224033617,5117069972.600616,237998087.1119915
2022-09-30,17.349429643188028,5129624505.513472,178584632.4693805
2022-10-01,17.20194529291745,5096140744.727143,223400291.01166508
2022-10-02,16.97200474320262,5027498343.396645,114547216.40031116
2022-10-03,16.55833784302162,4920590407.467317,145440568.34511703
2022-10-04,17.17642561379372,5105360296.989269,176270052.60767108
2022-10-05,17.445843239343876,5163743356.55613,159964549.92031148
2022-10-06,17.347756371261344,5133040884.592073,159374815.3429362
2022-10-07,17.04761207683205,5048105400.876881,164985484.8918142
2022-10-08,16.825183361911396,4977936656.757804,156833323.33305773
2022-10-09,16.783780510615948,4970263236.783918,81643431.29891983
2022-10-10,16.900264862786443,4995293527.867108,80703198.94074182
2022-10-11,16.242777788636243,4814324834.115859,146933327.48354113
2022-10-12,15.946915689171078,4718935609.594896,183261739.18142232
2022-10-13,15.948162812989985,4728714085.16282,109226315.7904929
2022-10-14,15.669414655014496,4641098221.221644,322317859.6081873
2022-10-15,15.698930798144705,4638088681.56679,188508250.97484177
2022-10-16,15.441611088445994,4579441413.581862,103206247.66383716
2022-10-17,15.759450130370473,4669888753.273473,117501844.2146138
2022-10-18,16.213638984847766,4808057084.344471,148869262.68844616
2022-10-19,15.896121189130325,4709898211.497148,174532915.46328136
2022-10-20,15.10759908997374,4489125546.211865,219986241.07817847
2022-10-21,15.162827642291122,4496118067.237981,234128836.44266304
2022-10-22,15.692097870616864,4651315496.029367,242243157.2557525
2022-10-23,15.681633150196966,4652566948.932101,128845118.82723652
2022-10-24,16.296898284591776,4847145745.981251,203496313.77126876
2022-10-25,15.73381726367368,4673816695.5948925,161568199.20444596
2022-10-26,16.669265984157168,4961385737.273298,277057658.8457239
2022-10-27,17.02048404327999,5063097782.122887,336671014.60802114
2022-10-28,16.940761941044297,5052552433.499687,366572075.7883126
2022-10-29,18.33357156100367,5464104467.174119,448320103.384078
2022-10-30,18.2969267148701,5451680456.4507885,330856397.5818271
2022-10-31,18.24882328230915,5433061278.21818,288620929.7407291
2022-11-01,19.29760813539129,5775047507.582578,521910364.7813
2022-11-02,18.663794505763523,5576527567.809237,435506756.9456223
2022-11-03,17.90528290561858,5389406082.974267,514339997.3881611
2022-11-04,18.033312013525997,5383566475.845248,360858295.78022784
2022-11-05,19.373669308512905,5785089764.719382,516343577.797103
2022-11-06,19.59628838281898,5868715762.104095,525767128.6759523
2022-11-07,18.30051379459872,5480004094.638582,341327948.20071745
2022-11-08,18.046113377348124,5396277877.8395405,425943497.8126711
2022-11-09,15.991241348281338,4821158416.373545,832763930.4785045
2022-11-10,12.829795780959564,3846470073.119189,624316829.684165
2022-11-11,15.409547393627228,4611235657.355337,466991586.630844
2022-11-12,14.115011903105945,4213157749.171768,333214112.7976555
2022-11-13,13.056068460041304,3915534521.714201,144001528.36872908
2022-11-14,13.046276911362344,3901225967.1767926,170011827.14116755
2022-11-15,13.118735895251165,3946553149.873206,247395188.9328397
2022-11-16,13.49637547364594,4061843929.237354,168716845.6483662
2022-11-17,13.102799104901845,3930951050.7309217,144570818.87142062
2022-11-18,12.89871909794256,3882866793.103469,162416845.9014563
2022-11-19,12.995872221171483,3901035233.54059,145712422.2549847
2022-11-20,12.894131410560664,3877111510.472306,105019745.47080092
2022-11-21,12.228527754261226,3676970229.5592937,138640309.87491956
2022-11-22,11.857641971530049,3564562687.408116,174796854.0648045
2022-11-23,12.301529525837193,3710219742.682822,178302669.23374423
2022-11-24,13.012899217058935,3911685160.847937,204340038.60486707
2022-11-25,12.944684047712023,3892404410.002853,159402624.9304203
2022-11-26,12.840907462381788,3867065558.052864,116824550.66332522
2022-11-27,12.755611863053437,3835523452.739615,134910412.96274906
2022-11-28,12.898115785689612,3886002019.3739862,108981322.35855035
2022-11-29,12.465970957374044,3745540306.616457,172986886.0536468
2022-11-30,12.48691773194146,3874445887.453054,168716801.01858103
2022-12-01,13.194818705583302,4085966651.761735,169403886.40044153
2022-12-02,12.885298827044094,3995896417.6079264,154646776.16690326
2022-12-03,13.627053091873089,4213884191.370634,192551134.86915243
2022-12-04,13.462321365298704,4182200124.363754,196091265.44758737
2022-12-05,13.94513771720273,4323744493.473274,152178623.03257418
2022-12-06,13.610338803087512,4225243184.006728,183478024.37533844
2022-12-07,13.66611135427207,4235257679.3988247,120898655.24438274
2022-12-08,13.277326945373922,4126658073.549725,131643735.9936876
2022-12-09,13.407864274945192,4163588078.258775,118836604.58789212
2022-12-10,13.479159269128258,4187011560.464385,114488804.52899924
2022-12-11,13.475481942571498,4183892219.70977,88955821.18684797
2022-12-12,12.97760496317501,4029904722.9868727,97633658.88248602
2022-12-13,12.988917020010527,4037880871.360164,132581889.33884886
2022-12-14,13.73588449791822,4268452915.2260046,296179639.4872972
2022-12-15,13.73898258889534,4266387768.348901,210764002.58434469
2022-12-16,13.136209060619342,4090349798.789669,146947782.19956928
2022-12-17,11.822196047920688,3670903537.959535,174165879.1498499
2022-12-18,11.972959529330833,3721813436.055252,112516834.3513321
2022-12-19,11.919694184365383,3721420775.122207,74269989.59870736
2022-12-20,11.373129364215773,3546824607.8769617,132000581.93665826
2022-12-21,11.973443294619408,3726307944.598447,133579919.078933
2022-12-22,11.691667566892972,3634758186.9919033,92903402.24103317
2022-12-23,11.851021209966024,3683192416.3838544,90799000.6418826
2022-12-24,11.790231659850456,3664402004.5776544,91479536.53760596
2022-12-25,11.687733236338056,3638240221.2652254,47658674.84870259
2022-12-26,11.68846545243489,3636230952.5544,88287161.53716661
2022-12-27,11.699717502149086,3648145324.6569967,99615727.11470342
2022-12-28,11.647523601195244,3627297800.710344,109734141.95095988
2022-12-29,11.197757658318322,3489305478.995729,115264805.62564678
2022-12-30,10.98932021883577,3424420442.398918,109623480.7481134
2022-12-31,10.870447325340336,3389683622.2303305,124016277.55450116
2023-01-01,10.88963361941692,3391585733.120893,82784272.16585313
2023-01-02,10.862361279595005,3382540324.733008,96189344.64984266
2023-01-03,11.153299074006371,3476073022.8173547,125576880.9802125
2023-01-04,11.385008261253798,3545486017.8749785,151836124.75950503
2023-01-05,12.082606200302076,3765128419.319546,197921996.09778705
2023-01-06,11.74568496014289,3659678356.951164,137452287.0730853
2023-01-07,11.784937001692173,3668307155.294156,131492897.04236192
2023-01-08,11.74720607400496,3655453427.999022,98911144.7365114
2023-01-09,12.026260444541691,3746863365.504102,121413520.8246683
2023-01-10,12.211384121023688,3808286229.895507,265696244.52023745
2023-01-11,12.729321160649132,3966033558.653266,218860677.257918
2023-01-12,15.92176476995798,4974436072.034175,847875709.0144932
2023-01-13,15.415597415850824,4803970850.679898,815723336.1327412
2023-01-14,15.953889852104112,4970302679.39047,627559332.8619415
2023-01-15,17.003317606116955,5299944903.101496,1151506776.335918
2023-01-16,16.770235425063305,5223605334.729731,562834734.7190589
2023-01-17,16.7378601813918,5209996555.933686,456910036.54334
2023-01-18,17.155077874482156,5332165066.185405,557498710.4252546
2023-01-19,15.820540897837352,4926943558.136978,458948827.2376975
2023-01-20,16.202449974789992,5094714191.640909,279132568.8951501
2023-01-21,17.515338456352886,5502958563.030089,376654129.56711286
2023-01-22,16.89195623249759,5313512775.3304615,454676279.4633334
2023-01-23,17.386182691226722,5464554616.861907,513539507.4599049
2023-01-24,18.05475625280128,5669227518.330983,429873081.1548395
2023-01-25,16.999768570821203,5346951834.189,462055051.4020905
2023-01-26,17.844860737884833,5605193457.193687,379815279.6904674
2023-01-27,18.112112249870727,5715965534.964968,471466283.87814
2023-01-28,21.42886713268113,6777191091.448918,727151960.5907713
2023-01-29,20.56093228938241,6478003325.771747,666534749.4665389
2023-01-30,21.11906025752084,6631340907.713534,447331040.7367727
2023-01-31,19.740195335322973,6200969690.936059,706354036.4393945
2023-02-01,19.861474360016956,6242904985.964764,411327605.76843417
2023-02-02,20.97086923036958,6583907814.2986965,626010002.870374
2023-02-03,21.2272590021901,6698431190.6067,883123005.5921111
2023-02-04,21.37304283267965,6735616188.506873,470961187.3108347
2023-02-05,21.03662549223646,6640847874.475571,272119468.15251654
2023-02-06,20.118153553504253,6346720801.606512,363771172.8606701
2023-02-07,19.62010633292644,6172268492.042657,223677535.4626522
2023-02-08,20.890103460527587,6583374862.59913,321533310.8116084
2023-02-09,20.10008417813964,6332233559.820704,263277828.3972493
2023-02-10,17.862495989569513,5625803516.652185,386847735.7918981
2023-02-11,17.80715104198146,5616344029.949454,231240951.40469468
2023-02-12,18.04544548540047,5683542363.894083,137058769.01617476
2023-02-13,17.7285265000472,5593532523.2351465,278240658.67249376
2023-02-14,17.634395459258055,5556547102.24275,239007064.7303942
2023-02-15,18.17250375813213,5728373612.014671,242454605.7083901
2023-02-16,19.8827374878035,6245581165.072944,271716406.1123076
2023-02-17,18.681103963714712,5888014528.274008,356447588.1769097
2023-02-18,19.52678498268642,6149757520.816559,238127583.55693775
2023-02-19,19.598935622644504,6178739135.0717535,261651157.41191077
2023-02-20,19.80707266632469,6273470718.9988,286403310.9593916
2023-02-21,20.78875149248678,6559040318.778994,498847262.8579535
2023-02-22,20.90594997298044,6583479415.038193,519766653.0088823
2023-02-23,20.274320600174576,6396173987.057156,641835791.2932897
2023-02-24,19.71178034355813,6199327027.588856,308759881.2158828
2023-02-25,18.37229478392857,5799083424.945272,310022693.4308449
2023-02-26,17.95741312737325,5658735820.148483,274540249.54339695
2023-02-27,18.44517665140621,5815472890.177786,187620544.2974946
2023-02-28,17.928759777797442,5826157301.381841,227445927.98728505
2023-03-01,17.094967895935238,5543410198.844217,190847324.9638522
2023-03-02,17.752497514197977,5772348982.614464,168512421.96062082
2023-03-03,17.442936584403224,5666370260.797583,147653120.23366714
2023-03-04,16.671128194513695,5411446128.963162,205783181.26972196
2023-03-05,16.12060911859773,5237042551.905167,125758633.23541796
2023-03-06,16.17545263197118,5248714089.575642,108799609.78604476
2023-03-07,16.528799793284286,5374138519.9634905,162886026.79794386
2023-03-08,16.179456603617595,5247063440.195613,172090163.2328221
2023-03-09,15.146387071441142,4935666267.201198,174958559.76002973
2023-03-10,14.42683580448201,4674025588.406789,232654607.5850847
2023-03-11,14.850077530009516,4838739800.026855,310191552.3994516
2023-03-12,14.532665737595847,4713942218.297858,243614846.66751528
2023-03-13,16.297275060423264,5290302234.400796,265505049.23180467
2023-03-14,16.469670989258912,5366193858.7563095,331844465.6139489
2023-03-15,17.197147125527692,5602264711.153725,442149177.7924705
2023-03-16,15.626340057767733,5087388105.908977,347876941.9604115
2023-03-17,15.940366009159968,5201316242.41837,222870081.91725937
2023-03-18,17.69042605889859,5734295433.403276,288663273.1992566
2023-03-19,17.034991398916972,5548520421.7143,311327281.68002784
2023-03-20,17.69473399134752,5790737282.306985,251173800.8115495
2023-03-21,16.76025181347806,5459326940.72807,280132625.14075047
2023-03-22,17.545359920864016,5704475679.628567,193739055.5657549
2023-03-23,16.86163804792299,5484004165.63493,322382292.27386296
2023-03-24,17.635636920794763,5738113291.786334,233876583.47625652
2023-03-25,17.091416138407865,5576588339.998139,196858597.0959528
2023-03-26,16.970315766928998,5524173954.607827,196745408.32532004
2023-03-27,17.143737755578783,5598403623.482062,153740279.24191564
2023-03-28,16.550455657632742,5381674482.648215,182710084.20740765
2023-03-29,16.752124887337796,5459176310.140416,189079624.2786136
2023-03-30,17.31347437870938,5637486299.473306,213256389.94994143
2023-03-31,17.246451988231854,5618941328.441232,237278413.19497943
2023-04-01,17.7208100741346,5774920283.868628,219235413.58991665
2023-04-02,17.791512522443888,5800058806.9967165,138456550.1373662
2023-04-03,17.29654734345742,5632715156.467496,140737668.45972374
2023-04-04,17.107911419419352,5586018882.514759,211281143.4628408
2023-04-05,17.648504068146153,5751564430.187333,167360525.5580899
2023-04-06,17.998827053299046,5876578953.029212,258959271.01135063
2023-04-07,18.004222269030997,5877206035.368627,210732629.595548
2023-04-08,17.630578310853853,5749930250.083195,159360606.04491785
2023-04-09,17.474480951510742,5697772471.02408,119926164.95702508
2023-04-10,17.56797556109862,5731763824.563465,128865651.07419764
2023-04-11,17.935609670221233,5850863344.28153,152560325.914175
2023-04-12,18.17151556827052,5927631443.310035,208447947.99546644
2023-04-13,18.260254172110564,5962950110.11922,326973466.9702478
2023-04-14,18.860004673862736,6146233512.808295,289632215.60610795
2023-04-15,19.25911312098672,6285487838.329628,283787303.9214674
2023-04-16,19.10176086565366,6235653173.531929,217413976.02735892
2023-04-17,20.216706867358585,6588366471.491529,335417879.71991163
2023-04-18,20.52651020727771,6693551147.095714,581579377.1840807
2023-04-19,21.212804948810145,6925099959.076755,364206950.9945653
2023-04-20,18.94763754801823,6192002677.187234,436292723.4762349
2023-04-21,18.317660231710946,5981847185.850544,317155123.52901524
2023-04-22,16.9485270129361,5534822190.253348,333334822.49204046
2023-04-23,17.264053723501284,5641597872.843928,149133164.60398942
2023-04-24,16.880255150656595,5504683045.174706,142242556.73946142
2023-04-25,16.936320158963312,5532364680.477793,169331955.83229196
2023-04-26,17.658059636599344,5773911480.596378,223582072.0450925
2023-04-27,17.16601372515585,5615758010.473229,319009279.19582087
2023-04-28,17.730408398398225,5792252785.931264,219845420.29480773
2023-04-29,17.562968323100147,5749011410.081307,134576131.16875994
2023-04-30,17.466930628578538,5729638209.996334,103122632.68143116
2023-05-01,17.204306921502482,5652314785.68788,125171231.5840302
2023-05-02,16.67019143615944,5475575239.172986,150202606.46774128
2023-05-03,16.857812002685325,5542064029.957348,118952695.79982533
2023-05-04,17.208894417259778,5668624900.858235,180750582.8355792
2023-05-05,16.92211432485042,5582158988.035033,119027279.5259413
2023-05-06,17.383761741567255,5740989224.991894,198487167.1661116
2023-05-07,16.63156150081212,5486449650.743662,155577198.7385677
2023-05-08,16.491125022441114,5451856528.386921,102184611.03581797
2023-05-09,15.42298587620517,5096828006.822806,271824525.6985789
2023-05-10,15.319198346386749,5075546178.645794,131939228.49536145
2023-05-11,15.557381540383508,5156623878.201665,242240396.13275057
2023-05-12,14.981793694660062,4967737842.29063,150411023.57755458
2023-05-13,15.19805790526486,5047703145.775777,170491535.95635164
2023-05-14,14.93717101604428,4977585096.46533,78209552.9056362
2023-05-15,15.0164888356189,4996415824.732142,86314934.93480189
2023-05-16,15.110057488061647,5036630418.263512,145604947.99497232
2023-05-17,14.90027704961622,4964300365.957165,127852283.8327944
2023-05-18,15.162435348721903,5053116258.921073,145268128.94350633
2023-05-19,14.698467372931706,4910909771.880522,139973014.15674165
2023-05-20,14.682230868556754,4902751674.710029,104484168.85066552
2023-05-21,14.616965553087333,4882458336.727203,72698898.59926729
2023-05-22,14.322345338838469,4789356564.494583,92694932.51330294
2023-05-23,14.679118586626313,4912464411.898167,139240466.20862186
2023-05-24,14.7143898500571,4921768178.250375,119317403.40199524
2023-05-25,14.150876615660197,4738319887.297074,139794326.80171573
2023-05-26,14.08835498323685,4713170725.730185,148294326.22510943
2023-05-27,14.381638238666378,4811485960.692467,139888824.9518988
2023-05-28,14.534478739377017,4864313898.133068,125298433.95478706
2023-05-29,14.94047234258693,5003360496.249675,171471206.166873
2023-05-30,14.482552161905009,4980747217.5704775,148421645.8216047
2023-05-31,14.442544612052256,4972482428.92516,146583743.1146586
2023-06-01,14.133600323313791,4860250902.17328,137282509.67889684
2023-06-02,14.11631901802124,4859646748.623305,129330095.40873438
2023-06-03,14.488062308247116,4985513547.675787,141007008.20480797
2023-06-04,14.58080505136822,5019769310.236901,97177953.06830144
2023-06-05,14.80706644613431,5094410093.588603,120604291.5678924
2023-06-06,13.906856331054,4789687308.760806,253788203.92589
2023-06-07,14.632893078531817,5036545773.689383,192344598.94203123
2023-06-08,14.030547397648162,4839839257.907465,176316101.92507872
2023-06-09,13.933305173798416,4805231005.835515,126133022.51397708
2023-06-10,13.75151769019344,4736537347.931395,146213361.00223148
2023-06-11,11.688051900402847,4028149323.874179,477280644.1294772
2023-06-12,11.564757958750052,3983501179.654166,138824985.48571283
2023-06-13,11.531427617904114,3975783658.6943865,147928006.99900627
2023-06-14,11.76897345093806,4058166887.629985,158777168.10972983
2023-06-15,11.369694920725353,3922746565.016417,159005357.93011114
2023-06-16,11.395589396750884,3930683862.3477,160511824.89177084
2023-06-17,11.533506674640858,3981060669.818995,109629537.88239172
2023-06-18,11.606043939674366,4006845321.2677264,101809060.1424505
2023-06-19,11.332781561960172,3913846803.984199,113048209.5697164
2023-06-20,11.439460517557322,3946509436.6598496,86839040.28437851
2023-06-21,12.096991561043769,4168895368.244301,116110032.00667264
2023-06-22,12.931008773938975,4466466546.610378,188004000.85204905
2023-06-23,12.671686090608144,4376407007.784794,167806035.93977284
2023-06-24,13.268480737892002,4575680031.533834,167314375.47221896
2023-06-25,13.018612447320848,4490694476.4673815,110912510.21722811
2023-06-26,13.431952874596254,4636241023.528109,128147408.77186656
2023-06-27,13.146802772656798,4527092186.007157,155559405.54099947
2023-06-28,13.205378846371476,4553342809.56627,109824856.66566455
2023-06-29,12.341270359560069,4261965982.722472,142260061.78345394
2023-06-30,12.683884296888582,4381790414.510922,129033008.8574998
2023-07-01,13.018978929737086,4493191261.159981,240974179.7353323
2023-07-02,12.99142364950765,4482673066.742268,111042039.40825547
2023-07-03,13.088179744076031,4526665222.804141,135290784.55742833
2023-07-04,13.212909698997557,4565728787.994427,166728066.37007418
2023-07-05,13.032961148230354,4517972387.972847,138839120.20724428
2023-07-06,12.672387928757542,4385200096.429283,133677037.0170249
2023-07-07,12.40830198864817,4311633763.172724,146956999.1298949
2023-07-08,12.735629726745035,4402888148.881672,110574601.64130062
2023-07-09,13.65483159895106,4713980708.6019,249719905.13275844
2023-07-10,13.596404507987195,4699662575.833299,188894805.7234408
2023-07-11,13.382813002826142,4624874661.049588,179283922.75339672
2023-07-12,13.257633725568384,4585305841.354374,154462412.04199168
2023-07-13,13.037880668461767,4511378569.151524,130174595.91393071
2023-07-14,14.073462407373563,4859088015.830401,297281558.63076574
2023-07-15,14.621205544885267,5046915685.957171,586133398.9271395
2023-07-16,14.827655656753654,5127762032.8918085,199732268.6640704
2023-07-17,14.296980069800462,4929188993.228937,149147914.99712673
2023-07-18,14.430244745235264,4985308735.835179,166214769.2144816
2023-07-19,13.785500365558027,4760780741.343175,138193180.8586196
2023-07-20,14.003988901794392,4845254741.095836,131926947.67481914
2023-07-21,13.846493472609415,4794387335.358755,160755200.8988627
2023-07-22,13.98657852561557,4836183567.084007,111976935.85369337
2023-07-23,13.46028547938817,4656534268.842639,100960479.5952513
2023-07-24,13.554559671033363,4690921563.367759,100432782.09652388
2023-07-25,13.112016761047128,4531494064.465242,153306136.6741065
2023-07-26,13.342365606007418,4614462772.705778,149472137.8699346
2023-07-27,13.263778571739907,4586385707.781537,137555520.3364679
2023-07-28,13.1389646127358,4546341797.535078,100352726.43544656
2023-07-29,13.236289290884924,4580343566.10842,84052763.87497517
2023-07-30,13.247479439250714,4585437220.454196,57472999.93853205
2023-07-31,13.132356266447376,4545954890.252018,101571262.07249232
2023-08-01,12.829237220587416,4441640924.830936,118490824.16129476
2023-08-02,12.842485476036092,4440065446.186725,135854211.1389249
2023-08-03,12.524649884472629,4337505960.41395,124962663.92730246
2023-08-04,12.443486481087684,4312737532.887226,125244542.2468092
2023-08-05,12.398415248883946,4290258247.5679545,104923214.6692953
2023-08-06,12.433396826913022,4302444532.257491,84025895.13610195
2023-08-07,12.56093085411536,4349096747.927648,98533348.12946172
2023-08-08,12.445470493943915,4309369283.773358,124573482.45854926
2023-08-09,12.691960381362472,4394913690.025425,135268637.199366
2023-08-10,12.63378573661651,4345030823.997885,110323185.6337956
2023-08-11,12.472676174473657,4287909784.56477,105976426.19462636
2023-08-12,12.440172800951997,4276791638.606062,88761400.35620981
2023-08-13,12.385306435910197,4258059596.105909,72673457.57148623
2023-08-14,12.259066028503913,4213157574.6192927,91976829.73224925
2023-08-15,12.352482232466068,4247381664.186667,106021861.54938142
2023-08-16,11.803636671901172,4060500083.2735295,124519709.14737327
2023-08-17,11.371465141595994,3908852149.7942457,131178042.20285036
2023-08-18,10.542331442002643,3629803752.63548,164360664.03448588
2023-08-19,10.800818492635498,3711123538.3181634,129486764.6367491
2023-08-20,10.807374415144444,3716589780.775365,95092425.03560778
2023-08-21,10.863581211268253,3741010931.3043313,77935726.53006418
2023-08-22,10.360422591446522,3566579498.853759,121438709.65969218
2023-08-23,10.124645758987835,3483918210.271244,137725599.42739752
2023-08-24,10.348293636067371,3557340783.8753214,104776387.8166296
2023-08-25,10.11279836903137,3475122892.8632298,95039916.37417015
2023-08-26,10.060003275580698,3461535104.347892,130496809.39598162
2023-08-27,10.09341102492907,3565587995.988696,84148288.07807158
2023-08-28,10.19342930248639,3601661574.793844,105856150.81503733
2023-08-29,10.370048447999558,3664327900.38195,125973345.95856284
2023-08-30,10.808125505636363,3816613059.527049,201587542.5738281
2023-08-31,10.40480679235734,3680565264.416579,130842149.12532385
2023-09-01,9.980918809335783,3529270818.953637,163427313.43365487
2023-09-02,9.923836379624053,3508350543.648455,126035496.7618217
2023-09-03,9.905673028714768,3505148264.993334,100618395.9192395
2023-09-04,9.886739356692908,3497746963.404828,93205255.2202589
2023-09-05,9.802916694042718,3461022662.244489,100304893.82693183
2023-09-06,9.913453876401302,3505518135.3753786,97917420.60638636
2023-09-07,9.938608172536409,3512536876.5287194,99987288.9288585
2023-09-08,10.069298917986112,3559968608.7912664,98798042.09758613
2023-09-09,9.919355442845031,3508161414.053994,91016509.3821317
2023-09-10,9.836481526746796,3480710198.712565,57417090.1595357
2023-09-11,9.463823377873096,3351881707.334996,123292966.0637604
2023-09-12,9.221012053313553,3262121122.0115576,123769892.30209488
2023-09-13,9.226964620658586,3262444581.260454,136724487.4598788
2023-09-14,9.29744951111716,3289931349.959356,119210406.92657012
2023-09-15,9.389525267633838,3322228037.268625,106764397.24916407
2023-09-16,9.4288391692565,3334376491.240993,100980581.10057612
2023-09-17,9.380132153425276,3320462149.429263,94132846.90117408
2023-09-18,9.10081490824996,3218298260.035105,93245086.15688194
2023-09-19,9.11032796786521,3225689404.418727,144795482.89680734
2023-09-20,9.222597290274557,3264552201.5248933,126459739.85116488
2023-09-21,9.043240366346682,3204961944.99402,145513361.96381512
2023-09-22,8.819812721880712,3123152878.5959363,132900751.8395816
2023-09-23,8.86849438448034,3139066581.5449395,88115926.70825475
2023-09-24,8.896935422811964,3150056717.582691,73022191.44351457
2023-09-25,8.779631401560618,3109317436.870295,86052077.53976497
2023-09-26,8.949862669205162,3163807904.545483,108954180.90020391
2023-09-27,9.043930359368336,3203920481.020963,103092620.47261503
2023-09-28,8.924502479058926,3160508718.812012,117765309.65717196
2023-09-29,9.26079618977924,3281086319.05484,132354532.15192264
2023-09-30,9.170109207537823,3249117701.085141,129345787.2655991
2023-10-01,9.240785323190073,3274706042.192456,90393164.88357548
2023-10-02,9.744005158246168,3454132053.713351,135296035.57210806
2023-10-03,9.34018073969193,3307748828.999409,137200074.75333008
2023-10-04,9.400659627695108,3329269454.717024,102279987.26972891
2023-10-05,10.105685766146896,3589903080.534744,254911607.9983918
2023-10-06,10.138727440008733,3593975497.910469,226652563.15486345
2023-10-07,10.654527825812863,3776919487.561122,200687034.95622727
2023-10-08,10.36964143223911,3675434372.039392,291056838.7474038
2023-10-09,10.101008504928313,3577183949.6908197,136315110.61988714
2023-10-10,9.539008641163235,3380973936.669205,176092162.0387713
2023-10-11,9.543138670433166,3388583415.3029747,151844437.874997
2023-10-12,9.29808469120272,3297392784.711548,140853638.64750868
2023-10-13,9.109252112536582,3234834052.989035,146745921.78628698
2023-10-14,9.146878378468084,3241365502.1162114,121554036.7105088
2023-10-15,9.148699516308657,3247869211.22223,66398323.98814952
2023-10-16,9.166249051110634,3252654119.337034,95950388.2796186
2023-10-17,9.419218988174377,3340702342.925713,160924973.34201393
2023-10-18,9.111391407715326,3232395540.2301426,164306368.3436863
2023-10-19,8.911367323904159,3165583723.3191857,138906792.8038306
2023-10-20,9.067418868056263,3213882269.555275,145694462.33221516
2023-10-21,9.22565900193629,3276936069.598951,174989737.47617492
2023-10-22,9.632799782280747,3417158297.372836,203731951.32354456
2023-10-23,10.065267376901534,3519935321.1559434,241754778.92887443
2023-10-24,10.55070668601382,3718133153.922385,354292683.8682211
2023-10-25,10.320040222573486,3663689170.094855,353884956.1776346
2023-10-26,10.50024844118052,3723602232.160913,252708479.10199785
2023-10-27,11.076652954110685,3953088235.938153,459278220.0855987
2023-10-28,10.594507803572244,3766401392.362705,238349654.2546854
2023-10-29,10.958919088277316,3889976286.657251,211159297.18770105
2023-10-30,11.369701863323908,4034624624.812789,187973553.0686202
2023-10-31,11.449158906519685,4061133985.109613,212464439.4180699
2023-11-01,11.323725120961583,4014683765.59126,303876712.2544405
2023-11-02,12.200564613047945,4332778563.71187,382040055.79870665
2023-11-03,11.884502375513534,4221754938.8268247,343188200.4827778
2023-11-04,12.126953740936877,4299277158.500857,228024147.1832568
2023-11-05,12.2204355294046,4349769077.491717,154452305.92725864
2023-11-06,12.374059372691509,4393115972.639239,227491019.9427738
2023-11-07,13.069197566637673,4635444238.000066,258718360.09336576
2023-11-08,12.818095080788227,4552731366.496661,268393743.9732873
2023-11-09,13.036386552040913,4626600801.598523,227681866.2472289
2023-11-10,12.984148634855432,4609963713.689712,491396476.2565516
2023-11-11,14.801447320444511,5262008682.614989,638729815.3598167
2023-11-12,16.72932101687689,5910741545.417298,964025576.0614128
2023-11-13,18.80993157219364,6680776384.491938,1186407853.3636398
2023-11-14,16.264638118941782,5781330924.127703,835498617.691173
2023-11-15,17.11764808885522,6102480602.928647,896793444.876707
2023-11-16,20.70387986228197,7343873896.69145,1494200278.8251274
2023-11-17,21.620412692901706,7631282043.313127,1827368505.029048
2023-11-18,21.90884496400873,7825698694.441973,1690658950.2506175
2023-11-19,21.985518954478497,7831050186.223167,756826051.3674738
2023-11-20,22.807121254149163,8154587729.8616495,681872875.9510691
2023-11-21,20.808710150942545,7394275555.724964,720300680.6029476
2023-11-22,19.112707364696725,6795416580.365274,1102762672.900175
2023-11-23,20.817574242884632,7409083907.556209,668586153.1644437
2023-11-24,20.66342578706023,7343413392.560328,408727984.9183347
2023-11-25,20.88876110860456,7628334046.996267,502015589.72434586
2023-11-26,21.285076077169084,7761869321.488288,318837860.6871714
2023-11-27,21.134670722464826,7714362528.702536,384745692.5997348
2023-11-28,20.385287943590004,7429981314.433199,405840487.5104829
2023-11-29,20.6360739999383,7529139537.487348,431900984.18952125
2023-11-30,21.03855185511944,7703269384.681253,521141679.2072738
2023-12-01,21.38246577741393,7807091313.56511,404899168.8758328
2023-12-02,21.846838770600726,7969487819.778704,573286916.5304223
2023-12-03,22.217750299530305,8105586273.841064,320953723.4086468
2023-12-04,21.95737739809123,8034520230.112426,346045527.4230736
2023-12-05,22.515603967032096,8195856523.672326,683872586.726847
2023-12-06,24.402946233276385,8884184176.744886,824535037.4212486
2023-12-07,26.244954885443217,9604219121.269136,1526950982.7179751
2023-12-08,26.263819613243115,9616336058.652336,1074614252.8869271
2023-12-09,30.67543318205886,11212289318.449244,1217622913.8618476
2023-12-10,31.764225104494145,11621990542.970505,1735116274.5998654
2023-12-11,37.03103753383071,13562305206.81071,1696678974.2891653
2023-12-12,38.20005288455136,14068095298.37726,3390565691.4838147
2023-12-13,37.399117656028096,13718876978.342232,2555557181.238049
2023-12-14,38.98978363214494,14243449087.542166,2415210512.5294385
2023-12-15,39.246292266150455,14389633615.252851,1539101004.3560028
2023-12-16,39.95471931939173,14664364094.670778,1953935647.4255369
2023-12-17,41.987745769535934,15307298948.00688,1921388182.765984
2023-12-18,40.70802971062764,14924188995.408154,1186137134.3490193
2023-12-19,41.01950353341805,14992460919.820292,1495038322.08223
2023-12-20,39.726432444802775,14535295767.09064,1119585544.495813
2023-12-21,43.38271963119791,15846824422.704275,1535852033.410395
2023-12-22,46.05434204233404,16815748944.038294,1807921216.5347333
2023-12-23,45.49566073528622,16657874557.542442,1638691892.565581
2023-12-24,48.11441264487982,17589645256.37119,1230485279.3040628
2023-12-25,47.79083695745918,17522770376.087875,1651691059.4981008
2023-12-26,48.359525147183895,17649619890.76977,1114752910.415118
2023-12-27,44.254803419707855,16154982355.486715,1226031733.2567708
2023-12-28,42.39818432256399,15490750476.485994,1050442372.0371342
2023-12-29,39.86731549401648,14645870537.85577,1165463292.4080863
2023-12-30,40.20498600028657,14662092512.887548,1104688954.3035357
2023-12-31,39.4262167778301,14421772415.359922,597365878.5774364
2024-01-01,38.53878504000149,14116864723.97177,607648046.3655064
2024-01-02,41.94535233913293,15329094758.258818,695123399.8156629
2024-01-03,40.74013540955615,14892398801.929632,865300519.2517271
2024-01-04,36.75244773929419,13446671617.21008,1371852954.145321
2024-01-05,38.68112345573041,14175612922.053003,868359370.2826803
2024-01-06,36.38473730831552,13323403146.600237,810496120.4799218
2024-01-07,34.55596943887243,12611917439.20455,598595685.1893774
2024-01-08,33.57146223687586,12271191537.014612,645744380.3042973
2024-01-09,36.06005722111535,13231190704.056667,1079861829.3325262
2024-01-10,34.67476739339508,12674934729.133743,966754499.7323856
2024-01-11,38.53460663097295,14208991618.029444,1052291359.8860708
2024-01-12,39.325111727995285,14439828487.94436,1249182272.0774028
2024-01-13,35.87102975038405,13139530757.284208,856718898.8670427
2024-01-14,36.44187714929607,13344076828.402058,522304077.7485766
2024-01-15,35.3976948471921,13047749397.109035,632546912.8336703
2024-01-16,35.63209444664342,13074305096.756292,466214101.10189146
2024-01-17,35.60992299059853,13061236570.900532,482254233.0596848
2024-01-18,35.941814711295784,13173106623.313995,555005336.7054907
2024-01-19,33.539557910625234,12309694432.874187,585637778.978214
2024-01-20,32.63144095063253,11969483889.489056,552992760.5547485
2024-01-21,32.818072963578615,12037518227.812954,355658387.71344167
2024-01-22,32.563960770053775,11962497662.858929,334268334.314462
2024-01-23,29.440216894896704,10812799592.739498,643917642.8588116
2024-01-24,30.52631066752697,11156339377.53998,827739395.7836843
2024-01-25,31.20413367178961,11442833354.235613,680926909.2407217
2024-01-26,30.46226195674847,11172579986.416033,459340560.6243778
2024-01-27,32.273287446865524,11841592865.250011,554604451.4729475
2024-01-28,33.270068582626806,12173019091.763931,342174383.7604033
2024-01-29,34.83787108950885,12800459861.657587,946287792.760721
2024-01-30,36.08626146114641,13256135464.535011,704015302.5975507
2024-01-31,35.15734782389529,12874049968.994371,727707585.1939833
2024-02-01,33.154440860177736,12176796609.859612,594924223.786277
2024-02-02,33.817335341098605,12424061980.44154,492754334.4456811
2024-02-03,36.695654997233895,13466933762.184954,812059036.4976419
2024-02-04,35.92797318922441,13188998014.87606,483079633.5166484
2024-02-05,34.86083488120212,12803501730.475636,387971684.9126479
2024-02-06,34.51115846788142,12673035492.024418,465376745.76414543
2024-02-07,34.16470204919946,12564592293.31813,387447930.9346951
2024-02-08,35.290030962057855,12967688685.60493,434561451.8994309
2024-02-09,35.45432772268473,13047763220.88638,494638967.7662301
2024-02-10,38.13800682395664,14022189749.083529,808144512.3122975
2024-02-11,40.26148580869176,14797403823.39468,714637615.1141875
2024-02-12,39.699309214364185,14570747399.487623,544770331.2228692
2024-02-13,41.04675885426506,15062326645.159883,850968964.312917
2024-02-14,39.78510591746746,14603415532.9819,748800285.2243356
2024-02-15,42.26982823757331,15560376984.015604,887539514.7003663
2024-02-16,41.6114160147665,15307070674.562752,959935366.5161264
2024-02-17,40.315326398753335,14840572529.211056,573991957.8529153
2024-02-18,39.741287014245934,14621539708.408714,450534468.493592
2024-02-19,40.2285117517585,14786657730.702265,443309149.9117312
2024-02-20,39.470884957141486,14508050623.54156,603304600.8143002
2024-02-21,38.55970028267638,14177357669.917162,680367675.0741721
2024-02-22,37.66826805346426,13864589086.494314,561789399.5426915
2024-02-23,36.819504478218576,13895044714.800936,491722330.670691
2024-02-24,35.95607542853701,13574119009.850466,512578032.6997612
2024-02-25,36.76212785955684,13872221553.91507,397766499.37381786
2024-02-26,37.442412727496176,14125079512.919949,355889213.96250194
2024-02-27,39.27068329340104,14823120857.8975,666005167.0726129
2024-02-28,39.23157143550604,14790779550.013754,559098960.1960262
2024-02-29,40.288648786790674,15128074994.589373,1024808571.4817483
2024-03-01,40.87822769620482,15453070592.428408,1058412680.7991552
2024-03-02,42.68329287260661,16139039948.92405,719157344.4743773
2024-03-03,44.26717471468008,16640000907.524933,812616521.7091076
2024-03-04,42.57387085336724,16045026052.167751,669286645.5491067
2024-03-05,43.08266927183772,16227983820.281431,936953904.7975734
2024-03-06,39.71959804805571,14965682172.293306,1648890359.2858913
2024-03-07,41.56003114074102,15663750613.259563,855652983.3652095
2024-03-08,43.35120071619358,16385370565.79531,974916156.873728
2024-03-09,42.72769751388197,16118287183.156652,722986734.247686
2024-03-10,43.08731711231477,16256868088.635738,454941803.5977661
2024-03-11,42.0154746221974,15837945110.14316,576815987.3109455
2024-03-12,48.8042084680058,18422886389.342777,1692417821.2415571
2024-03-13,55.46002082698899,20883301477.266468,3094546691.5276394
2024-03-14,54.77873213078354,20596643141.18182,1615392194.188358
2024-03-15,54.20148080260446,20459796483.37696,2005079826.9019327
2024-03-16,58.24006767489954,21984816258.999542,3244446501.91526
2024-03-17,53.36000199614378,20091268681.3319,2554299504.9011674
2024-03-18,58.01074465382562,21925854313.87908,1661671232.930721
2024-03-19,60.39187170430152,22814010959.677338,3283759941.895668
2024-03-20,53.64903224196871,20430680893.565216,2992625416.574652
2024-03-21,57.10351350022086,21555811339.111446,2221067056.866547
2024-03-22,53.99353527607903,20375498197.979324,1263449143.186159
2024-03-23,53.074283220645896,20000465107.61472,1389533409.4317737
2024-03-24,53.55836953873203,20219251310.58889,747609050.9408833
2024-03-25,55.637222009134376,21009567562.492077,601434789.0757192
2024-03-26,57.62838017488309,21687299123.467136,1115855035.5070868
2024-03-27,55.90560536661762,21077240258.155663,942767271.5798584
2024-03-28,54.244459321145385,20389308765.134224,938214672.2979376
2024-03-29,54.58054310535971,20613106817.74684,494827029.05286056
2024-03-30,53.4491244704586,20165137887.89615,460931326.87590855
2024-03-31,53.02058960850224,19992827909.61244,402930939.89211935
2024-04-01,54.0801146097992,20401353868.784645,352457250.0086858
2024-04-02,51.49600067330957,19449534278.56635,780971402.39682
2024-04-03,46.8813966681073,17717169581.476673,913658523.0075928
2024-04-04,45.96578293685742,17402465506.31833,692926676.4132406
2024-04-05,46.510743573290206,17555241612.438572,520359504.980356
2024-04-06,45.43172104719638,17168548745.147614,462382464.91224
2024-04-07,48.15255258619455,18173931069.978188,596882525.9917606
2024-04-08,49.11944218746482,18520910928.45685,373489426.4823511
2024-04-09,49.920762657009504,18864987539.8565,540904828.9042704
2024-04-10,46.51189703364597,17610617698.144268,488668739.6380673
2024-04-11,47.29721510606542,17881350462.818565,578147949.5209528
2024-04-12,46.06668884916784,17401338398.508686,430142376.7738067
2024-04-13,39.429907643918135,14894227838.269806,1012224601.8672788
2024-04-14,34.17359007890764,12928660237.406164,1538246158.3720088
2024-04-15,37.46766833258995,14210756287.67266,1319348563.2117534
2024-04-16,35.152202843360534,13289167018.490644,972984163.8521916
2024-04-17,34.78657365524266,13156884087.164627,778786733.765507
2024-04-18,33.61011802554547,12681555769.030024,637311623.8567667
2024-04-19,34.82557746469527,13153347918.981594,652584606.1553329
2024-04-20,34.8056439271188,13205817507.184902,703971628.3489584
2024-04-21,38.22248986200569,14431427702.760424,466866010.3563104
2024-04-22,37.1004276227369,14028240032.4459,376194806.6769309
2024-04-23,39.21934848636606,14830032759.642534,518449162.0284554
2024-04-24,38.26589873002594,14456295759.414043,361820301.5697839
2024-04-25,36.37606567274689,13747880208.029903,532865607.9830642
2024-04-26,35.586363213824775,13466629620.783373,464514236.51468825
2024-04-27,34.41250765539256,12999871044.123938,389615753.75811845
2024-04-28,34.496155436079334,13033328999.426634,370304965.9070605
2024-04-29,33.921001916661275,12844847314.094015,272577206.1348061
2024-04-30,35.44238076942064,13485101779.00378,514379503.23679024
2024-05-01,32.73187024563664,12444429323.818825,545708375.3096508
2024-05-02,33.231168258855774,12661000586.716698,683683250.3895041
2024-05-03,33.623657666410224,12752900820.801275,392953930.71423626
2024-05-04,35.57175439472344,13516785165.867311,361549689.03850734
2024-05-05,37.35664882218532,14192831111.498226,430702138.8207288
2024-05-06,37.40618963766428,14217995307.114388,404471833.8298169
2024-05-07,37.13641004793868,14138616289.478329,623356907.8208201
2024-05-08,35.35022405450436,13483842837.36023,408005058.2004956
2024-05-09,34.06635130384948,12956063775.156626,465094161.7277268
2024-05-10,35.06124137679041,13324786809.841022,358541555.05015033
2024-05-11,33.70724423219602,12847748714.38446,438984970.0952186
2024-05-12,33.45584756785265,12757754413.77242,251180376.46237805
2024-05-13,33.16695060869044,12655274330.216269,171160620.27590716
2024-05-14,32.41598787850746,12378103767.845768,446178795.3736386
2024-05-15,31.575728586977743,12060479717.735905,410266071.2135733
2024-05-16,34.63221503338314,13265954824.12206,470047434.4212437
2024-05-17,34.48358531066157,13184159488.791292,347687505.3925222
2024-05-18,36.44446111160244,13901935611.84868,468765925.1215168
2024-05-19,37.16922304099104,14222955112.145391,311641806.2613932
2024-05-20,35.5948241077429,13619842278.366283,303462989.6373855
2024-05-21,40.14017571409892,15361077577.709688,599046346.7675097
2024-05-22,41.15967673261932,15768441770.475191,753207186.0006998
2024-05-23,39.9739916854232,15688774132.84358,554289491.7053227
2024-05-24,38.53112527835021,15152469561.863089,707789164.8462466
2024-05-25,37.981582569102535,14920718846.047506,392507120.6946866
2024-05-26,38.283763769530246,15020821566.437574,223278057.7557228
2024-05-27,36.76880299760584,14450329116.430346,227489324.5577533
2024-05-28,38.22217201150129,15015221572.03686,345616879.3229231
2024-05-29,37.01292976725724,14565245689.267984,504985148.9715537
2024-05-30,36.14497589666527,14225788949.19335,380829004.9460125
2024-05-31,35.98031695140202,14127265332.258348,389444121.06899023
2024-06-01,36.08924674569182,14216258704.01982,322210146.9344549
2024-06-02,35.77272886251542,14038458026.850208,168244740.54014653
2024-06-03,34.93500285071477,13748000252.13479,226300777.0595956
2024-06-04,35.0367310541254,13762231080.613894,352436547.553829
2024-06-05,36.09175707959587,14179880469.25052,315476447.929592
2024-06-06,36.53598107553113,14338711603.756498,356246145.4779192
2024-06-07,35.926169602714296,14132469825.556896,290657608.54073656
2024-06-08,33.509909768069505,13181607639.544294,703149268.0655901
2024-06-09,32.300383896577394,12677261210.55074,271431362.43932426
2024-06-10,32.96001869601638,12956078734.772182,215458352.0800631
2024-06-11,32.30572000036535,12699144299.12177,344183712.9459372
2024-06-12,31.525061767097025,12397001645.783936,482445536.82639
2024-06-13,33.25626733866287,13074791348.787205,422996473.6254368
2024-06-14,30.96248559137544,12197271227.895355,314931253.22997206
2024-06-15,30.30190403301539,11927706445.845003,403233401.19640267
2024-06-16,29.96763184647313,11775823536.163198,181520413.8129233
2024-06-17,29.989024147890916,11791042405.936789,194810647.161668
2024-06-18,28.46731123964619,11205402634.353191,361488884.2628311
2024-06-19,26.609453808395784,10445965285.003365,542719220.5367337
2024-06-20,26.85199790567984,10561359723.17036,246571519.9977743
2024-06-21,27.530973671835557,10845277495.433496,330358267.77172893
2024-06-22,27.44115025152841,10805104707.834743,258952202.847882
2024-06-23,25.60991476613052,10076652811.233368,654721288.2349026
2024-06-24,25.04950241818984,9852020386.524471,418455682.9364002
2024-06-25,24.856264793302373,9793416676.672356,534961067.0882412
2024-06-26,25.40661894639413,10004952631.744616,269083984.69000304
2024-06-27,25.802081035440885,10176422710.871857,406356445.99469405
2024-06-28,27.86749321800827,10975109490.553753,392235454.191195
2024-06-29,27.897556895192864,10994762269.395151,355921169.5182329
2024-06-30,27.701467403111675,10925011749.572931,219082731.7505692
2024-07-01,29.30680531129578,11557443900.4239,288316224.73173016
2024-07-02,28.81796914567352,11368222451.94288,334249122.5561956
2024-07-03,28.627991939418852,11285599924.385786,301357122.78667337
2024-07-04,26.4917423180955,10439637359.717735,397194443.28610986
2024-07-05,24.466065408284894,9663771876.150911,420987777.1975263
2024-07-06,25.13369564311441,9918858278.60127,680356022.2300283
2024-07-07,27.41996459766219,10799116151.434748,292912286.2693288
2024-07-08,25.64894193776856,10100760820.033766,303498260.0348783
2024-07-09,25.228015956879663,9947332738.221457,504540025.8248544
2024-07-10,26.41232044087686,10415654378.251728,405148423.7054107
2024-07-11,25.775026037823597,10171257855.089909,318706290.6894589
2024-07-12,25.252335149979228,9950137104.48724,347808028.8136559
2024-07-13,25.94697635574169,10230536448.7277,293613898.6298737
2024-07-14,25.86611994219235,10218271021.244844,304099451.71863765
2024-07-15,26.437098004165893,10457081973.779053,283913323.27578586
2024-07-16,27.836531612747205,10963197842.637962,416582832.4333457
2024-07-17,28.04501290787895,11066017279.224974,606310865.8295987
2024-07-18,27.26236689755228,10777643955.067606,433873516.71466696
2024-07-19,27.140360935996533,10714916044.49045,326592306.1216168
2024-07-20,28.17325536429055,11127881113.107876,405362560.7852212
2024-07-21,29.13840039981268,11502487703.33237,287010783.9753913
2024-07-22,32.61040915907487,12863067384.6729,914137476.700823
2024-07-23,31.93379593201095,12602160495.89568,608687103.1200528
2024-07-24,29.87417560508526,11794322138.703203,571306242.3020582
2024-07-25,28.39618708185952,11209374728.210297,527836307.6487136
2024-07-26,27.257320757458437,10761399957.77158,480572572.1866031
2024-07-27,28.69123708475605,11333138249.170927,390610240.9786072
2024-07-28,28.14525791550723,11111827663.697235,353157147.669842
2024-07-29,27.40634047649637,10815628687.054758,221475930.71768036
2024-07-30,27.13098403775093,10718146707.750729,392167800.590557
2024-07-31,26.339752253612684,10400398116.91978,277747284.75232595
2024-08-01,25.719892899639063,10156643072.832344,304415527.06118345
2024-08-02,25.708257856347483,10149694234.92522,322290629.1390969
2024-08-03,23.565598677437382,9297036577.866516,387464149.7962287
2024-08-04,22.68556237767124,8956072244.903816,296801111.46542704
2024-08-05,21.196260999010523,8373733240.020425,306909766.5757461
2024-08-06,19.56046859701923,7709238686.551884,1150108079.7545395
2024-08-07,20.85385031325523,8245553181.46096,410666060.6268116
2024-08-08,19.852837660605644,7860769617.956336,342610674.7600559
2024-08-09,22.730244435529187,8959032938.802849,338194296.0554984
2024-08-10,21.775359901721227,8606930482.056904,278640446.1070899
2024-08-11,21.58676761641165,8528922842.28462,161172509.86257377
2024-08-12,20.44154740902487,8083233391.820948,219603382.29579067
2024-08-13,21.28913697690903,8414224557.534468,301059569.7950979
2024-08-14,21.41948647546046,8460254814.385353,242710732.91779748
2024-08-15,20.96641811598254,8286706683.757002,210841613.7184021
2024-08-16,20.13099198716345,7952910859.282468,296875533.7955068
2024-08-17,20.384503521057344,8060587414.976856,198508957.53113556
2024-08-18,20.657418341413347,8167106869.723678,119068221.3342951
2024-08-19,20.77849268824368,8218456413.772477,182623912.04375917
2024-08-20,21.25054335351985,8397808321.039967,194282556.64717945
2024-08-21,22.28103959341012,9019458423.011805,353916607.4184595
2024-08-22,23.50022675928276,9512195114.25717,327464552.0924191
2024-08-23,25.22938034870288,10206889741.915745,312092441.79062843
2024-08-24,26.57018778515256,10753646904.446709,584551510.2211181
2024-08-25,27.1397393902896,10974845615.030205,412531434.876749
2024-08-26,27.00245405359141,10938565716.915098,363508801.8008103
2024-08-27,25.9480591395376,10510995481.426674,378353561.1833938
2024-08-28,24.078459784609528,9762016613.627832,383830724.4136524
2024-08-29,23.489005436149437,9528768194.609728,414276000.7666984
2024-08-30,22.86922660068824,9259437263.50758,311382665.2609984
2024-08-31,23.298238492402263,9434579208.009983,287224198.16928434
2024-09-01,22.78634536810811,9221447054.802671,131857722.20569198
2024-09-02,21.46479873132624,8692131722.01861,246485714.45012176
2024-09-03,22.353339433363,9043049587.897943,224120067.1943232
2024-09-04,21.35982969861808,8683830479.619238,208801024.3951166
2024-09-05,21.88385686189404,8860055397.25911,277107283.8997886
2024-09-06,21.365295461933155,8661699735.180452,209354191.2333821
2024-09-07,21.126627953566985,8563205883.098366,356175336.04125834
2024-09-08,21.79041736747222,8821899993.239204,172350782.99835652
2024-09-09,23.1781731376407,9414915343.632595,279088482.96012616
2024-09-10,23.88163725253283,9685194286.45394,351215862.6517622
2024-09-11,24.344761276944897,9864943795.061209,263302725.64861307
2024-09-12,23.317308552905992,9457438968.926443,271360064.55243266
2024-09-13,23.99075237936698,9724633449.064075,257899609.0054294
2024-09-14,24.948374746507923,10126408772.475752,309604465.5909637
2024-09-15,25.31938583806695,10275072604.938044,218024482.3187248
2024-09-16,23.85364622517656,9680967493.563692,242415298.0464221
2024-09-17,23.49948528000635,9555080122.500277,287383725.92003465
2024-09-18,23.7665426238269,9647818849.75563,250678318.61329916
2024-09-19,24.540030097196414,9934372721.39856,329727160.13549507
2024-09-20,26.642527664805,10812874321.025,536989037.0286108
2024-09-21,27.53706967593716,11164484193.331982,617929239.5101318
2024-09-22,27.874264316754587,11336843278.078384,249993129.03084657
2024-09-23,27.31768127246673,11091673605.053814,284871670.26379406
2024-09-24,27.403400125773235,11123245567.917015,408139480.0090088
2024-09-25,28.435306270058568,11522361977.568232,381731733.3514216
2024-09-26,27.290080057059548,11060222523.524237,476625946.931206
2024-09-27,29.11592320114153,11823275237.582396,558347339.3381405
2024-09-28,30.456252356341,12354764340.560102,475033039.5380516
2024-09-29,29.35544801731667,11921996646.033957,330264423.5599239
2024-09-30,29.085660564549805,11813501265.241451,345042481.37367
2024-10-01,27.67674263091052,11237098859.047478,445955041.2339673
2024-10-02,25.8893225355959,10527637721.107166,714970336.6595526
2024-10-03,25.38765970297008,10317215858.031937,475402115.7283524
2024-10-04,24.640133303387373,10019265104.99717,455508382.6158472
2024-10-05,26.245382002298847,10657830882.718697,382907340.72178
2024-10-06,25.686647822298077,10446187753.756578,240390650.24324185
2024-10-07,26.90653224719093,10936212012.367392,283370330.2534006
2024-10-08,26.58045159678752,10807436346.8406,379972957.8398119
2024-10-09,26.35522156286295,10714465232.419027,315711906.9766576
2024-10-10,25.775136082320437,10483723245.070684,340966836.7716063
2024-10-11,25.85115629009069,10508275473.948835,297187093.8145078
2024-10-12,27.40813715066345,11143455435.375507,330297784.5598404
2024-10-13,28.631418787961067,11643901318.876692,423335838.3148591
2024-10-14,29.17229159514552,11871144661.507776,352161641.9653732
2024-10-15,29.07889095673947,11859230710.453247,486920169.61566526
2024-10-16,28.16459063624387,11452219882.956636,600495409.3988094
2024-10-17,28.038990777455997,11396526979.828714,399731766.08949554
2024-10-18,27.25915649644756,11085563052.01445,295806627.53701746
2024-10-19,28.11082350081976,11439616336.301891,218600156.26490363
2024-10-20,28.109024249475087,11429011450.285746,168123058.6367099
2024-10-21,28.895734991769917,11745435543.871784,198530403.72107887
2024-10-22,27.76954512804064,11300216351.878927,309790088.5586903
2024-10-23,27.603704308848457,11231155548.59411,367994982.06392
2024-10-24,26.76673991504158,10888878407.041792,344756480.21164346
2024-10-25,26.85166853852868,10921205561.970716,297565679.06047785
2024-10-26,24.72928651868855,10046183151.74264,393145295.44983006
2024-10-27,25.37639113646188,10330429530.542618,241845089.52505568
2024-10-28,25.710997900669824,10465495246.341928,152964681.83855975
2024-10-29,26.26093791446672,10705600870.64886,317481431.4525571
2024-10-30,26.848048912880103,10926230435.502935,342986871.9560505
2024-10-31,26.190176636737675,10668991827.085337,307043579.24218
2024-11-01,25.03059750956233,10192206287.50242,281130519.2768946
2024-11-02,24.79052668380165,10092521244.56467,297901041.83144784
2024-11-03,24.09088319334702,9807617834.82223,192734182.06545585
2024-11-04,23.54894175467591,9597077263.108025,337058108.3335798
2024-11-05,22.71040916605688,9242062392.408075,330905487.52835774
2024-11-06,23.96360452157717,9757714484.28573,309257822.27829325
2024-11-07,27.020498613843973,11001387077.394264,733680233.442321
2024-11-08,27.381770869237883,11153456834.77073,577279187.9563028
2024-11-09,28.67642751067855,11670172666.643702,553517808.2761053
2024-11-10,30.11263127391977,12279542549.075342,546421022.534212
2024-11-11,31.97947627130499,12993607617.744295,1208671357.9859312
2024-11-12,35.5490751973566,14475593522.191366,1456086321.4789915
2024-11-13,34.28574196082106,13931136148.33208,1908058360.4924693
2024-11-14,33.14066244989379,13522860158.123688,1532906848.813502
2024-11-15,31.19768259747571,12666483418.92829,892106456.5107098
2024-11-16,33.06623150185239,13455200585.885452,674471425.8457679
2024-11-17,35.17725149077559,14330263764.2452,878997830.3616203
2024-11-18,34.70994978069957,14137105024.803478,1206875386.3749511
2024-11-19,35.34073230479448,14440652967.55981,882350582.8758122
2024-11-20,34.32936646798801,14053555246.306078,685941712.0664718
2024-11-21,33.689451375091785,13781739093.214588,814665617.5285561
2024-11-22,35.83556991231696,14647868662.569672,1012956044.0893987
2024-11-23,43.04884286163247,17620013083.222313,1877823786.3151948
2024-11-24,41.44432133613957,16957585558.992628,2041229524.9585652
2024-11-25,42.08898765313199,17218802861.206676,1418708573.0624447
2024-11-26,41.415174089884985,16942486459.14421,2124646352.1976328
2024-11-27,42.65086026518125,17444888911.59389,1524240543.441878
2024-11-28,43.94980108326816,17979606785.622936,1239431258.7394493
2024-11-29,42.90571576286416,17559693979.875553,738028198.5447319
2024-11-30,45.00028678584024,18410524575.29285,720142029.9635361
2024-12-01,44.97087728742196,18418389047.21688,806737860.1274527
2024-12-02,45.24981976794128,18526871827.880848,779851783.7665108
2024-12-03,52.08500792765977,21305517597.214897,3316658525.6651254
2024-12-04,51.22245178878033,20984276942.544907,2142959427.2948248
2024-12-05,52.75443550741594,21588604850.753357,1883588208.9386451
2024-12-06,50.62186773905273,20709273987.82298,1550536730.4286213
2024-12-07,52.65717973028137,21549410676.14568,1059219612.9895706
2024-12-08,51.75753968442909,21210871148.427654,595705005.3976936
2024-12-09,54.18128862843605,22179289492.546204,813766135.8161392
2024-12-10,45.188716534228334,18487535733.234905,1822936716.113828
2024-12-11,44.59992962215368,18250068690.01941,1490193817.8032703
2024-12-12,48.25335417698332,19766090888.048187,863695776.059319
2024-12-13,52.9365404488185,21651424579.18754,1840832995.7627828
2024-12-14,52.42997284133008,21451629661.667236,959125518.5894884
2024-12-15,49.89083453054652,20439965564.90129,766787795.0573944
2024-12-16,51.00209739014211,20936714917.63896,810485140.807597
2024-12-17,49.137540655033504,20161695670.636875,908109971.1811192
2024-12-18,47.812573349860365,19608954759.67657,694641949.7424688
2024-12-19,42.8307932021572,17522268981.706444,1085276379.2538953
2024-12-20,39.08134685229172,16015318771.209362,1249004627.1934886
2024-12-21,39.78166800407164,16279137438.500908,1223452752.2291224
2024-12-22,37.37907247949279,15293029823.48328,610062418.624893
2024-12-23,36.51908958975495,14978535822.52411,490425231.7415241
2024-12-24,39.00807867314232,15986905209.603489,717211697.0500364
2024-12-25,41.248534157768994,16884859498.46091,575992424.3426508
2024-12-26,40.26836112987529,16509200864.81862,334649780.44913954
2024-12-27,37.27150561446622,15279515089.60027,445525494.31015503
2024-12-28,36.47293046911688,14944247263.00398,413702114.375436
2024-12-29,37.66289197757774,15440098831.45994,279301507.14420456
2024-12-30,35.859555171567706,14696421258.479542,287337697.63248444
2024-12-31,35.905494500541415,14704857248.57316,510154209.8900068
2025-01-01,35.67488525834681,14625392191.333096,336545924.2327478
2025-01-02,37.62793802638938,15424351665.324396,306625837.42126423
2025-01-03,39.23383156271445,16100986048.720066,477726471.00947976
2025-01-04,41.81906643608283,17154413720.50851,575540255.8566815
2025-01-05,42.68329882621046,17512705706.539852,400210212.90735936
2025-01-06,43.0569611659616,17650924819.27978,364122276.3020267
2025-01-07,43.99530989416074,18034855169.40223,633072768.6596943
2025-01-08,39.35523210506883,16149630158.48193,624382368.3780711
2025-01-09,37.40611698294887,15390033363.161318,595606280.1660924
2025-01-10,36.20812555861527,14865502436.178654,419966079.3458376
2025-01-11,36.72107918330164,15082591701.60874,428041375.2892138
2025-01-12,37.12535633164786,15258654195.310726,224420090.7847612
2025-01-13,36.521164132733794,15000904808.254871,177566886.61546493
2025-01-14,35.298779903288505,14516109602.823029,545478775.8484187
2025-01-15,36.51025590004638,15010089068.957253,294643949.580119
2025-01-16,39.85020281269093,16391037864.248726,520759029.572942
2025-01-17,40.00309124046877,16454706313.299452,475282480.137261
2025-01-18,41.44150745214298,17048346574.993317,449468343.9724368
2025-01-19,39.28882580647152,16169296247.082771,494353205.7460359
2025-01-20,35.752270105212936,14717114963.337976,836591656.0937827
2025-01-21,35.781734985336136,14750629510.521309,1106122470.572552
2025-01-22,36.95423736734435,15185452454.976036,544004394.4856749
2025-01-23,36.71597669034663,15110923709.085337,317840517.50630844
2025-01-24,35.592764537640605,14655109643.833794,480762165.9815043
2025-01-25,35.30074777654587,14522163006.871609,573841861.4383762
2025-01-26,36.67897855568776,15112344666.085377,646485415.7207613
2025-01-27,35.83005391704498,14745108356.510832,341685545.4861318
2025-01-28,34.16675754604066,14054470687.982466,718469964.2212467
2025-01-29,32.18605202288011,13250745122.173409,352096026.8529708
2025-01-30,32.85402842424187,13539745636.864996,417326777.8582007
2025-01-31,34.306853327738345,14143721570.81862,323831189.872312
2025-02-01,34.40327525683963,14160088611.012943,418083856.8413648
2025-02-02,32.224672305224274,13279039280.953754,295157477.65411234
2025-02-03,27.440534730531105,11265739204.536703,807967874.5903835
2025-02-04,28.384520680812532,11691678217.623907,1927448390.385324
2025-02-05,26.502613436324037,10901587567.971483,694207906.1912452
2025-02-06,25.906964325816567,10666666287.681889,380278525.79242826
2025-02-07,24.48427516088455,10065359619.628897,370708013.8009966
2025-02-08,24.400600056663496,10016193562.406492,379452750.8094844
2025-02-09,24.588690538931782,10127763526.648972,193117215.57024083
2025-02-10,24.89327432101792,10252095946.786278,283366330.20291907
2025-02-11,25.58997652902764,10538295629.75958,331230256.2163156
2025-02-12,25.370055903418475,10450838425.06515,380358483.94860345
2025-02-13,26.497318535378657,10914178084.40434,465088572.19771016
2025-02-14,25.42528985276452,10476121764.798857,300989927.61948955
2025-02-15,26.38165898964795,10867137061.20443,321040606.40296113
2025-02-16,25.489206974912715,10507629280.208096,201184817.09617496
2025-02-17,24.855318096176628,10281105671.910507,215351067.55942655
2025-02-18,25.016136138597577,10349338744.084885,342179974.0180377
2025-02-19,23.49176816567649,9707992877.750477,390655774.47508144
2025-02-20,23.71224943472529,9815388209.846878,296857138.58568555
2025-02-21,25.16068153491399,10418943821.241508,364329382.9089256
2025-02-22,24.56269275572274,10169960798.39606,614127933.576191
2025-02-23,25.798541141063037,10683860043.228298,397645316.8825335
2025-02-24,24.87929792434216,10272235872.247746,253625758.55196768
2025-02-25,21.819616962435123,9027123845.183777,570735152.5106087
2025-02-26,21.960320821830884,9095031538.957174,971942575.8917528
2025-02-27,21.77543431430379,9017399275.845549,540237075.6540569
2025-02-28,22.500711276282416,9316512049.9388,424935067.23917454
2025-03-01,22.3645872408828,9260239111.736263,752744502.8114376
2025-03-02,21.86694431466,9052491918.4833,275225577.2308344
2025-03-03,24.905622025235463,10301741220.03371,834666086.6667726
2025-03-04,20.968208714697624,8700152822.692818,626024637.3593105
2025-03-05,20.027366559776787,8293010592.062037,787393437.1750134
2025-03-06,21.75387932199502,9008691178.003069,578331277.4683999
2025-03-07,21.06271939892056,8727214494.896774,500095934.0538664
2025-03-08,20.099213805896717,8324922202.823453,563021811.681616
2025-03-09,20.46571711441328,8480332549.876595,303492044.40187514
2025-03-10,17.974478395195543,7433945234.797762,319324503.76081413
2025-03-11,16.388675680466818,6806972038.350941,540555527.6653192
2025-03-12,17.515110714274186,7257315303.640861,686930717.2455206
2025-03-13,18.90230782558848,7823407686.609162,430731234.8014707
2025-03-14,18.49522601511953,7664889610.462652,361679225.06795
2025-03-15,18.572363162100228,7706483271.853717,300373499.3240296
2025-03-16,19.42397286319994,8042831996.478084,273978084.7319812
2025-03-17,18.31982935160558,7591350871.711131,244193053.2355685
2025-03-18,18.830818505110745,7806448452.190751,261616336.75967276
2025-03-19,19.017253167965247,7882067855.349663,268636924.8134799
2025-03-20,19.732076258080227,8180290097.446947,388291274.5681969
2025-03-21,18.735394116433117,7765039697.290491,242429874.0521373
2025-03-22,19.153504077905303,7941246182.541945,195820647.899236
2025-03-23,19.39749393273905,8043169218.073018,142900406.4081228
2025-03-24,19.777603125117867,8206231096.350758,159378923.56782937
2025-03-25,21.48476262305375,8886231269.360397,526659302.8943316
2025-03-26,22.91839722354371,9504355728.505993,390751933.5086648
2025-03-27,22.09454276187284,9154472038.51491,293554599.0908573
2025-03-28,22.010138479262164,9132394683.005487,236199803.7015333
2025-03-29,20.39390510238,8458204933.932984,328693057.7943167
2025-03-30,19.67115660139404,8153809396.372638,247390449.9925089
2025-03-31,18.86087014326449,7822291077.524853,230110474.37393415
2025-04-01,18.77241313136469,7788085334.638244,260281127.2814541
2025-04-02,19.819514963874795,8212870715.770318,300137303.4477783
2025-04-03,18.005460348573276,7470674175.284683,483644183.7687256
2025-04-04,18.16700855595577,7549353834.425878,344253627.6943345
2025-04-05,18.186239334064684,7555014861.19173,350174949.0843862
2025-04-06,17.89495169881103,7424078996.139569,132267118.90163226
2025-04-07,15.976458681568712,6626471531.699194,353781020.1145002
2025-04-08,16.689508767426556,6936934215.027602,750151178.2761738
2025-04-09,16.10131975864899,6687931319.1290655,372492520.5923568
2025-04-10,18.44515641455098,7667530458.1619005,609643121.1684761
2025-04-11,18.314892880992307,7611193269.042522,293481770.6076646
2025-04-12,19.14940451022592,7957820509.783133,342863550.609558
2025-04-13,20.467869073949142,8511018036.437796,341383099.4066005
2025-04-14,19.521241675037203,8104890496.923259,278265531.5159187
2025-04-15,20.102924329782844,8360069411.475691,406919333.0402943
2025-04-16,19.030567328434707,7912108210.605074,276937259.6717138
2025-04-17,18.76735836646445,7804030032.642852,256604149.11838847
2025-04-18,19.068702814839124,7934146751.420337,200930194.1076412
2025-04-19,19.08771913474637,7942609016.982076,125777479.1412058
2025-04-20,19.923544824545186,8289371315.704786,183149820.5914022
2025-04-21,19.48867818363029,8108059835.814993,166429245.30055383
2025-04-22,19.840236788523388,8239745060.900557,364527995.99166137
2025-04-23,22.08248567647882,9196090911.773111,479854923.1506909
2025-04-24,22.34206376992542,9298850090.90922,455146689.6213783
2025-04-25,22.35856922703837,9303436865.902172,337236319.9940528
2025-04-26,22.21224698349822,9243624390.226313,385913417.6517788
2025-04-27,22.42266153714482,9327428256.269176,295427267.08285373
2025-04-28,21.76131374420904,9058399674.825356,260556605.88383955
2025-04-29,21.856346347625976,9103597576.890938,390386722.1447342
2025-04-30,21.495104415759847,8949003299.794483,272527695.4737948
2025-05-01,20.91171839948905,8719840116.578577,314726123.8304364
2025-05-02,21.64039979213997,9022412062.608444,337228475.74193376
2025-05-03,21.236230289707503,8860881903.066935,303450120.31269616
2025-05-04,20.558627289563443,8586846483.461706,168653006.8987127
2025-05-05,19.883841658205988,8303727065.203184,189971609.09824917
2025-05-06,19.690937645254376,8225802094.349685,239292173.83782345
2025-05-07,20.0592038012727,8376590979.546294,235673189.50914693
2025-05-08,19.53630409990136,8170198421.425372,286789037.53890663
2025-05-09,22.06135529506582,9216828428.286823,558227140.7747273
2025-05-10,23.23931758660657,9715728977.697409,712574477.795841
2025-05-11,25.90584069837969,10834846817.953535,701455223.1723969
2025-05-12,24.757761643002613,10359887129.65561,507743512.1502253
2025-05-13,24.867699675142347,10407853588.33849,856034736.517639
2025-05-14,25.76800719022452,10785607552.433424,549372480.5265867
2025-05-15,24.95094055346082,10441338753.80824,527365395.85133547
2025-05-16,23.38556246467796,9785577478.296486,616295435.0046749
2025-05-17,23.14922616868113,9696862342.919785,406317732.8775592
2025-05-18,22.19867442905758,9337194781.133083,325955868.44439125
2025-05-19,22.74572053526788,9562697635.767338,469056883.4723865
2025-05-20,22.245376064546573,9356838654.959444,402160620.2658668
2025-05-21,22.623124042418908,9525449781.97384,397138016.2693769
2025-05-22,23.26233065474814,9795549497.806824,574130455.6710515
2025-05-23,25.13946967996487,10579438803.639025,814750460.9456754
2025-05-24,23.05602009366085,9715217627.94795,783293845.3329504
2025-05-25,22.91647392487165,9650762125.788548,373853163.6225119
2025-05-26,23.339966182681167,9824694637.97847,314995831.242034
2025-05-27,23.050888503041925,9707139996.671606,351768053.61016333
2025-05-28,23.355690136779845,9835704370.663467,453381849.8156511
2025-05-29,23.481418661546236,9889466002.293884,377712177.08970326
2025-05-30,22.34598988694685,9411303818.13934,612537053.2884582
2025-05-31,20.61486740635505,8689500808.10817,629680330.4996136
2025-06-01,20.825461148677068,8779512792.960047,407061815.8597277
2025-06-02,20.88223655229372,8810040662.13084,253050479.0018617
2025-06-03,21.20691071069178,8939779887.701736,333062873.38475895
2025-06-04,21.127353795251494,8906879084.823494,351461265.43123955
2025-06-05,20.18218830300953,8510435923.146957,335231333.55272573
2025-06-06,18.79917271931465,7928604824.927177,492986092.659395
2025-06-07,19.703700934855224,8312128735.993225,326661262.10557777
2025-06-08,20.706495593757044,8734252461.258892,273863669.98283225
2025-06-09,21.115839375341228,8908297043.75549,333559721.081224
2025-06-10,21.938401810827937,9258984696.129688,458651623.0938785
2025-06-11,22.50971393437475,9488556976.646715,580229774.9445751
2025-06-12,21.58841457620008,9105480854.014154,497234564.87239337
2025-06-13,20.37505327855098,8596334019.041887,420620082.6090417
2025-06-14,19.390865082817484,8182594604.818697,733780448.1303315
2025-06-15,18.97040241295195,8007621154.1626835,223796784.3068976
2025-06-16,19.11510406614086,8068682567.887997,201092085.63299388
2025-06-17,19.193574863772437,8110369962.639992,362859389.44545233
2025-06-18,18.639396268508666,7866366945.077307,407226423.64441055
2025-06-19,18.153579843136125,7660384259.6017,335852778.5240806
2025-06-20,18.06960611740442,7625238570.952492,321238606.8966133
2025-06-21,17.346745800298585,7327444437.952142,340011502.6630012
2025-06-22,16.66501799462414,7017466923.054447,342834296.5561315
2025-06-23,16.504194814921206,6963542004.950622,463945610.1590958
2025-06-24,18.08998972586428,7635073786.796505,543544804.1086445
2025-06-25,18.217957902634573,7686969569.384775,372040629.2525712
2025-06-26,17.544054747416485,7403185475.537095,286250819.87153995
2025-06-27,17.226335888229112,7270212566.585653,248700778.30924627
2025-06-28,17.569724773717734,7415314087.464582,220953779.62273636
2025-06-29,17.98572460712256,7590594935.144001,141707019.74844867
2025-06-30,18.739766975172618,7914835291.076334,222865179.25259316
2025-07-01,17.974548459035702,7589285289.303401,294658463.5025032
2025-07-02,17.09159924189345,7209969901.410156,235734925.73110667
2025-07-03,18.5100939063082,7813700184.004302,394827228.0744158
2025-07-04,18.53106385088842,7823319025.715651,326665018.2033917
2025-07-05,17.800767460842177,7514053116.188785,292828126.0914298
2025-07-06,17.922309969493995,7568330282.769645,116826851.17840144
2025-07-07,18.299319657528763,7725864795.785778,185522373.3101539
2025-07-08,17.995045665212402,7593979508.561534,196057232.5191421
2025-07-09,18.36462464110581,7751019538.4403715,236775861.5611025
2025-07-10,19.504779962650648,8237445182.746366,439493106.5101088
2025-07-11,20.65301121854369,8703205784.08119,650080838.082523
2025-07-12,20.68167050029152,8732790976.042507,796701511.9038575
2025-07-13,20.66399856993283,8723923503.179415,510066704.07880914
2025-07-14,21.18558444040671,8945613397.815798,651678640.0603992
2025-07-15,21.241309914482624,8967654066.949318,666832049.1480447
2025-07-16,22.499635339902547,9508765569.486149,1027776507.6008435
2025-07-17,22.686863284725916,9585289400.19021,810649954.1748805
2025-07-18,23.83486996013503,10066811449.338057,1036676835.6548125
2025-07-19,23.48742556530643,9891417963.954231,1180353240.7953925
2025-07-20,24.528334435148825,10359217536.569866,780964484.3750886
2025-07-21,25.067540484152524,10578700140.444504,857391466.5657622
2025-07-22,25.46496745496456,10755783544.029066,1065018812.6789649
2025-07-23,25.82363888495997,10904750420.48601,1526819429.313608
2025-07-24,23.94170697477156,10109732145.634836,1106861219.603943
2025-07-25,23.66487627395623,9992327859.0126,815507488.8023086
2025-07-26,23.988730669255503,10120154926.28724,696758832.4589605
2025-07-27,24.93865458001377,10529962264.454828,580850819.3407677
2025-07-28,25.96036120292661,10949871779.111086,584284740.4453031
2025-07-29,25.1162871538678,10604901553.70519,1245944505.5121057
2025-07-30,24.340440899495697,10271457815.63195,792169109.4248894
2025-07-31,23.34449235038936,9857435059.019903,679630284.9411223
2025-08-01,22.470346979610884,9488751020.70082,593853611.3861259
2025-08-02,21.53694717365909,9094489363.142708,786633709.309594
2025-08-03,20.89341383576965,8832872780.181185,355009730.40538543
2025-08-04,21.38427537598529,9030350956.347128,272052494.0904072
2025-08-05,23.077846720742453,9738557222.64371,602615457.3258599
2025-08-06,21.8967392520966,9246454613.89791,435450385.0407899
2025-08-07,22.234170644214228,9390517737.777777,365816637.39077926
2025-08-08,23.331119804239854,9848130424.2556,538265754.768839
2025-08-09,23.78895706742384,10045300633.336714,714667242.6932315
2025-08-10,24.252738746523235,10238948567.492258,722337290.8992431
2025-08-11,23.811504742434824,10035335138.512417,500049054.14571065
2025-08-12,22.864999008110875,9653775458.63611,648375557.8116405
2025-08-13,24.68440445332032,10423941196.304276,712177648.315514
2025-08-14,25.541232406883683,10795621748.908451,805677962.0709732
2025-08-15,23.69760506911866,10002685801.631516,1072331324.8116215
2025-08-16,23.722401364389075,10007164315.273952,1392515239.827056
2025-08-17,24.31074723087188,10261571545.843773,588112044.9000299
2025-08-18,25.093957037964863,10596974438.872553,687887793.8667432
2025-08-19,23.69587566058677,10005642237.084024,841718775.1022365
2025-08-20,22.3601487448039,9444580843.225464,638960990.4260774
2025-08-21,23.438579134136475,9906821032.695784,531335002.438467
2025-08-22,22.75814575658285,9598354218.12303,412996790.5431279
2025-08-23,25.232308381764724,10654585505.791248,947105272.6470675
2025-08-24,26.197598643676205,11063312474.942244,1185828652.009149
2025-08-25,25.75078461733028,10880811990.925846,871197117.1073627
2025-08-26,23.360989921520627,9876608502.056158,885697191.6012222
2025-08-27,24.1655194443137,10211595205.317545,592638566.0922716
2025-08-28,24.427422186762627,10318919864.212164,737180917.7331967
2025-08-29,24.89859330495452,10511744331.888103,562577262.7960426
2025-08-30,23.590323990229244,9961641713.92189,776719385.5446575
2025-08-31,23.78614026405449,10046208633.586355,297854581.3623848
2025-09-01,23.42296952162818,9898879675.635715,293041984.3571643
2025-09-02,23.157128542000244,9771473468.225058,723342290.2089884
2025-09-03,24.44137505757756,10320486339.64445,742394892.6609383
2025-09-04,25.179961571894133,10630996397.499222,710427114.6154007
2025-09-05,24.25616979910876,10242812815.578716,475987760.55082345
2025-09-06,24.47230968132273,10332829321.11259,624310150.063879
2025-09-07,24.38530853888303,10297271431.271172,267207387.9160402
2025-09-08,24.731178774276195,10453763062.287098,331836086.5419804
2025-09-09,25.25274973638308,10669210110.094172,625407665.8599029
2025-09-10,25.934911243395995,10949539101.369255,876504753.6469039
2025-09-11,29.41057204042156,12419642907.6512,1768498183.5698998
2025-09-12,29.180551353107607,12321223425.14737,1069872134.9215724
2025-09-13,28.90940177175881,12201032745.607206,848842890.5420201
2025-09-14,30.04107387185383,12684185800.371693,1526526783.1470523
2025-09-15,29.524952023197276,12491349537.1857,1008792730.457274
2025-09-16,29.824138697366195,12592006237.979149,1238904142.152448
2025-09-17,30.070051524198515,12696368139.420488,1045888391.1339376
2025-09-18,31.75314384977228,13410150765.683887,1184311649.5087984
2025-09-19,35.28107919290268,14898297571.789097,2229303709.178062
2025-09-20,33.73790850905041,14232344223.130232,1524905863.3855357
2025-09-21,33.15070697088437,13992989526.868073,805376236.298831
2025-09-22,33.05638988106749,13960006250.711384,683678353.6300374
2025-09-23,33.63166074971003,14200112521.639032,2107008468.4220312
2025-09-24,33.65724232100417,14224866280.092348,2537438503.6038036
2025-09-25,32.34325807991472,13671150301.399788,1377327870.6103723
2025-09-26,28.67773702284836,12108636207.7016,1638743448.8645852
2025-09-27,29.086862150048912,12277938539.76563,1642661190.565556
2025-09-28,28.802313739517615,12166276411.974642,573273730.1685547
2025-09-29,30.01253229115534,12673961709.859823,840304215.7598373
2025-09-30,30.442173424094484,12854681930.818209,1279540364.6429336
2025-10-01,29.993807039710433,12665429754.48354,991708161.539438
2025-10-02,30.680794706794178,12955247529.40649,986743876.4680184
2025-10-03,30.990311410480448,13076298425.665504,1572235241.4319332
2025-10-04,31.383026520546338,13252691407.184937,1137839386.8736465
2025-10-05,30.139925111008488,12735481202.569342,672301196.6406469
2025-10-06,30.000104022729893,12653500888.324024,784479884.4072828
2025-10-07,30.728304595758964,12976004722.682491,806397040.0368526
2025-10-08,27.93958449695807,11791592554.426394,1090440643.1891632
2025-10-09,28.812116570504525,12168663776.743628,711369184.519935
2025-10-10,28.38191120183488,11982752230.444016,588999254.4241933
2025-10-11,21.02500837947636,8965235737.021643,2229479554.2709055
2025-10-12,21.516279722457195,9173747632.776302,1534245528.45489
2025-10-13,22.51955506308954,9589813332.634592,1236281983.0998695
2025-10-14,23.827901781041856,10158394309.66801,1575332377.4438262
2025-10-15,22.78187985680888,9713882663.94826,1221356131.0430677
2025-10-16,21.91947689021193,9349162777.24334,722670916.1877238
2025-10-17,20.936345327776067,8926716346.428408,800034957.589291
2025-10-18,19.95378774357534,8510383938.069229,896595119.6205776
2025-10-19,20.199089239727,8614109552.204304,329306081.0977544
2025-10-20,20.59188544842995,8782069637.337908,439481291.65320873
2025-10-21,20.35963624783593,8685867699.461252,575527072.2684473
2025-10-22,19.552539914113915,8339086017.930342,636491903.4650979
2025-10-23,19.002140200979717,8105330241.585067,551414294.4007206
2025-10-24,19.119508191765995,8153912026.380379,425288621.2601426
2025-10-25,19.490816801172947,8314881412.751268,419029070.800412
2025-10-26,19.71844203932266,8412342184.426943,262264060.5746434
2025-10-27,20.841205952010807,8900207218.649105,550886495.4896059
2025-10-28,20.32283380206339,8666755627.219816,495121219.8880229
2025-10-29,19.507391316081623,8324167023.859719,537331702.0199596
2025-10-30,19.643634293399195,8378600716.214391,473785423.1384793
2025-10-31,18.11029249626702,7719984810.436582,644183268.5624864
2025-11-01,18.19285646604654,7764247717.511168,455639621.31631434
2025-11-02,18.67010528904684,7966372270.787647,270653007.54232246
2025-11-03,18.843925688120837,8041073268.566454,291861772.6749549
2025-11-04,16.658252572025987,7114004981.048792,793142125.7944183
2025-11-05,16.03381026051089,6853130868.541264,876206242.2021221
2025-11-06,16.659796679629753,7114263080.608551,550003684.6577446
2025-11-07,16.071447945181237,6856862952.935418,450122345.6009682
2025-11-08,17.72303608930567,7568846266.505192,853398496.8890605
2025-11-09,17.47578673558129,7463332402.66652,523391730.388335
2025-11-10,17.733283633421816,7567773131.86411,409103601.9351617
2025-11-11,18.180996926146044,7768197584.983192,510554411.80822647
2025-11-12,17.010581780265014,7281328389.888885,486015557.80184424
2025-11-13,16.80812653947159,7178533386.931493,428287835.332865
2025-11-14,16.13161786333918,6941448673.268107,600549769.0096599
2025-11-15,15.176595520975637,6513815298.011201,712923767.3249332
2025-11-16,15.524769494574985,6655942754.897314,265891752.14334196
2025-11-17,15.197205077197737,6517928817.248871,459869000.2521176
2025-11-18,14.48297761203437,6207439486.021458,614505657.9558799
2025-11-19,14.56100341222536,6243436567.159015,554386484.3144474
2025-11-20,14.253350789432275,6109318563.41144,493257672.19290566
2025-11-21,13.844894020427091,5942328025.53515,543823732.1840272
2025-11-22,13.310521447144469,5707890004.8580265,705304061.3567768
2025-11-23,13.227116853715556,5672578842.998891,369513889.6347896
2025-11-24,13.285025892776549,5701571552.107072,304950983.14589816
2025-11-25,13.896005393680603,5959953135.46703,461012003.8821811
2025-11-26,14.17501443139166,6087277673.784564,439606677.8816492
2025-11-27,14.91491364303288,6398094521.519943,436666960.0255343
2025-11-28,15.025131479675002,6445636213.529917,397366226.6213219
2025-11-29,14.856266893913542,6375512475.096271,402073237.3111175
2025-11-30,14.247682480995412,6112145140.781481,280897825.1551361
2025-12-01,13.823399975971387,5934015013.584394,341687395.2788221
2025-12-02,12.799065882099852,5493463735.520227,477437604.2430444
2025-12-03,13.650416260433843,5857319532.025854,520134300.15995824
2025-12-04,14.829307941182316,6364330384.436933,634245660.2069833
2025-12-05,14.399151863434597,6180423627.462599,413243876.6474426
2025-12-06,13.233543543732942,5680065219.315352,441590504.1542422
2025-12-07,13.39420419017753,5744960584.171361,296366767.28419495
2025-12-08,13.41252980915128,5753149314.741021,362568489.52712137
2025-12-09,13.636958827952151,5855054721.985399,329481383.51859903
2025-12-10,14.602338786082203,6271869600.614924,476216344.24270034
2025-12-11,14.145426426860732,6078869324.930673,445546310.62519336
2025-12-12,13.427181630111448,5774356132.263086,487525022.7744709
2025-12-13,13.11387884380905,5632556773.429885,347710093.1436825
2025-12-14,13.38402501347547,5746392763.860634,231300931.1837445
2025-12-15,12.893544558005642,5534117420.902474,252557239.39734307
2025-12-16,12.345313718252386,5302770360.182335,427348253.76750064
2025-12-17,12.333717909837857,5296807413.40063,386076688.34456927
2025-12-18,11.839626067012002,5088589254.312564,402818121.0719306
2025-12-19,11.434805009647723,4910872586.229587,466908664.6551864
2025-12-20,12.248787154441304,5264306569.586792,430614888.09160495
2025-12-21,12.20700225113694,5240537413.735014,152275901.57756704
2025-12-22,12.145386957955049,5209025001.153884,205598300.18016464
2025-12-23,12.397063114498971,5324090795.877437,378980121.7361521
2025-12-24,12.182981530684277,5234070469.376335,340061655.66339964
2025-12-25,12.107889963659296,5200244417.166697,221990355.31323296
2025-12-26,12.086817935622587,5193257697.742046,272917026.1340043
2025-12-27,12.339908033289037,5298637903.985754,284604654.36711055
2025-12-28,12.68648760074954,5446205499.37011,191692299.03654972
2025-12-29,12.635432702898564,5426890272.2590065,230602473.3737035
2025-12-30,12.353309822722103,5305316959.396654,406840522.4938361
2025-12-31,12.555816676514931,5393495144.559774,235973117.13952267
2026-01-01,12.308339132006973,5293277789.131412,245823200.15036297
2026-01-02,13.542394134271705,5827361411.749385,459571599.25177073
2026-01-03,13.777762557079996,5925165053.26569,476058828.18960047
2026-01-04,13.986868961150414,6017108742.419199,379242798.17175025
2026-01-05,14.229669058215796,6127684105.91713,328081565.56771135
2026-01-06,14.466364651636534,6223726621.970594,474795330.3078832
2026-01-07,14.595612098946338,6279114964.148401,495185746.99537426
2026-01-08,14.101653176905073,6064668304.738896,350097971.4790037
2026-01-09,13.881242640244071,5973421439.048989,293990229.1278273
2026-01-10,13.776603474129818,5929197214.579413,285834420.6906715
