date,prices,market_caps,total_volumes
2018-11-13,0.0614093985789386,0.0,15868.32884402593
2018-11-14,0.1091665580399209,0.0,29578.770525416545
2018-11-15,0.1102339935856253,0.0,51484.506355294674
2018-11-16,0.1252787683956391,0.0,49895.848108097
2018-11-17,0.1178697466327269,0.0,32036.984221429942
2018-11-18,0.1193569277979164,0.0,17726.989776660044
2018-11-19,0.0964545067259239,0.0,25335.520735184626
2018-11-20,0.0880758044056314,0.0,15963.953733960489
2018-11-21,0.0906897378302989,0.0,34870.39963429428
2018-11-22,0.1020167918716832,0.0,24048.326359196533
2018-11-23,0.0782901361885667,0.0,3.1417048751109946
2018-11-24,0.0855898512602686,0.0,202.7839262780941
2018-11-25,0.0859656666884569,0.0,149.68591390545114
2018-11-26,0.0610300248030745,0.0,48.39631996391911
2018-11-27,0.042137354949532,0.0,30.38002330758801
2018-11-28,0.0961404941078315,0.0,1864.4464492415532
2018-11-29,0.0516179683130012,0.0,1649.8500284382983
2018-11-30,0.0849917175631718,0.0,2183.0839075723143
2018-12-05,0.1338179315707287,0.0,0.0
2018-12-06,0.2178108882870458,0.0,4539.455531730159
2018-12-07,0.1775590786965412,0.0,4398.612431868404
2018-12-08,0.147753778625477,0.0,4915.510825718704
2018-12-09,0.1365254651435001,0.0,5509.729767552528
2018-12-10,0.1371729968619903,0.0,4121.325129409453
2018-12-11,0.1335102739340262,0.0,3425.683042924693
2018-12-12,0.1261423049682701,0.0,5443.286528565323
2018-12-13,0.1259914385475241,0.0,5915.312125360047
2018-12-14,0.1311528432100265,0.0,5462.521470949781
2018-12-15,0.1314531968483677,0.0,27115.269984084676
2018-12-16,0.12056489127224,0.0,11213.311719661406
2018-12-17,0.4507852982946446,0.0,74920.51657656993
2018-12-18,0.0993003786200125,0.0,20841.495405248323
2018-12-19,0.1742754335506882,0.0,19547.28944645396
2018-12-20,0.184535101344353,0.0,14844.372622342444
2018-12-21,0.1635910894016029,0.0,27309.70626418309
2018-12-22,0.1396016956732296,0.0,26654.1035584957
2018-12-23,0.157065134701863,0.0,19311.277460709625
2018-12-24,0.1324910513181132,0.0,22390.279107644987
2018-12-25,0.1258866814634494,0.0,22411.64433053427
2018-12-26,0.1154848104775625,0.0,18278.13193853929
2018-12-27,0.1200439890576594,0.0,5246.238291623517
2018-12-28,0.1192810457662027,0.0,8286.063443166313
2018-12-29,0.123304749340067,0.0,15592.362791492284
2018-12-30,0.1274503208425021,0.0,25019.117265105768
2018-12-31,0.1275087746067142,0.0,18443.327373473105
2019-01-01,0.1099260580633317,0.0,22273.961076979744
2019-01-02,0.0984813067721903,0.0,62545.13492288723
2019-01-03,0.0735037341841491,0.0,16431.162243984152
2019-01-04,0.0758780056484566,0.0,21547.502906890637
2019-01-05,0.0886010070287504,0.0,13369.761214465429
2019-01-06,0.0855487257783841,0.0,3868.2744384555817
2019-01-07,0.0949255918321822,0.0,16988.627544623043
2019-01-08,0.0969458679112986,0.0,10866.83489172658
2019-01-09,0.0796859083351649,0.0,4551.316193820512
2019-01-10,0.0880153280296519,0.0,20329.278430781844
2019-01-11,0.0842297511460521,0.0,13623.819085975469
2019-01-12,0.0903617315334285,0.0,16274.170842128044
2019-01-13,0.0887169226349457,0.0,16243.550741367386
2019-01-14,0.0897561051585649,0.0,8508.998868126202
2019-01-15,0.0911559116356645,0.0,25918.379218518287
2019-01-16,0.0714645228216261,0.0,15021.199862711826
2019-01-17,0.073045856830768,0.0,5726.429746046097
2019-01-18,0.0726863904577333,0.0,1209.830227548577
2019-01-19,0.1043500143995738,0.0,22503.342816698343
2019-01-20,0.0899587118838001,0.0,2087.396050923624
2019-01-21,0.098184204324115,0.0,3867.608200423653
2019-01-22,0.0939302857505804,0.0,491.60668944317496
2019-01-23,0.0879337572251445,0.0,657.5900207516701
2019-01-24,0.0933962769258123,0.0,9670.709374063295
2019-01-25,0.0927297249760169,0.0,726.8958171940606
2019-01-26,0.0920773847340171,0.0,1128.0866626143863
2019-01-27,0.0891313500382934,0.0,1584.017100206067
2019-01-28,0.0532883369001646,0.0,241.5560311684464
2019-01-29,0.0864899274609179,0.0,1419.424805763198
2019-01-30,0.0876635908323494,0.0,4.880399930951636
2019-01-31,0.0932193255519071,0.0,1233.2657010830264
2019-02-01,0.0917716369969949,0.0,190.47977544920337
2019-02-02,0.0870146684815878,0.0,680.2385505986239
2019-02-03,0.0900016083199904,0.0,558.8459179477207
2019-02-04,0.0832572728196735,0.0,2286.206694761425
2019-02-05,0.0851762068374193,0.0,1617.5381358032698
2019-02-06,0.1379718832057599,0.0,27543.319962089063
2019-02-07,0.0970802637543054,0.0,2149.045059061797
2019-02-08,0.1110557516659125,0.0,3798.907809486663
2019-02-09,0.1266356437830204,0.0,16280.5785082391
2019-02-10,0.1560495346838408,0.0,266506.5626001615
2019-02-11,0.1320509445635761,0.0,262070.6747330949
2019-02-12,0.1393567608774083,0.0,17872.427724061312
2019-02-13,0.1521970538639617,0.0,201502.61047311677
2019-02-14,0.0612870592221295,0.0,50927.69533890709
2019-02-15,0.1198953231050551,0.0,967.0869190219844
2019-02-16,0.114355052104213,0.0,3363.472474674174
2019-02-17,0.1071061506766401,0.0,6878.930018215024
2019-02-18,0.107931411157298,0.0,4651.951541220911
2019-02-19,0.09901186008278,0.0,3483.337220556306
2019-02-20,0.1206297996092735,0.0,91929.88386307472
2019-02-21,0.123598678747497,0.0,7697.54416783246
2019-02-22,0.1172597179972845,0.0,91165.20140106966
2019-02-23,0.1193228273213302,0.0,140652.18097397784
2019-02-24,0.0872368382273887,0.0,4435.4053654447225
2019-02-25,0.119630123296884,0.0,95739.8970352524
2019-02-26,0.108443546654756,0.0,100926.53057565865
2019-02-27,0.087594293915314,0.0,3603.276627077536
2019-02-28,0.0884738558523753,0.0,4166.348228946413
2019-03-01,0.0896696078803241,0.0,2895.106580401405
2019-03-02,0.0939651667015818,0.0,5317.126744129728
2019-03-03,0.0882633112823773,0.0,4263.939873498152
2019-03-04,0.0771175210569588,0.0,2640.129031915624
2019-03-05,0.0851473985298535,0.0,4109.434647021024
2019-03-06,0.0872207096913136,0.0,3627.5031718036025
2019-03-07,0.0851653955830275,0.0,132.82664880280635
2019-03-08,0.0863286946640993,0.0,10126.866972776152
2019-03-09,0.0921478531591121,0.0,8544.526379457255
2019-03-10,0.1006536508425524,0.0,13623.543872326676
2019-03-11,0.1125079360250225,0.0,8367.935527462132
2019-03-12,0.0935427873625878,0.0,2771.611119301631
2019-03-13,0.0954163494640424,0.0,5988.053498558289
2019-03-14,0.1067232369240917,0.0,31176.89737493501
2019-03-15,0.0930250261738269,0.0,5191.861694447367
2019-03-16,0.1009283182146831,0.0,9184.141389066952
2019-03-17,0.0996919919835368,0.0,8704.215777748983
2019-03-18,0.0895959415037146,0.0,2934.3435391532103
2019-03-19,0.0989034061338746,0.0,7649.330331848636
2019-03-20,0.0942174572026781,0.0,8945.946487635618
2019-03-21,0.0912112465369063,0.0,6606.954446199261
2019-03-22,0.0937220001020456,0.0,14496.464184075008
2019-03-23,0.0951973023159173,0.0,7963.979189115689
2019-03-24,0.0956538457664798,0.0,7499.818056004146
2019-03-25,0.0953264021493309,0.0,5036.647292111341
2019-03-26,0.0973440146035963,0.0,6890.286993486851
2019-03-27,0.0970555769861241,0.0,6991.171365868027
2019-03-28,0.0966567236354069,0.0,11629.67654862482
2019-03-29,0.0959971973641103,0.0,9018.925147302558
2019-03-30,0.0974114514889058,0.0,6855.569468381308
2019-03-31,0.1009907414642326,0.0,6809.282781487266
2019-04-01,0.1022569270626597,0.0,17865.045695485176
2019-04-02,0.0931490581226127,0.0,1069.071740073227
2019-04-03,0.110064354604046,0.0,5303.122013301028
2019-04-04,0.1137650388307942,0.0,11413.547720873976
2019-04-05,0.1963694252594679,0.0,304398.160664063
2019-04-06,0.1923162046919364,0.0,103329.86508787662
2019-04-07,0.1019226397172973,0.0,226.84595477273783
2019-04-08,0.1640309472927149,0.0,62129.82595898071
2019-04-09,0.1132903857536702,0.0,56842.9422967816
2019-04-10,0.1190745805477701,0.0,12896.946954314311
2019-04-11,0.1220313815158701,0.0,20047.660140448195
2019-04-12,0.1115482879400705,0.0,69250.26846754905
2019-04-13,0.1129411609632198,0.0,21773.146109441677
2019-04-14,0.1135299430390368,0.0,19818.081363628666
2019-04-15,0.1165119283498932,0.0,18859.740751981142
2019-04-16,0.1146288645080481,0.0,25527.50801647075
2019-04-17,0.1204307786947487,0.0,39770.74149854299
2019-04-18,0.1339124104251093,0.0,67695.89544153384
2019-04-19,0.118170545801555,0.0,7558.479034147473
2019-04-20,0.0975504261869832,0.0,2092.071309184092
2019-04-21,0.094029569819197,0.0,2865.831456373961
2019-04-22,0.0916650085156123,0.0,733.7016234405166
2019-04-23,0.0966388638956193,0.0,559.4159962068424
2019-04-24,0.0877763592159063,0.0,327.852603752193
2019-04-25,0.1306269300899886,0.0,33089.06040009518
2019-04-26,0.0836830441490858,0.0,3996.5322736137136
2019-04-27,0.0863570510531705,0.0,3689.758411654872
2019-04-28,0.0815806957558919,0.0,2211.0198298683395
2019-04-29,0.0818649524360516,0.0,1090.9911363284093
2019-04-30,0.0760201212067402,0.0,1616.8506868191412
2019-05-01,0.0821170536903257,0.0,5223.878667540032
2019-05-02,0.0846918373882771,0.0,5481.683271210768
2019-05-03,0.0778189865508306,0.0,9170.042852513889
2019-05-04,0.0814354589350865,0.0,5196.137137267169
2019-05-05,0.0865936373943442,0.0,2608.2821284426486
2019-05-06,0.0763361069053044,0.0,2102.533836641037
2019-05-07,0.0708381425960228,0.0,3878.8187023185674
2019-05-08,0.0879595504168475,0.0,9722.705680868004
2019-05-09,0.0885326435455394,0.0,14070.620213375598
2019-05-10,0.0776076039134113,0.0,5097.519242699903
2019-05-11,0.0824722724404983,0.0,8249.089522373444
2019-05-12,0.0792406390042387,0.0,10073.595668434997
2019-05-13,0.0711987751315199,0.0,7196.429014879956
2019-05-14,0.0778582808373785,0.0,6344.901378246941
2019-05-15,0.0827460864026844,0.0,29135.87478081424
2019-05-16,0.0570563163182914,0.0,7548.400685407588
2019-05-17,0.0647108995823823,0.0,4195.736014117372
2019-05-18,0.0609176668409669,0.0,3285.790181636869
2019-05-19,0.0573688732364408,0.0,1513.8536609496675
2019-05-20,0.0638435839688059,0.0,4272.883904328362
2019-05-21,0.0595740793286842,0.0,18034.84073201657
2019-05-22,0.0594225853812194,0.0,3511.646023864259
2019-05-23,0.053271865374008,0.0,3257.219038495086
2019-05-24,0.0493757797649415,0.0,4068.032940938164
2019-05-25,0.0558871993992485,0.0,15427.959926969945
2019-05-26,0.0527958542218312,0.0,30761.48603118204
2019-05-27,0.0559690720646711,0.0,2171.99891802964
2019-05-28,0.0590895081073252,0.0,25395.07747029897
2019-05-29,0.0572633386139159,0.0,23848.558751664437
2019-05-30,0.0489200105448587,0.0,3169.44226087452
2019-05-31,0.0493368417301756,0.0,11078.887159633245
2019-06-01,0.0442967628757563,0.0,2790.151487153014
2019-06-02,0.0472106111691336,0.0,3273.855977795084
2019-06-03,0.0537781545370057,0.0,5885.603565696144
2019-06-04,0.0512961313401697,0.0,11425.445564626998
2019-06-05,0.0480758706711557,0.0,1826.2581162564557
2019-06-06,0.053526758270947,0.0,8905.439552478296
2019-06-07,0.0716144353075978,0.0,11445.369733002197
2019-06-08,0.0824032634617744,0.0,28450.45299078192
2019-06-09,0.0832959046534376,0.0,25831.96844725868
2019-06-10,0.0729551500142472,0.0,3276.9452923290987
2019-06-11,0.0758876649922095,0.0,20432.5809980756
2019-06-12,0.0719511968438507,0.0,12582.89868340363
2019-06-13,0.0695190784639698,0.0,6814.034712973201
2019-06-14,0.062165771732718,0.0,17023.43602867926
2019-06-15,0.0623540112995738,0.0,22038.29250571681
2019-06-16,0.0658931549792518,0.0,7418.824674955598
2019-06-17,0.0648630423900249,0.0,5890.226867535301
2019-06-18,0.0557678836508532,0.0,5550.361293779481
2019-06-19,0.0604728703036535,0.0,4900.943621530128
2019-06-20,0.0545111972948192,0.0,4208.271211756089
2019-06-21,0.0650803999370057,0.0,6739.586126174059
2019-06-22,0.060399731563357,0.0,6462.683329301948
2019-06-23,0.0557675449245168,0.0,7933.358206523429
2019-06-24,0.0648411474611701,0.0,3940.3768578399217
2019-06-25,0.0558315637338836,0.0,9183.666025984665
2019-06-26,0.0512698979933302,0.0,3577.3964633270675
2019-06-27,0.0453720873250705,0.0,21146.113807761787
2019-06-28,0.0465967251422689,0.0,11028.15554344642
2019-06-29,0.0551863479415393,0.0,8945.2040382838
2019-06-30,0.0587861029911407,0.0,9980.288273442531
2019-07-01,0.0538914794904719,0.0,6356.434871728344
2019-07-02,0.0542081204671471,0.0,7811.59202368675
2019-07-03,0.0596830616854773,0.0,10748.876615295338
2019-07-04,0.0568870226005966,0.0,7757.471205510413
2019-07-05,0.0607048536700845,0.0,12307.711832433815
2019-07-06,0.0743973863917961,0.0,20106.000369566453
2019-07-07,0.095474247660763,0.0,48143.93379866018
2019-07-08,0.0874603510032928,0.0,6508.64750365587
2019-07-09,0.0966885988616111,0.0,9872.255886879684
2019-07-10,0.0883902125577484,0.0,17001.549923447223
2019-07-11,0.0802963198711475,0.0,49164.931367175086
2019-07-12,0.080304196644638,0.0,163257.51755051842
2019-07-13,0.0845453740905851,0.0,129071.807601114
2019-07-14,0.0883134639983237,0.0,138301.11351987591
2019-07-15,0.0848298393541752,0.0,51277.448185273264
2019-07-16,0.086381807662938,0.0,164606.73136196556
2019-07-17,0.0760444979413809,0.0,203908.78888059416
2019-07-18,0.0770588014691915,0.0,239343.04633941667
2019-07-19,0.0851301373708198,0.0,170929.08478575852
2019-07-20,0.0841740038093504,0.0,149763.9623554826
2019-07-21,0.087440481870125,0.0,216609.5172370445
2019-07-22,0.0933917723688336,0.0,192026.3435932507
2019-07-23,0.0883707308974281,0.0,247871.546938598
2019-07-24,0.0944070213695877,0.0,257005.22693317747
2019-07-25,0.087027579393695,0.0,185154.7528402313
2019-07-26,0.085536807895914,0.0,195967.22273242177
2019-07-27,0.0863127800547672,0.0,130019.50502162796
2019-07-28,0.0820866784981426,0.0,198380.13967878465
2019-07-29,0.0854171543630042,0.0,189664.92583070623
2019-07-30,0.0830149051957921,0.0,184312.3439670106
2019-07-31,0.084717294589857,0.0,143257.48511848846
2019-08-01,0.0891077894610185,0.0,222911.8843529932
2019-08-02,0.0915999687826119,0.0,131892.8511712483
2019-08-03,0.0922030793756646,0.0,253295.8182917222
2019-08-04,0.0935672103672773,0.0,128755.34279620997
2019-08-05,0.0860814226405444,0.0,221237.7261510536
2019-08-06,0.0743606535116781,0.0,145250.899662714
2019-08-07,0.0807601760070606,0.0,258811.35547524743
2019-08-08,0.0894249274950285,0.0,528203.101723952
2019-08-09,0.0885508606342267,0.0,442032.9409973199
2019-08-10,0.0874242796747855,0.0,550504.4626467834
2019-08-11,0.079408572484873,0.0,659540.7543843549
2019-08-12,0.0816219014665511,0.0,798600.6127543071
2019-08-13,0.0814089335464267,0.0,747628.7767631836
2019-08-14,0.079803555621002,0.0,726921.9950078414
2019-08-15,0.0992069240206069,0.0,913117.7084353392
2019-08-16,0.0936227457737798,0.0,648000.1665471846
2019-08-17,0.0877716560264119,0.0,519371.11222227215
2019-08-18,0.0902369521102018,0.0,690199.6684204682
2019-08-19,0.0874459513376337,0.0,769900.0354528148
2019-08-20,0.084434478679625,0.0,816155.9351351522
2019-08-21,0.0856253322325305,0.0,755285.6893590792
2019-08-22,0.0827690052849317,0.0,613892.759075652
2019-08-23,0.0808816843784231,0.0,388216.12185666687
2019-08-24,0.0805508963337621,0.0,738589.1909791043
2019-08-25,0.0779302481319032,0.0,778727.333846229
2019-08-26,0.0790026951469834,0.0,862273.5322630921
2019-08-27,0.0811566676532377,0.0,833532.205883692
2019-08-28,0.074906246543896,0.0,703955.632996592
2019-08-29,0.0712005528910557,0.0,621338.0040205643
2019-08-30,0.0729503262432143,0.0,499980.5084215002
2019-08-31,0.0721349156018223,0.0,562432.7564614628
2019-09-01,0.0714253934965293,0.0,858286.4144541458
2019-09-02,0.0716109195527317,0.0,783357.8587779703
2019-09-03,0.0748510778615174,0.0,815902.5886324997
2019-09-04,0.0752207853324387,0.0,665375.6829974207
2019-09-05,0.0732697213181624,0.0,696383.5094492992
2019-09-06,0.0734070364956096,0.0,747936.6111386957
2019-09-07,0.0708388818964368,0.0,699938.089024266
2019-09-08,0.0726458725431955,0.0,767500.2332502811
2019-09-09,0.0723729000786138,0.0,644272.6362119286
2019-09-10,0.0712192485258467,0.0,657541.2905866355
2019-09-11,0.0662151981663949,0.0,388889.48554721626
2019-09-12,0.0709342503359337,0.0,760744.247409014
2019-09-13,0.0704229067508642,0.0,564061.29870756
2019-09-14,0.0707386733033575,0.0,460752.7792665556
2019-09-15,0.069972218681821,0.0,748948.6469761473
2019-09-16,0.0690748343901521,0.0,493280.80292556906
2019-09-17,0.0689904292583859,0.0,189974.06080785612
2019-09-18,0.0682939454106479,0.0,158021.43091922032
2019-09-19,0.0700695945115528,0.0,330860.49721058924
2019-09-20,0.0714424528718682,0.0,602781.1218460025
2019-09-21,0.0674138748919867,0.0,546276.2006897341
2019-09-22,0.0660389838471388,0.0,556159.7177976434
2019-09-23,0.0675940798792517,0.0,543180.550789197
2019-09-24,0.0619972337312336,0.0,525292.2698639435
2019-09-25,0.0592870394747407,0.0,504630.76669333474
2019-09-26,0.0577083422898877,0.0,595457.6981047675
2019-09-27,0.0575750028757548,0.0,579799.3845722448
2019-09-28,0.0579362182919425,0.0,582393.2899880231
2019-09-29,0.0583275967068225,0.0,533347.8571711996
2019-09-30,0.0592619067896897,0.0,570450.1367573835
2019-10-01,0.0569503884556921,0.0,567162.9957898388
2019-10-02,0.0691996632205533,0.0,579815.7021528534
2019-10-03,0.0691996632205533,0.0,579815.7021528534
2019-10-04,0.0661155041334669,0.0,545429.08840168
2019-10-05,0.0670424405842035,0.0,554114.9562428026
2019-10-06,0.0638511053246076,0.0,516088.4989428369
2019-10-07,0.0640349920271226,0.0,559496.8676271724
2019-10-08,0.0676967401666284,0.0,562491.8652381577
2019-10-09,0.0644711169758766,0.0,543497.9632183374
2019-10-10,0.0660118788935594,0.0,563160.8424091862
2019-10-11,0.0660597592999577,0.0,555371.0200772022
2019-10-12,0.065223405082441,0.0,312992.96751173155
2019-10-13,0.0621829118918646,0.0,644946.5491581258
2019-10-14,0.0625503575227507,0.0,533181.9113616406
2019-10-15,0.0647285240068485,0.0,557793.9753061185
2019-10-16,0.063217694200887,0.0,553099.0120746964
2019-10-17,0.0621098500230822,0.0,561791.7383668319
2019-10-18,0.0636601163398079,0.0,547628.3842790048
2019-10-19,0.0638276883896429,0.0,364487.75923830265
2019-10-20,0.0636461066284777,0.0,498032.01047463686
2019-10-21,0.0652265579833509,0.0,243596.52204969025
2019-10-22,0.0634505860842444,0.0,35421.96328520273
2019-10-23,0.0620346677286231,0.0,467726.9662331489
2019-10-24,0.0579019241378865,0.0,220472.28220464688
2019-10-25,0.0639680253374235,0.0,273958.6409576788
2019-10-26,0.0675212891659449,0.0,289902.9676134021
2019-10-27,0.0717548802447717,0.0,219621.41522557708
2019-10-28,0.0749226004058814,0.0,290582.43570518494
2019-10-29,0.0730957367176227,0.0,259684.8847731234
2019-10-30,0.0690708731997299,0.0,256975.97347165304
2019-10-31,0.0681835589253801,0.0,453874.47271084646
2019-11-01,0.06594364346289,0.0,491236.17034896667
2019-11-02,0.0739802635489719,0.0,273837.9526739324
2019-11-03,0.0701602802350937,0.0,3544.736541619356
2019-11-04,0.0691068960120323,0.0,4919.019227975787
2019-11-05,0.0735001973122372,0.0,220520.726159795
2019-11-06,0.0659178571950268,0.0,194817.62227448696
2019-11-07,0.0699463524556262,0.0,158807.3877032455
2019-11-08,0.0658288792380038,0.0,263828.982210072
2019-11-09,0.0702248300721616,0.0,275275.15409782744
2019-11-10,0.0733293195476721,0.0,7962.823438531993
2019-11-11,0.0735959608361685,0.0,3637.197192042176
2019-11-12,0.0637380102606317,0.0,82692.12383750956
2019-11-13,0.0689914055619846,0.0,702484.5656788622
2019-11-14,0.0656596980742924,0.0,274841.8566552782
2019-11-15,0.0678861626586342,0.0,904916.9136880937
2019-11-16,0.0728467074810191,0.0,168759.03246466492
2019-11-17,0.0730812584143633,0.0,683836.2740921496
2019-11-18,0.0574073028428529,0.0,319151.99277889123
2019-11-19,0.0699394975281788,0.0,7265.156878742669
2019-11-20,0.0702037262882223,0.0,6437.482157809695
2019-11-21,0.0674234568748394,0.0,560427.318424944
2019-11-22,0.0655971738637719,0.0,629199.728845636
2019-11-23,0.0631896856235856,0.0,557942.4636749086
2019-11-24,0.063573295929351,0.0,606507.6373683625
2019-11-25,0.0591354009946471,0.0,486190.4513168384
2019-11-26,0.0608821972940379,0.0,535027.8458656201
2019-11-27,0.0620900580253139,0.0,730576.8300530729
2019-11-28,0.0707132671600089,0.0,545552.818276349
2019-11-29,0.0677803146483357,0.0,709891.5566187385
2019-11-30,0.0733086549875762,0.0,607548.2847461469
2019-12-01,0.0735594535999602,0.0,9347.909068346906
2019-12-02,0.0686524143524817,0.0,2205.9535873039704
2019-12-03,0.0667008534066336,0.0,6509.580403121451
2019-12-04,0.0671859694542055,0.0,651650.4908600774
2019-12-05,0.06719932010637,0.0,140016.77217091297
2019-12-06,0.0689082891943895,0.0,866795.8537938632
2019-12-07,0.0685366550975167,0.0,714957.1543035043
2019-12-08,0.0662910456841818,0.0,509752.51268158737
2019-12-09,0.0680226153516156,0.0,689921.2493746987
2019-12-10,0.0684739518666519,0.0,672151.5512724323
2019-12-11,0.0686675219844518,0.0,751734.0633721745
2019-12-12,0.0683517407104151,0.0,679259.3886299102
2019-12-13,0.0684062655869508,0.0,725781.7380821637
2019-12-14,0.0701625696489184,0.0,494444.1499285516
2019-12-15,0.0679073071470554,0.0,428180.7700098394
2019-12-16,0.068742429493941,0.0,544288.5708050124
2019-12-17,0.0669866687475569,0.0,656128.6506484817
2019-12-18,0.0644160803059455,0.0,693194.7743009028
2019-12-19,0.072852542794487,0.0,755116.582162891
2019-12-20,0.0695979842810255,0.0,700377.8187736585
2019-12-21,0.0700971410817949,0.0,659601.4099971547
2019-12-22,0.0699622765744437,0.0,583183.849218825
2019-12-23,0.0890139253863625,0.0,835468.6811698294
2019-12-24,0.0743526857243148,0.0,630899.0101335655
2019-12-25,0.0790019811015462,0.0,732348.7988866643
2019-12-26,0.0966924472786508,0.0,794775.8654519219
2019-12-27,0.1021068064140701,0.0,687693.305314082
2019-12-28,0.1076036253532499,0.0,730058.2021197034
2019-12-29,0.1059110233651093,0.0,724549.713353011
2019-12-30,0.1120358912241452,0.0,714509.8602132354
2019-12-31,0.1092881019264403,0.0,733093.8382732671
2020-01-01,0.1075561691887899,0.0,244712.07593047497
2020-01-02,0.1152506361580869,0.0,486303.9647722608
2020-01-03,0.1078650886258939,0.0,409404.6707545167
2020-01-04,0.1153923510670093,0.0,623387.7907245385
2020-01-05,0.0902926435507408,0.0,654344.4637824161
2020-01-06,0.1006774323221008,0.0,442305.4586786596
2020-01-07,0.1051189675519097,0.0,596408.8674930845
2020-01-08,0.1115824541736534,0.0,223337.0240746932
2020-01-09,0.1065933032382416,0.0,696524.9036605237
2020-01-10,0.0982355907418744,0.0,693965.5929506471
2020-01-11,0.1039240223076423,0.0,408989.5284402911
2020-01-12,0.0943225521768562,0.0,371699.9788360066
2020-01-13,0.089901644508886,0.0,442433.9352897543
2020-01-14,0.0840836656502101,0.0,440429.6073240518
2020-01-15,0.0936847534423746,0.0,295247.2194193835
2020-01-16,0.0814828937961879,0.0,226267.04025167585
2020-01-17,0.0666205345255403,0.0,547698.6919023196
2020-01-18,0.0739074901761503,0.0,270528.7527203718
2020-01-19,0.0669511475001824,0.0,91537.6727080554
2020-01-20,0.0708198682220708,0.0,3971.658156223916
2020-01-21,0.0722625869657267,0.0,3946.302406734341
2020-01-22,0.0706193552278231,0.0,529692.2033316527
2020-01-23,0.0691965316663018,0.0,588190.0277837456
2020-01-24,0.0646158465737435,0.0,6134.138595923541
2020-01-25,0.0657437077000876,0.0,1174697.9056888812
2020-01-26,0.0664712581093601,0.0,1657503.9812588235
2020-01-27,0.0676356130121799,0.0,1390773.8199294426
2020-01-28,0.0689141441296924,0.0,1108345.3238638318
2020-01-29,0.0730265993248993,0.0,448015.99909801845
2020-01-30,0.0710293369056111,0.0,3643.584091802235
2020-01-31,0.0717838084234813,0.0,95992.41435593762
2020-02-01,0.0661487645053475,0.0,286248.3892786936
2020-02-02,0.0647878587195936,0.0,251414.576763625
2020-02-03,0.0676635439779876,0.0,266795.50540877844
2020-02-04,0.0649147150317318,0.0,6088.996942673413
2020-02-05,0.06864199945,0.0,5546.602754445677
2020-02-06,0.0691072837539683,0.0,9165.084852515938
2020-02-07,0.0661894970059272,0.0,5397.481300147318
2020-02-08,0.0686049295364605,0.0,28532.64518782036
2020-02-09,0.0672796580573156,0.0,457038.9514054064
2020-02-10,0.0621253925948108,0.0,347147.06438395067
2020-02-11,0.0605606222612498,0.0,483804.4217986732
2020-02-12,0.0628057682761794,0.0,483201.0589552383
2020-02-13,0.063345767338445,0.0,477078.5747324922
2020-02-14,0.0645165694087807,0.0,452951.6350392476
2020-02-15,0.0666717408507095,0.0,424036.397522039
2020-02-16,0.0638993614035836,0.0,492714.37678068393
2020-02-17,0.0598411381749622,0.0,197260.5795454026
2020-02-18,0.0601290036789674,0.0,11250.275864621157
2020-02-19,0.0649896763936607,0.0,346604.7172855992
2020-02-20,0.0540637284686482,0.0,394033.145922596
2020-02-21,0.0605064846255482,0.0,208132.6166432937
2020-02-22,0.0610828887490417,0.0,189841.34242980927
2020-02-23,0.0568111243451796,0.0,55930.46336747979
2020-02-24,0.0565024037436633,0.0,73136.36264676032
2020-02-25,0.0501635665826501,0.0,70329.30540194362
2020-02-26,0.0565373452147227,0.0,34026.030876507655
2020-02-27,0.0532414448931886,0.0,13618.004062985863
2020-02-28,0.0523756915852834,0.0,217830.86793303484
2020-02-29,0.0489420665806979,0.0,280727.92536775646
2020-03-01,0.0417177323484169,0.0,177654.70340228258
2020-03-02,0.0463608102109866,0.0,13582.11623258097
2020-03-03,0.0474050874764594,0.0,111134.0977203512
2020-03-04,0.0522135057721177,0.0,173435.55985728058
2020-03-05,0.053428844842389,0.0,437579.7582611935
2020-03-06,0.0588818118358507,0.0,225228.04729135265
2020-03-07,0.057513478995748,0.0,90972.12953655462
2020-03-08,0.0558718997825631,0.0,1094.0511519716315
2020-03-09,0.0507612510059327,0.0,144806.6213208757
2020-03-10,0.0503794555730335,0.0,348321.8356628002
2020-03-11,0.0499326140486282,0.0,403604.8943312799
2020-03-12,0.0499264068046059,0.0,450554.428322214
2020-03-13,0.0311978855857453,0.0,101592.2555437014
2020-03-14,0.0389300566616592,0.0,57464.1065985209
2020-03-15,0.0454425730930719,0.0,252011.29511650623
2020-03-16,0.0460842403515646,0.0,57071.22534298428
2020-03-17,0.0427003251444439,0.0,58081.38057706238
2020-03-18,0.0475205581267377,0.0,121736.93611631155
2020-03-19,0.0478348363438481,0.0,461783.97890645417
2020-03-20,0.053781022327513,0.0,100280.27693541744
2020-03-21,0.0507846367774876,0.0,28289.84556025198
2020-03-22,0.0459019235619258,0.0,118027.51341870644
2020-03-23,0.0458643315826366,0.0,165108.40132370073
2020-03-24,0.0489237686312718,0.0,200585.8363521344
2020-03-25,0.0484898732021402,0.0,43773.40358597703
2020-03-26,0.0430835350279661,0.0,52808.165534407126
2020-03-27,0.0434127733543067,0.0,27025.85485700959
2020-03-28,0.0438416544415602,0.0,18056.687020285637
2020-03-29,0.0398881886194099,0.0,17261.92745611352
2020-03-30,0.0372459433264136,0.0,1919.8607141725176
2020-03-31,0.0427108534931276,0.0,4651.466312229279
2020-04-01,0.0422520151378685,0.0,2395.657738135972
2020-04-02,0.0431322436881429,0.0,2311.902068356212
2020-04-03,0.0418010139374107,0.0,37374.00030742979
2020-04-04,0.0407722094788685,0.0,16767.04665002578
2020-04-05,0.0421396233726896,0.0,22136.97500074861
2020-04-06,0.0414722251700014,0.0,26675.078532473875
2020-04-07,0.0456616319720529,0.0,78888.17323460175
2020-04-08,0.0460550049726522,0.0,35574.45653122716
2020-04-09,0.0447717719193356,0.0,28868.531038869
2020-04-10,0.0443168373265688,0.0,24795.43492955352
2020-04-11,0.0430927621672901,0.0,28755.903540796287
2020-04-12,0.0427970660066775,0.0,27787.245483805626
2020-04-13,0.0427480320111639,0.0,25270.83371236116
2020-04-14,0.0426743048000215,0.0,28890.61256404687
2020-04-15,0.0425068144446638,0.0,22591.416550835253
2020-04-16,0.0412304640181784,0.0,66335.45212604656
2020-04-17,0.0434774761425293,0.0,112820.3606967806
2020-04-18,0.0424292390482444,0.0,107163.42186920064
2020-04-19,0.0437604073799164,0.0,112476.66602388096
2020-04-20,0.0426388814331137,0.0,113143.09456782996
2020-04-21,0.041767371934233,0.0,110763.60648470484
2020-04-22,0.041626102579581,0.0,110449.47955233009
2020-04-23,0.0430775022951142,0.0,125823.64977872893
2020-04-24,0.042777753696408,0.0,218611.6105612512
2020-04-25,0.0395727737067338,0.0,180610.455089818
2020-04-26,0.0422266418994088,0.0,176762.3829470417
2020-04-27,0.0428589956647006,0.0,84948.76241661808
2020-04-28,0.0425147485052122,0.0,141246.95236020247
2020-04-29,0.0433114187328022,0.0,247410.51572356524
2020-04-30,0.0446879037111057,0.0,137281.43494959406
2020-05-01,0.0423012086480425,0.0,99278.39004151078
2020-05-02,0.0443901049251374,0.0,6821.1495391037415
2020-05-03,0.0427263778092779,0.0,8320.930615781757
2020-05-04,0.0413014903247595,0.0,109254.42184362614
2020-05-05,0.0420066108829675,0.0,122887.4045628978
2020-05-06,0.0431470552789769,0.0,12922.991272080964
2020-05-07,0.0439390351063676,0.0,92586.69183350324
2020-05-08,0.0463946301707878,0.0,98800.05129746588
2020-05-09,0.0419278807699544,0.0,9019.132316319528
2020-05-10,0.0404636851186954,0.0,131467.70937278352
2020-05-11,0.0415199586391399,0.0,323081.81815766066
2020-05-12,0.0411468898668001,0.0,250430.5728265145
2020-05-13,0.0400063042561561,0.0,2766.898606947089
2020-05-14,0.0466184332906631,0.0,3161.567805349048
2020-05-15,0.0481284103953104,0.0,2985.638930111716
2020-05-16,0.0449843464190786,0.0,2835.3047235338863
2020-05-17,0.0580612930724118,0.0,40627.82181811189
2020-05-18,0.0601305996743502,0.0,190403.93694361165
2020-05-19,0.0612819457823955,0.0,34677.353797622345
2020-05-20,0.0636701391615517,0.0,239306.86806021543
2020-05-21,0.0588441549697447,0.0,60608.43478490777
2020-05-22,0.056444203426767,0.0,15231.937006332842
2020-05-23,0.0572971990794029,0.0,127166.36766381696
2020-05-24,0.0565149738922307,0.0,58457.71768948607
2020-05-25,0.0469265727598478,0.0,2160.6683191582288
2020-05-26,0.0538649140388163,0.0,7026.705273534386
2020-05-27,0.0737137989242641,0.0,22893.62772839538
2020-05-28,0.0579536027134607,0.0,105645.93485823988
2020-05-29,0.0628915323993771,0.0,232929.9119178845
2020-05-30,0.0618853577588679,0.0,228320.8005531924
2020-05-31,0.0651370050834555,0.0,198919.1835883147
2020-06-01,0.0614530860127452,0.0,212053.66245248725
2020-06-02,0.0615467548357264,0.0,235267.27592218257
2020-06-03,0.0553084946457077,0.0,109993.408414857
2020-06-04,0.060214161396962,0.0,7542.049589902281
2020-06-05,0.0591614532093469,0.0,152105.5094333212
2020-06-06,0.0567605785408297,0.0,163688.79889832446
2020-06-07,0.057883685355388,0.0,203763.66498413976
2020-06-08,0.0566676149713072,0.0,125005.08310606456
2020-06-09,0.057066492729726,0.0,148607.65201968784
2020-06-10,0.0580775684120153,0.0,190747.34578647092
2020-06-11,0.0617565055809052,0.0,143005.5230867677
2020-06-12,0.0677413503814676,0.0,97235.43750272604
2020-06-13,0.0714851723789097,0.0,99477.14894001404
2020-06-14,0.0605868629351301,0.0,20937.61387607169
2020-06-15,0.0584533908260174,0.0,69624.96839103111
2020-06-16,0.0602691603432358,0.0,88931.25864749272
2020-06-17,0.0631578494156372,0.0,97849.428080359
2020-06-18,0.0600737310600208,0.0,9498.953312965004
2020-06-19,0.0591265041242024,0.0,12911.499364597745
2020-06-20,0.0595269793391484,0.0,15176.331651394416
2020-06-21,0.0597510124933614,0.0,16480.293064515543
2020-06-22,0.0549372575747277,0.0,2791.491602968183
2020-06-23,0.0554979021672488,0.0,2937.838780545714
2020-06-24,0.057860673932318,0.0,18446.14709302521
2020-06-25,0.0567919372758055,0.0,52584.76214018411
2020-06-26,0.0556808812247451,0.0,330066.5083435117
2020-06-27,0.0537020009727368,0.0,259823.08941266825
2020-06-28,0.0541838493683675,0.0,112904.59994513766
2020-06-29,0.0539640213736744,0.0,20500.770957546563
2020-06-30,0.0544831636538745,0.0,62422.33890328628
2020-07-01,0.0537508334712423,0.0,103472.94212819022
2020-07-02,0.0547562305222395,0.0,29428.081467579137
2020-07-03,0.053839858662031,0.0,44362.95440584864
2020-07-04,0.0536582536172653,0.0,72019.3564980376
2020-07-05,0.0541423900696447,0.0,85032.087154174
2020-07-06,0.0539174608320353,0.0,62674.29283078883
2020-07-07,0.0555693692752515,0.0,66775.50780163192
2020-07-08,0.0553723914242299,0.0,19691.77447542311
2020-07-09,0.0570423532666461,0.0,24699.06815911376
2020-07-10,0.0557740324324659,0.0,28513.15609872718
2020-07-11,0.0554780625619198,0.0,88794.83122000158
2020-07-12,0.0559484071846203,0.0,133706.68908811323
2020-07-13,0.0563137605353433,0.0,126042.87051439636
2020-07-14,0.0553097999217614,0.0,111325.18046532998
2020-07-15,0.0552412282055285,0.0,140292.30110456844
2020-07-16,0.0557057123037116,0.0,100438.42086931477
2020-07-17,0.0544555589920751,0.0,116409.65773230109
2020-07-18,0.0541105653806009,0.0,118753.80189907397
2020-07-19,0.0545548416017059,0.0,113360.29494967204
2020-07-20,0.0543652000649932,0.0,75054.22555692367
2020-07-21,0.0533662501047457,0.0,86697.11268086397
2020-07-22,0.0533922465329287,0.0,133247.53256341576
2020-07-23,0.0542109653769354,0.0,106839.719411786
2020-07-24,0.0544754135382614,0.0,87533.84268271671
2020-07-25,0.0554039604093226,0.0,84540.2654043972
2020-07-26,0.0552915549598847,0.0,96793.75313643464
2020-07-27,0.0574514451879133,0.0,127055.77777726024
2020-07-28,0.0530861171653001,0.0,146708.93805519387
2020-07-29,0.0540656497523699,0.0,141244.12497064008
2020-07-30,0.0570054661576569,0.0,129121.04542084184
2020-07-31,0.0571669017899532,0.0,142580.33164120305
2020-08-01,0.057640414840334,0.0,173064.43620997254
2020-08-02,0.0563571952362576,0.0,112949.01722788053
2020-08-03,0.0531297914723779,0.0,101683.04041259269
2020-08-04,0.0545989393048033,0.0,112311.83464789194
2020-08-05,0.0548459089860241,0.0,75343.24084659266
2020-08-06,0.0558185252152411,0.0,128743.14991063168
2020-08-07,0.0546478236338387,0.0,91505.2242427308
2020-08-08,0.0532032129922938,0.0,62456.58683272392
2020-08-09,0.0557723380824005,0.0,93221.2486767946
2020-08-10,0.0547098234583871,0.0,49917.199800260525
2020-08-11,0.0544066546371729,0.0,32560.77278946136
2020-08-12,0.0458458316470494,0.0,35233.87887081931
2020-08-13,0.0542029132239544,0.0,11915.731293004836
2020-08-14,0.0548699194753283,0.0,9218.42520520383
2020-08-15,0.0535993387286861,0.0,48700.09172224334
2020-08-16,0.0542752124479058,0.0,77669.34054153001
2020-08-17,0.052850766993933,0.0,102921.08677447912
2020-08-18,0.0552869739855198,0.0,56689.25247934749
2020-08-19,0.0512142944546207,0.0,56797.80631704641
2020-08-20,0.0512875548307171,0.0,101993.29941955415
2020-08-21,0.051373081130856,0.0,107494.66767795788
2020-08-22,0.0509301942342582,0.0,85894.03267860375
2020-08-23,0.0517750852455811,0.0,82517.61025918848
2020-08-24,0.0502989242320122,0.0,77272.00794366836
2020-08-25,0.0495417196994341,0.0,85236.51035281573
2020-08-26,0.0485132115545576,0.0,68237.39409732912
2020-08-27,0.0497415155217577,0.0,94822.98101265768
2020-08-28,0.0498860927520605,0.0,31150.38942825248
2020-08-29,0.0519370987763746,0.0,10464.235502154625
2020-08-30,0.0514695164430993,0.0,23770.57819289262
2020-08-31,0.0527306394893246,0.0,2201.4093607933733
2020-09-01,0.0524624291640688,0.0,18023.115253903085
2020-09-02,0.0549242106509002,0.0,33341.273340763655
2020-09-03,0.0533300503079128,0.0,29298.725306792865
2020-09-04,0.0598253295024151,0.0,135955.12307756784
2020-09-05,0.0678029418278932,0.0,171294.99307009662
2020-09-06,0.0705010922547655,0.0,202277.00966581723
2020-09-07,0.0747351352604828,0.0,232821.64432237105
2020-09-08,0.0821005359169654,0.0,272289.15698652505
2020-09-09,0.0854766097346911,0.0,304944.48168904294
2020-09-10,0.0835999114820791,0.0,351310.20050415816
2020-09-11,0.0836007004365983,0.0,362042.88239039504
2020-09-12,0.0826057591294936,0.0,312867.10113127227
2020-09-13,0.0804548107468232,0.0,300115.7266919428
2020-09-14,0.0803643185933666,0.0,301815.1046275797
2020-09-15,0.0829816812228347,0.0,405335.6534481477
2020-09-16,0.0830510314972857,0.0,586384.5173569999
2020-09-17,0.0824116980939219,0.0,475638.3847351052
2020-09-18,0.0832983938673969,0.0,412173.5797523896
2020-09-19,0.084632151036043,0.0,570469.3025823451
2020-09-20,0.0846809070851575,0.0,412800.752033674
2020-09-21,0.0847040170761155,0.0,546626.9600068898
2020-09-22,0.0807364925676291,0.0,433859.6439030749
2020-09-23,0.0826837468235844,0.0,501563.6412973647
2020-09-24,0.0826159100293443,0.0,572429.4972340997
2020-09-25,0.0853976832477241,0.0,555132.5940132451
2020-09-26,0.084821763384887,0.0,437582.822285347
2020-09-27,0.0864589143190431,0.0,460378.0708583039
2020-09-28,0.0841130896276383,0.0,455203.4781866698
2020-09-29,0.0850831955055413,0.0,469873.0507706426
2020-09-30,0.0854468390252743,0.0,336861.1458913673
2020-10-01,0.0845477101000207,0.0,377771.6299183114
2020-10-02,0.0805247029193478,0.0,421119.8525260013
2020-10-03,0.0780970555295825,0.0,399640.3797461123
2020-10-04,0.0801612484127633,0.0,459141.5228073705
2020-10-05,0.0823706696742827,0.0,398041.0274730458
2020-10-06,0.0832364026216796,0.0,417661.598695613
2020-10-07,0.0811546775753273,0.0,415944.98713175097
2020-10-08,0.0796620802136436,0.0,453519.78011446656
2020-10-09,0.0836346398497853,0.0,578917.5413753341
2020-10-10,0.0843589038747407,0.0,274753.5128102937
2020-10-11,0.0849715425431186,0.0,456007.8607662671
2020-10-12,0.0840997918355458,0.0,316511.2241184315
2020-10-13,0.0848671403934884,0.0,280504.3135313183
2020-10-14,0.082379187644628,0.0,46310.01451452117
2020-10-15,0.0826376534311179,0.0,45571.192870143466
2020-10-16,0.0801323251915831,0.0,47680.98352161015
2020-10-17,0.0796580902743867,0.0,350764.8232328132
2020-10-18,0.0787324605283512,0.0,394582.1416873494
2020-10-19,0.0801297943537173,0.0,185467.26839216784
2020-10-20,0.0806941838421867,0.0,278764.41761280753
2020-10-21,0.0820658461108875,0.0,308937.5204394968
2020-10-22,0.081579013345882,0.0,444110.0246680583
2020-10-23,0.0826547498016413,0.0,559388.6995019699
2020-10-24,0.0804634926869307,0.0,501767.7300417156
2020-10-25,0.0848504822746522,0.0,408780.1129780733
2020-10-26,0.0830184499741828,0.0,453095.4426780027
2020-10-27,0.0846522060628326,0.0,427213.2853179419
2020-10-28,0.0859112524478183,0.0,514316.3029962047
2020-10-29,0.0818781773027887,0.0,497261.9798658878
2020-10-30,0.0905173620936411,0.0,515700.1567068323
2020-10-31,0.0899945519452851,0.0,659443.9862991367
2020-11-01,0.0851482264618633,0.0,656355.8107477827
2020-11-02,0.0846461262642461,0.0,578981.5202274693
2020-11-03,0.0878805177096677,0.0,701660.495178726
2020-11-04,0.0881531358161787,0.0,775372.7252322133
2020-11-05,0.0852931821812844,0.0,645009.9032524027
2020-11-06,0.0925121213648775,0.0,213924.32566784797
2020-11-07,0.0897350526681727,0.0,137803.65551478628
2020-11-08,0.0874126987036379,0.0,73549.47040380693
2020-11-09,0.0915035310038261,0.0,87601.66068056502
2020-11-10,0.0872189298152527,0.0,78543.65446976987
2020-11-11,0.0797406879553136,0.0,80417.98254277211
2020-11-12,0.0848417627647004,0.0,97959.7913357272
2020-11-13,0.0764743891436243,0.0,99775.12622023583
2020-11-14,0.0790174174662182,0.0,116221.90436801389
2020-11-15,0.0832278756269516,0.0,44667.33092834844
2020-11-16,0.0776687219032878,0.0,81165.57003372112
2020-11-17,0.0788713098862964,0.0,380538.0413073803
2020-11-18,0.0849336550690476,0.0,690202.4495476154
2020-11-19,0.0771401952200178,0.0,654069.4506575986
2020-11-20,0.0774495826280811,0.0,576487.6936913664
2020-11-21,0.0790485360231096,0.0,372469.0703617869
2020-11-22,0.0787773245587338,0.0,513852.3448357427
2020-11-23,0.0795846328376814,0.0,243627.80061187528
2020-11-24,0.0773016353242035,0.0,539750.7145073768
2020-11-25,0.0768631549818023,0.0,490371.0368813466
2020-11-26,0.0736779477631249,0.0,17778.836417847095
2020-11-27,0.073252547755294,0.0,62276.45973476019
2020-11-28,0.0724728740861993,0.0,223810.8264977465
2020-11-29,0.0760831432722237,0.0,13132.31740839989
2020-11-30,0.080716666884359,0.0,236746.6647596303
2020-12-01,0.0798180538707863,0.0,593635.9621948712
2020-12-02,0.080214710473911,0.0,148346.80583876363
2020-12-03,0.0768961277952335,0.0,491036.29039046494
2020-12-04,0.0744458003015385,0.0,5111.411375950112
2020-12-05,0.07075492060985,0.0,3801.506885511496
2020-12-06,0.076549449550774,0.0,284364.03027049155
2020-12-07,0.0771856682140331,0.0,544260.7378490907
2020-12-08,0.0737257002494522,0.0,661229.1567756011
2020-12-09,0.0725875515515163,0.0,223258.6918440504
2020-12-10,0.0751745464957503,0.0,644893.4431011808
2020-12-11,0.0761257192888052,0.0,603640.1963944149
2020-12-12,0.0751502123211481,0.0,484963.4942226037
2020-12-13,0.0772406513082681,0.0,600465.8176391153
2020-12-14,0.0772007908438989,0.0,729185.6709796679
2020-12-15,0.0755229207372337,0.0,701663.4300413985
2020-12-16,0.0761914786610982,0.0,535485.3120032051
2020-12-17,0.0831725977055744,0.0,773133.2858255878
2020-12-18,0.0757081447199353,0.0,722678.3637949439
2020-12-19,0.0704855721415955,0.0,588166.6332365518
2020-12-20,0.0853441791423758,0.0,873047.7413669223
2020-12-21,0.0762173953976044,0.0,423650.0106581661
2020-12-22,0.0763116466821508,0.0,707131.9349303745
2020-12-23,0.0800138840538108,0.0,734685.212854499
2020-12-24,0.0742064986260518,0.0,733353.2700651881
2020-12-25,0.0772373559138419,0.0,724392.0949503809
2020-12-26,0.0790104028216249,0.0,735563.503792659
2020-12-27,0.0783519354257856,0.0,727411.7243326622
2020-12-28,0.0740986741483951,0.0,706156.309129034
2020-12-29,0.0751572759187344,0.0,592974.2278895101
2020-12-30,0.0797377267851481,0.0,747212.6372041533
2020-12-31,0.0790104369794554,0.0,568368.051744128
2021-01-01,0.0748639951291361,0.0,592351.7644269692
2021-01-02,0.0766079098302001,0.0,766490.5125273285
2021-01-03,0.0810203517436093,0.0,558733.8416009241
2021-01-04,0.0761078385994326,0.0,637937.9336751074
2021-01-05,0.0734192648941597,0.0,281810.3900744776
2021-01-06,0.0800957226083555,0.0,182331.33839846475
2021-01-07,0.0767153753689039,0.0,681393.9776046352
2021-01-08,0.0733214585800649,0.0,696352.5369136746
2021-01-09,0.0756752358483084,0.0,608433.3727844954
2021-01-10,0.0745499742879211,0.0,577695.352794562
2021-01-11,0.0705848539898938,0.0,621959.9046511214
2021-01-12,0.0782133483226491,0.0,554463.6051331789
2021-01-13,0.0698745231327165,0.0,138811.63109780315
2021-01-14,0.0810419651138798,0.0,260847.42850665055
2021-01-15,0.0813327226604423,0.0,333519.8789648443
2021-01-16,0.0760956700072798,0.0,638450.5525979019
2021-01-17,0.0737988875304026,0.0,274997.8291376109
2021-01-18,0.0760589982265889,0.0,386741.653326971
2021-01-19,0.0747191200281641,0.0,774111.1789750912
2021-01-20,0.0738953418610731,0.0,733473.5791519409
2021-01-21,0.0811073402317806,0.0,204080.5231873206
2021-01-22,0.0730343695527967,0.0,395258.442454046
2021-01-23,0.0759349421410633,0.0,482285.7472954825
2021-01-24,0.077362730196595,0.0,511776.5014588708
2021-01-25,0.0746233159859454,0.0,138983.53660141022
2021-01-26,0.0743785101234346,0.0,406232.48221411806
2021-01-27,0.0777552848002157,0.0,540859.1252517806
2021-01-28,0.0783566461270962,0.0,475994.63934844855
2021-01-29,0.0814761952275031,0.0,528007.7963470448
2021-01-30,0.0768572213851337,0.0,226331.2202923137
2021-01-31,0.0819240726425083,0.0,31677.916328100488
2021-02-01,0.0824909195416857,0.0,249107.59877698208
2021-02-02,0.0805598354918249,0.0,11508.281941429852
2021-02-03,0.0847947717994983,0.0,16842.932867367348
2021-02-04,0.0816887898914056,0.0,3101.402817259615
2021-02-05,0.0818563992472973,0.0,291835.36295908404
2021-02-06,0.0839761165936908,0.0,460900.3535530759
2021-02-07,0.0837590334201816,0.0,747519.0141717343
2021-02-08,0.0819052754374159,0.0,790023.685297275
2021-02-09,0.0859158069535541,0.0,601517.2671815322
2021-02-10,0.0768686509626764,0.0,696720.2379541651
2021-02-11,0.0797694101118221,0.0,782008.827406327
2021-02-12,0.0768466204541813,0.0,599376.8534084887
2021-02-13,0.0787265420150688,0.0,724479.5522061717
2021-02-14,0.0812458249895745,0.0,809136.5707013302
2021-02-15,0.084210093829488,0.0,701905.8210599464
2021-02-16,0.0834552038098026,0.0,444160.725315108
2021-02-17,0.094934595373594,0.0,581653.1752069116
2021-02-18,0.0935281899715287,0.0,224004.15101924897
2021-02-19,0.1099720758260816,0.0,760973.8768305646
2021-02-20,0.1200980481826914,0.0,1044451.9276301184
2021-02-21,0.1004118059957981,0.0,427617.4913736105
2021-02-22,0.0942105898894445,0.0,149867.69515885104
2021-02-23,0.0894051614730549,0.0,523246.8036707035
2021-02-24,0.0920065377961225,0.0,948076.574156722
2021-02-25,0.0926782083525135,0.0,851682.1448427585
2021-02-26,0.0901463961756011,0.0,715517.686630327
2021-02-27,0.0884643656827279,0.0,556334.0150804729
2021-02-28,0.090610504042758,0.0,106851.0796474357
2021-03-01,0.073477705778562,0.0,48396.91374727711
2021-03-02,0.1117177621109579,0.0,45989.33852696253
2021-03-03,0.0822066086504793,0.0,4441.622981831421
2021-03-04,0.0850085862486343,0.0,4121.065807032051
2021-03-05,0.0879121553454012,0.0,917.67738114795
2021-03-06,0.0809700778078044,0.0,12560.57353475393
2021-03-07,0.076210760517958,0.0,10760.8015912813
2021-03-08,0.0811698699059785,0.0,1974.756754995337
2021-03-09,0.0816822990534454,0.0,12977.49422054827
2021-03-10,0.0879692931816753,0.0,21096.684575095413
2021-03-11,0.0858754221351107,0.0,13795.05792202415
2021-03-12,0.0786256997318142,0.0,6803.63934149854
2021-03-13,0.0849194237010502,0.0,6489.260026694838
2021-03-14,0.0808971905247762,0.0,31846.309998092343
2021-03-15,0.0743626166304888,0.0,3029.826911124569
2021-03-16,0.078927026532962,0.0,18783.75531407676
2021-03-17,0.0781861951809271,0.0,23814.90915511658
2021-03-18,0.0968363142628603,0.0,2.420907856571508
2021-03-19,0.1375904250053023,0.0,4.127712750159072
2021-03-20,0.0960988124178869,0.0,40106.06642180821
2021-03-21,0.0767798900196057,0.0,2776.282791817096
2021-03-22,0.0759033961590248,0.0,21115.947022053093
2021-03-23,0.0767831383651598,0.0,22963.37903906624
2021-03-24,0.0701440869041982,0.0,11847.354524994296
2021-03-25,0.0688277968582679,0.0,8570.601408437306
2021-03-26,0.0729976574288535,0.0,15145.814255799916
2021-03-27,0.072937593048537,0.0,7803.1889227129695
2021-03-28,0.0767710115152363,0.0,5448.789860267805
2021-03-29,0.0748580450640755,0.0,1414.771943437204
2021-03-30,0.0768891122092623,0.0,16417.992025006082
2021-03-31,0.0793820055501054,0.0,79.43576179558502
2021-04-01,0.0699823635802366,0.0,27.70617585466921
2021-04-02,0.0751607170886714,0.0,19805.239763189475
2021-04-03,0.0800793121434115,0.0,68107.16320081019
2021-04-04,0.0787891704079619,0.0,431.91979686307
2021-04-05,0.0778012897826785,0.0,2408.00302107166
2021-04-06,0.0682758092611182,0.0,1030.660479581056
2021-04-07,0.0645794214067182,0.0,8742.521095711663
2021-04-08,0.0638608614521129,0.0,8016.113329982765
2021-04-09,0.0683119809345489,0.0,9233.189936650077
2021-04-10,0.059581077546482,0.0,302.05083659975736
2021-04-11,0.0714519596782033,0.0,5464.401563189328
2021-04-12,0.0799258123319084,0.0,160.77317109112263
2021-04-13,0.0670694399899883,0.0,2910.051636908256
2021-04-14,0.0683883046413962,0.0,5959.402658254991
2021-04-15,0.0685170173205426,0.0,8607.937522679966
2021-04-16,0.060165582128942,0.0,11100.203858647465
2021-04-17,0.0650019543445054,0.0,10262.562865229796
2021-04-18,0.0606782625225712,0.0,3915.7407010044567
2021-04-19,0.0588095016261577,0.0,4222.503601560162
2021-04-20,0.0600273565781589,0.0,4938.067016951538
2021-04-21,0.0619899305253189,0.0,1248.0745673867175
2021-04-22,0.0584929880203034,0.0,4120.971139630183
2021-04-23,0.0564514470094756,0.0,675.561391938817
2021-04-24,0.0603993169983065,0.0,1832.5120800930351
2021-04-25,0.0488195453575321,0.0,518.2165674131371
2021-04-26,0.0591763894512488,0.0,7787.228721474973
2021-04-27,0.0630966367703828,0.0,1256.8093633323997
2021-04-28,0.0632832906911116,0.0,6812.358820272144
2021-04-29,0.0612466071520188,0.0,1609.825890875689
2021-04-30,0.064668663035585,0.0,67236.73926107175
2021-05-01,0.0687285979014695,0.0,971185.3523069096
2021-05-02,0.0657719618867188,0.0,275255.1582815925
2021-05-03,0.0625409734619197,0.0,209948.93260552696
2021-05-04,0.0606729437889599,0.0,269225.41951897414
2021-05-05,0.0593097729800235,0.0,289690.88867973443
2021-05-06,0.0634855713605441,0.0,262878.902453901
2021-05-07,0.06439888847831,0.0,261974.99212886248
2021-05-08,0.0599631773220226,0.0,169131.0099579984
2021-05-09,0.0592950987359202,0.0,190435.6466035148
2021-05-10,0.0604961119798108,0.0,130150.39556337474
2021-05-11,0.0574591926530389,0.0,116675.26477143777
2021-05-12,0.0548534476243314,0.0,154523.4403986705
2021-05-13,0.0519812081694393,0.0,158750.58546998634
2021-05-14,0.0517703148649578,0.0,169757.8541537581
2021-05-15,0.0537991213465013,0.0,195738.4186425141
2021-05-16,0.0519875886899552,0.0,107285.29472484658
2021-05-17,0.0541935735860107,0.0,225535.92727522663
2021-05-18,0.0519568340130526,0.0,189575.9184528307
2021-05-19,0.0534710887623356,0.0,207335.50660978892
2021-05-20,0.0477926656794723,0.0,151607.34868235962
2021-05-21,0.0560902435122284,0.0,129888.14177964216
2021-05-22,0.0526610309408504,0.0,89593.89227450202
2021-05-23,0.0529889283914379,0.0,70121.15900722207
2021-05-24,0.051718428545548,0.0,69753.62363065901
2021-05-25,0.0543967971387063,0.0,59076.80022483904
2021-05-26,0.0536094343358844,0.0,140716.62696755148
2021-05-27,0.0568868926687451,0.0,147066.94626400952
2021-05-28,0.057480451178832,0.0,188801.26652573943
2021-05-29,0.058665668249281,0.0,179769.27527480962
2021-05-30,0.0573521551115999,0.0,182475.5469952763
2021-05-31,0.0582262359834812,0.0,115866.98381456728
2021-06-01,0.0634403939576502,0.0,138542.97610496436
2021-06-02,0.0618957630982833,0.0,210455.51858136556
2021-06-03,0.0612881721774673,0.0,531709.2004370115
2021-06-04,0.0646843347223314,0.0,528846.228982029
2021-06-05,0.0612750456291975,0.0,440233.82940215926
2021-06-06,0.0566718470840247,0.0,382712.3571711234
2021-06-07,0.0576211219742627,0.0,419374.15044461895
2021-06-08,0.0544307998242237,0.0,363650.5779181965
2021-06-09,0.0619040314027914,0.0,427040.1942482501
2021-06-10,0.122708790479653,0.0,572509.0043603076
2021-06-11,0.0684006489248715,0.0,281656.32173290604
2021-06-12,0.0702851257543356,0.0,43541.17474903316
2021-06-13,0.0668219646023526,0.0,177187.00619868544
2021-06-14,0.0716207833907144,0.0,122473.39632280866
2021-06-15,0.0714435762125434,0.0,122753.98166026418
2021-06-16,0.0716910598692322,0.0,126729.9209113706
2021-06-17,0.0688949054588118,0.0,143057.71280175087
2021-06-18,0.0717435136448961,0.0,191785.6941228977
2021-06-19,0.0694737880134964,0.0,174240.86779004754
2021-06-20,0.0689275944337408,0.0,61270.62691689598
2021-06-21,0.0769363928204321,0.0,62995.69602578269
2021-06-22,0.0684898029356908,0.0,83136.26385874566
2021-06-23,0.0746342504952726,0.0,95762.40459427716
2021-06-24,0.0737127580518387,0.0,121286.02796616832
2021-06-25,0.0733680922053202,0.0,140065.98052605393
2021-06-26,0.0722376055237917,0.0,170241.30475955384
2021-06-27,0.0747891695287184,0.0,297061.3166192843
2021-06-28,0.0846026968969596,0.0,270973.6150410783
2021-06-29,0.077297662246866,0.0,185809.88172712017
2021-06-30,0.0801704028450667,0.0,184940.19107447512
2021-07-01,0.079654801961925,0.0,167813.80702873014
2021-07-02,0.0739692576662549,0.0,95063.70126049552
2021-07-03,0.0707359735114869,0.0,103693.27359206555
2021-07-04,0.0734283781636445,0.0,193453.5589779236
2021-07-05,0.0729544111040738,0.0,263624.4838232745
2021-07-06,0.0724814178800527,0.0,216293.8925719544
2021-07-07,0.0704435392229283,0.0,156697.79014162155
2021-07-08,0.0701300126668984,0.0,121398.00450256727
2021-07-09,0.0730998214989266,0.0,102720.27732860514
2021-07-10,0.0758814559473748,0.0,322335.69882134686
2021-07-11,0.0603720928606749,0.0,327546.68214797525
2021-07-12,0.0750700957431424,0.0,323854.4580378342
2021-07-13,0.0724875994515183,0.0,366305.3796623839
2021-07-14,0.0755738719016043,0.0,158211.9121009123
2021-07-15,0.0780632511247163,0.0,72325.71928336154
2021-07-16,0.080604908033742,0.0,220075.2691315293
2021-07-17,0.0842263463116107,0.0,203699.14699725248
2021-07-18,0.0918802721492801,0.0,272253.92477062927
2021-07-19,0.091277442988564,0.0,257190.31420541045
2021-07-20,0.0892327912236459,0.0,153291.95597363907
2021-07-21,0.0877849271984135,0.0,235111.05798740947
2021-07-22,0.092497395504854,0.0,313450.79839569086
2021-07-23,0.0896988985152532,0.0,335120.21817801934
2021-07-24,0.0917698402471351,0.0,324248.63414515124
2021-07-25,0.0908249325187688,0.0,331228.1776092504
2021-07-26,0.0926795593623843,0.0,535291.2942001971
2021-07-27,0.0899488986531421,0.0,539685.9881872024
2021-07-28,0.0932372861236401,139747324.5899417,522749.6423362791
2021-07-29,0.0943361334517155,141504200.17757335,471181.6351785749
2021-07-30,0.0945303448315238,141128610.62561798,204645.29747395133
2021-07-31,0.0977607738979498,146466399.65882555,297213.24832497205
2021-08-01,0.0930859165177346,139550383.96670964,137741.04555487985
2021-08-02,0.0863901965317758,129585294.79766378,51214.68297551944
2021-08-03,0.0884363049948526,132654457.492279,230431.7913383664
2021-08-04,0.0887294841582232,133093552.79007928,456547.4751294372
2021-08-05,0.0906330726216631,135970810.6581179,516158.1059282253
2021-08-06,0.0945934662892035,142016927.4837877,619763.0114243018
2021-08-07,0.0938594000141534,140952178.39794543,261139.0767268185
2021-08-08,0.0930407746040998,139144688.46852022,63193.1710172362
2021-08-09,0.0937642070437602,141489482.16860756,314606.0584653879
2021-08-10,0.0980527936423796,145050440.48294094,520720.8816845458
2021-08-11,0.0954451175508636,142987105.0676239,663397.9116188226
2021-08-12,0.095027545764311,142569921.92344117,744329.4225645105
2021-08-13,0.0964907039974898,144526577.19530326,964604.1352382944
2021-08-14,0.1039828685312874,155980824.94518015,889539.2940342594
2021-08-15,0.1022665989187033,153399898.37805495,894753.7999059244
2021-08-16,0.10245704008413,153765686.79938054,749011.909254154
2021-08-17,0.1011020403861473,152187164.62510064,977257.2482921948
2021-08-18,0.1148027789452665,172414400.07180706,680396.8814787759
2021-08-19,0.0982986842323849,147448026.34857747,496549.4816784173
2021-08-20,0.1035784314484268,153581704.90444905,307905.3338055709
2021-08-21,0.1044877531157334,156751912.55577105,682266.6762202557
2021-08-22,0.1029545935636081,154596736.6975434,793798.4265101295
2021-08-23,0.1043434010114123,156507044.25614265,717478.7233393264
2021-08-24,0.0999210116244745,150002867.11815435,238160.153786916
2021-08-25,0.0972300415442458,146229059.54905698,160983.39231028908
2021-08-26,0.1012608283067158,151916086.253877,113157.54220314664
2021-08-27,0.1015678955244949,152148801.30455086,189339.66606797645
2021-08-28,0.1052086299883164,157948669.4585094,395083.5541907882
2021-08-29,0.1075105917700603,161013093.557889,156372.9277414084
2021-08-30,0.1021131419861373,153169712.97920594,109118.44836641458
2021-08-31,0.1013048113785438,152233403.31282794,250876.06204254017
2021-09-01,0.0998315089822866,149747263.4734299,211972.31064924443
2021-09-02,0.1029760800791778,154516342.31509006,174474.48543537554
2021-09-03,0.1026373148149961,152421719.2229604,118293.67353409065
2021-09-04,0.1068886484437662,159926553.13960335,525538.4095644092
2021-09-05,0.1048705129834465,157239300.7100436,309940.0051752445
2021-09-06,0.1145433291117989,170342791.34421346,362606.4640296564
2021-09-07,0.1079538525216793,160474370.43286514,913775.5814519904
2021-09-08,0.1000871441720466,150130948.8844671,832855.0967574745
2021-09-09,0.1008541395716931,151533791.71789724,1111782.956700446
2021-09-10,0.1131921322747465,169956669.0087345,1107884.1837836828
2021-09-11,0.1030174720798558,152554348.43542156,775002.445581284
2021-09-12,0.1061732177649802,159275553.0900048,785693.8929648469
2021-09-13,0.1094947036366658,164763799.331421,468423.1237268285
2021-09-14,0.1037863344171589,155607144.6357585,294412.7791230038
2021-09-15,0.1154948815501707,173278832.05595085,46198.09544861957
2021-09-16,0.1150478361727517,172711910.8279719,17960.383186879917
2021-09-17,0.1102721683288047,165423238.5218205,27548.07373795197
2021-09-18,0.1100144171652407,165019456.1218332,25700.55587210582
2021-09-19,0.1118520594295763,167769416.7174255,13167.86450818126
2021-09-20,0.1097729770811592,165229121.87700495,11937.46421599735
2021-09-21,0.1059632846029202,158536776.3453372,327978.60027986806
2021-09-22,0.1109478416489044,166327165.4901048,361794.2245897109
2021-09-23,0.1115167705931233,167265617.033952,414215.3921068325
2021-09-24,0.1160294017728138,174110271.23474115,621434.1039187934
2021-09-25,0.1127956251138361,169364020.85082555,287154.3153134022
2021-09-26,0.1126120258554915,168584103.214344,80569.16034330554
2021-09-27,0.1143025618408632,171336051.7498374,643774.1981120595
2021-09-28,0.1112847128796272,166710415.4247129,1054363.4314332134
2021-09-29,0.1102445958447738,166360209.6053235,389587.1875571999
2021-09-30,0.1117142256996954,167366553.58127564,454835.6307188192
2021-10-01,0.1162825118411349,174667052.06157795,996998.0010978665
2021-10-02,0.1179093810529701,176704319.78699234,1425248.699136415
2021-10-03,0.1168340839081751,175355032.1095989,485067.6146522176
2021-10-04,0.1154131818736056,173191589.04084226,592748.8101349545
2021-10-05,0.1184920466918046,178122177.5141601,326977.9621234086
2021-10-06,0.1249086636399771,187363268.2429616,777467.7585215798
2021-10-07,0.1309217638303623,195962479.813014,658202.9121290816
2021-10-08,0.129210847397255,193782275.0905181,255663.4749055128
2021-10-09,0.1313002999913021,196875936.79304475,792387.302415925
2021-10-10,0.1345884068667677,201785017.2701403,691739.6912927763
2021-10-11,0.1323740070311799,198638754.6335343,239770.66072544223
2021-10-12,0.1311676722069242,197055544.42121744,140396.218920298
2021-10-13,0.135973983480679,204137362.2105912,105650.32675668653
2021-10-14,0.1402068879042079,210315062.8366829,607981.1417567272
2021-10-15,0.1367928704031482,205249684.60689372,246017.15120504488
2021-10-16,0.1309634523276684,195816526.16886225,399343.5973403336
2021-10-17,0.1374755505634344,205327506.0800532,121287.58038763792
2021-10-18,0.1409328739835338,210568019.4880704,1340980.7105216216
2021-10-19,0.1351610638262589,203274694.0615767,166861.1264062554
2021-10-20,0.1382563299526422,205759144.20381525,630390.0153032123
2021-10-21,0.1474202719483471,222100652.2997028,836752.1628453949
2021-10-22,0.1331699300937952,199869890.2963575,265915.8892783026
2021-10-23,0.1366266274470995,205032468.108813,108648.24420450728
2021-10-24,0.1381084046019143,207162606.9028716,53230.16515569793
2021-10-25,0.1374101529629077,205969237.65641445,416468.80785109405
2021-10-26,0.1398942330979272,209844093.6735351,503904.7163055703
2021-10-27,0.1360431765383008,204821451.83113936,269356.9207407361
2021-10-28,0.1301276498917333,195191474.8376,708736.664573216
2021-10-29,0.1296887680086764,194582957.2113543,361369.3920864139
2021-10-30,0.1364186673984131,208396537.19434637,697531.8609671453
2021-10-31,0.1342081346822109,200362944.5001801,1085642.244699773
2021-11-01,0.1375948596425954,206712324.89355195,691741.8931697371
2021-11-02,0.1314311614777045,197399154.95447505,218882.0677967828
2021-11-03,0.1346724427844367,201585478.1275985,178933.27423550916
2021-11-04,0.1353492534298036,191554953.050193,111324.11110663436
2021-11-05,0.1287046033639134,192706337.78255504,48069.0873355996
2021-11-06,0.1284968427426028,192701932.4597048,46009.2890018799
2021-11-07,0.1324706680978433,198445539.0558636,92332.50633283268
2021-11-08,0.1402557856993059,210061277.8308864,1790.5676575931002
2021-11-09,0.1413194390839749,212191194.41774744,67345.8073287349
2021-11-10,0.1404955310572641,211185414.54233983,62946.91512015804
2021-11-11,0.1357358633849853,203346847.45415384,155758.5920409082
2021-11-12,0.1355144017665729,203271602.6498595,239380.4196078753
2021-11-13,0.1359036762845174,203305852.73145252,169946.69841815814
2021-11-14,0.1379699316954722,206940884.8427586,168.47011171397816
2021-11-15,0.137093944222356,206786254.21153635,124.91578377953006
2021-11-16,0.130181431947541,195600594.5662539,14737.703879731613
2021-11-17,0.1258638074775179,188968712.0595549,174261.02255523996
2021-11-18,0.1247890971504095,186577763.4189756,33057.77846988347
2021-11-19,0.118906859892292,178360289.838438,43314.17946715195
2021-11-20,0.1209726070181424,181335084.03565517,95557.448934984
2021-11-21,0.1273071402263791,190836879.1982991,9401.572169498024
2021-11-22,0.1249474956998475,175077878.5830795,18823.11324374512
2021-11-23,0.1181677223716605,177253744.38139215,62947.62080660781
2021-11-24,0.1230628325224151,184108501.7766809,110093.3013659992
2021-11-25,0.1214341890388703,182464031.9989329,46558.24633677821
2021-11-26,0.1202034057525731,180720122.71915844,387476.1919902896
2021-11-27,0.1053480960691124,157803185.5701408,155339.4857944086
2021-11-28,0.1100132558825582,165022306.4407065,101090.06026867268
2021-11-29,0.1194292016317835,179194205.74899766,13511.197914738252
2021-11-30,0.1179458799844738,177174130.7206944,148199.04736574288
2021-12-01,0.1162756815299236,174625565.9636004,373854.1595809912
2021-12-02,0.1132491489313443,169846781.152266,76616.22891258854
2021-12-03,0.1092681687559451,163937743.2208137,4074.235063551839
2021-12-04,0.1065893164941048,159830160.85219246,23831.27306068739
2021-12-05,0.099024570821272,148500233.8341382,8135.822113623583
2021-12-06,0.098788454531223,148099593.09254918,7691.9779408285585
2021-12-07,0.1010425491013801,151513003.15186936,58454.50931550924
2021-12-08,0.0986155342469956,147910940.78827715,12009.765233364538
2021-12-09,0.1034847286803206,155216159.78791186,44356.75061618209
2021-12-10,0.1088391040247132,163702902.66353205,141982.0975491117
2021-12-11,0.1158441623606077,174324431.77742594,50666.30926143693
2021-12-12,0.1204992419015288,180748862.8522933,16545.235414135048
2021-12-13,0.1218313862144624,182884662.70248976,34356.415586025374
2021-12-14,0.1144686708188911,171101092.78683764,9385.379148197348
2021-12-15,0.1173405523479134,175854011.04478124,204809.6771702605
2021-12-16,0.1178149071702973,176421026.98903665,65092.47907996846
2021-12-17,0.1168875725775184,175623168.6404319,5435.5870192877655
2021-12-18,0.1156619389302523,173664114.1816962,17397.71206707224
2021-12-19,0.1181723086524159,177289079.18565,14047.602194395058
2021-12-20,0.1186032223381789,177904833.5072685,11031.760430931756
2021-12-21,0.1165880781991016,175052447.094237,14554.912114074055
2021-12-22,0.1187678330345391,179919800.6189298,13671.976628420796
2021-12-23,0.1095986718188398,164412064.078818,9575.675841819646
2021-12-24,0.1078798244178039,161736914.83031744,25575.28842540477
2021-12-25,0.1079551315857771,162137706.15779176,174081.5153911248
2021-12-26,0.1044777722684572,156804772.7219634,1019.196394405331
2021-12-27,0.1009930692516682,151319729.6125719,419.62620274068166
2021-12-28,0.1039009677404874,156102973.82681566,4537.440133035311
2021-12-29,0.1001694593522999,150564273.0102309,383168.14472504257
2021-12-30,0.0992987604198629,148948140.6297944,150705.32380072263
2021-12-31,0.1004714554665647,150656847.7001496,369927.6073244445
2022-01-01,0.0974308674471485,146964281.1270154,245579.27326924
2022-01-02,0.0999113258914784,149799960.49969724,39820.20192791039
2022-01-03,0.0990253004701526,148684855.36428115,16612.855826864452
2022-01-04,0.0994634863091582,149406435.26933387,14433.933975309714
2022-01-05,0.0995797656249798,149566339.59497866,6360.400453281089
2022-01-06,0.0928148528425386,139342818.90761554,4682.230737954595
2022-01-07,0.0885656913076323,133029517.23235458,154351.9675743406
2022-01-08,0.0839503047619851,126078297.29103668,180769.3065001161
2022-01-09,0.0849267892693025,127493105.34978014,142931.2265017263
2022-01-10,0.0881521746462073,132204210.03387736,139344.88347882166
2022-01-11,0.0879187576442504,131829237.45889091,127535.60990653656
2022-01-12,0.0894289445598192,134435983.1907267,141750.14209767635
2022-01-13,0.0892829180923974,133986279.52668512,129575.7778644662
2022-01-14,0.0844907807268689,126736171.09030336,145739.74248635673
2022-01-15,0.0819323295814552,122867204.8453052,137307.88307414576
2022-01-16,0.0854563881336499,128356568.27931292,94123.0732488444
2022-01-17,0.0808023243920055,121214517.5620144,65187.07295423238
2022-01-18,0.0858522629871861,128789099.00229794,188243.81861980303
2022-01-19,0.0886552632242055,133017054.30278625,131836.41710786812
2022-01-20,0.0841922519922628,126328313.42816871,79229.65036973298
2022-01-21,0.0871861754936167,131145365.39257316,137093.54289939383
2022-01-22,0.0813273097504322,122419493.61276422,100546.75264473188
2022-01-23,0.0824157089805084,123447979.59901476,68467.30823180369
2022-01-24,0.0864592080208172,129713903.13930424,163963.4997041769
2022-01-25,0.0895356451817196,134303467.7725794,97045.80747248768
2022-01-26,0.0870339692360362,130502390.89874744,8378.723696241479
2022-01-27,0.0858741169845188,128917314.93420155,8960.436987189696
2022-01-28,0.087194766878977,130771970.37503871,30542.753414614435
2022-01-29,0.0923040814227015,138385105.639944,145378.60643284355
2022-01-30,0.0911997594700166,137239912.35125357,227101.6857019561
2022-01-31,0.0903964012581588,135594601.88723826,162394.7114742422
2022-02-01,0.0889405792435931,134499166.7864355,37061.44287396383
2022-02-02,0.0919366345638915,137904951.84583738,118310.50275781006
2022-02-03,0.0894010202265721,134137183.21802436,175968.43712615478
2022-02-04,0.0878523872808205,131424345.3951474,21709.467710278608
2022-02-05,0.0928992120372376,137085937.9775915,437.562379465288
2022-02-06,0.0887636908528356,133159670.6000294,5958.18552164654
2022-02-07,0.0968778954223572,145831612.9974569,169.31556910663863
2022-02-08,0.0826462031946891,123988471.78151916,14747.29553927624
2022-02-09,0.0939575101355697,141042407.01532742,246.26018997262588
2022-02-10,0.0961010590907658,144260794.093353,158.3417749204321
2022-02-11,0.0920458299942741,137889831.31673267,314.1798707974497
2022-02-12,0.0871395053729752,130960454.48806198,1726.3261094433287
2022-02-13,0.079663136651416,119403420.94389136,346.3527250770571
2022-02-14,0.069735903136158,104565709.65066832,928.0741953112152
2022-02-15,0.0661772517180988,99228355.82054467,882.810099209436
2022-02-16,0.0865855955400462,129777143.05718537,3037.215547806613
2022-02-17,0.0867537947571873,129907232.62648332,3873.765884837307
2022-02-18,0.0814954683890597,121857103.37740484,17032.240036897638
2022-02-19,0.0819367235835939,122933167.2089341,23814.459187167515
2022-02-20,0.0852561611017595,128055369.95623706,1373.5897593600955
2022-02-21,0.0874793324740868,131323408.3556946,352.08927238145884
2022-02-22,0.0823120216640694,123547705.21809928,4130.461380790643
2022-02-23,0.0852442411122778,127772956.7982146,2727.9824754463366
2022-02-24,0.0855177345872572,128371726.05761217,155677.7391901394
2022-02-25,0.0851690239155555,127726349.7009089,482013.70762220415
2022-02-26,0.084126930876267,126230501.58951108,228298.016393624
2022-02-27,0.0864652679619685,129586157.05498618,8382.089733350907
2022-02-28,0.0828709648973673,124328867.26741748,11597.14057385438
2022-03-01,0.0864218833626504,129535034.87033492,5608.03807305193
2022-03-02,0.0856306299232347,128147541.34483849,90332.09663068556
2022-03-03,0.0815250011196701,122258667.67726904,1929.4486857619493
2022-03-04,0.0760856486550697,114217650.90228166,135646.79635963775
2022-03-05,0.0724656342345882,106505340.88300136,191725.6930595544
2022-03-06,0.0709877746180843,106434862.93227448,157380.19586818546
2022-03-07,0.0699555963948144,104965457.2660138,138696.8907619272
2022-03-08,0.0691190382970798,103974629.98840085,39958.51101586251
2022-03-09,0.0703828406154748,105612274.65909828,56476.20902913706
2022-03-10,0.0711681310881893,106745320.14346877,23636.64483886474
2022-03-11,0.0709650561107026,106484480.7804062,31794.770485354704
2022-03-12,0.0712958993332162,107131394.53029744,30251.92702924159
2022-03-13,0.0710639721639606,106605767.97894092,57899.87716868835
2022-03-14,0.0778561002833414,116793940.23541276,88739.0163042143
2022-03-15,0.0819440326036766,122901499.65869267,207305.55254353743
2022-03-16,0.0975343076943711,146486165.99107233,196367.45638526563
2022-03-17,0.1006968607063816,152562628.6532301,168616.5855501872
2022-03-18,0.0979302990436959,146773274.48284984,288126.1329885965
2022-03-19,0.0991330448354299,148796654.37030488,307016.89393390215
2022-03-20,0.0987025264048363,148057518.2315608,267626.06655559444
2022-03-21,0.0971431046728108,145756448.09195063,160359.90810925153
2022-03-22,0.0957344939853654,143525117.4215566,74720.38423755506
2022-03-23,0.0956290625059216,143561138.29394317,229551.4284471349
2022-03-24,0.0956134023351134,143063259.33341938,540877.0103364309
2022-03-25,0.0970079304999316,145656348.09849063,880922.752550716
2022-03-26,0.0967249112387003,145115290.6959967,948968.368641982
2022-03-27,0.0963329457232586,144697087.3281596,778674.8642066125
2022-03-28,0.0968736839488902,145256116.04749522,916627.2846637054
2022-03-29,0.0961836511232116,144438380.66197944,762996.3563277398
2022-03-30,0.0967787954349223,145128457.47646293,995573.0896508964
2022-03-31,0.0944839414576567,141750819.76266024,814549.6005931866
2022-04-01,0.0914308538647954,137112637.45936373,966731.8042369724
2022-04-02,0.0897505887819451,134581513.80798975,1040596.4307408878
2022-04-03,0.0885143506912508,133132250.70016468,805156.9892060856
2022-04-04,0.0840962974248715,125950729.88052012,837913.6407187524
2022-04-05,0.0847110680570649,127224877.01119828,776206.073858518
2022-04-06,0.0827919609159121,124461578.92799915,744081.35594317
2022-04-07,0.0783668997927807,118020988.38616636,827367.6849171835
2022-04-08,0.0801920242351466,120517705.24951282,1022569.5867895233
2022-04-09,0.0795999793679887,119296496.22472928,1082232.07223531
2022-04-10,0.0810773788572742,121616068.28591137,1088423.755541407
2022-04-11,0.0805506452708477,121059889.4467298,923203.1720935742
2022-04-12,0.0780145290157873,117629000.02662069,979528.9722505384
2022-04-13,0.0792689002224826,118924727.41650864,926073.9925533304
2022-04-14,0.0816455762149247,122649472.09533665,919124.152940228
2022-04-15,0.0812213115680781,121798934.88659786,1076312.8492859595
2022-04-16,0.0840802951078709,126099424.08317718,1077841.3213745824
2022-04-17,0.0906658087521522,136080103.34894168,1261209.3888138006
2022-04-18,0.0898552474182919,134856819.9222944,1188484.0455300617
2022-04-19,0.0918780961096085,137753116.9259708,1163224.918044689
2022-04-20,0.0914211713791881,137149802.02182534,1241557.322778322
2022-04-21,0.0902417426560506,135531392.53078198,1249709.5637744423
2022-04-22,0.0887171999008749,132956482.2445804,1107821.004979746
2022-04-23,0.0889509364434496,133598919.17411116,1066748.876070755
2022-04-24,0.088664745593706,132997118.39055903,961365.838970532
2022-04-25,0.0883660314375273,132712957.64994095,897786.8662314126
2022-04-26,0.0892072070123391,133811557.2652772,930396.3058462476
2022-04-27,0.0864002250563146,129431282.28852116,959107.7047632087
2022-04-28,0.0887546033051111,133359231.06940752,1094814.462403945
2022-04-29,0.0892836200670452,133886250.01892652,1092888.4465355298
2022-04-30,0.087903080550789,132182790.82974058,1071599.2435167362
2022-05-01,0.088062418192174,132043339.86480331,655317.0435248091
2022-05-02,0.088732481236918,133636032.83293869,733922.3025487687
2022-05-03,0.0888602754081188,133307091.36361958,1154341.8322919784
2022-05-04,0.0884299409063314,132872061.7819898,1177503.1106995975
2022-05-05,0.0912786681631749,136918002.24476236,1171467.883050609
2022-05-06,0.0886047827059073,132890074.6124667,1074936.0031329128
2022-05-07,0.095922855078045,144314209.47691008,841720.1205931791
2022-05-08,0.1039651211408778,155748918.43524495,654361.663439804
2022-05-09,0.1030101119433868,154493436.33711436,264772.21401567187
2022-05-10,0.0987998848804192,148845806.66140595,385275.6928041906
2022-05-11,0.0959358750873908,143355465.15242186,458960.2254488294
2022-05-12,0.0848519981825456,127571464.510749,364090.702274888
2022-05-13,0.0790681250110837,118679283.69725202,237829.41503619688
2022-05-14,0.0822831223133501,123801282.677641,213883.5328147096
2022-05-15,0.0858254989288085,128445503.03927068,401312.90053153073
2022-05-16,0.088243103680413,132002802.09614344,418405.1929782633
2022-05-17,0.0858437307239447,128722566.83704768,408830.9935169036
2022-05-18,0.0863108572083627,129242950.9633477,393265.6878866854
2022-05-19,0.083838153441672,125874100.90861732,692422.2849415846
2022-05-20,0.0841219504349283,126087565.36181363,991069.5234627835
2022-05-21,0.0859472585628191,128824898.87507205,897476.0579862751
2022-05-22,0.0837395349247689,125942712.20756336,924854.916763672
2022-05-23,0.0837666140840218,125567248.529959,853648.2522144796
2022-05-24,0.08170826741765,122562401.126475,829445.5916323636
2022-05-25,0.0819702744198138,122955411.62972078,879083.7046770505
2022-05-26,0.0810937599340414,121658604.4738901,857320.1056651552
2022-05-27,0.0778077968649044,116597353.8799375,795406.4046551915
2022-05-28,0.0801401282184672,120181384.90183714,830240.7613114961
2022-05-29,0.0817645575098924,122637856.0196964,739444.4134666977
2022-05-30,0.0802229302434691,120351519.40430614,678305.7249644704
2022-05-31,0.0815566305405385,122352590.88894904,705615.9297261926
2022-06-01,0.0781656969184068,117248545.37761034,762042.9926411303
2022-06-02,0.0754767459998108,113215118.9997162,755875.8093298906
2022-06-03,0.0745018062786408,112042139.6503322,726258.1955440826
2022-06-04,0.0742897395811825,111481523.80375898,690392.0126811875
2022-06-05,0.0744328507725188,111530130.32214712,614283.9700039944
2022-06-06,0.0738349837166011,110987710.58590956,463766.0085903041
2022-06-07,0.0749255956875962,112486789.52011454,618102.0154844392
2022-06-08,0.0748482889171575,112507342.4350309,761404.2141244597
2022-06-09,0.0725930665295967,108989020.35177128,575732.2097751275
2022-06-10,0.0710850513816671,106642747.62858564,483203.367803046
2022-06-11,0.0704111952760621,105494347.61429656,457207.3393587131
2022-06-12,0.069099500149672,103622620.7287062,327899.7802130345
2022-06-13,0.0676956434586553,101648563.2686944,397154.7972870538
2022-06-14,0.0617431338157242,92688355.48577592,478068.5832150852
2022-06-15,0.0639044747974337,95862255.93992864,306650.2703985089
2022-06-16,0.0655155078868001,98104782.79384165,253003.48744611637
2022-06-17,0.0623830008711346,93574501.30670191,281564.53826812614
2022-06-18,0.0710666744157159,106877933.3795564,268967.6422434819
2022-06-19,0.0712534804049846,106830315.4883724,296063.3889649392
2022-06-20,0.071456001990616,107150394.47792396,359006.73740741535
2022-06-21,0.0721758387007084,108515337.95741928,238757.4625896288
2022-06-22,0.0712110427971103,106851729.15525071,213923.77047901752
2022-06-23,0.0708748401518318,106591530.15970892,275621.04575094645
2022-06-24,0.0721068954647264,108354040.02959754,256768.48720379785
2022-06-25,0.0712579377852994,107230009.51798716,217813.8544520242
2022-06-26,0.0740388625242172,110960335.17986912,194970.0237258788
2022-06-27,0.072893681032792,109373273.76106392,131312.8707780432
2022-06-28,0.0742903352735001,111416000.0835846,114761.6470429354
2022-06-29,0.0788257511317517,118213707.26426516,419785.8143652109
2022-06-30,0.0802388165568387,120429330.78710552,447362.6837352719
2022-07-01,0.0768435296645814,114434731.97542468,477656.8921346522
2022-07-02,0.0725378172150623,108956928.51393963,458158.3586219543
2022-07-03,0.0718840374901124,107923188.38618413,397870.0782806537
2022-07-04,0.0712923316422521,107026808.15154643,415259.83413205465
2022-07-05,0.0716206968640456,107606313.37847096,411262.0298250501
2022-07-06,0.0698193566165606,104858245.12171648,399101.9980722739
2022-07-07,0.070736486952784,106074238.52187917,390434.7222085094
2022-07-08,0.070208160352285,105288341.13522728,405593.8959711541
2022-07-09,0.0668075715702367,100447218.8503956,369951.2597741716
2022-07-10,0.0662289218091396,99282426.24601813,432261.2420131153
2022-07-11,0.0649847736447472,97491075.66571026,438125.70698462427
2022-07-12,0.0626989903764141,94005236.4193869,400299.8677282101
2022-07-13,0.0625522304906538,93908357.1494422,381188.8084461528
2022-07-14,0.0654533482855251,98075924.7676521,392380.56320934166
2022-07-15,0.0657155935938805,98699842.2102903,408555.261553728
2022-07-16,0.0658918011567031,98857537.1243569,444926.5689155593
2022-07-17,0.0689618516523038,104396092.77350885,426752.97997907567
2022-07-18,0.0683644162171292,102599939.42993094,435578.3381106672
2022-07-19,0.0694765260572234,104046148.5850115,444916.592208235
2022-07-20,0.0676829302297849,101427217.85202049,393343.7584716778
2022-07-21,0.0661217417365822,99349571.59349988,423805.4111205439
2022-07-22,0.0671974528660512,100747815.09468892,439578.6295873461
2022-07-23,0.0662797193144404,99310813.28923564,379298.0839165693
2022-07-24,0.0662225709159702,99214912.04645573,454902.3407883996
2022-07-25,0.065906392166741,99258258.42313342,438998.6519531196
2022-07-26,0.0631743114126676,95013634.8273054,396743.3691944645
2022-07-27,0.0634458066754543,95337185.6718002,418921.7546084056
2022-07-28,0.0648279335477153,96999969.23662657,405761.8019644129
2022-07-29,0.064070479846391,95953136.6418644,357431.0230282881
2022-07-30,0.0639382719327314,96492278.84243707,421648.3318457044
2022-07-31,0.0636792213399146,95535049.23333298,446852.63223128446
2022-08-01,0.063380994441047,94792901.94018376,428266.4428721845
2022-08-02,0.0621724830314927,93097216.73729847,406670.3795324263
2022-08-03,0.0611628566487988,91838699.16051406,397340.3696746781
2022-08-04,0.0597167091577082,89637398.8645069,386971.61445949454
2022-08-05,0.0594263611090906,88834430.73455726,392024.2370630227
2022-08-06,0.0599062637160788,89826649.0020694,398776.8817210263
2022-08-07,0.0593733173982522,88916666.99112971,374625.8851544044
2022-08-08,0.0594937134006628,89235116.55011973,382765.69185349246
2022-08-09,0.0592475302278125,88884041.0409493,390807.1871079927
2022-08-10,0.0587594836178225,88468724.48517166,396911.94816515
2022-08-11,0.0583567607406603,87506420.9708572,375035.5435793933
2022-08-12,0.0571801114703843,85710355.06323591,357707.44669953134
2022-08-13,0.0582693658566529,87493411.74813767,375831.606041176
2022-08-14,0.0577831125635191,86762424.86644977,354620.8337238151
2022-08-15,0.056910426772025,85441035.61375055,358626.37687622523
2022-08-16,0.0595596421497257,89527666.22633776,401123.4728904241
2022-08-17,0.059006032883834,88511077.89236552,372851.7252284833
2022-08-18,0.060790106769039,91141375.2726763,422270.1997917658
2022-08-19,0.057153058753302,85576797.2349056,713910.9878123937
2022-08-20,0.055854333834557,83780103.66793577,435350.073865908
2022-08-21,0.0560573449639551,84081527.30007349,407480.98481684737
2022-08-22,0.0562632936847719,84230714.11607327,439844.4749879359
2022-08-23,0.0564496326222313,84417739.3478055,695049.3788061952
2022-08-24,0.0567243665897854,85102193.08398515,734180.9945875519
2022-08-25,0.0573148174100945,85795826.15720838,743228.9143548699
2022-08-26,0.0578952209575488,86791160.54724512,848393.674445901
2022-08-27,0.0569538202681005,85567142.77620436,682739.0424418661
2022-08-28,0.0581992408795565,87231594.27731933,602447.7347912556
2022-08-29,0.0574797019051975,86273075.25578532,823025.3915149588
2022-08-30,0.0586961779209226,87913430.46687452,945513.5270809304
2022-08-31,0.0589810468991446,88626484.6471354,979876.5422844652
2022-09-01,0.0589634242473325,88421120.43510224,937264.2853043034
2022-09-02,0.0588719812121481,88213726.3099329,923589.758754561
2022-09-03,0.0572763968944432,85924398.86452115,914090.5147701546
2022-09-04,0.0568799355377347,85416650.99939992,883358.6002817933
2022-09-05,0.0560355422070451,84137228.37834445,956758.4700834268
2022-09-06,0.0547390630589424,82159178.46138358,856302.7774871917
2022-09-07,0.0539976687415177,80874931.86234726,773020.7510644323
2022-09-08,0.0543636963705168,81567976.607449,799284.3170065312
2022-09-09,0.054027065653132,81011988.94394417,753938.3579278862
2022-09-10,0.0539134115632265,80809082.63394995,523286.9703239689
2022-09-11,0.0541309277036242,81121691.66528298,671010.2359997366
2022-09-12,0.0534900615073851,80405219.2742178,766291.1067626338
2022-09-13,0.0527535211679415,79083701.17555872,705344.3728853523
2022-09-14,0.0521963844551826,78323916.67866486,657568.8533618335
2022-09-15,0.0528672136152769,79281882.82488936,721912.2028239219
2022-09-16,0.0515597305849157,77595187.03850779,674818.3091322745
2022-09-17,0.0527569481641643,79181227.57643892,686781.4395150247
2022-09-18,0.0532840091463612,79981628.42687146,663229.4685908522
2022-09-19,0.0530789066844115,79627710.00352976,737145.4591696962
2022-09-20,0.0535548956123936,80352419.43384251,712849.8551530201
2022-09-21,0.0524864220631454,78844282.2014117,635956.235517582
2022-09-22,0.0519658042149275,77915748.80909888,681989.1996232704
2022-09-23,0.0532162949612146,79891273.67923369,689091.6088747085
2022-09-24,0.0534440895130594,80103596.10719302,722081.6091988953
2022-09-25,0.0525737712566823,78822775.35303523,733185.3255193211
2022-09-26,0.0527075572118479,79117838.08394021,745935.1547512719
2022-09-27,0.0529578148678356,79423967.21902905,809211.2130041348
2022-09-28,0.0524514528038225,78680404.23260082,924176.8598520616
2022-09-29,0.0531749434820753,79652190.45721671,795453.2559191368
2022-09-30,0.0532499699346292,80024765.158505,761943.1666244294
2022-10-01,0.0529551965088817,79462037.6216561,772163.0081534511
2022-10-02,0.0524594125479581,78697310.48277108,712524.7009587092
2022-10-03,0.051413201162958,77066082.08386932,665669.8675580599
2022-10-04,0.0512624811661654,77044503.7335656,644217.7740642674
2022-10-05,0.0516370725320029,77469717.80422941,693626.8391494585
2022-10-06,0.0509653042766483,76410796.60361159,730942.8165506646
2022-10-07,0.0502845996043775,75391807.71199131,667380.1895874902
2022-10-08,0.0499188300119017,74823698.99764067,656874.859066851
2022-10-09,0.0498478897585318,74784144.66961527,655303.630184339
2022-10-10,0.0494451443430965,73916242.26858717,709577.1780266721
2022-10-11,0.0487070862025671,73096183.25611559,668048.1235736227
2022-10-12,0.0476007026313165,71326778.89798479,577059.5347334412
2022-10-13,0.04845011624758,72720600.56705162,481835.7304153551
2022-10-14,0.0484225371673582,72643659.59875312,791719.9777987339
2022-10-15,0.0483289166540548,72383181.15772298,743637.6078480305
2022-10-16,0.0483988547337662,72477757.74135606,666102.8870268377
2022-10-17,0.0485278096170113,72738210.530139,723341.378684066
2022-10-18,0.0492794798826464,73840578.72663175,725777.1115742956
2022-10-19,0.0491126565811941,73699502.20528418,702597.8739164255
2022-10-20,0.0497639048937342,74649974.79174006,673057.4378913485
2022-10-21,0.0505601029851879,75882901.84610893,708598.6605690332
2022-10-22,0.0513063395182599,76843820.4849255,636894.9201902006
2022-10-23,0.0515565517957092,77228275.79124975,734017.4440108099
2022-10-24,0.0520653205483592,78164991.39506552,678169.1521787393
2022-10-25,0.0506078877938278,75979099.70297647,700433.856409478
2022-10-26,0.0522253040682304,78399032.9396107,696210.4285820071
2022-10-27,0.0526272935900125,78844399.55997385,1001091.9527177784
2022-10-28,0.0515268911425358,77298055.5409623,1162093.4510850925
2022-10-29,0.0515324048174483,77915203.80878088,1391527.6210493909
2022-10-30,0.0516843552391715,78310146.07323566,1325950.0668117662
2022-10-31,0.0494970113101994,74191295.41431694,1146561.3320797118
2022-11-01,0.0490838995995624,73623456.74938944,1079799.531053624
2022-11-02,0.0491121079893246,73681694.62716946,1098108.5183745143
2022-11-03,0.0480502144042193,72062646.57226959,1165359.761377128
2022-11-04,0.0479316027757471,71860382.62674971,1020021.6351218832
2022-11-05,0.0486460701704276,72963074.98881659,1076899.5827374938
2022-11-06,0.0477566994527295,71452681.7287154,1285199.6430217577
2022-11-07,0.0477132319132956,71572840.49598396,960021.399392807
2022-11-08,0.0478159214291657,192052432.4698496,919716.9813445264
2022-11-09,0.0475396109584207,191279933.98522344,1306520.962263006
2022-11-10,0.0447088128161718,180097461.07392737,1108730.5625990925
2022-11-11,0.0457434697534134,183469482.8772457,1643846.4034785572
2022-11-12,0.0455564483048159,182833258.3318964,1621234.236465013
2022-11-13,0.0447387323967803,179314090.11295238,1419133.8384317907
2022-11-14,0.045599363385478,183311554.55454287,1436266.9647582823
2022-11-15,0.0469480004766012,188473553.60505152,1530702.554738506
2022-11-16,0.0468889425390447,188370163.0432565,1599267.5966377691
2022-11-17,0.0466790913217237,187134116.567206,1318259.478327799
2022-11-18,0.0467864996005195,188056453.8901828,1509445.2603757882
2022-11-19,0.046955218441456,188660030.65521845,1643701.5638683862
2022-11-20,0.0470970684992125,189065505.83777452,1222887.8829666227
2022-11-21,0.0459759922563645,184167728.91036063,1456251.4055406672
2022-11-22,0.0453331061428401,182608273.3210561,913417.2234495312
2022-11-23,0.045982169800364,185265928.1557371,1347520.955590417
2022-11-24,0.0457393816043778,183453006.17151928,1529623.7785663228
2022-11-25,0.0456593291585646,183446685.09959123,1598227.3384961272
2022-11-26,0.0454426070744765,182466588.1600121,1865302.2444060133
2022-11-27,0.0451502668561028,181502388.746621,1606384.9066362488
2022-11-28,0.0448958538770688,180555185.3385883,1641481.5866694977
2022-11-29,0.0450260350776402,180961394.3068556,1353969.2791385176
2022-11-30,0.0450480952426179,181034148.0820619,1609939.23914797
2022-12-01,0.0454829217524383,182939355.960742,1834607.064226016
2022-12-02,0.0441219510787107,177314902.4087292,1316080.7098523248
2022-12-03,0.0437615286154504,175319238.0838804,1439090.7583410807
2022-12-04,0.0433705771392963,174903612.38152596,1385705.647142349
2022-12-05,0.0394326697604941,158496088.94606557,1256582.4433492702
2022-12-06,0.0376127326927592,151213827.91956216,996928.6002557464
2022-12-07,0.0390688282795961,157124736.59889513,1523618.6377401738
2022-12-08,0.0378252076646729,152042277.80774662,1052148.5494543377
2022-12-09,0.0387067399083951,155535072.7597567,1425811.0724153686
2022-12-10,0.0384044976872178,154303201.29232508,1150025.987010121
2022-12-11,0.0386685123747673,155304544.51493156,1208201.7027024592
2022-12-12,0.0386600764241374,155465012.76197863,1333426.1947205928
2022-12-13,0.0396395100958018,159323697.07152906,1259318.47250571
2022-12-14,0.0429230995630516,172387683.78586018,1280904.6565507285
2022-12-15,0.0429931157924552,172633382.7822819,1384488.7171834093
2022-12-16,0.0438148502113868,176390573.59681553,1444388.4397890363
2022-12-17,0.0447034781317519,179070199.5589637,1311456.1292912806
2022-12-18,0.0442863903864062,177726471.06757227,1412762.4403293
2022-12-19,0.0444434556659131,178660749.91776165,1335355.2174334037
2022-12-20,0.0443338674354877,178006310.0585315,1157959.275789023
2022-12-21,0.0449057869664347,180389506.673789,1431040.351661186
2022-12-22,0.0451947910070227,181297433.62656835,1374798.3273839229
2022-12-23,0.0449386317902414,180499948.7779669,1333498.6877429404
2022-12-24,0.0448937347558101,180489724.676848,1415422.055838412
2022-12-25,0.0449084463127414,180383086.30448863,1501095.227441742
2022-12-26,0.0447456312776902,179722801.43667248,1585801.9727468414
2022-12-27,0.0440489213287645,176976735.09278783,1539663.9237197237
2022-12-28,0.0435927415808295,175135385.4568263,1375102.121243151
2022-12-29,0.0433800409374382,173948448.0081467,1444965.6484818838
2022-12-30,0.0427027306794705,171554858.58685547,1374387.7018777984
2022-12-31,0.042447083056629,170604595.38554808,1296136.999179598
2023-01-01,0.0424473341005005,170339592.16390043,1359263.7972169248
2023-01-02,0.0423708214953097,170324211.23708838,1451775.8179157134
2023-01-03,0.0415757900968911,166974167.2504668,1291735.0639772175
2023-01-04,0.040911972683653,164448783.62470433,1347360.104563566
2023-01-05,0.0408071041853444,163818289.82834882,1302671.2925913185
2023-01-06,0.0407040028739656,163724734.60752055,1356090.9973356172
2023-01-07,0.0403725987674097,162345985.44292474,1325194.6576886491
2023-01-08,0.0403082078921264,161855058.43254748,1245459.404853004
2023-01-09,0.0405511079630203,162940417.48807138,1315132.968754001
2023-01-10,0.0432324499833669,173768209.5840718,1423519.072140461
2023-01-11,0.0410102499125016,164729521.7785649,2114423.193521751
2023-01-12,0.043457021393631,174888306.92302385,2303646.982268574
2023-01-13,0.0425500061557536,170792201.13764432,2567379.444420676
2023-01-14,0.0428495641071676,172129121.21537298,2328726.4095000005
2023-01-15,0.0428767415361346,172333143.01118398,2490260.635069086
2023-01-16,0.0428553383465069,172145622.7395278,2490130.364450165
2023-01-17,0.042707834398456,171634901.77235475,2358935.35498235
2023-01-18,0.0424456293573595,170626422.53323498,2121826.138032784
2023-01-19,0.0421501887716444,169311324.8116548,2046081.198245536
2023-01-20,0.0424338464368791,170645026.5629183,1590423.0335427283
2023-01-21,0.0420683691620689,169120986.28425294,1860553.898331319
2023-01-22,0.0417121595100155,167857824.604959,1397730.9219398643
2023-01-23,0.0415651963458124,167049366.4919677,1692177.970648026
2023-01-24,0.041449391694672,166253599.45120656,1706460.943536265
2023-01-25,0.0411234054100876,165008287.87427613,1830801.7574299944
2023-01-26,0.0405269734916224,163001794.0750365,1876453.8176619776
2023-01-27,0.0407356516916836,163851379.09918174,1734812.3493605072
2023-01-28,0.0403678943758509,162260701.86232847,1595107.441213775
2023-01-29,0.0404490513472104,162750062.86805835,1207846.4290342096
2023-01-30,0.0405794098680606,163011288.85295656,1939441.1544826368
2023-01-31,0.0404131814992095,162443921.81724826,1760067.6955201584
2023-02-01,0.039924209139429,160375161.9144714,1793995.661686425
2023-02-02,0.0390307036461857,156800837.43323043,1605547.5180806492
2023-02-03,0.0399819275042289,179560758.60875738,1818856.221452803
2023-02-04,0.0395439605922469,177845364.98953146,1691483.7170768438
2023-02-05,0.0390568689381617,175781020.41608462,1625379.5714905816
2023-02-06,0.0379105917377854,170395571.99852157,1768691.6154472646
2023-02-07,0.0375630766330006,169018002.7954893,2096686.284636628
2023-02-08,0.0376610853966284,169344299.2082214,2281572.223509078
2023-02-09,0.0372060605941021,167322374.85357112,2095319.8737803549
2023-02-10,0.0359830909958008,161707785.65126857,2227295.2829603977
2023-02-11,0.0359807967266284,161837569.4044729,2174796.3850610326
2023-02-12,0.0358933769780886,161245293.55289394,2086971.108834948
2023-02-13,0.0353427475469192,159056401.64847976,1741556.4458503034
2023-02-14,0.0353850890377844,159008512.36003926,1724622.8077387954
2023-02-15,0.0359736704858638,161791718.88097578,1762204.1623224842
2023-02-16,0.0363153922298961,163154646.079823,1784073.2259002395
2023-02-17,0.0370688995497139,165931271.28828487,1848275.2026541324
2023-02-18,0.0378039276755804,169582974.34745458,2006052.2894327007
2023-02-19,0.0394392676062431,177443921.6932748,1874144.724181332
2023-02-20,0.0383198907958443,172691224.32599986,1873210.3006388852
2023-02-21,0.0374866216874895,168592189.8133239,2063529.466532271
2023-02-22,0.0369072313910569,165933788.39012393,2139510.648265413
2023-02-23,0.0367441473599735,165765923.65058604,2014065.430411985
2023-02-24,0.0380608186412273,170704935.96994278,2469376.4904096266
2023-02-25,0.0347743914928468,156418343.377165,2916752.815785444
2023-02-26,0.0362626932339796,163091254.7243964,1949555.968792758
2023-02-27,0.0365925227029611,164544202.30306217,2120645.680036895
2023-02-28,0.0371702708558749,166978388.46951953,1893514.1667228637
2023-03-01,0.0365358108638137,164039703.0805966,2041076.434654456
2023-03-02,0.0362413358734362,163000462.30537233,1804659.949453072
2023-03-03,0.036571294425031,164513021.92228964,1951255.1659598304
2023-03-04,0.0371033036859779,166857189.45569995,1961542.5997359608
2023-03-05,0.0377848734970896,170061298.27665442,1740295.4140077378
2023-03-06,0.0377909474197794,170262435.47600222,1759462.9000718915
2023-03-07,0.0380374184452679,171123271.99585003,1938012.4802324192
2023-03-08,0.0402091788879778,180360210.46348232,2220635.955863348
2023-03-09,0.0407352850303477,183416196.0754188,2065422.8379041771
2023-03-10,0.0398846354790275,179649157.17612547,2417480.5886441786
2023-03-11,0.0387317579766987,201438047.90182856,2523024.2165602227
2023-03-12,0.0391608631101474,203257414.11927,2240598.221277818
2023-03-13,0.0395964994011865,205821675.1853996,2050286.2744649968
2023-03-14,0.0400402700822975,207987552.42232,2296553.9576278883
2023-03-15,0.0394889286892866,205230084.1446432,2147171.465683025
2023-03-16,0.0404387829621214,210288552.0117972,2193111.6046266663
2023-03-17,0.0415116821034478,215923367.67004797,2200163.365618026
2023-03-18,0.0469530883612972,243732226.8032305,2806247.451669523
2023-03-19,0.0519974049011675,269973611.8110061,6437063.343676825
2023-03-20,0.0548427013384284,286357251.9908875,3011741.367282596
2023-03-21,0.054418972912422,281946753.7357871,2326283.0001310725
2023-03-22,0.0548467611538931,284588336.7126173,1909493.8451123124
2023-03-23,0.0553917288247798,287996077.1845666,2144799.8459985284
2023-03-24,0.0545062279713612,283030861.4389129,1869182.8275193532
2023-03-25,0.0558902410198427,291924071.6850703,1846494.3458582568
2023-03-26,0.0622442766255857,323332810.59201056,1765530.3241628942
2023-03-27,0.0619085037883863,321855049.508378,1769510.643366073
2023-03-28,0.0586570910535158,304545160.3611442,2538691.9831674127
2023-03-29,0.0610122320245373,316823822.5843351,1864937.2979142051
2023-03-30,0.0608665775800658,316354008.2152998,1879846.0937884168
2023-03-31,0.0597027059813184,310535771.30073726,1898154.7878215683
2023-04-01,0.0560565353768078,292128602.2604302,1651172.2967006082
2023-04-02,0.0557418063327369,289944247.89230484,1612613.163265864
2023-04-03,0.0555034658281228,288491054.20463324,1507897.7021653766
2023-04-04,0.0555139963912853,288741991.1782455,1631370.2447223505
2023-04-05,0.0556658062292379,288936658.51898825,1705697.7143836014
2023-04-06,0.0556859391898464,289563217.3185396,1808886.8225122264
2023-04-07,0.055515144929551,288563166.1322572,1557372.7821620635
2023-04-08,0.0555148502138663,288465604.7328498,1660033.452241998
2023-04-09,0.055350430922849,287549537.8198693,1629458.669989337
2023-04-10,0.0554573642637023,288362899.5997668,1548971.6009753488
2023-04-11,0.0555053588486023,288918820.5437497,1620554.06556725
2023-04-12,0.0550332541121517,292825249.4321102,1585674.118730105
2023-04-13,0.0549242031793929,292187677.2628524,1619940.949954103
2023-04-14,0.0555164339471795,295899736.42079586,2230559.9114957927
2023-04-15,0.0575445282589354,306412128.36750674,1941149.3311658737
2023-04-16,0.0580694501869493,309477750.49472016,1972499.963876283
2023-04-17,0.0584647481288309,311335000.9043334,1809201.064179176
2023-04-18,0.0574947588708172,306168446.871476,1717585.4920472763
2023-04-19,0.0575924205077787,307007360.2128501,1723503.0517385649
2023-04-20,0.0566329388683013,301244380.43451214,1858466.2819074208
2023-04-21,0.0565006848225593,300921258.149949,1760788.042135595
2023-04-22,0.0546366377106658,290841947.521171,1524889.4668549986
2023-04-23,0.0554759640227413,295381278.4165289,1510964.660818543
2023-04-24,0.0526251976052529,280004074.2265281,1706878.7447169884
2023-04-25,0.052405601861956,279050126.0464787,1921187.4736625256
2023-04-26,0.0534665971978991,285016670.28834635,1731923.3191177333
2023-04-27,0.0536863774127447,286097977.3719919,2150798.962327475
2023-04-28,0.0545273987993831,290234079.99487734,1901246.5377341476
2023-04-29,0.0543297600736674,289657048.9974486,1660318.734074933
2023-04-30,0.0538250564662356,286648153.0749418,1555803.1545184918
2023-05-01,0.052383603935965,279281889.1640601,1403504.114606856
2023-05-02,0.0483434457598108,257342309.0868752,1593927.1610110183
2023-05-03,0.0504893827082098,268799428.4719518,1975840.944035296
2023-05-04,0.0496056331022833,263696336.6861744,1988879.1266257376
2023-05-05,0.048919855703899,260600856.3580713,1811862.765242729
2023-05-06,0.0485526455378809,258612500.9179054,2059470.7028397128
2023-05-07,0.0471338190923115,251070261.21513876,1946053.8823237463
2023-05-08,0.0470319481720655,250230263.44662637,1976466.9629230571
2023-05-09,0.0442655405443081,235794946.31935373,2096009.610923672
2023-05-10,0.0443418129333712,235832662.35799563,2491922.243401853
2023-05-11,0.0451650170636906,240622320.71550184,3294524.924613012
2023-05-12,0.0446144460740762,237480288.5039028,3387058.917276038
2023-05-13,0.0447094314294954,238409410.7156329,3559703.8703124947
2023-05-14,0.0442067832815133,236080644.15101248,3055986.0395699614
2023-05-15,0.0441140830016654,234952140.74942023,2792423.613772715
2023-05-16,0.0440490056574187,234515035.69966343,2590182.4397658724
2023-05-17,0.0435940571496014,232396388.9158391,2774380.325390618
2023-05-18,0.0441240008787929,235326084.8223206,2863904.661500104
2023-05-19,0.0433917543635481,231311410.77717528,2849294.3507412965
2023-05-20,0.0432625571072678,230454236.98211768,3105052.825411521
2023-05-21,0.0431656921474543,230085972.19543383,2891437.907268889
2023-05-22,0.0425367673026805,226886472.49516013,2841980.1946061766
2023-05-23,0.0429181322456767,228843241.558644,2330501.1563487025
2023-05-24,0.0426798121883848,227520128.5315669,2419128.9897498223
2023-05-25,0.0425384966818564,226793849.9990113,2462468.687067896
2023-05-26,0.0420732004473822,224152014.38191465,3201091.7599074044
2023-05-27,0.0425087912455799,226377182.6391195,3984182.3428128334
2023-05-28,0.0409285092567092,218048398.40195307,3535463.3327167267
2023-05-29,0.0415121545607155,221180115.54473516,3443525.3604327086
2023-05-30,0.0412218200125523,219772420.58805177,3698028.343118235
2023-05-31,0.0414008482076203,220914681.44268528,3168762.336724352
2023-06-01,0.0415758567300114,221625306.7062367,2765260.241859673
2023-06-02,0.0406126007939041,216307090.78255203,3158700.257896856
2023-06-03,0.0408398568197724,217486610.62308344,3356614.248651538
2023-06-04,0.04468603754936,237982341.0756326,3490049.6482048705
2023-06-05,0.0449687401112838,239676146.3059776,3057237.8156651966
2023-06-06,0.0430294320973295,229180270.86615264,3585173.2346958383
2023-06-07,0.0455168457551589,242881853.4333653,3603660.2483510897
2023-06-08,0.0449623824505083,239661171.75626528,3817992.415166496
2023-06-09,0.0458810322031241,244469162.08654237,3340339.802518134
2023-06-10,0.0479914957227994,255968962.5445756,5107415.463377738
2023-06-11,0.0453068682497694,241765105.891478,4241302.020495062
2023-06-12,0.0463653110118598,246838109.59572297,4070608.8938146993
2023-06-13,0.0479555029876676,255192014.95252287,4150855.124927525
2023-06-14,0.0487544330018154,259558366.85937852,4190736.68350724
2023-06-15,0.0494658189024415,263660825.7266396,3919930.146842661
2023-06-16,0.0528997804609756,281927174.0462442,4105818.122011864
2023-06-17,0.0537578106315159,286820450.5768628,3983002.992038149
2023-06-18,0.0535266652865383,285392259.6818348,2855997.946558168
2023-06-19,0.0528232344666695,281694584.7942868,4216094.453882459
2023-06-20,0.0534015501214164,284373499.2860232,4711730.866787932
2023-06-21,0.0535487093084799,285375749.4160324,6688577.862901313
2023-06-22,0.0541526956554784,288679737.29026777,6747795.664655744
2023-06-23,0.0538305893146843,286882979.7316091,6322865.850790798
2023-06-24,0.0540257337684753,288270500.5564589,7665215.6042977795
2023-06-25,0.0537521409593955,286883604.2431378,3938864.945849895
2023-06-26,0.0536145913290777,285784195.32807976,7457630.012425216
2023-06-27,0.0530203001265248,282637439.56811184,5647804.367202389
2023-06-28,0.0463045139277819,242274803.2644497,6690337.582135558
2023-06-29,0.0548019370783327,292049070.5507873,2840955.418342805
2023-06-30,0.0557252695674283,296999327.2411996,3022622.861346793
2023-07-01,0.0618861373696296,283871266.4093609,3201989.033467721
2023-07-02,0.0550207910507895,293682026.1345498,2030659.3151608603
2023-07-03,0.0536091052236962,285565039.2419123,5358196.374788809
2023-07-04,0.0517226122482045,275966564.57632893,5702567.106255442
2023-07-05,0.0517493178232742,275501535.7250197,6364527.684399381
2023-07-06,0.0496814033568716,264971003.16450828,5648674.904258755
2023-07-07,0.0492607384861861,262819536.5163588,6811550.014626986
2023-07-08,0.0486346818428683,259164151.91209427,6170889.621627635
2023-07-09,0.0477984392296474,243294016.67783,5191974.12246037
2023-07-10,0.0460950828112612,245756207.71810943,5412513.261109939
2023-07-11,0.0465696375003416,248350040.45371068,2521568.550528372
2023-07-12,0.0443382824013019,236222395.11988303,4397760.342709814
2023-07-13,0.0451628135586674,240551867.327666,5224318.267429805
2023-07-14,0.0453791130370222,241384716.6444167,5680948.759035169
2023-07-15,0.045399057024205,241643264.81505424,4688446.170440246
2023-07-16,0.0446086412920042,237596310.22605243,3659229.300738463
2023-07-17,0.0445809778890033,237493854.4513737,4470042.021333594
2023-07-18,0.0444428219974983,236343342.120858,3918940.648724448
2023-07-19,0.0432322496931727,230124126.1805256,3065886.671645564
2023-07-20,0.042997847943702,240284324.3772325,3972191.710457179
2023-07-21,0.0416313688238543,232485218.3904697,4870158.983695055
2023-07-22,0.040687647538264,226894697.498322,2549063.179342292
2023-07-23,0.0415467118514893,231612640.45699263,2235299.276525438
2023-07-24,0.0417452574882356,233093062.77357817,2202917.292756949
2023-07-25,0.0414601912101452,231246038.1915077,2944723.923108511
2023-07-26,0.041523897510959,231440087.66580144,2786734.883209119
2023-07-27,0.0410741268944145,229176160.99535567,3395265.648366158
2023-07-28,0.0403462432495781,224971181.72473824,3482800.0371617023
2023-07-29,0.0395761264596458,221017499.51595652,4127629.001491616
2023-07-30,0.0395317416631024,220592011.8160311,3548796.0905713253
2023-07-31,0.0389339496161568,217438975.69673777,3610969.390916551
2023-08-01,0.0382733224349379,213724935.23206997,3961038.980939471
2023-08-02,0.0386518136404962,215830099.7145216,3395813.1918598507
2023-08-03,0.0371355482377076,207515915.87038624,3257039.8394716834
2023-08-04,0.0371370997967843,207184864.05770448,3802714.826286466
2023-08-05,0.0388630386185836,216750026.88125363,5710591.505050318
2023-08-06,0.0391226664807585,218348107.7661636,6200850.961856178
2023-08-07,0.0389779553830304,217457932.71391383,4536863.609467788
2023-08-08,0.0360169985209665,201095522.6469465,3334549.453752012
2023-08-09,0.036888392041167,205954087.1480306,3683994.857053508
2023-08-10,0.036971204765142,206290335.7519261,3739013.113953028
2023-08-11,0.0366006770085255,204422814.8730094,3306433.613778349
2023-08-12,0.036854702113175,205935492.6061707,3584257.0194096826
2023-08-13,0.03703023178348,206827664.6608908,3339779.818587463
2023-08-14,0.0366547063062654,204549599.2614073,3634510.369130348
2023-08-15,0.0374430203206727,208997981.38601217,3777333.482573017
2023-08-16,0.0369843404158408,206429742.9852737,2786661.7359220446
2023-08-17,0.035773306071558,200136291.1154949,2689228.846555903
2023-08-18,0.0346992234661546,193512497.00444335,2988394.6836564
2023-08-19,0.0348224367350494,194638194.70300865,2929352.1416771337
2023-08-20,0.0357955388620991,199933406.4546217,2929101.445418033
2023-08-21,0.0358926270862889,200083566.95926556,3308855.090561419
2023-08-22,0.0349449296502357,195326559.4095234,2825025.473225999
2023-08-23,0.0364746242257784,203514409.901961,3020146.08972219
2023-08-24,0.0375678888575564,209672877.97247645,2475322.774200937
2023-08-25,0.0366927519095454,204806315.0758173,2950736.110017128
2023-08-26,0.0364224480652853,203378932.58251807,2554970.181194588
2023-08-27,0.0351618906260159,196092735.35113385,2192842.7392551936
2023-08-28,0.0340787523800082,190242732.49718,2182628.257303374
2023-08-29,0.0347153973965905,193871516.1274534,3400893.422684327
2023-08-30,0.0356946310800203,199335335.49697143,3355959.757248599
2023-08-31,0.0354160045068643,197783299.4312157,3484998.4977587634
2023-09-01,0.034127282926957,190309246.9355484,3614837.640922573
2023-09-02,0.0323764208468714,180760072.907724,3219807.6318676625
2023-09-03,0.032417883612129,180744848.91834643,3442353.9393630847
2023-09-04,0.0325990331791565,181953018.6866477,3727969.484709776
2023-09-05,0.0329575575487029,183850528.75028667,3447438.954707856
2023-09-06,0.0334236873575429,186529536.61546123,3377350.2417712826
2023-09-07,0.0330543731917906,184777249.5162707,4266699.818558289
2023-09-08,0.0331527055955268,184880884.10032237,4827273.427751934
2023-09-09,0.0328034901658525,183097274.64471084,5135732.47186055
2023-09-10,0.0327051148599797,182697292.4135736,5644720.630071946
2023-09-11,0.0322993457129749,180086021.8279303,6626310.698691759
2023-09-12,0.0315951068883274,176233110.90811062,6141225.355095103
2023-09-13,0.031782178260295,177773035.90358186,6042149.832754447
2023-09-14,0.0317597000313426,177291748.96208292,6353182.015615478
2023-09-15,0.0327249778203406,182730592.61877224,6285093.470043982
2023-09-16,0.033266057020249,185755611.1273059,6545438.719471612
2023-09-17,0.0333577967070223,186282194.45684552,6586674.190177166
2023-09-18,0.0334234266119662,186520252.8783502,6792121.686024684
2023-09-19,0.0332779064737063,185742872.8568057,5087682.368865797
2023-09-20,0.0336159070866306,187631880.48997587,4070765.442946504
2023-09-21,0.0327500135958444,182958942.4816134,3471990.1640200648
2023-09-22,0.0326656659432159,182366120.7513908,3281693.443738536
2023-09-23,0.0331065596630974,184952727.7807792,3850485.481328369
2023-09-24,0.0334016384529655,186541146.0862902,3987398.4246224617
2023-09-25,0.0333892921883136,186484568.5276176,3874602.114979045
2023-09-26,0.0342312310064611,191173427.1865189,4277364.595249161
2023-09-27,0.0328992991877939,183982188.38948247,3766470.507262299
2023-09-28,0.0329209381184384,183695178.67898276,4397867.364459477
2023-09-29,0.0332773208320566,185954348.6963244,4569024.157276849
2023-09-30,0.0328097853786523,183258833.3877473,4412455.290265831
2023-10-01,0.031644119642948,176430989.01271674,3611612.6018257416
2023-10-02,0.0319428262109558,178351784.64072242,3387300.686344732
2023-10-03,0.0303299367776296,169195401.52849528,3690765.737613119
2023-10-04,0.0309009359306018,172546594.16513872,3783420.8679204006
2023-10-05,0.0309165800217683,172643293.21246535,3929438.611968387
2023-10-06,0.0313648284049042,175155596.04562834,3881809.652832217
2023-10-07,0.0316464998348741,176726588.1511211,3906419.8506866167
2023-10-08,0.0315812200611192,176244455.81364438,3387412.6320649646
2023-10-09,0.0316251070729731,176627660.22124293,3656391.576188476
2023-10-10,0.0309935191896472,172981014.504169,3840292.884646833
2023-10-11,0.0303920321863707,172110190.10912484,3502284.034234596
2023-10-12,0.0302996762744428,171423070.8670368,3414324.473066529
2023-10-13,0.0301552093973616,170645515.84104943,3507655.526277696
2023-10-14,0.0301805896629874,170847544.20168054,3968337.106463156
2023-10-15,0.0305741224149691,172876972.99082315,3520312.0260965023
2023-10-16,0.0306251065697247,173330136.495446,3977588.396322976
2023-10-17,0.0311319504023271,176000682.56108063,4216479.634984103
2023-10-18,0.0308341802457721,174494724.53489628,4124147.843220698
2023-10-19,0.0300195861310755,169976704.24894533,3477614.1980559253
2023-10-20,0.0302490168418671,170754406.62072226,3433073.5628394256
2023-10-21,0.0303208587780908,171635816.30754513,3451018.873286647
2023-10-22,0.0302672195356356,178822494.23309064,3674383.5553366295
2023-10-23,0.0308368049010581,181229901.67555615,4209808.654095992
2023-10-24,0.0306992420043645,181361185.68998984,3375595.179381072
2023-10-25,0.0302116817833181,178520045.03991327,3400613.667654642
2023-10-26,0.0296795037243952,175214978.48732406,3741997.5665962263
2023-10-27,0.0298130454469734,176206284.0356126,3392000.3420941387
2023-10-28,0.0302514112235636,178894910.00431266,3731518.76977658
2023-10-29,0.0300402960334492,177786005.62654242,4172240.4891255447
2023-10-30,0.0298712601432079,176077177.52753255,3734715.1324436544
2023-10-31,0.0297621655010449,175772656.68791685,4178807.706994595
2023-11-01,0.0295095258388944,174497191.83857813,3988635.982909008
2023-11-02,0.0356327098181502,211159318.40894285,4054421.512968656
2023-11-03,0.0406927688818825,240384213.50883344,4479155.795084603
2023-11-04,0.0407140954637304,240716914.70686343,4915555.644353626
2023-11-05,0.0392758335978888,232316561.04742995,3836441.992085829
2023-11-06,0.0391650390461534,231501535.61976945,2938927.754924371
2023-11-07,0.0364627006740954,215412288.26498732,2926950.859676296
2023-11-08,0.0371380141573734,219522534.63993967,2975400.804487487
2023-11-09,0.0373982223170675,220778329.93293533,2976438.7681277697
2023-11-10,0.0376441288577173,221721462.97441813,2968165.279162276
2023-11-11,0.03930539661703,232433501.8016402,3150185.52514414
2023-11-12,0.0398589027194292,234860486.92635784,2718606.907818056
2023-11-13,0.0411724682503574,243514877.1637468,2528639.72162206
2023-11-14,0.0412033484266373,243419891.6784636,2944373.635984044
2023-11-15,0.0432780556104808,255680267.49538997,2913878.4244587542
2023-11-16,0.0471239225160968,278515982.1928834,3849499.563821905
2023-11-17,0.0484749993953858,286561648.4391789,2900316.731270796
2023-11-18,0.0537734650715914,318304410.8621638,4171294.397905232
2023-11-19,0.0561307095554846,331772741.162684,3607467.248530029
2023-11-20,0.0502714222086977,296980068.8576771,2997376.1765011046
2023-11-21,0.0517463370713359,305901616.7450659,3696608.3107081777
2023-11-22,0.0449984281648086,258573409.7858625,3222338.828945768
2023-11-23,0.0484602472559511,286529018.7938841,2652308.084630198
2023-11-24,0.0500446359529079,295970020.42412275,2516861.2266663164
2023-11-25,0.0505553480731933,299293635.8063888,3110526.676116392
2023-11-26,0.0517036744077524,305822981.09376377,2642150.1703609168
2023-11-27,0.049837618973141,294623910.1307704,2595060.970860376
2023-11-28,0.0486222985346001,287205184.4815415,2745174.8604991017
2023-11-29,0.0469970543355397,277715016.09073395,2513856.073547395
2023-11-30,0.0447025786978135,264435612.0460885,2080329.6902539204
2023-12-01,0.0417389368599863,246677472.05625528,2390334.1996775977
2023-12-02,0.0462829246658735,273465681.29852945,2955514.642596418
2023-12-03,0.046176558153395,272965199.8403379,2150829.7572706547
2023-12-04,0.0461745947415704,273088288.2001287,3069891.2373617725
2023-12-05,0.0468127950698507,276668294.51713383,3018465.131195062
2023-12-06,0.0463489758114756,273873593.5634731,2933603.6184256235
2023-12-07,0.0460168727430611,272154660.3455541,2779753.8495561997
2023-12-08,0.0459832739471029,272031193.18990064,2912582.20051888
2023-12-09,0.0470138437154398,277827965.2778799,2770437.1795915635
2023-12-10,0.0463018357580616,273722009.0862622,2587297.5201636218
2023-12-11,0.046705612304127,276367369.8686952,3283279.912518605
2023-12-12,0.0492625945280843,290967011.06666595,3712065.154970311
2023-12-13,0.0496082124327406,293273638.93486446,3637363.885857538
2023-12-14,0.0494286059733687,292345231.32156324,3597331.6139036464
2023-12-15,0.0500673546074401,295755481.58590686,3055895.545854669
2023-12-16,0.0477686164006562,282490438.90576404,2770157.2984153247
2023-12-17,0.049050064973271,290116697.7468272,3084741.2366109462
2023-12-18,0.0463561805403758,274055890.30810595,2921825.7363242744
2023-12-19,0.046851426814157,277218825.4261436,2806351.344569814
2023-12-20,0.0462474469827507,273383076.64657813,3107503.2521151504
2023-12-21,0.0466044082402342,275586946.5064532,3488984.40894621
2023-12-22,0.0463446258972535,273837686.1371343,3477268.0988848093
2023-12-23,0.0464685486792893,275127245.24607897,3361037.595336785
2023-12-24,0.0463991182565677,274404335.9319805,3174590.4143929738
2023-12-25,0.0459042994082312,271951521.45357645,3427150.657912887
2023-12-26,0.046696927213396,276296099.2579599,3471665.752367588
2023-12-27,0.0464529409534727,274691139.265017,3488298.4986231886
2023-12-28,0.0466507234395208,275676936.2910844,3131214.428893398
2023-12-29,0.0454854585783265,269417155.1952321,3268494.842273811
2023-12-30,0.045586970772187,270220950.82510626,2395161.442184341
2023-12-31,0.0458000420298155,270712453.2088893,2633627.3107483047
2024-01-01,0.0425016290303296,251444402.6123828,2841912.980430256
2024-01-02,0.0443553875535672,262157736.83776668,2299135.4156798017
2024-01-03,0.0452802833703986,267229401.8884598,2447431.689490249
2024-01-04,0.0438218167300267,259064649.1438692,1940929.1520722443
2024-01-05,0.0438004995766833,259122120.38556036,1852955.7923747052
2024-01-06,0.0441879473752143,261260697.13854325,2038961.897906905
2024-01-07,0.0434667815268637,257019367.15244228,2138517.4163672654
2024-01-08,0.0436627327602362,257343988.44006336,2070610.105786962
2024-01-09,0.0447611192188457,264872745.1690725,1758252.5299354375
2024-01-10,0.0441248116796601,261451459.35951903,2290007.5686959145
2024-01-11,0.0439149874776907,260090275.397721,1751647.5843820032
2024-01-12,0.0447658268928804,265544694.20068905,2353067.2819534503
2024-01-13,0.0456204320679067,282436195.1286166,2316392.459406347
2024-01-14,0.0485196016744603,300587233.9733842,2370511.0204544417
2024-01-15,0.0472760988689925,293315113.03537333,1937727.3003981295
2024-01-16,0.046611520956205,288555780.3399844,2165234.436923164
2024-01-17,0.046621030751926,289012346.36116755,2120214.053520563
2024-01-18,0.0457339938520558,283442215.67995065,2261928.081261231
2024-01-19,0.0441993285047916,273857019.27318007,2400412.95940912
2024-01-20,0.0439318195656407,271987083.5902709,2897852.265429601
2024-01-21,0.0442694471029909,274764181.6759205,2873887.689116025
2024-01-22,0.0443888026382557,274895667.0689474,3189465.005499331
2024-01-23,0.0432284408936859,267651627.5629872,3012388.919103864
2024-01-24,0.0431778512247951,267900327.7294048,1978495.5107930405
2024-01-25,0.0439478948996437,272388400.366186,2215346.341279594
2024-01-26,0.0443913767607608,275170127.5525201,2145114.9705908755
2024-01-27,0.0442076606301105,273947242.0021674,1768510.887951077
2024-01-28,0.0437168144124149,271138325.29814005,2080218.396886396
2024-01-29,0.0435299999499433,269752142.5958373,2223793.4234111947
2024-01-30,0.0441337396079892,273553222.58282304,1723450.4821062523
2024-01-31,0.0441238790934028,272533784.76880616,2101016.188798315
2024-02-01,0.0435118975966782,269565038.2690306,2059650.2908224207
2024-02-02,0.0435785626162079,270049601.25532657,1965078.8410905893
2024-02-03,0.0436282678275855,270137296.9029899,2147557.5589654944
2024-02-04,0.0430732111747437,266996433.3291663,2301623.577555076
2024-02-05,0.0430400609082436,266679872.79144907,1940664.790258106
2024-02-06,0.042608671954867,263983390.98299652,1536092.3021821436
2024-02-07,0.0433307954032778,268628034.05199087,1962871.25633071
2024-02-08,0.0442716887955322,274075586.2336693,2070694.257362009
2024-02-09,0.043138145222718,267638426.42309967,2292986.692577151
2024-02-10,0.0431609258230233,267383961.84785584,2168761.6190289203
2024-02-11,0.0426436041798542,263997007.549945,2035682.4888893983
2024-02-12,0.0424311730172968,262152273.9536349,1971101.5316741224
2024-02-13,0.0425107836352828,263339494.63140324,2097714.6755020814
2024-02-14,0.0425305769995741,263280059.1200607,2163582.475721158
2024-02-15,0.0422522728685013,261917776.21756348,1788204.434005371
2024-02-16,0.0427812564247047,265123163.3292929,1829821.9976429755
2024-02-17,0.0423652095067886,262547442.1838326,1772471.688463336
2024-02-18,0.0415692282370178,258346488.49470145,1406934.7781813263
2024-02-19,0.0421307388269971,261309864.8357899,1835919.801139807
2024-02-20,0.0404620918941573,250528718.375117,1839505.6735349563
2024-02-21,0.0413062622691688,256236130.32075477,1893897.4088947875
2024-02-22,0.0422828597438155,262426426.2886732,1898440.2670417584
2024-02-23,0.0414323461500786,256770768.51607212,2101643.9151962274
2024-02-24,0.0411062829519568,255130021.60738572,2608306.0471140016
2024-02-25,0.0423266407014105,262334541.4780205,2312167.33861537
2024-02-26,0.0424048034498745,262734070.31528163,2383149.42879344
2024-02-27,0.0428898358482087,265914065.21840927,2147645.376229917
2024-02-28,0.0424397174843232,262882174.993106,2159544.093713466
2024-02-29,0.0426021697778588,262634581.4091389,2128850.194363199
2024-03-01,0.0415932561733471,258391146.41441423,2631725.277901761
2024-03-02,0.0411389928901558,254956439.8475375,2881227.738681889
2024-03-03,0.0408846988910441,253080846.05513695,2364553.303549864
2024-03-04,0.0413275670202825,255875576.96694884,2514349.5769430706
2024-03-05,0.0404405508513726,250354275.80685192,2144192.7728735977
2024-03-06,0.0405092285770276,250747089.62378985,1577674.9523700587
2024-03-07,0.041122091910187,255135779.18953452,1568667.3671799111
2024-03-08,0.0416577933370857,258651528.1058632,1356302.7336419555
2024-03-09,0.0418758301884504,259535320.7817872,1509376.608991527
2024-03-10,0.0417397975496095,258579188.1721869,1543053.9076509497
2024-03-11,0.0413293017228425,256153323.38136205,1643777.265094929
2024-03-12,0.0441872040891392,273607694.01618725,1363269.4366725471
2024-03-13,0.0474357445268907,293443598.1590838,1675287.3065856304
2024-03-14,0.0484880796295119,298396323.2008532,1460786.5008297977
2024-03-15,0.0461416725810538,285048589.95885515,1839785.8630455232
2024-03-16,0.0465868349454547,289393431.9795198,1724871.2499534762
2024-03-17,0.0441058048640643,271889488.6466561,1512471.8705152357
2024-03-18,0.0432048880769916,267741818.19005096,1226395.4980158145
2024-03-19,0.043094191784307,267044651.8300688,1485307.9212086448
2024-03-20,0.0414854221416731,257674267.34235135,1208493.6906765737
2024-03-21,0.0427634195100202,264913794.1563044,1274422.8035596735
2024-03-22,0.0418540755425662,259194524.10492155,1136552.7541504304
2024-03-23,0.041905420649363,259480996.6850672,1223643.8733435737
2024-03-24,0.0420164155686305,261140609.98727477,1434658.8341559344
2024-03-25,0.0425839009023756,263882498.29486665,1271717.1752069497
2024-03-26,0.0426974058071505,264181190.4272537,1483841.781263619
2024-03-27,0.0426823928581849,264159523.83986455,1401248.1580965545
2024-03-28,0.0435256150161891,267590529.619298,1325554.3870395145
2024-03-29,0.0440046131885821,272686320.8545198,2062124.9642706527
2024-03-30,0.044038252004428,272938079.357125,2031722.151778614
2024-03-31,0.0439831741608304,272214788.79861075,1700573.7331118053
2024-04-01,0.0440733380042621,273478624.21462864,1550157.8660303254
2024-04-02,0.0405275368046978,251223546.0767492,1409992.3714035512
2024-04-03,0.0406996721548765,252389258.50625452,1655068.8184646356
2024-04-04,0.0410239046455564,254344092.3754408,1846417.647628968
2024-04-05,0.0422625412113531,261891107.26864985,1521014.084396978
2024-04-06,0.0418852731506722,259487833.7842841,1737768.762311138
2024-04-07,0.0420380553997848,270884498.4016455,1849026.5204696327
2024-04-08,0.0414987982989043,267489258.6051761,1705639.9420374257
2024-04-09,0.0401801323772394,258815849.14249808,1791297.214686998
2024-04-10,0.0394619121151917,256910384.5578541,1666279.0583899645
2024-04-11,0.0398601967622129,257246845.45240992,1678774.7883178184
2024-04-12,0.0394232679175113,254091357.54109725,1617586.9260302382
2024-04-13,0.0373332343283427,240314845.555384,1340408.4505588254
2024-04-14,0.0374085528899105,239443442.0614612,1598081.671729394
2024-04-15,0.0376232189906393,242000165.110638,1087822.9115105567
2024-04-16,0.0379823657961543,244703929.44913945,1358382.393530758
2024-04-17,0.0371941821062685,241155837.8569242,1128737.061720152
2024-04-18,0.0370634512647831,239748350.50244343,1197024.8696841262
2024-04-19,0.0377565156176688,243435723.1735451,1297580.872517444
2024-04-20,0.0385538767179399,249924105.0162447,1559262.0857153614
2024-04-21,0.0391742962494454,252286091.06476852,1389859.9163081942
2024-04-22,0.0383503682837026,246429557.8386783,1303881.567714753
2024-04-23,0.0381315387070692,246100942.17899087,1484589.539533366
2024-04-24,0.0391075292114288,252513735.25205356,1014128.395715992
2024-04-25,0.0392064724094861,252662630.8895904,963238.118300432
2024-04-26,0.0382742352758407,247319401.24837047,933220.2802952876
2024-04-27,0.0382476536534424,246529242.7148224,724193.1582600389
2024-04-28,0.0365847790587474,236231341.6209141,903589.1825718592
2024-04-29,0.0371566279572315,239610910.6704857,659501.6784105272
2024-04-30,0.0358796521671517,231635114.12778816,668693.767455137
2024-05-01,0.0347886168958266,224855995.39216217,632755.473459748
2024-05-02,0.0326653147598881,211792592.17330557,1005412.7854661545
2024-05-03,0.0342638969929783,220995134.12527052,625044.6604078537
2024-05-04,0.0352965514700072,227737968.7902121,633471.702420141
2024-05-05,0.0370225965871398,237584010.24085468,739250.8572945995
2024-05-06,0.0365504250639005,235654583.0658726,681826.5050330905
2024-05-07,0.033574234277172,215300227.8650299,731546.2963860295
2024-05-08,0.0322787003893175,208247308.63242668,823822.0521669394
2024-05-09,0.0325257732687653,209556523.49655828,629412.5330927324
2024-05-10,0.0333057057634251,214479013.98290843,772180.6040456784
2024-05-11,0.0323157001827684,208336129.8553362,970116.5025906191
2024-05-12,0.0321270619812601,207198650.27632484,720544.9502954507
2024-05-13,0.0307297041650079,198093342.98849773,2932543.1163391783
2024-05-14,0.0370936086737814,239744176.29265487,4097990.135361763
2024-05-15,0.0349584330353614,225394921.02286127,830170.6429270337
2024-05-16,0.033926941464645,218897590.3501237,1140550.9309557995
2024-05-17,0.0340433684967424,219601411.05095088,1011379.1988495776
2024-05-18,0.0352673107404393,227123496.30131528,761125.6582451693
2024-05-19,0.0334425294800707,215932828.84739304,3704781.76042792
2024-05-20,0.0341964979615904,220441716.08773175,2947012.6172026587
2024-05-21,0.0350065572681752,225507263.6947718,2692755.5986785647
2024-05-22,0.0336251178320317,216721184.80859876,4086187.640748901
2024-05-23,0.033170015743826,213783497.46129036,906333.5866261922
2024-05-24,0.0329556414457339,212443486.8020644,820915.6117964291
2024-05-25,0.0318373387147802,204730346.0926312,962986.1027087716
2024-05-26,0.0312693372606468,201258755.6797216,1014325.5769755444
2024-05-27,0.0307424593218475,199293144.05356327,761133.8852932338
2024-05-28,0.033128972731589,213543475.07172877,592700.0836012963
2024-05-29,0.0333218104707096,214955055.4081744,636591.5431580618
2024-05-30,0.0337238333727135,217485914.37382975,700905.5868752442
2024-05-31,0.032805292537127,211335097.631608,644384.2424850309
2024-06-01,0.031801289720043,204890399.22384092,728701.9444029423
2024-06-02,0.0318805910721494,205473014.9574,738420.9820891033
2024-06-03,0.0326657776153915,210757844.2433176,681313.142650397
2024-06-04,0.0321378591217523,207036826.77069843,701729.812217199
2024-06-05,0.0332964206972813,214612459.96246696,782516.014952864
2024-06-06,0.0335904136261438,216472305.67830652,795969.9981695096
2024-06-07,0.0333062702156868,214850053.32343012,1080734.461137913
2024-06-08,0.0344442350517231,222099972.73804945,871229.87228011
2024-06-09,0.0334137464479234,215579616.5746972,820273.5357543682
2024-06-10,0.0322064288372411,207868479.7061569,1135245.235299076
2024-06-11,0.0337848688981437,217980741.15554404,833942.7602983889
2024-06-12,0.0344769370928096,222370632.35620025,880811.5767015156
2024-06-13,0.0384809244854978,248093238.1257454,951582.9986859284
2024-06-14,0.0398069138278484,256091920.7604466,990049.1418762266
2024-06-15,0.0462160936252846,298399079.2280612,1377923.8891556726
2024-06-16,0.0385182067625758,248416044.81827453,858533.4011382265
2024-06-17,0.0367908040275874,237122834.78755447,1166257.7352860086
2024-06-18,0.0341605005043554,220222924.7312885,1071696.8404129988
2024-06-19,0.0336321185188434,216870319.6740381,1034310.8775758256
2024-06-20,0.038400622521458,247884249.6101572,769085.5076456665
2024-06-21,0.0365447386986639,235749061.93545267,748599.6263253333
2024-06-22,0.0335703460581789,217176693.3729388,973616.4068751663
2024-06-23,0.0340785786384371,219816145.5641245,1070002.86560377
2024-06-24,0.0339385963748889,219269565.02067825,1058282.8452055503
2024-06-25,0.0344621074367774,222253040.56178436,1073438.5176737772
2024-06-26,0.0370639497804083,239039906.1186983,818037.8450333577
2024-06-27,0.0372983792380499,240291368.18523183,1246259.2030744904
2024-06-28,0.0378532567803165,244386549.5815547,1062436.225488372
2024-06-29,0.0375749861993506,242874834.74398744,1127359.3532036962
2024-06-30,0.0387188297858064,249549892.669439,1149298.1175088375
2024-07-01,0.036385547815458,234270534.6638244,1072363.6759877035
2024-07-02,0.0368944404434075,237854774.61720115,1152973.8620459745
2024-07-03,0.0377238318353355,243253313.2906386,1138040.5718518244
2024-07-04,0.0377392041052103,243369303.48897737,1185611.8594541056
2024-07-05,0.0380685994505851,245310448.74358723,1180849.7582364914
2024-07-06,0.040819670468649,262978014.9795985,1204914.3312063094
2024-07-07,0.0428856659524801,276575851.3181009,1242857.9000527577
2024-07-08,0.0437567891594493,281404227.75469244,1212975.8147224034
2024-07-09,0.0436903677298974,282944324.9214673,883633.5326670489
2024-07-10,0.0442634459253839,285591754.16465294,817872.0527791013
2024-07-11,0.0449442928570128,289836694.75207025,810609.430702681
2024-07-12,0.0459705390843529,297591393.2346357,988591.3589822804
2024-07-13,0.0510035187023319,340614825.27966154,937301.8384075183
2024-07-14,0.0503491335341097,336369224.5285177,782490.7839952195
2024-07-15,0.0460751584813383,307822431.6780437,959114.4054937472
2024-07-16,0.0445260184699163,297474595.65282494,994657.9585995704
2024-07-17,0.0483229323079181,322828816.6072634,975713.2761689152
2024-07-18,0.0441209063813018,294186364.16598576,936580.7177757996
2024-07-19,0.045016672125492,300633109.2097266,1160003.4694672956
2024-07-20,0.0462965365603096,309513739.04628235,1065355.3145986814
2024-07-21,0.0456861053843183,305291854.78712875,989095.0356687905
2024-07-22,0.0466991299020703,311882459.0537212,6489818.2402382055
2024-07-23,0.0461911957113829,308279110.8945326,211034245.76811695
2024-07-24,0.0472506913289271,315620743.6805321,823440.1682671871
2024-07-25,0.0469216854944288,313293801.2546701,728209.7778806291
2024-07-26,0.0488827501873575,326476919.8619022,678402.8418138861
2024-07-27,0.0480852314432942,321127205.1215718,645952.8068501101
2024-07-28,0.0476082574238276,318007373.48283017,679875.5468705744
2024-07-29,0.0485759151930648,324523857.23538846,746673.5877552163
2024-07-30,0.0472018201737816,315543704.685782,697553.7402570109
2024-07-31,0.0452410760553143,302207975.14279616,843830.2345550059
2024-08-01,0.0451216830909261,301361151.1597609,748919.8944511316
2024-08-02,0.0478112668303088,319208396.6802457,831439.2173606001
2024-08-03,0.0470687820001501,314323342.6938333,739898.7571114777
2024-08-04,0.0481790998999217,321637969.06034976,730329.0492827583
2024-08-05,0.0497857928269499,332310201.46489906,700370.7957800963
2024-08-06,0.0484626672811794,324157119.09877753,743767.1792189484
2024-08-07,0.0482982433332052,322516686.1337072,675751.2220751602
2024-08-08,0.049235058979737,328956671.14456177,735728.0306021892
2024-08-09,0.0509957646165394,340159875.5290737,709400.8765290654
2024-08-10,0.0510809869482375,341136244.285973,750007.1585078071
2024-08-11,0.0516094437851031,344665668.75688547,907122.383644762
2024-08-12,0.0509039284125208,339694521.112618,889908.8008521659
2024-08-13,0.0532164185646151,355328625.0126943,899446.5709446664
2024-08-14,0.0524065469070778,350577169.7849118,955118.2994788908
2024-08-15,0.053451872651085,356971300.2182688,936439.0069843692
2024-08-16,0.0519389985948166,346845476.6407536,926845.1735530844
2024-08-17,0.0532822368462161,356011568.6790299,977327.5467008264
2024-08-18,0.0533040514508462,355403659.32958126,980283.152517308
2024-08-19,0.0522910573469547,349444468.0866577,946999.2193919348
2024-08-20,0.0533768422519818,356423322.076191,936793.9144623576
2024-08-21,0.0528525753427145,352822813.045183,921356.0545305164
2024-08-22,0.0526857065068741,351855341.6773865,1058164.410293262
2024-08-23,0.0535663387345273,357738414.298026,999278.4547930368
2024-08-24,0.0539565658229466,360371212.5930086,991202.917461184
2024-08-25,0.0541631517481772,361413220.4687823,1038265.9364108556
2024-08-26,0.0543969094700901,363197459.45568633,706408.1002110394
2024-08-27,0.0535893010789626,357936646.73313063,679706.1207975987
2024-08-28,0.0508904846447547,339787691.1789113,1056187.2703695511
2024-08-29,0.0511962311491541,342192702.9261563,998659.668305348
2024-08-30,0.0521385516429859,348269745.45816535,1025971.9836770828
2024-08-31,0.0515116009230213,344033556.6425688,997356.9575407808
2024-09-01,0.0500389332701964,334071074.6861352,917215.231172217
2024-09-02,0.0486047371494737,325196281.1139128,738138.5846780051
2024-09-03,0.052023854634118,347498483.6124477,961485.9013689216
2024-09-04,0.0519336650879086,347362104.5654524,966137.9726554753
2024-09-05,0.05476195589597,365658506.2583494,1013149.271189664
2024-09-06,0.0543500250278266,363060155.2930941,1017992.9288481326
2024-09-07,0.0581089923094183,388114942.0395269,1137099.2368033824
2024-09-08,0.0541314699530842,361551272.332853,912479.9143806712
2024-09-09,0.0536478163553759,359623983.84489334,973455.637243249
2024-09-10,0.0546052354605603,364438942.0246211,807460.2065647296
2024-09-11,0.0542223650359481,362108194.695213,780907.2445072437
2024-09-12,0.0545147259036067,364313645.5184798,1054097.3749322947
2024-09-13,0.0543877921785976,363595753.6713213,968860.2140524192
2024-09-14,0.0545508232591663,364342377.60872304,1065712.484416537
2024-09-15,0.0541477181045836,361816028.3081304,1439039.310925356
2024-09-16,0.0537635356079043,359112776.2678509,6847637.885218359
2024-09-17,0.053736496274652,359028622.5346591,11135191.428398931
2024-09-18,0.0543189255260897,362798483.5283282,10639143.456680425
2024-09-19,0.0540968277151314,361090512.029702,11242553.77009893
2024-09-20,0.0541494807059873,361611562.44779205,11108586.15497161
2024-09-21,0.0545980876642519,364563685.37282336,11035651.551634695
2024-09-22,0.0548934221930019,366907172.11867344,10717208.194219844
2024-09-23,0.0544210472494862,363575995.80190754,11234167.105571294
2024-09-24,0.0540931923384982,361335288.8921703,11884868.383459425
2024-09-25,0.0546330665278406,365003801.9332725,12968865.145988109
2024-09-26,0.0557370880804361,372222864.00866073,11864036.955649424
2024-09-27,0.0583626802383566,390024253.5193253,12762105.69885389
2024-09-28,0.0590160271419188,394222728.5937528,11531727.47236218
2024-09-29,0.0557451477474909,372433678.58569527,11007366.057520565
2024-09-30,0.055975590323038,374008435.0800591,11455481.587528944
2024-10-01,0.0561907647483592,375489870.73056746,9249977.858748663
2024-10-02,0.057335917218569,378562166.4935767,6557084.873978772
2024-10-03,0.0566384447357206,378352005.1263366,7250464.962047609
2024-10-04,0.0577151773732344,385743745.6706182,8412281.266980125
2024-10-05,0.0592159667505244,395383761.3993175,8629394.579037474
2024-10-06,0.0602067564301779,402196805.5335421,8676441.750612121
2024-10-07,0.0634162721614676,423953094.9548124,8984050.453238305
2024-10-08,0.0658431179220636,439855594.15862125,8544686.028279288
2024-10-09,0.070326448559963,470086695.9122889,11933832.179082189
2024-10-10,0.0746120147664274,498441799.5653533,12079988.01187606
2024-10-11,0.0778844948424516,519812890.2924985,12091163.147008087
2024-10-12,0.0745953144809191,498358087.4715796,12130308.39959968
2024-10-13,0.0772698704547429,516282202.2346675,12048362.789322523
2024-10-14,0.0761684792872285,508165031.9937884,12669403.619578077
2024-10-15,0.0772273232190478,516473322.03075457,12915887.58890856
2024-10-16,0.0733896254540297,490403811.07400745,11764646.543659411
2024-10-17,0.0746363708271201,498626419.86107385,12183365.598244272
2024-10-18,0.0770353085740902,514523603.705587,12266403.375052968
2024-10-19,0.0764822203027491,511193143.7492688,12222214.579145722
2024-10-20,0.0768678766003722,513466740.91574806,11527812.546990609
2024-10-21,0.0766368006706905,511841229.6671227,11958597.099180607
2024-10-22,0.0770098334147554,514416155.5512697,11644908.09728125
2024-10-23,0.0764550314291169,510380613.8214624,11234623.90701295
2024-10-24,0.0764225013271297,510259185.4616126,11674689.108909504
2024-10-25,0.0771641763411246,515529923.9265271,11153657.703795254
2024-10-26,0.0758994293801867,505919439.6140596,11600720.295627829
2024-10-27,0.0757966685561723,506461667.87991166,10299557.48190355
2024-10-28,0.0761599001681014,508638559.3657077,11628948.050304376
2024-10-29,0.0767859305553594,512292661.97994655,11905312.614452798
2024-10-30,0.0775184577238325,517282209.8281271,10955383.404047038
2024-10-31,0.0779067911213209,520448543.09762913,11600675.769738764
2024-11-01,0.0735161698026365,491383603.1339954,10619667.315348385
2024-11-02,0.0762002687342124,508724086.8207607,11201431.24887984
2024-11-03,0.0789939267944606,527771022.109318,9426953.121405857
2024-11-04,0.0784677386146162,524403893.6653138,10895736.321746929
2024-11-05,0.0773513391198662,517334023.4153168,11759688.730406418
2024-11-06,0.0778838529482656,520516678.2650682,11601563.766472178
2024-11-07,0.0782911877596173,523191164.89392966,12194189.436309742
2024-11-08,0.0787856504676104,525879233.89928025,11040818.901773924
2024-11-09,0.080279947883132,536723473.6854455,10912096.503404912
2024-11-10,0.0791595194304092,529397818.40301,12472846.429736136
2024-11-11,0.0785408487931478,525302875.70790046,10867925.680302154
2024-11-12,0.0826877289022493,553642570.8523418,10832434.746975131
2024-11-13,0.0810242287587256,541361348.2332293,10839160.438189937
2024-11-14,0.0804190185707556,537804237.1429796,11599021.991031785
2024-11-15,0.080979067378279,541165825.6289712,10374782.546469435
2024-11-16,0.0822349505669367,550227300.3081964,13597192.769744815
2024-11-17,0.0815296406429539,544493064.0488443,11453633.077169312
2024-11-18,0.0809917069884504,541394476.058886,10356851.053917306
2024-11-19,0.0805714873334975,538239566.2339141,11785708.941206343
2024-11-20,0.0791442085055226,528612032.0874448,10715203.847204931
2024-11-21,0.0804318149540407,537330118.5041769,11466531.844077908
2024-11-22,0.0813140294367783,543474373.520549,11547810.014126658
2024-11-23,0.0804416415816312,537858203.3883978,11662980.655523803
2024-11-24,0.0793819320340775,548427407.1880697,10999956.41597784
2024-11-25,0.0781863540345399,540476244.5857266,10062965.099781012
2024-11-26,0.0783289457472027,541426667.8432559,8692495.959668621
2024-11-27,0.0791334728661726,547101999.7498887,9172494.606454626
2024-11-28,0.0789260546094357,545501443.6167598,12774843.591922203
2024-11-29,0.0798324712012603,551495214.7784208,12605290.139053147
2024-11-30,0.0809774295953113,559231193.9205272,12522634.23092286
2024-12-01,0.0794934691680962,548862231.119506,11449313.06648446
2024-12-02,0.0789139639708338,545315654.145061,12290544.32984618
2024-12-03,0.0800263121865317,553011509.955528,10878521.087693918
2024-12-04,0.0791806998493404,547460402.7496126,10012499.261733446
2024-12-05,0.0792633270904948,548216030.4782964,8549198.754112285
2024-12-06,0.078736293570702,544310981.1467913,8061072.855509132
2024-12-07,0.0784419206308596,542183853.695909,8081406.384375926
2024-12-08,0.0788402645744958,545158028.4308772,7616370.69944992
2024-12-09,0.0792937739357851,548340264.3995866,7178979.4209713
2024-12-10,0.0773817941729796,534347087.9191548,7848210.864121443
2024-12-11,0.0737465867728859,509541096.1426042,6705332.71785572
2024-12-12,0.0782408640469677,540449351.0586133,8961217.48685308
2024-12-13,0.0785074332618814,542400954.8924154,8943075.15410731
2024-12-14,0.0789514366623693,545078430.2387303,8603624.92976171
2024-12-15,0.0786014512361801,543198156.3469949,8174207.866007578
2024-12-16,0.0786137296123392,545436165.447282,7818794.846194126
2024-12-17,0.0786729738516742,544164850.9158827,8742854.447701618
2024-12-18,0.0789430292841367,546131793.134829,8361891.148752473
2024-12-19,0.0774637802966333,535646610.6658207,7799744.422513287
2024-12-20,0.0776135636619322,536134515.1054528,8058174.767942027
2024-12-21,0.0783715614638606,541686084.8553786,7613818.812796192
2024-12-22,0.07806394889359,539137911.617612,7665622.426069864
2024-12-23,0.0771542055519694,533215408.5946434,6155884.634115434
2024-12-24,0.0785250690314376,542934465.7713306,6418930.926701294
2024-12-25,0.0787721554191622,544278226.751705,7924849.975186402
2024-12-26,0.0787973756049319,544511464.7479022,8242976.636923874
2024-12-27,0.0789019074018402,545353331.9627486,7887918.244009892
2024-12-28,0.0789274563585935,545614922.3464824,7061041.419207142
2024-12-29,0.0789230798117892,545546216.1992198,6755827.965337277
2024-12-30,0.0787835987946396,544475739.7593924,6716825.414443171
2024-12-31,0.0794300639428851,548767048.2702557,8360976.539098423
2025-01-01,0.0780816401727948,540126196.8829373,8047359.817067797
2025-01-02,0.0795267308569881,549789732.1384783,4822423.840648632
2025-01-03,0.0800981985596521,553551045.3899419,6000285.680800826
2025-01-04,0.079134853025603,547308753.2171297,7060186.731339437
2025-01-05,0.0793734754904236,549082252.352855,7057855.353324917
2025-01-06,0.0791159468499008,546700210.9609302,7311819.345748337
2025-01-07,0.0802100927073855,554439823.6011934,7818192.259731293
2025-01-08,0.0805231402888781,556794110.543662,7571239.381714172
2025-01-09,0.0804868402417994,557016740.242862,8672839.76240452
2025-01-10,0.0797080220433797,550946015.56214,6735817.972783412
2025-01-11,0.0797117889240815,551607763.668194,7570686.825510173
2025-01-12,0.0795676575141645,550126992.6242063,7577492.131609704
2025-01-13,0.0799190455412039,552173882.8621103,7076532.276469614
2025-01-14,0.079726392476708,550919435.3295587,7745408.091430237
2025-01-15,0.0792896669972356,548040441.3250862,7516939.69954852
2025-01-16,0.0791129955319933,547221932.3327346,7359313.182647341
2025-01-17,0.0808796177676009,559686168.2308059,6751325.066612295
2025-01-18,0.0798265411446004,551663986.0984821,7348401.41503553
2025-01-19,0.0790945456652796,547007272.4945239,7546518.917148982
2025-01-20,0.0782763533621341,543729091.3111379,7267647.46514339
2025-01-21,0.0794464192010875,547327595.8552837,5265260.433243559
2025-01-22,0.0788506903851195,545342919.0587461,4964114.085459677
2025-01-23,0.0788818945397862,545613459.5140228,4843690.647854167
2025-01-24,0.0789150206421671,545677278.853456,5530476.389403294
2025-01-25,0.0784666099483765,542444406.1585194,4349192.503737731
2025-01-26,0.0779198716315562,539268045.7121166,5079210.5443777535
2025-01-27,0.0776315707927815,537906510.9673555,4940330.7840679865
2025-01-28,0.077494504287868,536189991.5699487,5142603.765983506
2025-01-29,0.0760553453365563,525480275.3153909,4827265.469322852
2025-01-30,0.0769911228213379,532767797.1850291,5386893.700330457
2025-01-31,0.07737516796323,534954459.7185601,5096727.922594119
2025-02-01,0.0763380161531409,527421901.0548794,5421598.816989957
2025-02-02,0.074814341488295,517854269.498262,4864803.717202984
2025-02-03,0.0736861513809034,509590660.3293736,4211427.03211153
2025-02-04,0.0773325268212294,535047860.24850166,5428948.003784856
2025-02-05,0.0773537415678286,534935122.3860136,5177350.620436197
2025-02-06,0.0754599735294708,521324171.5029365,4824122.029072207
2025-02-07,0.0769485295203334,531266166.5385931,4058563.627444482
2025-02-08,0.0779552157665506,539263492.8170409,3811528.254371791
2025-02-09,0.0776188923772924,536711124.6513467,3147559.771184213
2025-02-10,0.0771782829321555,533587602.5339705,3736481.693307658
2025-02-11,0.0769338062796557,531985431.8145707,3830907.981648087
2025-02-12,0.0756690512749419,523140829.2160586,3940349.619033512
2025-02-13,0.0752169357156001,519631310.483671,4047651.442531624
2025-02-14,0.0751831264846906,519969853.1037038,3539954.5061992267
2025-02-15,0.0751983131355228,519960009.9584692,3687307.664675728
2025-02-16,0.0751956137733798,519878436.8703359,3443167.656770549
2025-02-17,0.0746142423375505,515665978.8873593,3235157.168633296
2025-02-18,0.0749871032360566,518294270.97070926,3261819.917772169
2025-02-19,0.0751589162948789,519119637.7160505,3158103.6534067416
2025-02-20,0.0754107688107131,521397726.616069,3552485.9969100067
2025-02-21,0.0751027635923999,519226412.4784758,3707561.937395991
2025-02-22,0.0745486514609126,514875106.31687695,3871662.179129405
2025-02-23,0.0743489232017881,514112416.0043216,3154357.3132008305
2025-02-24,0.0736903732041348,509705200.2782783,3023701.296546239
2025-02-25,0.0735339614802254,508812536.1822551,3133383.5142021906
2025-02-26,0.0743422725491838,513957807.9650328,3819105.540570487
2025-02-27,0.0736297007873019,509162402.431744,3847170.776595103
2025-02-28,0.0741600502894929,512770073.4977709,3722586.854688088
2025-03-01,0.0736087520347696,509086014.309356,3865712.422400081
2025-03-02,0.0730871239755732,505641464.9444706,3053013.3468261096
2025-03-03,0.0736678969086379,509369160.3296704,2870124.112783511
2025-03-04,0.0728103339614307,504159295.355981,3046000.2244960563
2025-03-05,0.0725795465209434,501832855.8545613,3175319.315264713
2025-03-06,0.0725659501107309,501719366.1685213,2982934.3971831976
2025-03-07,0.0720837795419942,498054686.5404911,2841494.0297887074
2025-03-08,0.0720878103698234,498388337.1437757,3126473.136071803
2025-03-09,0.0715876641108212,495055432.9851486,2885517.464990736
2025-03-10,0.068678769208794,476064794.4345442,2326244.836542929
2025-03-11,0.0698363288380191,480323271.6833483,3205262.9324069736
2025-03-12,0.0720396573015587,497206652.0484976,3127068.6583588114
2025-03-13,0.0735457313291859,507899785.88907874,2911060.169201658
2025-03-14,0.0747085846491528,516350577.5292693,2975314.16909016
2025-03-15,0.0754587918302125,521827573.1944146,3190452.74287213
2025-03-16,0.0751927505513423,520403323.95147926,3237589.9972757804
2025-03-17,0.0747740480812324,516819945.3654685,3618350.282188357
2025-03-18,0.0767921945615125,530424106.1010674,3165281.493521926
2025-03-19,0.0761703444102074,526933229.5265863,3947416.2795087015
2025-03-20,0.075743142911334,523371531.6905894,3932919.04843924
2025-03-21,0.0744980324075625,515049625.8947249,4035645.813070491
2025-03-22,0.0745091460515868,515361836.86209387,3951042.947312133
2025-03-23,0.0743452085819034,514124186.7640501,3635840.055280343
2025-03-24,0.0728831644181347,504276699.5970751,3664204.664902261
2025-03-25,0.0739958534719066,510853882.4619883,3823347.3164998977
2025-03-26,0.0743967058265743,514807032.3284634,3883845.0199277983
2025-03-27,0.0739089998581407,511003748.7803703,3851876.669311401
2025-03-28,0.0745442239929413,515241759.1961077,4139636.188355214
2025-03-29,0.0747356421511843,517010033.06406,3668744.688651468
2025-03-30,0.075872551060937,524631723.99511,4642779.135476095
2025-03-31,0.0727736257650927,503349594.8303293,4160359.8348210286
2025-04-01,0.0751273630185334,519228541.0030556,3916575.310677432
2025-04-02,0.0717889006457804,496625736.0823248,3223170.188593033
2025-04-03,0.0685452904842096,473946248.5496179,4052853.648316068
2025-04-04,0.0696454418730081,482240052.85849285,3773747.322939951
2025-04-05,0.0679169081272188,470392019.5918709,3790676.422116934
2025-04-06,0.0678116569679952,468412117.33107,3737326.160303805
2025-04-07,0.0638118864637058,441369323.4950346,3308537.405901754
2025-04-08,0.068425505548198,472646607.414686,3651962.767062856
2025-04-09,0.0673740535916486,466020848.6396992,3763809.821178267
2025-04-10,0.0667851271559673,461383259.678961,3755214.2648827937
2025-04-11,0.0675962138941572,467252477.6531772,3653225.530335052
2025-04-12,0.0688902353386704,477236365.1988519,3907886.788103161
2025-04-13,0.0685582780685092,473984869.2898558,3731774.696740968
2025-04-14,0.0681728348944342,471378601.2677973,3613209.138317357
2025-04-15,0.0679397436296818,469614091.2892287,4053735.065956218
2025-04-16,0.0683116607961099,472417192.0448589,4077166.210979541
2025-04-17,0.0677341554644588,483947927.2213714,3870573.197995347
2025-04-18,0.0679127369801617,485131491.0379384,3961820.129406436
2025-04-19,0.0670428380734053,479101562.903331,3506934.631446468
2025-04-20,0.066612997117086,476286769.8112693,4454568.165893752
2025-04-21,0.0655026099619596,467934315.7796957,3957064.8182465225
2025-04-22,0.0696591128505627,497767498.44094,3830494.386518408
2025-04-23,0.0667836731645103,477372228.57862544,4084327.704499467
2025-04-24,0.0672198905810837,480345316.3530908,3501026.553784888
2025-04-25,0.066895574703738,477880801.4764953,3651521.845447847
2025-04-26,0.0668356344049853,477620443.662155,3788639.6136198575
2025-04-27,0.0671184505457558,479678011.5189922,2838953.4150070427
2025-04-28,0.0671050882267424,479170214.5296015,3265987.4123293394
2025-04-29,0.0673064007626993,480789191.2826536,3755880.581071223
2025-04-30,0.067826335478578,484555564.1183726,3860758.2354401066
2025-05-01,0.068974853351692,492197681.9818052,3801638.88861222
2025-05-02,0.0677355833554263,483239689.8655831,3318493.923551557
2025-05-03,0.0656338589803825,469089715.5999534,3323961.930907293
2025-05-04,0.0662091635928231,472992208.4157953,3347670.417196496
2025-05-05,0.0641005267436863,457948871.83456856,3167479.768139061
2025-05-06,0.0676814854346443,483686462.5512184,3303834.9264559764
2025-05-07,0.0688147954248059,491761002.9982748,3218830.901396527
2025-05-08,0.0659087229622159,469656564.4594245,3247053.78321304
2025-05-09,0.0651206667769152,465596749.01106304,3324214.1235716874
2025-05-10,0.0650511590339315,465829040.1806995,3154830.764597412
2025-05-11,0.0650235821091,464648423.19249743,3126931.240774201
2025-05-12,0.0645314714242853,460536387.30499095,3022779.354395984
2025-05-13,0.0660133910315248,472531725.6253244,2984318.829529754
2025-05-14,0.0660599449309641,472122084.3731292,2867154.0485566948
2025-05-15,0.0641770195432174,458612428.2814601,3514719.8802920016
2025-05-16,0.0651283122933079,465392610.9410953,3167000.17752858
2025-05-17,0.0660295982213164,471819871.8074772,2894205.6903176187
2025-05-18,0.0645558874801549,461313718.1735205,3221267.620912289
2025-05-19,0.0637672850967647,455677659.7394141,3354779.1291416613
2025-05-20,0.0647718311832577,462870960.5369763,2962518.679195512
2025-05-21,0.0649730386287253,464337243.7923171,3288419.81462459
2025-05-22,0.0636909709544962,454839497.07907456,3359061.175304454
2025-05-23,0.0628264391183664,448871111.9770794,3037231.389469264
2025-05-24,0.062250271326773,444866147.0450103,3742482.135218276
2025-05-25,0.0588654672789514,420490288.469098,3724739.967331234
2025-05-26,0.0610360071346887,436152080.6248589,3082355.812703291
2025-05-27,0.0624802711011003,446425244.7341142,3546650.962396665
2025-05-28,0.0621587913713062,444179353.5626908,3092037.8806658955
2025-05-29,0.0625575192655869,447006079.9905225,3347459.477570073
2025-05-30,0.0634521884768374,453434630.9327137,3779553.382748327
2025-05-31,0.0636951955416139,455103594.6857746,2653830.128367497
2025-06-01,0.063751175918829,455364467.2657694,2814171.790956972
2025-06-02,0.0638177058624551,455774683.33982,2069089.795009276
2025-06-03,0.0620308072473972,443127851.8153772,2239227.795646877
2025-06-04,0.063090407480617,450555574.4163433,2637323.500123987
2025-06-05,0.063632071036585,454720551.4060669,2244062.239714836
2025-06-06,0.0651448136014101,465530476.2402498,2395689.585859779
2025-06-07,0.0648239706131348,463260926.7417469,2525839.670133549
2025-06-08,0.063092682747541,450848380.3201343,2291646.3169258586
2025-06-09,0.0647234427576765,462703075.5411835,2530161.3789596087
2025-06-10,0.0615676679217845,439987715.197541,3161320.629935652
2025-06-11,0.061118229275496,436672093.97475165,3300960.6221491885
2025-06-12,0.0616413632197232,440638423.9326933,3290802.706086902
2025-06-13,0.0618498370053234,442125976.4386607,3332611.214338657
2025-06-14,0.0610173772132926,436061026.6842261,3304680.052190045
2025-06-15,0.0601540671400915,429987594.4486965,3170072.560374681
2025-06-16,0.0624615079156276,446216984.8819164,2680628.3583579427
2025-06-17,0.061129834081044,436564966.57122856,3064758.794750811
2025-06-18,0.0606728041932892,433645201.84616446,3194581.215008377
2025-06-19,0.0610225357415713,436236254.5140924,3168844.69398061
2025-06-20,0.0606777700115551,433954134.55487466,3266208.66647332
2025-06-21,0.0610330018527565,436361394.8513039,3325002.929658178
2025-06-22,0.0606987291836117,433193500.6684781,2801683.746586694
2025-06-23,0.0609816974139624,435610491.1792212,2843040.8336137743
2025-06-24,0.0614754249888585,439343383.4797253,3118129.7971879803
2025-06-25,0.0594840100550764,424987393.2524092,2760793.460165203
2025-06-26,0.0607972486550209,434481866.4247412,2703832.73888582
2025-06-27,0.0599968881356492,428778025.31378704,3028562.487543695
2025-06-28,0.060856276296515,434912826.9212296,2962762.2886693026
2025-06-29,0.0604086853326664,431707497.8884258,3322937.8179058773
2025-06-30,0.0607975928124023,434505060.53797513,3068222.5181789743
2025-07-01,0.0606244261774583,433189610.83440185,3348467.0224868185
2025-07-02,0.0613174732991389,438230776.4483986,3008706.766207783
2025-07-03,0.0611432882993963,436910816.60414445,2958980.922531388
2025-07-04,0.0606619016329021,433683303.9107793,3527035.783119892
2025-07-05,0.0601750634505222,429910912.1512809,3089658.322672201
2025-07-06,0.0605948730335993,433057249.652916,2595875.148360487
2025-07-07,0.0603674401565643,431588354.0468145,2733383.775164268
2025-07-08,0.0611629699183279,437106690.5755557,2928115.049206622
2025-07-09,0.0608377993393437,434751303.2916727,3339850.7585522225
2025-07-10,0.0616164445010232,440385460.3693913,3532980.2219163408
2025-07-11,0.0614887266156006,439461308.6661171,3370930.2776754005
2025-07-12,0.0622049060796856,444359335.4362655,3428448.327467896
2025-07-13,0.0630438201659149,450492548.0584832,3461622.6812800267
2025-07-14,0.0624731316008718,446084040.6330835,3404775.858176413
2025-07-15,0.0655554217538181,468472080.2316909,3454155.549224884
2025-07-16,0.0685506794047311,489334297.93560165,4230825.303537698
2025-07-17,0.0695933677631156,497238392.5307333,4331717.081039076
2025-07-18,0.0739254413353858,528546808.626908,3802327.7857323433
2025-07-19,0.0737472514123712,527135455.6577556,3404124.724190596
2025-07-20,0.0737694420880561,527116046.493011,3104371.9970374336
2025-07-21,0.0740203026357453,529081790.5714665,2891653.2462814776
2025-07-22,0.0736219720762416,526509046.28507847,2395251.496730387
2025-07-23,0.0739507233696819,528550336.5171247,2701068.658757556
2025-07-24,0.0730996040809001,522492325.75872856,3298429.9178791507
2025-07-25,0.0740783669002524,529067987.7196325,2789835.882856369
2025-07-26,0.0740050285813287,529035275.627485,3172127.724837535
2025-07-27,0.0742526655748243,530764262.90210855,3074784.0822749846
2025-07-28,0.0749888253842932,536216948.214396,2625325.9141370286
2025-07-29,0.0757734704279788,541590188.4074899,3169946.4633178567
2025-07-30,0.0758138928242693,541916452.902752,3167558.843372284
2025-07-31,0.0765958683727561,547658473.6922787,3330231.169683061
2025-08-01,0.0743567544104575,531484316.0466354,3180640.4133056533
2025-08-02,0.0739580259410447,528680465.4352478,2730516.002680653
2025-08-03,0.0754405297794304,539435330.7702152,2683610.620099086
2025-08-04,0.073835808894367,527715996.68920034,3059381.261654505
2025-08-05,0.073742620230056,527205637.205135,2865836.918807243
2025-08-06,0.0735220601013479,525587072.60717154,3432556.21971886
2025-08-07,0.0731685606269745,522898584.5175125,3213914.107912754
2025-08-08,0.0735837848655617,525974435.9071711,2558858.65144168
2025-08-09,0.0732439457589058,523599192.2612217,2331473.0877361945
2025-08-10,0.0727060222971385,519949404.15797794,2430779.3131051054
2025-08-11,0.0716027405712809,511593035.9444234,2170444.483188936
2025-08-12,0.0725259263930034,518479703.2749647,2884393.6367898528
2025-08-13,0.0724783155304047,517979898.5736205,2915877.3746056813
2025-08-14,0.0725118384079334,518334863.0476592,2296333.288260581
2025-08-15,0.0727448356984448,519984523.0823894,2333081.618778787
2025-08-16,0.0724552721669873,517892318.8079722,2398574.63773837
2025-08-17,0.0724736165050577,517891666.4244964,2164559.0504733776
2025-08-18,0.0722737457352983,516683170.13178056,2135832.670666493
2025-08-19,0.0714845367094481,510620714.0328264,2913616.2612101585
2025-08-20,0.0702396864296758,502001329.9568668,2783585.0759119475
2025-08-21,0.0708615208709985,506593625.77956057,2957676.247151946
2025-08-22,0.0704004943218351,503015718.1917187,3004127.5182243115
2025-08-23,0.0705802542599441,504642729.9810801,4011610.738967814
2025-08-24,0.0770893501020509,551240505.6310693,6615622.04742258
2025-08-25,0.074737709862175,534293495.1585021,4363102.117958224
2025-08-26,0.0756654267858624,540939670.7170442,4885847.372673585
2025-08-27,0.0768175248150957,548897945.9194977,4676097.228279061
2025-08-28,0.0759609024070156,543220348.9602363,4454503.720994983
2025-08-29,0.0769791178577542,550267637.8039942,5027549.101157839
2025-08-30,0.0763222032914843,560467931.7577686,4461881.341634325
2025-08-31,0.0769831886265908,565182035.8372862,4826972.2322758455
2025-09-01,0.0758972978743451,557349627.243581,4136820.651667572
2025-09-02,0.0741492839276757,544837529.7990986,4751505.216339473
2025-09-03,0.0743333779554924,545965620.3840351,5006056.422974357
2025-09-04,0.0739045534586051,543048373.2336994,4593190.081675469
2025-09-05,0.0742108419513136,545261781.2815002,5076840.853243201
2025-09-06,0.0742815809355322,545503198.3850658,5036026.661672613
2025-09-07,0.0742791901588987,545471557.4629874,5071183.040117136
2025-09-08,0.0740380902578255,544191933.8531591,5022072.614021351
2025-09-09,0.0747080476661212,548682395.0647662,5085958.400815221
2025-09-10,0.0746913433226116,548808910.6665413,5088008.437592306
2025-09-11,0.0749419565592592,550460112.7298337,5046144.016583386
2025-09-12,0.0756429396708237,555309850.4089226,4864740.475134344
2025-09-13,0.0776045588619509,570120239.7072347,5238130.776789019
2025-09-14,0.0820724111381845,602677056.2594806,5506730.299295873
2025-09-15,0.0826602948874937,607159590.5448481,5370495.28529135
2025-09-16,0.0825480948799817,606027325.8298059,5464770.830982586
2025-09-17,0.0850075476869631,624310337.6756715,5461584.983530024
2025-09-18,0.084486028051666,621052801.532785,5726995.478248371
2025-09-19,0.0850487412015941,624482666.1737475,6318231.154060345
2025-09-20,0.0881184271331159,647046537.6413763,6249585.580256916
2025-09-21,0.0933257055721137,685363472.059337,4919211.873093928
2025-09-22,0.0865879631804154,635865651.7142183,5405936.288228772
2025-09-23,0.0866532789712782,636477003.2410517,6147796.14925789
2025-09-24,0.0874089571522507,642240814.0261525,5951982.8610433275
2025-09-25,0.0901191834113868,662275354.0853715,5583752.724297715
2025-09-26,0.0883921210504195,649252990.2333318,5119869.428667323
2025-09-27,0.0885266716552938,650108236.9966652,5355538.588527999
2025-09-28,0.0887475140825026,651856194.1238132,5728000.724781769
2025-09-29,0.0885287486831456,650505189.722049,6067738.85818236
2025-09-30,0.0857894904556167,629987529.8884288,6947312.454821557
2025-10-01,0.0839470938840368,616282951.6243473,7397536.759668232
2025-10-02,0.0801155785305646,588585967.5061449,7243763.869321328
2025-10-03,0.0803123946087991,589924706.8923885,6198729.118252535
2025-10-04,0.083234687903694,611681218.41736,8266167.847870143
2025-10-05,0.083401361712823,612599944.6769552,10144043.68384976
2025-10-06,0.0798375599534705,586159838.1188235,10357118.394522987
2025-10-07,0.0841816221158438,618555026.5282373,11046359.19824762
2025-10-08,0.0821437017079634,613516388.837357,11267037.35986463
2025-10-09,0.0816199837427754,611388874.6310941,10755059.588274142
2025-10-10,0.0819490371203716,612271895.8087479,10997857.283387609
2025-10-11,0.0800820621260815,599245859.1634139,10582812.863950323
2025-10-12,0.0797083501758887,596125459.1031661,9586212.377580542
2025-10-13,0.078119202100582,584272419.1595345,9453351.253498817
2025-10-14,0.0794574103735805,594193727.2745763,9767937.122249102
2025-10-15,0.0791264009822654,591697363.0580518,8565594.897301314
2025-10-16,0.0765603195491469,572351380.2359984,10910653.44649088
2025-10-17,0.0789066357471146,589997480.236154,9613024.844780192
2025-10-18,0.0794126872117696,593945291.5850499,11521921.036351625
2025-10-19,0.0796028335322243,594999434.0806756,10817184.458353072
2025-10-20,0.0759891423596271,568460035.5738894,10163236.714189474
2025-10-21,0.078960896071422,590548013.9107144,10156858.977426857
2025-10-22,0.0797734304689659,596568411.5272745,10415829.936100757
2025-10-23,0.0762324843391452,569803127.1026511,11065270.195130806
2025-10-24,0.0775645123542228,579968284.8301302,11043393.91941644
2025-10-25,0.0790413870938784,590160354.4696835,11179679.311103849
2025-10-26,0.0783610718869007,586084643.4611781,10208020.900442954
2025-10-27,0.0790734663313154,591330665.8239328,9595229.204885608
2025-10-28,0.0773024478782345,578171341.9699937,10014147.2742251
2025-10-29,0.078135386111788,584752103.0089437,548612101.1421275
2025-10-30,0.0789180018252507,590463200.5553186,82045785.03391574
2025-10-31,0.0805748213202413,602253599.735394,9242764.555324731
2025-11-01,0.0808266419113582,604377422.7382601,11053060.24656697
2025-11-02,0.0818378329503883,611897745.4781916,10429551.86120144
2025-11-03,0.0808212854749259,603675979.8980211,10106052.97637002
2025-11-04,0.0805078574879626,601905191.9515663,9772956.51687585
2025-11-05,0.0811577949062651,606690196.9612348,10865061.554388693
2025-11-06,0.0820279758088609,614178824.7306044,9063306.926663546
2025-11-07,0.0848583563000872,634248662.6479117,10313936.792703602
2025-11-08,0.0869173616206911,649923755.6569823,11887717.949544908
2025-11-09,0.0831028636915562,621242610.4179773,11735113.453621872
2025-11-10,0.0828192392227462,618887438.6036414,10612598.021538677
2025-11-11,0.0824002899815199,616212798.1216094,10973720.838367784
2025-11-12,0.0832353540575179,620860491.760995,10058853.99566255
2025-11-13,0.0831675316881161,621432128.5705508,9597282.261653962
2025-11-14,0.082889624668169,621408051.0542446,11337457.937653966
2025-11-15,0.0824268726770035,616390463.1045619,11710656.803912217
2025-11-16,0.082866183632142,619477842.4805783,11012244.411345685
2025-11-17,0.0826455329922794,617773129.7525845,9930744.29006476
2025-11-18,0.0828800451655289,619678361.4852518,11459929.366245288
2025-11-19,0.083035027725541,621016160.1152059,10824182.109137056
2025-11-20,0.0833967497592011,623491829.4961793,12319774.653451396
2025-11-21,0.0813034432949877,607842072.3402323,12152247.851508934
2025-11-22,0.0823476294928625,615572625.3133638,11235258.636562545
2025-11-23,0.0816365433552437,610497957.0283191,10831906.612511922
2025-11-24,0.0795118516591656,594873714.1748614,9980561.79706511
2025-11-25,0.0807403494674906,603718122.3227056,8170182.829904331
2025-11-26,0.0820875403245792,614104246.9027419,10039488.00632258
2025-11-27,0.0820416299374007,613176113.9474851,12043209.281265356
2025-11-28,0.0811712676927733,606980279.833928,9479075.539747898
2025-11-29,0.0813584475679615,608422006.7934253,11291807.45827141
2025-11-30,0.082018454336558,613124356.3393861,11362975.531757103
2025-12-01,0.0817738567594393,611820665.8997741,11565796.993558316
2025-12-02,0.0801518881398483,599294756.7019327,11163619.117318789
2025-12-03,0.0804055510584645,601178189.2337973,10220934.965133743
2025-12-04,0.0801639724867862,599786205.3759865,11496833.754856588
2025-12-05,0.082803200878525,599786205.3759865,8867792.220197987
2025-12-06,0.0855242886488975,599786205.3759865,8267781.3204245055
2025-12-07,0.0851415601033969,599786205.3759865,8189545.937003162
2025-12-08,0.0849383259244903,599786205.3759865,8821913.577696126
2025-12-09,0.0859914087681796,599786205.3759865,11288839.677031532
2025-12-10,0.0867177951606639,599786205.3759865,11416721.123742895
2025-12-11,0.0867293952983015,599786205.3759865,10285909.041767992
2025-12-12,0.0863961226741416,647636565.3715436,10150884.719743457
2025-12-13,0.0876735428615988,655997795.6594526,11840690.139005136
2025-12-14,0.09012479961957,673603442.885814,12532803.870517183
2025-12-15,0.0897012025185164,671089250.6306391,10078729.756643724
2025-12-16,0.0905492030847468,675614146.7743585,10684720.756842008
2025-12-17,0.0912576926692933,682718130.9761568,11670844.609212324
2025-12-18,0.0914450919490861,684746648.8983486,11720006.786967956
2025-12-19,0.0925936523533747,692224031.8848628,10287310.951987049
2025-12-20,0.0948806799058115,709486872.1949304,11023065.922481416
2025-12-21,0.0968219050336156,723197542.472537,11079993.705242768
2025-12-22,0.0976396168561061,729910585.8163676,10455640.634532
2025-12-23,0.0979724263161982,732198255.66176,10495750.74471071
2025-12-24,0.0977791985983619,730930795.470943,10609621.520463577
2025-12-25,0.0982968509417859,734658804.0659108,11836435.013602355
2025-12-26,0.0986621058461888,737140653.982055,12242757.491779428
2025-12-27,0.0996006386528221,744366921.8828372,11963978.448623553
2025-12-28,0.0990206003852219,740288369.0015461,11853517.537961196
2025-12-29,0.095468035064298,713839001.5044925,11080428.309719304
2025-12-30,0.0980226824913225,732450657.1208719,9881217.253426911
2025-12-31,0.0967006155598492,722550640.773349,10490446.049574964
2026-01-01,0.095967918269188,717239845.340496,10142195.803246995
2026-01-02,0.0956152876160477,726661079.8591352,9757792.441603148
2026-01-03,0.0951966478784026,724036356.4071411,10443297.60048046
2026-01-04,0.0936583445239255,712367248.7379287,10337510.010204628
2026-01-05,0.090876029283633,691284797.038346,10033466.241542175
2026-01-06,0.0888229549704198,675473047.393516,10579224.473342232
2026-01-07,0.0909912724636047,692041270.9873543,10623986.546717528
2026-01-08,0.0889412820646283,676200462.7418604,9916791.850442646
2026-01-09,0.0906231428646563,689036593.5827366,9881101.62935827
2026-01-10,0.0899225402608008,684005608.8839742,10337104.010921735
