date,prices,market_caps,total_volumes
2017-09-16,0.1072506243651538,10725062.436515387,1.0512233074868058
2017-09-17,0.1540412909098124,15404129.090981249,14.678587222975718
2017-09-18,0.1734912390727163,17349123.907271635,6.001766937705406
2017-09-19,0.1683341905826789,16833419.05826789,3.878927406543514
2017-09-20,0.166627924856436,16662792.485643605,40.68761859734107
2017-09-21,0.095817027296789,9581702.729678905,20.56770180249738
2017-09-22,0.0942129808525727,9421298.085257277,135.88034679041334
2017-09-23,0.0882896315913022,8828963.159130229,0.7930862653511168
2017-09-24,0.0854545392053913,8545453.920539133,0.7690987855933964
2017-09-25,0.1025063535991835,10250635.359918352,9.105908242854628
2017-09-26,0.0896578022174891,8965780.221748918,18.19319371023182
2017-09-27,0.1150551315083699,11505513.150836991,59.5540102770356
2017-09-28,0.1395523670915226,13955236.709152265,305.1864817562295
2017-09-29,0.1321732878720941,13217328.787209408,2.619859439046117
2017-09-30,0.1719116468013488,17191164.68013488,204.6420957603784
2017-10-01,0.1011681571739987,10116815.717399877,123.5910784632866
2017-10-02,0.1078736404901164,10787364.049011648,14.443285103994638
2017-10-03,0.1244323840111572,12443238.401115729,42.0851710960265
2017-10-04,0.1288057698534014,12880576.98534014,7.21632856702682
2017-10-05,0.1305991795093704,13059917.950937042,3.0872511129145237
2017-10-06,0.1356434738726733,13564347.38726733,3.129625354824145
2017-10-07,0.1293753258147205,12937532.581472054,0.7178009459996548
2017-10-08,0.1299388510984846,12993885.109848468,0.7209275003038341
2017-10-10,0.1400795496744636,14007954.967446368,8.46500718682784
2017-10-11,0.2164528237883093,21645282.37883093,183.74126357748293
2017-10-12,0.2397096038158738,23970960.381587382,3266.9173942033
2017-10-13,0.2298897243282799,22988972.43282799,55.33504943030852
2017-10-14,0.1121645203777135,11216452.03777135,22.472336958482156
2017-10-15,0.1097322136808895,10973221.368088957,1.8654476325751224
2017-10-16,0.1838616339844643,18386163.39844644,1302.8934556494728
2017-10-17,0.1092907857684464,10929078.576844648,27.431970516994223
2017-10-18,0.1084999958129362,10849999.581293626,5.967510520540022
2017-10-19,0.0398176971879922,3981769.7187992255,57.41791124621551
2017-10-20,0.1011375853858811,10014036.879397638,0.8091006830870494
2017-10-21,0.0985166577201153,9754528.3474995,0.8866499194810381
2017-10-22,0.0440053912587825,4357149.810097096,16.388411602299
2017-10-23,0.0596594302363307,5907118.82542005,20.270269541538465
2017-10-25,0.0869993407992432,8614152.729896264,27.945035042350813
2017-10-26,0.0459466453707193,4549361.144736407,9.40198248237758
2017-10-27,0.0467239298223365,4626323.18742883,4.15928022923269
2017-10-28,0.0467418204488606,4628094.609923487,3.693454616152237
2017-10-29,0.0493742187974159,4888738.900007344,2.362117554112693
2017-10-30,1.2990185938541825,128621027.051878,2366136.909424559
2017-10-31,1.289131969568573,127642112.83486268,3364798.05303072
2017-11-01,1.2560132082341102,124362891.8000922,2105110.8644101056
2017-11-02,1.296947847082764,128415994.1310528,3545674.600832379
2017-11-03,1.4677175916390697,145324589.61855084,3208792.7785417736
2017-11-04,1.6259444665637772,160991265.41234583,4666853.022526658
2017-11-05,1.5369392859933428,152178506.46334484,2709302.5542377727
2017-11-06,1.6053159095699765,158948749.47016165,4669237.560842866
2017-11-07,1.8126235392322847,179475107.11354542,6148040.166284179
2017-11-08,2.03370247093617,201365016.4572739,13176873.458877586
2017-11-09,2.034664110158284,201460232.20321235,11367249.922029044
2017-11-10,1.8070169067430288,178919972.00425422,7770039.2443435555
2017-11-11,1.6915633452049703,167488453.06212497,5531033.523901884
2017-11-12,1.524949741792881,150991373.7338803,9288920.952425145
2017-11-13,1.6739537350179436,165744855.11906666,6612122.249519327
2017-11-14,1.58246676881987,156686364.647931,743952.339261882
2017-11-15,1.52243686388942,150742563.641147,4445617.40197932
2017-11-16,1.59569777786549,157996419.777573,5430129.00683232
2017-11-17,1.51454613875746,149961271.382931,4107948.52848623
2017-11-18,1.67240752925033,165591759.101192,4749664.50591603
2017-11-19,1.60129507521577,158550630.577414,4583141.58979331
2017-11-20,1.62070853606007,160472834.989452,3663548.04936528
2017-11-21,1.57171927559821,155622212.354081,3126575.47257824
2017-11-22,1.60984260741505,159396955.930594,4314236.94523044
2017-11-23,1.55999317681984,154461164.409639,6363226.93306694
2017-11-24,1.69102104673283,167434757.921205,9006421.31730949
2017-11-25,1.85055461611236,183230814.759749,9876816.02655487
2017-11-26,1.84320442928677,182503043.3614,5023436.49846158
2017-11-27,1.96992379425731,195050034.564593,5335874.68436242
2017-11-28,1.98889715454395,196928662.860015,4920545.99883393
2017-11-29,1.78805621528696,177042598.100423,14477217.1639228
2017-11-30,2.00325216804839,198350010.167143,10636605.0771692
2017-12-01,2.09348995169993,207284814.077617,7664189.33141666
2017-12-02,2.11889373830539,209800144.60457,3512076.32838115
2017-12-03,2.26290697069717,224059470.79661,7977301.98189213
2017-12-04,2.57452340590756,254913860.512531,11434113.281441
2017-12-05,2.65744964704982,263124719.35299,11769440.8704404
2017-12-06,2.34737039411315,232422532.202719,66.7141305131646
2017-12-07,3.00045061574175,297086617.267054,13305689.2586023
2017-12-08,2.95203959474243,292293248.433827,13897185.668649
2017-12-09,2.67125320720871,264491465.058563,7365209.8860576
2017-12-10,2.57217578372836,254681413.05008,5362096.64027372
2017-12-11,2.78234713269591,275491318.996752,7373520.41793812
2017-12-12,2.700899078585,267426821.367015,8214362.46996416
2017-12-13,2.81828377633895,279049549.830425,10658715.9066992
2017-12-14,3.19699057790932,316546825.081114,20455343.5796604
2017-12-15,4.04070036534219,400085905.973992,31262864.448455
2017-12-16,4.6836672869537,463748632.750434,33269923.4160523
2017-12-17,5.96773445030832,590889258.862828,67378649.5477165
2017-12-18,5.64297468493428,558733495.454083,37999471.4288594
2017-12-19,5.94277626514268,588418049.116838,52886025.9862608
2017-12-20,5.34239024740976,528971427.95703,30623659.4055798
2017-12-21,5.45261979417947,539885696.300886,35118788.5962329
2017-12-22,4.52764643416535,448300384.032448,26720980.3630454
2017-12-23,5.12317508003442,507266057.374528,23690367.0204994
2017-12-24,5.53808608334857,548348055.456675,34952629.7539317
2017-12-25,6.74723421293542,668070648.359587,52252104.4967395
2017-12-26,9.50186502424107,940817663.510205,149272508.392302
2017-12-27,10.4750091934464,1037172560.2799,148911378.802317
2017-12-28,9.85271334584633,975556559.225629,95910217.9487244
2017-12-29,9.12461060933899,903464194.87309,50408988.1265765
2017-12-30,8.35635515500144,827396149.317312,48423137.6220654
2017-12-31,9.20893033293128,911813027.984858,51597413.6977028
2018-01-01,8.82809865123005,874105359.852892,31075823.1505628
2018-01-02,9.09039322406542,900076194.687614,61271745.9701922
2018-01-03,9.886323100553348,978884395.4781892,53274170.71644214
2018-01-04,9.675757666836406,958035469.62414,93420651.3976519
2018-01-05,16.488523208942993,1632594637.0102818,337499050.3706429
2018-01-06,24.369904809962087,2412961754.853586,635785335.0515877
2018-01-07,19.342609184160256,1915189105.760444,232388598.32898545
2018-01-08,19.213160457388454,1902371869.5278609,273476574.6311007
2018-01-09,18.978822159045176,1879169097.2556992,178346673.32356125
2018-01-10,18.074112986027988,1789590223.1985753,111566126.36572072
2018-01-11,22.11006761076647,2189206234.4124312,360581509.3176965
2018-01-12,23.914921777474607,2367912064.874871,368308961.0641766
2018-01-13,23.564984313112777,2333263356.7785487,153724664.56557965
2018-01-14,21.993910234458383,2177705027.9546623,108699094.917908
2018-01-15,20.776410632506227,2057155522.366972,220841071.0352391
2018-01-16,14.271789985128768,1413107013.58754,358680719.7110673
2018-01-17,14.588799163558992,1444495360.38063,268378075.29195336
2018-01-18,14.77328995370286,1462762531.475935,182883599.9694015
2018-01-19,15.37896612834908,1522732952.2323556,114370659.86970893
2018-01-20,16.82245256941068,1665658318.7076287,134928573.53306362
2018-01-21,14.401645763988126,1425964553.6755204,122467851.50709146
2018-01-22,13.183408210852004,1305341980.5893002,110416823.79263388
2018-01-23,13.16548379005424,1303567211.9884305,70851044.18160547
2018-01-24,13.555624316282572,1342196586.0524025,82190454.43879427
2018-01-25,13.241262926733071,1311070407.4275484,87328527.67142557
2018-01-26,13.07623699156532,1294730529.4828486,94845524.66154034
2018-01-27,13.338049921339444,1320653674.9115036,84817990.41645102
2018-01-28,13.509325087662312,1337612314.2297964,75486161.26269642
2018-01-29,12.714301970207767,1258893895.2781518,55379925.981761225
2018-01-30,12.730467919083532,1260494550.5401368,54516384.9245739
2018-01-31,11.19699597843848,1108659359.8091078,42972024.766663365
2018-02-01,11.060884298912091,1095182397.9724815,36333499.300231285
2018-02-02,9.325947142633932,923399330.3807564,50159867.81590287
2018-02-03,9.740629328382928,964458672.3205072,76681839.67066537
2018-02-04,9.507364513289662,941362189.9188626,46646742.92813017
2018-02-05,8.51527803867523,843131739.7213892,35961109.27987927
2018-02-06,6.713520258099269,664732494.835441,39275202.513131216
2018-02-07,8.37781942694591,829521412.7396224,87039779.54294518
2018-02-08,8.109465512755529,802950618.2799759,61403695.62455491
2018-02-09,4.577203302245898,453207207.7685754,11587.671755098949
2018-02-10,9.747117769748964,965101118.8539238,60316581.15830414
2018-02-11,9.2754824029214,918402614.6428596,65229742.99075238
2018-02-12,8.83116796269266,874409264.6580511,56010524.4620292
2018-02-13,9.278863138737044,918737354.8189096,39363124.17280945
2018-02-14,8.922887308671653,883490763.9808149,32245744.1982591
2018-02-15,10.397779036617438,1029525693.5316387,54447353.56028043
2018-02-16,10.87209362186023,1076489477.8748689,89254053.91346844
2018-02-17,10.91078933559054,1080320895.2741618,53412734.61067651
2018-02-18,11.687949238560709,1157270605.90685,62688786.24370038
2018-02-19,10.797374213449508,1069091210.3704896,47228862.55360454
2018-02-20,11.007558261351386,1089902373.6894462,41888656.59707337
2018-02-21,10.392173241115882,1028970641.295848,45938389.1736278
2018-02-22,8.94869817110816,886046400.7141033,35189026.57427994
2018-02-23,8.990992574312699,890234138.7529975,35718463.04963682
2018-02-24,9.765010876468184,966872786.922621,41131296.05563933
2018-02-25,9.15405487190094,906379589.0863996,35574365.07267414
2018-02-26,9.427560658591776,933460491.049806,32280412.04446848
2018-02-27,9.827892246888114,973098922.9333797,38588538.72668665
2018-02-28,10.701287953703003,1059577325.4479492,79977644.38348779
2018-03-01,10.447105118389164,1034409666.1921848,55203824.26304551
2018-03-02,10.415655165621732,1031295680.5688702,56384054.42449901
2018-03-03,10.261678568473718,1016049841.7788566,37265320.11116873
2018-03-04,10.13112365351402,1003123077.4290372,30279416.36844259
2018-03-05,10.109264452541389,1000958710.5039328,26631550.052130178
2018-03-06,10.06784873740695,996857974.8856118,30465412.86957508
2018-03-07,9.38834130782395,929577226.2528806,29147840.458225604
2018-03-08,9.031123735962373,894207685.5925784,65002364.84394967
2018-03-09,8.339594269160756,825736586.966683,41046614.47883392
2018-03-10,8.061428969815664,798194328.017328,32369033.65847367
2018-03-11,7.756667395001472,768018665.4486756,36291608.32309193
2018-03-12,8.288910980612451,820718231.8343612,38875800.57366294
2018-03-13,8.102033232695906,802214718.5021524,43400394.60564055
2018-03-14,10.36068080800096,1025852449.523407,201941778.26664183
2018-03-15,8.972114678018473,888364962.7293211,111221454.17565566
2018-03-16,9.12466717501761,903469795.6671937,85913410.62043405
2018-03-17,9.32083364878871,922893022.9011652,83020085.54486383
2018-03-18,9.190484020016696,909986584.7579333,80212949.57823303
2018-03-19,8.96181196941392,887344850.3395499,77379871.99165475
2018-03-20,8.853623882613032,876632715.1130468,72771669.66871382
2018-03-21,9.16201302653366,907167557.8092036,74877017.0722946
2018-03-22,10.031165435825256,993225814.462802,105197718.48136656
2018-03-23,10.090219945053995,999073037.6395766,97893022.54349376
2018-03-24,11.707239428229286,1159180604.7466946,147337002.85046193
2018-03-25,13.235912458917268,1310540636.2072344,236705492.4991811
2018-03-26,12.747660420336196,1262196848.859168,168402270.07559666
2018-03-27,12.09902186197356,1197972550.6414502,119871884.1759774
2018-03-28,11.48278508504472,1136956482.4106178,90495209.15397514
2018-03-29,11.615320787017932,1150079372.4057934,79205168.2193997
2018-03-30,10.210282293727676,1010960891.0311522,68924948.49272239
2018-03-31,10.461188567278032,1035804124.800467,67409065.3933609
2018-04-01,11.11551087825474,1100591194.0995147,81370054.41539173
2018-04-02,11.136879243545204,1294791444.408872,80970643.72677293
2018-04-03,12.680933121363951,1474305624.9065,107585265.75968131
2018-04-04,13.21698359959313,1536627713.330391,124785245.05225116
2018-04-05,12.262637544095591,1425673910.147174,105609578.09731336
2018-04-06,12.53762114375936,1457643944.517778,92117585.72276329
2018-04-07,12.304351591161453,1430523652.1683824,73449971.57905291
2018-04-08,12.400381856740026,1441688284.8770936,71133704.51622066
2018-04-09,12.060487434470405,1402171614.1533742,65272953.58959079
2018-04-10,11.887882933647376,1382104338.0300696,66794341.40405678
2018-04-11,12.022866451018963,1397797738.273252,72542391.71382695
2018-04-12,12.13922298893697,1411325536.0074863,75009092.87898983
2018-04-13,12.799931730343992,1488140594.060288,113951568.11847185
2018-04-14,13.417312721422798,1559918298.3622198,127875331.9306724
2018-04-15,13.086582059822462,1521467021.1525834,80258419.79753803
2018-04-16,12.959183256487508,1477881975.9162362,94077376.4551113
2018-04-17,12.184611133181534,1389548771.776384,60497045.978941895
2018-04-18,11.741575281205543,1339024391.700793,56935242.69900723
2018-04-19,12.218015022481854,1393358194.4032097,67094297.6827928
2018-04-20,12.371723835790444,1410887345.7572906,60493856.27219845
2018-04-21,12.302105756625004,1402948010.2019415,57935931.57241976
2018-04-22,13.28982921982262,1515589268.1082652,115856304.74488458
2018-04-23,12.852767058971173,1465746135.4745786,64990541.231874175
2018-04-24,13.560522838457365,1546459517.5721395,111240576.581186
2018-04-25,15.241439470736337,1738153418.699689,143003680.59745717
2018-04-26,13.342972207280583,1521649762.9524257,117282813.389688
2018-04-27,14.57726507688748,1662410114.0401974,108207053.76125766
2018-04-28,14.212057912211318,1620761417.8632853,80240016.21620454
2018-04-29,15.041869385737895,1715394188.7610571,99627464.52096352
2018-04-30,14.947588206817173,1704642241.494217,75309588.9914693
2018-05-01,14.246399877140531,1624677819.844948,57278364.03976756
2018-05-02,14.060864795619642,1603519159.8080504,55954336.51180174
2018-05-03,14.249383899103186,1625018121.558957,56616721.80263655
2018-05-04,15.44813976219602,1761725786.5811276,158304.06359625087
2018-05-05,14.237158896409744,1623623966.4815435,52637986.47493238
2018-05-06,14.291985373392782,1629876448.642845,50921808.15375907
2018-05-07,13.900459861655673,1585226374.2164342,54728270.687702514
2018-05-08,13.685278605630916,1560686826.1955512,43558526.61882009
2018-05-09,13.39634196480726,1527736118.9477546,37886736.30083614
2018-05-10,14.550455378709186,1659352701.4754343,79023366.51001543
2018-05-11,13.708279687569693,1563309899.2512448,51803462.42248516
2018-05-12,12.933453496550497,1474947720.9016292,42048930.50332476
2018-05-13,12.96616985132851,1478678736.2046115,33423476.39878793
2018-05-14,13.118135547834948,1496009100.2699542,61394602.62819729
2018-05-15,12.904868526380334,1471687854.0288124,38779197.10038204
2018-05-16,12.560588145112671,1432425675.2273564,35452191.01162074
2018-05-17,12.249370130238358,1396933971.3398504,28066110.085547395
2018-05-18,12.475591573103722,1422732556.5098777,46569668.83196084
2018-05-19,15.118121142296898,1724090037.443812,223791296.1781502
2018-05-20,14.162741043113783,1615137258.4926414,122227608.08218308
2018-05-21,14.005451311816811,1597199734.631781,85497899.5201013
2018-05-22,14.729696464866583,1679793586.161825,91489605.0583464
2018-05-23,13.86015042739797,1580629434.3345158,78220692.84265582
2018-05-24,12.629702695921232,1440307587.759335,59536572.45186048
2018-05-25,13.008157408916572,1483467051.4359033,50239640.96586981
2018-05-26,12.88668140310279,1469613771.0288522,44892642.483370274
2018-05-27,12.735682946504516,1452393712.250376,40360487.62503817
2018-05-28,12.56659476431438,1433110677.829658,33801373.20571146
2018-05-29,11.808105584008525,1346611593.2565355,27335160.1323241
2018-05-30,12.567559714363233,1433220721.9780145,41481700.03268274
2018-05-31,12.542380064852589,1430349202.2660728,36184483.97301166
2018-06-01,14.166035026553816,1615512908.6133814,87593586.82940814
2018-06-02,14.229618420589963,1622764040.891842,74811539.625106
2018-06-03,14.537630416988968,1657890126.2966597,77636669.47720502
2018-06-04,14.566818759817217,1661218802.5657556,71492789.32595728
2018-06-05,14.214286200106065,1621015534.6892936,51177170.9191536
2018-06-06,15.51641401780459,1769511870.7645185,94295601.46947405
2018-06-07,17.159400762279933,1956880198.5573869,148007118.86154008
2018-06-08,16.20269101643971,1847775784.986196,111167937.78677846
2018-06-09,16.146104672518778,1841322605.329069,85111373.28305948
2018-06-10,15.747315089231735,1795844126.812452,76221872.71889813
2018-06-11,14.10625147638306,1608695115.431129,67909109.5808562
2018-06-12,15.417220624574997,1758199728.2411382,77096058.38934037
2018-06-13,15.282627462203369,1742850550.3790982,99165372.00633758
2018-06-14,14.649565989283133,1670655403.3579748,83930089.6511452
2018-06-15,14.905439079541326,1699835500.6473053,68071249.0444124
2018-06-16,15.045699980302016,1715831034.7066166,70426732.18899997
2018-06-17,15.73444189997934,1794376051.703695,75525982.79505663
2018-06-18,16.46197644288104,1877345029.495765,100236199.44380932
2018-06-19,16.855544393510947,1922228028.133938,94382741.22793809
2018-06-20,16.645860782919755,1898315438.6673005,72361370.75566037
2018-06-21,16.01229751152146,1826063065.831044,56564944.995037496
2018-06-22,16.981511044063986,1936593427.4737797,111887531.71363495
2018-06-23,15.652665471370923,1785050164.0075653,99332781.67913257
2018-06-24,15.653166454808842,1785107296.8051488,63854331.74143543
2018-06-25,14.470529937807438,1650237902.675703,84535285.25979745
2018-06-26,14.92082824362076,1701590502.4047766,54116260.14002157
2018-06-27,14.136520785629418,1612147068.052941,32577626.881878544
2018-06-28,14.028818360581845,1599864544.5525942,41990543.87172669
2018-06-29,13.886803613019444,1583668999.5260031,64273739.52385782
2018-06-30,14.360680867684453,1637710573.0015488,53245123.85152242
2018-07-01,14.458728325138384,1648892031.5415514,57100771.52375016
2018-07-02,14.108894219619692,1608996498.823897,38129291.31498082
2018-07-03,14.543253328135938,1658531371.9299018,48762214.33672038
2018-07-04,14.074940988049802,1605124428.49228,46361943.5090334
2018-07-05,13.923171995620011,1587816496.796968,35074460.416417465
2018-07-06,13.347420490486046,1522157052.369004,41877391.50553463
2018-07-07,13.19453811065292,1504722148.5378237,37168788.97262432
2018-07-08,13.938075667185208,1589516130.729631,87890595.21145356
2018-07-09,13.688105768244826,1561009240.9659286,65215134.15114451
2018-07-10,13.094703831146363,1493336918.5057435,40265946.386681214
2018-07-11,12.72013500761332,1450620606.6352377,43023689.86277281
2018-07-12,12.568799844470536,1433362149.3915029,46884407.00160276
2018-07-13,11.95841386975193,1363752945.3698485,32730630.803036656
2018-07-14,11.976411308116662,1365805396.4596286,36931088.80569448
2018-07-15,12.054880819160436,1374754160.7333224,25311091.2890958
2018-07-16,12.190158389082102,1390181389.3300672,36273801.31712622
2018-07-17,13.187120853444473,1503876274.9566982,46212449.1636394
2018-07-18,13.69249108408238,1561509348.041581,72015223.66451941
2018-07-19,12.774962867980127,1252473840.6777298,76653782.99531306
2018-07-20,12.560322145505133,1231430187.3362465,46084357.17160197
2018-07-21,11.762541966259889,1153214789.3392544,42054868.1729571
2018-07-22,11.80520743200495,1157397766.644023,33854107.4574584
2018-07-23,11.682625029287127,1145379629.7368453,26688719.37123344
2018-07-24,11.72511953272386,1149545845.676345,33515422.322226528
2018-07-25,11.994781251309558,1175983828.4596317,50640914.16929846
2018-07-26,12.77635407471278,1252610236.380608,79858448.62880959
2018-07-27,13.261590918383792,1300183482.542776,74122593.0403259
2018-07-28,13.599102474726717,1333273550.9535017,76658494.51151347
2018-07-29,14.337311070736575,1405648474.0762308,87767922.39809327
2018-07-30,13.956364069654091,1368299938.626759,61644332.52631792
2018-07-31,13.213291912229888,1295448185.6684406,36421565.29064192
2018-08-01,13.741591218213548,1347243331.1910322,72356815.21839547
2018-08-02,13.585095297833456,1331900269.2600942,54237393.0875071
2018-08-03,14.17158563991308,1389400539.0343423,53876934.1165838
2018-08-04,14.089274426037234,1381330641.4354756,68449024.48474343
2018-08-05,13.840004034242977,1356891850.637866,61509915.39783665
2018-08-06,13.646506326688169,1337921085.755962,43738797.29493265
2018-08-07,13.684916505201953,1341686869.2107894,48481735.55344943
2018-08-08,13.087345849193452,1283100271.164136,40384597.29411334
2018-08-09,12.113592060116687,1187632193.434036,51791453.27336321
2018-08-10,12.7983784678177,1254769536.2944932,41797871.87967074
2018-08-11,12.11358961259276,1187631953.475633,36171939.486670256
2018-08-12,11.618145512548884,1139057974.7301908,27714638.26755588
2018-08-13,11.694878741985416,1146580999.5384166,24651529.86560611
2018-08-14,10.178611870369522,997924239.2948986,31812864.010185752
2018-08-15,9.449201891571713,926411943.9548184,36224247.49898638
2018-08-16,9.418462504204255,921186428.8367226,41585566.50176836
2018-08-17,9.730852563682792,953850715.212723,22594540.30975015
2018-08-18,10.751075931076976,1053876485.8238465,33555593.86488575
2018-08-19,9.860936317073683,966874895.0092156,25656187.347661328
2018-08-20,10.124606068033287,992587084.7509444,22197746.023062646
2018-08-21,9.625466853317972,943693188.2055234,16787875.720658563
2018-08-22,9.713725630887048,953355873.4485636,12817648.59682315
2018-08-23,9.44556479907381,925703864.3921478,23840137.30344975
2018-08-24,9.687856674489773,949767300.8707712,18542332.993283957
2018-08-25,10.19220422924062,999310962.5629731,23226435.65556217
2018-08-26,10.116143326212258,991833847.4279206,19246894.430856183
2018-08-27,10.220698245126185,1002050441.7720734,21736940.26337487
2018-08-28,11.217136212566013,1098483033.6596274,44089488.6909342
2018-08-29,11.468079442555544,1125039165.843925,41283575.48001553
2018-08-30,11.16314515297195,1094104885.3614154,31013818.5501874
2018-08-31,10.751839300850738,1054126747.2592542,21800283.91221422
2018-09-01,10.995130466994258,1078009887.447091,24038876.9935062
2018-09-02,11.41492430279447,1119133728.7589676,29377789.487293564
2018-09-03,11.283285001825329,1103821007.667432,21092376.2948701
2018-09-04,11.26149069224438,1104480872.4186783,20047824.684722997
2018-09-05,11.353571839312153,1113127809.777241,20353155.74760469
2018-09-06,10.118066180650224,989951404.5685349,27847012.56149943
2018-09-07,10.255965932194911,1006803552.134676,25161525.593694597
2018-09-08,9.972013784009796,977698540.9033676,18533999.781575136
2018-09-09,9.468553219298933,928309173.0905268,19639636.15074677
2018-09-10,9.503090271459822,931723647.3854008,14840544.845403723
2018-09-11,9.511179737687865,930452971.8574052,13934169.580504464
2018-09-12,9.348234582618948,916422641.7075168,21380693.61342372
2018-09-13,9.202946938855716,879018553.6451101,22734153.712239053
2018-09-14,9.613665899334356,918746987.4244486,26269982.667558763
2018-09-15,9.922363176511755,948229137.4680252,27479448.51282304
2018-09-16,10.11287927290796,965043148.9390482,29326748.4362028
2018-09-17,9.936509386210409,949061082.3781854,22681196.07350683
2018-09-18,9.366957077821224,894716967.8963991,22485356.719266515
2018-09-19,9.547476047037549,912577463.4329294,24273542.414302148
2018-09-20,9.609423514553267,917696686.2427154,25292364.05885539
2018-09-21,10.053751088997585,960259133.225042,28762647.118524037
2018-09-22,10.44713469781386,997832194.2530056,32382257.28774937
2018-09-23,10.316899615238905,985393112.9188972,20101459.323005877
2018-09-24,10.309682096098657,1488079900.899756,22670196.30052995
2018-09-25,10.04037692139452,1450237751.6537666,19289806.5341558
2018-09-26,9.790952200751304,1411896130.944883,17972383.461828545
2018-09-27,9.744685923910664,1407777728.6870413,17926528.029457357
2018-09-28,10.05583929347182,1452352372.6016555,28072584.63510299
2018-09-29,9.971699205104866,1440706057.7683766,24743292.527872626
2018-09-30,9.9682524021035,1440392829.020447,31593173.31839913
2018-10-01,10.01289672664453,1446314353.4252834,22991399.075537898
2018-10-02,9.960803048880347,1439680403.2376113,21256339.95274277
2018-10-03,10.339757754225667,1493274838.0802064,36332455.628000565
2018-10-04,10.283051458006351,1483326566.4389458,37700291.34917717
2018-10-05,10.306821029020991,1488751252.2480085,33254200.5692766
2018-10-06,10.65345098515146,1538461617.48646,41257129.723922886
2018-10-07,10.427393708153032,1506162297.8008811,31728719.618392657
2018-10-08,10.549876840678502,1523859036.0110536,33499771.824365538
2018-10-09,10.561256816628337,1525303120.0920768,32549460.730528533
2018-10-10,10.425519066863629,1505859403.4593775,28417353.921548747
2018-10-11,10.376374477563656,1493947357.8534448,26768992.70812746
2018-10-12,9.289349963291311,1341784372.8420258,24124215.68335729
2018-10-13,9.549568092900754,1379371138.4628596,26037531.86750197
2018-10-14,9.611285139513411,1388285752.4035623,26140290.659200788
2018-10-15,9.57871855879858,1384751890.523141,20781939.74881678
2018-10-16,10.46706458946105,1513996077.1498418,47373536.67079606
2018-10-17,10.151278523136256,1464680645.4870884,30773523.868654568
2018-10-18,10.120465869648518,1461507184.4319584,35312865.019026786
2018-10-19,9.850359939477936,1422818505.6963532,29839206.55610928
2018-10-20,9.851806399121577,1423197773.01452,25904760.119764447
2018-10-21,9.879532147513098,1426891232.791207,21715191.910345595
2018-10-22,9.89136163971076,1428730146.9480157,26489723.6395468
2018-10-23,9.82333144163201,1418914420.2464166,22162400.32660498
2018-10-24,9.852828045797988,1423175948.5071585,29469396.740041867
2018-10-25,9.764645098080711,1410437571.060247,25796971.78121257
2018-10-26,9.737861458809112,1406718416.078793,21511304.75678921
2018-10-27,9.756205635931446,1409211367.354948,21058558.02065722
2018-10-28,9.68839170117153,1399453693.5336397,21566946.36876337
2018-10-29,9.703464182310324,1398368251.024187,21788778.692538057
2018-10-30,9.393117409368257,1356722024.7165382,16899091.906813875
2018-10-31,9.435300549696183,1362381725.6963894,14604141.53155675
2018-11-01,9.479385525298763,1369356960.890323,18835216.899642177
2018-11-02,9.570512200379362,1385407963.2317097,16905710.04970785
2018-11-03,9.645800855328725,1393273729.126173,18314703.362777498
2018-11-04,9.580928361761858,1383900919.2174048,17270487.44758417
2018-11-05,9.450966456289702,1365083899.5690448,23494936.484116983
2018-11-06,9.700565893202524,1401181759.182186,17943490.353938513
2018-11-07,9.806151029731405,1415863696.1765256,18080929.422675066
2018-11-08,9.87652121273124,1423432059.653836,23171432.309874997
2018-11-09,9.704750133000248,1399286952.437985,16279644.18981581
2018-11-10,9.566721730040312,1385583161.041326,19399522.134972304
2018-11-11,9.578784335957543,1379806384.4448202,15138432.685738796
2018-11-12,9.526052837368049,1367649613.1151705,16427950.883806417
2018-11-13,9.407127583191937,1358172520.6334038,16020475.316721726
2018-11-14,9.311338307550514,1346186902.3252332,16920000.954786327
2018-11-15,8.525935600899237,1227621934.1490834,17038371.870720822
2018-11-16,8.247169297420811,1191248357.2253127,18548034.78075599
2018-11-17,7.932765116232312,1144262270.9344618,18418797.086160064
2018-11-18,7.806824872425379,1127318810.5123966,17778092.140150476
2018-11-19,8.024143391711144,1155425816.9829404,14437436.095156396
2018-11-20,6.6986096550996015,968279561.6921016,19498288.47589504
2018-11-21,5.8326370989089344,832541432.755894,20260209.73395432
2018-11-22,6.229546966065289,899552607.7997693,13656213.695527907
2018-11-23,5.724389954826927,832630400.7391713,9390908.412665589
2018-11-24,5.622806578229521,812176757.4390069,9136662.563391987
2018-11-25,5.161088574350976,745484408.3076448,10589327.164436432
2018-11-26,5.211159772890472,752717119.6347101,11489580.000676606
2018-11-27,4.939163015502589,719974004.6109353,10712379.176454153
2018-11-28,4.94265918803859,715334615.1466825,7692710.450950106
2018-11-29,5.325494508709146,768130862.9559458,14185022.01959055
2018-11-30,5.3450660552405,771935628.5125525,11948338.739325073
2018-12-01,5.074957927073463,733037374.9700916,10491232.54679996
2018-12-02,5.264996325901464,760990933.845924,13106457.722086905
2018-12-03,5.225385009983524,754704945.5522399,13021313.56545293
2018-12-04,5.06971293446987,731967065.7259266,12448461.024609197
2018-12-05,5.870951978177137,846722370.1623285,35336440.393286735
2018-12-06,6.055712916572213,874775886.0261323,56969041.77278959
2018-12-07,4.93221977895788,703029474.0324618,33975846.41225837
2018-12-08,4.514178230392997,652042804.900303,25475156.926374502
2018-12-09,4.697468727797855,677799025.5224495,19276580.528402504
2018-12-10,4.800011650973234,692861265.6121893,20752169.492523786
2018-12-11,4.588865165538553,663389003.558907,15418897.499459663
2018-12-12,4.855499740586062,694066438.7233632,20644057.56032723
2018-12-13,4.971389324282706,716850026.7178999,14324729.513927205
2018-12-14,4.595914062484935,662538458.3176559,14440568.5207614
2018-12-15,4.470332467334587,645951230.7893397,13950440.058444992
2018-12-16,4.537446811630544,654002924.7738727,15191783.740061471
2018-12-17,4.650392789394786,670459060.9824202,18897684.97132984
2018-12-18,5.057060144174534,728992546.4378468,21778555.595099192
2018-12-19,5.515644591187852,796697911.8939688,28430902.94072044
2018-12-20,5.417985794897962,783144467.861639,24971936.36329384
2018-12-21,5.672118942465252,817962331.2800756,28293644.53165061
2018-12-22,5.484271605354016,793831097.4737211,24949306.612803597
2018-12-23,5.822532268886388,839989864.5957891,29980698.53472217
2018-12-24,5.964182578227747,860827477.9287142,33291898.3852036
2018-12-25,6.092826663576751,882913638.7853035,33855193.106273375
2018-12-26,5.36358613389343,782485496.2190835,21884038.603194587
2018-12-27,5.596255047291899,807817913.0395991,16912282.624721274
2018-12-28,5.16581585667219,746889126.4897057,13627824.726804338
2018-12-29,5.8806438047260565,848545994.7505513,20381364.41725928
2018-12-30,5.727557036414632,836706088.0822629,16601972.373279642
2018-12-31,5.887829634451153,850105601.4329103,18852746.388558447
2019-01-01,6.082208641887363,879152887.8663572,33173245.32736939
2019-01-02,5.987466568411032,863221330.110088,20250617.701323178
2019-01-03,6.057146526181886,874914238.8823946,25749501.33589444
2019-01-04,5.800075782066762,837887454.8053683,16772990.672760751
2019-01-05,5.967081320596118,862767566.4442351,24550945.24033442
2019-01-06,5.913821247636739,854343865.4897851,33720095.6533029
2019-01-07,6.266730706003717,905101272.6499436,44727778.65401812
2019-01-08,6.208209629941413,896079437.6269069,29924667.236053698
2019-01-09,6.572794064509067,949451442.212723,53175943.90364797
2019-01-10,6.5124285245428695,932116117.830366,64385829.721023776
2019-01-11,5.839214504196487,843867607.4418668,48444058.96517679
2019-01-12,5.967149015501651,858086715.1090991,38468727.70837153
2019-01-13,5.873234279124008,848352643.0250479,31010060.119150534
2019-01-14,5.477064188101444,791125231.1182575,19869758.601752363
2019-01-15,6.007889287140829,865870579.6038663,32637415.937866986
2019-01-16,5.82638952060536,836972571.0558848,27558825.28135823
2019-01-17,6.060378577285266,875623955.7308335,37246934.99339115
2019-01-18,6.293633735615159,908980505.4565316,36717390.15707982
2019-01-19,6.454659338331284,932231950.6772872,38221945.40101007
2019-01-20,6.528987758493639,943088563.6579489,32231147.20349189
2019-01-21,6.400002633493051,924843287.1309272,32852311.390265506
2019-01-22,6.488161356916699,937294752.6514072,34108855.4936929
2019-01-23,6.449001721640825,930093998.4099444,33172193.607380364
2019-01-24,6.4439656198170905,926816549.631004,36033504.69380319
2019-01-25,6.431368873552383,929515668.5754209,25112669.42209609
2019-01-26,6.676620475978288,964393101.0744952,41426440.472985245
2019-01-27,6.938391869121193,1002204225.2074252,45776064.18630811
2019-01-28,7.024177888991181,1018634228.0052148,56051898.83674288
2019-01-29,6.157827943995112,891822520.3310019,67014938.62493684
2019-01-30,6.261472456060682,904087868.8040836,56355880.38661228
2019-01-31,6.135494736278872,886231112.9762447,41083004.9859504
2019-02-01,6.229535197691113,899814627.6501919,51789005.94673345
2019-02-02,6.525885219808578,943085781.0584372,55173635.47599643
2019-02-03,6.885857279111115,994615955.6096878,63752961.36413693
2019-02-04,6.728319463808856,981881034.1574684,70050588.9790029
2019-02-05,7.056569561143419,1019274201.1476768,78011771.93744208
2019-02-06,7.703485697878958,1117271761.289444,102929718.5961246
2019-02-07,7.99889295422142,1154130751.238883,127535275.81797412
2019-02-08,7.747491631619388,1119073265.7409804,92044067.9151086
2019-02-09,8.57534676393758,1238651393.802812,103365663.36175612
2019-02-10,8.83246561127322,1275790488.8612866,106057509.07951485
2019-02-11,9.004684246917996,1292369337.515565,138758410.57521892
2019-02-12,9.399578400848789,1357706132.2269003,145656086.8349768
2019-02-13,9.29019706330998,1350152715.9607162,116196069.7194736
2019-02-14,8.845295322298389,1277643654.6726382,104438607.50334568
2019-02-15,8.691700484882682,1251539499.556175,81113577.37888946
2019-02-16,9.260806466759773,1337661455.9809282,83134182.42014979
2019-02-17,9.082714918127778,1313189982.36053,76132713.20068684
2019-02-18,9.208255059740525,1328906712.420534,63513820.22468602
2019-02-19,9.556665976531534,1380396380.2046032,89244306.45473658
2019-02-20,10.483971515376131,1514339453.2709005,114786491.52094336
2019-02-21,11.089336196890756,1601780326.1776874,131715216.78473955
2019-02-22,10.416549797453282,1504486906.965667,95826113.22240314
2019-02-23,10.77038045704381,1555709306.2412963,91206857.99698018
2019-02-24,10.648611505285574,1538120596.8900266,90622220.43183246
2019-02-25,10.086822325864508,1464562398.035241,107459433.43998452
2019-02-26,9.688867286800846,1399491973.856428,153069825.64258987
2019-02-27,9.421308285129433,1360844868.4427445,83462864.34517199
2019-02-28,9.819080867304685,1420171312.719949,85185303.45694986
2019-03-01,10.254160725549326,1488164310.6686883,117695463.68349987
2019-03-02,11.254433050674296,1623998558.2720912,116289675.493588
2019-03-03,11.67509894049094,1686382111.767269,110990177.81073768
2019-03-04,11.310266370856954,1632056854.7718768,98128998.3830376
2019-03-05,11.42268400829404,1649930184.4379025,72915267.09626305
2019-03-06,13.632378355605656,1966673746.186956,241795890.79812384
2019-03-07,14.484805526745651,2081209809.0188968,174878390.83028895
2019-03-08,14.914607987267251,2153066820.506911,255895242.32237652
2019-03-09,14.182604227795103,2039124309.4495635,229444554.5238725
2019-03-10,14.486009181260131,2092314032.8495855,154269493.58531827
2019-03-11,14.392014579915342,2078720950.3947415,134004302.35918868
2019-03-12,14.32642352984074,2065952584.6704817,168782322.98002735
2019-03-13,15.201552878464655,2213310829.99634,185520197.22829783
2019-03-14,14.964298646707675,2162875299.7693634,149568660.37064907
2019-03-15,14.8470688206058,2148221153.1995487,146417977.04693452
2019-03-16,14.8815686728999,2149727573.429469,142555940.5220394
2019-03-17,15.990027347561629,2310174527.6216125,146179693.73795968
2019-03-18,15.597596531360292,2253087911.698374,124009261.35904668
2019-03-19,15.518007075444745,2241879577.731644,113662733.60787356
2019-03-20,15.425372141185454,2227786284.8483086,220909686.89779797
2019-03-21,15.155898465256705,2189168003.942512,143502678.03107637
2019-03-22,14.385688435290865,2078022182.10334,162136678.80965903
2019-03-23,15.176955297132128,2192221402.998418,146333090.15792197
2019-03-24,15.137508738888764,2185889843.1694818,116868631.7934292
2019-03-25,17.150104271536645,2477219277.4346976,272128059.37602484
2019-03-26,16.77942018793038,2424104547.987656,157090025.84849587
2019-03-27,16.268110250804412,2345207328.31615,229456792.89492863
2019-03-28,16.58850726025189,2395580402.559602,186579891.03298664
2019-03-29,16.584638554380838,2395537703.072968,231920283.90466356
2019-03-30,16.483646560622606,2375698247.996095,130896316.0120547
2019-03-31,16.82370971789498,2428819888.2031417,193916084.72850648
2019-04-01,17.38018693909712,2518457976.521229,220740527.94456676
2019-04-02,17.885604909278115,2573847249.067477,147938499.4331303
2019-04-03,19.723220464600725,2850629840.5820174,231738006.802392
2019-04-04,18.780300973064087,2688621470.736687,297303360.80382776
2019-04-05,19.18575709967399,2771011958.657585,183556226.24597645
2019-04-06,19.33502873849889,2792616067.366048,229849483.8051716
2019-04-07,19.18521131787384,2765669698.055554,205714907.1144502
2019-04-08,19.11219536687465,2753819522.289884,196740286.4795227
2019-04-09,18.05550689081231,2607455767.786759,141666070.230572
2019-04-10,18.35060702383248,2650892693.214673,160615366.78953943
2019-04-11,18.262366567516786,2639684281.2473235,228284021.3062164
2019-04-12,17.69181072658606,2556784854.443272,201908378.86127943
2019-04-13,18.23038877069646,2634084588.4119,212914736.75680575
2019-04-14,18.652397835403228,2676266097.632365,171510644.40718448
2019-04-15,19.32047992978151,2788134174.627825,237222536.605642
2019-04-16,19.399366093646425,2801185465.944536,189561598.9857646
2019-04-17,19.782133501274508,2848015640.2492385,147526522.38164505
2019-04-18,19.57311586987804,2827594277.5213084,228922061.5732776
2019-04-19,21.70863673202353,3177194444.325933,430563010.3110645
2019-04-20,24.308665235525037,3519431434.184245,275138624.50801
2019-04-21,24.94026494704474,3602563706.1330266,346737465.98580813
2019-04-22,24.207759503641206,3495540287.1864386,304349171.9929486
2019-04-23,23.92644832650058,3455401525.684768,348689910.34892714
2019-04-24,22.8959248020398,3291551603.830128,308701838.889668
2019-04-25,23.09418229216174,3323966724.9623795,361984107.8773101
2019-04-26,22.25656479628978,3206899265.1587505,336477284.5976166
2019-04-27,22.977006202065542,3300143640.578001,361026708.1037231
2019-04-28,22.31561097766688,3218331551.562439,277553530.0643344
2019-04-29,22.852493647101323,3297388872.0792894,207004381.52432865
2019-04-30,21.57229994825935,3117991943.033957,277563434.4349025
2019-05-01,21.766770021902875,3142590563.2334623,270198561.86636955
2019-05-02,21.77171026141927,3144060673.439652,171225834.40240476
2019-05-03,23.387328760664303,3381322841.57467,241322881.1645154
2019-05-04,23.59959420968836,3417551252.416966,276097497.9856769
2019-05-05,22.73977035542812,3284597877.1138816,244099547.1209048
2019-05-06,22.84671087167752,3303686369.1607456,244837347.6671534
2019-05-07,22.11265107797972,3193049752.020254,224349545.5504356
2019-05-08,21.381396327791222,3105083982.592821,176758091.68229696
2019-05-09,20.597111887211472,2973223295.6839013,250990334.3875546
2019-05-10,18.739690177504908,2707546841.20454,218313189.5884756
2019-05-11,19.55523566423102,2824317176.629537,200023697.5757745
2019-05-12,21.310738461675005,3092697671.987491,330046924.29264736
2019-05-13,20.774627305309703,2995728887.34066,319474014.21157587
2019-05-14,23.494483516733272,3388558414.700642,430970519.5908193
2019-05-15,23.53717172417841,3401435137.1144342,379776002.635926
2019-05-16,26.96507654803513,3885141797.620001,344136964.4901881
2019-05-17,26.47683585590705,3829113201.865653,503936155.822242
2019-05-18,25.708477735885776,3699068209.2622914,386557682.8187376
2019-05-19,28.95589218370736,4182484650.4147897,440764805.0644608
2019-05-20,29.214251300313293,4217095485.716915,494012446.8039641
2019-05-21,29.130179499276743,4195258964.668747,233737710.79203933
2019-05-22,32.40236518483712,4682632626.157995,631510663.09503
2019-05-23,31.346852330361315,4532588998.720383,475978203.357405
2019-05-24,31.677314092966217,4573106102.0519495,393000478.6077677
2019-05-25,34.05990832438422,4912471072.256557,649817595.0802802
2019-05-26,35.12279275400274,5058092552.755022,643226244.0025887
2019-05-27,33.53523858260996,4837563400.811184,498163560.129024
2019-05-28,34.239340518309035,4942744068.111627,333446099.90027976
2019-05-29,33.122360925960365,4783537313.794596,509306284.4423399
2019-05-30,33.606453476083296,4847361038.579062,448618231.4740536
2019-05-31,31.761559971754373,4597989593.587913,519785080.1368096
2019-06-01,32.93210777753538,4754217793.272386,531371228.7585855
2019-06-02,32.9216510778764,4754649186.138335,662297259.3260319
2019-06-03,33.229542163859946,4799627084.503358,443583022.6925535
2019-06-04,30.9093052440002,4461319664.126776,444207615.2106499
2019-06-05,29.117035180370003,4203191258.1981406,416101388.5923617
2019-06-06,30.98179914613863,4482433777.351763,515882642.3279618
2019-06-07,31.318912227337293,4523473382.169434,477899580.61182606
2019-06-08,31.608173874964116,4569677452.955838,345449209.1309703
2019-06-09,31.855742079438837,4603480351.498136,387396567.7208027
2019-06-10,30.25359142217133,4369928612.123712,364302505.06251466
2019-06-11,32.08186418452176,4631047360.2050905,460737919.2449686
2019-06-12,31.97493864049523,4618565686.505584,420453329.40079385
2019-06-13,34.9388429708274,5023100993.491128,541231338.3070711
2019-06-14,35.06496913774314,4911356614.844514,610526678.3203813
2019-06-15,32.53511291051955,4571563043.66355,729707610.6941328
2019-06-16,32.73662175929157,4595064196.296147,308517145.2540336
2019-06-17,32.29551616334512,4534968212.238294,485544582.6230159
2019-06-18,33.82649909972988,4748959734.978701,465666757.4397981
2019-06-19,34.490303122087795,4833090693.744878,569015628.2685193
2019-06-20,35.25139482130743,4950135106.4707575,636637447.3417358
2019-06-21,36.82998150037514,5157341617.501331,554034951.3800732
2019-06-22,38.91793858342014,5444559979.27476,540952870.469896
2019-06-23,37.926144365897606,5317366191.447736,458420127.1743612
2019-06-24,37.28550830263468,5230849015.723017,505906463.9855425
2019-06-25,37.527680217591055,5264089616.957419,469235896.6729725
2019-06-26,36.11575407972535,5066153058.296499,325608881.61261964
2019-06-27,35.746328940183346,5010433484.490698,478806888.29135257
2019-06-28,33.98946094586673,4751801260.626573,398518850.06483406
2019-06-29,34.440175083617284,4834384845.61612,309098476.01931185
2019-06-30,35.5700040292038,5001220258.080438,354473586.31850564
2019-07-01,32.08944679833465,4511665471.407503,261834959.50158027
2019-07-02,33.258469954070044,4663169792.682729,284896198.1155468
2019-07-03,31.87192067709053,4467346461.655678,335470974.429479
2019-07-04,32.589470734468485,4572105241.518767,279468185.52655786
2019-07-05,33.22910267314982,4659887619.83046,339615577.8943294
2019-07-06,32.69095244848287,4588827809.904668,246047340.0358524
2019-07-07,32.714424385525504,4597167665.7238655,214684254.77047685
2019-07-08,33.06562097291882,4638830309.290225,188520942.4275107
2019-07-09,33.41995235007216,4684838627.8422365,257515081.57049227
2019-07-10,32.53941803550763,4566488798.446848,206210576.1464869
2019-07-11,31.37039574069432,4407009412.272718,257707408.839736
2019-07-12,29.47546617806322,4119531544.688404,204760017.4465198
2019-07-13,32.0463382617632,4469994675.162688,394444012.90996736
2019-07-14,31.572765100961472,4394416140.5938425,261655985.37868467
2019-07-15,28.43309610500928,3972548359.232892,251891277.34341797
2019-07-16,28.36724993194849,3957842252.028873,200366016.4718192
2019-07-17,25.201075044884668,3517761488.652381,392803308.1999357
2019-07-18,27.54721821016101,3847535318.9135447,502199697.7583623
2019-07-19,29.094265415457144,4551855723.151257,629518301.4111922
2019-07-20,29.103301283974627,4524310519.328916,419908991.8390552
2019-07-21,31.07522343400771,4805485666.454699,347050071.38961244
2019-07-22,30.392303295556303,4727428070.889302,251847154.55446216
2019-07-23,30.73883061193632,4273525246.133306,365423407.5952183
2019-07-24,29.57406676579113,4599853134.793694,288969810.2557931
2019-07-25,29.02233200641368,4516686409.372764,241669214.81539613
2019-07-26,28.87914024739794,4506614256.120463,289095454.6365843
2019-07-27,28.88800672217171,4494887897.456013,211930046.10018623
2019-07-28,27.637315402218466,4297571121.600773,179597575.82220817
2019-07-29,27.73059671698608,4314964481.657867,192889941.61986345
2019-07-30,27.016691528333105,4194357406.8811984,163244169.31323978
2019-07-31,26.713071813819173,4156576659.296991,166536897.33420634
2019-08-01,27.72323250533276,4308951831.036379,205603769.87586325
2019-08-02,28.73351770843936,4466200112.41411,248683854.74043855
2019-08-03,27.86824682269028,4335075972.081438,192224106.14620653
2019-08-04,27.72111323933165,4311679119.679633,133399579.78187115
2019-08-05,27.373793405615487,4258791236.126791,131325705.14193052
2019-08-06,27.849794806222224,4333157157.101154,167988088.941279
2019-08-07,27.63965622909309,4285441779.291725,183656050.4418384
2019-08-08,29.58785561959907,4599574626.82241,298145570.35068095
2019-08-09,31.39623531954035,4905725072.678541,363145977.3702959
2019-08-10,29.7407859153171,4622750237.115406,208858962.0954896
2019-08-11,29.593512248244945,4605969733.6795,224362376.8879478
2019-08-12,30.219454448788586,4697767187.332835,242894746.1668825
2019-08-13,30.147418023961,4689030304.883849,271495248.4518648
2019-08-14,29.424399733430604,4576574416.535872,221058562.4682508
2019-08-15,26.86054819695887,4165543779.247523,223457498.78853235
2019-08-16,28.08213542589457,4367803038.164496,216142177.619842
2019-08-17,27.46621678364831,4273471980.788408,180946074.99406573
2019-08-18,27.45044934398281,4270650928.5018544,180575010.82402977
2019-08-19,27.882349332577377,4336728965.90683,202612799.9657699
2019-08-20,28.86852452989437,4490115414.53964,221446916.95378727
2019-08-21,28.029166430562192,4357721881.912985,201300051.7135722
2019-08-22,26.91143437006359,4185784962.575586,185975146.07247388
2019-08-23,27.04457596584904,4205397694.673785,201586318.17256632
2019-08-24,26.99491363668028,4201016649.357733,173283971.0325049
2019-08-25,26.290803293843584,4089185126.4540033,101381026.80564646
2019-08-26,26.04408290640144,4050116267.528555,135627428.85476848
2019-08-27,26.028820815637697,4052311061.9404016,288888691.88306403
2019-08-28,25.598756335697995,3981389946.0923615,180761295.90504852
2019-08-29,23.470662691137797,3649903448.787191,191707533.155788
2019-08-30,21.78184136956019,3391602183.9455614,182628052.3542686
2019-08-31,22.19285663819096,3451891491.93365,180505731.2468734
2019-09-01,21.13552442487948,3301687996.6593275,161113947.4830023
2019-09-02,21.438610114224364,3333917857.6858582,155456572.94184902
2019-09-03,22.660341307040724,3524515002.355237,225699512.6737056
2019-09-04,22.397000784809897,3483555883.1277523,168057219.1183632
2019-09-05,21.640177975581818,3363823340.350007,138391170.45134833
2019-09-06,22.71198591602036,3535644062.8874755,240497988.30711493
2019-09-07,22.182333527545534,3451665409.028583,221300246.3314253
2019-09-08,22.405261559837967,3484794625.062804,177772830.63986617
2019-09-09,22.41198331530781,3483513402.003237,163988232.1890319
2019-09-10,22.13222322546308,3444196652.5036926,129896009.0999046
2019-09-11,21.79884095165479,3389666393.2275963,132256912.96991996
2019-09-12,20.743634713075046,3226703937.584284,100902205.49344409
2019-09-13,20.802050149098665,3235151260.5724163,165546128.33934084
2019-09-14,20.79882402829103,3234398477.2197804,172255194.5480232
2019-09-15,21.00328637795174,3266441900.5962195,136850787.44624612
2019-09-16,20.37333835182006,3168780324.5453725,98172597.87119758
2019-09-17,20.236668039500803,3142929831.9558992,116016460.57104366
2019-09-18,21.100079022468687,3288411889.4203124,188263369.27408475
2019-09-19,22.07089602274126,3432363359.234497,303226671.3208043
2019-09-20,21.52942091072633,3346456476.3068604,209186258.7577256
2019-09-21,21.274946020551244,3308583744.0289464,151104349.82744926
2019-09-22,20.952862390413543,3260201288.465808,152366529.81183344
2019-09-23,20.386317625786912,3172781422.767618,107935117.58008868
2019-09-24,19.295565446060348,2998456699.909102,132462987.44056489
2019-09-25,16.539149492885993,2602805742.8834863,244742653.45746425
2019-09-26,16.06705840939312,2500762233.0231104,155531906.3545218
2019-09-27,15.30514579544674,2380512069.0095563,144258373.64195964
2019-09-28,15.636151950460764,2435098281.935841,134892136.24978772
2019-09-29,15.762523864743166,2451651150.5062094,129681853.26000328
2019-09-30,15.25344192048347,2375227666.699408,106615424.88891646
2019-10-01,15.774018647075495,2453809747.314156,122713778.60840943
2019-10-02,15.851400004686669,2465857249.2980423,111563896.56495176
2019-10-03,15.864912011776225,2467604793.50347,112129098.45686711
2019-10-04,15.658669606856666,2436210728.17852,119816855.19537777
2019-10-05,15.640221105914357,2433033443.621685,122132170.65893802
2019-10-06,15.698543163499648,2437851688.454453,130427428.1320278
2019-10-07,15.069978062749174,2343934845.7954974,108224650.252396
2019-10-08,16.064787752520967,2498664282.069769,124958480.43416046
2019-10-09,15.999440752637808,2488914255.4883256,149960976.76283315
2019-10-10,17.7717067476257,2764149180.143941,266954040.22125497
2019-10-11,17.565446473346064,2732071806.841688,216512836.1586456
2019-10-12,16.56807401757623,2576943773.434511,183367679.45360887
2019-10-13,17.235832679975076,2680999297.688263,220552544.9452177
2019-10-14,18.25621591466084,2840945535.4956903,255918584.8605039
2019-10-15,18.404843678815887,2867379837.7550764,232507149.3381101
2019-10-16,18.39617917788521,2862318783.1612053,184699379.9317461
2019-10-17,17.76674876061258,2764149805.042665,199939156.27276903
2019-10-18,18.50818812059558,2876357780.979372,238519214.29538924
2019-10-19,18.213555330073557,2832784900.526111,200783188.93368837
2019-10-20,18.17863797353156,2819337301.631276,225707240.5464705
2019-10-21,18.439964868648943,2860937975.9964514,219624171.02862185
2019-10-22,18.270884965957617,2839090495.702674,170907976.01575089
2019-10-23,18.19730403477049,2829837000.2604666,222405398.83898896
2019-10-24,16.660830564258255,2586896306.0683155,138680474.32316977
2019-10-25,16.981693263705985,2636185044.037385,173490599.56600204
2019-10-26,18.56408198171964,2882102568.067341,320501999.9562083
2019-10-27,18.863273715830857,2927524096.6102424,271102380.06039387
2019-10-28,19.265593913477083,2996507151.2950315,270150663.9982903
2019-10-29,19.871274234837244,3085921195.066604,261546869.55186835
2019-10-30,20.67375755054168,3214526917.5965524,245699200.31329632
2019-10-31,20.022760244978603,3114274313.691046,227250569.00911215
2019-11-01,19.93330518836816,3060506252.7533703,243111390.9035801
2019-11-02,20.04647032727917,3065691360.0758176,208100622.29109728
2019-11-03,20.204883887569107,3101344759.0872283,249670352.9564976
2019-11-04,20.13726362437605,3091534820.9206166,254113226.7517447
2019-11-05,20.62073110150476,3168289034.148864,216732807.6264812
2019-11-06,20.6429763650443,3167283072.37667,260609369.25895983
2019-11-07,20.657758829943106,3170445921.317722,191129830.55789036
2019-11-08,20.40350094227934,3130183685.4414,190238362.28844744
2019-11-09,19.65150237230482,3016010887.576567,155563947.01288486
2019-11-10,19.724033118326247,3027753879.6896987,157731752.7055483
2019-11-11,20.459061350938924,3140930310.068284,213718365.29984516
2019-11-12,20.106983244842056,3087724598.3153625,191616951.74937025
2019-11-13,20.8702225038281,3200712593.98071,210040979.4547732
2019-11-14,21.32174236869294,3274179213.1608357,177579377.40472612
2019-11-15,21.28292844893721,3264934236.6693945,224280844.37841755
2019-11-16,20.29927103181429,3115427069.235268,202193597.20763916
2019-11-17,20.18228339960377,3093903226.1259723,206139071.8560245
2019-11-18,20.09585979748175,3069364634.7970867,204979868.32080936
2019-11-19,19.091819056623912,2929875034.4438725,194636286.51297405
2019-11-20,18.48443827957682,2829908505.209792,175532220.88781625
2019-11-21,18.09425437978215,2776849838.070444,177365413.93202212
2019-11-22,16.787903970858903,2575265675.0124497,198592122.8146062
2019-11-23,15.525739710711209,2375099394.623605,329422502.3511831
2019-11-24,16.2671480543109,2498755252.022044,225813970.57149267
2019-11-25,15.05671664123601,2339130867.921225,229491352.10678744
2019-11-26,15.190301378096825,2335397726.625603,224300192.9191169
2019-11-27,15.31576304427312,2353850328.782428,172816405.70923045
2019-11-28,15.960055463126414,2447219831.0203133,209010534.35397956
2019-11-29,15.561385420788126,2387281534.226739,141878650.83286667
2019-11-30,16.155944138818402,2479816860.960093,213298946.69657412
2019-12-01,15.706698474503671,2410939854.068628,195044683.54364333
2019-12-02,15.45494979771074,2370714811.092932,193840543.69785565
2019-12-03,15.14311898663581,2326424403.815256,180234082.9407759
2019-12-04,15.244517419197557,2341111791.317436,191379595.60480312
2019-12-05,15.126556211344072,2324400981.0368266,221792063.2450812
2019-12-06,15.646634606310384,2401017472.81102,254288921.6232912
2019-12-07,15.67247345886485,2399019210.983221,230194170.10913837
2019-12-08,15.569021541425808,2390208907.6339016,219620354.3170334
2019-12-09,15.579235690297716,2392977301.7334847,214654752.4990545
2019-12-10,15.327630304627986,2350723770.1645617,176892874.85076576
2019-12-11,14.80075107726018,2271141392.9431624,177092319.72845337
2019-12-12,14.749627646983392,2261960517.022516,166588192.86400253
2019-12-13,14.713131417378415,2262402193.447172,158091955.7680111
2019-12-14,14.810220741564804,2272951579.5537577,164498254.64384362
2019-12-15,14.367813089313644,2205218684.500316,160424902.1360753
2019-12-16,14.355063424677494,2205239116.243429,166600618.18560407
2019-12-17,13.453104925231129,2066058407.3425472,167675616.15803048
2019-12-18,12.35542611887602,1900250905.3581653,182840088.87754968
2019-12-19,13.491954853443334,2070675410.040116,221276214.80714843
2019-12-20,13.307270666913366,2041771179.9406009,157559456.8116397
2019-12-21,13.499499415457134,2071647692.203884,202947983.1290672
2019-12-22,13.289084412414692,2039535646.509155,190795847.35662544
2019-12-23,13.805614621722423,2110853076.6536293,203768506.7746141
2019-12-24,13.314382463392782,2045544930.425592,162666681.53980994
2019-12-25,13.318980337418768,2046244983.125574,186760807.64543897
2019-12-26,13.07505080457795,2006685206.2182064,139752557.28814977
2019-12-27,13.142355683940435,2017880019.4300404,154341640.3319999
2019-12-28,13.278340435460915,2035057674.2384577,168454467.93422374
2019-12-29,13.671553543014133,2101494900.46546,191055609.9451352
2019-12-30,14.107027867793487,2161147034.904468,214556552.2251776
2019-12-31,13.853563909099083,2126194408.1383955,180733324.1184154
2020-01-01,13.716390519164424,2103940814.8705516,168238324.6059325
2020-01-02,13.68590248839226,2099316231.125117,184709056.80440837
2020-01-03,13.00717054213436,1995647509.1802216,157356597.61545256
2020-01-04,13.603275575206876,2088116795.7714276,177239685.25572574
2020-01-05,13.794575234456074,2116144291.915908,169907478.421526
2020-01-06,14.006360708388502,2147450559.740196,183407548.10139453
2020-01-07,14.900504443309478,2290887105.200194,222341899.1044333
2020-01-08,14.969516286188654,2303435257.422277,212354395.11205515
2020-01-09,14.49911394271138,2231554930.3303814,182170907.2293741
2020-01-10,14.402400294232802,2202749503.68616,186715078.23074365
2020-01-11,15.072651262021571,2298403615.7259774,205053226.0090087
2020-01-12,14.89765483633096,2290593279.156139,214306064.04047757
2020-01-13,15.303621814103838,2347844996.5334334,210916688.70912796
2020-01-14,15.162796266272917,2328371221.1582727,190567044.13822088
2020-01-15,16.651217038759167,2546512800.318769,256200729.8161685
2020-01-16,17.659959590160472,2695653560.446619,363286199.19305456
2020-01-17,17.013462282038063,2603726452.038203,180942925.1164076
2020-01-18,18.06731694374428,2784697147.5543413,324691292.3556272
2020-01-19,17.779565661603783,2733334308.82279,260499762.302936
2020-01-20,17.354672097456596,2662443492.9893026,247057878.98885408
2020-01-21,17.331768951043593,2658043749.5532937,263222093.53699625
2020-01-22,18.10566377024261,2775403908.1440234,282373775.61762744
2020-01-23,17.785287373025103,2727795013.688821,221221906.91524404
2020-01-24,16.98120135034776,2605306661.6892314,213945091.0647128
2020-01-25,17.025802918717087,2614002412.698689,225882782.2123961
2020-01-26,16.94388900899939,2604451767.499017,205048618.4482925
2020-01-27,17.436952810120008,2674086712.651739,243479316.87407124
2020-01-28,17.63534383459029,2698791730.431113,230946817.91046128
2020-01-29,18.056718711616835,2745879946.2703395,237464057.06177655
2020-01-30,17.84868977674811,2747236096.2496214,241033846.2136708
2020-01-31,18.574468214673352,2847071752.4987006,252662477.17571872
2020-02-01,18.102591892792574,2788030152.176015,243240997.98320857
2020-02-02,18.14697994024917,2785023700.27252,184719237.7135627
2020-02-03,18.429785866197037,2828376341.968748,253345268.4467689
2020-02-04,18.469727776907344,2834950672.338868,173491661.6450308
2020-02-05,18.12227006043833,2787798000.347352,136322480.73723087
2020-02-06,19.184981739970137,2945748769.8295617,290141371.29324454
2020-02-07,20.606359319469284,3157866992.351171,353390568.57729137
2020-02-08,22.12459724173436,3395280397.1581664,437168891.0251412
2020-02-09,21.79557766853931,3345049428.729636,294670011.461237
2020-02-10,23.919374909046866,3671656947.759465,396099869.5758383
2020-02-11,25.25283145161699,3882697589.255931,621855205.6001904
2020-02-12,25.67332747973676,3940209442.12029,513583904.4563307
2020-02-13,26.420489006558583,4030446327.500257,476505354.8734143
2020-02-14,25.40353101258859,3894836056.451729,382278653.9636293
2020-02-15,26.237614637148184,4014430330.4323854,421277508.15463513
2020-02-16,24.06623247269285,3694035234.841765,433444195.9497916
2020-02-17,23.642234372603625,3616306586.490874,442399014.6733692
2020-02-18,23.57106008535937,3598860680.007088,440300039.5821427
2020-02-19,24.024721722374156,3691896845.9100976,347593301.5396434
2020-02-20,22.251104060858165,3449518851.48574,288054592.1590407
2020-02-21,22.140091604747862,3400751851.238378,293917888.1928246
2020-02-22,22.12011683926348,3395848277.908833,379734030.4011887
2020-02-23,21.93521265401052,3364840516.8519645,308906985.69944227
2020-02-24,22.871503770762548,3510096072.4666047,370143216.2006344
2020-02-25,22.034127069698563,3364128427.944973,305719319.9020813
2020-02-26,20.38515618213182,3134455973.6722302,292947590.95183
2020-02-27,18.71084904799088,2858511810.452316,346015231.2115283
2020-02-28,19.12124747113437,2921518777.105417,334602154.89532155
2020-02-29,18.967838512147207,2926158625.653091,475710231.9775181
2020-03-01,19.316274350494563,2982985653.833748,510660552.3855437
2020-03-02,18.99084847186697,2908085916.4507985,279150858.820654
2020-03-03,19.869623866638342,3047290851.6456995,342469581.8297362
2020-03-04,19.591985408563584,2967313549.754455,328500278.4133449
2020-03-05,19.998016534820184,3023669002.147633,316845189.14028096
2020-03-06,20.819562373865413,3148122007.3728514,348942110.5211332
2020-03-07,21.32006190430721,3225098953.680081,395065946.1191317
2020-03-08,20.034630500318837,3021511858.487788,314894895.76634705
2020-03-09,16.8768661458687,2576606762.579333,273483539.38262784
2020-03-10,16.583534012655026,2497008181.427224,383658471.5850716
2020-03-11,16.885542526765494,2565981290.9065304,330638655.66053146
2020-03-12,16.567936765899848,2493501408.1594257,267252146.98900425
2020-03-13,9.472898274350824,1437874399.8177972,412918004.27244896
2020-03-14,10.894970921051218,1615054798.958406,551414732.7958282
2020-03-15,10.131278171005532,1527890811.8259366,270906520.91289306
2020-03-16,10.385577077338656,1590139361.762785,298770292.3439776
2020-03-17,9.400670799774629,1431388393.079302,284841626.1916497
2020-03-18,10.334280501627656,1573699552.2746863,232219642.13628063
2020-03-19,10.373602762410638,1563418016.331947,272872630.2164863
2020-03-20,12.25320977357412,1858603761.587601,346191031.6141539
2020-03-21,11.850720950684286,1792058784.8584447,387993875.2074847
2020-03-22,11.99980746761872,1818360426.988084,341768011.0348854
2020-03-23,11.17898170597252,1688695769.9758637,282013365.28632444
2020-03-24,12.10417697448936,1829868580.832898,324459115.2472918
2020-03-25,12.452973087703173,1885028599.3923173,285530102.6883414
2020-03-26,12.346023944979953,1863775406.9928648,248158273.55825168
2020-03-27,13.213239119724385,1991459536.455704,272095324.0621892
2020-03-28,12.357103274977929,1843089830.9325595,171866476.06557032
2020-03-29,12.217985512461317,1843685185.2425025,215130548.22815248
2020-03-30,11.335800884890425,1716989350.6215217,187370629.17247185
2020-03-31,12.186326182993438,1843126769.70464,276558085.3459742
2020-04-01,12.599921727906564,1906878809.1019008,329247177.62576646
2020-04-02,12.729267987374852,1927232838.8563733,334856444.027969
2020-04-03,13.080913345630146,1971192627.5220792,383892319.3328998
2020-04-04,13.323786842399462,2014757335.7077563,361905470.712815
2020-04-05,13.780459184615044,2084146996.1098824,388516838.9042047
2020-04-06,13.70949255178222,2073669546.989952,407729033.9438091
2020-04-07,15.136323870581911,2289489107.291751,444447157.6226328
2020-04-08,14.659982501326333,2207454729.0589533,420044095.2366316
2020-04-09,15.075401383425042,2282382271.7350097,394584672.4029749
2020-04-10,15.028759187793476,2271676119.4907784,365221668.3889293
2020-04-11,13.718825913499494,2073910713.8429255,339027340.51505905
2020-04-12,13.82675861556279,2087481774.1363173,379071140.06073177
2020-04-13,14.26511654964438,2178116505.78815,404979912.8145258
2020-04-14,15.045572860921824,2272857627.6622605,415375272.6500968
2020-04-15,15.582720804249114,2357467179.205417,431913949.0107081
2020-04-16,14.585948622691053,2207839720.3607697,393386119.4912864
2020-04-17,15.666737861469231,2369647148.5940456,414415761.3632847
2020-04-18,15.616281099861975,2370773171.7872663,416729931.6338204
2020-04-19,16.552955039683997,2448080536.0223794,414857231.9136506
2020-04-20,16.04655015576096,2377982679.590395,413369977.709689
2020-04-21,15.027804337444612,2228118491.7570333,377680441.7872772
2020-04-22,15.096507864715075,2232531184.047116,304659694.1730378
2020-04-23,15.68673879124662,2319816863.694298,372342615.9260412
2020-04-24,15.970136706672749,2353229636.8727207,214383568.26007268
2020-04-25,15.894827424185603,2352743588.494633,347741153.1115197
2020-04-26,16.237246136924366,2402829550.629272,357506648.81549746
2020-04-27,16.373952524617437,2419596600.6712656,372633462.4635326
2020-04-28,16.412718663883027,2423050238.754496,382565165.0994733
2020-04-29,16.36205781128239,2419444104.3851547,380017273.227351
2020-04-30,17.39372140310465,2563905019.005386,458695909.0023823
2020-05-01,16.98087375117161,2521986646.0992293,487612724.2536601
2020-05-02,17.451782873526643,2584203457.0105963,454273601.33557147
2020-05-03,17.519661263697216,2594586018.023593,403799189.0925784
2020-05-04,17.094938351330704,2526415835.1669164,376859551.6469846
2020-05-05,17.01924643648172,2503993914.5150027,422356843.275439
2020-05-06,16.883233236755714,2490362707.68423,369161574.8576094
2020-05-07,16.51209313539124,2471282824.909132,384069116.94024825
2020-05-08,16.973507971075282,2525210913.3767586,404774330.5950351
2020-05-09,17.17429638517618,2536683339.7633896,341410123.1838205
2020-05-10,16.831057985373022,2495851840.77263,373684312.1517708
2020-05-11,15.319104122325577,2258003159.3085427,437921979.77575225
2020-05-12,15.07906074307934,2231962404.7689114,391877781.01694405
2020-05-13,15.73790761409712,2327383911.2319427,370701815.9903347
2020-05-14,16.178744648828747,2390558640.3661294,309359496.9698777
2020-05-15,16.354338338129395,2418544120.370333,309626333.98877025
2020-05-16,15.665539932690042,2317509550.38672,311813810.4933699
2020-05-17,15.99885402922948,2371381209.7246,312867861.06848085
2020-05-18,16.280923203891124,2407687200.476228,275407723.4557968
2020-05-19,16.609872253376516,2456333484.604976,273184898.2741001
2020-05-20,17.167573323604675,2542931077.022972,305892968.0599993
2020-05-21,16.881454352776174,2496496117.670325,288053715.1739693
2020-05-22,16.0669095726554,2378561522.0209627,247644529.3298573
2020-05-23,16.425133794724594,2433514189.1309667,267131549.19327265
2020-05-24,16.476266625185772,2432310884.606986,261935069.89480847
2020-05-25,15.992111456381426,2364976579.025716,266690358.4166988
2020-05-26,16.343638959558113,2416857097.416029,250808033.5711497
2020-05-27,16.222916082933914,2395241252.186364,243698612.37050465
2020-05-28,16.453060488158076,2430831282.617362,271999812.2086002
2020-05-29,17.0369406967339,2519147859.662903,289518116.6239882
2020-05-30,16.995852092999662,2514242773.5231204,253571349.5085586
2020-05-31,17.74005658373599,2623199554.996485,302824541.290146
2020-06-01,17.08047499174346,2508703324.268179,297854669.4223539
2020-06-02,17.86826730805164,2655040579.638382,315491464.56560177
2020-06-03,17.278144088449928,2555160161.912837,271525033.77835363
2020-06-04,17.5321020358125,2592716465.79479,254801494.1041689
2020-06-05,17.76777119114562,2622151848.8793354,257877264.18799347
2020-06-06,17.64277721077558,2609083547.6139207,273877565.9260186
2020-06-07,17.544231651455394,2594510241.243783,220115765.14981315
2020-06-08,17.3855854776686,2569939047.803725,222645848.7168752
2020-06-09,17.392401206538306,2577895737.5594263,204601412.0245988
2020-06-10,17.35802857503161,2566693310.4844394,198081099.2391379
2020-06-11,17.400270231856606,2567525315.830553,210381520.46037987
2020-06-12,16.314759849959252,2405200798.5210166,210778571.13409096
2020-06-13,16.633166760636566,2458716489.464939,220024360.0700192
2020-06-14,16.8077330047672,2482197891.362207,207559002.9352048
2020-06-15,16.571572104684737,2450773581.1365023,190361237.14640367
2020-06-16,16.377795766770895,2422013097.527766,195644814.4210931
2020-06-17,16.41756493914464,2426825300.850088,197505707.1349693
2020-06-18,16.38942281312573,2424884750.756174,176497164.57965845
2020-06-19,16.16904727460514,2394325177.820512,164635413.13393015
2020-06-20,15.964316175348207,2361132693.7891955,160644324.961006
2020-06-21,16.05376830453166,2373897719.7149124,163099721.25134048
2020-06-22,15.94815180570584,2358874801.5481806,142296013.71279278
2020-06-23,16.493462868940206,2437229810.816067,176844093.98665848
2020-06-24,16.37632339031764,2417477041.4239235,159228450.33758786
2020-06-25,15.994267023204436,2370741002.541043,157180736.40353307
2020-06-26,15.913795778184568,2353394947.3436666,135826468.64633995
2020-06-27,15.760713523841984,2330947468.521242,139383327.08905104
2020-06-28,15.143047161776026,2244154724.2146554,148605617.12573752
2020-06-29,15.366038526155643,2273304407.392324,155023700.98705325
2020-06-30,15.475919362097487,2288640054.1966186,162349712.6537846
2020-07-01,15.429636809481364,2283276873.7562456,152275345.61008513
2020-07-02,15.82008122659031,2341084177.1575685,150816511.4860776
2020-07-03,15.351366990642129,2271469452.384509,137641601.15897283
2020-07-04,15.292613762872096,2264032087.7304187,149724446.6696348
2020-07-05,15.55406577871271,2297513032.595132,162034682.78683698
2020-07-06,15.492049777777622,2289383666.6296763,148849664.41877323
2020-07-07,16.31375648247885,2412542715.3395653,158082223.97192276
2020-07-08,16.77301864557116,2480460217.184676,199544301.54038185
2020-07-09,17.18878039611592,2541966350.3867364,212912177.01362133
2020-07-10,16.819681237789247,2485639478.87122,182521636.964856
2020-07-11,17.216878342022962,2547754640.775417,176179742.2433897
2020-07-12,17.614558389871206,2604910436.970678,186529499.80665672
2020-07-13,18.2822214187026,2698495512.134894,232019605.6367238
2020-07-14,18.38502672798852,2715245514.9643817,258356560.2064651
2020-07-15,18.090037256165,2675828065.214395,210848062.3672368
2020-07-16,17.602996971592386,2603200688.7911263,168240728.71579066
2020-07-17,17.151995036741816,2536635434.4637985,168565071.74256504
2020-07-18,17.079910599644585,2523851243.1158524,144813495.0179024
2020-07-19,17.13579467205755,2534108968.221236,140702673.06949532
2020-07-20,17.964878581093124,2665508175.6084304,215049200.92058903
2020-07-21,17.48010559244796,2585027026.4680834,216275927.6935094
2020-07-22,17.739935559584133,2623383923.4302955,188660804.88108465
2020-07-23,18.064678785451687,2659506640.3949366,205429162.1482688
2020-07-24,18.679071364962475,2760438295.9559746,215334638.41373804
2020-07-25,19.174068633442023,2834374931.400485,258626823.26984847
2020-07-26,19.80752853012818,2935074481.760263,272679558.3175524
2020-07-27,19.520963080493125,2885760248.061521,256257974.0379285
2020-07-28,19.68213941131244,2910698837.6927166,343447724.2415311
2020-07-29,20.159614377404264,2981283364.288104,288337828.9216607
2020-07-30,19.872261286815668,2937168739.556445,207031363.72103676
2020-07-31,20.03146086566417,2965551533.5553617,199617619.82762265
2020-08-01,20.693955717192168,3060607052.3759594,236980556.8841673
2020-08-02,21.602045818170808,3199992932.004054,277265421.70421046
2020-08-03,20.907934984515915,3086470430.666615,315451499.9332235
2020-08-04,21.95591965275125,3239321258.880512,279416796.59802943
2020-08-05,22.262851677672508,3293276431.1433253,246028383.432916
2020-08-06,23.258103117077056,3438061584.3995376,350188271.6294137
2020-08-07,22.727115837134946,3370982469.604111,262793562.791695
2020-08-08,22.19926947187335,3278820417.3771663,334483626.1144872
2020-08-09,22.86889205735353,3378074822.8434706,246134097.3759933
2020-08-10,22.42038767132576,3315615444.52618,224819393.0913663
2020-08-11,22.57428903780444,3339788962.5250287,241187735.45758697
2020-08-12,21.133878144094165,3114747466.7359214,328915622.616668
2020-08-13,21.60059011305779,3188863589.722237,270049274.1905097
2020-08-14,21.76114130202024,3215330089.174842,286251052.123591
2020-08-15,23.024404503993196,3404939838.399494,385009628.8177579
2020-08-16,22.90796258336114,3387732401.946912,283594972.62556607
2020-08-17,23.47471960773288,3473865123.87327,284809741.52866864
2020-08-18,23.52633097478227,3476788975.014206,280196303.51109457
2020-08-19,22.97380165407701,3397690721.6801467,271410617.3488436
2020-08-20,22.307582956985765,3302382351.2778296,240981711.80246103
2020-08-21,23.07262944423247,3414255884.599508,253331918.2116132
2020-08-22,22.094652464902527,3260640031.8602395,262582143.53376904
2020-08-23,22.175839292385888,3277780668.58648,207704017.5574176
2020-08-24,21.83761772816288,3233813725.379268,191951846.5603934
2020-08-25,22.571494222389703,3336417081.5551314,198567502.87549117
2020-08-26,21.452477453617824,3176756104.727373,246965279.2546199
2020-08-27,22.225939657310363,3295697167.2175984,265829129.09790176
2020-08-28,23.071884718613457,3411961399.989428,298087776.5902209
2020-08-29,23.06537998016267,3413764685.101583,275873858.950788
2020-08-30,22.991704969773377,3408734637.1192765,224020180.56624663
2020-08-31,23.62291042617998,3486695535.749884,242465281.0725434
2020-09-01,23.163433626535507,3429200221.899609,226364373.2957412
2020-09-02,24.666511939506307,3678647220.13556,464622720.8644604
2020-09-03,24.64635903957026,3644800878.5971375,598973209.7440873
2020-09-04,20.51672336058053,3057090063.010929,610440504.7358899
2020-09-05,20.9672794249688,3101433925.402054,513886862.9835712
2020-09-06,19.40743243842831,2870047729.5380454,418830419.4678139
2020-09-07,23.236376313822092,3441897088.2076416,755431632.9076576
2020-09-08,22.31487527882162,3289616682.452981,565967822.6691893
2020-09-09,23.00880342091523,3391729400.819674,569283063.0351115
2020-09-10,24.486045253548028,3606231301.623527,467657915.7861689
2020-09-11,24.41384260442618,3603704433.991752,480864281.3788048
2020-09-12,25.389281087797876,3752802265.119167,443497208.2735328
2020-09-13,28.453207780628457,4189027940.767463,722048008.6022166
2020-09-14,31.117471967379696,4578726414.545887,1204406182.07132
2020-09-15,31.213230898254388,4512125844.064322,1073196306.9024168
2020-09-16,27.17624422268861,4009700860.494176,935693765.1603588
2020-09-17,27.85508077250597,4122357757.56389,711704644.2212099
2020-09-18,26.791783085251986,3959528315.0560274,425105137.0244049
2020-09-19,27.09515766101024,3976466685.154942,406378803.9085718
2020-09-20,27.202934633274253,4024066272.6573086,350612365.6065321
2020-09-21,26.429360501624764,3891106120.858083,370273177.6034905
2020-09-22,23.533250188050296,3493931691.129836,423273273.27081376
2020-09-23,24.026975887077132,3535552468.393081,378103488.0063865
2020-09-24,22.810300091418643,3373414662.270313,347342769.967389
2020-09-25,24.518301019222108,3626151929.2579103,373755511.9432241
2020-09-26,24.625905335253822,3635723607.8745694,353550737.404618
2020-09-27,26.17859218285808,3874918801.864329,360614333.5074237
2020-09-28,26.194385294610697,3864067179.6542735,346164386.63903743
2020-09-29,26.849458383572696,3964694603.56834,409745128.1550127
2020-09-30,28.78426116230888,4253400066.790345,470569222.7425147
2020-10-01,29.241127996475697,4325855176.035254,443200921.2967156
2020-10-02,27.45899928250056,4036519254.14418,443482779.6053237
2020-10-03,27.2476304876252,4021625433.981785,476985560.9632853
2020-10-04,28.22021834627341,4184514172.408719,388752523.4064708
2020-10-05,28.97366756673542,4283270102.311906,396194635.6124525
2020-10-06,28.60297752267053,4235422294.4251127,340780200.76853126
2020-10-07,27.67315432044839,4081175972.411447,395033652.7038297
2020-10-08,27.6740125866321,4093867354.474435,316761178.07295865
2020-10-09,27.691576992362418,4090366937.1627183,344379052.54621184
2020-10-10,28.389814112971795,4198511785.695526,338942258.57169855
2020-10-11,28.261506530043167,4178281516.429207,327974396.03624696
2020-10-12,28.50595190903315,4216513538.6379657,306144831.547913
2020-10-13,30.67613743026025,4529414810.436585,501643095.2806933
2020-10-14,30.68552818912381,4536387303.784849,406898662.7674728
2020-10-15,30.87586420248321,4566346921.865745,340246039.76171505
2020-10-16,31.22345753797248,4615821052.678012,377660568.15032285
2020-10-17,29.98035105529841,4436816337.992663,407813529.0375932
2020-10-18,30.235066947647304,4471124012.698126,281729618.2540635
2020-10-19,30.644145203919702,4528416810.274056,305775892.0636006
2020-10-20,29.90917535537419,4422322858.349566,292131231.6325848
2020-10-21,28.77423158490161,4241175299.495496,366817435.2594057
2020-10-22,29.64098750680126,4374680295.690144,378415820.3487895
2020-10-23,30.56860046874098,4520768370.052209,363601027.96567017
2020-10-24,30.599483406452123,4521344664.32785,310854925.1716537
2020-10-25,30.55520055873557,4517960819.150934,230330957.9506717
2020-10-26,30.068355994769256,4446242745.625003,213890436.16814476
2020-10-27,31.1111601710148,4603816454.737595,347858958.9163765
2020-10-28,31.58005214568201,4683647247.1061,418613518.2262594
2020-10-29,30.383164679303057,4484041908.978538,344046319.3747321
2020-10-30,29.821938544896497,4420211966.048975,274519364.77393854
2020-10-31,28.49748123078141,4216701943.861658,374739907.4504778
2020-11-01,28.38586753473156,4195740161.800611,256734113.1870628
2020-11-02,28.38320708891069,4189298124.874467,237009570.97837183
2020-11-03,27.901510425164563,4129579048.05467,280531334.2585679
2020-11-04,26.86032739232948,3964658696.983034,315141928.44167733
2020-11-05,26.850364190385715,3967025116.0989695,268356799.9171577
2020-11-06,27.66041204370796,4094007654.912032,319732745.8410764
2020-11-07,28.931312481044976,4277111583.089685,351340615.5105792
2020-11-08,27.694902163595472,4095631471.42624,379171084.8787828
2020-11-09,28.27283238180268,4188047516.4405794,350090761.52055746
2020-11-10,27.97764626336301,4123746337.8883257,367057927.7628288
2020-11-11,28.15111180787262,4166476642.6499786,319364158.02644795
2020-11-12,27.939048497406983,4116039125.576173,310574387.24002296
2020-11-13,27.5443138396036,4082305596.914276,291419186.2722597
2020-11-14,28.19283500399967,4164934047.783281,311995951.6239633
2020-11-15,27.953819650024517,4138996735.163435,278005831.2590616
2020-11-16,27.601590116985903,4078970764.357405,275640282.474266
2020-11-17,28.02227380326721,4142983110.027352,299723403.71419746
2020-11-18,28.49692330473735,4214237524.1577663,348152455.1438428
2020-11-19,28.06926569277012,4153238203.998652,352337836.81396353
2020-11-20,28.04644217835836,4147358204.585626,358451200.4430944
2020-11-21,28.85111468494669,4272178890.389447,405663771.1299502
2020-11-22,30.45155540675402,4508909727.234483,525345854.5300972
2020-11-23,29.977302281631136,4442355802.130595,525885402.072846
2020-11-24,30.89436317605904,4543628008.752998,542655453.1484727
2020-11-25,33.74014404645124,4982769840.406043,1096295979.1698856
2020-11-26,31.38573384098398,4638993020.327642,750470552.5857823
2020-11-27,28.1837367602019,4160410878.601351,822530057.4413354
2020-11-28,28.488120962645503,4205742907.961242,449165862.3846898
2020-11-29,29.11177305406224,4300575783.620462,438446980.13024384
2020-11-30,30.1120829570746,4451872526.18575,452491273.7054235
2020-12-01,31.24495320461204,4628855599.420553,485785914.1281714
2020-12-02,30.13356223771369,4456593037.752746,540539151.3051172
2020-12-03,30.28595059031463,4485798669.948128,431345761.8952676
2020-12-04,30.651721259347816,4532470312.734571,366696348.5469697
2020-12-05,29.15513039913652,4313659353.384783,404722653.6812755
2020-12-06,29.723248921747917,4395591397.934824,341090339.91534233
2020-12-07,29.4862544050646,4358178089.7922735,277581850.8680908
2020-12-08,29.35491475795869,4341263148.865393,265602209.8179246
2020-12-09,27.6678517409396,4099895788.270019,364433924.77309805
2020-12-10,28.195810636033865,4167230661.076464,357146579.4139781
2020-12-11,27.69850463380029,4097433907.295929,296247774.37832355
2020-12-12,27.38615040178182,4051182427.359371,309358142.1115438
2020-12-13,28.159466955082408,4163931310.434167,269415971.9404911
2020-12-14,29.050455885619403,4284844712.4803,306303184.774815
2020-12-15,29.970133365239445,4423709692.446076,395357036.7418401
2020-12-16,29.52575816379816,4363659616.569024,341458022.6324174
2020-12-17,30.447252032239604,4502642498.310452,414821464.63638496
2020-12-18,30.151922995708784,4458380241.204621,549773127.6389786
2020-12-19,30.95368057417117,4575748263.384468,411494715.5457899
2020-12-20,33.28571226126745,4916865111.165444,656751764.5993361
2020-12-21,34.189928969618464,5051713693.403217,732020161.0167117
2020-12-22,32.303139741057095,4777115837.70322,713959772.0509456
2020-12-23,33.50989058105248,4945772817.2023,667525756.72639
2020-12-24,31.298017131206112,4660064269.514709,715085462.9995052
2020-12-25,32.49695050936928,4814447228.089379,576913722.6583679
2020-12-26,33.15766052669594,4899865020.948586,481229184.400561
2020-12-27,33.51240176627666,4954948231.448557,507064929.03805727
2020-12-28,33.49744381518995,4973685729.749473,678051299.7817285
2020-12-29,35.916069082572335,5302039004.723987,722362992.9008424
2020-12-30,38.83756963362207,5722427540.454511,1167579329.0255787
2020-12-31,38.1509269709647,5644561342.625012,595689639.2379647
2021-01-01,37.39459108952269,5507755823.482548,540443823.3416194
2021-01-02,37.907080194788,5584591445.479913,548599820.9229406
2021-01-03,38.3407827710088,5664992538.860413,637202193.8641078
2021-01-04,41.073833461872894,6162622121.465481,942962614.7706436
2021-01-05,39.96291375628447,5860212415.082251,962253282.3266126
2021-01-06,41.70002777344284,6146043355.419785,750006113.3520838
2021-01-07,42.18286284478925,6213203841.025946,804566738.1656963
2021-01-08,43.399503661775,6360257240.65883,993406143.510464
2021-01-09,42.46668009933768,6257342788.151831,741620428.8442516
2021-01-10,44.009471856745336,6535325408.396228,627647722.2753556
2021-01-11,42.58410098557694,6321067625.073282,809936299.3155736
2021-01-12,38.45392552379035,5708211117.642347,1050223987.9080732
2021-01-13,38.11427219614462,5655761600.931015,652529246.5605841
2021-01-14,40.22565374012507,5950937294.099859,597978132.5142691
2021-01-15,41.76107527446097,6162213630.697031,599233551.3479655
2021-01-16,41.00211347628559,6085115283.863143,644644087.6941874
2021-01-17,43.228026040119325,6408266290.294945,685226682.5080959
2021-01-18,45.61128937623028,6811733847.335682,782336096.7872308
2021-01-19,45.26255345762477,6697976479.659836,642880517.4489744
2021-01-20,42.9091445016058,6375499623.76684,925423978.3094244
2021-01-21,42.516660637481856,6266849381.663175,773096223.0028383
2021-01-22,38.76373900578527,5774109832.68915,727050005.3357811
2021-01-23,40.76713000700509,5972297132.161497,529413658.3083043
2021-01-24,40.77664235619435,6025125570.096895,530395845.22519046
2021-01-25,41.84754636819086,6175849056.405198,511146060.0042524
2021-01-26,41.43889066736872,6118277883.105456,570986736.9519608
2021-01-27,41.53699697144749,6125248409.288884,610970650.8481272
2021-01-28,41.0620061062751,6046117020.91682,571180935.5851054
2021-01-29,42.39337274825129,6283476043.155616,602130391.232156
2021-01-30,42.73677104822648,6337205523.632562,731044472.4984183
2021-01-31,44.6166614363188,6604362183.837016,612389944.9645923
2021-02-01,44.248361111646936,6522941333.935256,571098971.0226346
2021-02-02,51.46623653383335,7583767269.190991,1473065904.0210793
2021-02-03,50.91219343297296,7569477058.56905,1178306794.5116994
2021-02-04,52.31846242135783,7735129472.072181,805552172.8087535
2021-02-05,55.7736236256377,8333210382.439513,1102875237.699942
2021-02-06,68.33895660447845,10106500512.436031,1692097697.7534337
2021-02-07,72.63187897909684,10648242256.756302,2640506902.149394
2021-02-08,68.25050171789643,10133846849.962711,1818565577.6450295
2021-02-09,79.49801888923349,11666342815.764996,2628386625.789472
2021-02-10,107.73553377385184,16042189486.944416,5431056857.981953
2021-02-11,129.13361191797475,19029543691.117306,8622001934.647383
2021-02-12,123.80544465729103,18248020592.96308,3324064891.1252646
2021-02-13,136.48052145554178,20066593314.135468,3522463018.7130527
2021-02-14,133.322626656125,19799743676.327934,2457588084.8798904
2021-02-15,136.61474253248164,20235468424.048496,2534232231.1893573
2021-02-16,129.37501831256412,19096962299.56091,2296763147.4066253
2021-02-17,129.7750465728749,19173445845.066597,1815199476.0838847
2021-02-18,163.62267032634747,24144663679.111786,5591312738.079581
2021-02-19,194.5297878204593,28719828748.346382,8204647326.594336
2021-02-20,338.06613613445165,52232341792.26047,22103516567.70705
2021-02-21,257.3900907544965,39186024468.50675,13497538091.829664
2021-02-22,295.6003537806796,45745975207.855705,11521772897.110416
2021-02-23,268.3919967635501,41355468790.23462,10950701746.009872
2021-02-24,228.7243478329572,35160048230.5213,10898388397.780985
2021-02-25,255.4767184097597,39273073153.54269,10134020070.093117
2021-02-26,235.367775596686,36653635808.81574,6059743759.475165
2021-02-27,221.91199852607065,34347801258.49284,6123362549.344084
2021-02-28,226.7268657659784,34863282195.0899,4001793419.013551
2021-03-01,209.7755560977119,32747054923.74233,4576664599.820663
2021-03-02,256.1825241472202,39775549289.62083,6899473970.603624
2021-03-03,240.93415136962903,37318077555.5604,4755698486.399357
2021-03-04,241.75975167975105,37511795342.74582,3989584025.182552
2021-03-05,230.26650905990243,35579395371.44576,3781405735.5510974
2021-03-06,226.9398478508591,34764818409.196365,3454103781.3491554
2021-03-07,226.65626759661149,35132140627.2429,2598241543.295976
2021-03-08,240.0619974599154,36937041399.52951,3162878615.7866096
2021-03-09,240.61622414964333,37175687161.84234,2849019958.220402
2021-03-10,294.72023395611154,45349664034.30795,7151267268.285297
2021-03-11,278.40134011560883,43134755617.83653,5812829337.948141
2021-03-12,288.4728386043209,44525761191.37331,6352558452.7063
2021-03-13,264.080531574575,40908235661.64172,5561218339.339748
2021-03-14,277.1037454812445,42898756292.75063,4184775401.814253
2021-03-15,265.97402356240656,41037415793.37244,2855350574.9163504
2021-03-16,253.49929241289573,39434323550.85248,3598800728.5660357
2021-03-17,259.05040404323574,39929253304.221054,3576550131.748034
2021-03-18,270.92343249137247,41811497472.19724,3265030827.437526
2021-03-19,262.65199569448845,40603807044.01744,3575952239.2222
2021-03-20,263.57879484349144,40708892326.84678,2533102777.7445188
2021-03-21,265.268468060338,41004900988.47188,2649156697.659028
2021-03-22,265.0540332337827,40931038994.92851,1151065647.843939
2021-03-23,256.94864890376607,39834881552.667854,3032859503.594607
2021-03-24,255.27786787587385,39376090108.768486,2813775574.1344523
2021-03-25,248.3507195782589,38516791584.36376,3180619598.785246
2021-03-26,234.2370384788448,36192768189.38144,3180524320.328139
2021-03-27,254.7015843221757,39235816415.84892,2575952177.716034
2021-03-28,269.39591320216624,41937086118.26921,3020922155.4859643
2021-03-29,268.6806004111688,41484697966.03745,3199011140.306709
2021-03-30,274.95685604326087,42478850221.41467,2755690876.723518
2021-03-31,309.41128497847706,47742356655.60207,4420529271.282305
2021-04-01,302.74519342468096,46841566978.953735,4729218327.57605
2021-04-02,335.83418525299265,52021709574.684296,4712826090.978723
2021-04-03,336.95153098017545,52098346307.81932,5101756341.085761
2021-04-04,320.53878118767074,49920147538.04927,3728232295.6971846
2021-04-05,349.04540444084336,53890347090.85982,3051189764.3514285
2021-04-06,367.4580272308157,56849486727.353165,4196270409.388373
2021-04-07,404.4605067817102,62712349429.43108,6375820134.793064
2021-04-08,377.0050350188976,58558889933.08447,7619517549.798651
2021-04-09,418.1377217019414,64636587595.50615,5991138735.199007
2021-04-10,451.2108572744304,69006619223.09024,5947228476.547801
2021-04-11,471.8358234440816,72863380910.31287,7892324625.270909
2021-04-12,522.9036942041708,80304972015.62056,6929265661.660218
2021-04-13,598.5534973410056,92356058016.54314,16807622340.893429
2021-04-14,553.1237144074748,85352626250.56746,6503314558.299444
2021-04-15,541.5605143363395,83633350017.25006,7668480752.21945
2021-04-16,542.999425037437,83889063375.7033,5168188713.510612
2021-04-17,510.8238324398561,79138319032.72491,7767607467.081216
2021-04-18,516.786555529572,80146564558.26534,6111930356.074312
2021-04-19,480.4177527813873,74374361399.96808,6790452848.375536
2021-04-20,503.6477774682895,78419210502.81401,8755730468.082388
2021-04-21,580.458871224804,89885987227.80591,10147802771.886824
2021-04-22,550.8887930884299,85489582707.6955,9391918685.628746
2021-04-23,513.6206365996485,79217558867.58391,9896634545.450838
2021-04-24,527.7805404253345,81068966581.40443,11177606704.159044
2021-04-25,499.32327439489393,77665030993.17024,4991522596.359383
2021-04-26,506.04730740984775,78223823141.42642,4198996731.129913
2021-04-27,533.5835251560673,82089500489.02422,5295872672.712616
2021-04-28,568.9669199054099,87911812452.29901,4398525003.733665
2021-04-29,562.5777797510267,86547288167.53143,4808744050.916693
2021-04-30,599.878911764389,92491549499.68552,8239013550.86044
2021-05-01,624.5765352142118,96328564775.2831,7224919616.980516
2021-05-02,619.030889354574,95807714763.2703,5343009038.165392
2021-05-03,622.5877665982661,96157809794.48636,4766464032.459792
2021-05-04,675.0989738046136,103965094029.8506,6575775049.089207
2021-05-05,608.6328978666735,94640468017.1736,7324619316.396851
2021-05-06,651.8302379358385,100850357948.66006,5349087812.5937
2021-05-07,635.5432986217273,98151197197.41908,5775171467.713766
2021-05-08,625.0943959026756,96652603380.9141,4590421650.503598
2021-05-09,645.0585761750556,99362109225.36565,4816848613.341271
2021-05-10,661.8917093205984,102284543003.64534,5216360584.046523
2021-05-11,634.58945301263,98190931850.41058,6201737490.209549
2021-05-12,672.6378251611095,103537013034.41351,5966857158.70286
2021-05-13,602.4357875472981,94580104074.73462,5510123316.514754
2021-05-14,569.7521822185124,87410286002.94731,3750429562.6200943
2021-05-15,602.9050777032468,93111282325.0042,4033761226.8427687
2021-05-16,563.5052998307351,87136325690.68137,4542873645.857639
2021-05-17,563.878710635094,87138236383.10445,4900067856.480875
2021-05-18,513.8795215885984,79677505768.43378,5743719776.894899
2021-05-19,510.0773652399749,78540136205.18047,3909605067.2186456
2021-05-20,347.44636606255773,53692155787.03127,10259751518.669456
2021-05-21,390.4055489155821,60332411437.02028,7099930189.172725
2021-05-22,322.2867462633131,49571622639.55306,6909718073.525422
2021-05-23,301.2701990051035,46672829740.58369,4283705164.2144713
2021-05-24,261.2622534486674,40105004419.42738,4782475318.354452
2021-05-25,343.5153238530259,52912859480.87061,8284875340.299084
2021-05-26,342.96120646828297,52939482766.35376,6260895244.653375
2021-05-27,378.0723879073576,58140464824.59376,6989052888.121206
2021-05-28,367.29228652289953,56812189325.49153,6241842478.556876
2021-05-29,330.473645280297,51069299261.86949,5712344599.171066
2021-05-30,305.8489750844976,47615841361.244446,4498400345.065228
2021-05-31,325.5740271352291,50312143376.99665,4709152915.355526
2021-06-01,353.0811758712889,54552491112.92581,5388131344.604982
2021-06-02,361.66565480634273,55789519975.40357,5219256634.640035
2021-06-03,402.6103887950831,62216853673.38303,7211249339.156458
2021-06-04,428.93001062084943,66203469970.6911,5648032962.147617
2021-06-05,392.28088322664473,60689527765.42707,7120226608.464222
2021-06-06,388.3301907573572,59846984889.27947,6059655293.984396
2021-06-07,392.0265012406166,60595496609.36863,3240284906.4596896
2021-06-08,356.26141468125365,55568008128.47511,4201944881.624325
2021-06-09,353.7624004673745,54677889296.85125,5693339245.577852
2021-06-10,376.187367125218,58321133322.78771,4575803882.958323
2021-06-11,352.39187862755034,54791987617.99424,2560252759.4685807
2021-06-12,346.0770263345878,53238117722.61412,2396764203.443381
2021-06-13,345.0457266991574,53465798044.075775,2255909259.60942
2021-06-14,365.2476466395085,56433712415.26453,2179322818.6380343
2021-06-15,371.00423762337175,57233917454.64228,2315715122.63957
2021-06-16,369.0197344143191,57077376078.24857,1840165427.4525168
2021-06-17,346.43933841857296,53441971881.88039,1712882448.6310894
2021-06-18,353.2126444369965,54283380385.86557,1476059646.4892137
2021-06-19,337.6347927394546,52262937024.64517,1733550135.99151
2021-06-20,335.07018119431814,51823405992.95456,1215531869.4137082
2021-06-21,340.2281584344195,52532867592.99311,1735848239.2986724
2021-06-22,274.27055686293926,42900169324.99198,3167364633.1990423
2021-06-23,261.43223961520897,40307776792.15118,4239651345.534667
2021-06-24,296.1273022004297,45761403437.01146,2979006480.628633
2021-06-25,308.7936105091701,47853190843.28099,2214812922.8296785
2021-06-26,284.0782307500083,44009190871.738106,2246825827.258797
2021-06-27,277.39963231242126,42798282321.78064,1809860258.3532927
2021-06-28,289.2248669688827,44615925834.05021,1403604950.2124388
2021-06-29,291.0298352850683,44886803415.530174,1659011933.41546
2021-06-30,300.9239255732945,46872790459.90127,1889939149.811485
2021-07-01,303.7424426595392,46954864788.72594,1790095432.8689446
2021-07-02,289.1924506931423,44649305234.25196,1331378980.8209977
2021-07-03,288.1721729444467,44372602649.994255,1025692279.2176274
2021-07-04,298.4150443566236,46132901612.52061,995509864.1693326
2021-07-05,308.2587161797882,47786813767.72331,1239182756.2344325
2021-07-06,304.0232646044936,47061155248.5336,1342883414.6428928
2021-07-07,320.3670298197941,49507487066.40898,1844919548.445925
2021-07-08,328.28831490686645,50772663395.84581,1783548169.2798407
2021-07-09,311.53319583895274,48131735208.82834,1619108527.8013227
2021-07-10,318.3107569140051,49188528580.23943,1165805306.6851475
2021-07-11,317.67435605424265,49113706032.49423,944409662.6501232
2021-07-12,322.219354764812,49795281333.2416,905890795.0300148
2021-07-13,317.7586462992751,49001034088.52431,1315081652.3896668
2021-07-14,308.8603138834186,47747229553.78467,1018690262.727143
2021-07-15,309.4339650052979,47745276433.426186,1405296813.5783188
2021-07-16,314.6362318425904,48825663947.81495,2047778368.487867
2021-07-17,302.3938694991528,46692034724.77278,1501110588.1294348
2021-07-18,300.92427931101014,46537871655.906,1129480208.9157066
2021-07-19,304.2662316676439,46928323583.64445,976999132.9298644
2021-07-20,282.23704136302297,43760548275.471375,1139685728.6143262
2021-07-21,266.3980943719025,41138851777.04929,1614468141.8604865
2021-07-22,293.84319116155376,45239141513.15342,1744179795.3191714
2021-07-23,293.8016653905489,45356934262.17084,1324837574.9620745
2021-07-24,297.6400291647872,45972042411.20604,1619528255.7784448
2021-07-25,301.4738994735757,46583469226.00497,1507391380.4043567
2021-07-26,305.4674583615863,47183893750.72237,1241688365.9732957
2021-07-27,302.9585615137897,47090950811.835976,2462514230.174129
2021-07-28,313.4962897355437,48212394058.5421,1687336696.4424896
2021-07-29,313.7134832723744,48440837958.95631,1446736619.9462934
2021-07-30,317.11529159036354,49354872792.00752,1155821715.1486435
2021-07-31,322.74375771474973,49890385871.61259,1393575305.0981066
2021-08-01,334.98502851591746,51852888023.74996,1506775910.705664
2021-08-02,332.3726400184503,51248696205.63272,1645961385.243413
2021-08-03,331.452599995454,51220580709.04743,1216112763.1431472
2021-08-04,323.0998008181091,50072708742.12465,1140522219.2311575
2021-08-05,334.9795053490896,51783149635.80224,1127855648.6059818
2021-08-06,338.2818687741271,52300826066.09576,1380115123.7795894
2021-08-07,342.27520930886874,52876121037.14549,1382018983.1624885
2021-08-08,356.219011288504,54880391473.926216,1656565739.4411726
2021-08-09,341.45649731912124,52793795858.293,1404615891.4422364
2021-08-10,354.86681082174385,54561563300.34518,1395603017.6866174
2021-08-11,372.732123638586,57472301267.84832,1905176129.7731369
2021-08-12,391.9444529953977,60548205332.75795,2195319497.559276
2021-08-13,385.1111434804157,59332763048.56222,2038927323.1838584
2021-08-14,410.211231388222,63016725340.47912,1593153826.498612
2021-08-15,409.3239523090878,63344089223.87856,1812232421.462215
2021-08-16,413.352941129316,63784043199.77024,1554988599.5371594
2021-08-17,416.9093485124447,65224358497.13265,2290119855.400846
2021-08-18,401.4108438239085,62280876139.74908,2233266778.4626274
2021-08-19,401.1185991796104,62145691624.65151,2128230790.5160668
2021-08-20,430.26289463296433,65726343115.57676,2487648986.8447065
2021-08-21,453.529761116505,70037579538.80284,2261975810.68877
2021-08-22,450.152782312137,69659003452.0214,2070053098.357232
2021-08-23,448.5460498577836,69395126714.92691,1602226689.0749912
2021-08-24,499.6471922438925,77267801785.69308,3634433588.097943
2021-08-25,472.5678994082576,73440151948.04544,2714285782.957293
2021-08-26,503.0600194308284,77788566247.38934,3135514100.431467
2021-08-27,483.5947809736497,75086628042.77792,3235994014.8951435
2021-08-28,494.4910267549098,76421141931.36273,2356866526.5502834
2021-08-29,486.1135106261634,75061435375.20934,1575244679.636221
2021-08-30,481.112307272702,74282424323.4163,1549893105.0502458
2021-08-31,461.0741328057276,71302040315.8845,1882612669.1134057
2021-09-01,466.3250681926073,72059236389.63062,2264660553.3555527
2021-09-02,490.1903097419243,75616163844.14787,2082474521.4613647
2021-09-03,484.9230378206484,74934946404.6364,2163061555.832273
2021-09-04,487.5028155359726,75183682793.79868,1961841627.416676
2021-09-05,499.23220832331145,77210985540.40028,2164375128.68784
2021-09-06,502.6478993110621,77580110429.22977,1654292586.8946228
2021-09-07,497.3629972066087,76823850589.04639,2038975191.8070223
2021-09-08,418.7199041232581,64719149899.39477,4229772993.3485208
2021-09-09,414.01508472530526,64391771501.81906,2645148614.5046954
2021-09-10,421.90434620430176,65361763607.67077,2170756408.113559
2021-09-11,401.63387407747,62065949287.93618,2068447271.7592905
2021-09-12,404.1454767462771,62448302557.367645,1416277397.0075214
2021-09-13,417.78466673455966,64725512440.31579,1500885417.158933
2021-09-14,400.88829550518807,61836604514.0765,1958341644.7153292
2021-09-15,414.29388624030463,63965140618.53152,1471666239.0822508
2021-09-16,429.9269849383592,66397294535.7022,1561669782.186448
2021-09-17,424.9286346297753,65615252928.99098,1566913036.0969064
2021-09-18,405.9246622829612,63043960569.65185,1394676417.052289
2021-09-19,411.49215032485296,63476626164.37432,1189676773.570641
2021-09-20,409.8656741984923,63338039422.34862,1153474187.8252594
2021-09-21,363.8928187736703,55807688333.67029,2187191463.612268
2021-09-22,343.8883778193333,53142685672.709526,1890967604.2297049
2021-09-23,378.304383892215,58386015867.00316,1529450796.817933
2021-09-24,384.8505093844634,59372501849.194,1399652340.6171107
2021-09-25,355.7512176219757,55591125028.50592,1956077739.198948
2021-09-26,351.3197716355193,54335702254.9369,1270920363.0347266
2021-09-27,344.5604683588748,54001567375.674,1841498071.1215053
2021-09-28,335.6370807457751,51867223800.6998,1423797942.6804037
2021-09-29,332.2069635513584,51521247447.87336,1258434685.7705045
2021-09-30,368.21137136727407,56833140653.68402,2218687351.957908
2021-10-01,387.5183524683549,59862261975.878426,1699723204.644169
2021-10-02,421.4675125853655,65027593878.11336,2049639019.1786
2021-10-03,429.3505314242623,66403151475.90375,1699720379.3068976
2021-10-04,431.4490158127125,66727470440.89087,1415239078.7746394
2021-10-05,427.5458615165339,66091266343.13519,1586207427.03375
2021-10-06,443.4354477289843,68612810246.75586,1452505521.3509912
2021-10-07,435.2620060917299,67279547298.14212,1968600658.1827505
2021-10-08,439.9326470373653,67866518612.22393,1940999669.3956227
2021-10-09,418.31734306238405,64773787608.15221,2658332981.978616
2021-10-10,422.312499600526,65232908458.29749,1353245268.384111
2021-10-11,404.32984207958265,62527397932.99623,1339995646.381851
2021-10-12,412.9041662172662,63683402507.01241,1424414188.0642457
2021-10-13,440.3673278221853,73896020833.16838,2953161958.3325624
2021-10-14,469.5721483361627,78760669251.04555,4647235190.17299
2021-10-15,471.83904758364673,79032448286.10008,2484696901.077151
2021-10-16,476.06043685916666,80060746880.21066,2781284707.504044
2021-10-17,467.8139206359946,78849039775.0317,1796083737.658238
2021-10-18,470.6037423333306,79058266963.29211,1637429357.9153357
2021-10-19,484.9628307655541,81885592095.6499,1999076149.1747544
2021-10-20,488.5758698597108,82011979459.14874,1825139625.9168832
2021-10-21,503.12263901994754,84745122606.4623,1833542986.521904
2021-10-22,472.6932063610324,79624573356.90178,3033090976.7527623
2021-10-23,481.1525290008791,80952725832.11777,1898030478.473964
2021-10-24,484.8358532477628,81934945154.53473,1129514282.5997796
2021-10-25,477.9704015575551,80199757017.45264,1254106530.2921195
2021-10-26,487.15211541381655,81913681359.43121,1284541316.639778
2021-10-27,478.44458996042187,80677268288.5376,1508840530.1107385
2021-10-28,450.85609413572087,75903656465.65352,2316775185.4670663
2021-10-29,491.7140407371403,82561621362.28908,2628914115.028964
2021-10-30,529.2882472230272,88860227505.95818,2569613187.9379926
2021-10-31,526.9439227746522,88364902395.50041,2156161648.209199
2021-11-01,524.7049325140741,88397508686.16068,2055395356.7474585
2021-11-02,551.2885678600875,92000730617.12926,2510289680.459012
2021-11-03,555.3427586577659,93300469526.21828,2354014158.7823987
2021-11-04,569.4164593460114,95580886279.6244,2535572381.3340287
2021-11-05,561.0755439359384,93684809790.80734,918351949.366726
2021-11-06,607.3883112866952,102239350031.91696,823889824.0042819
2021-11-07,636.0540957346044,106678784796.95505,2732633332.0970964
2021-11-08,650.4955187419658,109351224513.36607,2959585574.60504
2021-11-09,654.5480093929862,110441230385.45178,2736003241.609642
2021-11-10,636.9276179113473,107121024764.02724,1382513876.6347072
2021-11-11,611.442280988011,102244405701.09842,3696723702.1209984
2021-11-12,629.7114198219757,106206623233.60594,2337919696.5244536
2021-11-13,629.0951051768023,105472491968.83057,2217116489.61066
2021-11-14,652.233781780782,109752105406.01126,2130842944.858373
2021-11-15,654.6251958260524,109344591546.65788,2176186844.8508444
2021-11-16,635.7060101886829,107179034486.68674,2164485657.590104
2021-11-17,591.3491128080688,99072575969.34612,3785748029.642495
2021-11-18,580.0133147253715,97395197941.88988,2675180273.98891
2021-11-19,530.9570129634238,89273538349.98795,2853667453.4497666
2021-11-20,584.2926021273962,97897877035.36424,1997409357.4315584
2021-11-21,605.5286170448769,101748904918.52669,1997292580.829934
2021-11-22,590.2541189074999,99417134265.9072,1939044330.212048
2021-11-23,559.9888491894189,94141555128.42072,2102538150.311685
2021-11-24,593.4866916637089,99757241785.07602,2477156620.7457576
2021-11-25,591.4138284048736,99379066100.37685,1684423139.7574818
2021-11-26,638.1682733737293,107424492828.26443,3220559430.769233
2021-11-27,585.565593002117,98163785738.51369,3590433261.234904
2021-11-28,598.0658826532297,100563350064.07236,2286083326.02913
2021-11-29,611.4482335847231,102859413042.395,1989683137.7295897
2021-11-30,623.8191584314648,104784648775.37642,2325905243.943369
2021-12-01,624.0478871415212,104925562003.6331,2439816624.457762
2021-12-02,627.5298135272164,105462458343.2914,1515106862.6545084
2021-12-03,620.5070871087867,104330222381.41447,1617408815.099449
2021-12-04,596.4043662845299,100528004276.42007,2382852302.693731
2021-12-05,567.2495179476927,95335338060.06216,2266233562.7227225
2021-12-06,555.8212703932991,93250170464.80862,2288311513.664084
2021-12-07,588.4348263784073,98720942135.86618,1134910473.6514003
2021-12-08,578.5399946338938,97186791666.94543,1652489519.44965
2021-12-09,604.9915670300866,101696478776.10593,950989762.117386
2021-12-10,574.641806152582,96991666247.38248,2138850107.7152977
2021-12-11,553.6133877159856,93909797723.08977,2061957673.598908
2021-12-12,564.2782554939088,95058056440.36154,1751228657.616518
2021-12-13,569.0004263105781,95781352542.45345,1226159947.7396386
2021-12-14,522.8376226690576,88136999321.73947,1857063942.6485744
2021-12-15,527.2875946201649,88467152917.59581,2102957892.8327856
2021-12-16,539.3565808593963,90516070605.93126,1459793198.0898228
2021-12-17,526.9418353141148,88739042728.2347,1271490920.8324678
2021-12-18,526.4854789150172,88621998225.15762,1263802707.4398265
2021-12-19,536.1871682219864,90157712271.86766,1058739536.7618155
2021-12-20,530.1187422479649,89132593996.60892,1043023863.168432
2021-12-21,526.5978524574593,88675975411.82384,481169380.3684995
2021-12-22,530.0064075047421,89294190471.49745,1434096929.3250618
2021-12-23,534.6981367362372,90182492751.57364,1425636263.1341903
2021-12-24,549.8265817194211,92280915089.05827,1812462412.5303693
2021-12-25,542.6983592819216,91373285919.8288,1580172422.0506625
2021-12-26,548.7449450690223,92441360231.32368,1190695627.4241185
2021-12-27,547.4764999433936,92035994606.58183,1356354521.7332883
2021-12-28,564.6778030444042,95279493611.64384,1838703937.579452
2021-12-29,536.1753306823955,90330999470.31947,2359858892.476065
2021-12-30,514.1864863211885,86121656107.6653,1354698230.2318523
2021-12-31,518.3716411383205,87050521604.65057,1698742743.0255451
2022-01-01,511.8047669798138,86323960659.40782,1750642164.9547455
2022-01-02,528.8656538402871,88661538317.93062,820262618.0493886
2022-01-03,531.645840127719,89522189019.5565,1220807572.143435
2022-01-04,513.2364309427686,86379864692.99603,1155605567.6809766
2022-01-05,508.8018048065927,86116119394.8199,1866547636.52065
2022-01-06,476.5790020168917,80376575794.46985,2238201788.509528
2022-01-07,474.7851450069993,80086178245.53891,2262100948.1225085
2022-01-08,448.5788395543549,75431982009.16672,2340876849.9235053
2022-01-09,430.9294223359252,72662332918.36339,2109223635.283141
2022-01-10,439.156625815727,73802928625.34749,1017473215.748263
2022-01-11,425.3108797625643,71469070530.31258,2283995177.355379
2022-01-12,463.4275547369332,78027582165.11958,2693923972.608509
2022-01-13,486.90638492744864,81968927554.14449,1732515894.0651107
2022-01-14,476.5975674395728,80256860311.51465,1836655379.2635217
2022-01-15,490.0587450233676,82170008339.50629,1775644712.449493
2022-01-16,495.2248671575,83034121647.52852,1511805154.9803548
2022-01-17,498.5998606989367,83904334598.77933,1332107668.7120554
2022-01-18,476.3945519061945,80113395111.70406,1711972220.788772
2022-01-19,471.7584509780221,79371321638.67601,1663280879.8601737
2022-01-20,464.38929629781495,78467831653.85156,1446235304.9100647
2022-01-21,441.5417572067395,74494921473.01782,1653634388.745571
2022-01-22,383.86404934716313,64653946477.53362,3089461134.141803
2022-01-23,359.0134419494436,60116625363.670944,3590172456.288106
2022-01-24,383.3773709361465,64459934780.33848,2242215151.69818
2022-01-25,372.5032006223924,62631584015.912094,2644012029.563425
2022-01-26,385.1048428042205,64635129351.40751,1926309749.8088808
2022-01-27,376.4547135125805,63597418218.23682,1801411194.2241275
2022-01-28,391.3431655632998,65799279877.53618,1784274033.2060268
2022-01-29,386.6374670963409,64930462385.454254,1325803443.8496091
2022-01-30,390.1593565970201,65455197964.94471,1077437029.4609516
2022-01-31,378.3370193560595,63620799335.23713,809713293.9460264
2022-02-01,376.51047776345945,63111084940.62619,1183978070.3226876
2022-02-02,386.4213700097077,64988396077.18928,1147831730.5095165
2022-02-03,367.78060888976273,61845292783.10847,944360828.9735808
2022-02-04,370.67591619482783,62279822866.07972,932845622.3237836
2022-02-05,400.05369289690856,67023578508.59132,1434080864.2679703
2022-02-06,414.64214989920873,69907252285.91177,1707243779.5271208
2022-02-07,419.7392671915181,70526761117.54468,1145278303.1898243
2022-02-08,433.95641989576353,73021174370.41232,1484506914.0559337
2022-02-09,409.4113755057999,68941548308.23026,1901135964.2019
2022-02-10,422.3103580630925,71003391605.57011,1364378147.3167737
2022-02-11,415.5170960475197,69943257673.95715,1618182595.828822
2022-02-12,400.9747011099451,67387149413.09772,1177766624.5480516
2022-02-13,403.39577764667735,67644926163.61093,1063115282.9592524
2022-02-14,399.29362973121937,67161724930.411766,902171066.4918172
2022-02-15,403.57720920349806,67927392995.63532,494813179.0091319
2022-02-16,433.4728144640104,72921371863.18454,2097197141.7202256
2022-02-17,428.8180875718536,72209779015.14417,1325457432.7809155
2022-02-18,402.6685524727072,67768130125.47836,1129722977.6152854
2022-02-19,399.9639648357322,67290288640.625626,388266118.98024994
2022-02-20,400.6940738297616,67268132030.639,938066424.2155038
2022-02-21,381.5753630415743,64427436020.24641,1148015812.1110637
2022-02-22,356.95637673151066,60272497691.14773,1618738858.8180535
2022-02-23,374.4295685151946,62997037014.43592,1611578892.7079134
2022-02-24,367.5251688253597,61823423821.17144,1287048726.698975
2022-02-25,361.3380734966986,60666123711.91457,2319428614.462771
2022-02-26,375.03608137178696,63040996747.37649,1248836310.7448275
2022-02-27,373.7079661445891,62626174042.79944,1034746780.5093408
2022-02-28,361.2948659522814,60867607019.91464,1258267471.1888309
2022-03-01,395.8121028222852,66424867796.34133,1540189377.8998697
2022-03-02,409.3528497327248,68682205857.10456,2509007292.682648
2022-03-03,409.2816691541611,68815406699.78511,1535399359.5437255
2022-03-04,402.97758410846944,67836012886.51726,876430177.8011239
2022-03-05,375.0267575042342,63038204707.347404,1412989509.4984322
2022-03-06,385.44055544847913,64694552915.98726,1178995370.37429
2022-03-07,375.2821061110737,63077523633.75106,1181871869.7686915
2022-03-08,381.519857500964,63911307485.45487,1813986132.7580984
2022-03-09,381.74362262533583,64220105349.65272,1436515784.4588244
2022-03-10,393.61178701658,66202668578.4044,1804524853.456224
2022-03-11,371.96825460939016,62505187316.17649,1594885257.3842895
2022-03-12,372.3654360326484,62803713530.74828,1295143505.749849
2022-03-13,372.861142791542,62799547814.066925,964508018.308636
2022-03-14,362.3421368408956,60866119883.07311,376150073.5854782
2022-03-15,372.9835915188982,62671877529.375824,1212240585.105538
2022-03-16,371.5510664751932,62545699437.98864,1137029114.83873
2022-03-17,385.651946371343,64769916794.3659,1510185427.3732588
2022-03-18,392.37620805338537,65846032213.57711,1283779184.118896
2022-03-19,397.6323146779455,66860410901.468994,1348743666.6484983
2022-03-20,399.603862569097,67167808769.26283,942688898.084592
2022-03-21,390.7339361516479,65740764174.25152,1089593267.9744828
2022-03-22,396.4847041639013,66563040409.07858,1117952150.0327206
2022-03-23,403.974420320891,67944911784.28478,1410134835.8988323
2022-03-24,407.7264488090159,68533085664.445015,1359589492.0039978
2022-03-25,413.5199383599232,69570163337.93143,1414904527.1329825
2022-03-26,410.9706084405228,69101357831.00623,1382665232.1999316
2022-03-27,415.64086101303536,69918476312.58119,810539522.9863377
2022-03-28,429.7920415860487,72171510772.34586,1228513374.3778086
2022-03-29,429.884089355581,72525569986.30646,1785452104.8351495
2022-03-30,434.2691325937592,73031351753.69048,1642982250.9366329
2022-03-31,442.7927450232417,74528326961.8592,1873665298.2904177
2022-04-01,428.7633719999265,72076475923.10056,1862521187.8113408
2022-04-02,446.51720877896327,74975843094.60384,2415807550.643166
2022-04-03,436.6346092948738,73580203376.82477,1719409479.349891
2022-04-04,449.0517773445914,75453944280.38243,1926051773.6496048
2022-04-05,447.4021754279126,75127757360.83472,2040640167.566722
2022-04-06,446.6928276583855,75257138923.67526,2111671411.185174
2022-04-07,420.5214175354114,70913339346.85448,2227804262.08252
2022-04-08,437.09242241473214,73491424319.16377,1902419275.6903813
2022-04-09,421.46865244846873,70595674729.47571,1895964802.5659816
2022-04-10,426.9215532088973,71781324518.36812,1312491096.849558
2022-04-11,419.82285192759065,70798823665.38066,1230641841.8784754
2022-04-12,394.05470314772543,66255189769.71295,2139768656.2142828
2022-04-13,414.5915061665852,69708186956.16621,1974498684.823981
2022-04-14,423.5428767955128,71207307204.25941,1726755978.7743976
2022-04-15,415.2804961631375,69824031691.95126,637543282.9959954
2022-04-16,417.5653550897319,70113766960.73828,1092656125.8656168
2022-04-17,417.7292561292627,70352696631.83182,960255591.9764392
2022-04-18,407.52660227622914,68520314957.12335,887315102.6807246
2022-04-19,416.9236775343864,70069289513.02328,1663405006.6422668
2022-04-20,422.1816858899607,70963228669.50735,1684344617.832971
2022-04-21,418.2972967410871,70312408958.09077,2041447597.73146
2022-04-22,405.007526363807,68052602510.57242,1987149683.7801416
2022-04-23,407.29828768348585,68545771657.55915,1856696292.2618985
2022-04-24,401.8406948222838,67564303331.41528,857943401.5593833
2022-04-25,399.06907472547033,67305356883.21876,1105869387.697863
2022-04-26,404.60678401197765,68052709104.909424,1913307233.809128
2022-04-27,385.0276125055176,64737401506.33148,1075313404.2201035
2022-04-28,391.2855429453306,65776057225.10052,1395387038.3115418
2022-04-29,406.3266878708985,68164491595.67788,2003276231.7060096
2022-04-30,392.9643749272761,66152617932.25558,1914673120.4916348
2022-05-01,378.73468452228144,63862082109.34614,1369438095.1543453
2022-05-02,390.8651456422927,65644187988.48712,1747249741.6637166
2022-05-03,389.8047599149916,65520745450.58815,1150913812.8750987
2022-05-04,383.7098536711533,64548901391.76938,1231287145.0026062
2022-05-05,402.6195204690089,67720818327.89634,1688036565.0797029
2022-05-06,379.2123644013093,63635450816.209496,2539500897.383408
2022-05-07,379.81681129021393,63931869616.4675,1879809067.8329957
2022-05-08,366.2562215791792,61694401854.02236,1484663429.2283075
2022-05-09,355.66558193095045,59770459493.14467,1768055683.05187
2022-05-10,301.28375582072573,50859142819.52243,3164346808.261889
2022-05-11,318.9583938325508,53628718914.42993,4423139725.452738
2022-05-12,269.00669656703536,44475852347.89696,2297689496.5699925
2022-05-13,269.7728009260508,45445655852.13465,5267479590.191646
2022-05-14,291.05538401729126,49020764852.40805,2677455045.457183
2022-05-15,298.3592181960573,49702725963.90215,1555815081.067778
2022-05-16,311.97562672862404,52549787608.41154,1727805539.130371
2022-05-17,298.1658192080871,50065379602.77897,1684110716.251434
2022-05-18,306.5358434449809,51662703575.09275,1584146318.300808
2022-05-19,288.249178406239,48512726765.68842,1487684738.3119953
2022-05-20,307.630493551344,51737725724.41182,1444186202.1248186
2022-05-21,302.90843357288986,50943276041.32551,1752120030.7295442
2022-05-22,312.8154289324993,52595859004.497536,1312260645.3703418
2022-05-23,319.8494390456595,53787029351.10897,1764074093.06145
2022-05-24,317.7471875282028,53466327176.63561,2205318718.718959
2022-05-25,328.2995872481599,55142195074.28065,2193790175.7620344
2022-05-26,326.18222222703326,54907712188.86128,2048522177.8231905
2022-05-27,307.82419266656734,51941575183.316055,2808282194.4732704
2022-05-28,301.2670509597398,50654148962.7049,2660229690.80986
2022-05-29,309.0366097163039,52054875073.40336,1358488521.9324367
2022-05-30,306.1490273925443,51494080030.687096,1027383625.450085
2022-05-31,322.18861424458186,54167940538.84037,1711355389.025887
2022-06-01,321.67744750510934,54115193868.88741,1758873055.136742
2022-06-02,300.8807913441796,50589204415.856735,1797066800.6735597
2022-06-03,308.08906672268705,50390903058.942986,1137058518.5689042
2022-06-04,298.447625033423,48729625300.96596,1039501109.8270313
2022-06-05,301.8449199848928,49215183113.50602,802391051.6250657
2022-06-06,298.81564352419537,48872078492.54568,699650522.173192
2022-06-07,295.58954661325384,48425486340.92845,1554388272.3716736
2022-06-08,290.92534560918034,47501410274.25411,1918205658.240476
2022-06-09,288.9760034998644,47241635831.61536,1035851848.61637
2022-06-10,289.8022594010039,47342510176.88658,678010474.8814148
2022-06-11,286.08123055198695,46728206970.79886,1297530974.575433
2022-06-12,269.8646190688167,44053080226.60472,1258736549.3642752
2022-06-13,256.08280782231475,42131635372.76615,1355338378.6604998
2022-06-14,222.6377519129533,36198614007.82916,2566326222.3201046
2022-06-15,223.45425894845545,36442165015.60948,2147410141.0655036
2022-06-16,232.69666343500455,37939256522.40495,2302592252.9958105
2022-06-17,209.83372009937108,34207718311.027905,831988466.92497
2022-06-18,216.1530666531397,35292818780.12139,1061144047.6324332
2022-06-19,197.3765062517528,32227038803.82548,1549811544.698275
2022-06-20,214.7703823312349,34924468457.17006,1313766322.7241385
2022-06-21,217.19294624056732,35485172287.16763,1134856804.7704136
2022-06-22,219.48024051321624,35750851630.41949,1131744411.9120395
2022-06-23,214.5688252429915,35089855487.27363,733234140.6354548
2022-06-24,229.08407350667892,37404154458.08707,1129788546.3309674
2022-06-25,240.94640906164076,39486522340.2154,1226204267.1183867
2022-06-26,239.9174566909325,39111045133.47705,855204133.7155405
2022-06-27,234.53219725407885,38265201884.78684,880082643.3862613
2022-06-28,233.84128189085368,38180897050.7396,565796590.2274102
2022-06-29,227.0175546473871,37046663286.14978,1058553753.9259042
2022-06-30,219.36837150484996,35835405053.67832,790368142.7942028
2022-07-01,217.0158650321337,35182367551.57291,1078612755.2841198
2022-07-02,217.73329223722035,35751016075.89268,1217648796.6612844
2022-07-03,218.25819305122232,35629922971.374054,578102687.6867995
2022-07-04,219.35414892807725,35811629796.39976,656650022.6504874
2022-07-05,231.650624339044,37729735516.76644,1010734428.4236898
2022-07-06,230.74940984289344,37695662457.64836,1153573397.0926127
2022-07-07,238.82078337513795,38971926593.86251,1193250829.938432
2022-07-08,241.782161058442,39540006903.66596,1077648957.2462573
2022-07-09,242.55569956888652,39635033167.040726,1249164297.6971912
2022-07-10,243.05905629743197,39708056980.572586,656670872.0190305
2022-07-11,234.78403672128505,38334827207.27024,824055042.9742659
2022-07-12,225.9607206248308,36894922650.15376,925001434.946941
2022-07-13,221.5215445947843,36231969766.81111,1052021066.5359198
2022-07-14,230.44249662692448,37618474754.53798,1417142788.3058417
2022-07-15,238.36968523101555,38927039106.4044,1633927510.322331
2022-07-16,238.4973062557798,38894135454.837234,1123721133.750862
2022-07-17,249.39564994191505,40751955645.52246,826594168.8395503
2022-07-18,248.19162914543435,40589283427.29082,945703567.0430392
2022-07-19,264.1063233808582,43107669102.2671,1682926913.0515964
2022-07-20,268.38724240866617,43881525020.025566,1285526158.0200553
2022-07-21,258.9692212292539,42332670048.6081,1605120343.44533
2022-07-22,265.2737508667017,43329646344.73588,1164088486.936362
2022-07-23,262.63868687491663,42796458925.05032,1090064249.8968377
2022-07-24,259.4633930401048,42364397842.82291,855897877.5834764
2022-07-25,262.12520563968855,42971350008.49768,774199649.0594009
2022-07-26,247.10409715850267,40716542937.856606,1032463870.9487182
2022-07-27,248.85123503979383,40597926831.43044,903498715.9245186
2022-07-28,270.305244098005,44039739596.28245,1505190980.643265
2022-07-29,276.4679544715501,45134642246.445854,387272966.9982215
2022-07-30,294.54662157281666,48492377928.623245,2732526125.6230755
2022-07-31,287.36216457951184,46919624855.67083,1138108421.946806
2022-08-01,283.91540739722217,46356068027.89319,1243125175.1129415
2022-08-02,284.0950606612527,46301685648.88739,1311288013.5960827
2022-08-03,284.85832039422485,46595190260.02107,1867127015.2984755
2022-08-04,298.49185693478915,48707468946.87364,2208152274.1887946
2022-08-05,310.8835795429203,50645057813.07684,2007196702.8573213
2022-08-06,314.7557202157418,51181171045.14499,1694815048.8307605
2022-08-07,315.5149407134086,51485579404.84448,1199910073.159927
2022-08-08,323.2333944550063,52739608921.588455,524259039.8295711
2022-08-09,324.9310209829221,53002218705.15956,946166165.8398058
2022-08-10,325.52182160661977,53192959784.8313,1186836306.17005
2022-08-11,327.76851073965094,53491408552.59488,247642295.9922279
2022-08-12,323.6498506977299,52850221538.56826,465352985.4846385
2022-08-13,327.3379259505562,53411746990.02553,982278102.740495
2022-08-14,323.8887239808326,52876462683.675606,991502775.230884
2022-08-15,317.7019877250016,51831138384.37245,943392380.9953665
2022-08-16,319.97483545151,52259059529.06016,1029621279.6704528
2022-08-17,316.69840043102874,51644710407.552025,1009808544.603202
2022-08-18,306.6392868905775,50100609704.51537,1199734459.4520664
2022-08-19,298.6006995468838,48825701689.01324,1091855502.0052712
2022-08-20,279.9778137568797,45642954306.35766,1657992768.764626
2022-08-21,283.656155240003,46252370172.3828,1246837965.585003
2022-08-22,303.0151479538937,49486226301.39337,1195298206.3088677
2022-08-23,301.1561361796223,49150485248.30302,1570719769.9969766
2022-08-24,299.463376750775,48982780105.76501,1057636829.4286772
2022-08-25,296.41961244603993,48379260404.01617,838987390.2975254
2022-08-26,301.8177863704008,49272835871.91296,805713579.376531
2022-08-27,279.406424179658,45470473382.98042,1018341640.0751536
2022-08-28,277.85418929875823,45369238899.4809,289644996.38009393
2022-08-29,277.7793667633549,45374822894.64732,419819777.671055
2022-08-30,286.40738466251423,46716386630.32706,908062237.3551435
2022-08-31,281.2938188285588,46046373619.12218,364213046.876533
2022-09-01,278.5787490121518,45512248503.54616,336434858.2854408
2022-09-02,278.86798697362656,45462861465.44521,866758763.7151389
2022-09-03,276.7779042811536,45198465388.21421,176346268.48536095
2022-09-04,277.51831028933856,45346195157.02845,382128516.1699821
2022-09-05,278.75305282032576,45476672064.83845,418828208.9843804
2022-09-06,276.55056282410976,45101612117.56805,553587755.583382
2022-09-07,264.03727128242207,43155638705.5872,929496549.3717957
2022-09-08,278.77305020211605,45453989049.39531,891912791.0622817
2022-09-09,280.55767662394817,45796774077.41956,745223780.1461269
2022-09-10,293.0262178865758,47844370267.32543,1041667243.0265172
2022-09-11,297.5308790857409,48573687138.850624,578541819.4338701
2022-09-12,294.75802344365405,48115913412.02448,475052432.7777434
2022-09-13,293.0265876719509,47815172003.762566,687391715.7295095
2022-09-14,277.42108371784286,45169037859.44772,1062897594.7003584
2022-09-15,279.72005694926696,45617788343.9902,637022200.7735264
2022-09-16,270.7297215251866,44237559174.64366,880165869.7445587
2022-09-17,274.3496322710761,44781850539.36754,691151537.4004691
2022-09-18,279.33610940451564,45616157323.82547,455331744.8777075
2022-09-19,266.6233589428211,43523757864.668365,619323050.5974814
2022-09-20,272.294397316546,44476332736.723465,915888746.5984052
2022-09-21,266.30872419092697,43537042604.86041,715084654.5573487
2022-09-22,264.6430723796989,43192546028.95253,429925394.622945
2022-09-23,275.9416807858792,44981567511.32132,750846868.141816
2022-09-24,276.54453165257104,45185478738.67717,787790763.5111085
2022-09-25,275.43957294082526,45005324722.63365,561051872.3911191
2022-09-26,274.0886174359959,44725198716.43691,252974908.51656836
2022-09-27,275.6450211777494,44942732069.5216,454677112.9975738
2022-09-28,272.5502043464818,44501118450.60125,820521273.712194
2022-09-29,281.35816084815264,45985363665.71459,252004911.08645052
2022-09-30,283.74872314150554,46295594360.01962,699402558.2029155
2022-10-01,284.0074317083427,46399832661.6369,367994492.1545133
2022-10-02,282.8698124985044,46143731337.19136,414255338.2676184
2022-10-03,284.943142563058,46627866231.39143,469428210.3280755
2022-10-04,287.0239733773218,46843391805.4552,605113948.824388
2022-10-05,296.4786138635916,48396050335.201744,728336449.1414783
2022-10-06,293.994765712581,48013554581.76717,543029075.5981967
2022-10-07,284.6831470938366,46461345517.54018,217913559.7982376
2022-10-08,282.1380761233629,46074108670.24089,941674777.9664016
2022-10-09,276.200004442636,45097700498.16838,460043777.1393903
2022-10-10,278.2110143445637,45353431565.52445,422533959.31943816
2022-10-11,271.8858994634033,44486786748.7005,533177533.6550592
2022-10-12,271.36643087829793,44256837124.06181,519272843.7585784
2022-10-13,270.9230856875024,44244724963.92678,411506006.6892125
2022-10-14,271.8081703675306,44381601383.2478,990860816.11847
2022-10-15,269.2012020625651,43918740943.71357,35486912.41895256
2022-10-16,268.8115135474888,43876754813.13291,139004435.58449778
2022-10-17,272.359699567604,44431434369.45748,442972907.65471065
2022-10-18,275.819356625612,45002578230.53172,454896074.3009653
2022-10-19,273.35214811973776,44649912359.253006,415377960.286061
2022-10-20,271.62616712300417,44327023282.1657,196181369.36518124
2022-10-21,268.96503251364254,43919112784.57006,246682792.69781128
2022-10-22,269.96653990650645,44082565735.125336,535671514.44089705
2022-10-23,270.4364471259337,44153416936.60568,111147720.33729328
2022-10-24,276.01957645652334,45036253669.954735,425481973.74251753
2022-10-25,273.6551938464968,44622894154.07484,468905489.6912025
2022-10-26,285.15419202713457,46656222265.68989,908333564.2418988
2022-10-27,290.2230866189964,47393552587.29484,305360483.0617116
2022-10-28,287.011074547805,46874589626.861725,498014882.6451063
2022-10-29,297.70435875192106,48606139721.35658,244128552.44174865
2022-10-30,303.65754404105,49556125469.52815,1434607961.583603
2022-10-31,313.6005607990021,51110669155.773766,1619397557.4664311
2022-11-01,326.32149655475104,53528392691.56975,2574887906.367027
2022-11-02,324.69417703745535,53045918785.69489,2472618806.688668
2022-11-03,320.2613946314507,52253322651.63208,2441288353.739577
2022-11-04,329.5846389937549,53729673248.89722,2914407353.45244
2022-11-05,352.9461579035513,57629043552.57033,482084447.3973793
2022-11-06,348.70361246682364,56955128372.17605,86762244.5546612
2022-11-07,340.8931520879805,55830055509.25134,1951301965.1001325
2022-11-08,337.0016536650197,54937029725.69119,3463407069.567359
2022-11-09,330.6993295780715,54109010974.71479,2457633082.556192
2022-11-10,264.0156828418253,43045983596.496254,2967391235.064065
2022-11-11,303.54990812229,49453629190.09885,2829805459.072689
2022-11-12,291.0495603067069,47348254051.62744,1822439188.110564
2022-11-13,281.77897038510287,45956774660.47869,1319689080.5398424
2022-11-14,276.6320889673084,45079657180.48735,1029304209.2044678
2022-11-15,278.40397281014515,45595436003.94707,1587096552.1310854
2022-11-16,277.1353122741133,45276634124.73127,1056184721.1260808
2022-11-17,272.25465844602024,44379314946.52611,895350350.8859801
2022-11-18,268.14985634550976,43762525622.32037,589270203.0939227
2022-11-19,274.0765267565594,44733949104.93774,593920125.1880074
2022-11-20,272.3602662535667,44498964733.00458,316487894.5957716
2022-11-21,264.40273888614735,43149905938.59149,476496983.5938403
2022-11-22,254.40350517616608,41538741493.90912,1157275624.890331
2022-11-23,266.35995578420506,43586685572.44545,787412866.2498643
2022-11-24,297.75275343880065,48702064859.94381,218835082.88697192
2022-11-25,300.7303265004611,49040106669.95617,1002366660.1781118
2022-11-26,300.8092123894143,49109400047.8331,598170272.4300721
2022-11-27,311.24459933429426,50825864029.50319,1394413989.773592
2022-11-28,307.5693272734675,50254569003.80592,794833046.1837469
2022-11-29,293.64957881359106,47949642740.82927,1291367056.0920334
2022-11-30,296.4125819335669,48390045094.951065,136503299.83621466
2022-12-01,301.70616571685736,49274297384.454605,944822626.0801916
2022-12-02,292.0902464905152,47684754833.26964,1718187301.1895766
2022-12-03,292.771285723617,47789712925.8789,49427730.58518304
2022-12-04,291.0209683080699,47591443112.12832,703884125.0602776
2022-12-05,292.5518415253399,47722863606.6815,665815594.1316248
2022-12-06,288.58893380851634,47134321600.0522,721593433.6776474
2022-12-07,290.1949343288683,47388136404.34783,641666867.278448
2022-12-08,284.4590071248974,46475738118.34146,775412065.210586
2022-12-09,290.51971654294226,47360717202.43943,720497813.0594383
2022-12-10,286.23231261782905,46755914537.07679,639138700.9697437
2022-12-11,288.0232700990562,46979017087.120926,439505796.9913464
2022-12-12,284.4874611576896,46459874594.12394,356251072.19084746
2022-12-13,276.950700638716,45247815338.55446,308501680.81345034
2022-12-14,272.0881885344604,44442840988.66696,1038027779.454247
2022-12-15,268.2791961692552,43816838361.29269,1230823034.113096
2022-12-16,257.2922574790732,42062237375.5205,496922718.9182019
2022-12-17,227.85848413813025,37108234937.8048,99313763.61134356
2022-12-18,242.82820622253877,39515739967.728096,1505549357.4104545
2022-12-19,251.6452571218564,41190139611.41653,360672453.94024426
2022-12-20,241.19150509217152,39390259950.2684,384674162.9652159
2022-12-21,251.67565745784216,41087025961.70686,692548471.7673858
2022-12-22,245.8370886871489,40173092497.50436,521176570.2216157
2022-12-23,245.94863332818133,40140034038.02163,556887080.5039829
2022-12-24,246.22016937416416,40196349507.10237,381696111.396362
2022-12-25,244.7422939771148,39956711780.80908,263445842.73303223
2022-12-26,243.3434175145285,39699718822.07658,280337157.31576097
2022-12-27,243.75051797543173,39767865335.13547,268504876.4434729
2022-12-28,246.44461842860983,40184438105.082405,307601730.42464393
2022-12-29,244.03445977512936,39817009960.2575,145440839.43544328
2022-12-30,246.45075807104243,40230209465.18819,148453239.2470947
2022-12-31,245.83781124667948,40164375080.41413,298665936.5155211
2023-01-01,246.65936120574213,40273794261.84196,17764481.56858248
2023-01-02,244.06456734303708,39852514893.71858,230405872.6066344
2023-01-03,245.42975628242627,40136162128.66296,393346445.61559737
2023-01-04,246.21147125205005,40194802590.741646,256645348.8491133
2023-01-05,259.12811648835725,42262890456.74842,713673930.4726129
2023-01-06,256.4740131558113,41882966204.599686,167603342.74057305
2023-01-07,259.8006381970208,42404102106.189705,453907517.4154086
2023-01-08,261.3192647814156,42647994854.98575,302718780.57706803
2023-01-09,273.5360287992221,44656906521.32682,406080943.0271545
2023-01-10,272.72570123838176,44542012427.26017,967672469.9870036
2023-01-11,277.09901135735623,45318222265.869415,577193155.0085815
2023-01-12,285.4685940120304,46586461239.246544,644490450.4389521
2023-01-13,287.385888209388,46937912182.31921,572474025.189221
2023-01-14,294.1442843030924,47947758393.05579,741863436.7457082
2023-01-15,305.80593437211155,49943815084.215385,621263980.3630487
2023-01-16,301.70933600413946,49222768561.114334,736192124.7276325
2023-01-17,298.8973192510195,48792209674.23091,781896457.7009352
2023-01-18,300.1861465904951,48934162211.70411,609443149.9988856
2023-01-19,287.7064487280841,38863899341.49336,935963362.5168898
2023-01-20,294.7501563549856,39775681142.76484,525255021.0152153
2023-01-21,304.9491185578326,41107817142.74072,924329019.7818148
2023-01-22,298.95597595248256,40342844634.97218,887023242.243446
2023-01-23,303.1682033719517,40887166881.19544,150521091.81746808
2023-01-24,306.08614395630946,41352793244.72717,769750138.4684281
2023-01-25,300.5596006860807,40710000029.91988,1360044174.0440576
2023-01-26,307.0870836154322,41483151362.56983,66745144.443485685
2023-01-27,304.8876268040751,41149656904.52385,698771570.2321252
2023-01-28,308.46491509629993,41645249790.13214,622950362.5651071
2023-01-29,305.9476086163142,41254850789.52821,537183722.5660921
2023-01-30,317.3058436293438,42808011984.80755,451076761.21722734
2023-01-31,307.0579942811479,41374485112.913246,923049424.9781038
2023-02-01,312.5124111003879,42108205614.493965,686300739.6180097
2023-02-02,317.6478001387411,42847286857.96311,859050894.5097826
2023-02-03,325.4378607655227,43801457182.32052,84078874.8380985
2023-02-04,332.2759598355965,44840122542.47202,1268188756.6195889
2023-02-05,330.84808057164304,44651269260.7055,465200874.3085924
2023-02-06,327.66158500544736,44225334686.7341,214914370.79754657
2023-02-07,324.9705115670021,43820319411.42918,686777874.0027725
2023-02-08,333.3934671331275,52687066244.94957,581601059.3434665
2023-02-09,328.36524001800655,51836845863.67167,729847578.7174623
2023-02-10,305.7504764007344,48291721476.57718,1346549932.9636326
2023-02-11,305.922777928334,48368078947.74623,624450062.6640974
2023-02-12,310.9946900861517,49146214017.89854,454948260.81630766
2023-02-13,313.54894548425904,49507659250.12227,39039403.51465756
2023-02-14,293.31853536451445,46259599942.4369,532374603.3422022
2023-02-15,296.2006166788949,46811338177.70054,1005050377.4962156
2023-02-16,317.253716942579,50074569838.81647,1031520466.8938344
2023-02-17,306.7607705486582,48379049686.04854,1643331080.4659684
2023-02-18,313.67158841558035,49577894902.09543,1114028934.4542108
2023-02-19,316.2076873945047,49856817082.59676,642090260.6405485
2023-02-20,311.35437639872123,49473349358.15968,780739778.810844
2023-02-21,314.9405352551521,49710803984.08142,883654966.1127073
2023-02-22,311.0758832548785,49103313729.37265,744251696.0688722
2023-02-23,312.4648086454937,49367058957.58157,929231102.2772474
2023-02-24,308.513806240444,48689301152.18177,768415803.7098821
2023-02-25,301.8300281763101,47654082071.56505,661382772.5581934
2023-02-26,302.13581645970845,47710101862.93616,463170459.09662414
2023-02-27,308.57409402196856,48751232145.0268,454441353.1641066
2023-02-28,304.5602014720987,48144114205.19624,493844165.8722797
2023-03-01,301.3031642449634,47506411709.74829,430335213.88634783
2023-03-02,303.18231804025635,47810909892.96906,46710424.92698087
2023-03-03,299.82054496141643,47378215431.825714,442900344.9757042
2023-03-04,290.21813598226385,45805267734.66612,551796723.5580955
2023-03-05,289.16643388317925,45700004126.05603,176384110.15050194
2023-03-06,288.6204867584976,45495219627.74934,390135653.2095669
2023-03-07,288.02165310030506,45478695800.90066,374939330.7159517
2023-03-08,289.2451007399085,45570679868.5244,404064175.5470172
2023-03-09,286.68710815664497,45478533320.59014,542305823.4151909
2023-03-10,277.48988936682974,43661786794.52246,567240687.7138394
2023-03-11,277.0325906024584,43804338397.93352,798558784.3546314
2023-03-12,275.7372051266238,43464995300.65634,403056782.2652211
2023-03-13,289.79025154468764,45537337811.06893,612009105.3657018
2023-03-14,308.71850158096544,48742270523.99352,1335818570.2017388
2023-03-15,309.5761716774615,48897303943.23103,1256202195.9317465
2023-03-16,307.7201385505735,48551821321.07192,960165739.5006174
2023-03-17,331.5288953276436,52391403811.807335,2047768477.1444185
2023-03-18,339.76378777560984,53560165299.899605,1414370161.0527945
2023-03-19,333.0317288963574,52572257613.56484,1170238152.18386
2023-03-20,337.45214925735536,53585863733.108086,1119946335.616627
2023-03-21,335.5951089488217,52937903481.94648,971414874.6363704
2023-03-22,336.8928482178094,53201553977.428925,701983178.0364658
2023-03-23,323.6013052701185,51090160090.90309,1814263586.664783
2023-03-24,331.2478886780775,52201524707.85315,536796198.68920463
2023-03-25,324.0768103181536,51206299864.86048,621238645.7722163
2023-03-26,324.552364038878,51256796649.83064,503625770.4410441
2023-03-27,329.1465152858932,52057241786.70498,526856127.1703548
2023-03-28,311.51206106495783,49079615720.34434,997088502.145216
2023-03-29,313.57729882917005,49485646211.52564,658161657.2825164
2023-03-30,314.1509386529665,49577395648.83864,704587676.7940805
2023-03-31,317.1206678790712,50168780547.08524,160176096.74243605
2023-04-01,317.2601152578647,50095782784.53751,555650019.9278872
2023-04-02,315.083596866553,49738899676.69931,413653443.0436453
2023-04-03,314.11173852441664,49580832087.44408,362774663.35363257
2023-04-04,308.84608796598565,48834992855.51275,747571395.7140489
2023-04-05,310.988227582093,49087111958.36544,659840226.23963
2023-04-06,314.2767608833873,49641625563.79157,601075886.1486617
2023-04-07,312.3686479069641,49315808886.97745,490400831.00991297
2023-04-08,310.82580938612404,49053688105.57,348203531.1291834
2023-04-09,310.6618311940004,49063096682.29419,405518010.5378314
2023-04-10,313.01127725660405,49448040243.325264,417632833.07144827
2023-04-11,318.2263191867679,50278276856.34864,571039270.0011872
2023-04-12,322.7311673468567,50988411866.09584,1121318919.6788287
2023-04-13,320.2858565160031,50587359529.51448,451476955.7317495
2023-04-14,325.0341443090158,51295369255.15624,632784569.0034571
2023-04-15,328.9755384219034,51952175557.44118,1091698237.2954452
2023-04-16,333.266296467958,52662920698.98643,740571912.0321591
2023-04-17,347.8655893098676,54913630927.48669,1075190126.1522682
2023-04-18,340.03004651198586,53664070532.38938,973941455.2752048
2023-04-19,343.00901173127,54204297110.629776,846447082.4196671
2023-04-20,322.3471657170884,50996266810.04863,985507232.8301048
2023-04-21,317.77556938892235,50076803639.50295,683865621.1906222
2023-04-22,321.60421889024843,50793309306.65276,1346836221.2535708
2023-04-23,332.41201969037337,52527550309.24134,832518965.5138868
2023-04-24,330.68001375587465,52165975187.26135,813713561.073793
2023-04-25,331.1471066323074,52279828638.58975,824508784.7691495
2023-04-26,339.0962537117164,53516035779.15106,785289597.8002714
2023-04-27,330.4372156836176,52172391454.20013,1092842791.8911736
2023-04-28,331.5148364790334,52415571800.62267,1343734688.545247
2023-04-29,324.4799022382828,51224904112.21141,1424162567.5061238
2023-04-30,321.77391168866126,50858247900.902855,478613089.0929595
2023-05-01,337.6215212994704,53251356964.08738,1090442723.9241323
2023-05-02,328.9725550089708,51933432316.78136,1154791180.8624334
2023-05-03,322.2059436368959,50888408585.051125,452507446.7635952
2023-05-04,326.01182088942784,51423455643.06268,1041154858.962188
2023-05-05,323.82421148772386,51152998817.71411,454308974.558964
2023-05-06,326.82490276030387,51599872888.76784,576517785.5530643
2023-05-07,322.6977535410197,50941464918.84523,549648650.1549742
2023-05-08,322.3089028714367,50844724701.01066,444617992.24262005
2023-05-09,313.94156856920586,49549048278.85516,621524860.6649976
2023-05-10,312.1294017311269,49306858317.02498,412928463.99646336
2023-05-11,314.5751738652739,49662394089.82591,610558342.6825503
2023-05-12,307.78799868357,48590747015.145386,524985558.4976984
2023-05-13,308.60026080268045,48690756821.32476,603776405.9566348
2023-05-14,311.03920511777085,49210307280.171486,381183863.94756055
2023-05-15,311.9023438460837,49226381036.03188,426917645.7935615
2023-05-16,313.9375856517256,49558425064.87145,434872016.3940915
2023-05-17,311.45925112822425,49198400100.68134,390805629.9190973
2023-05-18,313.9516100120125,49564395153.54566,431598390.2826202
2023-05-19,309.50065949334936,48900502712.38072,316671000.3153819
2023-05-20,308.9792844963675,48777238815.93024,390450101.44086295
2023-05-21,310.4705257328921,49028080180.81345,261538250.27637964
2023-05-22,306.5612320832513,48421119398.91663,328187256.0538177
2023-05-23,309.2577489066656,48826800669.845406,419078722.2306527
2023-05-24,313.45861780739114,49487912474.3718,450626058.7647672
2023-05-25,305.9640462400946,48339367034.93587,558652434.6663421
2023-05-26,304.6880643024019,48114670546.03777,467849342.939638
2023-05-27,307.1453631766937,48475838353.5443,79448807.66830647
2023-05-28,307.45404033044167,48532513898.69942,421897365.41777456
2023-05-29,314.3365132543216,49657163876.2715,524592983.4087076
2023-05-30,311.5659470891866,49223754312.89366,753644238.4394339
2023-05-31,311.6037345433532,49203273430.55764,374599802.6073529
2023-06-01,307.0113284146113,48465020079.37226,693972293.3374982
2023-06-02,304.98131566266824,48171977973.12554,442629865.1407034
2023-06-03,307.29717562663143,48523200816.46817,495073166.0488125
2023-06-04,306.6583611040192,48414891022.96105,240928628.697154
2023-06-05,305.5738864105766,48263423171.78453,360130908.11090463
2023-06-06,276.9408430478417,43725911783.76366,1606745004.2789876
2023-06-07,281.46996949499373,44409349947.91577,1050996255.0724244
2023-06-08,259.2252983528142,40930547462.14595,1054077548.5226249
2023-06-09,262.16808943375315,40853889040.89709,829003936.0658376
2023-06-10,260.405386752611,40552592782.85319,384002740.6831793
2023-06-11,239.26532692153265,37283948504.2432,1868589920.140628
2023-06-12,235.1992632672292,36623672856.15527,525352299.1390673
2023-06-13,231.0663075459132,36015676858.416954,1726423383.3793778
2023-06-14,243.25213391867743,37842271275.50834,1417020716.6544116
2023-06-15,237.5081834479831,37009537059.90849,1178173967.523644
2023-06-16,236.0970581272045,36772367138.23349,741440221.8516564
2023-06-17,239.03627032421315,37264270931.82832,714541857.125214
2023-06-18,244.4266812236501,38098977837.47002,597811857.106641
2023-06-19,244.00266831846957,38024105466.61209,462510688.0598241
2023-06-20,242.74072631083445,37828280143.083626,385774255.0302226
2023-06-21,247.32277891367147,38506222392.05785,590268488.2751402
2023-06-22,249.3582360058018,38934049356.3878,913007771.1265166
2023-06-23,240.91804260945503,37565674019.61208,1079592073.6647425
2023-06-24,244.2997245266534,38082414938.90012,635733745.49581
2023-06-25,236.50651116456143,36863106029.2413,737502799.6817774
2023-06-26,238.73962724639145,37187182852.20904,508529258.4997404
2023-06-27,236.17031917814325,36760211282.02583,515948271.88669056
2023-06-28,237.4963406851648,36994157124.108864,371893026.7501851
2023-06-29,230.4980397149236,35938618431.36102,648131603.0013635
2023-06-30,233.4062024955106,36395478143.66526,465187400.1481325
2023-07-01,240.5154410017741,37477654423.359566,955712809.2756666
2023-07-02,247.34642839040404,38509201810.49287,835243070.6153741
2023-07-03,245.63090718844745,38268730396.45445,740730697.0915143
2023-07-04,246.0322983916053,38332613582.64827,947724682.4708503
2023-07-05,242.477384029452,37810940338.58492,644743245.5151817
2023-07-06,238.86260681523095,37284825811.10757,608494036.1527718
2023-07-07,232.49627190853636,36245958961.433495,694188233.9790171
2023-07-08,235.33889258566464,36669054074.67473,494404951.4986446
2023-07-09,236.1554319712681,36802926316.85087,338013187.9951412
2023-07-10,234.1404188908569,36475495886.20578,280162182.09928954
2023-07-11,245.43929822601103,38198672256.78109,1172157950.552947
2023-07-12,248.3983561541644,38718584412.54342,721813129.8434688
2023-07-13,244.26861534786931,38043237563.26991,598038429.2310176
2023-07-14,255.7882914766138,39815488719.20244,1027295132.9675016
2023-07-15,247.69585426653344,38561494027.78192,1079333379.4972708
2023-07-16,251.0929864734874,39137854035.67657,404846237.1015673
2023-07-17,242.7494914153577,37826816987.01722,473714439.5384721
2023-07-18,244.19716787444656,38049123458.50378,760807494.642201
2023-07-19,240.27093045084683,37417448510.97536,892907015.8444617
2023-07-20,241.3327728931399,37593967247.68211,505922068.9400989
2023-07-21,242.62477719670815,37843358630.96654,521480007.3588299
2023-07-22,243.7688418945168,37980302697.91931,385301778.8201493
2023-07-23,240.53785227248912,37472378595.41572,253197293.57865396
2023-07-24,242.38142443213383,37776073344.168205,231161705.97812876
2023-07-25,238.96549444977492,37216163716.00345,512795353.2773615
2023-07-26,237.73034722946028,37048219779.903534,359635865.7320736
2023-07-27,239.02009171510335,36768425085.16792,397845092.5820036
2023-07-28,240.41736659584296,36977719013.43642,385232386.4664915
2023-07-29,241.8578254800437,37222279132.88286,300272976.7934694
2023-07-30,242.5563254026864,37306014277.37948,251740436.6290865
2023-07-31,242.5403316925359,37315750968.66272,314019546.7834789
2023-08-01,241.1935569646652,37107293025.99197,418086969.3925527
2023-08-02,247.4287365213036,37997425239.52763,854382518.1098098
2023-08-03,240.3790076127766,37035182390.95963,750233247.9259268
2023-08-04,241.1437874544664,37132273836.48571,390117777.86190295
2023-08-05,241.4922075598172,37114346769.65236,359584156.0298493
2023-08-06,242.8819700099681,37367854737.81706,251536722.07828715
2023-08-07,242.57499805629087,37324600944.7933,372359290.6820566
2023-08-08,241.73842465058877,37176907148.642685,410120374.0576311
2023-08-09,245.17942748941837,37713239950.15089,470639117.9081405
2023-08-10,244.0103148283608,37541806213.868256,401504275.2124687
2023-08-11,241.2319119151888,37112194985.21986,339047442.161706
2023-08-12,239.59582183259565,36864812015.19563,363763402.7761661
2023-08-13,240.0884451308951,36943552949.5638,195205362.18388575
2023-08-14,240.03079245155016,36913820931.58021,230763796.0344269
2023-08-15,240.3580561225457,36970232010.6806,323212804.63247764
2023-08-16,236.6072849676196,36440851751.89979,480198153.7569262
2023-08-17,232.0954857295837,35682968644.36768,518075818.6985822
2023-08-18,217.79553784100364,33552578195.828613,946267402.307433
2023-08-19,215.97291578847336,33229783482.26745,614638062.6667597
2023-08-20,217.0755217507986,33409550693.50433,385398201.6589916
2023-08-21,216.24044795479304,33283451361.90129,282623964.985347
2023-08-22,210.5882846814316,32430114844.88539,678066769.9394081
2023-08-23,210.83831690902392,32450218695.61918,739396806.5681254
2023-08-24,216.46933652900628,33297349379.19236,650675269.7086524
2023-08-25,218.2926682149396,33568461502.874805,423977833.1356244
2023-08-26,218.17749771354636,33557977099.979973,392964848.2366573
2023-08-27,216.1437880002737,33242187070.825127,215149450.4709328
2023-08-28,218.24702764538884,33565717984.577686,236457689.9723645
2023-08-29,218.66016837698223,33644359351.31088,317430817.92754847
2023-08-30,226.7464433952828,34847567600.912506,655723980.058568
2023-08-31,223.73474962321492,34441291077.74871,341353864.05026704
2023-09-01,216.5649333962725,33290878918.544502,447663725.58153147
2023-09-02,213.63263302532525,32857784423.62943,465073141.9853759
2023-09-03,214.1517059449753,32973429862.177925,262985558.05267265
2023-09-04,214.3001868645122,32965057890.000576,227719719.5135224
2023-09-05,215.201631889498,33057758291.74169,345439416.91059566
2023-09-06,214.36178944570824,32977264644.96364,286551431.4243369
2023-09-07,215.08938926745688,33085754712.83789,337137467.0466916
2023-09-08,216.71011887224225,33307182405.605984,310084594.8390126
2023-09-09,214.5828759034884,33008152773.019985,319236339.95365787
2023-09-10,214.13751951103444,32946979862.101368,173145692.5398133
2023-09-11,212.2138803491189,32665811784.45368,332310932.71219724
2023-09-12,205.7921910016381,31649056092.87723,526882271.9564607
2023-09-13,211.5180504655486,32554645384.611675,335833195.40829074
2023-09-14,212.5121520537536,32688665263.726406,320091204.5278271
2023-09-15,212.21486809687195,32646742858.30995,396118938.58789885
2023-09-16,214.10200179916035,32950000070.09902,499283797.1910599
2023-09-17,214.87611605202,33045627156.59629,476602625.7925057
2023-09-18,216.50742177094784,33291737447.31117,443275270.1797366
2023-09-19,215.88018309792267,33210359410.697857,639865076.5218546
2023-09-20,217.16777222898247,33384462402.161263,415449695.15717566
2023-09-21,214.18713041595333,32962960481.773094,400836191.9733592
2023-09-22,210.66859640849137,32415851922.91945,438326631.96230847
2023-09-23,211.05567704171992,32487083474.76507,252957877.886082
2023-09-24,210.46274509641373,32363686530.25001,176010385.66190225
2023-09-25,208.14507274724323,32020745101.82979,271921298.7974955
2023-09-26,209.98104109173957,32262945873.45533,332441922.61614335
2023-09-27,212.3265868049085,32651541182.666603,567895692.3390983
2023-09-28,212.00203647145472,32606854013.68492,770928760.0392629
2023-09-29,214.9201135671832,33091493771.116528,386410154.9515644
2023-09-30,215.1422803842829,33118262532.161343,344463241.39868635
2023-10-01,214.69695348592128,33034392755.685253,232871211.0310548
2023-10-02,217.96384659394644,33539533248.461823,401908151.93871576
2023-10-03,214.82304495573945,33063385446.012257,570063555.2703657
2023-10-04,213.5779931265508,32861373642.11264,328248590.3039392
2023-10-05,213.35254544689775,32826841264.01632,390002993.88481575
2023-10-06,210.81952472137328,32426166934.059757,337298872.1305696
2023-10-07,213.56779987718184,32847658021.44281,235405577.39946705
2023-10-08,212.3450979506937,32659136495.081043,161448946.8381739
2023-10-09,211.5655752278196,32540141230.408424,268613261.683978
2023-10-10,205.6927622190411,31663076066.00436,489761957.29770297
2023-10-11,208.6620254764005,32121837667.6132,566918528.0736295
2023-10-12,206.51868848965103,31762751582.983784,382621063.6356057
2023-10-13,204.9989157997759,31565842452.79159,320104337.071098
2023-10-14,205.8180375423484,31670066380.14292,319047357.1052249
2023-10-15,206.54688879540825,31770281848.69224,162936719.60149485
2023-10-16,209.6792845817124,32254986274.62133,371814182.7635238
2023-10-17,214.89035406939,33079407318.958675,694312484.11273
2023-10-18,211.61725451265437,32543782516.592007,360205036.0485818
2023-10-19,210.40183827187985,32411089798.537933,267202628.5379032
2023-10-20,211.2943892193741,32430756562.67516,288953116.1168604
2023-10-21,212.211694219601,32667701497.722824,386325120.2576415
2023-10-22,214.2292395478076,32951165374.02558,276715953.4144543
2023-10-23,217.94890437013547,33173795048.74113,304341139.6158392
2023-10-24,228.2427461737632,34978758077.00341,786904979.1123713
2023-10-25,225.09316646086623,34684287722.94524,1075319651.5702477
2023-10-26,221.94464720341847,34186113924.808743,574789788.7364336
2023-10-27,223.09283939029933,34351635077.642216,676968696.5605531
2023-10-28,224.3183649961432,34527612580.37834,760969467.7216702
2023-10-29,225.70595612640847,34751610765.89801,352880059.5036969
2023-10-30,227.18387190872835,34940818807.31283,293996923.77376896
2023-10-31,228.18038710470464,35100091414.97608,403244324.9373121
2023-11-01,226.56541637204373,34806395605.087616,463086258.9894984
2023-11-02,227.87876216969727,35060942101.41218,583052050.4911393
2023-11-03,231.82826563680615,35627331956.335045,805590094.483803
2023-11-04,230.7559827119548,35488143385.09051,494569324.609737
2023-11-05,237.29213570297165,36548546440.07996,372087458.0685814
2023-11-06,244.3269151136156,37574762383.52067,571460391.5090926
2023-11-07,253.40549350351324,38942456517.046844,756141831.1172137
2023-11-08,246.19529120444375,37871134496.24795,807771420.063106
2023-11-09,247.3039029101908,37918633728.60287,518368314.73969096
2023-11-10,251.364833224006,38552325142.66365,1199389002.1022542
2023-11-11,250.93328516175865,38682771031.27546,903767266.8777173
2023-11-12,251.59265640705053,38433830507.44087,837717153.2506431
2023-11-13,247.73525322551333,38141708268.63447,702322228.8356166
2023-11-14,241.357841074224,37120092732.89497,944158453.11483
2023-11-15,242.14218372949267,37275151341.55525,1014058356.7990588
2023-11-16,253.6478135777,38967303592.19191,988408156.8681931
2023-11-17,242.8427041695165,37333243727.58446,1008108839.3769758
2023-11-18,244.2816921828752,37623359494.637085,799905793.9196167
2023-11-19,244.82839666850936,37673870561.39133,526426822.0611648
2023-11-20,246.2336028161573,37934516914.13287,434909576.9794751
2023-11-21,253.37297951943324,38987370168.11757,1667360861.0400453
2023-11-22,227.95084111194797,35073299036.3012,3342694361.950034
2023-11-23,236.08184794258628,36327443508.265816,1903189339.188532
2023-11-24,233.74947308470357,35927065278.444305,782936915.8060952
2023-11-25,232.86133711676447,35810332777.505714,632580686.4888437
2023-11-26,234.23991448664447,36018844302.524765,392998760.9358115
2023-11-27,232.07104496973463,35714858738.7914,487012136.7462122
2023-11-28,227.22665873311732,34974528929.49737,820848975.8699864
2023-11-29,229.5275257803389,35311028773.47904,588326921.7257636
2023-11-30,227.19638072093463,34980317652.524704,479802918.8510182
2023-12-01,227.6025546782398,35008358232.62278,428081365.02427113
2023-12-02,228.45099800633835,35122619488.367645,495869612.6659836
2023-12-03,229.2586524423362,35258377229.10584,505911606.1345192
2023-12-04,227.8810023686749,35118506153.111664,650989062.5626266
2023-12-05,233.28507676882688,35852531191.77957,2316993901.6119576
2023-12-06,231.14254967265893,35557934225.21581,920391780.3972071
2023-12-07,229.6291702982718,35399176877.94855,932888600.2434336
2023-12-08,232.90388747524327,35878009959.343155,904362998.6336418
2023-12-09,238.98902791513137,36709108288.0594,905954740.7935344
2023-12-10,237.8842055402832,36562916449.6806,986629989.1667026
2023-12-11,239.5736712075568,36869866436.31588,527392219.51974094
2023-12-12,246.2875566773758,37850906997.43676,1646086162.987126
2023-12-13,254.95445837168663,39398016337.61168,1657357467.53224
2023-12-14,252.2180640498761,38799813552.39792,1195696631.065601
2023-12-15,253.5655635032257,38997719701.67703,937364200.2942276
2023-12-16,244.6685159764498,37655859835.83248,657281007.4757322
2023-12-17,244.1625572534542,37545825053.48664,377310278.5495135
2023-12-18,239.17277676807825,36802802156.94839,462685389.032428
2023-12-19,241.10001595415812,37087040026.372406,919400915.9863384
2023-12-20,252.04747669569156,38769593139.75883,2010570238.162863
2023-12-21,260.25503354808023,40038351864.20718,1370322319.8328936
2023-12-22,271.0739333915976,41699172449.320885,1318445333.121292
2023-12-23,271.4314527300256,41801648142.85345,977414196.2132162
2023-12-24,271.25430109375634,41747681833.156784,467478469.8763875
2023-12-25,264.6528500144323,40796895926.10187,657047435.2502302
2023-12-26,267.17879986250625,41124842138.2192,552660301.430287
2023-12-27,297.1454222726345,45694870570.14166,2380059311.07295
2023-12-28,323.4162880480637,49503830704.20125,2530289155.531692
2023-12-29,323.3739475628496,49958278239.05712,2670433244.277489
2023-12-30,313.6202885727052,48128267439.39578,1796887469.4753735
2023-12-31,317.47480395153906,48882512580.60732,846389292.0261549
2024-01-01,312.13562141703204,48076080282.38836,814691850.6008754
2024-01-02,314.8090243019822,48431756717.03176,891327467.2582974
2024-01-03,312.1281269389321,47942505542.95198,1262689113.1909027
2024-01-04,316.2568698145509,48556088397.723816,3005379113.5909524
2024-01-05,323.1908908831624,49720265457.19734,1520601083.8762922
2024-01-06,317.1360633838788,48793715844.85999,1534646961.9676516
2024-01-07,307.5822810158495,47307905037.38408,1170073719.9076016
2024-01-08,302.34431251494595,46347209695.58618,697390259.2762585
2024-01-09,304.4079114436878,46904667082.63097,1275198629.0066023
2024-01-10,301.0258937007486,46249477627.591545,1649759343.4654353
2024-01-11,305.3729176547247,47011551415.58172,1417111614.4186735
2024-01-12,308.2886658578193,47518696442.72419,1692987778.94904
2024-01-13,296.78385646671904,45573685141.6714,1438835226.9169433
2024-01-14,302.1937344871412,46511820484.90309,604671669.5839559
2024-01-15,299.40249177259903,46369619326.86056,622433206.5090189
2024-01-16,317.96910509773306,48978456177.62792,1925904019.0776
2024-01-17,315.48070323291495,48540451920.65531,1341981225.7538114
2024-01-18,309.34175002958136,47591545231.69803,1531777116.6855192
2024-01-19,314.5677329220257,48376933187.36931,1144722658.9023118
2024-01-20,314.0674293261276,48287719207.43324,1029964275.9613564
2024-01-21,315.97627175384287,48645934441.93995,448273871.9902859
2024-01-22,318.6325570123344,49042846215.38603,500956293.010627
2024-01-23,304.7222133333107,46940688608.90459,874777342.5713239
2024-01-24,298.5095874866432,45841747382.09068,1166626987.0357544
2024-01-25,293.3538084214872,45131103087.77612,911262996.3332914
2024-01-26,292.0604392592448,44954097752.35896,1155198730.6271117
2024-01-27,302.0226742114041,46443829653.12862,873868568.022558
2024-01-28,305.7822741600565,47056386363.94693,430181295.2851963
2024-01-29,304.8048510071795,46902791586.07024,569912680.5722743
2024-01-30,310.7480866931902,47758984441.752495,643276219.2452383
2024-01-31,307.3215919447753,47188873308.49943,603066399.3398702
2024-02-01,300.2133197962691,46192055347.44985,623470375.2732543
2024-02-02,299.91140489999145,46148265214.21733,576922486.3137152
2024-02-03,301.1743543985105,46333522221.56054,468564687.5439547
2024-02-04,299.718153248542,46091745160.41208,293900008.4777782
2024-02-05,304.7648432086672,46871377111.11922,660952641.8598235
2024-02-06,300.81169435831123,46272324647.37047,593526895.5175915
2024-02-07,302.80203539789846,46583218384.37029,397448079.1723134
2024-02-08,307.8797114234207,47401109068.20025,583296868.8342254
2024-02-09,319.31080021633784,49200833687.85744,1167094483.213521
2024-02-10,323.39926577986324,49760693079.58217,1180454941.1075988
2024-02-11,322.83361107940965,49684479382.803535,514328389.4665282
2024-02-12,320.51049489651786,49303061990.437965,432108285.0397887
2024-02-13,327.9132978808212,50408542026.942055,813983944.8613058
2024-02-14,325.11173255625624,50013084967.3933,739141006.7592179
2024-02-15,333.8536985075189,51395978505.9841,672496070.5326432
2024-02-16,355.02746003084934,54624493952.98465,2136764834.244069
2024-02-17,360.9578828784416,55555098179.80109,1588840649.8261113
2024-02-18,352.82914719992834,54363563382.70416,933330586.1395524
2024-02-19,350.1690092811547,53951053589.28444,757170567.9231597
2024-02-20,351.8214066446114,54132337022.27289,1110732462.9749806
2024-02-21,355.1049978271054,54726855156.56764,1524613569.7760878
2024-02-22,378.9295030528572,58359108671.53056,2661779519.661486
2024-02-23,382.1413995274651,58775603393.92279,2360192104.462488
2024-02-24,375.42971250175134,57810488837.355255,1749806072.042699
2024-02-25,381.9276527408514,58776784958.69747,804985636.596921
2024-02-26,388.5627138238604,59785926171.92285,963041896.5921048
2024-02-27,401.2142854224812,61796843520.54696,2132809425.5258417
2024-02-28,395.0555551914822,60787603255.22357,1960998137.9542131
2024-02-29,416.2538492385853,63859838282.80297,2552523270.68128
2024-03-01,399.78649632596665,61636826474.480034,2095850379.96446
2024-03-02,407.3488446334545,62775122739.2423,1385332676.797025
2024-03-03,410.8365341154477,63204592655.47416,1314387721.2320232
2024-03-04,414.1969057841646,63713281196.55745,1719584987.821247
2024-03-05,420.0075598101946,64496468994.73078,2307466548.5261006
2024-03-06,396.6567264804029,61079862301.28702,4165589173.7583656
2024-03-07,428.8021344903565,65872619718.35062,3831483585.8299055
2024-03-08,473.4638575740399,72859603564.07033,3666791988.177817
2024-03-09,485.3064086191258,74464367366.57362,4297278095.163874
2024-03-10,490.1373606436068,75419943809.61679,2396403755.5708222
2024-03-11,528.9501964460305,81339640186.30394,5083263182.690173
2024-03-12,522.8420431012881,80459552313.89815,4318571110.963288
2024-03-13,539.4042062887337,82973515890.88303,5281781628.366141
2024-03-14,628.4543092213498,96122795409.3688,7835799279.381726
2024-03-15,603.2657507579988,92860879159.65866,6486341765.175202
2024-03-16,621.6567029445225,95332139987.79802,7438316979.551671
2024-03-17,575.4381141809567,88382508261.44727,4873020293.876465
2024-03-18,572.0297309383858,87429171406.75659,4260820679.340663
2024-03-19,554.2073180923328,85304304767.57788,5073017805.860519
2024-03-20,507.01221814701705,78392022182.23827,5581637723.701466
2024-03-21,556.5082042653142,85594796096.20784,3417739337.2125034
2024-03-22,553.7225434912489,85103106051.71878,2672849103.6455946
2024-03-23,549.8607543980085,84337192672.21976,3124492965.37726
2024-03-24,554.1644153997655,85369948094.008,1672186083.5208802
2024-03-25,568.7407679771118,87519325913.2085,1327630622.0122588
2024-03-26,586.4285039935903,89876154813.3603,2019031737.032271
2024-03-27,580.8520230009177,89155437215.42749,1693306626.7746503
2024-03-28,575.5479374384904,88283571538.5327,1665956947.156945
2024-03-29,583.2907441256798,89729624228.1873,1634125731.2187436
2024-03-30,616.5829205548276,94853921652.43852,2715563835.7356963
2024-03-31,601.2065057456366,92468814501.94617,1438092187.0263655
2024-04-01,606.6259820801984,93359245453.8439,1048614403.5695298
2024-04-02,577.9573539863145,89063444405.96742,1826009070.038375
2024-04-03,550.8593008357556,84673062503.80989,2713113953.543752
2024-04-04,563.5991778362661,86761624020.04276,1854083309.5616305
2024-04-05,585.5721433827005,90093875528.11028,2275897556.8198385
2024-04-06,580.0675207216524,89285197819.99966,1806671109.291458
2024-04-07,585.3939720444681,90006788487.53236,775436631.6736306
2024-04-08,584.2989455387399,89964937319.40536,676313896.1823622
2024-04-09,587.4568516935112,90363296271.37093,1495830970.3824892
2024-04-10,581.1647037421283,89457255374.74617,1802531702.2026625
2024-04-11,609.123248047515,93728978737.43872,1756006041.0397654
2024-04-12,605.5067164919742,93147540999.4121,1771383088.2029996
2024-04-13,596.6581334690918,91576948683.01424,3524418375.2139387
2024-04-14,557.2794114511632,86099199589.59917,3926924238.7333527
2024-04-15,567.902176887771,87408969382.95634,2548769847.5184846
2024-04-16,553.3017633641251,85011167550.37263,1923606613.7098496
2024-04-17,536.8348802946696,82504700022.41246,1724799037.0894043
2024-04-18,535.0175176971552,82333439697.11719,2009266142.3478985
2024-04-19,551.5807533445236,84807720112.92725,1851464362.011224
2024-04-20,556.7663487174977,85923611883.09119,1703907737.928628
2024-04-21,570.6183474282204,87856105612.58598,885801600.0482578
2024-04-22,578.8970832148715,89091610679.83578,941957910.1681027
2024-04-23,605.2562833353201,93140127566.27808,1686206128.593197
2024-04-24,606.9990457775368,93383801411.15147,1640219503.65404
2024-04-25,607.5531188061954,93635542239.5724,1951230236.019648
2024-04-26,614.4011068572441,94529875011.33804,1337858222.2618418
2024-04-27,597.8836087058611,91947535564.72084,940122408.8368784
2024-04-28,596.3986208196151,91640333790.08269,861110797.2417561
2024-04-29,599.5751191835121,92231373171.1776,796795163.3849293
2024-04-30,593.2491133866707,91413161401.81584,1017859043.8219746
2024-05-01,578.1898622510048,89108408710.81897,2100807101.5649204
2024-05-02,562.220221163871,86647236479.9799,1783633523.075544
2024-05-03,560.7053414580814,86212207866.99979,1016005523.7545738
2024-05-04,586.4329441429846,90414397262.2298,1062371452.3404838
2024-05-05,585.7091919899577,90184115704.22136,676369302.3120847
2024-05-06,591.5696864234413,90932867485.4695,631555782.5424793
2024-05-07,587.9975276703907,90503755092.56628,895425709.075658
2024-05-08,577.8207580787184,89135136393.87256,929793216.3657268
2024-05-09,588.6001816817056,90472546734.06448,1083801549.9128983
2024-05-10,596.3634049227411,91661021846.34648,1468087111.8748186
2024-05-11,585.63209486269,90121338453.61612,979380477.5432876
2024-05-12,591.5322705643867,90985809410.75032,732903351.7545038
2024-05-13,594.0478928219344,91357231413.03365,665663954.0845586
2024-05-14,591.4430302446636,91128253345.77988,1118088662.9483078
2024-05-15,566.6540797108654,87132189800.28667,1175231610.5891218
2024-05-16,582.2776668543061,89750725894.92938,1173996654.387149
2024-05-17,569.1833921144822,87586341914.10995,1189632313.7564378
2024-05-18,581.3528348007209,89345836129.98595,734013396.2693626
2024-05-19,579.6733289621226,89210402686.9666,540351693.5495155
2024-05-20,574.2318739013161,88348285099.37791,455091361.0886375
2024-05-21,600.7777660119472,92470262768.84372,1167876583.2212603
2024-05-22,618.8192565287056,95158766353.50784,3023714567.2680526
2024-05-23,614.7193778227489,94552013227.55322,1215122797.3115957
2024-05-24,598.7991409330791,92058316192.17323,1796320949.3424363
2024-05-25,600.0237430352892,92360876903.05504,940610008.4329084
2024-05-26,602.185289762264,92584613097.15668,508791151.4398313
2024-05-27,600.0099567532791,92343972911.32208,447550015.1008835
2024-05-28,603.7379863160476,92794496508.6977,508494021.0650005
2024-05-29,601.027199842003,92543487819.71065,1009878410.7014349
2024-05-30,595.1906949308271,91603797198.16652,797384783.0801406
2024-05-31,595.0819435647909,91502935475.98714,773657056.4751225
2024-06-01,593.7073159967216,91484499156.37357,671745609.8230449
2024-06-02,600.9239789843393,92391643482.29762,592940994.9751196
2024-06-03,602.9471398632894,92815739994.6981,729625293.0352916
2024-06-04,626.564554887942,96392830574.2577,1961098629.5344565
2024-06-05,686.5106675772284,105468885833.64392,2674092196.770385
2024-06-06,699.924112025121,107455168164.88107,2624815114.090775
2024-06-07,710.0434830589062,109136373921.8165,1902933087.1101096
2024-06-08,683.3383279797964,105049550506.8814,1735949561.2539003
2024-06-09,682.7827497468624,105009707070.7858,970666024.3751916
2024-06-10,673.495305137746,103593929502.30762,814918778.5516957
2024-06-11,624.1111865882733,95971068300.00288,2274746205.367519
2024-06-12,601.6892499687187,92483600937.1491,2229553819.165605
2024-06-13,618.8387734028372,95223345273.40164,1554248335.2816668
2024-06-14,599.1566520664575,92296382370.82454,1191864006.7666323
2024-06-15,603.0538175934126,92795708620.57265,1081824863.9673705
2024-06-16,607.8065562169128,93495111372.27794,573133472.7140491
2024-06-17,609.8330309332431,93844222932.51978,520408916.15809137
2024-06-18,603.9317705958817,92863624575.77975,993748365.859103
2024-06-19,588.3547299332587,90374753660.80763,1785473969.3443074
2024-06-20,598.1823995707931,91968780053.35942,965104859.3444736
2024-06-21,586.9059353494202,90412994443.05608,1092535046.9407232
2024-06-22,585.8611030285144,90166701078.6318,763964473.6073122
2024-06-23,590.5596486180493,90831383357.65897,374691318.64901847
2024-06-24,577.112305791683,88704371856.76431,602832218.4960234
2024-06-25,568.2866257920481,87271749669.35222,1423801612.3312726
2024-06-26,578.10170306042,88851602668.00504,822683284.7074347
2024-06-27,571.9653901943021,87994251271.48695,706189025.807188
2024-06-28,580.4848098316352,89308267430.44771,821012226.7540812
2024-06-29,566.7791835235641,87198053054.71178,723489522.5438671
2024-06-30,569.037979199843,87526072993.09691,405914726.5069232
2024-07-01,581.7785946481981,89479656642.3047,679465520.4101188
2024-07-02,576.4582104446572,88672388632.92958,664117687.1465874
2024-07-03,579.0244502710267,89098620871.59885,606289001.4273182
2024-07-04,556.9797154228937,85665920083.9427,1001238960.4725356
2024-07-05,513.9453755496933,79274495247.43005,1545553921.1939452
2024-07-06,498.621967801353,76714273647.3038,2604851068.3584733
2024-07-07,527.4566371635227,81193238739.26189,775622840.4010627
2024-07-08,489.8966088738004,75281277003.41962,886962556.251936
2024-07-09,510.23246278627056,78514420114.3121,1586231681.331875
2024-07-10,516.6700504533386,79558013405.23064,741939896.1615809
2024-07-11,524.2934683955484,80718169616.7678,846017353.3708689
2024-07-12,525.4243568486237,80735885200.94586,807513195.2972174
2024-07-13,533.79693592098,82091505746.59743,796401058.1368024
2024-07-14,531.8300862413389,81949861356.44743,628511639.0220709
2024-07-15,544.9923777318921,83985308455.3087,594170752.2167687
2024-07-16,586.5021629410871,90237693987.10371,1118557940.60654
2024-07-17,577.0733320025251,88732963754.11292,1214855892.5372884
2024-07-18,568.6629868188512,87605945219.33867,801369061.398164
2024-07-19,571.9732791484945,88003321839.19179,749609076.1390363
2024-07-20,593.6286687768509,91326026617.611,1198263276.8712485
2024-07-21,593.7583912963933,91357106145.40707,612596079.2453587
2024-07-22,601.817243994619,92565473859.78108,888499706.291106
2024-07-23,589.292647245785,90711577823.5121,1076044016.0684297
2024-07-24,582.4529136231971,89637632645.52553,898212596.9295814
2024-07-25,574.4106472326896,88376610702.22978,680183858.5534694
2024-07-26,570.9283836332269,87881569567.94095,1131076443.6688194
2024-07-27,581.0688197159623,89386228930.64784,708560781.7404197
2024-07-28,582.1631652390556,89569383275.49492,814108946.207702
2024-07-29,584.4214798073752,89894878401.64874,456744572.360746
2024-07-30,574.7212730893208,83786153369.62154,894893853.6873201
2024-07-31,585.8203686347002,85470855219.68504,811283570.7593459
2024-08-01,576.7235905020976,84116308113.30072,819116546.4664685
2024-08-02,575.3955117876043,83943056335.13995,1103476839.0569408
2024-08-03,542.9536431671482,79207573785.73466,1190046276.7072885
2024-08-04,529.824763245154,77275298116.98772,920058736.0484016
2024-08-05,495.964297435195,72455031845.59312,1204020187.4041965
2024-08-06,464.9172230655701,67825646616.054695,3688148819.095155
2024-08-07,483.581470315453,70529736005.98248,1608444664.859629
2024-08-08,474.9151754817527,69405610033.30518,1172923833.530331
2024-08-09,517.0200212361478,75379973055.30574,964414902.9202516
2024-08-10,508.50598966236623,74121729931.63289,588500103.9347321
2024-08-11,523.4081972371441,76361242414.22313,537804503.7654083
2024-08-12,503.4723056454186,73430101810.45255,797141781.6084327
2024-08-13,518.7522169712583,75670419007.80066,1003673165.5908452
2024-08-14,523.5534548294074,76342061983.68185,967141273.6618243
2024-08-15,523.8422624962476,76380430420.0317,791043544.1797582
2024-08-16,519.9897914144176,75841500331.08524,835902359.0401022
2024-08-17,519.7178383319489,75855800746.29582,721531477.325509
2024-08-18,542.028372504351,79079252404.1194,665967566.2581954
2024-08-19,530.6035820721123,77408470293.99077,641658585.5509945
2024-08-20,561.3466933045529,81819968892.46297,835825601.7907687
2024-08-21,569.5129223388254,83358274544.39061,1333942724.7945085
2024-08-22,569.5545076353214,83056570988.02866,1112040435.3405745
2024-08-23,583.7567536762228,85179220985.07648,1204928827.4745126
2024-08-24,590.4688964429359,86138952585.00223,1209666815.6702597
2024-08-25,580.9115618477243,84650512772.08447,1096537691.4227378
2024-08-26,573.1076363055,83610905694.51266,801561228.6776841
2024-08-27,548.8530122031234,80080391634.32704,971837222.7143232
2024-08-28,534.6723254250207,78160031799.81288,1042927606.5953478
2024-08-29,536.5579977474256,78331630413.95227,1100999066.934797
2024-08-30,536.8036844570744,78358707308.23318,720268698.6317524
2024-08-31,535.4547657229192,78116141811.91739,856795243.7737503
2024-09-01,532.7142189592856,77715922914.05212,376648540.750375
2024-09-02,512.8645441575117,74829827536.7718,694174839.1502885
2024-09-03,526.1346608462134,76831499618.63228,965913618.7430446
2024-09-04,518.9769919279926,75821979841.87625,811117819.4505297
2024-09-05,508.0001826075747,74082271440.05545,1261230278.541177
2024-09-06,502.3364802943831,73298353535.19609,596939169.894353
2024-09-07,486.6113372278306,71044218471.2088,1186849723.1851678
2024-09-08,493.1697725825615,71876297112.53575,590890071.6126567
2024-09-09,502.47327648981104,73534080477.2485,624529866.452612
2024-09-10,519.0381441947187,75762703430.44998,841883931.0358859
2024-09-11,517.371526189411,75460567584.08252,745525442.6766412
2024-09-12,530.7261556082223,77464122682.9438,948969872.6117084
2024-09-13,543.9941131094093,79366643987.68835,940734076.1742952
2024-09-14,557.3001014335761,81324118498.18243,957150654.2350278
2024-09-15,553.4601547683208,80729550771.28122,549782251.6100315
2024-09-16,553.5317684437828,80738379011.58696,739957732.7569236
2024-09-17,534.0307828642058,77951289168.31566,1185987916.239536
2024-09-18,545.8591557817873,79651662029.65852,749799587.5539025
2024-09-19,559.2622033756663,81414364603.32365,800863109.7515539
2024-09-20,565.7226434773531,82508263052.88373,1072294555.0654228
2024-09-21,568.1419699696063,82865805726.7333,749877887.8963493
2024-09-22,589.1278971088337,86060631709.70407,596782454.4087572
2024-09-23,588.0008491467103,85792747967.27962,610149903.8468648
2024-09-24,604.2907205092504,88128290233.23134,1300885128.817108
2024-09-25,606.3196193639224,88472367696.05081,785716722.9769592
2024-09-26,587.4528459687532,85624136607.39825,869908503.6015983
2024-09-27,596.6500568684918,87077034857.04509,1166805206.001594
2024-09-28,608.5326765533662,88777861760.9806,1210015212.5003896
2024-09-29,601.8844621885047,87827034865.21294,930036415.168794
2024-09-30,596.6124622623387,87052731975.43872,649177025.9413755
2024-10-01,566.6132996895035,82687696155.70758,844868785.4516878
2024-10-02,547.6662085850359,79897582813.02779,1303622283.1272783
2024-10-03,542.1361610816159,79089065108.12651,962211853.267934
2024-10-04,543.9268634322848,79356570336.31575,717224492.2556725
2024-10-05,555.7319512863536,81042254268.0583,642933307.385025
2024-10-06,563.0576257615133,82114177423.76372,398503138.46767455
2024-10-07,570.3887106812168,83265317975.27345,460824875.5819792
2024-10-08,564.5530144089458,82362634345.85994,822476319.5850166
2024-10-09,580.5834563804233,84738393992.16469,812293173.272375
2024-10-10,570.4233445375069,83220162034.19997,1120320879.4039862
2024-10-11,562.2876092184791,82021809492.13783,666418337.8417825
2024-10-12,572.6973782181188,83546567873.48314,726487414.3748224
2024-10-13,576.4218063678553,84061595901.47354,514250584.25048655
2024-10-14,572.0464555145396,83416290893.81396,504380355.1480061
2024-10-15,588.7145782741194,85928412504.44931,922914192.4897504
2024-10-16,593.7859585166118,86636583192.31186,1133724407.1369383
2024-10-17,600.7171299370192,87633144279.6967,941867678.3498796
2024-10-18,592.06562034803,86333076752.49678,727488240.0562967
2024-10-19,599.7937020052995,87513331879.36797,620458607.0386341
2024-10-20,598.0584515713127,87250625179.78609,366372731.7293214
2024-10-21,604.7364465668796,88195432727.09534,403326085.9419088
2024-10-22,598.8441916110455,87325520925.89667,729415389.1626027
2024-10-23,593.2537357882547,86532749174.40143,793524643.3617057
2024-10-24,584.5160075603742,85255197630.47481,784000933.3228502
2024-10-25,594.325893184941,86710819325.42433,644617281.7623655
2024-10-26,573.5027977179195,83449711140.45877,881784218.7704451
2024-10-27,582.7002844268627,85017771621.24681,522130327.4992685
2024-10-28,588.3466587883522,85827006527.09506,441842652.54891616
2024-10-29,600.2951565105121,87554214286.16765,644392069.212074
2024-10-30,605.9923660648295,88414948715.28604,1073038597.5710328
2024-10-31,595.7628311131087,86969500510.24303,850312506.2658379
2024-11-01,575.5827350716986,84000613909.2605,1036949641.1860024
2024-11-02,572.9178309294414,83572294995.76315,893454861.8709445
2024-11-03,568.1788705867822,82889818185.21948,613502646.373791
2024-11-04,557.9719388092819,81477370371.82082,807471288.4620364
2024-11-05,552.0002698236904,80509315395.44171,876900503.1809891
2024-11-06,563.1815855751432,82160078279.30705,782468123.611863
2024-11-07,591.1691503275006,86248682357.26794,1832779153.4980664
2024-11-08,598.6118114741502,87331183563.1823,1140184047.2747588
2024-11-09,598.0540120171064,87226205424.11293,1097148719.9339457
2024-11-10,623.0345147169824,91086187582.46588,2289560529.6535926
2024-11-11,628.4982208915301,91619975451.01256,2637125258.8770103
2024-11-12,655.001920202732,95953859311.81076,1582512409.978541
2024-11-13,629.1405449090754,91663556242.0732,3680447411.470419
2024-11-14,620.6711241408003,90601254693.01842,3088847318.0117497
2024-11-15,620.7149581494238,90438980537.17252,3102474990.626613
2024-11-16,618.5720978479429,90211289977.11554,2050272135.7677736
2024-11-17,622.5200094288792,90600287238.66862,1452900658.074677
2024-11-18,617.8473040647104,90046308523.15709,1828130470.576308
2024-11-19,619.6636009849202,90317334784.22472,1651371565.818097
2024-11-20,615.9180341474424,89864910340.94922,1388983815.5660732
2024-11-21,607.2954246379498,88607714965.0514,1559086629.2346592
2024-11-22,623.5047261063257,90962065583.55013,2343280028.874276
2024-11-23,633.0202588832259,92349194787.00644,1846338179.2677584
2024-11-24,651.5324156029599,95008979222.82204,3373812879.967069
2024-11-25,661.6867306484445,96535188283.16573,2917371682.838013
2024-11-26,635.2624284539559,92608753001.29962,2394918621.268695
2024-11-27,613.7254260217858,89577669155.71219,2494275590.5107102
2024-11-28,645.1514917318507,94131145638.41046,1940704254.0273583
2024-11-29,654.5913158519834,95461592953.30748,2381977222.083153
2024-11-30,654.771684845135,95500304653.1518,1553941107.9797518
2024-12-01,655.0341088639733,95585516151.45091,1682644261.813791
2024-12-02,655.7348886381908,95646063853.98654,1465006765.1405237
2024-12-03,647.1199397363577,94366844096.0861,2373999130.8716054
2024-12-04,740.0349367441655,108108300474.1748,4567002669.157179
2024-12-05,736.4426842404933,107467583157.48167,6355347042.361618
2024-12-06,719.7623500626481,104903980762.58746,3821183229.578941
2024-12-07,732.5424290130477,106872608667.21408,2720943421.976397
2024-12-08,750.2454938747231,109451466413.20236,1748135790.7778006
2024-12-09,745.3758374040211,108738492023.74458,1318662772.5807214
2024-12-10,688.0073673187646,100338665906.47128,3134677046.188991
2024-12-11,675.4213801221093,98534549902.19531,3017514510.6277456
2024-12-12,710.6900184753106,103655308925.02592,1903416575.806963
2024-12-13,705.6789649754452,102923886014.42323,1993906415.0291083
2024-12-14,726.77223065721,105993649633.03232,1900492715.31541
2024-12-15,715.4486038130365,104445915284.71416,1302217718.8769124
2024-12-16,722.5581932063777,105502278026.93062,1087890178.982156
2024-12-17,720.6829341808788,105222651998.97408,1589415330.8598354
2024-12-18,715.6520089733765,104491787287.6456,1610321650.477661
2024-12-19,687.6624331507581,100187667140.30516,2203892490.9307804
2024-12-20,669.0228793928828,97651283337.43568,2614960154.253572
2024-12-21,677.8485768483023,98743426119.72449,2728589291.527378
2024-12-22,662.4248813776467,96521740245.10835,1631846083.385121
2024-12-23,648.5721398402843,94636666608.3006,1137478924.2738469
2024-12-24,692.2861092311789,101000768912.15712,1945323070.2555032
2024-12-25,697.9537563672064,101662325640.72516,1163427672.65241
2024-12-26,702.3466001659357,102473517266.88692,788266049.0921909
2024-12-27,687.5178696037362,100313525889.4936,1081113208.9599752
2024-12-28,690.3639423450093,100706722790.1643,1083410181.1553583
2024-12-29,720.5679127131004,105195880146.45,1060863183.0711348
2024-12-30,694.4826804506174,101318707630.7003,760246771.2998646
2024-12-31,703.1066174310417,102466478284.721,994264720.23036
2025-01-01,701.5723264012628,102376145921.80864,1545176749.5279117
2025-01-02,705.8130365866023,102979866966.5999,477140166.4226887
2025-01-03,705.8312420795146,102972434554.93243,931592866.4969292
2025-01-04,713.0475655102006,103985181821.30656,945606974.3138424
2025-01-05,714.0857730267945,104197156232.23538,590551916.378533
2025-01-06,709.3017578903202,103477999966.75745,434122074.033253
2025-01-07,730.7109274996172,106614621781.16785,1171497671.843075
2025-01-08,696.8339974504797,101554459267.52985,1359650088.1812186
2025-01-09,695.7266204397939,101710496644.54108,1392556871.360185
2025-01-10,686.294216607382,100189144310.80424,1115652343.2420957
2025-01-11,693.7427801750233,101242661656.3872,777565591.7749215
2025-01-12,696.7344557337125,101725692784.65048,346722702.76192135
2025-01-13,693.0584426939826,101115094667.83743,309732566.9199188
2025-01-14,688.3576507228246,100415036277.07848,1304110432.8852768
2025-01-15,698.74344424996,101936484651.32497,599619371.3777287
2025-01-16,714.7919481480744,104240470660.6638,928085940.1618588
2025-01-17,708.7829768816523,103363421122.87009,972182171.6751366
2025-01-18,721.1359383883954,105205111175.12766,1011235352.5957952
2025-01-19,709.848578937929,103559797374.0432,1331563415.498479
2025-01-20,682.349570503562,99876651488.00716,2173870248.0155425
2025-01-21,677.2617301582343,98894421718.25883,2209856384.6278906
2025-01-22,693.0634731671475,100928851182.82266,1124646695.628625
2025-01-23,694.4219334575758,101394654320.38486,829429387.7657729
2025-01-24,689.6926515818565,100617735192.55904,1199872836.81872
2025-01-25,680.331260963174,99154320524.46922,889253681.1006862
2025-01-26,686.4624751742597,100177213509.6658,494616452.6295134
2025-01-27,664.4667087887276,97045143802.68118,563417170.9715786
2025-01-28,679.6778451363223,99156553145.1091,1530126791.592371
2025-01-29,661.6311598715406,96518633297.52904,753536803.6865051
2025-01-30,667.745952530571,97443671696.07394,803017578.167042
2025-01-31,676.9452959901981,98765596410.28197,555762517.518932
2025-02-01,677.1124207686067,98759128412.85182,729995227.3014902
2025-02-02,654.217143435919,95597107782.2478,635620746.151515
2025-02-03,616.6428289864358,89802207151.70592,1132723233.233987
2025-02-04,616.4068055452193,89926094561.44997,3600635636.5933547
2025-02-05,573.6042069760077,83582971838.99136,1754660835.0289717
2025-02-06,569.5181048818762,83082022023.37912,556111377.5272002
2025-02-07,572.2112608064776,83497390989.30359,1003761062.9034272
2025-02-08,578.4992668082035,84302974182.76198,751278489.7213545
2025-02-09,614.7094865407944,89820272510.32805,1358173748.3343918
2025-02-10,617.2838550746773,90013323288.5319,2076025506.140306
2025-02-11,617.6277634766806,90114142311.63878,1096743740.0190518
2025-02-12,643.374116169739,93939983216.01009,1475014557.293302
2025-02-13,698.0715219546765,101731781963.3888,2445455388.7791457
2025-02-14,669.9136528267184,97747388932.23824,5053346125.769553
2025-02-15,657.410706012491,95866947744.54868,1867614110.4038904
2025-02-16,661.9679162628277,96571702672.32254,881770346.0843449
2025-02-17,674.7322746333247,98458814653.06976,1123867609.080516
2025-02-18,667.1818129347955,97344824704.8252,1031577914.4441284
2025-02-19,647.7337603591404,94430513841.1008,1157962160.3139863
2025-02-20,651.2699602601128,94979391300.60149,1067124436.0837576
2025-02-21,657.2357183731672,95917140961.6615,772069784.8547369
2025-02-22,646.8031724730836,94395544760.06454,1040952078.1494442
2025-02-23,668.785472644957,97566157422.2611,988420626.34554
2025-02-24,658.3040708334223,96034671976.4126,587694368.3681146
2025-02-25,611.6538008061765,89277366666.72943,1152541876.7735782
2025-02-26,623.430675278815,90971486245.88162,1861620239.3557467
2025-02-27,610.3578616799338,89068804316.15977,1423760323.6156917
2025-02-28,605.3106534011248,88306095591.59663,1086874190.5112782
2025-03-01,587.5469266891337,85736602497.7621,1527513660.3334212
2025-03-02,608.2885669828928,88705889575.59413,887615511.0007088
2025-03-03,623.6422270366194,90933571455.36256,1393848651.9408092
2025-03-04,574.3332822956445,84131864548.38559,1502671244.0216174
2025-03-05,583.1532087181396,85076550479.04813,1296685222.7007513
2025-03-06,597.848549405523,87308885656.99092,565172537.3879949
2025-03-07,595.9383138170398,86832048702.56416,840033139.4891893
2025-03-08,594.5528006856207,86659310630.1766,1083021829.409551
2025-03-09,593.0806975943264,86509066986.42744,508781353.3737471
2025-03-10,554.7300039388367,80974945856.31647,794891836.6676661
2025-03-11,532.5658810549988,77810899001.84778,1255231824.3279812
2025-03-12,552.6254279577566,80603285400.19487,1939270866.6758049
2025-03-13,570.7207702766447,83256051196.22205,1114489699.9605951
2025-03-14,578.7156213732173,84399190443.91924,1833466480.3402655
2025-03-15,586.9702499764328,85730468316.92902,845308240.2144562
2025-03-16,618.7666348359702,90268773244.99307,1045507701.2295176
2025-03-17,602.0153495286127,87819548553.47964,880757968.1631225
2025-03-18,630.4469540119447,91954116491.6022,1734384510.2764878
2025-03-19,628.6214098323479,91696541649.83894,1414095284.5413723
2025-03-20,619.5659214134856,90364999173.09402,1246749969.9429092
2025-03-21,630.2183910262637,91957238403.44215,1638896624.4903812
2025-03-22,634.6156759206938,92640272190.49388,871273243.0492871
2025-03-23,626.1359464582463,91351828211.81651,510080185.6961636
2025-03-24,622.808568853935,90921593695.69312,565395555.6061037
2025-03-25,635.8154787603806,92702831421.47064,1016201346.675068
2025-03-26,630.3112214019164,91918340830.73216,1571079283.2041454
2025-03-27,617.8855000907927,90121720551.83417,753910960.6847237
2025-03-28,637.6132125269871,92990457407.1628,2057147067.1925929
2025-03-29,619.5224559274657,90341522666.9538,1035501259.6012462
2025-03-30,604.0434442333641,88123077876.96681,842143967.4297414
2025-03-31,601.4706478405623,87655671715.34909,627788963.5666428
2025-04-01,605.503011770793,88218822647.64365,971533504.847768
2025-04-02,611.0283776490112,89132994185.99815,1657684601.5836525
2025-04-03,589.8692678191657,86046492690.24649,1345311302.234874
2025-04-04,592.4642522121785,86580201225.941,1425802222.9961252
2025-04-05,597.7592047746326,87234618486.61526,757406570.5501016
2025-04-06,594.0888077893536,86605127909.8959,352847322.8179597
2025-04-07,554.4379559214581,81006289896.18011,768924462.5165749
2025-04-08,554.1601019762941,81084351069.20807,2333452106.558698
2025-04-09,553.3962669418149,80712379865.58907,932386850.4083754
2025-04-10,582.2597810033054,84960740244.96309,1253107793.6282015
2025-04-11,577.2921769307156,84164602180.58417,1043288449.4822325
2025-04-12,586.1297244063287,85506066263.66911,590735620.7426767
2025-04-13,596.9496743252538,87089917417.03128,481290566.3951808
2025-04-14,583.6441112439634,85134836117.92719,492926645.2392504
2025-04-15,584.5130373558429,85271616957.73573,530197263.3245282
2025-04-16,579.7117342988385,84605501761.13997,431419209.1282797
2025-04-17,582.9884895445316,85049370657.6528,590793445.4085172
2025-04-18,590.1449424870344,86081949800.71457,523349165.51611936
2025-04-19,591.7558249048697,86330575658.80789,560183796.0745611
2025-04-20,592.1191922418601,86381923216.81198,359734262.96070373
2025-04-21,592.9015532596577,86496970287.17703,427574407.8731377
2025-04-22,596.742721454172,87021203902.98009,608725679.9225554
2025-04-23,617.6497009116878,90107417553.42468,924934985.74546
2025-04-24,606.1742820090113,88439293572.85298,1089223877.3345106
2025-04-25,602.1970676660677,87859769311.30173,775858994.180891
2025-04-26,600.1913883958081,87558071175.70674,941984394.0665632
2025-04-27,607.8085377229048,88667686776.55707,632964213.2153282
2025-04-28,603.5371460135477,88050307610.3246,548378967.0336518
2025-04-29,606.1285517158251,88463722939.12578,532276423.2081352
2025-04-30,600.5889575399475,87546780933.0503,779335060.0841132
2025-05-01,599.6302002732988,87499897859.30899,717769059.8961756
2025-05-02,599.5796914410877,87470023825.68498,586779850.2435153
2025-05-03,601.3244678537958,87726526469.18716,609320858.6024743
2025-05-04,599.2468842902798,87420518611.57309,383958586.5287981
2025-05-05,585.8899216562841,85450932663.94621,541509182.9932485
2025-05-06,597.9661578698278,87237859436.31647,712215748.698297
2025-05-07,603.0175211984405,87972764326.53542,821085162.8042526
2025-05-08,603.144369158166,87977963458.44826,717897444.1413444
2025-05-09,628.2798237375861,91592064513.423,1315286906.535402
2025-05-10,666.6606824091106,97261112461.87196,1717143713.0552378
2025-05-11,662.3379085253329,96607586360.37282,1549618220.9985394
2025-05-12,650.8664613901699,94954778272.58716,1186159482.5022006
2025-05-13,660.9533536861077,96431520974.649,1968342045.487355
2025-05-14,666.2402578411695,97186035699.10748,1513422041.332075
2025-05-15,651.6490150180347,95059799661.72646,1223304236.5479276
2025-05-16,651.1362648113163,94940045438.48772,1206761924.2527664
2025-05-17,647.3412018782846,94455033828.49246,900231018.9448881
2025-05-18,639.5979769763185,93330577215.08232,679492837.9963502
2025-05-19,649.3806686821907,94612727897.71043,835970956.2085127
2025-05-20,651.0389804540937,94981431402.74107,825481514.59589
2025-05-21,650.951301036078,94965618935.81248,763647929.5303316
2025-05-22,674.7138326551593,98432365398.04092,1565136776.7436197
2025-05-23,686.0302393255067,100085321215.1117,1382711893.5086522
2025-05-24,655.3681110510369,95613306965.6267,1217926335.781693
2025-05-25,667.9647953294073,97476274852.89873,693430871.7905037
2025-05-26,670.0121393931087,97751564279.60324,768619050.9190482
2025-05-27,673.7837605333261,98296679430.87682,666132639.4545316
2025-05-28,687.4363026293119,100298731784.8416,1078653384.123821
2025-05-29,687.631059296252,100335504950.89148,824780509.8660014
2025-05-30,675.4110812815895,98510865071.53928,995474417.0429968
2025-05-31,656.2031380761879,95726822897.51685,923659967.2299036
2025-06-01,658.5726942750157,96080182534.47752,589938636.7962121
2025-06-02,661.3452261434389,96509769841.11876,513744446.15491945
2025-06-03,666.0561104906627,97164288190.66109,550346321.1131796
2025-06-04,661.17332497159,96448470573.61153,717080413.430261
2025-06-05,663.70338541173,96818655325.17992,585654885.1918986
2025-06-06,634.1479715861758,92528733228.30528,1050942219.4544812
2025-06-07,643.7566841456504,93918845142.08775,828491539.5454317
2025-06-08,650.7937997932994,94946550697.756,464282809.21614456
2025-06-09,652.274428548494,95162483374.16092,277471527.06296444
2025-06-10,666.3374143222443,97228659760.41824,720838499.864964
2025-06-11,673.4760595844963,98246414096.53856,915030301.0453428
2025-06-12,667.7388930109494,97396778654.55504,926482996.0464324
2025-06-13,656.4804964003403,95779026195.60716,833602957.1016513
2025-06-14,654.9095462616511,95536361449.31184,1091022440.7624466
2025-06-15,645.8086677048335,94233719227.42334,465113546.6999152
2025-06-16,648.2042600997396,94569766054.11092,342983199.2537816
2025-06-17,651.4813571171453,95211381338.87088,677081516.7980691
2025-06-18,648.799470473488,94651882459.78012,919084069.2175108
2025-06-19,643.7728727892951,93914603189.19572,805534251.3963257
2025-06-20,644.3626647131019,94038287566.09367,530108876.6028053
2025-06-21,641.4660754156638,93579216011.8553,566416175.4191926
2025-06-22,626.5687672231079,91275068281.2763,506048055.8076519
2025-06-23,615.9200839908369,89858565946.78096,1152325722.5588028
2025-06-24,640.2543180324582,93384461253.8329,1018106255.6202904
2025-06-25,643.4133640920619,93854693466.93324,541068316.461594
2025-06-26,645.8665732235779,94213865677.2479,827204901.7289867
2025-06-27,642.4572030728536,93722988687.98412,624553271.4953628
2025-06-28,645.9995550778237,94241465985.32014,506712411.6691133
2025-06-29,648.766805209224,94647807214.77576,346225669.1301844
2025-06-30,655.0764136195659,95568417529.12051,422629715.3384968
2025-07-01,657.0109566115938,95851253503.2366,695153815.9147367
2025-07-02,646.1777891600059,94270479419.54608,581547247.9770566
2025-07-03,660.0254823640146,96288135477.05896,758146950.3828626
2025-07-04,663.0154690088326,96722558238.7678,713062571.7212918
2025-07-05,653.1616270479346,95281695660.61311,635866546.3146216
2025-07-06,655.9253698398683,95693799964.02425,367646275.0716652
2025-07-07,663.0185149322261,96725240650.71088,562060051.2427313
2025-07-08,661.2876967099644,96456273360.42488,646920102.0613401
2025-07-09,660.7042150664093,96371665854.3558,659569899.7140087
2025-07-10,669.2613994307441,97575907951.41354,641678068.1682327
2025-07-11,685.1054482111715,99945907459.49223,1137433259.720816
2025-07-12,689.8418420972016,100618288747.50496,1909585413.5492668
2025-07-13,685.4703165458919,100001602756.8841,1045215775.103744
2025-07-14,692.0429275667424,100931809897.69768,827022284.8266991
2025-07-15,689.3152771073793,100564286673.74364,1871816396.541036
2025-07-16,689.863427315096,100743249710.19092,1508842031.6879208
2025-07-17,708.5580809732663,103380492819.6281,1723439341.1205275
2025-07-18,722.3981283678474,105397429062.45036,2159930031.483713
2025-07-19,729.5149107763856,106427658192.56116,3421946485.400172
2025-07-20,732.9272514055848,106924979937.98865,1435654835.547203
2025-07-21,758.1392224608369,110586719333.9134,1798602738.0495224
2025-07-22,766.3958790528078,111807161492.5986,2452658270.4492984
2025-07-23,786.4807204757146,109558550761.51875,2644910595.3765583
2025-07-24,776.2226902262614,108115424622.896,4430495787.544528
2025-07-25,771.2312622168195,107448286648.2932,2578577950.386883
2025-07-26,784.7856013546323,109286453608.45148,2074059703.484386
2025-07-27,794.2867236239222,110707645996.55733,892831867.5658532
2025-07-28,843.449638843771,117523608100.6293,2256704380.679607
2025-07-29,822.2765976915088,114557221095.585,3011452631.6826835
2025-07-30,805.1438193193468,112111480479.16484,2130673065.5019736
2025-07-31,793.8734614175534,110456100095.04465,1929266771.61827
2025-08-01,783.0023910772859,109113907270.47136,1662327372.5984204
2025-08-02,756.4574114847068,105351071036.10793,2187208851.563726
2025-08-03,736.6587769385911,102623944857.20424,937931586.043018
2025-08-04,751.4001548118117,104656102854.34668,843114690.7269527
2025-08-05,768.5544340737234,107042144700.86378,1043307913.106174
2025-08-06,754.7878000846929,105138094773.98764,1003756388.5618858
2025-08-07,769.8555506826906,107234057462.7665,990264468.5504694
2025-08-08,787.1948285374559,109527291627.29675,1091813946.3690848
2025-08-09,793.1777287850201,110484679476.19676,1187794735.3928044
2025-08-10,799.1991047067497,111320129039.5831,1105210829.293122
2025-08-11,804.8956334719561,112048240703.83405,1056685905.213822
2025-08-12,806.8312185132748,112362421491.65253,1821705477.5453289
2025-08-13,834.446637547768,116319266615.13808,1904274487.3355465
2025-08-14,849.5528663342336,118308158987.36308,2344964710.7509003
2025-08-15,842.2643191559952,117299381415.7054,3658447977.417383
2025-08-16,827.2916811192079,115243392455.31808,3425180338.790325
2025-08-17,839.0566611983465,116636178954.74178,1194989933.08169
2025-08-18,856.9424560582937,119370446719.06828,1237130937.218746
2025-08-19,848.2298792758197,118191079529.68216,1704077250.468268
2025-08-20,823.4566682430556,114695398769.23634,1577237801.835062
2025-08-21,870.0388548973078,121327396964.83464,2208912960.725439
2025-08-22,838.3671602294102,116703457347.89296,1808794551.825588
2025-08-23,899.0447590707095,125228722775.30711,2403982643.652437
2025-08-24,880.2145462822662,122601551471.5355,1414960204.0565426
2025-08-25,876.0729413672346,122045654251.52824,1862920203.9639416
2025-08-26,840.2868104582814,117052413550.03336,1739476008.2601202
2025-08-27,864.1213024474413,120359854645.80617,1565511904.048617
2025-08-28,856.0552312979237,119223186511.82414,1274918054.4266574
2025-08-29,874.7487534677291,121754972275.09772,1665085112.0571768
2025-08-30,863.6575485254209,120215499930.77438,1531055975.6867678
2025-08-31,861.923469050824,119967599893.59283,732100562.508858
2025-09-01,857.819601972643,119395441256.787,721993472.2873288
2025-09-02,845.916487927506,117730905063.68184,1648305723.808358
2025-09-03,851.6937445280856,118533105628.61052,1322521810.3871567
2025-09-04,855.1110256828161,119019289721.41235,859226298.816796
2025-09-05,843.6735934362805,117468538515.54076,916745033.758285
2025-09-06,849.7184902459278,118277372904.9566,987362929.2356554
2025-09-07,861.6639369838142,120001345335.90672,841058634.1628499
2025-09-08,881.3845363246559,122834289041.01732,923155920.7210786
2025-09-09,878.2339242329539,122234712958.68349,1204256444.2143743
2025-09-10,879.833817211316,122413962295.55894,1062899360.6770087
2025-09-11,893.578793274879,124408078560.3618,1801977169.8109913
2025-09-12,902.876846974473,125610829851.88258,1258971255.576734
2025-09-13,925.1660418381476,128802515865.21455,1589605226.0339465
2025-09-14,933.8971704994946,129905114546.37772,1640112370.864308
2025-09-15,926.8412817390542,128929854315.27986,1263377077.0891886
2025-09-16,919.2250351484704,127942167402.54544,1372293507.033996
2025-09-17,955.3487499241552,132963284625.94852,1924151991.340504
2025-09-18,991.3973181432297,137968272147.62173,2455896970.1542788
2025-09-19,982.076570691383,136761037889.76804,2514178578.723519
2025-09-20,982.6879738189484,136677706976.03806,2194041676.02945
2025-09-21,1042.406078066426,145119356424.55237,2616933161.676639
2025-09-22,1048.564985104853,145982985276.6282,3053430923.120548
2025-09-23,992.3881905006706,138105394316.3322,3676969354.8492184
2025-09-24,1017.4645009307636,141632015383.78027,2922340144.9194756
2025-09-25,1018.067792712729,141670017336.2046,2488968495.0372467
2025-09-26,944.4003758447784,131563762651.00533,3413861577.3788505
2025-09-27,960.6805874196078,133586426744.2321,2464135246.7217975
2025-09-28,968.6806715896132,134835789879.10022,1580796543.5155156
2025-09-29,993.2079048442276,138219349626.7409,1062584120.797686
2025-09-30,1030.030963111487,143304041034.04755,2136154304.7482347
2025-10-01,1008.9225311714104,140376471979.115,1848197871.390849
2025-10-02,1025.8187850123247,142809283859.25217,1942259015.308578
2025-10-03,1090.3115640663682,151723439463.9026,2670147496.089171
2025-10-04,1190.0540938314143,164926971828.80228,4899140228.342193
2025-10-05,1149.536376093483,160006780977.96976,1730597418.8329225
2025-10-06,1165.4778023162069,162064988745.73065,2435796155.3750944
2025-10-07,1224.574210222444,169960274835.35895,4284366311.1491776
2025-10-08,1311.712914691701,182467251280.33548,9739890116.464443
2025-10-09,1306.4812320510532,181269646560.23404,5632418876.319237
2025-10-10,1255.8786646242372,174774998279.26852,6718668117.932197
2025-10-11,1110.8141755974673,155757356924.0352,8685141976.344122
2025-10-12,1138.124682344206,158484360795.37354,6948428633.056303
2025-10-13,1298.790800597507,180775585852.16452,9048144207.208094
2025-10-14,1293.0722313476615,180018433779.75974,9460068400.641727
2025-10-15,1212.283351974494,168894485551.0376,8825438559.50392
2025-10-16,1161.734804798178,161921597426.4193,4682445531.806146
2025-10-17,1143.731369922843,159172508587.92465,4415901608.8116665
2025-10-18,1071.5486432574182,149337696969.78973,5491967100.574252
2025-10-19,1092.456873698318,152025648190.85864,2404645661.2866297
2025-10-20,1109.7463758132928,154383839123.48035,2451498835.8070607
2025-10-21,1100.594219041398,153232298626.44522,3059042679.759334
2025-10-22,1057.8502060144851,147151945156.75046,3312841993.6151514
2025-10-23,1071.3354220022431,149141843205.3591,2524047906.4061713
2025-10-24,1127.358071433892,156747943162.4117,4658465652.115295
2025-10-25,1109.178393744721,154356375659.02368,2264878475.243278
2025-10-26,1116.6415202338756,155309975825.18158,1179990839.9169848
2025-10-27,1136.879092448019,158403748858.5009,1658756855.7714329
2025-10-28,1140.4846092726004,157086987480.81543,3216378789.247939
2025-10-29,1103.595300080196,152007230183.57797,3071983545.353561
2025-10-30,1106.7871126244677,152329610306.33157,3099158245.6172895
2025-10-31,1078.7188521029816,148424523512.72137,3106355168.680638
2025-11-01,1088.7331766998475,149946680357.30164,3113520722.1821284
2025-11-02,1094.4541628666802,150757802647.79373,1037807355.6051456
2025-11-03,1083.698416513334,149267110348.34732,1031503124.6500416
2025-11-04,992.195531851008,136616004230.74718,3894432183.734087
2025-11-05,938.891751599157,129239032176.4543,4592001913.653611
2025-11-06,959.970145877664,132180559948.4775,2676495284.5851297
2025-11-07,948.6793778409456,130609805281.72852,1960406697.5914152
2025-11-08,990.5899790534176,136429471727.4668,2698061350.925921
2025-11-09,989.886240398806,136375700425.64316,1880988393.990488
2025-11-10,996.308790029525,137204000714.66489,1718843151.6878853
2025-11-11,991.3653787289568,136571690893.4504,1834279454.1310785
2025-11-12,957.149279725558,131942389294.9387,1720439846.7132306
2025-11-13,952.917011591862,131225068810.25166,1547574582.8027587
2025-11-14,927.1219876913324,128101915690.26228,2123958787.804254
2025-11-15,917.7022398201406,126684618872.11617,2858531583.3570466
2025-11-16,931.9743286141038,128395985006.65512,1205241688.99158
2025-11-17,928.5079796470696,127910791474.5547,1919661054.375172
2025-11-18,906.71978118311,124779469987.77226,3283503372.7441425
2025-11-19,932.0597430569884,128319367620.55066,3005015188.212742
2025-11-20,894.7896141305321,123084876438.08084,2476207348.3480835
2025-11-21,866.7212975475668,119819812394.41756,2488925141.7757115
2025-11-22,831.1648478578168,114575535829.88884,4424065641.157903
2025-11-23,833.4782529297297,114798898990.60632,1537890915.9080956
2025-11-24,843.0327408998495,116123650605.58427,1306002441.4363518
2025-11-25,864.3540154398011,119205379505.13644,2065041400.9588752
2025-11-26,861.9171451304046,118789307110.17656,1496962340.5130074
2025-11-27,891.7232823713881,122716585447.73865,1449103064.218506
2025-11-28,895.3979231885241,123327074303.01404,1318329005.593349
2025-11-29,887.5558493593282,122276150362.64651,1145367682.770756
2025-11-30,873.7626867754427,120348875955.46194,865485146.8078157
2025-12-01,877.7990241108373,120956146870.59618,934390096.0872816
2025-12-02,827.4880333310571,114076075213.18332,2564710118.0321436
2025-12-03,876.7469880502844,120778408196.91264,1999384470.0456865
2025-12-04,922.3452824680272,126961880148.0321,2062726216.677784
2025-12-05,900.2311130891073,123964878213.4654,1687004005.886419
2025-12-06,883.6707054897142,121783105712.06155,1528242896.5625634
2025-12-07,890.2442866831284,122621613741.7671,976591575.8687032
2025-12-08,892.8659344513236,122976657439.0781,1267574110.8170147
2025-12-09,897.4003709684328,123548439285.44444,1425833774.2488616
2025-12-10,899.4035882994448,123930434640.63074,1958799168.637301
2025-12-11,894.4021116794611,123298087220.88684,1842912394.8731253
2025-12-12,885.6320356392306,122104338797.894,1658559102.7895744
2025-12-13,882.1612967807799,121523423088.54666,1215709823.9818652
2025-12-14,897.3110444563038,123599191597.31932,871174991.1034428
2025-12-15,878.3885175348196,120990117783.94084,1017448639.1154498
2025-12-16,858.4116623377057,118228345944.19202,1757948457.1941316
2025-12-17,874.6720838564994,120413955851.13254,1850367940.895995
2025-12-18,842.7888780335543,116085576597.5214,2500106186.2544427
2025-12-19,829.1719378700606,114190662273.26158,2791384030.4837723
2025-12-20,855.957117266356,117897286655.7941,5670988452.811656
2025-12-21,853.5635263159346,117437335113.4627,717833507.1498009
2025-12-22,857.8618459584029,118184623023.09212,803727030.2155951
2025-12-23,858.018474136862,118177942903.11252,1315641870.276173
2025-12-24,843.9156558740143,116259698516.2158,995532572.4121732
2025-12-25,846.6127954902438,116609355166.84312,848705458.5824474
2025-12-26,828.8695540284072,114114035227.35867,735682841.2640332
2025-12-27,834.3408283262127,114905145748.4669,1083838293.2383966
2025-12-28,844.6780493960856,116342864989.3187,726652124.5702834
2025-12-29,858.791572988669,118310241153.67932,728494104.5438432
2025-12-30,851.1900442578194,117223103080.42976,1260449454.778092
2025-12-31,860.3384247437768,118493436505.37633,1465833722.2047489
2026-01-01,863.1574666286001,118876603739.66975,1936922574.932272
2026-01-02,862.9202786806326,118849214809.2441,997547906.59929
2026-01-03,880.5981987516783,121322839458.69112,1650776021.9264174
2026-01-04,878.7329288702774,121016515949.7729,1018610976.0005002
2026-01-05,894.4508344273104,123224807425.4024,1279357981.9878118
2026-01-06,910.9079403595276,125501652951.13847,1534918832.290454
2026-01-07,917.6345878314794,126398673393.3204,1617407942.4718144
2026-01-08,899.3115791273906,123763709908.52528,1669040949.1979966
2026-01-09,891.5992569838319,122803772954.30318,1512007590.3179083
2026-01-10,895.5121731855866,123437221285.62236,1062500372.9429796
