date,prices,market_caps,total_volumes
2019-10-26,0.3746082358279005,0.0,26751947.76457332
2019-10-27,0.2647735878452286,0.0,12090642.147253376
2019-10-28,0.2091738202407092,0.0,5562416.239173098
2019-10-29,0.2128086531240306,0.0,5505901.078412772
2019-10-30,0.211245267369952,0.0,1945305.8224079956
2019-10-31,0.1968778296233026,0.0,1389598.1229099536
2019-11-01,0.1923162742470217,0.0,3031440.8093909663
2019-11-02,0.1911792082960027,0.0,1558141.840179814
2019-11-03,0.1949027345332033,0.0,1649790.1047028378
2019-11-04,0.2335571389202911,0.0,8836108.479262529
2019-11-05,0.2217467414149306,0.0,7528887.102745808
2019-11-06,0.2206934746283289,0.0,4109786.40405432
2019-11-07,0.2028061490273816,78696403.185827,2612760.338282714
2019-11-08,0.2193351468028953,84631236.23155582,3685845.4868741287
2019-11-09,0.2150350582585931,83008021.7079316,3620059.109989107
2019-11-10,0.2049894844883965,79113057.78574376,3013133.3942398783
2019-11-11,0.1998638824168087,76963823.26936342,1715656.5484997432
2019-11-12,0.1951600511603926,75431103.68303828,1213719.6613628208
2019-11-13,0.1918848802566782,74127332.27849926,817045.1091783459
2019-11-14,0.1933971668023686,74663303.87135349,558630.5800009946
2019-11-15,0.1829379155837898,70712159.36552106,685494.7647157881
2019-11-16,0.184350330814787,71016507.02856702,1763876.9617615747
2019-11-17,0.1827137170200816,70783036.99336201,1076403.9713805018
2019-11-18,0.1785789790312384,68960131.17123742,654356.0790715914
2019-11-19,0.1674954188890361,71620223.93449917,866743.3146611018
2019-11-20,0.1571629601843169,66948573.87724619,1365513.8237871912
2019-11-21,0.1465829666273289,62529243.94269818,829094.745552308
2019-11-22,0.1297934652733863,55336136.29007711,1128855.5507757524
2019-11-23,0.1138217076325879,48516093.88865314,1759968.792760948
2019-11-24,0.1230539949554745,52511879.01854249,1964428.170268487
2019-11-25,0.1256880313522891,54330453.98635247,3633395.35607138
2019-11-26,0.1157793537001028,49380582.32461233,2430326.171765447
2019-11-27,0.1143117044509531,48879121.44852997,920876.1956604064
2019-11-28,0.1132595548253052,48485687.3680556,930677.7166665026
2019-11-29,0.1152756060016713,49164363.21676866,1039844.781043308
2019-11-30,0.116185367835501,49640783.52949909,586653.7246806077
2019-12-01,0.1100685478335075,46964509.80885587,398323.9894660756
2019-12-02,0.1067819254220144,45742704.3316984,284318.18920345727
2019-12-03,0.1049678458232925,44685641.55171053,355147.3017062207
2019-12-04,0.1015465160994585,43350222.09752786,634034.7472719135
2019-12-05,0.0968498017640164,41292894.62004613,546149.5386580279
2019-12-06,0.0934799028845825,39866069.85767429,371023.2232856182
2019-12-07,0.0987933830647811,42054417.22712967,533934.4224953447
2019-12-08,0.0946759077204121,40407572.70934799,281303.25426778133
2019-12-09,0.0997936650037229,42803451.1839672,647573.3970538082
2019-12-10,0.0985531966864373,41967549.31075814,678829.4982229489
2019-12-11,0.0904819635478505,38614326.33346428,444465.3415975994
2019-12-12,0.0884170550096958,38129396.06195191,174931.12056739524
2019-12-13,0.0844299423229395,36000653.933738135,331244.99032548675
2019-12-14,0.0855936766138869,36502452.38376331,310598.1950656407
2019-12-15,0.0821197209904877,35020753.901574664,152681.72741204157
2019-12-16,0.0916178981018385,39217769.19294687,1218036.1180037304
2019-12-17,0.0854988016150414,38726294.00721085,509932.09659681824
2019-12-18,0.0807882622153192,37785150.7279888,185507.32523883367
2019-12-19,0.0962451588487244,44887001.46699197,1237236.8033635912
2019-12-20,0.1183770913552193,55527711.2837363,4274682.938856523
2019-12-21,0.1121803330930986,52361397.53361921,2167403.4417367405
2019-12-22,0.1060302535460398,49650376.93250085,1404768.8077123442
2019-12-23,0.1226567124586842,57666365.85279939,3647627.601251304
2019-12-24,0.1230096517433403,57560730.02717243,2291575.892112867
2019-12-25,0.1266057647563476,59310123.21243201,1993750.7277718205
2019-12-26,0.1152761515759195,54078617.126398966,1364942.2396972943
2019-12-27,0.1138710908148109,53684594.708197385,953586.059973678
2019-12-28,0.1100379920793915,51442579.72667173,519188.1681853002
2019-12-29,0.1099505378574161,51423590.69960588,446214.4084139971
2019-12-30,0.1011511858710105,47280813.51673417,745418.619752059
2019-12-31,0.1014053506896817,47322971.89100292,410028.8144012085
2020-01-01,0.0951401608153902,44456248.69398133,296889.5020610157
2020-01-02,0.0982944436380912,45938227.892319255,294080.68132889306
2020-01-03,0.0897258058099977,42058468.96959405,741492.601900545
2020-01-04,0.0942215486646782,44084673.062256455,498344.5624309716
2020-01-05,0.0942842638662835,44033128.794350736,113356.7230957946
2020-01-06,0.0918152783148212,42795949.79506628,173410.14350478508
2020-01-07,0.0961921143302326,45059401.78475151,694348.4161650264
2020-01-08,0.09638693088111,45182179.17500065,996649.0027655604
2020-01-09,0.0911254938785734,42748468.51516824,678045.8331263738
2020-01-10,0.0910234239641374,42514113.332943685,433879.8242104924
2020-01-11,0.0912744334180752,42410231.49669313,205420.2189987901
2020-01-12,0.0898361423964649,42025383.06566573,125466.11268018892
2020-01-13,0.0977873563864313,45834881.7453496,303864.91643888125
2020-01-14,0.0945402872799471,44210062.96272831,386883.4119241391
2020-01-15,0.095907056187333,48560602.63193906,421030.5494097541
2020-01-16,0.0961290227368968,48896162.79833376,413615.583813711
2020-01-17,0.0985506100521179,50103901.18188209,252749.98704112615
2020-01-18,0.1016479639137918,51905870.20636746,291264.0309911889
2020-01-19,0.1001951562653143,50929249.883316346,291141.60405243945
2020-01-20,0.1062984924439869,53899931.76632565,1125701.0138249777
2020-01-21,0.1079787086921501,55127983.17180102,411540.4818484767
2020-01-22,0.1026935008822488,52300323.52879488,210725.24799772663
2020-01-23,0.1036299893365654,52865630.438152425,249558.5030740697
2020-01-24,0.0992688270608984,50530071.000817046,239461.70785403217
2020-01-25,0.0968886144569478,49283596.01743646,354478.6407858188
2020-01-26,0.0936441033142298,47673671.23981565,144471.2582281125
2020-01-27,0.0975965966756975,49614511.91855846,139923.70288734164
2020-01-28,0.0977687699064945,49619245.28340894,197454.7396475696
2020-01-29,0.0964323262858043,49227541.84814323,123021.90814616423
2020-01-30,0.0925954766085974,47195490.821043216,291925.4584587075
2020-01-31,0.0916971185324913,46477517.4848802,179417.85086942223
2020-02-01,0.0951257473768921,48609703.35440991,225172.0590200605
2020-02-02,0.0951037065553295,48441908.48643414,207376.11558522584
2020-02-03,0.0954394453579288,48577570.27601774,171679.75698689357
2020-02-04,0.1015111493077185,51655236.28467534,426070.27771202347
2020-02-05,0.1082685565292606,54955516.771899045,838868.1459373863
2020-02-06,0.1047284329606374,53263438.02404237,483687.22837046406
2020-02-07,0.1487353745686639,78319975.16020015,9708935.07366558
2020-02-08,0.1483136391056339,74569614.24902482,12088252.096705811
2020-02-09,0.1484974017670755,75571247.60206342,3057757.811541344
2020-02-10,0.1662830968222433,83596465.33716094,4513346.5370468125
2020-02-11,0.1574457028005997,80320400.56235635,1860758.197592109
2020-02-12,0.1797504996377589,90300699.4438138,3068912.6818367047
2020-02-13,0.197711842796971,106120493.3652701,18913515.146637112
2020-02-14,0.1790258264679072,98742135.56213509,3407346.921917944
2020-02-15,0.1851020484818923,101167089.97758128,3437598.1741774213
2020-02-16,0.1719343829396412,94655365.59001815,3014400.93849402
2020-02-17,0.1629808659330758,89691913.74523501,1714099.6968368534
2020-02-18,0.1627841692494997,88892258.42066865,1930563.3534463577
2020-02-19,0.1677639102381856,92330271.00935112,1052520.2724253642
2020-02-20,0.1527156399362921,83716120.71446203,495648.9738471514
2020-02-21,0.1642416478287453,91516044.72157276,655628.5893884316
2020-02-22,0.1561251727662338,85852967.93102758,540148.9439007328
2020-02-23,0.1572491088706011,86444637.68282504,368402.8215087961
2020-02-24,0.1690401469256886,92913106.77998164,1194783.0450690535
2020-02-25,0.148264219531725,81193881.48324135,755340.3290986712
2020-02-26,0.1423320015193203,78511701.60043444,442694.75906905567
2020-02-27,0.1289354585949921,70690548.32332487,800888.3465963671
2020-02-28,0.1294217400473633,71358136.75447,1239477.734818885
2020-02-29,0.1250872275570139,68892058.8637968,971619.0801904256
2020-03-01,0.1217788984492063,68013308.97515564,550674.7538118032
2020-03-02,0.1180685745723389,64717209.22381801,260225.6421552605
2020-03-03,0.1301111504197517,71480823.91617471,597530.8763027493
2020-03-04,0.1345865691546797,73734665.35104854,857949.4042084386
2020-03-05,0.1487268748191167,81792988.41469865,1321504.888569333
2020-03-06,0.1455287618699927,79779780.57031071,1332868.527502289
2020-03-07,0.1454150300738631,79682423.71129881,603711.3406945225
2020-03-08,0.136370593727105,74893269.5924491,937224.7498725378
2020-03-09,0.1166972822645949,64196716.84628502,479324.7915169371
2020-03-10,0.1157711917462238,63306580.82302656,525808.23091763
2020-03-11,0.1374854336911868,75750357.62624823,1649792.442679654
2020-03-12,0.1383250307682116,76154616.2969704,4792217.812086387
2020-03-13,0.0652512732380333,37155536.92708568,1300872.227925466
2020-03-14,0.0756561159944531,44211619.92348521,1162914.3279802017
2020-03-15,0.0696682746221839,40621307.965162896,597306.3513882539
2020-03-16,0.0682307423648674,41136598.08872897,401960.06224680593
2020-03-17,0.0589997279018102,34812862.77092646,455527.63241941365
2020-03-18,0.0689263482301764,41177551.70576829,439809.384182564
2020-03-19,0.068545075200774,40438129.286397874,233630.11441602503
2020-03-20,0.0830996982212774,49226227.32859277,535687.6274100086
2020-03-21,0.0814230305469253,48601042.18304771,712819.7824335161
2020-03-22,0.0869761497545539,51560889.86378307,333013.23138773046
2020-03-23,0.0792115618793852,46906092.80187482,569984.6484270592
2020-03-24,0.0856928327853034,50232254.64818134,182519.36575627056
2020-03-25,0.0847349557844179,50117618.347640246,185871.12285545
2020-03-26,0.0838525805030726,49539308.35280448,161478.89503043352
2020-03-27,0.0865545072279717,51024978.79524773,162274.6677983324
2020-03-28,0.0873044446925605,51186443.05509392,2818630.2933058366
2020-03-29,0.0870743488921565,51404892.47674802,501667.556774097
2020-03-30,0.0804621179442713,47539673.12391508,177182.10135461026
2020-03-31,0.0899600460083723,53316528.48366959,307228.1108027522
2020-04-01,0.0871534347973934,51827942.412815295,182734.94033455692
2020-04-02,0.093693494883246,55594942.055053815,1049633.863016285
2020-04-03,0.0939236097338991,55357434.87010459,1158076.1745845955
2020-04-04,0.0944964260846755,55768900.11325228,633563.7205658199
2020-04-05,0.099028401903469,58459248.99849338,452044.36307693966
2020-04-06,0.0959489013141958,56840944.27124908,207363.54605680125
2020-04-07,0.1024388003016773,60446100.17543333,262726.54387962166
2020-04-08,0.1013338551783281,59771946.06160497,310932.4384726474
2020-04-09,0.1015215450550047,59956577.89424265,146874.04101360487
2020-04-10,0.104376168923059,61751029.78747337,390453.9171827947
2020-04-11,0.0918506987270258,54318365.53709143,492889.8282532938
2020-04-12,0.0921689688432098,54362648.78040713,119493.90569850596
2020-04-13,0.0913722013894889,54437626.72407589,190771.96224504648
2020-04-14,0.0888343732253846,56154556.56914826,312952.37958400126
2020-04-15,0.0888052371423387,56125610.48662143,194892.9318672257
2020-04-16,0.0856184588950288,54131415.63236693,194048.40546497036
2020-04-17,0.0922260164055327,58311861.04604019,296955.7684317764
2020-04-18,0.0900660680933899,57116619.657250784,120418.10351987532
2020-04-19,0.0947842936599308,59855900.56982342,217888.35322404667
2020-04-20,0.0922177630754865,58246424.03790776,142607.46152026666
2020-04-21,0.0863923850942763,54571659.10955577,177202.23440486134
2020-04-22,0.0879732494766718,55654717.2593749,117978.63491484632
2020-04-23,0.0943391781239461,60100880.94125787,800079.4607828531
2020-04-24,0.0984528158494677,61943004.54986705,913167.0037426264
2020-04-25,0.1069663478319655,67609099.01681243,1079012.9727220556
2020-04-26,0.105677274293083,66722625.74425894,284931.2874347101
2020-04-27,0.1102383433249279,69698786.16330524,711284.8545321012
2020-04-28,0.1085713447013985,68858300.276304,338508.4008256582
2020-04-29,0.1063098744882785,67229130.28969726,240442.25834082675
2020-04-30,0.1095370150577395,69003173.81847358,487355.938759343
2020-05-01,0.1029163982022046,65313149.36869365,465510.7944882604
2020-05-02,0.1102531780706054,69590764.9820658,496626.12658983
2020-05-03,0.1111644850985686,71294614.3333521,283667.4545506438
2020-05-04,0.1057258657803075,66942349.83033027,329798.85081221897
2020-05-05,0.1041480692112776,65728376.90861805,296402.4489631775
2020-05-06,0.1055684432154446,66552992.26614935,164401.48329347064
2020-05-07,0.0988578638124577,63093242.87957807,632652.9092341913
2020-05-08,0.0976708874817076,61923036.62268697,324704.3393048443
2020-05-09,0.1115524575451524,70375428.0532957,912961.200343337
2020-05-10,0.1095412425293085,69659437.12522745,317233.6438489384
2020-05-11,0.0947556248620484,59804947.14988983,349713.3976516106
2020-05-12,0.0923020462598963,60781969.75908032,311848.64295461966
2020-05-13,0.0975662635352834,65735111.832529895,201012.2080190019
2020-05-14,0.108065896865675,72470301.05685513,828736.6847919029
2020-05-15,0.108127034851618,73098936.6534847,363750.4582092909
2020-05-16,0.1053186118140104,70726606.94749095,370791.2686647503
2020-05-17,0.1136127668958251,76071594.57821783,486616.5380983896
2020-05-18,0.1221603922592354,82000677.8030887,882666.7105942825
2020-05-19,0.118103090573034,79457401.6945193,447680.7523303583
2020-05-20,0.1182951605962048,79687753.27731729,346563.2674601248
2020-05-21,0.1178070218438926,78936495.42056032,496297.8175771815
2020-05-22,0.1157069908775388,77304357.72087704,1261070.058121756
2020-05-23,0.1222846348130955,82364529.28810118,606215.1187955277
2020-05-24,0.1218589835036771,82225034.78392729,587195.5383056734
2020-05-25,0.1250254776229708,84466597.40244955,1456543.472147504
2020-05-26,0.1314954687599709,88565926.65854466,969819.7226678088
2020-05-27,0.1296647281025798,87059098.29483676,833243.8598388245
2020-05-28,0.1308722322225391,87782485.40421161,753837.7996427357
2020-05-29,0.1499094602651613,101559302.68352024,3806269.691793548
2020-05-30,0.1573447789727306,108263805.4801658,3246722.4601886347
2020-05-31,0.1520276357281407,101671911.6810289,1017738.7200705748
2020-06-01,0.1360421991749046,89935631.4859685,1150543.614405825
2020-06-02,0.137290945948749,95522793.718418,1042855.3324460224
2020-06-03,0.1331350525231166,89329597.46376507,1030045.257208026
2020-06-04,0.1453720597601788,99341405.70957877,1031073.0115466916
2020-06-05,0.1454095120206289,97630509.52464736,1436929.5628386284
2020-06-06,0.1394638982239655,95021816.0407163,1067411.126128388
2020-06-07,0.1373986824877967,92751525.67282578,734713.2120814102
2020-06-08,0.1383294733269806,93250676.66125846,423323.1882572143
2020-06-09,0.1468304119584446,99285271.7340374,1009040.1418142016
2020-06-10,0.1466320978033087,98923951.14950708,857670.403612468
2020-06-11,0.1515281747052665,101772701.63484076,1030058.6727245188
2020-06-12,0.1370995037130811,93514151.4360304,1396936.2499599692
2020-06-13,0.160949314493489,114786914.98919378,1140240.9900249564
2020-06-14,0.1626568304838293,114708976.89149351,1154597.6256153593
2020-06-15,0.1431759357333097,102068867.54948676,948385.3334798048
2020-06-16,0.1427650262608569,102053556.50396852,811686.6822976822
2020-06-17,0.1429973530572184,102163547.18646634,452182.9234164439
2020-06-18,0.1462638299880386,104491480.98176166,949921.5739867288
2020-06-19,0.1484717974457397,105941862.30346192,3694422.604216284
2020-06-20,0.1419292143955765,102099988.50125489,996026.3310491068
2020-06-21,0.1393517971920697,99596679.49140094,529307.0386585849
2020-06-22,0.1424510664764233,101451596.94408493,862394.5944630154
2020-06-23,0.1455601112695377,103770146.05540498,756218.2152034196
2020-06-24,0.149621427842038,106664257.2333809,363855.913866021
2020-06-25,0.1408993120962076,100570515.75876476,833693.8307426217
2020-06-26,0.138392235824801,99086130.94370133,688138.0725903865
2020-06-27,0.1382780229248163,98782084.5389438,571839.5038761563
2020-06-28,0.1231268968179273,87926483.61017008,1125615.1692246485
2020-06-29,0.1311065395041937,93478044.49142727,349327.61833637144
2020-06-30,0.1342354891380692,95894207.59488942,318981.0676942705
2020-07-01,0.1329525877420326,95416409.14650662,339104.48153670464
2020-07-02,0.1346050426355672,96192458.69977064,551955.0833693198
2020-07-03,0.1311249557982456,93617292.83446144,783213.1868694512
2020-07-04,0.1332974357147265,95260104.33152322,753616.5670004546
2020-07-05,0.131563766232515,93916366.93138751,393733.27759087976
2020-07-06,0.1271852026548538,90338988.14630696,379550.59158654633
2020-07-07,0.1333704270355201,95165276.07685097,1316151.8829693827
2020-07-08,0.1306458592947296,93349469.87347697,499889.6643334281
2020-07-09,0.1396245146742244,100009676.36323711,1923919.137742916
2020-07-10,0.1508534834471581,107788281.88187076,3961537.6342144646
2020-07-11,0.1444615848367014,107076976.19780348,1647567.2425829428
2020-07-12,0.1517040033496189,114832519.79169326,2042685.788858143
2020-07-13,0.1490628398673252,112911274.1989731,1498302.4095691312
2020-07-14,0.1428993698532112,109130123.9167103,1545891.784187466
2020-07-15,0.1421250456342315,108529008.28353047,1736643.8941334798
2020-07-16,0.1397335065482564,107217306.58329833,1059628.0028382984
2020-07-17,0.140051562825662,107459642.39636584,1735933.6789555391
2020-07-18,0.1513466744605283,115476986.70588154,2432481.03785176
2020-07-19,0.1491483471464901,114291128.32873628,1119431.551056174
2020-07-20,0.1442610931809543,111536098.03295907,1495799.2922456667
2020-07-21,0.1463394141970848,111062447.34145476,2341095.190784784
2020-07-22,0.16264079976929,124255895.62186854,4010047.7275396
2020-07-23,0.1702070392620412,130102080.79629704,6574714.783365158
2020-07-24,0.1649597530117892,126240897.05682164,2362383.5640328336
2020-07-25,0.1706214772394071,131228855.43191276,1814034.5070502728
2020-07-26,0.1777794526112961,135190011.21884432,5445693.507316963
2020-07-27,0.172403419949529,131951775.88156769,3122794.452251936
2020-07-28,0.1451187058496246,111068973.89911748,5672736.37780456
2020-07-29,0.1566675420089907,119896032.1098659,2047337.134497229
2020-07-30,0.1564565314768038,119956061.38107744,2432443.826841053
2020-07-31,0.1594063394555065,122117307.53998163,1042003.5565775008
2020-08-01,0.1729336168190833,132924197.0668288,4010200.6882425616
2020-08-02,0.1702135630060328,130569400.00328554,2557249.012543463
2020-08-03,0.1727320256152444,132087525.37403136,2197702.624081176
2020-08-04,0.1777817640390504,136142255.18979812,2054650.061355301
2020-08-05,0.1896157392423667,145367074.93527365,2904990.433468724
2020-08-06,0.1847407592531639,141471335.52278617,2407889.161562714
2020-08-07,0.2044381065518002,156486285.24326482,6325804.968032506
2020-08-08,0.210449075273723,161208161.58208868,3464470.611339408
2020-08-09,0.2352743416797637,179821039.41959095,3277369.6818272765
2020-08-10,0.2347910060493078,185969611.57362023,4557024.300097475
2020-08-11,0.2620649733327789,211820062.0627404,6048985.279341032
2020-08-12,0.2458202724286923,199167426.43345672,8459914.02455733
2020-08-13,0.2698170627114812,217542029.9570896,4104964.1805465408
2020-08-14,0.2687877023331976,217085389.18068495,4124134.5952267447
2020-08-15,0.3138660571396719,252205671.4875176,6477287.1176183615
2020-08-16,0.2872243319994719,232374296.2470769,4562844.418516779
2020-08-17,0.2771834974501386,224167914.52758828,2748415.684948656
2020-08-18,0.2667225400779062,216311903.2268235,3237868.747381373
2020-08-19,0.2592311412094731,209465204.85281056,3138302.37181742
2020-08-20,0.2442525665173415,195944264.5226529,2194337.813903847
2020-08-21,0.2847660901360383,229439731.0735758,3156726.6556590656
2020-08-22,0.2609282885283278,212072196.6739148,5663187.925436665
2020-08-23,0.2864540870683217,231341040.77874216,2395984.2772247177
2020-08-24,0.2958169840933564,241295860.9480492,3733714.0571895456
2020-08-25,0.2816826842837746,229103348.90289152,3209538.454886088
2020-08-26,0.2593946737241659,210426330.5729449,3270540.591729395
2020-08-27,0.2473353946835396,199980614.02476376,3651371.7621754655
2020-08-28,0.2456819674974711,198149170.39633664,3235975.258524122
2020-08-29,0.2512064749575042,203272541.7384261,1619784.759973162
2020-08-30,0.2525851715428125,205301950.33135188,1775705.638191586
2020-08-31,0.248205363435201,201021327.47767696,2070641.15936944
2020-09-01,0.2504117844550583,204771466.79402,4097008.9457575153
2020-09-02,0.2390985439788898,193921222.14739135,3714264.0476519614
2020-09-03,0.2173145479138927,176314147.24369684,2489099.146154771
2020-09-04,0.1818760342265284,150879948.47686836,3310005.9712828007
2020-09-05,0.187530073946786,151922308.59366167,2163125.574954124
2020-09-06,0.1542876558391923,124556177.71297416,2715571.0284191
2020-09-07,0.1918596747755587,155429815.0930343,2258831.503488089
2020-09-08,0.2089344714165357,169380410.8807102,4211406.88385726
2020-09-09,0.2216136078750498,184875393.3002415,7321117.487638591
2020-09-10,0.2096034489452307,178529851.57507223,3305100.639776168
2020-09-11,0.2067513129670369,176011439.48777533,1969745.861284475
2020-09-12,0.2106694448743299,179464147.00723764,1402111.4771481226
2020-09-13,0.2277543498629985,194081558.09154183,3023484.0196743794
2020-09-14,0.1993381410767937,169835201.01399413,3315546.574698777
2020-09-15,0.203570778364294,173490941.54100642,2851548.298827208
2020-09-16,0.1833308201136106,156156019.53196335,2292267.534177371
2020-09-17,0.1963393114482845,167324967.23147413,1982249.292821101
2020-09-18,0.1874420660248913,159472544.94720557,1607789.2738460847
2020-09-19,0.1853333813225834,157161943.98718733,2018722.8089136684
2020-09-20,0.1905604549361171,162452963.93500125,793872.1176457941
2020-09-21,0.1962043687920701,166824493.47768858,2239829.897756068
2020-09-22,0.1846789407872634,158243611.4213179,2173158.035849479
2020-09-23,0.1671998712834214,142921201.23998043,2534764.2768785725
2020-09-24,0.1541953636044933,131260270.97905508,1512709.8562513562
2020-09-25,0.1666627092743465,142923352.6966456,1077545.6708105258
2020-09-26,0.1655494520014219,141263272.05653572,1124465.7310724673
2020-09-27,0.1614481007647728,137424201.61130133,879280.9157843142
2020-09-28,0.1565740764801595,133274286.44378293,1014052.7355033546
2020-09-29,0.1506033727872573,127074708.73546456,717901.7292064435
2020-09-30,0.1535040932655838,132238121.1007264,555759.6860437156
2020-10-01,0.1609346382784768,137288842.97507074,1466802.4588863344
2020-10-02,0.1552499932479656,132744760.1620762,739055.7132882345
2020-10-03,0.148522710942377,127078138.49742007,906537.1792439189
2020-10-04,0.1559855100115088,133231789.212986,400788.1612278065
2020-10-05,0.1573498112179109,135206184.75313196,358028.33313313447
2020-10-06,0.1553637970356236,132910611.40503894,311088.1338307107
2020-10-07,0.1412134101017505,121401145.71291764,501419.2972439977
2020-10-08,0.1493451653082857,132105380.63060392,426128.3594172197
2020-10-09,0.1520207228124821,134357225.09645143,362893.346970174
2020-10-10,0.1631234926725728,144320727.03547826,424561.08218645817
2020-10-11,0.1585602409293552,141841199.72534338,500813.8454491374
2020-10-12,0.1624587475777991,143847776.21058428,262732.5133085839
2020-10-13,0.1663105481424054,147555829.28137898,462624.7376130321
2020-10-14,0.168902750908768,150003722.1429232,655051.5103248612
2020-10-15,0.165986854541812,146740384.58105204,416404.9166682213
2020-10-16,0.1781712259186738,158093896.75659043,1003331.258694464
2020-10-17,0.1712204712975175,152175630.45788354,920030.5703067536
2020-10-18,0.1697779558109241,150800182.6606824,455225.28633659566
2020-10-19,0.1707285751203218,151221536.49976856,218280.6376922409
2020-10-20,0.1655352554127287,146641583.11216402,456924.1646995771
2020-10-21,0.1644850290764551,145861238.70425358,703281.417821738
2020-10-22,0.1621382281055617,143612675.27368447,600636.1252280785
2020-10-23,0.1637889513574457,145243522.60272583,503612.1750863326
2020-10-24,0.1585865852301566,140941822.93821323,273659.94862214866
2020-10-25,0.1575632793498002,139291473.77405712,297326.12991065404
2020-10-26,0.1490118298379349,132213227.1040538,431370.3691915413
2020-10-27,0.1465895395458394,129702275.96642396,419911.4707152053
2020-10-28,0.1480136136337536,132219315.30689198,461261.57206657226
2020-10-29,0.1530093121009146,135608786.9252632,565948.7705308014
2020-10-30,0.1425664462838478,126467067.93435758,391006.4221686738
2020-10-31,0.1531706463957368,135551159.0200031,383112.2276271398
2020-11-01,0.1603117611790173,142043571.62804416,921195.2365976546
2020-11-02,0.1582966515690027,140649054.47720987,303500.6670847044
2020-11-03,0.1488871194122286,132009471.16994362,394621.166948249
2020-11-04,0.1520216103195326,134780666.89939335,665008.6989110797
2020-11-05,0.1524375683116426,135542240.4112702,284461.84999079385
2020-11-06,0.153016578496043,135313097.54496068,678031.7844261923
2020-11-07,0.1688160752890256,149689233.26758072,1123793.447917783
2020-11-08,0.1714940756913341,152306307.8042193,2069091.7629818136
2020-11-09,0.192027977921462,175969857.94057003,2717843.426025313
2020-11-10,0.1860587542586246,170784568.84223625,1382917.5451953877
2020-11-11,0.2165604715475554,198419754.6762965,3458039.5118542416
2020-11-12,0.1957608448422157,179979956.25896677,1751028.0896738614
2020-11-13,0.2787354869836111,260112275.039116,11914608.73339917
2020-11-14,0.2684060392319826,247483859.77447155,4163023.75927318
2020-11-15,0.251062712365129,230764985.1055374,1927551.258122373
2020-11-16,0.2397656856554392,221632254.98208165,2114733.2494220715
2020-11-17,0.2500825693468266,229254970.3872877,1869119.019444207
2020-11-18,0.2425626410212706,222690207.5842069,2684250.339253548
2020-11-19,0.2208555261197831,203291428.02665585,3084480.8758328883
2020-11-20,0.2056963937608487,188903012.985164,3222458.528563043
2020-11-21,0.2150075719985105,197141246.587842,3132366.636133686
2020-11-22,0.2281273719184437,209413992.13244307,1978444.8161156296
2020-11-23,0.211520582625159,195562996.02658024,1330680.893926125
2020-11-24,0.2338854873210721,214024426.88918585,1502681.3927069108
2020-11-25,0.226769172094127,208092054.62675497,3525435.756769764
2020-11-26,0.2421384865328031,220859205.4582678,2397962.711839686
2020-11-27,0.2546742928007569,233637680.94868335,6031338.587270577
2020-11-28,0.2385545316138795,218769693.6448893,1890676.049741988
2020-11-29,0.2353175159712547,215816087.76055163,1008446.9340334611
2020-11-30,0.2378409144720929,218450330.42019916,1151744.23494437
2020-12-01,0.2406462612520415,221499597.77905783,1460913.5329046352
2020-12-02,0.2392140684717688,219623419.0003662,1766429.9450021829
2020-12-03,0.2457765084137628,225875644.8872704,1564302.620350904
2020-12-04,0.2455607005152444,225003167.85867077,1018657.7645989608
2020-12-05,0.2255998848800411,207847884.88746905,1315056.6229373538
2020-12-06,0.2302244594950016,211347880.80454865,785472.2327582
2020-12-07,0.2469952610895104,227235672.65700012,1049712.829961609
2020-12-08,0.2656306250713657,243480489.5217065,5984020.364131173
2020-12-09,0.2864877091934405,264374686.3689424,12266416.253902871
2020-12-10,0.2767890724598899,253878105.8267893,5027221.939838488
2020-12-11,0.2613278529184305,240178624.19006684,3341645.351302436
2020-12-12,0.2757808485862287,253729669.3028666,5754148.549105162
2020-12-13,0.2948714989909384,271323564.28268164,3786874.444313061
2020-12-14,0.3241992644456737,296634745.9596225,7358702.27737725
2020-12-15,0.3198349358258863,294981256.32355905,4565547.912923412
2020-12-16,0.3039022358388595,279751905.7384478,3437544.250467132
2020-12-17,0.3007967872127237,275910927.94651383,4057866.5108271386
2020-12-18,0.296534743450335,272878357.6691879,4043112.536555984
2020-12-19,0.3169632390263056,290054777.068522,2737977.863083852
2020-12-20,0.3034890535669942,276610953.11918795,2575744.91216234
2020-12-21,0.2923082897910397,269386152.6783398,1675093.8761712052
2020-12-22,0.2798413405382579,256896571.3460559,1489903.6157812134
2020-12-23,0.2836195352904089,259244710.82782325,2567058.8711088737
2020-12-24,0.2622851552431869,240563713.03922877,2319295.7554894867
2020-12-25,0.2817527876412928,260357619.1786472,2478730.3678578897
2020-12-26,0.3030410668692802,278562331.84940726,4071008.351802347
2020-12-27,0.319012698734493,293870449.2047689,3379846.505051503
2020-12-28,0.415772858718742,387435091.6700528,22900178.841259684
2020-12-29,0.3892010940370707,355722006.74892366,9339048.882743277
2020-12-30,0.4073686035831556,377548938.4584952,8055642.568216158
2020-12-31,0.3970226609126368,363818139.1733333,8199558.132904339
2021-01-01,0.3966018588582276,363630027.503725,5275351.05843514
2021-01-02,0.4345374474521382,399655530.811085,7748140.392441927
2021-01-03,0.4549792441953842,416436204.4789936,16047396.369634854
2021-01-04,0.4827019785457508,447385898.6815893,12842542.792283196
2021-01-05,0.4814208609559114,440081547.21057695,12689178.756516978
2021-01-06,0.5241155315068995,479010289.8121018,10305832.829600528
2021-01-07,0.523491250211067,481330898.35684747,11591195.877328165
2021-01-08,0.5416620170587484,491128987.5916224,8375618.853785483
2021-01-09,0.4956732523597909,454317368.70438194,8363882.211359492
2021-01-10,0.5018226160341439,460264340.8550943,5469845.411184813
2021-01-11,0.4757608426827243,436108041.5705562,7430764.4585126
2021-01-12,0.4956936779807965,456302548.5822144,15678664.69796502
2021-01-13,0.4848863826906731,443186901.1541605,11364486.442252535
2021-01-14,0.5562085890730089,508565090.3605946,11826405.784876725
2021-01-15,0.5088294106747769,464651104.14037126,14635296.180351036
2021-01-16,0.4893114210736879,451340057.5327172,10161149.06085528
2021-01-17,0.4767567588214958,439231020.360485,6243164.59494581
2021-01-18,0.4917935192165175,453451232.00894064,7346682.785019762
2021-01-19,0.4857602912261874,445011409.1464482,5481513.012006589
2021-01-20,0.504825477992157,462309248.404208,10497534.090946078
2021-01-21,0.4929902407286109,448106348.8342706,6934360.868907413
2021-01-22,0.4545146874303882,421743527.5252129,9134783.409977555
2021-01-23,0.4793192017357829,436646496.2619711,5299129.450875876
2021-01-24,0.4835010798224596,442837873.6375383,3107065.9169919565
2021-01-25,0.4922943473948672,453674363.0319076,6642993.946619023
2021-01-26,0.4691948744464138,432359237.9650095,5523739.612907239
2021-01-27,0.4714843481683904,432705048.4377856,3185413.539273935
2021-01-28,0.4280857562120111,392474999.53612906,4334198.468734693
2021-01-29,0.4435782325642769,407063133.300473,4375485.817659156
2021-01-30,0.4399056931156167,403193962.2789345,7417054.134544539
2021-01-31,0.4280689750507812,392502895.2348467,8549769.234506514
2021-02-01,0.4272000582913824,389989527.0431121,4909650.818358056
2021-02-02,0.4417095522191765,405867219.47896415,7188976.214167942
2021-02-03,0.4614257989984712,425455708.1838765,6055440.269893422
2021-02-04,0.4617514253556652,423891472.78905153,6608223.56127272
2021-02-05,0.4472414664028488,412653920.5078494,8080752.844595045
2021-02-06,0.4660530058671813,427196458.4713632,8598281.540287534
2021-02-07,0.4464845937016816,409128676.942606,8490615.867427869
2021-02-08,0.4697683311639797,429273037.9320532,11821718.333700176
2021-02-09,0.4826662442335355,440722087.0731924,11114550.386656765
2021-02-10,0.536984066027113,495847910.3971767,54047158.34090033
2021-02-11,0.5697758287930818,525790786.1329925,21472248.98524367
2021-02-12,0.6439367329558225,587734922.2756982,24932420.93949886
2021-02-13,0.7327130188547617,673620659.3683459,30357546.48993981
2021-02-14,0.698072829431059,639828302.2960554,14740224.803100776
2021-02-15,0.6734445899059357,617331161.8364154,13655263.950110337
2021-02-16,0.6911820430063779,628058659.6568811,15671408.459706072
2021-02-17,0.6788845702671457,622056292.3549795,10208166.98878674
2021-02-18,0.7148462416948203,660003613.4429027,12300353.449261796
2021-02-19,0.7891348190067783,724189710.0101142,12248777.24912192
2021-02-20,0.8420706588346855,770160369.2088029,21372691.131611653
2021-02-21,0.7770169710445871,709835211.1624807,16032020.758657357
2021-02-22,0.8173333252935083,750319328.4140162,12148284.508500962
2021-02-23,0.7803392989162374,716585052.9326137,17225148.600781485
2021-02-24,0.8399183436086526,772237821.3971694,30952953.28996402
2021-02-25,1.0835093072162447,1002683911.2868966,116510273.2136968
2021-02-26,1.048382167317031,969434257.1388532,39765888.11071461
2021-02-27,1.0173897293935714,927922589.8119348,22099589.85388252
2021-02-28,1.0125208310070908,913950339.9836156,16597889.558630971
2021-03-01,0.9456152954656836,869077876.4716777,15074655.18266656
2021-03-02,0.989014449717186,908337056.7553144,13566005.065724496
2021-03-03,1.0167165855134872,1065226768.6993266,22390657.24258194
2021-03-04,1.0480420015520333,1105217979.672141,19455707.89011383
2021-03-05,1.2216997730172996,1287159288.221059,74300573.19805554
2021-03-06,1.2182570554433223,1274165644.3412805,92870830.85549708
2021-03-07,1.1800662323843023,1239758005.1316483,23221271.442506783
2021-03-08,1.2010561955970525,1259366170.3169496,29967255.180545453
2021-03-09,1.2055951489824623,1265720059.912465,22308005.892003156
2021-03-10,1.230449484163722,1292634898.7760465,29432679.49229473
2021-03-11,1.119500822733085,1180553377.150436,20856555.06119816
2021-03-12,1.0993951671951443,1158488063.7475257,16549941.85059501
2021-03-13,1.1569182039429875,1226450896.5841756,33505172.41411876
2021-03-14,1.2655020696077826,1334014115.9427974,47946757.37297639
2021-03-15,1.1508817751759253,1213902810.8811605,19233405.99528236
2021-03-16,1.1241412390715089,1195202400.4816844,20289668.89963524
2021-03-17,1.13389490387817,1190937809.3841245,18235753.487558357
2021-03-18,1.2171851180732032,1271985281.6352222,19887113.30937729
2021-03-19,1.3221555476425335,1393247598.848224,32209955.52966484
2021-03-20,1.365826612254951,1441534043.991226,25721737.933882013
2021-03-21,1.2548720340818846,1322352586.733542,27054315.85382372
2021-03-22,1.277215162059118,1352777346.9195375,21742673.826994505
2021-03-23,1.2590070898240509,1334868588.4947937,30915684.580598827
2021-03-24,1.271771328653594,1341191879.3874395,27775630.16292475
2021-03-25,1.2024881678362118,1269585997.3354194,16465707.2982501
2021-03-26,1.1771397326211137,1239548513.0077026,29133750.99818024
2021-03-27,1.2268008552999163,1284518303.5302205,12667744.685097108
2021-03-28,1.2647536876044174,1332245677.674094,20642489.827890307
2021-03-29,1.2526637664298663,1312100017.0705764,53338491.30737195
2021-03-30,1.2443037121724858,1310588843.336419,13756387.013024503
2021-03-31,1.238863243806125,1303272589.426756,13571331.676547363
2021-04-01,1.2159135316595264,1277786309.7563012,13910328.85810718
2021-04-02,1.256656466473837,1324953925.1858337,16780665.963546295
2021-04-03,1.217743724422525,1279006128.781188,17286185.673221312
2021-04-04,1.1159947150076852,1182071640.1462784,14070030.081207965
2021-04-05,1.1566960723634343,1218543339.7066023,10447445.31586857
2021-04-06,2.751203581406238,2858422154.8694124,1774273949.2898507
2021-04-07,1.9717722055069693,2088742373.5669012,253872155.82352945
2021-04-08,1.720293129581538,1805920149.651875,99459446.54547162
2021-04-09,1.9063938407233376,1993139905.6745603,63694810.79278417
2021-04-10,1.96773137440072,2054204441.232293,100729946.36856796
2021-04-11,1.917807947566382,2035744618.917048,49344959.53155247
2021-04-12,1.8785281196301773,1978105166.3346665,26207355.22578299
2021-04-13,2.0803395889766696,2190424293.4083986,68820654.57104783
2021-04-14,2.309358870569872,2429049585.1921444,95513648.79661287
2021-04-15,2.6344069509787618,2717706350.076468,133953563.1005571
2021-04-16,2.663554802000204,2814274789.788118,80707150.43519159
2021-04-17,2.371884213819804,2501757631.94691,51309770.567169815
2021-04-18,2.287220434714783,2410655379.862289,41923677.08251985
2021-04-19,1.9873583290153456,2088241715.2413912,40719075.51951164
2021-04-20,2.28701038113868,2486373713.0637965,90786806.97227888
2021-04-21,2.448584582551303,2554532591.33398,152647197.44915745
2021-04-22,2.233216747661868,2383277196.376311,43638775.03086431
2021-04-23,2.137643571621529,2181452578.405709,167279392.57577482
2021-04-24,1.9654124655802336,2022557664.4542809,64174672.25108757
2021-04-25,1.77045170507677,1870984697.061586,24207932.435640223
2021-04-26,1.762534043733481,1857311168.6731231,19823133.106733777
2021-04-27,2.029831462420681,2132581918.1582892,33890723.684047
2021-04-28,2.231508774161116,2345866056.2633333,42239627.45085477
2021-04-29,2.237496436187071,2368434014.985661,28906271.40067807
2021-04-30,2.134780549886539,2246987735.971197,19806556.120670937
2021-05-01,2.1796717776417807,2298078060.8412914,19459781.801018
2021-05-02,2.140136174049095,2252518923.304946,19940772.57974914
2021-05-03,2.077479563548479,2191887125.034267,17083827.98121477
2021-05-04,2.0674879115219373,2177150508.189005,26193405.13568457
2021-05-05,2.006232419926635,2147571829.258168,60330214.27781421
2021-05-06,2.125047793101985,2240088125.5301514,32253641.144791856
2021-05-07,2.0178087842785013,2120273942.6123176,21076819.12070452
2021-05-08,2.0067440033101835,2110987104.549333,31087752.215436675
2021-05-09,2.01957971878388,2116455399.6392205,30802027.64791101
2021-05-10,1.931322849008044,2033391837.6512609,24297598.161028065
2021-05-11,1.7437587789195343,1845077378.3167503,34043574.727258906
2021-05-12,1.8835395244844488,1994494575.160189,41090304.14297888
2021-05-13,1.6397265335908375,1752394656.3432157,28342449.2081483
2021-05-14,1.5925524211573625,1668073455.3249805,29929210.377995607
2021-05-15,1.6785588050228184,1769048050.33308,13173516.51735239
2021-05-16,1.5688635270687272,1650825832.3028872,19427178.41087799
2021-05-17,1.5234307210374192,1603504466.5151992,20211404.63201382
2021-05-18,1.3608252271619967,1430155029.8879006,23591089.056823496
2021-05-19,1.3827562755570837,1437533114.931409,18794120.8787418
2021-05-20,0.9259978162984336,985653344.2582928,33416287.30430652
2021-05-21,1.0715458717705717,1126689022.3589194,22178730.59656255
2021-05-22,1.0018415397387368,1061532013.4636884,28971218.951717418
2021-05-23,0.9806153897469296,1017970908.2737896,16409863.25151152
2021-05-24,0.9244522065944636,957347993.0042278,18564732.654259827
2021-05-25,1.067447070856643,1130327530.6051822,54761466.36402294
2021-05-26,1.016376481553713,1069344329.8663464,25284668.987896703
2021-05-27,1.0795353193443635,1132305873.4150176,12887635.02707488
2021-05-28,1.106510936145971,1159352001.2013,34382058.98679946
2021-05-29,0.9704643184902167,1021473341.5858884,17606883.11288069
2021-05-30,0.967417961278028,1028960465.6671336,18226216.09234803
2021-05-31,0.9567171130302798,1010034198.8069508,18975238.33846987
2021-06-01,0.9977563194353886,1048440589.5135657,14067122.644305298
2021-06-02,0.9775270974602892,1029371926.8171996,11278695.186473038
2021-06-03,1.0061991332606262,1061156844.124592,13537447.51093872
2021-06-04,1.0492371139230854,1107459006.1077676,12132607.30601148
2021-06-05,1.0223343366847613,1075390719.2661045,18643671.10266797
2021-06-06,0.9684216815333976,1015665998.900972,12253949.505834268
2021-06-07,1.000937890490574,1055422159.361292,12985125.690587198
2021-06-08,0.916676225263832,976525608.0462036,11403135.845497835
2021-06-09,0.9104273022343408,959646245.9092476,15437315.14209972
2021-06-10,0.9338107219955116,984030956.3806448,13886935.830659926
2021-06-11,0.9176985951531436,984468564.2774726,11769797.32409116
2021-06-12,0.8872771333019804,934215004.2144092,13220742.81803473
2021-06-13,0.8414018096343886,902921946.704643,9491566.788503632
2021-06-14,0.9009801588969192,953572041.0760976,9536831.83248997
2021-06-15,0.9019158480812616,951441543.4422094,10661670.499262778
2021-06-16,0.8915166139365489,944989709.0876288,8468270.043096365
2021-06-17,0.9293672150637112,972499491.7174108,21094498.14376137
2021-06-18,0.9015871012115674,945976280.6399404,7500000.434837023
2021-06-19,0.8373569253614475,869035537.6769679,15600673.380906597
2021-06-20,0.8283195487046475,858614154.7302091,7815052.905887111
2021-06-21,0.8010551884426449,843794952.631811,8715582.139790889
2021-06-22,0.5974339255442638,630826900.1090107,22937972.372792978
2021-06-23,0.6084565783075881,638558697.088864,28689970.62063951
2021-06-24,0.6479005154441277,681955113.5641307,9838606.203057716
2021-06-25,0.7227658764134329,759880634.1441574,14556054.446518583
2021-06-26,0.6457282192797232,680627027.3426194,15216980.052475484
2021-06-27,0.6419633476049162,672105954.1581209,9802526.487851003
2021-06-28,0.6931242648257749,727613417.8692306,15747225.39928423
2021-06-29,0.7073358501682524,744218457.9359169,10315742.713656904
2021-06-30,0.7529671449449933,792944227.963069,7984453.736638977
2021-07-01,0.8105285378508664,852634199.0342056,19889438.50814386
2021-07-02,0.7730901341829297,820604654.9757404,8667570.658749579
2021-07-03,0.8239770102784706,867633524.9468415,51689490.63043999
2021-07-04,0.846871978013855,886284699.9637926,15440588.18666748
2021-07-05,0.8632177993243285,909012822.6820996,30986825.229268197
2021-07-06,0.8219361046685174,866522212.5836158,41144672.8004734
2021-07-07,0.8689339272868175,912373908.8397512,25127622.09710809
2021-07-08,0.993263690179904,1045661245.6579776,86435950.48131698
2021-07-09,1.2205482676440762,1311583165.241034,294400983.9020823
2021-07-10,1.1995808700134871,1241753365.3397353,140735542.5753417
2021-07-11,1.2516274024721232,1325424174.089077,166298192.04034635
2021-07-12,1.3621585198120578,1431478928.492054,49417950.72777508
2021-07-13,1.194698515659803,1282153847.2678242,23240461.074203737
2021-07-14,1.1920402349959929,1248237081.472544,77150037.24516138
2021-07-15,1.2416240490300836,1308516593.5731392,39052520.19866187
2021-07-16,1.2516558172223344,1348702393.396963,36726488.11128087
2021-07-17,1.0902856587206284,1144083883.345054,26458562.386245668
2021-07-18,1.0382727219328445,1091297946.0192287,33094212.496851344
2021-07-19,1.022939633200206,1074281128.646369,14222773.555973267
2021-07-20,0.9245097635362556,971814004.1840812,28523187.19331521
2021-07-21,0.8230043167703305,859674138.6126343,26373080.621543743
2021-07-22,0.966095603999316,1021609596.9656506,48774535.63661301
2021-07-23,1.043049257350673,1111065704.8632967,24943914.69260154
2021-07-24,1.176060004073752,1225798329.138075,85638376.69807345
2021-07-25,1.206855514283444,1267262621.557839,22932529.138419
2021-07-26,1.1963284315642568,1257823857.2457604,49639897.1343417
2021-07-27,1.150103961371736,1211197697.046627,48779324.66150825
2021-07-28,1.1565445688850973,1216155364.2325466,39455308.82179458
2021-07-29,1.127161686133219,1188456446.8594596,26197280.62493973
2021-07-30,1.1470318627240494,1206975857.9837918,18799814.85392577
2021-07-31,1.2300984311776222,1302390557.702938,126831484.75088333
2021-08-01,1.277934033879509,1346206016.2064493,86839925.82859434
2021-08-02,1.2091445675317982,1265334628.580703,32176007.070794508
2021-08-03,1.2636071697086138,1331178136.6667883,54785878.2702795
2021-08-04,1.3718859611805747,1439459154.1128857,290328111.4472635
2021-08-05,1.3686766798717205,1438242754.7401097,70686716.02330624
2021-08-06,1.3456664460346983,1410505725.3634636,38995067.23701641
2021-08-07,1.3526642240742472,1424540623.0410385,18293733.32926395
2021-08-08,1.3993481357313862,1457419623.931394,54951038.37089057
2021-08-09,1.2935567181696657,1361191448.5234852,10744808.696438204
2021-08-10,1.336817758644028,1401510353.5256977,8315326.632232245
2021-08-11,1.4095646884987365,1481923957.939532,40683136.02146086
2021-08-12,1.4268939151956463,1505148558.2117925,58123485.49791533
2021-08-13,1.354112576204713,1425341632.427294,43141939.15588212
2021-08-14,1.4113786147187126,1479675459.922835,28224230.485096324
2021-08-15,1.4301643771735206,1502898460.255417,37555760.80358524
2021-08-16,1.4227741981811313,1490734011.692883,26409347.72428136
2021-08-17,1.4982266744109316,1597583581.9968994,88989646.96839164
2021-08-18,1.3680875059971616,1462955149.9342055,61750141.58589351
2021-08-19,1.3708315958888724,1440684827.3420825,32748403.59845249
2021-08-20,1.382108581131826,1434752983.0057094,26057468.521525204
2021-08-21,1.434924944938326,1518800318.777999,47248487.5243781
2021-08-22,1.4611637084777995,1537779599.0102358,46183206.17135191
2021-08-23,1.4437555189176148,1519251695.058277,27597312.132084142
2021-08-24,1.4979461024893972,1573441615.0669415,38349536.317744665
2021-08-25,1.4277979679955892,1499659267.9072106,74601508.55987468
2021-08-26,1.4872926820712506,1565157214.831727,70536075.96321757
2021-08-27,1.3787762015483958,1450966685.3353405,37666647.19189447
2021-08-28,1.4268116709908512,1501358442.888028,19523787.615677357
2021-08-29,1.4194459984877592,1481555993.6758866,20393174.647799112
2021-08-30,1.4925555455104802,1570811461.8371272,53952989.83156572
2021-08-31,1.4234046862509042,1491414566.4611397,36339409.29546618
2021-09-01,1.4639533409771326,1528154938.239164,46587495.42670485
2021-09-02,1.5091535269899663,1585742508.4653575,42732171.0421157
2021-09-03,1.5955145256110548,1682734237.4971943,228630098.5083965
2021-09-04,1.648293413412876,1748779425.2413845,33265633.379258934
2021-09-05,1.690086327573844,1774064870.330874,65722628.18687451
2021-09-06,1.6806968038703232,1764342974.947244,62521669.82790008
2021-09-07,1.6907856005411022,1779425403.0271378,40296618.36659368
2021-09-08,1.3836630851619391,1456036653.2904084,49705595.48331031
2021-09-09,1.4075290793874085,1483301986.6666317,55128309.27337601
2021-09-10,1.449770839887939,1526623215.5124414,48328606.89353715
2021-09-11,1.4104667883822295,1478086814.7219255,59928862.639420256
2021-09-12,1.4107088042735592,1481443002.5868034,17473103.849417984
2021-09-13,1.440937696467309,1534494539.0578473,14913810.50687322
2021-09-14,1.5485548793362838,1628942393.8056376,43182716.52403981
2021-09-15,1.564938143946806,1641281057.51602,24749247.406439647
2021-09-16,1.5688374920858077,1648825217.812817,11230427.522758402
2021-09-17,1.5114163977308035,1591870944.9122903,15947626.590662315
2021-09-18,1.453535431389702,1522071892.8613672,14249453.36816404
2021-09-19,1.4660779155842094,1542537213.02967,9413013.370115705
2021-09-20,1.4079839516745494,1481655899.527914,9765221.90300903
2021-09-21,1.1876404849962807,1241862786.3960044,23917768.05680332
2021-09-22,1.208433063799615,1266543910.0864491,37756552.07765556
2021-09-23,1.366893224419093,1445881261.19852,22144429.815171912
2021-09-24,1.4317668216674018,1492541442.1912332,71589321.06609222
2021-09-25,1.2692756169114758,1334888804.1915493,20254679.32492911
2021-09-26,1.252695813546352,1322014836.2197213,9790902.94068992
2021-09-27,1.2415601302197283,1306001470.6765506,13189952.03296804
2021-09-28,1.2028902695044292,1276410068.6754222,10430785.4290933
2021-09-29,1.1489450756849555,1194402655.3967807,28063900.22931321
2021-09-30,1.1448117701875848,1206334574.8085496,17146695.52571831
2021-10-01,1.202406461888055,1265715842.5255098,10682779.91428838
2021-10-02,1.313264290071288,1375056345.8550756,14684874.225535031
2021-10-03,1.3286191421271871,1428698110.6983926,12182254.78226442
2021-10-04,1.3348822402277911,1405986772.959452,10157079.79164177
2021-10-05,1.426831786207984,1497674809.7903357,26273116.98138119
2021-10-06,1.4357471938046835,1508111463.7755978,41999227.2510927
2021-10-07,1.3717213853260808,1441424109.3897183,23752888.37669178
2021-10-08,1.4021408580346806,1471029680.1070092,19263304.10337018
2021-10-09,1.432948346547752,1508277127.4313078,18685282.54882036
2021-10-10,1.863371764107279,1946321266.347095,126042555.56300037
2021-10-11,2.132346629771709,2246810601.713473,999980836.9890271
2021-10-12,1.9666662511982835,2062209422.8553908,395283723.84605145
2021-10-13,2.044533996416628,2147206895.5127616,93718844.86810172
2021-10-14,2.272732468372985,2411855394.162662,545521793.522174
2021-10-15,2.2423947893647496,2329255131.130609,178623277.05805433
2021-10-16,2.002222056880253,2107996685.6702304,63047495.99148041
2021-10-17,1.965220519737235,2059908436.4970045,39643289.13856197
2021-10-18,2.197006045026563,2312545539.9771323,122997494.46693212
2021-10-19,2.5413240879613657,2649432207.4031897,327460563.8194152
2021-10-20,2.343017083185706,2504063211.2784705,71954444.03504455
2021-10-21,2.402591029553154,2515015915.19332,76840161.25937724
2021-10-22,2.299498321413909,2422968768.260502,62872143.11187342
2021-10-23,2.206966647155803,2323226921.044405,39314382.884439
2021-10-24,2.2336976881107207,2348349678.66408,43353742.62307382
2021-10-25,2.21094334297615,2330013420.268247,74306636.2367631
2021-10-26,2.224825485877488,2343226198.469608,36801107.14484927
2021-10-27,2.155365740157043,2281163639.2616253,40436362.82789413
2021-10-28,1.874207609526519,1976810265.1982384,68321318.78761546
2021-10-29,1.9501160211797484,2025069534.941686,56952958.51737409
2021-10-30,1.988678817243366,2084750399.9510944,25995683.1623938
2021-10-31,1.9005363986983592,2002520326.951636,25508040.99540024
2021-11-01,1.8527419327702324,1936663202.4812047,84460545.03746879
2021-11-02,1.9615852483463947,2040228631.385338,219728026.8224379
2021-11-03,1.968364825786188,2081070491.781507,94900054.88420968
2021-11-04,1.9741575560138584,2077922162.759902,131095375.63235123
2021-11-05,1.9363375710541373,2021100244.405352,26724370.70137113
2021-11-06,1.9928786570809576,2102829007.1326456,39970684.04742392
2021-11-07,2.0023082603007736,2092208351.2845347,27991477.06807836
2021-11-08,2.2046020495074665,2315901944.3950806,73928746.98240496
2021-11-09,2.310179769136285,2461687043.969559,121036523.1948493
2021-11-10,2.224212072068064,2341525520.906465,46321270.74057592
2021-11-11,2.1111880226363637,2212413410.354291,51268549.7041411
2021-11-12,2.210464539938302,2327012570.825561,50065477.55824353
2021-11-13,2.2648866429440173,2372618857.7290225,70317201.57926045
2021-11-14,2.307510045317368,2428293117.945858,46430530.68079725
2021-11-15,2.3383200377556106,2445703461.221718,38968162.44947735
2021-11-16,2.427005505723748,2557824866.863965,56006680.1712258
2021-11-17,2.1804616104556063,2303097000.669449,46266358.44589794
2021-11-18,2.149879936564979,2248258912.6365685,29888945.91779054
2021-11-19,1.912197409593192,2002683309.0558112,32587941.08821717
2021-11-20,2.0645401426828887,2162926249.9899817,24635848.100790888
2021-11-21,2.127323098038332,2236884581.0965986,18038386.370852742
2021-11-22,2.180172281150975,2300331754.7793617,31298684.922127504
2021-11-23,2.1291090435943696,2245331925.9644675,40072677.77129559
2021-11-24,2.081289040612847,2194314958.32183,27172808.152245376
2021-11-25,1.969991228936492,2073409007.6657517,22973972.016335435
2021-11-26,2.0676839386462365,2170870656.7225733,33936622.66003606
2021-11-27,1.838272883903668,1933162724.5720525,34822493.700938486
2021-11-28,1.8696971331083283,1971485327.4549887,21726099.677453365
2021-11-29,1.9237459885794796,2025406674.71983,24900219.812214702
2021-11-30,2.151713786472368,2272206753.6579475,63283594.26010093
2021-12-01,2.6679798291940555,2786829574.6496696,186779770.2094753
2021-12-02,3.005353175951735,3085365896.098892,971806950.182294
2021-12-03,2.5448026699861512,2680505033.6624,61930050.572110735
2021-12-04,2.662739717829244,2588831344.6880326,237625379.06744343
2021-12-05,2.2103197033050157,2330921823.075992,70211501.15248378
2021-12-06,2.0763068536246334,2181126190.3308887,30354923.7052337
2021-12-07,2.2602254519453395,2379963484.893485,68126817.63830733
2021-12-08,2.287481378818752,2412108749.213774,44943150.51545422
2021-12-09,2.302166526249023,2415370406.930527,32106733.168479364
2021-12-10,2.128039359956573,2259722549.3918896,32903207.74462134
2021-12-11,1.9637627216712688,2083483038.7294328,29386199.868473742
2021-12-12,2.124177366975609,2235827234.2679257,18297991.9766019
2021-12-13,2.122661013336687,2230203590.4342046,19299417.50921665
2021-12-14,1.8639632702405944,1962230447.153473,21181572.63804161
2021-12-15,1.951892954996654,2051168728.7772903,28152972.65363597
2021-12-16,2.314717455969321,2446553800.096352,130215343.030349
2021-12-17,2.212791872607166,2319699187.5128264,105353020.50571604
2021-12-18,2.136645877465852,2256109393.890829,85273851.6912699
2021-12-19,2.153768228098864,2265364295.8267035,47886397.01293256
2021-12-20,2.134923814009186,2263814291.6304226,51425034.45159443
2021-12-21,2.066949776970292,2183307106.071828,52582373.0242141
2021-12-22,2.175323499154408,2292940987.572321,46986655.2559875
2021-12-23,2.2508758834242286,2352408108.200332,62877746.77012735
2021-12-24,2.386275420612849,2519271914.6296644,87685726.50031799
2021-12-25,2.287560743523293,2412052691.721509,70705922.04198593
2021-12-26,2.3353360501784,2464378750.0275445,43183259.0915075
2021-12-27,2.3809675808115243,2516342048.409559,46496443.8264361
2021-12-28,2.6533406123080403,2799584297.25333,189451846.8252596
2021-12-29,2.3399026095075173,2484578786.429934,211066769.0164397
2021-12-30,2.1909778701858142,2285115547.767218,133882038.2675188
2021-12-31,2.234384648797525,2358282675.783195,83667244.58408192
2022-01-01,2.214086278242963,2357112973.856459,64484405.73329953
2022-01-02,2.315700948432517,2433284281.426303,48251268.93035413
2022-01-03,2.444703715670734,2558439001.177829,115635253.00435668
2022-01-04,2.329912420597202,2468106231.1422224,77848953.31701663
2022-01-05,2.385402216461136,2503942880.3399887,97815456.16112836
2022-01-06,2.2956365062308626,2426836612.535364,167511082.16136542
2022-01-07,2.2285060320710466,2343668992.9878683,122507528.57713288
2022-01-08,2.1416110298236384,2252370242.832293,103295918.99731807
2022-01-09,2.1021804575593204,2218139316.4632163,58945268.80840179
2022-01-10,2.111768785379617,2217500733.887752,40126503.7288804
2022-01-11,2.01289192330888,2119911230.1282976,91926086.62172958
2022-01-12,2.140670576100255,2252221346.7423315,69575122.69552395
2022-01-13,2.206482832455204,2323995210.025165,63687841.9918372
2022-01-14,2.093389567349484,2204160262.6228404,55893509.13533847
2022-01-15,2.114683340629252,2224789948.890764,56061263.55135495
2022-01-16,2.170360344554833,2281850906.2474117,46339023.31178355
2022-01-17,2.1510583060648583,2274338196.522568,26658048.818346485
2022-01-18,2.0978002950081938,2213797391.5277123,57835374.353419326
2022-01-19,2.3659992076513925,2483070152.445144,430492095.974566
2022-01-20,2.1009515781091577,2208888233.835304,298880384.46195817
2022-01-21,1.9682579380022136,2090046208.243673,136180209.61856264
2022-01-22,1.7088964878352713,1800235514.0657732,118279477.95381916
2022-01-23,1.450092235409958,1507167388.7171822,122937569.9468648
2022-01-24,1.483458255649828,1558387604.9502804,69259835.71878971
2022-01-25,1.3802407244260662,1454374913.1528418,99794950.19764994
2022-01-26,1.3686096418944866,1451422972.2466283,64020541.42086998
2022-01-27,1.3950038847483175,1472446928.859173,92131057.78366496
2022-01-28,1.4154426616678488,1481623175.39225,48290317.73299455
2022-01-29,1.4771659652959983,1556389902.3493412,47318710.51241743
2022-01-30,1.5342141943490712,1615566659.9253726,61034679.20131676
2022-01-31,1.5217726164690817,1607494358.0526984,37843237.063544445
2022-02-01,1.5133025058403586,1589103852.0459569,43892997.63946722
2022-02-02,1.513881005861598,1593828913.4509225,27650130.362518888
2022-02-03,1.4296843483337398,1507148088.2931328,34626441.89254603
2022-02-04,1.433801042114771,1502064432.293357,31237685.113160037
2022-02-05,1.558949305864317,1634809106.840356,34112192.36880021
2022-02-06,1.6055845272265865,1693455339.067794,47528423.72185844
2022-02-07,1.6987046366522638,1790129533.870109,54437647.63240884
2022-02-08,1.741449093441519,1837142312.4831104,56548138.91876798
2022-02-09,1.7135353448790631,1803189529.372918,70974883.6071533
2022-02-10,1.7372866641802014,1828631774.910595,43925260.50942487
2022-02-11,1.6454901104857895,1730733131.9468236,67742532.04385602
2022-02-12,1.525631683237436,1603829075.9491298,32703900.394041803
2022-02-13,1.5437842023521575,1631056489.376878,35590924.72282013
2022-02-14,1.484516332329869,1568088146.4209108,25896256.510762837
2022-02-15,1.4786034695610792,1558493545.0397058,26985209.68766599
2022-02-16,1.5936323336177023,1680975894.159973,34360005.3567593
2022-02-17,1.5693120896862132,1654471065.2514482,28059607.605785616
2022-02-18,1.4045105156052249,1484997260.4905174,31709330.401443973
2022-02-19,1.3578321847076862,1430276042.34574,24336693.17597969
2022-02-20,1.3346234193324198,1402984031.439549,15873310.299452366
2022-02-21,1.2472469282818963,1322683822.178209,17518193.235159714
2022-02-22,1.1298704423740105,1189080919.8346114,26514588.158704475
2022-02-23,1.1678217914663285,1222540161.1040244,27539178.63920759
2022-02-24,1.1556004711699857,1215986748.7777443,23634713.418268494
2022-02-25,1.1208231556352963,1175803272.3920767,43299617.05487025
2022-02-26,1.1747922159158255,1237130013.3189132,24678010.59668897
2022-02-27,1.1975480099859337,1259491435.3881185,20454714.90556652
2022-02-28,1.137506210551536,1196757549.240131,21110873.000914577
2022-03-01,1.250257092479712,1316001892.107829,28920016.48980284
2022-03-02,1.2868036325848766,1351974815.0244963,28749468.546591505
2022-03-03,1.2450316528833367,1312822945.8737235,22799173.62162313
2022-03-04,1.2090215988879176,1272170392.722293,20496910.496127173
2022-03-05,1.1215675404131518,1181762896.2071092,17592611.787267573
2022-03-06,1.1423127528167645,1200132140.8247192,9517440.972626124
2022-03-07,1.0896573979002644,1141191929.9759395,13044786.754085748
2022-03-08,1.0548708008931944,1108199641.2972977,14797867.263593016
2022-03-09,1.06486345126696,1122682808.8044174,10927458.11260498
2022-03-10,1.1261492233743071,1184905845.1522608,14754131.029696038
2022-03-11,1.4894290677070898,1545348620.5776546,471846511.70461786
2022-03-12,1.3636352711235713,1443388290.6782238,488151984.7037612
2022-03-13,1.3347008445077395,1407701088.073682,100699444.70727834
2022-03-14,1.2392400586460688,1303430120.9149847,56634952.468801394
2022-03-15,1.2666008728417353,1336131486.3748467,64453034.256212376
2022-03-16,1.2235720066404754,1287613699.1321356,35316402.89090832
2022-03-17,1.2735034686194124,1336328433.4252567,44588325.80726149
2022-03-18,1.2786191116652086,1344578875.981305,24240067.94127165
2022-03-19,1.2965914960010931,1371963826.1977391,44921367.80909978
2022-03-20,1.3148952681886108,1382225423.1599066,34764122.48540481
2022-03-21,1.2676651805094952,1336529273.4594114,21097985.580837503
2022-03-22,1.2954827273999563,1360870215.545992,48265402.35494202
2022-03-23,1.3122878303469525,1379296577.6294165,27466720.799364444
2022-03-24,1.334801915463617,1404431112.8266766,66225366.3696851
2022-03-25,1.3643481543849096,1436698394.3859806,37686697.12823426
2022-03-26,1.3482484662878906,1417125805.280409,47044935.18644824
2022-03-27,1.3649167731830436,1438427748.7291028,28919154.47870315
2022-03-28,1.426371460038889,1511641874.107704,65107382.97180714
2022-03-29,1.4234457941928766,1503038574.3529744,60249394.91693597
2022-03-30,1.451176285007593,1520853035.0176716,60084605.11932084
2022-03-31,1.5061566424994517,1594664353.952507,80376281.24842146
2022-04-01,1.443576454731516,1514420762.8386872,69905382.6413479
2022-04-02,1.4676592460427291,1546111845.7381246,33571022.24706968
2022-04-03,1.4990124698368417,1583889822.5522273,65941614.084888525
2022-04-04,1.534355090501978,1610015592.339182,61127281.86328012
2022-04-05,1.4662337842091733,1538389248.4431808,35145585.949595734
2022-04-06,1.4156185500452474,1494424325.7722256,22153718.659378987
2022-04-07,1.259765807707254,1325980939.9446216,39520932.47387437
2022-04-08,1.3067458047422602,1376407959.7378044,19453892.501853336
2022-04-09,1.2466761208918988,1308874068.902568,20173532.84633576
2022-04-10,1.2887395114190037,1353020730.8537138,29149769.30819938
2022-04-11,1.2395542582165608,1311524861.9401908,13207721.452268297
2022-04-12,1.1321083697282528,1196706812.6537046,20395075.89216882
2022-04-13,1.172239180763424,1233853785.5520236,18309006.011694506
2022-04-14,1.2191110911326102,1283060721.377731,18927970.4430924
2022-04-15,1.203320413448912,1265335959.6760373,29426747.612801205
2022-04-16,1.195250155307065,1258548486.1662376,13305255.52786479
2022-04-17,1.1833442265728555,1246354979.3762636,7779465.710295406
2022-04-18,1.1436272833041743,1202318546.9341002,9293231.637019772
2022-04-19,1.2229421886180307,1282808894.1092937,180583445.81449944
2022-04-20,1.2227141853180257,1286370795.99797,44293517.03863368
2022-04-21,1.1883732440634245,1251320668.9247365,22812940.931017257
2022-04-22,1.1569293217014365,1216805724.262757,20983885.609824263
2022-04-23,1.1485891741335033,1204972446.0723662,17750825.073363647
2022-04-24,1.132563943654148,1197476444.9465096,9903852.13785807
2022-04-25,1.12716711041065,1194050661.2116933,47675733.99524599
2022-04-26,1.1129143959744927,1171465009.6130383,26666691.45709021
2022-04-27,1.0400652635273755,1091549488.1978652,16720716.35764748
2022-04-28,1.0524352446434595,1107029345.2712584,14793483.398354148
2022-04-29,1.0508989639562325,1102260662.4817965,17328691.23817286
2022-04-30,1.0194106250677026,1073944347.8655384,57000298.258819416
2022-05-01,0.9369667478181144,982790745.0201316,13498458.873542594
2022-05-02,0.9555227091262386,1001426821.4556202,16437595.961669307
2022-05-03,0.9428925098997264,995344102.9490244,23540827.85529698
2022-05-04,0.9247950152167635,973367372.8515468,8831158.200881368
2022-05-05,0.9962771729345212,1044369861.1978376,18517389.892154057
2022-05-06,0.8896607768467945,937139778.5503696,25301475.875177026
2022-05-07,0.8720944526795654,916908764.5478088,16999697.793240473
2022-05-08,0.8266934028444737,871765386.4658232,9923445.118483782
2022-05-09,0.7880781961266992,831398225.0048554,18186050.79291539
2022-05-10,0.6603948127234933,700472163.9909563,30403688.93061617
2022-05-11,0.6829281739941018,719150686.4849024,28433191.41428012
2022-05-12,0.5960838885116507,616340154.3454384,45340003.48095039
2022-05-13,0.5151813319104535,548108798.6758225,26508620.827545952
2022-05-14,0.5450385721500111,570767554.7779526,24369819.90254516
2022-05-15,0.573327770729052,604183917.9896065,13649953.402244458
2022-05-16,0.6214256892778458,652628042.6262509,22708763.309062317
2022-05-17,0.5594614976458496,590560783.9875209,10654301.324012754
2022-05-18,0.5807626336083,611469687.0263801,11311576.47039627
2022-05-19,0.5046789151608807,533269257.87254274,11448320.530790688
2022-05-20,0.5382233802338707,568663550.34378,13803728.358523134
2022-05-21,0.5124387036081124,540310834.2417307,11778754.998175772
2022-05-22,0.5295151454022603,557347235.4304152,8982127.525990006
2022-05-23,0.5584735002215974,589969128.4069985,16886475.896478888
2022-05-24,0.6216880864450435,632446073.871987,33662236.983386464
2022-05-25,0.601505214367587,630815675.2127504,38632491.92085124
2022-05-26,0.5946266801248835,625473916.2693422,35403595.66317385
2022-05-27,0.5474509526082603,576599032.1376104,17870469.156064015
2022-05-28,0.5207770817070012,548692101.4885223,18931820.832676187
2022-05-29,0.5217757021344669,552166118.8630757,6181761.929863629
2022-05-30,0.5290422133812558,556797839.0810729,6969517.169546289
2022-05-31,0.5760044136056328,605632578.2887863,12415914.090644946
2022-06-01,0.5681449894774133,598007520.5749289,14858130.801992351
2022-06-02,0.5345316790492287,564304225.8775942,18069268.15695834
2022-06-03,0.573648379896725,604671656.9733012,30220795.376215417
2022-06-04,0.5410068534456537,568555884.897324,11844009.575755231
2022-06-05,0.533804171398406,560881360.2618431,4948270.085633726
2022-06-06,0.5410647543796981,571467058.4639736,10439478.419868251
2022-06-07,0.5651910856920561,593508110.3920909,25048810.32475353
2022-06-08,0.5449128159106572,574184468.4307084,16659577.851188026
2022-06-09,0.5527962325945053,581852010.595165,16600881.779639628
2022-06-10,0.539023671758291,568197129.7090954,8231626.561254665
2022-06-11,0.499941930914863,526871640.080594,8859886.310284806
2022-06-12,0.4710678769726488,495023711.8786458,10184870.618873447
2022-06-13,0.4229304404736804,447011698.8834933,11311436.422071189
2022-06-14,0.3456626587994792,362814145.66202486,18367240.61323788
2022-06-15,0.3454173651227161,362353980.03617287,18392563.654971585
2022-06-16,0.3640965107037882,382871728.80808616,16411635.58686396
2022-06-17,0.3311189890749849,347214010.73336416,9597375.58335064
2022-06-18,0.3844900490506042,408726369.6938439,42965022.31730897
2022-06-19,0.3422954830298664,359087337.1939815,20587954.256910138
2022-06-20,0.356861488979973,374023236.429516,10524060.673690818
2022-06-21,0.3753259053261129,394599376.3278884,18431713.684296943
2022-06-22,0.405116411160552,427815442.5108429,79425774.49937573
2022-06-23,0.382977776987279,402882172.28819376,11672153.066373251
2022-06-24,0.4022746621684395,422989965.6681575,15116112.133891976
2022-06-25,0.4153116362285317,437260245.9823088,14941160.570985118
2022-06-26,0.4101064146412618,431028953.6798447,8819342.970464898
2022-06-27,0.4050633953043275,427791952.7341459,23389204.96516081
2022-06-28,0.4454904728374802,468948018.70096713,228965219.29641828
2022-06-29,0.4211238554803704,442610158.2716853,83594414.47407794
2022-06-30,0.4509860126087229,590280624.3590896,83784425.42098963
2022-07-01,0.4101938315021711,535410121.28541136,24770270.30865192
2022-07-02,0.3939890587084725,524396631.6551245,11852873.100065686
2022-07-03,0.3909765936018986,516232289.5420059,11005190.41649439
2022-07-04,0.3876431849686096,511636712.60951513,4812653.241905231
2022-07-05,0.3954933803150953,523640009.3194824,6745067.922703088
2022-07-06,0.4012837710547978,529761209.7850372,22237338.568357836
2022-07-07,0.4001417815734441,528507338.7010174,9278714.00010348
2022-07-08,0.4126164396874004,545575901.0796622,7906168.300148997
2022-07-09,0.4111613096219854,542075309.3427072,10846121.79179731
2022-07-10,0.4162660200754957,550795375.3005787,7487861.833975042
2022-07-11,0.4098231313125054,541920968.5159416,21539451.43891808
2022-07-12,0.3770302439805351,500127661.49476624,9853796.494996345
2022-07-13,0.3635448212322715,483685216.2282381,7427663.534962915
2022-07-14,0.3782204078263161,499626398.7686851,12745294.807479609
2022-07-15,0.3802248167914783,503404956.6679767,9837158.652227048
2022-07-16,0.3837437167264488,506624837.8764777,8707433.421800015
2022-07-17,0.3934084523321257,521573326.6126462,6906985.822072779
2022-07-18,0.3870303292255093,514234177.0162724,6561212.896050737
2022-07-19,0.4238290483622088,558289542.2363025,13727005.318793258
2022-07-20,0.4488384950657496,591848532.9378904,22439676.409977987
2022-07-21,0.4152351401543186,552165384.5266724,36338917.60818961
2022-07-22,0.4308543325200016,571228634.4907877,30438119.52293111
2022-07-23,0.431144660155113,568619864.8933865,20463769.17721644
2022-07-24,0.4287879312228067,567362555.8864083,14938357.896306232
2022-07-25,0.4394024166806712,585869481.5299035,43364906.098296165
2022-07-26,0.4067429760185031,542696892.8301162,12548691.878922418
2022-07-27,0.3992765273368732,527971672.06938815,9661029.020177102
2022-07-28,0.4195074221784477,556315305.7019683,9610249.6499675
2022-07-29,0.4368630500072111,578559278.4923955,16576808.99217917
2022-07-30,0.4369719404881422,583442941.9624331,19416579.01228032
2022-07-31,0.4383921078847929,580276633.2022911,18289177.77452753
2022-08-01,0.4441352504718044,590046111.2883762,31788352.926031303
2022-08-02,0.4661062580678159,615993382.3445406,32201977.909905173
2022-08-03,0.4456286535071056,591808280.2892413,18331680.92552406
2022-08-04,0.4768620391675526,630473604.0451978,76532607.81157841
2022-08-05,0.4833295575091261,637831754.4669086,23823516.62955673
2022-08-06,0.4950807356008364,655675509.4592875,15213744.57078751
2022-08-07,0.4911511021007115,651074922.3815538,7262746.735878372
2022-08-08,0.493704663134258,654437050.7865262,14025290.235309664
2022-08-09,0.5146036304868605,683780283.8859639,54797148.03990923
2022-08-10,0.4848055870959967,645286227.2022907,20851878.386970237
2022-08-11,0.5018712336554777,665263489.2556584,20393761.92835926
2022-08-12,0.507319615785327,672334254.4682786,19501886.139976777
2022-08-13,0.5142306647205587,683000324.1051425,16299590.201395756
2022-08-14,0.5166988766484579,686074519.308915,18332677.40488857
2022-08-15,0.5000735509097107,664368442.2137121,13458590.69234229
2022-08-16,0.4943011330218401,656272140.0693403,17528609.399741407
2022-08-17,0.4813807265917721,639771549.430506,9679427.409884391
2022-08-18,0.465657026222736,617048793.3868839,12326760.27784107
2022-08-19,0.4510504673880136,604143033.8056324,10537978.512353078
2022-08-20,0.3967721154732208,527675728.9096837,16596504.918025125
2022-08-21,0.3940747013771776,524101516.6618742,7873360.779979375
2022-08-22,0.3999655947990445,533986768.1560686,9212562.80563877
2022-08-23,0.3893662577534608,516636820.10231405,12238335.148260426
2022-08-24,0.3917071332033767,521281303.8297886,8897806.843613902
2022-08-25,0.389373247162142,517891391.1789687,9086059.156396449
2022-08-26,0.4019164726044081,535531607.72616816,15314630.25583775
2022-08-27,0.3638387736170073,482534857.995782,17614418.374081887
2022-08-28,0.3665892818556845,487736361.732469,7743989.264955105
2022-08-29,0.3592834673419339,482813508.5775422,5104677.421094546
2022-08-30,0.3738601152834298,496477614.87743855,23747379.86712913
2022-08-31,0.363842491223257,485282843.800487,11826428.065460833
2022-09-01,0.3656008606215566,486335785.5820221,9779128.798082748
2022-09-02,0.3641019572608471,484517904.5207119,12643836.110365603
2022-09-03,0.3636423709604917,484179556.4579418,8837695.074983777
2022-09-04,0.3624415488883907,482485505.25340205,4856020.53568533
2022-09-05,0.368296062085427,490427058.05830085,5192465.522511759
2022-09-06,0.3695869675035981,495582918.9715689,8623550.682891488
2022-09-07,0.3437584721809725,458361755.5679169,12662734.983512824
2022-09-08,0.3516691012784499,469755722.517857,7754672.905238288
2022-09-09,0.3620140572901418,481467845.7192545,28688460.913729254
2022-09-10,0.3809561272966002,507879447.7104392,15051241.340513324
2022-09-11,0.3839414362529932,511515633.6310097,12713064.751036124
2022-09-12,0.3893441425565567,521265411.0161472,17011838.296793897
2022-09-13,0.386582667449561,515451479.61205256,12493096.697485976
2022-09-14,0.3501445643434838,467596462.1771877,12377774.887539966
2022-09-15,0.3540127071796935,471625519.0807395,6666060.529369425
2022-09-16,0.3450688581351731,460311490.70167136,6212462.414033161
2022-09-17,0.3489739134619949,463596652.22294617,7620464.621107017
2022-09-18,0.3573227084328315,476869342.713415,5083563.248516293
2022-09-19,0.3290672089659089,438871721.6409101,8138972.847062373
2022-09-20,0.3325291803516462,444021243.3967193,10587003.41539753
2022-09-21,0.336948247959551,449683990.00252646,23023642.59946084
2022-09-22,0.3239008922020209,434752447.5290021,10918757.31874521
2022-09-23,0.3389399010120071,454422323.0325656,8430597.972609974
2022-09-24,0.3392427811509867,453146518.9290916,10830271.146924902
2022-09-25,0.3329574013327789,444542106.8212843,4599110.6225346895
2022-09-26,0.3279281693270836,436057683.0851577,6539797.246979896
2022-09-27,0.3279662980861592,438081809.6187622,8589656.046684977
2022-09-28,0.331152127452328,441311977.3702317,10807191.437700322
2022-09-29,0.3270335814681587,436734933.0999241,11580150.0388239
2022-09-30,0.3280271016834833,439376276.9777684,13637082.998389753
2022-10-01,0.3249981497116093,434404716.5943045,9007325.788944712
2022-10-02,0.3232819971165487,432477767.6756694,4348934.307125286
2022-10-03,0.3174747313734241,425216120.495289,4838867.289819188
2022-10-04,0.3223148827745178,431176906.982488,9691890.38311354
2022-10-05,0.3305076198399768,441015022.4446807,7818716.683893174
2022-10-06,0.3274939526499118,437333696.7548186,8170639.248681334
2022-10-07,0.3241475110244433,433376588.1452636,6696931.761896058
2022-10-08,0.3241330022525788,434024372.1311495,10966841.743220707
2022-10-09,0.3280344498604687,440029042.1065224,15179160.904957045
2022-10-10,0.3391391361913528,453363810.16808367,17800573.749523446
2022-10-11,0.3213040948447773,431309382.0051695,7551611.066289253
2022-10-12,0.3129670990753577,416200312.0762973,10451966.766907778
2022-10-13,0.3112684517346641,416671621.5156041,4237099.020710267
2022-10-14,0.3013024820264807,402958983.9726328,11274173.331016611
2022-10-15,0.2997968477668936,400617635.5260346,6918684.305626873
2022-10-16,0.2985228312514016,399793078.3361429,2890927.917629892
2022-10-17,0.3010149618199456,402726436.47104985,2830279.062033265
2022-10-18,0.3091126107925042,413955668.3430386,12222856.90148297
2022-10-19,0.3061925541759644,410392476.920584,8879727.288670411
2022-10-20,0.2947877306319143,395137343.5882642,5967976.092568184
2022-10-21,0.2993252479314126,400690005.27424586,15803672.09253486
2022-10-22,0.2986877923143727,400870643.74301815,7690960.081499795
2022-10-23,0.3017286763370593,403754946.31147146,10821262.562604863
2022-10-24,0.3053880034192973,408182289.5597288,6346428.745474504
2022-10-25,0.3011375105507204,403410993.8909267,6180281.203844027
2022-10-26,0.3100636118713353,415881418.142651,12685387.685714277
2022-10-27,0.3174065197284784,425199506.3666986,8422757.760859905
2022-10-28,0.3079981674464483,413258825.7374009,7391470.95954699
2022-10-29,0.3134342607566281,420721647.4221687,10107197.6217691
2022-10-30,0.3168653863466745,424572635.3252833,6452028.653523675
2022-10-31,0.3153606525586996,422723137.1097585,5263298.408855108
2022-11-01,0.31667579170479,424995750.5175839,6538039.26961694
2022-11-02,0.3151339077371983,422661094.8972778,7444511.001760695
2022-11-03,0.306446469622456,411875931.2532382,9645153.840512622
2022-11-04,0.3156963554806724,422885727.67003816,18003570.72333011
2022-11-05,0.3335197722882277,447336579.7024925,15003661.264729455
2022-11-06,0.3350593468917662,449168875.75634,10800693.108772652
2022-11-07,0.3191396977884779,427921938.6905384,6906589.554940734
2022-11-08,0.3179895807788576,426136916.6180607,8575906.928968009
2022-11-09,0.2786339995773105,376657180.63511366,14530838.56066544
2022-11-10,0.2161590880207277,289081391.7503188,14504497.09189764
2022-11-11,0.2520148547303485,338785461.7306195,10020201.83914264
2022-11-12,0.2369616262872944,317723347.21283114,7951588.297186806
2022-11-13,0.2421112436857352,325572759.7134957,12302023.771701977
2022-11-14,0.2232587539817047,299724676.7467695,6059230.353027691
2022-11-15,0.22428259755527,302293711.9559197,6431312.166402775
2022-11-16,0.2506137019920939,335814570.20572644,78598493.32438934
2022-11-17,0.2407479713375767,323632603.23363346,29718733.940261588
2022-11-18,0.232572760594358,312230924.28969246,4880694.06932452
2022-11-19,0.2468775746857309,332604784.65616333,31435104.222914677
2022-11-20,0.2416683728450025,324862910.6101763,5395485.503419945
2022-11-21,0.2285685085921259,305068214.43783766,11952562.909664936
2022-11-22,0.222005973096145,297657168.94635576,9152193.99348057
2022-11-23,0.2279647889715652,306990101.7821999,5606865.526662829
2022-11-24,0.237369422856202,318747065.69455653,4703256.251412965
2022-11-25,0.2359859999733456,318086331.57172227,4063249.462921564
2022-11-26,0.242642033716696,326449636.7383793,19130283.635714665
2022-11-27,0.2377012809089206,319350534.0715755,4472586.641142102
2022-11-28,0.2429675385867523,326748532.75263274,11387513.976366414
2022-11-29,0.2546628546872679,341937720.5049209,80651240.52825636
2022-11-30,0.2542604556624329,342667311.1619662,21450607.000744976
2022-12-01,0.2601754656039929,351000378.48094064,8579649.204082748
2022-12-02,0.2525330992537574,340448625.488663,4156092.698393303
2022-12-03,0.2507954951616822,336694243.18656,5547209.576170337
2022-12-04,0.2517848011353123,339873824.60529256,6440800.534798119
2022-12-05,0.2519067207645671,339977047.4376247,3465608.755816996
2022-12-06,0.2617340192846735,353896507.5378055,9644764.95950029
2022-12-07,0.2611253111997663,352899601.5235709,10686274.426533025
2022-12-08,0.2537819909277928,342319498.3366322,8714219.293638274
2022-12-09,0.2649399446593567,355425235.1175265,15570947.970686492
2022-12-10,0.269303335929424,362918022.5403859,10615625.757603226
2022-12-11,0.2749291722802858,369560510.8909472,105262081.07235415
2022-12-12,0.2863455415653546,386920159.24116486,91425870.2639934
2022-12-13,0.310704812590999,421993717.39769393,89139779.17218165
2022-12-14,0.303009779065698,408100331.1619949,65823658.3433167
2022-12-15,0.2773497279121524,373844740.2333627,23316830.77026744
2022-12-16,0.2665315099436148,360917897.0903871,10301353.476438938
2022-12-17,0.2435992439835759,326843082.5324639,18934689.18820866
2022-12-18,0.2404512956805882,325056101.3469373,8609253.397556366
2022-12-19,0.2372001382912139,320968081.738626,2910865.212832546
2022-12-20,0.2211908622162255,298395321.0626857,5673220.122449681
2022-12-21,0.2328880056128046,314115525.1629263,5125610.43748279
2022-12-22,0.2300090728415985,310467131.8122335,2942669.2018302167
2022-12-23,0.2299288234051873,309594378.4156418,3427113.804503388
2022-12-24,0.2301449659525354,310715195.59646136,2136298.028717413
2022-12-25,0.239241335448549,322959550.9179256,24129303.312342167
2022-12-26,0.2317740882888387,312414967.7138796,4827862.638012116
2022-12-27,0.2279991296341249,307840212.8688244,2986674.7022498976
2022-12-28,0.223135561273588,301458481.6826518,2646193.7588150306
2022-12-29,0.2106498852660651,283984074.4329676,4104492.057599312
2022-12-30,0.2085079864554844,281833378.168837,3483176.564778042
2022-12-31,0.216531243130008,292208069.2665155,7993460.275615436
2023-01-01,0.2126257024760154,286574625.93694425,5120705.33901341
2023-01-02,0.2148611153559131,290049910.9393439,2436270.6307125515
2023-01-03,0.2171639161941717,292784236.5484729,2792502.0049337004
2023-01-04,0.2162738624142704,291552154.29528683,3213268.0259601586
2023-01-05,0.2216530400736224,299501318.17777497,5748458.915666659
2023-01-06,0.2177830789448347,294329818.0493247,4756977.435672318
2023-01-07,0.2191472208794749,296327598.7684383,5162480.3553261245
2023-01-08,0.2203935993347574,298321408.1926154,3642797.8797042826
2023-01-09,0.2266958986523056,303938052.4550319,3882628.424272468
2023-01-10,0.2321717328468653,314338474.60083807,10260004.789615884
2023-01-11,0.2381475500240346,322148538.7314738,10921765.0716986
2023-01-12,0.2400709902312895,325136847.3125009,8297011.060518569
2023-01-13,0.2481030148081494,336310527.8643292,14123241.99769858
2023-01-14,0.2559620035419435,346298639.26380765,11281964.417488094
2023-01-15,0.2675161658992106,361115478.1058492,25544670.80890083
2023-01-16,0.272911517024186,367143665.0511419,24902718.7768986
2023-01-17,0.2780423750040141,374658412.9243849,28428992.786256257
2023-01-18,0.2718329146592,367979344.86378473,12866100.007162748
2023-01-19,0.2509600348251515,339187102.8467997,15805575.49403449
2023-01-20,0.2615484891678416,353486515.0946842,9445001.067139285
2023-01-21,0.2765185543714349,375209809.62468725,10902467.89512785
2023-01-22,0.2740692479068283,371194239.8435876,12141830.858621735
2023-01-23,0.281265565401043,380451819.747572,12801593.24283852
2023-01-24,0.291543342267644,395156297.849178,21816135.96663568
2023-01-25,0.278086290907178,376426988.1237428,32690772.751991782
2023-01-26,0.2861105835683283,389207123.1921843,13544918.857729591
2023-01-27,0.2863511248026429,388714170.8916308,10531274.947021868
2023-01-28,0.2988899073074244,404637072.2431093,20721360.648553137
2023-01-29,0.2936152500716291,398335829.8950821,10782653.221056689
2023-01-30,0.2970465794408055,403358338.9268224,6682086.387918242
2023-01-31,0.2728875299178674,369508373.2705025,13872293.65433437
2023-02-01,0.2778153531649286,378563476.5145752,15560233.146697046
2023-02-02,0.2885903860129264,392799595.9008323,13116591.287270293
2023-02-03,0.2883624083866121,391220401.8122405,14228104.150236515
2023-02-04,0.3055155797895053,415519859.0497157,34463648.91896051
2023-02-05,0.3072534627873161,416812200.6332983,11911841.482789217
2023-02-06,0.3012789381353721,408152517.2387412,21060897.311265875
2023-02-07,0.2981807222503667,405553456.6013311,14974331.92704707
2023-02-08,0.3145535107152247,427326208.9939412,19917319.28451201
2023-02-09,0.317173514744914,430499529.5943356,24394573.64089454
2023-02-10,0.2884832428010407,392973093.3200559,20215555.07952279
2023-02-11,0.2881909562165801,391977989.8655551,9040118.513201172
2023-02-12,0.2936070678470452,397611031.67869616,4782163.938269988
2023-02-13,0.2985880361090799,406231632.1673651,44363623.64516628
2023-02-14,0.3042979351438448,413710967.40359926,79168303.53345786
2023-02-15,0.3099368558172686,422349808.31013054,26288113.31687393
2023-02-16,0.3410272726951787,462281176.6395593,76354549.20427907
2023-02-17,0.3217515699801822,434914571.1022922,37433584.02986777
2023-02-18,0.331365595571398,450403479.1454532,15698139.467598043
2023-02-19,0.3761499832081469,515654368.46540695,48944457.70089254
2023-02-20,0.5955310180088111,856584990.165187,466654839.9318566
2023-02-21,0.6141528044151127,844294072.9748857,833233262.4664972
2023-02-22,0.6460806347696721,874137879.2499981,529180933.9067342
2023-02-23,0.7327503147338139,999560563.7742604,616764607.5176039
2023-02-24,0.8203207579784371,1101634065.5606678,477437696.5519825
2023-02-25,0.7338163159869868,993924866.9281318,242806335.5606516
2023-02-26,0.7734202512273223,1058508012.95448,213101842.92729312
2023-02-27,0.7857647628202628,1066574178.3136404,174604330.97690293
2023-02-28,0.9156296701922928,1256948809.7612522,585444275.7064958
2023-03-01,0.8857389782671466,1211792900.9530587,285635796.93592006
2023-03-02,0.9868081142028912,1329286014.284552,388019282.2038808
2023-03-03,0.929926369822643,1266800194.0703762,243114638.31790444
2023-03-04,0.8537798106997624,1166826084.9055133,200314726.4605835
2023-03-05,0.7289930321898338,994149589.8090292,100330501.64525604
2023-03-06,0.7481751433196085,1014674975.3332052,105063083.64005992
2023-03-07,0.7579666596157767,1019438593.4327432,171186306.785678
2023-03-08,0.6908959611005162,941742338.110509,137161088.61513594
2023-03-09,0.6250177977134985,855584218.8274227,59969358.55175866
2023-03-10,0.5826339597932936,794505784.9350232,223987842.329007
2023-03-11,0.6035048962489096,845943499.5436553,79212210.84018321
2023-03-12,0.6097257234556658,832956567.1735854,55959130.575628944
2023-03-13,0.7449042769006374,1009930588.5810732,178128378.89370304
2023-03-14,0.8063011217289353,1101823746.4888334,436546650.125921
2023-03-15,0.9712650970103228,1320912889.7743435,558571621.3132561
2023-03-16,0.887999875518337,1221569746.6061954,638944358.9834195
2023-03-17,0.916081318797314,1255950791.2035358,121757834.55714944
2023-03-18,1.1859869219840693,1616103575.3196054,584565583.1027105
2023-03-19,1.1578582686694725,1586111126.88683,493957074.90963846
2023-03-20,1.1577113345046155,1597861356.6910398,364178049.6776703
2023-03-21,1.1765828802758138,1615270520.0631392,477701446.04217297
2023-03-22,1.140649209518678,1566425291.535956,343848959.8783611
2023-03-23,1.175662907097209,1614323650.865752,498360555.9041387
2023-03-24,1.1765559284254552,1607617656.629523,108384937.00283842
2023-03-25,1.0194932599322677,1398158421.5689726,118873426.93515536
2023-03-26,0.9368326367638636,1279496631.2189655,80322560.8583593
2023-03-27,1.0114016829827157,1389796605.7225318,88085634.6368777
2023-03-28,0.9138559590987788,1251740974.144112,75894059.21464856
2023-03-29,0.961798988106222,1283334764.8065028,179843562.88355342
2023-03-30,0.9939101906396368,1354831044.848922,248904983.2802297
2023-03-31,0.930340264219896,1286978290.3711364,77613703.40242143
2023-04-01,0.9348309949308716,1278913430.41375,101831990.32853162
2023-04-02,0.9009799258267978,1238120690.234742,55787167.55775034
2023-04-03,0.883034640173715,1208427545.7894485,87474692.03510188
2023-04-04,0.8800715433359464,1209664145.0467582,143236263.71502236
2023-04-05,0.8792712568325227,1200874916.5913794,63390533.71538946
2023-04-06,0.8664085694622125,1187510711.974135,77335144.25115001
2023-04-07,0.825001838950076,1132264571.0501206,56064246.64075196
2023-04-08,0.8016240866527676,1102846509.3501992,42220408.45831773
2023-04-09,0.8090075167276393,1110532668.7812452,37533516.40894122
2023-04-10,0.8783974442069468,1203238629.759922,91617078.65854526
2023-04-11,0.91598356452743,1257504880.9785986,130448388.50563192
2023-04-12,0.9645866211327728,1325448025.5567808,184065252.8570996
2023-04-13,0.8901323442486447,1220769348.8778813,158454135.61617833
2023-04-14,0.8893127885387174,1223003957.351101,102122424.18406937
2023-04-15,0.8813967479404438,1215928760.9300275,61225859.73702954
2023-04-16,0.8725712306026111,1203010055.2959146,45973051.5772628
2023-04-17,0.8589050561970947,1190210930.1270344,31251809.22416156
2023-04-18,0.8426417339483557,1159451605.3753464,46851687.858700186
2023-04-19,0.8588096433582613,1180193036.854245,53134028.05885755
2023-04-20,0.768044456794633,1048392270.8682913,75516590.8033562
2023-04-21,0.7418104265604569,1015058248.7547956,61240029.6709138
2023-04-22,0.6924821866228602,949390498.1239468,62833615.80367825
2023-04-23,0.7379933752867894,1024160351.0056748,47452576.78318942
2023-04-24,0.7159047783117626,975444332.3127202,38921960.61636543
2023-04-25,0.735310974700482,1010719332.1291888,138512922.96234453
2023-04-26,0.7477575035377872,1027800535.204663,82712978.8094848
2023-04-27,0.7346603097694662,1009752321.5665108,91555844.13526309
2023-04-28,0.7420821023979807,1018795633.2857832,74044294.29124789
2023-04-29,0.7175850873443478,987953850.2639889,44558575.0078988
2023-04-30,0.7245865969841444,991837132.4733732,31534610.656207982
2023-05-01,0.7235520060673888,995765155.7093391,39081963.2955238
2023-05-02,0.6850025676537501,942980043.208086,39211961.39719203
2023-05-03,0.7560483246504492,1036467276.7838632,46803185.24840021
2023-05-04,0.7992194477922,1098274145.053411,182810064.5724524
2023-05-05,0.7492577670546283,1029746013.4470652,67721086.41006498
2023-05-06,0.7289292379242835,1003257842.9805903,67836814.63140912
2023-05-07,0.7065154968616861,972066699.6757956,55843505.10762554
2023-05-08,0.7447324965490325,1023645250.2840792,93906524.55316462
2023-05-09,0.7441824584846164,1021066596.0585102,299481728.009698
2023-05-10,0.6995751495420836,964103367.2437954,127086770.94653828
2023-05-11,0.6718657276152994,926626944.7047628,133719350.88726015
2023-05-12,0.6349169107120372,871982644.9890323,74675689.7392617
2023-05-13,0.6409279031734975,883361433.173873,73851524.97495311
2023-05-14,0.6272297595810499,867528450.3170573,28277010.134966336
2023-05-15,0.6332392772103481,873796852.8904508,27430207.964713182
2023-05-16,0.6379508457215533,880784179.9973543,35187046.55938788
2023-05-17,0.6397649866057098,884324968.1307931,30572495.97554396
2023-05-18,0.6635580930583286,916377783.4436042,43249680.34399397
2023-05-19,0.6709379998821319,927745866.5568994,49632224.88206994
2023-05-20,0.6702461715362101,925970009.8089083,31335701.924853746
2023-05-21,0.6777527350691622,934483635.6318417,26832950.437637355
2023-05-22,0.646873251265106,894548106.4271032,19033021.32719364
2023-05-23,0.6376406678532188,880596118.9527237,21026267.061521348
2023-05-24,0.6408957621042096,884747896.0255898,49728208.07946312
2023-05-25,0.5994682178855766,829731779.6912447,31225277.7968594
2023-05-26,0.586289505310561,809598201.5273663,21215200.898742866
2023-05-27,0.6073002842400093,839946155.6570308,38323725.289182216
2023-05-28,0.6109891850202792,844773413.656988,13877994.150703732
2023-05-29,0.6332368473866937,875647123.7641275,17352368.019988757
2023-05-30,0.635127589309642,879276619.5511526,38349470.89814267
2023-05-31,0.6289969009606572,869170910.0215414,18944827.300404567
2023-06-01,0.6043619694073631,835726329.8612396,20432085.86510491
2023-06-02,0.6021567321189515,833395230.5442134,11575275.46119821
2023-06-03,0.6162135930882455,852919440.4577374,13271218.39773266
2023-06-04,0.6187959759562567,856033419.256171,9478964.315705776
2023-06-05,0.6167618595575326,852892614.1577837,8940861.850817678
2023-06-06,0.5488679016203738,760464782.4434582,39129617.5070248
2023-06-07,0.5978972362174809,827962671.1965597,96133693.55554232
2023-06-08,0.6418798708118464,890850975.8733438,96553510.5703918
2023-06-09,0.6421287834135032,892872162.1384139,163937960.24761677
2023-06-10,0.6226689171788552,877284009.3607413,25415391.621286742
2023-06-11,0.5543285865620655,788461790.3159428,61866580.32118045
2023-06-12,0.5518304727193241,764147072.4696898,38463202.182151146
2023-06-13,0.5336448776311628,737326242.9104425,35248300.49159387
2023-06-14,0.5336422793669355,739304417.6510347,40503361.79933739
2023-06-15,0.5031122045941947,676143299.8925048,32417243.654277664
2023-06-16,0.5500996064670716,757888716.743845,53421360.95780334
2023-06-17,0.5632751839598316,780168312.8651346,65966509.1129762
2023-06-18,0.5796137482355099,805518933.4515612,46627042.16635931
2023-06-19,0.56403541388871,783949915.3535709,24881078.26766434
2023-06-20,0.5965101197042881,827857846.8392807,44374612.881284654
2023-06-21,0.7495455744194227,1037036677.2701212,87986328.34100415
2023-06-22,0.820362406760199,1139010429.1921926,120622775.8864744
2023-06-23,0.7722204647764589,1077783872.537251,95293500.21542104
2023-06-24,0.7637166876378916,1056804391.2738464,97714810.51445472
2023-06-25,0.7374761156817107,1022032344.430039,44672217.16334929
2023-06-26,0.728658358589563,1011447896.185,33090820.2726498
2023-06-27,0.7336124843660756,1016527800.6566164,55752995.35364183
2023-06-28,0.712756673307078,987791224.8777548,36455871.69758783
2023-06-29,0.6849762559746725,950793769.4344378,37591849.47231537
2023-06-30,0.6902843636914566,954671216.9547805,110787046.3181942
2023-07-01,0.693364508042682,957598790.7791682,61245260.30767487
2023-07-02,0.7000208002075348,972448980.1714308,20723785.43764563
2023-07-03,0.6979808970750314,973976261.5615816,20196954.330652382
2023-07-04,0.7404801740908373,1029304036.9935132,58290552.888124295
2023-07-05,0.694407999617028,968983656.0127776,37998948.45130524
2023-07-06,0.6716628736396597,934870379.8442398,25095317.808437224
2023-07-07,0.6459471986433634,899755649.2080998,36966783.72599005
2023-07-08,0.6506345500507571,903985350.95935,18868346.95761965
2023-07-09,0.6430723215284837,893509235.1247011,9096031.478604546
2023-07-10,0.6379851600690182,886564574.6526953,8596455.576921912
2023-07-11,0.6380216922725938,885703327.0819293,17062655.447211325
2023-07-12,0.6561025448425054,913306242.8655283,22349924.26442066
2023-07-13,0.6705507132756416,933075918.8988192,31026051.7818024
2023-07-14,0.6843279327438502,951338063.2659742,77572498.81822997
2023-07-15,0.6492310396698476,903913048.385788,48525015.71865715
2023-07-16,0.6460396744134761,898830856.5710053,11844629.103622353
2023-07-17,0.6312397112681036,876923382.766501,12097073.752538638
2023-07-18,0.6376497194181534,887243004.4453439,15763441.28859533
2023-07-19,0.6318879112587547,878386672.7620512,18093151.76760324
2023-07-20,0.6284164931367154,875060553.6658629,10488966.64486232
2023-07-21,0.6217280368722877,866552361.4589455,12173812.567866117
2023-07-22,0.6233375860001541,867806376.7894875,8439240.310180584
2023-07-23,0.6212324883219539,864889384.4652681,7588869.638179428
2023-07-24,0.6255650978874179,873113190.4736284,6433828.966092426
2023-07-25,0.5929865472599143,826402039.0009409,14664439.259672664
2023-07-26,0.5954411322826371,831235575.8690618,9029994.94819797
2023-07-27,0.6045630660174927,842588982.293049,12107811.500430431
2023-07-28,0.5951383828377363,830943795.1933633,10079268.183179457
2023-07-29,0.5982640515147514,835494331.0740259,5790267.344669341
2023-07-30,0.601086179414802,839157312.9612058,5208203.547071633
2023-07-31,0.5982520902298865,835259830.7080581,9195956.950129496
2023-08-01,0.5875829665263894,821453773.0611026,7130588.029116112
2023-08-02,0.6106999956129273,852313157.0418085,41575665.53047808
2023-08-03,0.6082217145782673,849915127.5138487,18570428.702402007
2023-08-04,0.6085401692008905,851703995.3203666,19777487.379443537
2023-08-05,0.5840018215235051,815084341.2844626,10288175.9867171
2023-08-06,0.5778885333634995,807572702.9144831,5154037.011269599
2023-08-07,0.5762060121201791,804948176.2149807,5763446.497888202
2023-08-08,0.5767448147470622,806584584.9586396,10135225.74253755
2023-08-09,0.5973157736416324,835617362.1262215,41472228.46040654
2023-08-10,0.585333399101546,818736212.1363525,15734653.674143072
2023-08-11,0.5809754110671599,811518947.5352856,8485595.954934886
2023-08-12,0.5813826224673905,812803365.2305878,6037473.892874319
2023-08-13,0.5854353797778955,818403445.1591325,4093207.923436753
2023-08-14,0.5842676494110122,815288958.9976157,18320131.90153602
2023-08-15,0.5839871471280542,817411470.6562644,12238923.208010675
2023-08-16,0.5529705804816064,777511656.917458,11589761.12664239
2023-08-17,0.5160958091905915,721619909.1285442,16769355.352819549
2023-08-18,0.4635564174352454,650504644.5953841,26176881.74680066
2023-08-19,0.4786054544728192,669355008.77815,13886871.225997994
2023-08-20,0.4919026129890502,688390376.5104091,7397564.950467814
2023-08-21,0.4878141245223684,682965861.1300501,5539897.7161177285
2023-08-22,0.4717206302619678,660730496.7048845,7963451.513796541
2023-08-23,0.4707282402034917,657527610.0999373,8403632.113513693
2023-08-24,0.4840087628042311,677545521.6097585,8584558.679803647
2023-08-25,0.4744593687434327,665378647.9758343,6016660.84594125
2023-08-26,0.470636336678954,660571499.1362901,8373669.908520116
2023-08-27,0.4624284250359825,648986887.7649492,4005465.839983034
2023-08-28,0.4673667913453276,655749349.7215407,3447559.4869422624
2023-08-29,0.4562509437306506,639959686.40435,6498484.212553899
2023-08-30,0.5262243646500354,738131131.686221,47807731.62144492
2023-08-31,0.5285238156319058,741747199.68693,50263501.33637594
2023-09-01,0.4888377365853606,685853511.6720463,22415741.46025244
2023-09-02,0.4683558077463173,657874354.9059713,14133529.242424907
2023-09-03,0.4577756902724368,643688475.0071305,8270887.27918977
2023-09-04,0.4555732624158991,640485008.6805161,6512977.781321611
2023-09-05,0.4533676381145375,635642340.7399014,7355151.140406056
2023-09-06,0.4751613991937602,667768907.6897022,23477992.901810944
2023-09-07,0.4644193678833589,651990458.0522184,10925340.092027806
2023-09-08,0.4725025540048557,663320839.1710056,6658327.815539868
2023-09-09,0.4633571157851081,650450653.1552752,7522878.934394186
2023-09-10,0.4671744900674414,656950133.610347,5634481.310991458
2023-09-11,0.4505813553573838,633329749.678123,9272637.388574068
2023-09-12,0.4271208537658228,600316793.6057565,14045608.502222056
2023-09-13,0.4412857286158863,620381620.351235,12671625.789404308
2023-09-14,0.4590574474262228,645750692.937783,11716944.87324306
2023-09-15,0.4684293881648205,658810595.8917826,9213350.049779097
2023-09-16,0.4688843961404548,660436024.7781072,8807110.591529492
2023-09-17,0.4711396275495267,662159833.6195357,7615063.065038688
2023-09-18,0.4529867886985967,636306549.2329899,6248949.701546002
2023-09-19,0.4811720103421953,676519741.8798107,27123812.57752446
2023-09-20,0.4920235098355062,691015141.7854718,18979682.37607254
2023-09-21,0.4902272878134076,688923587.1974338,20435896.085506853
2023-09-22,0.4717645773518182,663929974.0830708,12955339.013197768
2023-09-23,0.4711337602652838,665541862.4118301,6430148.133029393
2023-09-24,0.4725860823440919,664429241.0643595,4295925.455346756
2023-09-25,0.4633342988614972,650987022.2018492,5320263.454655522
2023-09-26,0.4643098670321596,652844814.6309364,5906021.030321873
2023-09-27,0.4576418249004995,643735341.9130676,9145544.441563798
2023-09-28,0.4582272909790932,645709579.0890769,10699039.622680873
2023-09-29,0.4843619700482942,686155877.3311167,15933452.3042636
2023-09-30,0.4772211535600483,672946584.1494513,15624296.61021974
2023-10-01,0.4807941758220714,678744663.221764,7777754.695909315
2023-10-02,0.5118114517792952,722456884.3655595,34619086.93430401
2023-10-03,0.5176298589929662,731347000.845336,64283730.46671822
2023-10-04,0.4885766071195385,690989035.1551965,33401649.33177664
2023-10-05,0.4961483763592598,702527903.5036331,17875560.01922653
2023-10-06,0.4944631736347871,700870375.9811289,10985485.881523712
2023-10-07,0.5178310043105341,733392793.455075,10606373.472175876
2023-10-08,0.5187384962773948,732438365.9833064,17420659.84580903
2023-10-09,0.504985666969165,712908921.5873559,7971564.51233496
2023-10-10,0.4891043291868718,692667109.3023216,11156738.231755871
2023-10-11,0.498601678864261,704923690.1206353,10904980.466245828
2023-10-12,0.4936063245580284,696991371.7230269,10184637.103611276
2023-10-13,0.4856916196711628,686488768.4039098,7073112.422875754
2023-10-14,0.5012593041311709,712765191.5552424,7954602.570550873
2023-10-15,0.5016347572397981,709712598.526161,7401552.692547672
2023-10-16,0.5110808973619712,722368199.7236722,8536304.087724406
2023-10-17,0.5451773514127572,766608900.1562778,92255529.11620632
2023-10-18,0.554737559229741,784277799.964591,41078877.51889355
2023-10-19,0.5413673726785024,765589918.366282,52547001.29725755
2023-10-20,0.566963563202885,802708461.7678291,46342648.412704565
2023-10-21,0.6283362187517089,889079142.2567908,187334108.7678702
2023-10-22,0.6187948570308855,875829829.0050807,63252612.13483581
2023-10-23,0.6296147035853796,871732820.0412803,40374188.75484149
2023-10-24,0.7298881880664688,1032874605.3658352,134106216.01207004
2023-10-25,0.6799543126737245,963063258.296402,147444634.00076407
2023-10-26,0.6754248166038996,954274966.936218,79063418.5835768
2023-10-27,0.6452756939869005,914205927.964853,58800452.63101396
2023-10-28,0.6369156881722223,902356723.3058332,27286358.679785457
2023-10-29,0.6550797429410137,926996212.2912024,24446608.74260629
2023-10-30,0.636713157973533,901694941.9789568,72593035.20040955
2023-10-31,0.6319476396656464,894247395.9903165,20922955.96029641
2023-11-01,0.6281220394523763,888687292.211416,46488537.36906803
2023-11-02,0.6467164422882484,919125745.7115978,35963550.33127366
2023-11-03,0.6250572214254914,885514210.319936,27344240.153848197
2023-11-04,0.6411919450684433,908842527.6856024,25713122.948162984
2023-11-05,0.6494777356877653,922869178.546758,18378258.708438907
2023-11-06,0.6467451651493495,916928614.5332592,22846066.295339536
2023-11-07,0.6756408420447603,958420350.2844791,24838441.87921559
2023-11-08,0.6723993895634213,953597478.0875171,44687070.49867217
2023-11-09,0.7060201083127563,1000188597.1378704,36696154.548479706
2023-11-10,0.6812547217773025,966898940.8479828,73301233.70666152
2023-11-11,0.6895554896785748,982309417.8751824,30050596.12071531
2023-11-12,0.6700811537257128,944314191.895425,28543843.22942838
2023-11-13,0.6741437768493637,959918866.296468,21621555.02752405
2023-11-14,0.6416526594310126,911192851.9386842,27830222.87814753
2023-11-15,0.6200823711674502,882789076.0524747,30837708.17529048
2023-11-16,0.6535555064177986,928026116.9838002,28880721.252760764
2023-11-17,0.6486739599481581,919544020.3404732,37870111.5533561
2023-11-18,0.6310469555368129,899513068.1209024,33957692.725586064
2023-11-19,0.6331283830107897,899637167.972312,15174993.790359749
2023-11-20,0.6478421808325692,921337567.9561824,11899781.674592469
2023-11-21,0.638934959017495,909159841.8041466,20329212.567976817
2023-11-22,0.5896925530515279,837638390.6100119,30805484.177730817
2023-11-23,0.6270184775124599,892078761.358245,18273399.29925024
2023-11-24,0.6308278767211315,898666581.9470072,13955263.077713856
2023-11-25,0.6454248871757342,917745546.4384372,25841404.122745257
2023-11-26,0.6586933649266199,935603540.779508,13716134.42087842
2023-11-27,0.6929181296862983,985498951.8289402,48391677.26265276
2023-11-28,0.6537798496145439,928534141.9856128,35433681.89636811
2023-11-29,0.7232764813212793,1024533185.1022588,52499463.11192534
2023-11-30,0.7210303426959224,1027196673.3712426,102260402.8239898
2023-12-01,0.6910752937510638,984563938.9967712,39763680.5764324
2023-12-02,0.7636511397984146,1086518030.1657162,67000565.02025268
2023-12-03,0.7804998005758816,1107811462.898619,66539333.3904605
2023-12-04,0.8279959236034952,1181388830.954811,74017172.03963225
2023-12-05,1.1680976759442077,1667157416.5911667,383176137.22782034
2023-12-06,1.1672718988052992,1666922853.4092505,295193412.0941144
2023-12-07,1.0336191599936035,1470600407.538798,152553868.82528287
2023-12-08,0.9940059728226888,1415737034.7820413,73987223.22978897
2023-12-09,1.0414399894822004,1486268141.064854,87007681.57662395
2023-12-10,0.9926118035479128,1407077329.3457377,53342310.33421435
2023-12-11,0.9900986074000606,1411446563.909186,36952832.26159455
2023-12-12,0.907735669418878,1295743570.9333756,77216628.48227297
2023-12-13,0.92942108980492,1331600110.2042837,101487023.2802558
2023-12-14,1.001445611559808,1427341010.728287,91181641.37995812
2023-12-15,1.076417551628332,1533334172.1148071,124445446.27359638
2023-12-16,0.982644325152328,1403617997.50871,60331269.00989496
2023-12-17,1.0098953815183869,1439782699.3124518,64830525.69256497
2023-12-18,1.0496014937377232,1494820200.9342537,66976955.301559694
2023-12-19,1.253091477404218,1808905903.4446287,231145447.82628885
2023-12-20,1.1784880891359453,1677125633.2800355,106526166.08810696
2023-12-21,1.4532116408732227,2073677219.0116503,274642825.0319211
2023-12-22,1.4110583076848902,2017609797.6615407,154505883.43686137
2023-12-23,1.4090052714696542,2018738576.596767,77808411.67528516
2023-12-24,1.4721023999042318,2103144792.2013345,160329724.16073078
2023-12-25,1.3918213265598396,1998067238.7377088,83374371.86315732
2023-12-26,1.5215717722175666,2178162235.2650604,143093974.57008293
2023-12-27,1.6258093946407464,2331845382.895612,139908009.55537286
2023-12-28,1.5581624825899771,2221463425.454538,127277006.47894108
2023-12-29,1.4699862218344186,2104580401.0433452,103748513.31548937
2023-12-30,1.4261328761248768,2036881517.4538305,103719408.12997794
2023-12-31,1.4251546375450044,2039713773.181672,72686535.28841805
2024-01-01,1.5047493260360163,2145055834.8818336,74146789.53213826
2024-01-02,1.5915146856635258,2284674975.6130505,56229343.158728026
2024-01-03,1.556020094471763,2222249877.621129,142844157.70428306
2024-01-04,1.533759008229235,2194910475.652185,191726775.0928704
2024-01-05,1.716580173240334,2456410233.63341,176438449.30907333
2024-01-06,1.617020985558666,2318557057.5778785,244568460.4677822
2024-01-07,1.5704612093584422,2249198978.8282123,89768721.5068651
2024-01-08,1.663264811997551,2369699208.40138,289276584.66701907
2024-01-09,2.0367808818514663,2851237449.9720483,752472441.7840186
2024-01-10,1.838343534364477,2641147636.18671,285523493.17577034
2024-01-11,1.8749358505090827,2662938155.5599327,407040398.87003183
2024-01-12,1.7828576947903856,2558145817.90408,214621269.5341181
2024-01-13,1.6306780086161774,2332146971.9966373,119118265.37074198
2024-01-14,1.6731720381697446,2393071655.7960157,67093138.699669525
2024-01-15,1.5836950657312607,2290194909.6016936,60285809.27885649
2024-01-16,1.5867340537360546,2279951035.276796,54794426.0436027
2024-01-17,1.6326542229449494,2345695517.4239154,74554018.78341214
2024-01-18,1.574000817532298,2262860398.9293685,56303566.90992559
2024-01-19,1.4855694940478923,2135358627.1273727,74351776.86504604
2024-01-20,1.494027551860129,2141960938.476524,91652923.0661244
2024-01-21,1.4852465970758375,2132719229.908566,40247633.67015284
2024-01-22,1.4537633855186065,2092641059.2438736,26792433.36329323
2024-01-23,1.3309129464354612,1907054646.5323296,79390431.96915871
2024-01-24,1.3982179186516328,1994380450.201213,102082032.5182637
2024-01-25,1.4770191432220894,2123454899.87362,81635907.90192658
2024-01-26,1.4549173217188884,2089803763.276731,57025829.69685506
2024-01-27,1.506713687766768,2166055753.6481414,57911671.02539678
2024-01-28,1.5146497467053124,2176166584.7306533,37920825.623278126
2024-01-29,1.4725475485110977,2115607360.3710425,48741759.89850217
2024-01-30,1.538320738591668,2212504315.2806625,53580545.08965237
2024-01-31,1.5355429857557226,2202350212.4651494,72611377.84625871
2024-02-01,1.5014368311089483,2158882895.594069,46715785.0854756
2024-02-02,1.4948891476334112,2147325538.8483503,37520277.081118606
2024-02-03,1.5529601122708034,2233496587.523126,40443984.19009771
2024-02-04,1.5223003618578608,2187163009.275113,19876382.621235747
2024-02-05,1.4685006230475344,2107978404.6453545,23497522.159093384
2024-02-06,1.4821366398027165,2129766764.006732,26460721.568849668
2024-02-07,1.5008759850875295,2158058438.715975,31627650.182097796
2024-02-08,1.6560679922379835,2374057292.170146,53427962.28953636
2024-02-09,1.784520469545726,2577838349.0434394,160686173.91415647
2024-02-10,1.810974055180776,2597928888.037981,117806533.72591412
2024-02-11,1.8117643407049704,2609359283.5716906,64691333.456873424
2024-02-12,1.842716196463368,2649624898.0883603,69860720.85977773
2024-02-13,2.002146782542801,2867252736.238312,214622351.4479332
2024-02-14,2.127863481277944,3075772020.8725805,164577842.6197264
2024-02-15,2.556091621262726,3696460680.093732,223331486.60574156
2024-02-16,2.538391142005831,3660894293.227933,307176096.73725927
2024-02-17,2.587384055858524,3733745040.1383176,158231442.16911972
2024-02-18,2.533168952555465,3662100021.752174,112583480.0692481
2024-02-19,2.64211489705031,3812592245.677837,92036504.05503494
2024-02-20,2.6464508549126062,3818968410.7165,187446899.24460825
2024-02-21,2.705922616287201,3913602381.313154,173592923.4566717
2024-02-22,2.652597220244466,3824277185.2681904,235559335.10081732
2024-02-23,2.545430009033275,3679953721.403029,124008766.37172256
2024-02-24,2.449582234620785,3541475228.680514,111654559.27412458
2024-02-25,2.5870030845074967,3724661091.242373,82952818.12255971
2024-02-26,2.6030688539807465,3765010224.127689,64541845.73380107
2024-02-27,2.8973349472763306,4169960265.0170217,169067563.45253336
2024-02-28,2.9444448196314887,4245669095.512204,343610794.4747651
2024-02-29,3.1072571354488843,4487244461.860436,361280030.926085
2024-03-01,2.901509993075152,4209813090.6902537,186065638.13571855
2024-03-02,2.9762849696187685,4303195543.904804,119822350.74242504
2024-03-03,2.964432423232114,4280764495.021245,70466674.7207176
2024-03-04,3.0428428653144044,4379762297.571153,132814394.01120162
2024-03-05,3.038082035585253,4385195543.691805,191131542.63405943
2024-03-06,2.755842786935372,3975411989.4603033,245517330.760668
2024-03-07,2.838670367948608,4099308242.9987335,143584165.2040262
2024-03-08,2.911296004862812,4206417904.5909367,111864845.27854478
2024-03-09,2.8420406470084827,4106734509.305527,121824354.96276788
2024-03-10,2.8171589541719166,4070950637.928287,60216016.05854917
2024-03-11,2.9561930885001506,4274957315.709929,243210577.55832395
2024-03-12,3.0780036705210523,4443231875.248167,214238097.68545443
2024-03-13,3.035637140859665,4376041294.725523,122696518.5727203
2024-03-14,3.0955620531493664,4468140344.188307,105693353.53171194
2024-03-15,2.9261545374211413,4222874810.999019,127128633.47253704
2024-03-16,2.790204651922919,4038379879.320016,137703487.3270027
2024-03-17,2.5970017024335164,3745204977.7411656,86483472.53013146
2024-03-18,2.769275747907636,3993524827.395157,115802069.14507112
2024-03-19,2.652859424960623,3836520692.561487,65366509.28722033
2024-03-20,2.691919315140837,3929630374.565527,269121182.4727506
2024-03-21,3.4193903169122186,4931346884.487829,330872084.1481372
2024-03-22,3.2750316876046384,4730727385.492682,211280439.22816965
2024-03-23,3.4537845832882006,4987061363.1273775,269622671.1603351
2024-03-24,3.618624243012146,5235620643.164757,161429131.43446174
2024-03-25,3.663786371141432,5304780102.603464,152782411.9754288
2024-03-26,3.615153501586584,5195878504.202383,170702028.79951268
2024-03-27,3.4684611862076062,5011700488.63472,132310579.74280484
2024-03-28,3.3857381270631928,4886188603.620728,120936064.76461732
2024-03-29,3.4351303775080315,4987899180.697723,89117306.19154063
2024-03-30,3.6592128602027287,5295431101.164638,140409830.00985265
2024-03-31,3.649190324570964,5300672399.993726,93302249.1535615
2024-04-01,3.721502390043325,5285227512.814593,86704745.5336815
2024-04-02,3.613544115568813,5243153528.859544,210629422.78076625
2024-04-03,3.2916361497524926,4795090222.116635,154069843.43346292
2024-04-04,3.1446836454534024,4573196569.063414,131772668.12371232
2024-04-05,3.2690701390347376,4750738469.453434,92072657.3816993
2024-04-06,3.101049880736517,4502452645.626098,122682233.72214234
2024-04-07,3.210732221029779,4653277014.802894,60980592.84012657
2024-04-08,3.308305656018572,4804572721.237724,67592404.34835316
2024-04-09,3.466469723575799,5042093299.344291,100971428.37453952
2024-04-10,3.178131737619052,4624148584.524834,90227552.1604426
2024-04-11,3.0927699554596435,4491768752.339862,94946132.9565626
2024-04-12,2.9911451776422298,4339077244.529666,81588880.03485563
2024-04-13,2.6445334770653486,3837097241.553465,171465963.77077007
2024-04-14,2.545022179974405,3714327309.775143,237981079.9963189
2024-04-15,2.7436464126291145,4009642043.5410366,198524674.1546856
2024-04-16,2.54077949115792,3680814305.3962097,109615036.7880025
2024-04-17,2.398602167280976,3487993437.112974,124752192.16176924
2024-04-18,2.261362893105152,3287836105.7024345,116399831.293713
2024-04-19,2.4447481212839737,3553703704.4769874,87701587.71472688
2024-04-20,2.4620364803672308,3584563804.539354,107878838.87777229
2024-04-21,2.7145922470582637,3943897803.281201,73899543.09199747
2024-04-22,2.7911465194632257,4061524292.805176,88738950.31359738
2024-04-23,3.0107694425847047,4378502590.918242,85640091.79280685
2024-04-24,2.8845752826473605,4188204656.330043,111237873.91030233
2024-04-25,2.7107030931069303,3948017354.474403,95578032.56254669
2024-04-26,2.664208162799304,3885583276.7108455,77116312.724601
2024-04-27,2.580209410521598,3747992591.7552657,59153441.92434693
2024-04-28,2.554716746356915,3713981639.775032,46516454.528559074
2024-04-29,2.465806260841911,3593448477.2059865,44942678.74059555
2024-04-30,2.460200458014745,3582176193.180959,63740814.10089912
2024-05-01,2.158183832281103,3149070487.7850266,106523390.27355376
2024-05-02,2.138826932754097,3126952155.583901,189827588.08433783
2024-05-03,2.0930303868794637,3053743448.353756,83890606.71464846
2024-05-04,2.36317216828529,3477784913.775034,116122909.95523922
2024-05-05,2.3598322229520288,3442861930.1189246,92160575.63378884
2024-05-06,2.305416356155656,3356251573.8760743,63164794.95768695
2024-05-07,2.1988949280942456,3208327585.573146,77701907.63031399
2024-05-08,2.1458672046266463,3130097418.617483,52545699.00962351
2024-05-09,2.0637662767084763,3005104907.2625723,60461110.80374042
2024-05-10,2.10210457351445,3066570163.26028,79550238.88593273
2024-05-11,2.007870071325688,2931848582.342377,66268753.19847531
2024-05-12,1.9743797927494453,2881201104.5213804,33922082.88743287
2024-05-13,1.9843662309802512,2896646505.6234326,28555086.187167607
2024-05-14,2.0130790529136178,2939179076.88101,83256246.28532869
2024-05-15,1.8944792622025808,2766227448.7896147,71952349.91818388
2024-05-16,2.178792608518928,3187347807.1837683,115889759.59937078
2024-05-17,1.976195277986717,2891430534.993588,118166015.67028414
2024-05-18,2.0881240373507577,3044934135.961144,113913285.22962707
2024-05-19,2.0576443882067297,3005214813.731662,42935387.332235366
2024-05-20,1.9520865030311896,2847976504.755465,27498416.552506983
2024-05-21,2.1355169533784006,3113571016.998698,97732546.074885
2024-05-22,2.166786009662599,3167307425.6947446,93463696.88210715
2024-05-23,2.0612595428236404,3010220950.365414,53407920.65153416
2024-05-24,2.003068425936203,2924659518.696201,87869103.84995438
2024-05-25,1.972207244983402,2883996738.73422,62974945.748471975
2024-05-26,1.995077252132188,2914384834.227713,38218172.74469727
2024-05-27,1.9745426515699271,2888816569.740397,33924890.516353734
2024-05-28,2.074480077875764,3028447442.057728,50460138.20791842
2024-05-29,1.9837620703395829,2901108948.5305023,60717472.42465757
2024-05-30,1.9322675364887103,2824998401.277265,41288410.80441811
2024-05-31,1.9151857648646569,2805438082.6096325,64424882.453109406
2024-06-01,1.8318999080382263,2683434766.4377813,63100549.303822085
2024-06-02,1.8357611099053417,2678992546.253799,28556219.47577689
2024-06-03,1.8231470743915157,2669791733.738817,23266490.36250658
2024-06-04,1.8894589387874967,2761176672.4949627,43019680.54250144
2024-06-05,2.158800678173446,3156687942.789487,150879690.23587307
2024-06-06,2.406265575025301,3517902962.1943727,177632533.98532793
2024-06-07,2.3005774428870542,3367846354.881068,102540763.70135926
2024-06-08,2.1533239000306037,3156312383.376669,174889289.48911014
2024-06-09,2.236477465277101,3264576694.041144,92426821.31564832
2024-06-10,2.2617104584602603,3316797805.687709,62053534.53818511
2024-06-11,2.224776423969861,3260607660.33729,68597384.02944386
2024-06-12,2.190632924834718,3219125630.44028,96844584.39337388
2024-06-13,2.384461335903674,3495873177.2400446,136639660.53323957
2024-06-14,2.0674573973907533,3044475744.9876904,113222985.60190228
2024-06-15,1.928515160780918,2824589646.4531784,95998587.67936487
2024-06-16,1.9418080982460528,2851284970.4077444,41923657.42611031
2024-06-17,1.901846022336094,2789278720.592503,48422977.298114754
2024-06-18,1.7518100876130396,2568696656.240883,75919645.62607987
2024-06-19,1.6149305888062302,2363401048.2787056,99470140.96652648
2024-06-20,1.6323458873322223,2388574006.69287,75163367.17461856
2024-06-21,1.6426331566917591,2417469645.364512,59263674.70458979
2024-06-22,1.6020452580661813,2353283888.107592,42765911.649884574
2024-06-23,1.6575600328611504,2433001985.8178115,33438782.071434285
2024-06-24,1.601139443893214,2334391841.680661,40981429.346168526
2024-06-25,1.5934612842755704,2339473861.0860047,54516695.30346029
2024-06-26,1.7902187523081097,2616740139.262316,72228679.19530599
2024-06-27,1.6995646794027697,2486218032.6206346,106744345.31007558
2024-06-28,1.7067333380369871,2504227608.675918,46630117.40892272
2024-06-29,1.6777159058384,2463754565.7831817,37415848.08153377
2024-06-30,1.628904547392119,2393712535.9004574,18204901.91993747
2024-07-01,1.7223314722894525,2545105459.5036964,24595864.66828307
2024-07-02,1.7105099648107338,2511946219.3616567,35637749.583094634
2024-07-03,1.675234748510254,2459492582.397636,28670636.37218219
2024-07-04,1.5654997689417638,2299782471.0337696,45597045.04327146
2024-07-05,1.389960946689235,2046600232.4914424,96231422.60379222
2024-07-06,1.3958186891802076,2053370782.329754,93794873.44568484
2024-07-07,1.4827946114557446,2175586394.976311,26823022.916746896
2024-07-08,1.317214509276642,1932368358.7344253,32021307.552934885
2024-07-09,1.3524007247234469,1986467744.7237945,40580943.71455228
2024-07-10,1.3857952926923802,2038661989.0148184,29990868.57113599
2024-07-11,1.5155678269563364,2237399026.4593883,71013468.16564734
2024-07-12,1.614274605227717,2362159840.7405787,128930006.76202735
2024-07-13,1.6734079178948391,2469074397.6902294,120618847.53967352
2024-07-14,1.692048625044478,2495320977.409869,54461148.46640737
2024-07-15,1.7318600347416426,2557168069.069059,59050756.435137086
2024-07-16,1.9149236691726368,2821126404.874648,119026581.45892136
2024-07-17,1.9218806064649,2839715803.6966195,199272346.1228701
2024-07-18,1.8900947975622997,2788943210.0189576,160997616.9605828
2024-07-19,1.853646387470683,2737065174.2705173,100017701.34530628
2024-07-20,1.9117009512954215,2819413623.237071,123533245.44061138
2024-07-21,1.9128079874743864,2821706252.3103924,38826799.45038955
2024-07-22,1.953284710919682,2881781019.9719057,96506477.95115905
2024-07-23,1.8566861420103968,2739450950.59309,96236372.6884671
2024-07-24,1.759211227677818,2590391621.995672,96977564.1785485
2024-07-25,1.742368744958895,2571395321.0211244,50118012.21610636
2024-07-26,1.802100165629568,2658506230.67899,67405084.96678776
2024-07-27,1.8549999999903704,2736357656.1681447,62574515.97827322
2024-07-28,1.955910167680928,2889369838.2501183,197023410.2366269
2024-07-29,1.88688655564348,2795983673.956326,47864052.8555024
2024-07-30,1.846122222454623,2711296527.2773886,117972147.37795071
2024-07-31,1.7851367711258042,2639124036.7245574,50811528.73286865
2024-08-01,1.7314046675018246,2557399594.300649,46277050.44247817
2024-08-02,1.724208569249117,2547347523.525217,77355219.88283385
2024-08-03,1.5670989965490658,2318619305.1882453,73268887.86547904
2024-08-04,1.4955619430738902,2208997681.937789,69875148.36574681
2024-08-05,1.3583894890460642,2007801615.9974225,77375297.58465779
2024-08-06,1.2297176325909054,1816939807.094192,256109066.1896707
2024-08-07,1.3139136605873911,1939318899.6230905,87850742.10413079
2024-08-08,1.3079805317846287,1936580806.8197231,96102339.58813936
2024-08-09,1.5187512230723017,2235177583.7336555,68331333.87581338
2024-08-10,1.4904520973301418,2196142945.483289,66802844.52798105
2024-08-11,1.4943337743852805,2206684966.6653337,25986129.227659546
2024-08-12,1.377700231274769,2037758530.7387583,37810125.68950521
2024-08-13,1.4256078937260093,2112123664.3466847,62324113.975053936
2024-08-14,1.5256740482837448,2263251762.1823096,60657169.07519685
2024-08-15,1.444325580758515,2140330250.0408213,56597067.5096016
2024-08-16,1.429486758937566,2118235094.05526,62100101.83880707
2024-08-17,1.4556238365540457,2156226003.3014026,55583994.68613211
2024-08-18,1.465777073880278,2173313071.600519,32995891.773289163
2024-08-19,1.4171089385066304,2103976854.1867888,41973053.575852364
2024-08-20,1.477655469845784,2188729728.2632446,42286947.39130031
2024-08-21,1.4878382290438723,2205927163.423908,48849984.49634709
2024-08-22,1.6068788026044338,2392772235.7194324,58011258.0247382
2024-08-23,1.6360425658445945,2426212368.7806654,48710829.11734186
2024-08-24,1.784072446722528,2645022314.219547,127256625.82320967
2024-08-25,1.8295091020334076,2711431591.280184,102052402.68928644
2024-08-26,1.841898178789677,2731589623.83296,84278967.68593761
2024-08-27,1.771401722129601,2627708868.1833806,67986634.70814942
2024-08-28,1.7470689607461445,2591892463.675,70803926.54589722
2024-08-29,1.6135882583953376,2402309642.864284,125881401.81553788
2024-08-30,1.5818400477385712,2347050532.7252526,51345582.68048102
2024-08-31,1.564738967242748,2321736785.1291814,55447907.08699553
2024-09-01,1.5206052612125402,2255113918.3283405,20085956.956765357
2024-09-02,1.4500395953121643,2140630883.0483408,53010442.40693102
2024-09-03,1.5138803760670814,2248821404.488879,46215162.00579441
2024-09-04,1.4247006170153975,2117862940.697885,64282839.25212655
2024-09-05,1.4657051076051664,2176094579.075484,38423702.17845616
2024-09-06,1.3775266729249247,2046804145.988581,36284739.97505133
2024-09-07,1.36553383506006,2026054691.8335176,56878453.11511604
2024-09-08,1.3881896049036708,2072038132.582536,18769483.578540783
2024-09-09,1.4147597822433078,2108448924.3146267,29452838.71259147
2024-09-10,1.5241865474872296,2264199947.598702,69379261.14977054
2024-09-11,1.6135814195477318,2397169917.219025,90755279.07672702
2024-09-12,1.5843670689726326,2354779403.1452994,101656106.33935882
2024-09-13,1.6413390829911794,2440721771.609777,90979304.21957828
2024-09-14,1.6557028300612218,2464690272.861878,79046822.03556046
2024-09-15,1.6147127932577114,2404757782.4388094,50050480.19949903
2024-09-16,1.5635216325619443,2328794831.471961,45187161.75658782
2024-09-17,1.4894326855484328,2222947483.9807763,35530715.49450152
2024-09-18,1.5252042334357634,2271560702.2803345,34878657.71811519
2024-09-19,1.56764602911875,2326989730.150275,89007558.40085198
2024-09-20,1.690729679331341,2518845668.681127,183948131.82656136
2024-09-21,1.7423417861119113,2596256500.117412,125002989.63815688
2024-09-22,1.7654808530309654,2634535791.960725,66015323.13432057
2024-09-23,1.729726866630321,2577110130.266523,61646911.23315392
2024-09-24,1.848095205901755,2747580050.341507,151098823.2844216
2024-09-25,1.9574867268486436,2917704972.1455336,187555623.66002983
2024-09-26,1.87401547839423,2789524407.4095807,140877568.92755008
2024-09-27,1.9894242815760448,2966508699.881892,170673957.76704025
2024-09-28,1.9997544642027587,2972916401.757871,107173553.7412282
2024-09-29,1.9650871733694224,2930786047.401883,64433711.14196242
2024-09-30,1.965504044137207,2931111090.5177417,77385456.70715202
2024-10-01,1.8426327226988968,2748172507.561672,96738398.39049669
2024-10-02,1.7132521813727226,2558977423.054724,121486050.31562814
2024-10-03,1.724947761171177,2572963811.283309,87709855.99481325
2024-10-04,1.821924146975032,2719668204.731954,178180317.3772012
2024-10-05,1.879993923805458,2803857530.9649267,215757224.61023596
2024-10-06,1.80796360108667,2698735705.7000146,102343282.29670256
2024-10-07,1.8364869847519252,2740962664.985053,88667416.77191074
2024-10-08,1.762856338194854,2630600680.9648104,150495089.02124962
2024-10-09,1.7394766257394016,2596776242.166433,96143839.40006644
2024-10-10,1.6515668008500977,2465177506.4130564,57836769.819156215
2024-10-11,1.671401168322063,2494744904.2227693,96764392.19328164
2024-10-12,1.7428215412187846,2602202794.8823915,89517691.29889761
2024-10-13,1.753600325389052,2616929182.9530306,62986859.288471386
2024-10-14,1.7269354112310007,2577778294.1679835,125750045.54265311
2024-10-15,1.829825883670098,2734919947.970802,111437719.48915544
2024-10-16,1.8148031605015933,2705087108.2109685,158439888.80624846
2024-10-17,1.846899263946904,2755890628.2419734,195257940.48188385
2024-10-18,1.8532137719160309,2772420617.6259346,164989601.05138776
2024-10-19,1.9262168991077069,2883416837.590604,139596078.51185784
2024-10-20,1.8800082002487053,2814195430.161181,73841315.295212
2024-10-21,1.9229704167875863,2875860831.591206,71732263.5995216
2024-10-22,1.828506616830889,2733404399.6474843,84907166.97511895
2024-10-23,1.8123660031975768,2712746821.3849635,83208558.08917293
2024-10-24,1.7958701276883904,2690115439.7133183,79228367.2107548
2024-10-25,1.8122705581509428,2714338018.159567,81462076.64370279
2024-10-26,1.6495141798288375,2461639039.346203,113584951.00741814
2024-10-27,1.688053857818545,2528746834.033596,72522876.44090553
2024-10-28,1.7408919174320656,2608785970.306396,76508528.95457709
2024-10-29,1.766908873561962,2647943307.3116403,154321865.15267974
2024-10-30,1.8744368037880188,2809229854.039695,314532529.21438295
2024-10-31,1.7582484508265803,2635971880.70478,96197704.34027705
2024-11-01,1.6416966035629972,2461511598.7217946,99996938.386505
2024-11-02,1.5977831313210666,2395654812.1769786,106130150.76774192
2024-11-03,1.5698206292635983,2351417909.9659257,63188159.08027988
2024-11-04,1.4817948566329928,2224210426.21857,98199327.0345716
2024-11-05,1.4553260717040333,2182248033.871137,91354470.54854068
2024-11-06,1.521749364031935,2282854254.5033345,91576663.64804852
2024-11-07,1.720689099499065,2581000520.352711,193995232.7171317
2024-11-08,1.680133039818052,2519384298.069961,143406022.94710252
2024-11-09,1.655983490574424,2486537133.055665,149421230.9626556
2024-11-10,1.7216389296889234,2588201865.146508,159618262.2802011
2024-11-11,1.8115178733994448,2716692845.3314857,352799867.68460083
2024-11-12,2.179920049395512,3266387475.824331,960996480.5309452
2024-11-13,2.04389184859074,3069938773.765984,688299027.1956284
2024-11-14,1.9563583085686345,2938278280.634098,387678287.5414143
2024-11-15,1.8018538758654907,2703517509.586169,250403969.1815839
2024-11-16,1.88011667030184,2822124521.069955,187660587.8107557
2024-11-17,2.0068971600212704,3005916493.3873525,261491258.22681403
2024-11-18,1.861393019629742,2794818993.6966405,199066628.13144705
2024-11-19,1.9364412715108528,2910433167.489736,164398683.86057287
2024-11-20,1.898865347658939,2853237131.0690966,221989208.22472888
2024-11-21,1.8186937638157783,2731174529.689749,197836457.3390244
2024-11-22,1.9313271283422544,2898094883.205363,410061572.5081836
2024-11-23,2.0328398348195837,3045634887.178801,346396407.9543727
2024-11-24,2.056069636984992,3087585334.992825,419012008.6936596
2024-11-25,2.0513407249340525,3084323660.722687,377366475.0801486
2024-11-26,2.1155308288258388,3174845530.68723,865767790.6876527
2024-11-27,2.115229792699594,3176734987.456581,378784692.2199229
2024-11-28,2.230603244562836,3348715960.751388,251462554.4748936
2024-11-29,2.31375611318887,3473458599.7606936,386291640.3645663
2024-11-30,2.3459408641870105,3509138097.769768,177423852.86967298
2024-12-01,2.312681376184873,3481773082.496595,230627394.02624813
2024-12-02,2.383427396572648,3585158403.9509406,310205260.4390442
2024-12-03,2.391506455554074,3590644734.707458,478328959.02931887
2024-12-04,2.511043747605955,3775124015.377383,724832159.5068638
2024-12-05,2.699360567509868,4058925541.3399615,752272033.1187795
2024-12-06,2.7579910108124905,4148064833.0001264,1088024203.0915873
2024-12-07,2.7482931926586613,4132968779.2974224,316890498.33757657
2024-12-08,2.662577065588453,4005013314.9890857,152564049.40284047
2024-12-09,2.718949438457343,4086315259.2268624,193841870.9826461
2024-12-10,2.249736590540456,3387075820.682301,515423672.8069341
2024-12-11,2.179854625689904,3279457567.1620145,464649957.1430875
2024-12-12,2.39349741187093,3600944815.598621,235865899.3886085
2024-12-13,2.3382171890503045,3516735411.06659,297412872.62785923
2024-12-14,2.303745127474687,3464415224.622009,199674093.83116093
2024-12-15,2.2295984682392773,3354154475.655549,177029660.09228367
2024-12-16,2.4496082175993683,3690154773.792514,337928129.0797673
2024-12-17,2.4289924975681148,3656872037.4798265,603743214.8092926
2024-12-18,2.2776137195282207,3435940380.054386,247922769.12731752
2024-12-19,2.0211676479183542,3032647634.559981,365293524.2031679
2024-12-20,1.8015265068532256,2711431373.357948,331323573.71987206
2024-12-21,1.794793021737247,2700619684.6193624,326166896.6216641
2024-12-22,1.6518298242062517,2484714821.663017,188014217.52525532
2024-12-23,1.6327615838900529,2461404174.6846666,137884960.2075921
2024-12-24,1.6999734896040597,2560367242.7137136,155940406.68562144
2024-12-25,1.7677243615363996,2658356620.171717,120729569.8758191
2024-12-26,1.681202727119103,2529874344.067613,100532806.01841596
2024-12-27,1.578171788135327,2381049912.715882,98728214.34231736
2024-12-28,1.5630605048516633,2353700976.1880703,99412146.85231982
2024-12-29,1.655523333762378,2494804743.264607,78361611.29235046
2024-12-30,1.571215042001226,2374741168.2251506,76623358.59225473
2024-12-31,1.48767437138547,2244996572.5153155,158872769.8905429
2025-01-01,1.540698322060503,2321925380.0347257,237974102.48096797
2025-01-02,1.6123077904430554,2431632746.585465,116075222.30963552
2025-01-03,1.6568738409084398,2488311130.386659,154107027.90943918
2025-01-04,1.7352933392681134,2616399528.994016,149057465.05858752
2025-01-05,1.7332491318639365,2614363881.6625166,103661568.44663896
2025-01-06,1.7682447918311262,2666075205.912269,132074921.46505263
2025-01-07,1.8254347621518543,2750391407.181652,180123409.85085434
2025-01-08,1.6043435043241043,2422355617.988058,137127024.90957555
2025-01-09,1.5431378571528356,2331865034.84431,127813651.03773984
2025-01-10,1.499691433077993,2263567551.7788444,97472466.38202807
2025-01-11,1.5399706654759906,2323351836.897295,89079079.25882462
2025-01-12,1.5327111393620478,2312530871.2137995,61592420.42783716
2025-01-13,1.510473237060041,2277752755.649637,58289102.69311737
2025-01-14,1.4532060848000077,2192708513.140461,95617000.11678916
2025-01-15,1.5012001841052935,2264517219.366384,46758558.46827443
2025-01-16,1.6142403987826075,2434896591.9354486,74534776.7445936
2025-01-17,1.5596508940641225,2352789086.054013,75488614.75690275
2025-01-18,1.6831032226957836,2540748437.5446334,115016958.63318025
2025-01-19,1.5749773142016248,2377299215.49416,77705694.54909801
2025-01-20,1.4061948918384974,2131297178.4554105,107519174.5388563
2025-01-21,1.4132096271162455,2135033696.4825609,125515014.54441649
2025-01-22,1.485086927331419,2231678975.8266187,69720051.80592446
2025-01-23,1.407905566890936,2125967353.565556,43541144.65008816
2025-01-24,1.39946500135427,2113292932.4268384,70533222.53134605
2025-01-25,1.368000149372771,2064438805.213032,53176480.87004745
2025-01-26,1.39154966979056,2103805330.1415296,32516220.036167733
2025-01-27,1.33054108537307,2011497032.910514,27910175.62137224
2025-01-28,1.2796898048673877,1932874487.38724,87842976.03411584
2025-01-29,1.2283807615605726,1854474879.8339424,41758555.62994935
2025-01-30,1.2475123127459369,1884815849.220957,36977752.32402842
2025-01-31,1.3176644940293083,1995284730.688743,45221303.17037657
2025-02-01,1.3291744811213086,2007625095.372812,70323793.98937142
2025-02-02,1.2198402260133765,1849043498.1845076,36348173.26977248
2025-02-03,1.0333712767729664,1556439298.4496248,103787132.53665298
2025-02-04,1.0484271727372827,1584837285.3028316,181193892.0199802
2025-02-05,1.016704424239505,1532822780.027452,108055802.26635852
2025-02-06,0.9721691832844916,1468079258.7336524,48941434.3267183
2025-02-07,0.8968419488677669,1356057773.9335415,55159875.24013678
2025-02-08,0.8703265556912396,1313368500.3892536,54393352.78051528
2025-02-09,0.9121731036367142,1379817866.9058952,43074154.83361666
2025-02-10,0.8970509011591623,1356898407.7213862,94559752.3048619
2025-02-11,0.9633158660290024,1456428669.2323165,68424551.38625132
2025-02-12,0.9344846327169803,1414096326.5954342,46424504.48192029
2025-02-13,0.983022301712339,1486312648.829093,45263192.22286015
2025-02-14,0.9567468176057128,1447787789.2925243,37249340.306484684
2025-02-15,0.9848085803266216,1489877924.134932,30975045.75841678
2025-02-16,0.932553419480106,1410872755.2306638,35703376.068291865
2025-02-17,0.9295491092007252,1406361312.6901214,26367460.28210697
2025-02-18,0.922667145533471,1395867352.3127525,31491754.916613
2025-02-19,0.8753025719375253,1324753051.627447,40160681.212494746
2025-02-20,0.8866722158028867,1342211932.8744123,35842574.173395224
2025-02-21,0.9483159529502668,1435786401.7414062,32446195.090511344
2025-02-22,0.9015361574320772,1364965077.7173624,49481780.01157583
2025-02-23,0.9273270867679312,1404013175.653898,22963387.424250137
2025-02-24,0.914979580258297,1384705263.6726737,26260671.24569068
2025-02-25,0.7808315408175102,1181889993.9462116,76448724.52272744
2025-02-26,0.7833748164052443,1187179015.055702,76042481.24364692
2025-02-27,0.7897333180996429,1197411445.0651057,73771888.9589676
2025-02-28,0.8328584385262412,1261551359.4531493,76624523.92159928
2025-03-01,0.8330792319206595,1262392475.2590852,55261229.35458297
2025-03-02,0.809967151512031,1226348431.520091,36379762.33875301
2025-03-03,0.8779625925405062,1329368795.4642017,65159384.421979584
2025-03-04,0.7286447674772262,1104148698.4116712,67959413.15248074
2025-03-05,0.7061931077417786,1070637249.560246,68192451.94085516
2025-03-06,0.735488628257475,1114590963.7676585,44092741.74522451
2025-03-07,0.7234601281644605,1096418088.8360324,41503311.21916226
2025-03-08,0.7099089171512822,1077197869.609603,42691425.27982268
2025-03-09,0.6832763379226524,1034446403.5671004,28815706.40206508
2025-03-10,0.6230012185529127,943877068.3202324,35547091.079511166
2025-03-11,0.589275025818762,896877240.2212062,52507287.3783524
2025-03-12,0.6112920357135802,927244797.0589248,44686863.953003965
2025-03-13,0.6365556573065418,965610391.941988,33592969.6442085
2025-03-14,0.6161854432422968,934481057.5314276,23457976.12595346
2025-03-15,0.6417882262551673,973530499.678954,33927992.47689531
2025-03-16,0.6574299368546945,997384663.4551018,18802194.44414648
2025-03-17,0.6173488246559494,936060000.986599,19180749.382607505
2025-03-18,0.6275485333746038,952382852.0335524,39780363.29959007
2025-03-19,0.6157863463600765,934773583.5371588,33814550.68724574
2025-03-20,0.6621495606347247,1004937436.7638832,48797864.12163654
2025-03-21,0.6443401047880438,977535374.91625,40708923.81529652
2025-03-22,0.6197892933395166,940691865.748442,27700600.02637532
2025-03-23,0.6200846767915241,941350948.4192308,16888356.314601984
2025-03-24,0.6304207988323625,956429759.4141568,23811181.52906021
2025-03-25,0.6847633636620412,1036859281.2274843,49438336.89446825
2025-03-26,0.6999464302940973,1063241900.3204616,40006164.70985155
2025-03-27,0.720081833219681,1093080413.176123,64284848.57281947
2025-03-28,0.7285501162718097,1104359727.417312,55211150.74335086
2025-03-29,0.659149296016756,1000938337.284956,39610655.86388538
2025-03-30,0.6212621043660631,944166112.0474048,28689518.90837824
2025-03-31,0.6098647337129647,926238061.8914884,25531370.88002193
2025-04-01,0.6087676001982176,923710083.617256,32870406.651140776
2025-04-02,0.6179763077850435,939963878.8925284,26565856.50734799
2025-04-03,0.5774992270125341,876359758.1779915,57574858.88053878
2025-04-04,0.5796893814663963,882193596.201533,30768478.792232264
2025-04-05,0.6017856773041155,914818527.39316,47308560.0187606
2025-04-06,0.6008637582978523,910867965.869328,29270143.70789981
2025-04-07,0.5311085097614956,808346454.0766884,42426453.37993602
2025-04-08,0.5506869107196195,839189197.0061793,69932516.99152938
2025-04-09,0.5341974581058406,812139640.4192234,37999425.31107693
2025-04-10,0.6073322235279317,924346497.0894982,50249703.65254755
2025-04-11,0.5952802134689845,905757255.6511114,35642544.771667585
2025-04-12,0.6149499168215721,935867751.0302691,41920345.07696974
2025-04-13,0.6474009602074579,984894922.9346868,35184781.14927082
2025-04-14,0.6127658433753385,931985806.3705702,41200464.718699984
2025-04-15,0.5995625948249063,914698755.2721964,47653159.693823054
2025-04-16,0.579872624439013,882379058.7266457,34110628.75134079
2025-04-17,0.5755073226688886,876293110.6868312,35311584.92906914
2025-04-18,0.5834166022808239,888126995.7614366,32851819.036870096
2025-04-19,0.5932518909690304,900626789.8564273,27833335.28342677
2025-04-20,0.6144129289817022,935853601.6616548,34820711.86228294
2025-04-21,0.633798908959123,964835232.4543742,47748790.456233725
2025-04-22,0.7031196216399342,1066554976.719513,235827206.892729
2025-04-23,0.8124879992659718,1236458090.8835433,250588141.9761841
2025-04-24,0.7789084128475798,1185779946.483612,155060879.77009946
2025-04-25,0.8709365244720809,1335389883.20287,198917629.39409173
2025-04-26,0.8723483713276844,1328913073.496318,170945981.16889423
2025-04-27,0.849775720042641,1293045769.4890344,59048642.475432105
2025-04-28,0.8430150598505278,1284097163.784521,130261572.94297294
2025-04-29,0.8451201600400552,1284460206.5702145,116685496.23167326
2025-04-30,0.8278913591499035,1260959273.599834,87466209.26575063
2025-05-01,0.8144405480357764,1242250713.812635,59409512.13827979
2025-05-02,0.8366095443435212,1274566106.2015233,59532513.45057054
2025-05-03,0.8248780815794776,1256879051.4697497,49489477.06264914
2025-05-04,0.7721285944770069,1176357549.3909354,27728112.547126684
2025-05-05,0.7574456181439863,1153293971.1400893,37500675.77687066
2025-05-06,0.7694555409110418,1172959489.5122218,40558743.55405113
2025-05-07,0.7992182832521066,1215687454.4949358,49820801.22793423
2025-05-08,0.8952204082276501,1367697262.6479614,190947438.4797676
2025-05-09,0.98465587758643,1501174760.6456664,155739445.25599468
2025-05-10,0.9719195248722264,1482502384.8188348,113549969.83706206
2025-05-11,1.0400986848242175,1585555880.7834566,124149363.44801004
2025-05-12,0.9981005391745124,1524674059.8971798,93996453.26399112
2025-05-13,0.9882773094093548,1509300649.3199291,105538588.2663926
2025-05-14,1.0021048462973057,1528689324.2399826,56971496.94274818
2025-05-15,0.941799119719939,1437093799.386458,62791020.35519974
2025-05-16,0.8891064772997735,1357577311.7298732,73589223.54329531
2025-05-17,0.8824347887304452,1346844226.1069026,52598358.94631007
2025-05-18,0.8457652606177373,1291614264.015375,32011779.94730901
2025-05-19,0.8846865660297867,1347061276.7115483,54272831.73996144
2025-05-20,0.8589277540307358,1311857465.403942,53932629.55761544
2025-05-21,0.8821765261022504,1346310138.1743083,47421784.15421522
2025-05-22,0.934136305566858,1426339823.6324768,79877939.99128674
2025-05-23,1.0018073277624129,1529940897.956519,94088644.308609
2025-05-24,0.9105331215082864,1390519266.7466724,89338115.50231072
2025-05-25,0.8953172611499898,1367204319.94635,31452093.88800075
2025-05-26,0.8842041068939344,1350154370.1515872,28420510.612248424
2025-05-27,0.8813109405566072,1345264730.7920034,35973222.92802646
2025-05-28,0.8883761470965239,1357077290.6370096,44174549.74839557
2025-05-29,0.8609692284117653,1316074941.1229503,43370280.74276112
2025-05-30,0.8274894887862289,1261189691.741328,44298857.62144408
2025-05-31,0.74882459294785,1144750124.5033698,48025685.19537072
2025-06-01,0.7429766854475119,1136583478.1293328,35770051.930814944
2025-06-02,0.7510269759982974,1148171528.8866453,24094042.89833229
2025-06-03,0.7561035001655769,1155481549.5444577,22049607.11274725
2025-06-04,0.7854108255289513,1200855641.40049,32020179.786592893
2025-06-05,0.7521226080657305,1150102187.0309646,22160885.92990356
2025-06-06,0.6953583539056389,1063081976.3168906,37761297.50177339
2025-06-07,0.6285192877231616,960345748.6469424,90387937.584418
2025-06-08,0.665720558749384,1016913689.7999492,40548177.56688426
2025-06-09,0.648076817824257,990748978.7347132,25373644.279299293
2025-06-10,0.7006751833000245,1071565743.8800222,38074993.69593829
2025-06-11,0.7161986669623889,1095635989.0342405,42722248.81750945
2025-06-12,0.6885218590879479,1053139261.3263416,40484717.81574806
2025-06-13,0.6510251537753843,997648323.9795913,31286629.487602644
2025-06-14,0.6361206311699954,973351373.7513076,45545670.906961165
2025-06-15,0.6289592570098415,963434504.1636018,23076884.906798784
2025-06-16,0.6215047072637122,951131419.7917012,19828987.066951368
2025-06-17,0.6436642129788659,988752815.5712974,33222288.955209944
2025-06-18,0.6106335181603018,934915716.884522,42101289.62805352
2025-06-19,0.6163858783016098,943454770.408836,36257073.738026366
2025-06-20,0.6270119050789842,959917787.0442843,22964448.70432802
2025-06-21,0.6110024538199605,935646111.1405476,34674649.15958908
2025-06-22,0.5778544432248586,878547177.2018919,36272085.40614327
2025-06-23,0.560104470626971,857811127.4498568,44526784.33962573
2025-06-24,0.6316339016064121,967301203.8814667,35343696.282214336
2025-06-25,0.6622661361476462,1014260127.2420106,40463739.99314413
2025-06-26,0.6691874550300236,1030650446.8328518,79397306.3621247
2025-06-27,0.6536293307229101,1000256366.1445355,36207716.52085976
2025-06-28,0.6617314757431613,1014451390.0082384,41658146.239594735
2025-06-29,0.6676967471628638,1023255131.7236164,22064398.56188017
2025-06-30,0.6920282954176546,1060283398.4953471,25215127.37630865
2025-07-01,0.6594070138264724,1009632098.2983632,36471377.282023445
2025-07-02,0.6363290715638,977210636.289508,25763279.97028219
2025-07-03,0.6869615219836714,1052922305.476826,36874528.24823092
2025-07-04,0.6876192013946522,1053704096.0592772,36432069.16406826
2025-07-05,0.6480208716268039,992986448.5686418,35893653.46379617
2025-07-06,0.6429571922070617,985844183.0068594,16300242.673999514
2025-07-07,0.6580846077823284,1009013737.3670276,18725324.146827053
2025-07-08,0.6485613322903141,994176959.2339076,20920313.591706228
2025-07-09,0.6575784116459537,1008245979.6855458,25511696.611320037
2025-07-10,0.6908416108287856,1059564367.9102448,25397626.073540084
2025-07-11,0.7414421249627996,1135567513.3772311,47552423.772306025
2025-07-12,0.7400365942965131,1136224188.4598897,52800400.97070743
2025-07-13,0.7382470539598934,1132577600.9009542,32325222.15468165
2025-07-14,0.7867337218275517,1205284429.8458552,38059205.9966125
2025-07-15,0.7945126012344006,1219619466.8259032,54836139.62202016
2025-07-16,0.8086013458556944,1290456216.4921782,71469920.64924008
2025-07-17,0.8111848347325652,1288788316.8982377,52811686.92100459
2025-07-18,0.8550061829079804,1357142351.39345,54947660.953880094
2025-07-19,0.8356221717849167,1317690208.2936993,61410911.87083215
2025-07-20,0.847125162802563,1344364553.6685996,33783451.56175272
2025-07-21,0.8753737432452446,1391274859.8454032,40261399.3390451
2025-07-22,0.8813183811130081,1399013111.7278085,53442251.8623341
2025-07-23,0.9000046731149132,1427981210.2971497,63331861.26778302
2025-07-24,0.797643424358927,1267578637.2290063,84371173.18248056
2025-07-25,0.7774263754580373,1234955219.7442226,95869900.4946649
2025-07-26,0.8093560275362908,1284323993.7938418,43262998.58002853
2025-07-27,0.8067343812474728,1280718889.4819517,19825177.131975107
2025-07-28,0.8593691807031922,1364265273.8830829,35690285.41180635
2025-07-29,0.7871253901681518,1253964351.995986,52800075.89023389
2025-07-30,0.7798131053112565,1236506962.4822984,42598498.99881907
2025-07-31,0.7550476564002042,1350319649.3039286,39644338.69693364
2025-08-01,0.709115226819497,1267426750.525082,26634810.38092825
2025-08-02,0.687433623084485,1229949004.136517,48895253.12396109
2025-08-03,0.6687103101367354,1196900980.1075268,29126984.43953209
2025-08-04,0.6860152544365669,1227314429.6959722,17349948.956414018
2025-08-05,0.7127806854651387,1275755784.3318918,23311561.971842512
2025-08-06,0.6841262035999284,1225255569.5125394,29621884.423694007
2025-08-07,0.6915964748369161,1238394163.4032612,20620187.11764128
2025-08-08,0.7368744284837937,1317589196.537518,34406622.41389535
2025-08-09,0.7369221168712394,1319724890.800301,50329044.07000282
2025-08-10,0.7484588157475552,1339846069.4856222,33142956.874074
2025-08-11,0.751858198766463,1344568518.98147,46685215.13848823
2025-08-12,0.7189034433689908,1289472693.286274,76758590.11206087
2025-08-13,0.7530865838035126,1349204754.1188982,49971413.884834535
2025-08-14,0.7940519609378686,1424646511.776607,57796024.47394625
2025-08-15,0.7177762574161821,1286674216.5457544,80126336.63778573
2025-08-16,0.7066196537923433,1265540246.0775864,41206327.83623666
2025-08-17,0.7177015234458087,1286022920.8484094,22420957.204708826
2025-08-18,0.7196107852282686,1291431067.3958447,25431274.47149343
2025-08-19,0.6909400819962539,1237415477.1757357,37118912.92600275
2025-08-20,0.6506198884933408,1166177165.523314,43825006.14734638
2025-08-21,0.6794982158531938,1219511056.0179508,33336174.43313851
2025-08-22,0.6551420253552601,1172905407.923488,23382037.973526824
2025-08-23,0.7091230175905887,1272988587.9684482,53833913.58953261
2025-08-24,0.6968633957494565,1250006839.5152285,22410367.89176096
2025-08-25,0.6798657703259194,1219587202.8383172,32968829.42798972
2025-08-26,0.6274846329561313,1126351774.180503,46489056.4970064
2025-08-27,0.6499948066916954,1166471701.1831348,33315849.549763568
2025-08-28,0.6405874414531217,1149530350.651942,26717865.78785258
2025-08-29,0.6571139767704859,1179548763.120354,23251924.96787874
2025-08-30,0.6219993029740724,1116669597.8463826,28136877.30563701
2025-08-31,0.6249024777421568,1121861885.159526,17316107.849808894
2025-09-01,0.6211179140964148,1115327510.1889672,17681336.72221683
2025-09-02,0.608081941186509,1090699753.134851,30818974.01262281
2025-09-03,0.6264439308129446,1125044495.0033984,21221746.80450113
2025-09-04,0.6350583545917878,1141846177.734738,24309386.00539713
2025-09-05,0.611906909601736,1100440259.0402708,24536547.17257219
2025-09-06,0.6240830122620534,1120126700.2578344,26030320.395541813
2025-09-07,0.6221868471906333,1118305474.6235356,14253319.72208822
2025-09-08,0.6304365882401052,1132944708.6133587,14382241.75214073
2025-09-09,0.6458950738454082,1160196590.494094,25702838.524224456
2025-09-10,0.642314928560122,1154466242.0909283,28165728.30444339
2025-09-11,0.6569160421489264,1180907694.5892408,33215885.4649482
2025-09-12,0.6794466522944982,1220626511.6897624,68104100.88515157
2025-09-13,0.688881687932471,1239661191.4640884,30490713.816983327
2025-09-14,0.6983641276030962,1254434575.6021338,33124336.793586172
2025-09-15,0.6693582908333223,1202765055.5657032,28488507.72538844
2025-09-16,0.6460799982326056,1160916404.6915991,24858015.141310535
2025-09-17,0.659601059390097,1189269360.495019,20295696.789938744
2025-09-18,0.6751195715341973,1214509931.4593642,36290821.643653765
2025-09-19,0.6906248280139973,1242597889.9880388,33528620.27095078
2025-09-20,0.656040704025111,1180558739.7281058,29434141.129916467
2025-09-21,0.6594568032634084,1186860893.944487,21223081.19186588
2025-09-22,0.6466613232726695,1164279327.5797603,20056939.966960344
2025-09-23,0.6039960293789023,1087527879.3748507,36636320.32395755
2025-09-24,0.597435359185655,1075590360.755816,20825167.84234922
2025-09-25,0.5940461251975667,1069650730.162056,19939038.020790875
2025-09-26,0.5630801908256401,1014007103.7674196,25534207.389067248
2025-09-27,0.579258038490103,1043245763.3441666,18551389.612839524
2025-09-28,0.574888340247256,1035528397.4882252,13880657.091165705
2025-09-29,0.5852551440156063,1057200860.1905566,17651993.046612117
2025-09-30,0.5855221476991781,1055171855.7226312,16882025.26932071
2025-10-01,0.571618303363486,1029575499.0447668,17053937.184005335
2025-10-02,0.6039538921616954,1088299866.8289268,21231274.709159635
2025-10-03,0.6235526485114691,1122013225.8029208,26182539.607429557
2025-10-04,0.6204171230697584,1120703074.16405,27256632.910681177
2025-10-05,0.6019830492286723,1085249879.3530116,19142312.0983977
2025-10-06,0.5991151301291662,1080862089.6764514,21809814.651098467
2025-10-07,0.6303625368032455,1136877000.2506957,29771295.505216938
2025-10-08,0.5981757119685444,1078551060.510051,82727274.63742365
2025-10-09,0.6125602707488581,1109206258.758753,26934076.57534711
2025-10-10,0.5945889647755694,1071623631.2833062,25201404.785452195
2025-10-11,0.4347159930149658,785908985.6440194,80498705.84388365
2025-10-12,0.4211991304467093,760566252.5547599,46002637.77344456
2025-10-13,0.4606028398079346,830770816.2545568,32768430.157977182
2025-10-14,0.4885775279866173,881602742.4772078,32281961.87895848
2025-10-15,0.4717160451690032,851747421.8287541,36282694.6260622
2025-10-16,0.454591998484109,820215646.4593325,24937654.976288404
2025-10-17,0.4354903353981798,785852980.0664167,26494510.82640006
2025-10-18,0.4224072174494815,762605245.2690158,27818912.19544208
2025-10-19,0.4219633764244809,761814205.060452,12238383.079736114
2025-10-20,0.4373147961265743,789792089.7767541,51683641.8944215
2025-10-21,0.4422866579986743,798722108.1226257,25832731.193022344
2025-10-22,0.4271501067029534,771920274.7896993,22321005.05272781
2025-10-23,0.4210620908158464,760787299.0763252,21478010.164982777
2025-10-24,0.4311376382362112,778857856.8045181,15529164.97233144
2025-10-25,0.4491541434961631,811495926.7754263,18322287.030294053
2025-10-26,0.4464794076616866,806778433.635337,14244028.763098637
2025-10-27,0.4690743496981027,849565785.3806351,17445015.607227538
2025-10-28,0.458384622307547,828288199.9293664,16340913.914628295
2025-10-29,0.4426196963821607,800804350.881784,37205739.69905423
2025-10-30,0.4404092018652785,795580046.1459136,25780861.573540702
2025-10-31,0.4053455323300619,732393093.7468053,21073274.08181123
2025-11-01,0.4132323624162329,747238413.0662305,25815289.976551622
2025-11-02,0.4234328057683504,765689143.06709,13088512.524359427
2025-11-03,0.4250849560234755,767225962.4570727,14081764.5938977
2025-11-04,0.370896044169165,670355399.4903291,24110870.443463456
2025-11-05,0.356255120801121,644255258.5001256,29299682.92959087
2025-11-06,0.3614575724182837,654297224.3055998,23082728.254949067
2025-11-07,0.3516332455092704,635725410.0739917,17906710.42804686
2025-11-08,0.4107821665626749,743310992.3482025,40647500.70745139
2025-11-09,0.4027826754351436,728919136.7640154,26214742.77580036
2025-11-10,0.4225601705458544,764832611.2776908,43959025.94336871
2025-11-11,0.4287036820954255,776993615.6322236,27204804.49402947
2025-11-12,0.4135044660042023,748832943.5397074,33945510.47623535
2025-11-13,0.4021848193870644,728114644.345674,17085672.21225244
2025-11-14,0.3846072757719324,697963485.3483536,19298586.13247704
2025-11-15,0.3607856162450819,654293283.0912966,24448549.92657347
2025-11-16,0.3590680237543988,650346637.1907383,15778286.45360394
2025-11-17,0.3484745931696746,631766622.391107,16602983.280220443
2025-11-18,0.3357924335357677,607987004.9675038,20977803.856810916
2025-11-19,0.3455805307170176,626182784.7647336,19916732.013657153
2025-11-20,0.3414694389622726,618388184.7338443,19991869.278004095
2025-11-21,0.3280780476966997,597815489.8468252,17054457.264943697
2025-11-22,0.311973460481438,565181548.6685477,26783393.389203414
2025-11-23,0.307682098710634,558105531.0144414,11884128.488124402
2025-11-24,0.3082398652266943,558841058.3539166,13085474.087572264
2025-11-25,0.3206154478979504,581011929.4017025,16521396.413364545
2025-11-26,0.3192709792969325,579392419.6725283,13534376.205179175
2025-11-27,0.3235509951751897,586108276.4853286,11770960.17624974
2025-11-28,0.3229095257690552,586107405.6958352,12579005.870045848
2025-11-29,0.3175334324175096,575416407.0052465,19367236.4230882
2025-11-30,0.3132925457686393,568176962.4943061,24483510.72589308
2025-12-01,0.3081054627805498,558952160.002069,10143179.946186123
2025-12-02,0.28265539242041,513111273.35068256,16623014.326954456
2025-12-03,0.3082765230642663,559792536.4738835,14670012.041561116
2025-12-04,0.3212007045243394,583113381.1070513,12108972.052782854
2025-12-05,0.3081525686586832,559234286.0365659,11814277.383948969
2025-12-06,0.2924966729568288,528854995.1613885,13619399.907779207
2025-12-07,0.2970309421374271,539331740.1951998,7376074.021296379
2025-12-08,0.292503362662063,531039748.95291,12826152.892349277
2025-12-09,0.3011365380714117,546973238.5226852,10017995.58649581
2025-12-10,0.3171175425806654,576343024.3092082,20225564.11865188
2025-12-11,0.306429327355058,556654169.3607829,17757683.408413302
2025-12-12,0.2983921902975105,541998712.5494412,16795676.194072414
2025-12-13,0.2876836317630944,523671280.2161207,8360754.652990556
2025-12-14,0.2897151810011834,526371288.6460872,8853721.76408787
2025-12-15,0.2783461102474789,505085303.1084775,11786372.686529003
2025-12-16,0.2638156410095607,479239534.834168,14067386.371114772
2025-12-17,0.2631003751975135,478080696.28332245,11612026.035414182
2025-12-18,0.2509771924825948,456161841.76691383,11563429.038210675
2025-12-19,0.2409820341098066,438056400.91264457,12116644.24678164
2025-12-20,0.254306227934187,462324181.7143509,14403651.123522803
2025-12-21,0.2558916485260328,465267242.4979948,6702793.753951871
2025-12-22,0.2497586305068838,453966008.86310136,6494806.018662052
2025-12-23,0.2471568961116463,449338041.499946,9675795.576795151
2025-12-24,0.2443726426716498,444889881.4165281,10075345.52209605
2025-12-25,0.2486347936269492,452697473.757711,8912169.755388424
2025-12-26,0.2448347043178131,445541049.4804013,9780678.850217387
2025-12-27,0.250855801759222,456469689.9299137,8932021.14833184
2025-12-28,0.2652192180307916,482570404.9257479,9745643.73440872
2025-12-29,0.2645429181114812,479000261.1300136,9356854.055932362
2025-12-30,0.2549675337658815,463974777.0913122,9078211.645579848
2025-12-31,0.2537734405155422,461391801.4107276,9689112.215957388
2026-01-01,0.2451745631754099,446282227.48719144,13102046.229956748
2026-01-02,0.2631413881632455,479328470.63829935,13285466.757503835
2026-01-03,0.2760295299279476,502042677.868916,11844126.56857157
2026-01-04,0.3018163916427145,549464078.7059076,59281806.3550343
2026-01-05,0.3573392379762678,650711745.1889154,85524314.57223389
2026-01-06,0.3751217637334723,682711227.2969855,71538902.62286024
2026-01-07,0.3728263139791627,679172900.5734168,45322316.46886721
2026-01-08,0.3480657043032056,634885084.1602671,17259897.865331143
2026-01-09,0.3549596941375372,644975846.6325569,33711263.575799614
2026-01-10,0.3747406282388056,683553227.59442,35871161.54549263
