date,prices,market_caps,total_volumes
2017-10-18,0.026845354676219,696021404.3079604,2351678.122306208
2017-10-19,0.0268299504657286,695622018.2559936,2815155.9695999967
2017-10-20,0.0302996062162528,785580027.6424098,8883473.082062634
2017-10-21,0.0285879626390273,741202123.8797704,5308856.917095766
2017-10-22,0.0277960384076621,720669848.4724126,2901876.122086012
2017-10-23,0.0260451258873891,675273816.053428,3505126.543112243
2017-10-24,0.0274174030313111,710852942.3615782,7822397.543947947
2017-10-25,0.027269301575107,707013105.4597949,2513886.637623913
2017-10-26,0.0265914003938094,689437113.7144977,2369400.241402218
2017-10-27,0.0265096214937607,687316826.4044167,2569633.7793355323
2017-10-28,0.0259764127665419,673492286.1223357,1729975.2725138245
2017-10-29,0.0283520354413752,735085222.7844126,4636164.255564146
2017-10-30,0.0283854074975511,735950462.4388821,3794753.02010408
2017-10-31,0.0302510952964478,784322281.6027644,7251416.950220154
2017-11-01,0.0230960362492019,598812560.9812648,7901021.254424323
2017-11-02,0.0213205774588573,552780115.686688,5955251.345757528
2017-11-03,0.0227894259033641,590863052.9170463,3029089.7359041288
2017-11-04,0.0218020789182456,565264037.9883977,2455852.8375674905
2017-11-05,0.0220263158144181,571077843.8126849,2245833.516085977
2017-11-06,0.0223035646948502,578266095.092228,4843621.340865689
2017-11-07,0.0222885656659133,577877214.2109797,2527154.86620952
2017-11-08,0.025146348345649,651971147.3307619,6534368.134450486
2017-11-09,0.0327694950544278,849617009.7707922,20628139.78678138
2017-11-10,0.0272930427433779,707628644.4042084,6563683.784283738
2017-11-11,0.0274985187210103,712956034.570149,5632137.891194862
2017-11-12,0.0245216509061434,635774572.7517922,7550744.664248699
2017-11-13,0.0251142873836225,651139900.5067863,4284485.972081597
2017-11-14,0.0262283052840494,680023121.191746,3183479.97319462
2017-11-15,0.02601455327855,674481157.867525,6362414.67189926
2017-11-16,0.0271062720187573,702786226.652537,4825255.352786
2017-11-17,0.0259167531670733,671945487.478645,3514321.2781959
2017-11-18,0.0265277202424606,687786073.938608,2984199.94886132
2017-11-19,0.0277212109355903,718729791.325827,4652800.37716365
2017-11-20,0.0300027359042463,777883050.122379,15546079.3945352
2017-11-21,0.0285982155306659,741467951.324501,5910630.57601447
2017-11-22,0.0287315492166677,744924903.206561,4912298.82371421
2017-11-23,0.0279406665612257,724419632.811637,5222693.56006724
2017-11-24,0.0285119374458932,739231013.334716,5653201.55570934
2017-11-25,0.0306147875989473,793751757.583795,6199363.76514505
2017-11-26,0.0385478736298579,999433438.691236,30963775.9962897
2017-11-27,0.0504690379751281,1308514307.56615,81568060.7251049
2017-11-28,0.120725683497858,3130063311.79723,341785540.016436
2017-11-29,0.0926358698508062,2401776731.97084,170782434.03361
2017-11-30,0.124064710988949,3216634513.08707,123583686.659491
2017-12-01,0.130849110282103,3392534112.11863,54354032.9357827
2017-12-02,0.135290045772832,3507674559.84146,42520482.6866604
2017-12-03,0.131928545432995,3420520703.41699,33634685.3082435
2017-12-04,0.136318229854403,3534332361.0504,73582496.3415025
2017-12-05,0.131266070674367,3403344673.62041,50109378.7410912
2017-12-06,0.128998005781454,3344540395.15708,71389916.560964
2017-12-07,0.113499775677648,2942716690.04155,63143994.7068038
2017-12-08,0.119771110477752,3105314029.77127,72541326.961392
2017-12-09,0.122069680246509,3164909210.30234,63562094.4422698
2017-12-10,0.110753179803104,2871505505.06286,44638620.0146595
2017-12-11,0.120168304834103,3115612115.86568,39074223.8449904
2017-12-12,0.133573902305472,3463179987.1099,62282284.1916909
2017-12-13,0.134376501748155,3483989039.4741,62897525.7246977
2017-12-14,0.217011359286374,5626468819.76509,237044480.930081
2017-12-15,0.217634409481701,5642622686.12803,213587305.957
2017-12-16,0.408204448101932,10583545519.8641,669971136.228786
2017-12-17,0.475589482657346,12330642063.9879,590821285.865066
2017-12-18,0.506894865185778,13142298925.0217,227825786.869163
2017-12-19,0.547831246289424,14203659365.4663,275998423.608346
2017-12-20,0.492296744072274,12763812409.1896,184667810.643851
2017-12-21,0.497934077786734,12909971958.0506,168394697.068554
2017-12-22,0.414617118807978,10749807285.5968,152919286.608756
2017-12-23,0.43637378035081,11313893784.0892,90412317.6401021
2017-12-24,0.406643144559958,10543065492.8002,69345060.1550332
2017-12-25,0.424664376944429,11010303256.014,125437694.646658
2017-12-26,0.449756880487314,11660878365.3454,97612771.3899792
2017-12-27,0.430559657117027,11163150600.8902,84684312.3121579
2017-12-28,0.429505402037996,11135816855.0912,86905712.0561081
2017-12-29,0.545309043550218,14138266037.1358,288839195.142621
2017-12-30,0.67857929095975,17593573142.3395,674814233.64492
2017-12-31,0.767634603799483,19902516520.1189,312335398.065627
2018-01-01,0.74714042363643,19371162465.4129,150103426.408784
2018-01-02,0.807430250865508,20934301068.7051,290148321.463177
2018-01-03,1.0754011011838815,27882000207.037376,672172539.6566188
2018-01-04,1.1793470150411156,30577013247.750748,587865819.6221813
2018-01-05,1.0778211835149425,27944745852.34255,507435198.65038526
2018-01-06,1.093780172480279,28358515684.962,311308025.14994603
2018-01-07,1.0528536805180455,27297411640.984287,231753940.09091625
2018-01-08,0.9418999315467624,24420705964.95028,271755252.7481392
2018-01-09,0.8662015396561794,22458068418.789967,214077772.7742139
2018-01-10,0.8164417056119962,21167941691.567257,241226048.655068
2018-01-11,0.7274617292991923,18860951569.23562,240846066.2080468
2018-01-12,0.9623286418063228,24950362576.850266,400879519.0712368
2018-01-13,0.9379071855617376,24317185758.156223,324020183.0705352
2018-01-14,0.8418895265838228,21827729140.9422,164758594.71964398
2018-01-15,0.8224040744826202,21322528449.849503,223039389.0742617
2018-01-16,0.6382177391603058,16547116341.812134,182356185.24944827
2018-01-17,0.6495671614349702,16841373613.692904,197027150.9364225
2018-01-18,0.671356127214076,17406297666.39785,147757610.9196817
2018-01-19,0.6657514508348865,17260984826.57194,106464152.84363754
2018-01-20,0.7340009347332741,19030494009.787533,109953899.26112776
2018-01-21,0.6290330817666664,16308985081.69988,67487204.52579968
2018-01-22,0.5813511689714357,15072732765.27117,68808151.80195066
2018-01-23,0.5648508617693447,14644928136.54389,62623864.032755
2018-01-24,0.6248776332409309,16201246474.65611,120247479.6672865
2018-01-25,0.63963832722956,16583948028.889128,113543205.04626425
2018-01-26,0.6206010251818365,16090366555.84459,86436298.9524816
2018-01-27,0.625463721730052,16216442032.255064,45494958.25187341
2018-01-28,0.6305763664855509,16348997933.466618,51114212.4658298
2018-01-29,0.5924707176465416,15361030088.121368,54376792.26218041
2018-01-30,0.5879492074894594,15243800575.340412,54034613.73016621
2018-01-31,0.5017165694625461,13008040886.538809,60904687.425443225
2018-02-01,0.4994619104070018,12949584182.16657,58966605.09924155
2018-02-02,0.4119200515617169,10679880232.857231,86000222.89314842
2018-02-03,0.3999028474894724,10368309335.206608,165611115.0587108
2018-02-04,0.448042724772298,11616435329.209091,138106828.2680116
2018-02-05,0.3950650986060549,10242880678.661112,83335835.56425951
2018-02-06,0.3100116180114175,8037693087.781534,69466413.88385011
2018-02-07,0.3599758232654266,9333118561.777338,108155653.23330273
2018-02-08,0.3302548684669698,8562541270.261039,58421560.15245855
2018-02-09,0.3423716700897969,8876694440.63103,23763678.04443676
2018-02-10,0.3772460072631502,9780883840.490557,58814949.31485622
2018-02-11,0.384454867565513,9967788470.048504,93596129.66884984
2018-02-12,0.3551576922387197,9208198538.78658,32670730.6698983
2018-02-13,0.3719208342226599,9642817703.442707,49329420.43797007
2018-02-14,0.3547574424696075,9197821234.78999,50797813.49232494
2018-02-15,0.3857435302660573,10001199718.785206,62947697.4322393
2018-02-16,0.3909104389882274,10135162525.688318,53183519.86476815
2018-02-17,0.3907621379870917,10131317515.171017,57409442.88684969
2018-02-18,0.4147553768689065,10753391912.094912,78769451.8548117
2018-02-19,0.3688041225665693,9562010500.488642,49090687.34698211
2018-02-20,0.3736649831599067,9688038375.967484,47764084.92534232
2018-02-21,0.356180850400875,9234726032.628311,61634100.15150636
2018-02-22,0.3154844158276566,8179586702.803375,38964450.40899637
2018-02-23,0.3173495150371504,8227943261.568291,39605926.75760744
2018-02-24,0.3254941770922184,8439110489.178212,47102348.274124
2018-02-25,0.302825129036927,7851368481.219357,30548017.68370288
2018-02-26,0.3320578669828895,8609287739.963198,71917005.91648917
2018-02-27,0.3285906592409475,8519393200.267969,59971698.44694244
2018-02-28,0.3300885506885125,8558229137.487253,43595311.86369452
2018-03-01,0.3058062343297469,7928659808.4275055,42777371.55424273
2018-03-02,0.2998293451647896,7773696581.449849,69019786.03707635
2018-03-03,0.2914111343427157,7555437035.662185,49647483.4040188
2018-03-04,0.2897399328539955,7512107676.780925,50351067.00850581
2018-03-05,0.296097287595342,7676935261.594904,41440713.6573949
2018-03-06,0.295174085999329,7652999348.694283,75174582.89098623
2018-03-07,0.2783428153745728,7216613807.962062,42013215.80208878
2018-03-08,0.2445718782229673,6341032338.29802,60496864.483182766
2018-03-09,0.2157388964518391,5593477586.097112,42272553.65150654
2018-03-10,0.2112497822671865,5477088005.978487,49682507.70846075
2018-03-11,0.2050189201992223,5315540005.62983,34399754.649275176
2018-03-12,0.219994536454585,5703813864.632639,32635606.518353745
2018-03-13,0.2245421772203417,5821720867.547898,195011717.0893642
2018-03-14,0.221590155182131,5745183583.933478,104229952.93572284
2018-03-15,0.2002771150494942,5192598889.0353775,146577842.11683223
2018-03-16,0.1873430230133917,4857255772.470365,213685102.24859965
2018-03-17,0.1820679067991039,4720487462.286379,103318371.34400854
2018-03-18,0.1580401216919281,4097517382.940725,84174499.43206845
2018-03-19,0.156052591009824,4045986534.749374,206870346.72490236
2018-03-20,0.1946366304271766,5046357646.364046,333093443.50647795
2018-03-21,0.2037563547166832,5282805381.305196,259733129.07825556
2018-03-22,0.2158819605445511,5597186818.920311,271312135.784416
2018-03-23,0.203775309943145,5283296834.798735,209925461.77157533
2018-03-24,0.1892875654559143,4907672061.541784,150987639.6481656
2018-03-25,0.1891168881890883,4903246900.005553,138676434.73697916
2018-03-26,0.1848561693379058,4792778941.808358,63276264.759483166
2018-03-27,0.1678051228600666,4350695257.030703,122615730.54298866
2018-03-28,0.1556751611121566,4036200883.1694,110269538.20591126
2018-03-29,0.1599027124396882,4145808904.641328,63290185.10698185
2018-03-30,0.146256324869592,3791998051.5225577,107780151.34550272
2018-03-31,0.1467209006132243,3804043139.597956,124911837.8059389
2018-04-01,0.1555319612083806,4032488129.163164,118207280.74721052
2018-04-02,0.1516447663657668,3931704554.283765,104945875.8067423
2018-04-03,0.1565031685949121,4057668691.5807934,106347391.59841216
2018-04-04,0.1728621026638248,4481807929.111985,164704238.6773934
2018-04-05,0.1556924019340191,4036647887.1739626,160515627.58868685
2018-04-06,0.1501864701178136,3893895204.597785,118224971.95898
2018-04-07,0.1443869833475578,3743531502.0211625,52008384.42358814
2018-04-08,0.1481315168184789,3840616285.4536366,50524949.52993911
2018-04-09,0.1562199153361142,4050324764.359821,52462507.8058501
2018-04-10,0.1532177813959485,3972488225.928621,96981159.38350403
2018-04-11,0.1564586165326615,4056513587.1202087,59572017.20180404
2018-04-12,0.1658109022451481,4298990958.479379,99285298.20283522
2018-04-13,0.2128505490567555,5518591199.44653,508525215.26455766
2018-04-14,0.1989324584327706,5157735882.084197,229098350.79432327
2018-04-15,0.1995465773527809,5173658186.642023,115064004.01824924
2018-04-16,0.2210553855137597,5731318573.020033,172115119.08966485
2018-04-17,0.2562047324032601,6642638169.188739,698342753.8536612
2018-04-18,0.2434626412759414,6312273073.729124,534960843.527335
2018-04-19,0.2605175569125585,6754457074.459333,186344034.7044184
2018-04-20,0.2725109430119257,7065410441.847096,243857941.7876577
2018-04-21,0.2943787679831131,7632379082.387709,325740024.75244725
2018-04-22,0.291419684042092,7555658704.320992,300403083.7770018
2018-04-23,0.2842078073784546,7368675869.351509,162687316.44505146
2018-04-24,0.2876005132930135,7456638794.912968,131169435.71201216
2018-04-25,0.313285804426131,8122583149.910371,371680030.0340335
2018-04-26,0.2698223219239078,6995702373.248101,355475589.75443107
2018-04-27,0.2935381562200072,7610584481.910591,231323098.7181208
2018-04-28,0.2893034991362236,7500792228.995092,204407851.1241373
2018-04-29,0.3558233069903672,9225455979.40368,675280301.4959607
2018-04-30,0.3630501771379834,9412827551.489891,663808565.6062096
2018-05-01,0.3411955738264736,8846201709.85237,306764418.34950644
2018-05-02,0.3563453648234993,9238991409.668213,380935416.1030048
2018-05-03,0.3694644800006757,9579131634.26301,272233287.7254925
2018-05-04,0.371949748180423,9643567357.665165,165672728.6186824
2018-05-05,0.3587821424432725,9302169914.90149,177767683.04017678
2018-05-06,0.3653131910977926,9471500874.054344,143983962.4963489
2018-05-07,0.3490313903149594,9049361476.672165,154299592.84205535
2018-05-08,0.3342833310025855,8666987502.581638,178306891.70142052
2018-05-09,0.3218179391155529,8343796407.84273,85389551.73248023
2018-05-10,0.315994256595777,8192805380.361582,97252505.47965546
2018-05-11,0.2952956691800233,7656151644.396378,123637937.87470897
2018-05-12,0.2612810994034079,6774253494.478348,350849593.74475926
2018-05-13,0.2712009446026248,7031446020.6844845,266175944.38848415
2018-05-14,0.2855742919906406,7404104812.280748,187036760.62811247
2018-05-15,0.2739445438054828,7102579510.744984,164701733.27505264
2018-05-16,0.2591704032730781,6719529327.023004,98957494.7707214
2018-05-17,0.2559644419520112,6636408141.7096,113660462.1292555
2018-05-18,0.2435174853137205,6313695018.965212,84378691.16425724
2018-05-19,0.2422575312162181,6281028100.204625,54721647.130516976
2018-05-20,0.2397813759170122,6216828647.09907,43595675.7642828
2018-05-21,0.2544319090671475,6596674053.501935,107667684.07001844
2018-05-22,0.2480612442676612,6431501377.871701,87861811.37301709
2018-05-23,0.2244522296332869,5819388790.113605,80490595.0391963
2018-05-24,0.2007589543949209,5205091571.732241,83690006.16599889
2018-05-25,0.2081062922351994,5395586518.183658,136489355.0720591
2018-05-26,0.2008677611011167,5207912610.878786,85060735.5650126
2018-05-27,0.1964200553881867,5092596631.127384,64213336.97658688
2018-05-28,0.1934241426435206,5014921390.070732,62696530.77495711
2018-05-29,0.1748198179476471,4532565751.368966,96436638.14291546
2018-05-30,0.2032185287505041,5268861129.542903,195367772.22267976
2018-05-31,0.2120167654201835,5496973632.287698,231891894.5694332
2018-06-01,0.2243558115711746,5816888952.216082,210587950.4845777
2018-06-02,0.2220094649973021,5756055059.088694,133880171.88784516
2018-06-03,0.226608778002016,5875301771.788253,119984983.16485871
2018-06-04,0.2264398439204554,5870921805.939359,119438315.48920846
2018-06-05,0.2137174596810844,5541067652.353646,118932865.68915962
2018-06-06,0.2193392013446901,5686822945.012366,126118003.3137987
2018-06-07,0.2152478037701155,5580744991.497369,87531548.7081063
2018-06-08,0.2092254472703099,5424602929.721927,78553211.8830692
2018-06-09,0.2043456469105488,5298084001.583041,72235000.98317525
2018-06-10,0.2001045407220412,5188124542.274455,51331885.07388687
2018-06-11,0.1770055646322993,4589235759.840144,140182776.98293754
2018-06-12,0.1810125411787626,4693124923.404409,94615123.95432249
2018-06-13,0.1661614302504176,4308079122.7975445,85228066.31990448
2018-06-14,0.1606008400519915,4163909308.490041,107052294.6462616
2018-06-15,0.1717125874870519,4452004368.039293,204772329.27416345
2018-06-16,0.1621543145838233,4204186352.25583,76574765.2461011
2018-06-17,0.1623555204251968,4209403030.29778,43419330.57645237
2018-06-18,0.1602150502670773,4153906909.5237303,36508695.43851493
2018-06-19,0.1634923916606105,5086654525.278563,58000555.61427439
2018-06-20,0.1666453240422646,5184750085.592651,73982112.71644957
2018-06-21,0.1616687631736119,5029916911.976811,85641307.72728695
2018-06-22,0.1583087213871422,4925377663.485355,42401057.602429606
2018-06-23,0.1404848839013126,4370833793.374682,81070695.97759181
2018-06-24,0.1387831581471843,4317888876.977662,40640076.43475348
2018-06-25,0.1321353596808119,4111059349.262947,76993945.57795139
2018-06-26,0.1351572909584158,4205079139.738666,60914268.91840328
2018-06-27,0.1260528947387784,3921818752.1440983,33825704.583285004
2018-06-28,0.1270055822446514,3951459227.543009,40143616.64135134
2018-06-29,0.1195151259426299,3718412520.854829,42471511.56333405
2018-06-30,0.125122780422208,3892880584.750777,70704522.63691038
2018-07-01,0.1378270993142879,4288143511.2185006,109337178.07661045
2018-07-02,0.1415041880034795,4402546876.602955,112348377.83276968
2018-07-03,0.1535919421616875,4778626942.254823,130902702.74070089
2018-07-04,0.1498561094860915,4662395905.4953165,108874472.99145465
2018-07-05,0.1508083992441361,4692024005.971024,89312435.47101304
2018-07-06,0.1474433176939668,4587327957.908843,75502631.23733914
2018-07-07,0.1454440210048545,4525124870.366038,71050257.75359368
2018-07-08,0.1480382719582972,4605838463.322896,50678197.15112288
2018-07-09,0.1453276872770748,4521505439.04668,50052280.22756609
2018-07-10,0.1396550468627014,4345015501.25221,43350203.387002125
2018-07-11,0.1286690973563065,4003215315.912768,63780388.6028103
2018-07-12,0.1312753078323177,4084300999.331908,51858453.66842318
2018-07-13,0.1268467804212572,3946518508.2508974,38798934.368141934
2018-07-14,0.1371808897608521,4268038326.4091306,97185026.1945133
2018-07-15,0.1368308255125534,4257146957.8588233,56758192.09310758
2018-07-16,0.1421286225449442,4421974586.686708,51504850.00204744
2018-07-17,0.1594957478395647,4962309005.760744,123611130.34070894
2018-07-18,0.1709462351642068,5318562116.83789,150632561.88003966
2018-07-19,0.1792564213956828,5577112658.37009,327859302.64698696
2018-07-20,0.1810330570604819,5632388208.212688,222316375.21586117
2018-07-21,0.1622908407420376,5049271290.773079,215935098.36805293
2018-07-22,0.1631348445620784,5075530346.665262,130500992.65123788
2018-07-23,0.1696671106012556,5278765373.51275,141054329.93714854
2018-07-24,0.1644406706730288,5116157841.492552,146409700.63389733
2018-07-25,0.17285389722809,5377914223.510212,196859871.40956587
2018-07-26,0.172129232896692,5355368115.626089,131393725.00354531
2018-07-27,0.1647165169284622,5124740103.87938,91064087.2477426
2018-07-28,0.1651333228458072,5137707971.5831375,104268002.31862088
2018-07-29,0.1635144350228601,5087340349.048101,50480410.91059892
2018-07-30,0.1633441131860063,5082041213.514109,48132238.69248357
2018-07-31,0.1538614020915764,4787010510.186205,74698278.39363481
2018-08-01,0.1430651671284743,4451112815.662083,99077327.12028484
2018-08-02,0.140928856490804,4384646883.748479,90178073.48186134
2018-08-03,0.1317164833234144,4098027065.024848,76242224.64208187
2018-08-04,0.1301167880895125,4048256571.621794,89947943.98501141
2018-08-05,0.1269342201174814,3949238974.4571247,66524246.4388209
2018-08-06,0.1309873815891419,4075342898.511921,53162936.65637276
2018-08-07,0.1302587811039057,4052674327.101942,66660235.96311728
2018-08-08,0.1251620710913807,3894103015.092145,67821011.04058647
2018-08-09,0.1144693632648366,3561426307.014625,100878371.98117895
2018-08-10,0.1232065213026517,3833261002.315823,117174724.77672382
2018-08-11,0.1156688188798108,3598744351.4190693,106177876.12407196
2018-08-12,0.1111332815392152,3457632515.548429,101671731.1737532
2018-08-13,0.1123465606712602,3495380643.915492,64129653.20075746
2018-08-14,0.1039424490906965,3233907851.4019337,72874925.28251752
2018-08-15,0.0945872831199803,2942845393.7772417,141265235.71061143
2018-08-16,0.094589623029206,2935686756.6636543,107262392.82728326
2018-08-17,0.0951644172525011,2960108997.307976,57527997.87884952
2018-08-18,0.1099127751562016,3419659529.446576,118693524.22822942
2018-08-19,0.0996565461220359,3100562761.095236,109323815.31372096
2018-08-20,0.1024433180614076,3187266160.2708416,54534210.09363542
2018-08-21,0.0938295430316675,2919270216.9139543,55330631.76562017
2018-08-22,0.0948930376229023,2952926214.598613,53931658.2448658
2018-08-23,0.0899467810620708,2797856425.970636,70752219.33720112
2018-08-24,0.09234223334002,2872996316.9687214,42398603.84215274
2018-08-25,0.0942767422911214,2933435848.177201,39339909.76862817
2018-08-26,0.0944783102100631,2944391514.6778374,34263617.56409678
2018-08-27,0.0933299902786233,2892182364.4038644,30483200.13459168
2018-08-28,0.1009157509098473,3132235466.034172,62948151.71236462
2018-08-29,0.105695436066807,3288447631.7808075,91666529.46681891
2018-08-30,0.1053327190471163,3284313693.998932,94067635.22343428
2018-08-31,0.1008939183286892,3145985259.465431,74150720.91222401
2018-09-01,0.1022295248172312,3180792979.820028,50496644.8231354
2018-09-02,0.1074236565593402,3342177673.128671,79478343.31776854
2018-09-03,0.105546660980027,3285356397.462127,67143765.819576
2018-09-04,0.1036232933115967,3221965153.2290845,47835565.1473669
2018-09-05,0.1052934125381509,3275947567.004889,56377369.89244925
2018-09-06,0.088588942676832,2754520362.80453,105140724.83482462
2018-09-07,0.0884495417977143,2751886526.2543106,91513177.25916453
2018-09-08,0.0833028319965292,2591797898.347765,48624757.18179719
2018-09-09,0.0778486882199512,2421433166.5035315,43510093.872598685
2018-09-10,0.0763930015779822,2376844835.393193,56659982.71117152
2018-09-11,0.0734198877083801,2281645616.868315,51745441.935056925
2018-09-12,0.0702499991957208,2186171740.7328305,59524268.98831903
2018-09-13,0.0666383630175863,2073257856.0413413,110527608.63344006
2018-09-14,0.0698989133046333,2176534288.576576,98333779.6280168
2018-09-15,0.0681111995449902,2124660084.5886688,74151647.66045076
2018-09-16,0.0693353336625216,2156768492.834292,43581137.00595768
2018-09-17,0.0699268514992575,2175598093.6137733,41967155.97813777
2018-09-18,0.0637037136932082,1980644946.9797056,57130960.76322641
2018-09-19,0.0692605758774991,2155140506.726793,83881538.29306856
2018-09-20,0.0720870889212002,2242808447.23568,111424352.96016262
2018-09-21,0.0811617989719958,2525145224.3579583,124799450.5067086
2018-09-22,0.0879380249500128,2735970451.0568385,237757692.092272
2018-09-23,0.0836826194768159,2603147398.429438,95179373.2643054
2018-09-24,0.0899061804097524,2800887024.0041494,171440269.24139485
2018-09-25,0.0827761479417328,2575307558.499323,100776019.308128
2018-09-26,0.0809812040081372,2519526466.3177624,107058582.67390074
2018-09-27,0.0791666232277708,2465244036.7485533,60636381.98583224
2018-09-28,0.0863093004638132,2680098108.3753223,117104619.72241764
2018-09-29,0.0840246615504315,2614760090.460809,103511766.41913211
2018-09-30,0.0845826045812464,2633828107.817681,65434385.08817968
2018-10-01,0.0851689126666457,2649312387.0925603,55038544.9763072
2018-10-02,0.0845858021415906,2634535632.570161,46007641.05542681
2018-10-03,0.0823317525558209,2561902549.1837306,38692069.56610032
2018-10-04,0.0808861377221563,2521205770.794847,44367995.96346713
2018-10-05,0.0814579573808286,2534359448.305555,37175338.87888529
2018-10-06,0.0831980095140703,2588000719.266933,36985087.84291301
2018-10-07,0.0814949667558133,2535335484.843443,30796838.80159045
2018-10-08,0.08461141159382,2632395151.45307,39755155.1452532
2018-10-09,0.0868706992921247,2703175710.1622486,74139669.31585167
2018-10-10,0.0864279176169485,2688659833.622341,44136284.92252085
2018-10-11,0.084860436497442,2640954970.558747,42325366.817071065
2018-10-12,0.0710032139888864,2207564898.371598,88703081.84836785
2018-10-13,0.0735350186977886,2290190996.472146,49520957.42368013
2018-10-14,0.0737596605711753,2294790703.0837007,28192825.38727785
2018-10-15,0.0716788577598449,2232538534.566345,31486256.065384906
2018-10-16,0.075713861525043,2353322757.9909315,85926739.48469225
2018-10-17,0.0770014364687893,2395478887.717165,31081051.513690416
2018-10-18,0.0787684639649694,2450912179.8896694,42942238.57123547
2018-10-19,0.0757985718826245,2358742832.427716,32405176.84181558
2018-10-20,0.0764118549310858,2378591176.688246,21043642.612399008
2018-10-21,0.0772671830734098,2404000556.032303,26589022.41243931
2018-10-22,0.0765381466863317,2381443090.771206,19516454.85534636
2018-10-23,0.0765276728583467,2380966046.799423,22081790.775327437
2018-10-24,0.0750010899089023,2333470258.223991,31022218.39675692
2018-10-25,0.0746809650312879,2323510377.88441,26243527.814743724
2018-10-26,0.0743240599265441,2312350096.010432,25776852.92396464
2018-10-27,0.0741825445574258,2307973630.484609,30519539.380356006
2018-10-28,0.0729560413357121,2269911926.30423,27144868.05053285
2018-10-29,0.0734824497331786,2285317104.74122,29318523.853630416
2018-10-30,0.0696841779330548,2168080441.722498,47327062.21127391
2018-10-31,0.069995559801416,2177662436.487608,32346620.18546746
2018-11-01,0.0704451854864405,2191647000.860467,30032063.72674098
2018-11-02,0.0710370119849948,2210833506.6561737,29976386.26473465
2018-11-03,0.0731715310926549,2276564683.51858,38683460.26038865
2018-11-04,0.071733427020752,2231956706.192239,34685386.42313807
2018-11-05,0.075732711084085,2357557057.604241,98787496.27417962
2018-11-06,0.0762554969808296,2372497978.989162,81082046.23373498
2018-11-07,0.0808972980796321,2513450132.0489936,100455935.2228888
2018-11-08,0.0789706746128053,2457743038.468545,72024624.75692892
2018-11-09,0.0769958403274169,2400407638.524341,57360574.310546085
2018-11-10,0.0746651938993615,2323758501.992876,37538606.35841154
2018-11-11,0.0753744695084059,2338246519.25416,18530875.478822857
2018-11-12,0.0768232908694633,2390163457.63137,37089205.09042082
2018-11-13,0.0763812782153395,2376411345.716606,37244675.53754044
2018-11-14,0.0741255914820559,2307587679.804429,33339738.538325384
2018-11-15,0.0655604399903395,2039748182.5844424,93846877.98838012
2018-11-16,0.0639494378781786,1990825176.6466649,79764127.5112956
2018-11-17,0.0613980012648168,1912099868.4340043,57998716.5090319
2018-11-18,0.0610846347338182,1902941574.8670275,27948586.00985948
2018-11-19,0.0620663561763538,1931136308.422093,26328644.035761617
2018-11-20,0.052935797833656,1653110423.8348863,80083328.29811147
2018-11-21,0.0453700315680468,1400510010.361058,97255026.33840229
2018-11-22,0.0481163777176863,1497665041.7953606,63453500.19850547
2018-11-23,0.0438882935764427,1378016442.09888,35963524.46066667
2018-11-24,0.044253370810228,1376832319.8669653,42790645.01345861
2018-11-25,0.0387222423433126,1204780716.4357283,44822438.348696746
2018-11-26,0.0381503685163341,1186952754.7036884,64818093.35038185
2018-11-27,0.0361054067567888,1128573226.5397682,52775767.163194485
2018-11-28,0.0366961618855939,1141712636.3755417,34756609.833035775
2018-11-29,0.0420432852747687,1309683378.129645,73417017.97782557
2018-11-30,0.041841984794132,1300488688.4848402,68947905.07332909
2018-12-01,0.0390598986798072,1214174049.5144472,47948790.0261666
2018-12-02,0.0414398561837789,1292067447.2967343,36918151.0307776
2018-12-03,0.0415025884208879,1289518010.2954383,40133607.702426136
2018-12-04,0.038869852691613,1211960522.057314,37504655.85944246
2018-12-05,0.0375918004507748,1169458431.3039546,37061957.40634627
2018-12-06,0.0344625967944051,1074131854.8499815,38312801.362281136
2018-12-07,0.0305120318399588,949289949.0830094,38102028.72042046
2018-12-08,0.0297322056507995,920350290.5265232,55396612.93946601
2018-12-09,0.0303880271095465,943243023.4964898,38193837.00071071
2018-12-10,0.0313347552523914,975080539.8697934,31670290.098473325
2018-12-11,0.0297651255432817,926561842.7642256,24273563.308994453
2018-12-12,0.0293381504459937,914570155.6769274,19522549.34129131
2018-12-13,0.030274979133229,941930102.1353782,20225412.691844936
2018-12-14,0.0290656453818601,903827129.4741586,20222699.19457392
2018-12-15,0.0282949755843892,880783985.3278568,17868475.671969645
2018-12-16,0.0276899998532002,861676702.4983927,14545306.531592358
2018-12-17,0.028878524789671,900504999.1701517,19160146.728194
2018-12-18,0.0322455591943237,1004878991.2148098,52974247.87944216
2018-12-19,0.0345553600800836,1074756180.6773453,98129197.0093966
2018-12-20,0.0348970629704424,1085366192.4291987,74737204.01928018
2018-12-21,0.0388802585508371,1199835202.7557678,77441585.7094756
2018-12-22,0.040443056235332,1258909130.372032,133155437.3481306
2018-12-23,0.0416207045730986,1293383283.2043924,66346799.15062438
2018-12-24,0.0437960832181133,1361660638.459207,72520518.82075858
2018-12-25,0.0453023275928266,1413864024.6845222,101879715.71758206
2018-12-26,0.04075683695477,1267316261.8678489,73794109.00148542
2018-12-27,0.0404774869069017,1259194587.0212593,45342211.88985252
2018-12-28,0.0372444626742932,1160651701.2339704,42655678.8551302
2018-12-29,0.0408637637558495,1271373222.431639,42206777.41283775
2018-12-30,0.0406367502733859,1305744091.5748289,44315928.15397184
2018-12-31,0.042738421279769,1328117219.6788132,50126345.50057103
2019-01-01,0.0405371797302596,1261212381.9498465,39848087.72002866
2019-01-02,0.0419102393965122,1303853661.966642,28425239.84936065
2019-01-03,0.0447145090431127,1391808205.6938677,43321551.76950851
2019-01-04,0.0420067882070891,1307372469.3041666,39412155.33175317
2019-01-05,0.043253513676131,1345613019.4569228,33701219.84912106
2019-01-06,0.0442038245126525,1374212784.4979184,43293703.89336234
2019-01-07,0.0484494810064634,1507173809.5645516,81335647.59441182
2019-01-08,0.0473880995227282,1475778727.0006564,78333814.79200187
2019-01-09,0.0478321125990734,1493527571.9272437,62710757.66569317
2019-01-10,0.0513793424962234,1597721781.873208,84845665.60089022
2019-01-11,0.0439606784985554,1364905851.8941762,125760658.31823196
2019-01-12,0.043339200170543,1345475396.1491845,63187944.16229059
2019-01-13,0.0430680011397268,1340199998.9334278,38928056.39160119
2019-01-14,0.0395706831878957,1228609037.9676828,36923377.86663759
2019-01-15,0.0434219696959126,1349921731.8845065,46991904.8007332
2019-01-16,0.0422070646387921,1312610496.9720254,44720875.31453265
2019-01-17,0.0441243887541304,1373439554.0270956,55013701.89921163
2019-01-18,0.0447269952980341,1391343341.6047573,60179613.104692645
2019-01-19,0.043734276708546,1360373389.2831323,36466188.48017476
2019-01-20,0.0451071770362137,1403904599.9661992,40905023.30284591
2019-01-21,0.0429194591760651,1336300026.6140635,42961757.03943709
2019-01-22,0.0425329929494923,1323846308.840479,31403250.11092524
2019-01-23,0.0432561681942047,1344851595.9029243,37271610.77162003
2019-01-24,0.0426216561799516,1326065623.4858377,26155328.970643435
2019-01-25,0.0427062030630348,1329785868.600041,24319382.871368237
2019-01-26,0.0423753499905408,1318405189.4666877,22993374.156122435
2019-01-27,0.042400539088904,1319310449.0036666,23459405.913037308
2019-01-28,0.0409175217958689,1272424761.133311,31462595.49493724
2019-01-29,0.0384500363463045,1196276165.4625423,47046465.61052532
2019-01-30,0.0379705697409546,1181459627.449577,32538836.95817334
2019-01-31,0.0394161218108778,1226333484.6458025,37062014.79782128
2019-02-01,0.0381578928586053,1187186855.6870704,30894039.17470899
2019-02-02,0.0386529849788837,1204019830.177881,31452647.05478662
2019-02-03,0.0390224226397988,1207406299.982895,21458195.77550438
2019-02-04,0.0380745295297853,1185975550.274145,20436393.898442607
2019-02-05,0.03795520809563,1180880829.111025,20337416.673156355
2019-02-06,0.0379627340307744,1181114979.6526527,21305756.414824136
2019-02-07,0.0367259740366061,1142636303.3233032,28173078.13361925
2019-02-08,0.0364118912910519,1133031277.2385428,22393690.19264841
2019-02-09,0.0407318388135222,1267268709.6890569,46082836.569584064
2019-02-10,0.0411756794310028,1281077694.0856955,34562994.1124355
2019-02-11,0.0427033008470911,1328605791.9386418,37213644.13176648
2019-02-12,0.0416432946414418,1295626365.1407132,32386541.02371606
2019-02-13,0.0417218155735103,1297644168.2918518,27814367.31660506
2019-02-14,0.0410459029742132,1277040026.066414,24731847.7548898
2019-02-15,0.0403723409092234,1257061956.9027617,22479338.916937955
2019-02-16,0.0404392784440238,1257893520.214741,24067155.33268116
2019-02-17,0.0410041782714106,1275741866.8911092,20807250.453483205
2019-02-18,0.0415329492286332,1295427858.389718,27282504.033098277
2019-02-19,0.0453591946994204,1411237248.6406424,57438978.33749562
2019-02-20,0.0459008929936081,1428090828.5013225,67584583.51939453
2019-02-21,0.0473225438620641,1472648246.507061,49774298.347862
2019-02-22,0.0448296475439902,1394761720.8979893,42954299.49993111
2019-02-23,0.0458336812371471,1429215107.7913744,32119107.47977891
2019-02-24,0.0482397979016702,1500859971.5418594,47397198.77727685
2019-02-25,0.0419810562936547,1317346490.265525,75083200.67640215
2019-02-26,0.0435145336365539,1353845259.6451354,47206343.601244256
2019-02-27,0.0428605931155492,1333499545.2259796,33331022.66092489
2019-02-28,0.0430242078861101,1340877352.4406545,32087203.17884253
2019-03-01,0.0427940036698597,1331427782.1193776,27869743.404852327
2019-03-02,0.042910051760792,1334243806.6678357,21785753.866402835
2019-03-03,0.0423162758565727,1318787997.3318744,20844377.65153251
2019-03-04,0.0420108647726402,1307062385.203952,21029291.59777737
2019-03-05,0.0401822746595209,1250170403.3857007,32363603.102818143
2019-03-06,0.0428034533476114,1330762949.8479147,37960084.263351336
2019-03-07,0.0425036202099211,1321151583.6117408,33522072.28202578
2019-03-08,0.0426489599559725,1325890786.5651643,34476828.37987063
2019-03-09,0.042376026109739,1317420361.2543752,38664994.48390832
2019-03-10,0.0466487311255752,1451358211.9297943,86993700.4765888
2019-03-11,0.0455229564223172,1415911776.5232966,51354294.78541411
2019-03-12,0.0473495744279128,1480451280.8265526,82116619.15537737
2019-03-13,0.0472120177986642,1469715248.3471603,61983160.85316709
2019-03-14,0.046196136347646,1437571918.3395214,53000333.076304674
2019-03-15,0.0476159484384536,1479446913.042755,46039895.54700088
2019-03-16,0.0498118734459803,1549931684.413521,70787494.18319316
2019-03-17,0.0512332613680972,1594232228.1685922,74845495.23320493
2019-03-18,0.0496879127327416,1546126613.137764,55364282.81391416
2019-03-19,0.0500331417379338,1556854618.367634,59189804.09716701
2019-03-20,0.0519428727190753,1615929154.0461836,76079077.03970908
2019-03-21,0.0532888128779786,1657947372.4696782,83787695.90484549
2019-03-22,0.0526429995722189,1638621366.3447814,110563157.9114089
2019-03-23,0.0577682775470739,1797682146.4044712,187687245.92479184
2019-03-24,0.0634865632944877,1976001729.671846,230447390.6556978
2019-03-25,0.0611184371228623,1902218939.5042632,165136979.71185252
2019-03-26,0.0586379889595699,1825444528.728615,82449862.62894759
2019-03-27,0.0614660102672582,1912322649.5396693,126218530.8989074
2019-03-28,0.0669930164042461,2085490917.9162292,190231033.16212112
2019-03-29,0.0655851261009498,2040501513.483253,139866735.21952033
2019-03-30,0.0719092415901224,2246917340.730892,212983058.7010962
2019-03-31,0.0718131848611085,2234931086.3977423,182155337.53517985
2019-04-01,0.0699846036224428,2174696705.146237,125531038.36643676
2019-04-02,0.0723321326111552,2250534949.5023303,142615945.86230013
2019-04-03,0.0846349411569691,2643388414.9778748,327674511.3356905
2019-04-04,0.09065628317907,2840882113.0424204,481145168.96432215
2019-04-05,0.0871828080478482,2715051077.9800663,341137519.0241108
2019-04-06,0.0903108762955433,2808480733.0355425,237062289.10388905
2019-04-07,0.0898692241206871,2794006323.4093637,203512085.90013257
2019-04-08,0.0900814925644029,2792824469.711656,174484885.92127717
2019-04-09,0.0866761028202895,2697332324.8271747,222589747.6874219
2019-04-10,0.0833658930679053,2593699164.399162,197432272.62434596
2019-04-11,0.08963847209899,2791934582.174268,204490716.0858344
2019-04-12,0.083087429544778,2587364008.2123804,250105632.40661168
2019-04-13,0.0831349751998762,2584989096.795034,185921625.30155295
2019-04-14,0.0834040148790002,2589719878.511384,123765669.50368804
2019-04-15,0.0842716755681566,2620859359.204832,128208294.67265818
2019-04-16,0.0822093907922131,2557136226.9919124,117799275.95286402
2019-04-17,0.0833068860736983,2591965875.91768,105160745.9600942
2019-04-18,0.082735439723579,2576223755.815706,103659370.16947012
2019-04-19,0.0815094290899106,2537199477.7739186,110382965.73238444
2019-04-20,0.0792814086005842,2472129360.904026,144843502.87001476
2019-04-21,0.0762038891664849,2369595754.887332,136815464.5951843
2019-04-22,0.0740000741976291,2301615515.575593,152578410.17837083
2019-04-23,0.0777310479070492,2423028539.104957,162833809.66422448
2019-04-24,0.0742822000330926,2310262161.6084943,174822452.0531332
2019-04-25,0.0720496773142607,2236459283.8235483,165912540.57089877
2019-04-26,0.0693295552251714,2156944993.299561,170331899.39578703
2019-04-27,0.0695927692912791,2151061060.3602896,145817325.34111822
2019-04-28,0.070205557218537,2182464333.004288,102286462.80692092
2019-04-29,0.0685130601604681,2129329332.548205,79444935.64141212
2019-04-30,0.0642631252920074,1999777250.3609805,118785543.06188424
2019-05-01,0.0696471175930992,2163523430.966617,118345782.6087123
2019-05-02,0.0684435729435263,2129155366.222498,153059476.95903873
2019-05-03,0.0680486752691132,2117234656.105523,150318041.30003422
2019-05-04,0.0693618734726555,2154930240.015304,186310266.9426793
2019-05-05,0.0666327963443058,2073037081.0630288,140962190.09442997
2019-05-06,0.0656807663500526,2041852784.294556,148118686.7632148
2019-05-07,0.0664516835162269,2069938543.688164,154332100.8992162
2019-05-08,0.0638828510767421,1990975694.98592,152003841.37795544
2019-05-09,0.0642183900895201,1996354146.7754104,115380635.40484804
2019-05-10,0.0616835133439412,1922238791.7584455,144333254.89852068
2019-05-11,0.0632425762023145,1947276773.149521,161982471.39610782
2019-05-12,0.0766281506083138,2398581543.222971,306602751.3625427
2019-05-13,0.0699855373033309,2174479762.308658,285706502.10042447
2019-05-14,0.0729188424039989,2267014811.532485,230168987.93824708
2019-05-15,0.0842992511424277,2621490905.487821,332365790.58416647
2019-05-16,0.0949071470728111,2946534396.7957697,360409388.0396071
2019-05-17,0.0881720541793896,2729337669.1508408,473945748.4688133
2019-05-18,0.0831518319407004,2593504965.43028,419268318.2666193
2019-05-19,0.0792751127101154,2467980727.718826,241682031.13007343
2019-05-20,0.0866777572171033,2704999271.5429554,276547327.0481134
2019-05-21,0.0847726311252846,2631217917.1617966,261151893.4492497
2019-05-22,0.0845047193988143,2635936005.966586,222533700.3008397
2019-05-23,0.0781289999392898,2430816641.9427247,238153710.1019376
2019-05-24,0.0801382824815423,2491081940.799719,174908198.67820245
2019-05-25,0.0804930248001285,2503012917.70903,171347501.0206014
2019-05-26,0.0802042697411045,2497541503.599133,125997531.35151564
2019-05-27,0.0857033404423288,2661446279.0922184,183825461.0114193
2019-05-28,0.091890182252933,2859830610.053132,257802427.47259971
2019-05-29,0.0929356620310172,2889958019.6142845,248265042.3470401
2019-05-30,0.0909344733376959,2828591820.4408326,250941367.85891935
2019-05-31,0.0848987700847919,2640985616.9751177,331448382.08193713
2019-06-01,0.0897929456572919,2794672967.2028933,277367144.91822064
2019-06-02,0.0906588206295813,2821411350.355185,248203496.8472867
2019-06-03,0.0963788791986031,2994934524.861709,297353290.10191315
2019-06-04,0.0888248755706891,2764973440.2656493,351904178.7642692
2019-06-05,0.0823780055113444,2558656183.340951,227552475.9490182
2019-06-06,0.0832372656416512,2584242198.37648,201853485.0652904
2019-06-07,0.0838600497899535,2610699173.5034714,249770623.6764689
2019-06-08,0.0857738044017736,2671196811.1532965,209735394.75958556
2019-06-09,0.0843024401972525,2622858376.257353,179902940.06106538
2019-06-10,0.0792505408419496,2469204758.85996,190031453.06772795
2019-06-11,0.0854488136947957,2663343982.211626,235859709.3280797
2019-06-12,0.0878737829598374,2742995916.54506,253347634.72266844
2019-06-13,0.0961987611192398,2975683026.844768,376113617.20364136
2019-06-14,0.0898343994124557,2796706743.4341445,348557657.64185214
2019-06-15,0.0902731873432348,2817397668.8695474,309320337.76228714
2019-06-16,0.0915142524816166,2847331607.9208784,274801292.68918175
2019-06-17,0.0922485013513855,2877948520.148884,348312939.7426708
2019-06-18,0.0931382462982466,2896488284.2348585,289880198.2288467
2019-06-19,0.0895859360470754,2783192130.4349365,251155012.2237024
2019-06-20,0.0901607430598065,2801766325.303918,227201840.03856143
2019-06-21,0.0883575881579669,2748199233.276232,302506726.026701
2019-06-22,0.0894849391790411,2782660835.193781,189893730.24152935
2019-06-23,0.0943932127288343,2933643538.64211,325185108.6496123
2019-06-24,0.0965252831057535,3003824360.290797,296516343.5103329
2019-06-25,0.0976865242030263,3031937323.81649,212523520.59521064
2019-06-26,0.0967505952769944,3005189236.994673,328043140.0077645
2019-06-27,0.0978765790645551,3044379770.128304,671946279.164299
2019-06-28,0.086382254078642,2685995312.9360614,425821930.8758738
2019-06-29,0.0890461299180445,2763836871.007907,418527931.38976073
2019-06-30,0.0904597214396737,2815098679.120193,346418708.93438005
2019-07-01,0.0833082843015533,2571108566.877609,337900612.3627363
2019-07-02,0.083677701861407,2601220003.7512603,349024670.3840098
2019-07-03,0.0808848535582937,2508983263.5802903,360130368.67133296
2019-07-04,0.0827285980601328,2574110651.856144,321767772.31681174
2019-07-05,0.0789051712012718,2450389762.4538803,271096158.74449724
2019-07-06,0.0763416313258729,2374193617.599052,281659364.1326728
2019-07-07,0.0774725854156618,2412564608.183136,311096812.3153187
2019-07-08,0.0797018230848796,2473664824.1434264,283632330.84826064
2019-07-09,0.0803035830409514,2494041314.5068035,264778872.2331541
2019-07-10,0.0779532159765936,2421239430.5849485,270224457.168757
2019-07-11,0.071893365391786,2237805031.6634216,221231598.5723332
2019-07-12,0.0651276142481761,2022544559.0691805,274303313.97290605
2019-07-13,0.0695452492182456,2161637825.879889,270563781.6220112
2019-07-14,0.0671818241171605,2086539190.15002,229698210.9226044
2019-07-15,0.0594657090664437,1853240285.0037355,208552058.8617118
2019-07-16,0.058639660428057,1830497000.865952,272335513.2211476
2019-07-17,0.0521135808218451,1622987702.918755,191797018.55217832
2019-07-18,0.0549399166170747,1709568873.920787,182179811.40635923
2019-07-19,0.0587163758471818,1840798635.8947427,160406339.4962515
2019-07-20,0.0598425660535276,1860783601.038016,123846520.18301462
2019-07-21,0.0630239560608085,1953094143.371671,142341440.6447977
2019-07-22,0.0613127189305356,1908506128.415048,114129502.7054994
2019-07-23,0.059987636321957,1868514715.3943288,137533640.90741175
2019-07-24,0.0556932264170519,1730268750.3536315,132067766.5536967
2019-07-25,0.0563970272105332,1757974757.4392202,321291248.9631394
2019-07-26,0.0583521746363658,1818348081.89906,228185321.40710336
2019-07-27,0.0626096796469952,1946033142.8079376,123191563.96295264
2019-07-28,0.0598518476675877,1862033380.543404,112342864.813092
2019-07-29,0.059443672447409,1853935272.7194529,80607218.93232757
2019-07-30,0.0603342079631871,1871322804.2590332,100780729.6350223
2019-07-31,0.0598331284011022,1861201640.7482712,82533252.62671228
2019-08-01,0.063978798268043,1988646316.7879856,109275867.92471956
2019-08-02,0.0585975591586475,1823387409.1827104,97796321.09804176
2019-08-03,0.0576035980944542,1792264515.594138,106871562.39938858
2019-08-04,0.0575826957649548,1791323846.9824636,96829769.2482592
2019-08-05,0.0562010820947188,1750395515.7439246,100557798.5451551
2019-08-06,0.0564828927954236,1761490516.559929,118562437.32904635
2019-08-07,0.0537644869016425,1669756002.070157,107284678.50501938
2019-08-08,0.0518700085197203,1614046617.123798,99840621.62571304
2019-08-09,0.0525130008031154,1634550495.5988474,113611883.54336438
2019-08-10,0.0476084457994003,1480799454.9126985,98885536.97676484
2019-08-11,0.0519774935228858,1617713769.3221369,122064083.188201
2019-08-12,0.055142333964456,1714947082.3845325,121512163.1095292
2019-08-13,0.0529643192782354,1646774788.164575,96213549.93362916
2019-08-14,0.0528818369930924,1645456062.5378282,114096214.88935168
2019-08-15,0.0468722568468158,1456400422.7742314,125290248.07143985
2019-08-16,0.0475460901691561,1477218184.4392877,102942548.59450716
2019-08-17,0.0466719398026876,1451381909.2079942,99397950.1399107
2019-08-18,0.0473704632494939,1473825286.9820056,90275825.09110436
2019-08-19,0.0506643896276764,1574102763.856537,95155572.1177012
2019-08-20,0.0501945444321306,1562503919.503494,93699314.14282824
2019-08-21,0.0491839920817463,1529354602.6006532,94178598.83667172
2019-08-22,0.0471648033139861,1466956383.6728466,87401192.72974455
2019-08-23,0.0494008052815871,1537475723.913196,110141050.5836043
2019-08-24,0.0497024503663567,1547150136.48775,79481151.89334819
2019-08-25,0.0501623700145887,1562358446.8107417,282623830.3170906
2019-08-26,0.0494509255146661,1538261850.534183,173255575.46409392
2019-08-27,0.0496065003744052,1541925837.90957,146395207.90987897
2019-08-28,0.0499006555817009,1552533380.611005,65378430.064523615
2019-08-29,0.0459684565591089,1429761076.5778046,153253060.25626767
2019-08-30,0.0446075313705689,1394409839.708703,95120388.4174274
2019-08-31,0.0447994628344148,1393356581.470645,115569760.95801896
2019-09-01,0.0448805484520879,1396454704.9680758,96161823.44197886
2019-09-02,0.0444944269849882,1385327625.6654646,57516134.361344784
2019-09-03,0.0453542297914247,1409467876.7763908,72218997.65344046
2019-09-04,0.0465990782621756,1450986674.4294012,90249150.32384388
2019-09-05,0.0454201542652924,1413078045.9517365,68735197.41303329
2019-09-06,0.0444246594224626,1381978247.8320377,77907028.33145447
2019-09-07,0.0443095045917096,1378821430.8564413,74245105.06182222
2019-09-08,0.0458208410484028,1425532107.2667506,67058124.93614473
2019-09-09,0.046525765442367,1447219677.0790892,77249547.09945424
2019-09-10,0.0468122605187159,1458941923.408273,93849643.22445212
2019-09-11,0.0465534381646484,1448065034.157536,78782522.44652644
2019-09-12,0.0448976010578498,1396305546.5241103,80657521.2801906
2019-09-13,0.0453349454198272,1410382172.8827283,67160788.18941116
2019-09-14,0.0457576836247777,1423985160.856117,67183583.02113278
2019-09-15,0.0464532628284154,1446341381.0265086,86110562.96924484
2019-09-16,0.0466360199497725,1450964365.2016687,72942355.66157754
2019-09-17,0.047096484720018,1461137776.075673,81224163.15464924
2019-09-18,0.0490035399925224,1526149911.3615851,126124778.95444794
2019-09-19,0.0527934338047761,1643522854.9302623,207068652.7888454
2019-09-20,0.0525120998265777,1632114826.8229513,182657805.8855778
2019-09-21,0.051982355101088,1615108505.646303,132064958.87925433
2019-09-22,0.0517661926821337,1611102077.634653,106175294.6757798
2019-09-23,0.0492240544898477,1531930997.040778,120575342.7443275
2019-09-24,0.0464045793473444,1443968465.2254727,98946687.12533954
2019-09-25,0.038744916044871,1225092227.8553314,155075819.42614532
2019-09-26,0.0391344520561264,1217544269.684497,177043303.34179452
2019-09-27,0.0379741216498693,1180556899.2261052,144468706.60128018
2019-09-28,0.0391394646350061,1217734494.835308,114031425.5848813
2019-09-29,0.0386906421112895,1203464965.327838,58647511.48034696
2019-09-30,0.0373237321285454,1161234042.780787,63808867.8533511
2019-10-01,0.0387904663177357,1206975603.0621076,79110816.0163777
2019-10-02,0.039347290780581,1224266015.213568,51808391.4005601
2019-10-03,0.0393280269076785,1224952727.2988648,51613487.88675373
2019-10-04,0.0396505992143324,1233789841.8282394,65257248.54635702
2019-10-05,0.0393397803771123,1224796029.661497,64570276.78143775
2019-10-06,0.0396685902386144,1233119018.3519022,54058205.98031183
2019-10-07,0.0388795503997946,1209630555.1816316,54665474.760627605
2019-10-08,0.0413180578544024,1287728387.6484785,88147177.89194928
2019-10-09,0.0411919980337699,1281907528.935139,79990938.54765223
2019-10-10,0.0424807235146366,1321858528.7891831,88561978.4156773
2019-10-11,0.0416249690647452,1294889108.264289,72632590.20551354
2019-10-12,0.04023560566657,1251090236.224886,67125868.66385761
2019-10-13,0.0404195299385123,1257456143.9126596,53975412.40543304
2019-10-14,0.0411902020852975,1279492204.8284326,53252173.95749166
2019-10-15,0.0416455006940889,1295121948.591349,56982292.81645836
2019-10-16,0.0396639409538298,1234126557.146604,66601561.60771834
2019-10-17,0.0385776316637592,1200535132.0961378,68236067.4746184
2019-10-18,0.0393064341093298,1222489144.976478,55851967.902620114
2019-10-19,0.0380506112976428,1183634987.9531126,62072834.501719184
2019-10-20,0.0389729060628189,1211994735.2326007,63601159.797879785
2019-10-21,0.0394803934052508,1227582031.6869776,54084929.65328626
2019-10-22,0.0392077681816436,1220723254.8237329,51333971.33305588
2019-10-23,0.0386931721140209,1203682405.6434596,53449309.58769104
2019-10-24,0.0363792332068769,1131390410.0459204,66873058.62582914
2019-10-25,0.0373487848098119,1162070424.266179,61644667.542372905
2019-10-26,0.0410976043082843,1277391768.1890166,108314215.15643574
2019-10-27,0.0406135054540773,1261609619.2205925,171918663.5903071
2019-10-28,0.0420783901830953,1309163268.4999506,176984967.04304817
2019-10-29,0.0422466541763833,1314837992.128115,147630658.13616166
2019-10-30,0.0433105053706014,1345885735.814715,119288193.94765124
2019-10-31,0.0417465745913924,1297263669.6160228,127353940.02932036
2019-11-01,0.0413614547297981,1287621449.0400736,101243655.01168166
2019-11-02,0.0421768224198174,1312294401.0141115,93476399.24333604
2019-11-03,0.0424567931640789,1321834293.815884,74317534.5026876
2019-11-04,0.0417689648241664,1300808131.15329,59951047.13638442
2019-11-05,0.0430881845941317,1338384758.1926415,95175025.71042784
2019-11-06,0.0441651551552957,1374362634.9848526,120831629.96854769
2019-11-07,0.0447832571636179,1392436755.0392516,105252674.81313646
2019-11-08,0.0434743319884647,1353314630.3875728,95888074.21440896
2019-11-09,0.0422033062801005,1312721813.926848,99387230.8069941
2019-11-10,0.0423990516279712,1320943987.2525225,57474556.30237853
2019-11-11,0.043847503613433,1364204782.9383657,99321302.3111241
2019-11-12,0.0431516200771682,1343614685.1535745,80737912.24969904
2019-11-13,0.0436903214677948,1359677912.796593,109855547.8377158
2019-11-14,0.0433304484211352,1351369472.6745732,63022983.63002251
2019-11-15,0.0428448453088876,1333978840.8176098,80937398.91438219
2019-11-16,0.0439546241429206,1366759618.587017,120671544.54513957
2019-11-17,0.0439094825141019,1366554608.161714,95450582.44784471
2019-11-18,0.0450335330591983,1400571762.5136375,102350221.22118464
2019-11-19,0.0432786828324225,1348449499.914028,154152294.01402864
2019-11-20,0.0421397842362598,1311073390.0363872,132260800.847952
2019-11-21,0.0409533422046183,1274627700.6491709,105786730.86312884
2019-11-22,0.0384554321735725,1197293798.0867438,96360358.51514904
2019-11-23,0.0371051542562925,1151615885.6601615,133942535.31164192
2019-11-24,0.0379012518118561,1179646151.141291,86528192.42531258
2019-11-25,0.0351373059901135,1102455569.1194508,92249163.15254463
2019-11-26,0.0359563692619802,1119197323.3711565,135896470.90505925
2019-11-27,0.0366745570624455,1142672382.6140883,83659522.7222824
2019-11-28,0.0388306807549728,1208912256.7966,110213197.06484409
2019-11-29,0.0390838707418135,1216816037.1991825,89245636.95339186
2019-11-30,0.0411822550014635,1281816022.040146,142009998.7708917
2019-12-01,0.0403825841447013,1258035023.2854967,90495504.31897002
2019-12-02,0.0395257820795441,1229284598.2944522,93450137.0876548
2019-12-03,0.038062279483068,1185865205.677663,70629290.05765718
2019-12-04,0.0377457396030442,1177633030.040092,56477631.44900741
2019-12-05,0.0371815159153959,1159306728.950736,80033474.85342649
2019-12-06,0.0375222066128054,1169299358.0671742,65163354.214957625
2019-12-07,0.0381518976148491,1184323443.6850717,59281438.50624685
2019-12-08,0.0384309660438933,1193746417.3899724,62606285.8183798
2019-12-09,0.0386685133283337,1196679735.3589468,54771316.746112354
2019-12-10,0.0373714506401028,1160997271.133843,65088912.02151464
2019-12-11,0.0364052757703911,1133385166.2044854,65396271.632502384
2019-12-12,0.0365412673232726,1137775736.0882568,134160553.15405174
2019-12-13,0.0364424614740485,1137756552.5843792,89954575.04016536
2019-12-14,0.0369820831989132,1158210725.367893,74714396.95628412
2019-12-15,0.0362993054953122,1128679862.590201,72674288.88218616
2019-12-16,0.0363941675947457,1132795997.2184882,50056573.46262565
2019-12-17,0.0341519572670048,1062011785.557718,74025717.55970578
2019-12-18,0.0317817515697163,989191308.3605696,97334710.79952332
2019-12-19,0.0342913582006943,1068083106.4412538,109069993.087718
2019-12-20,0.0329837875936886,1026352153.1014036,81170389.83155663
2019-12-21,0.0338930009541218,1048367592.1627816,61402668.20395272
2019-12-22,0.0330482908930067,1030544030.7430352,55938360.37047281
2019-12-23,0.034285074571728,1061298045.9856024,64409137.01466533
2019-12-24,0.0331231266368121,1033228239.6644244,85193638.78288291
2019-12-25,0.0338402256039581,1054407495.2988044,68580414.83404863
2019-12-26,0.0333557814493595,1037802115.7312418,54385023.57173904
2019-12-27,0.0341108912558524,1060171042.1667272,73690494.15924156
2019-12-28,0.0329824461350281,1026165848.9635854,99254284.49069014
2019-12-29,0.0336692203576147,1046323615.486571,63704963.157041386
2019-12-30,0.034117350802175,1062748397.837656,72542965.98571388
2019-12-31,0.0334038466734796,1038340931.7460396,65112671.40908683
2020-01-01,0.0329119289552144,1020670721.3132112,78089757.05218825
2020-01-02,0.0333619981736328,1038897513.3254246,74867841.21535505
2020-01-03,0.0326178549132033,1015100628.6069512,63835282.138862886
2020-01-04,0.03396737105303,1060794465.037696,79167959.06649704
2020-01-05,0.0342983105505921,1067105660.3890376,77918143.48363875
2020-01-06,0.0344269740004588,1069729851.7474384,48833556.38398183
2020-01-07,0.036998615370016,1150811966.6402338,77690490.90639412
2020-01-08,0.0370003149146818,1151791408.0212848,109080768.02223112
2020-01-09,0.0362252550448545,1130075028.1023777,97790326.68355764
2020-01-10,0.0360681336331278,1120025309.4730992,73078880.79386607
2020-01-11,0.0370446183882769,1142315528.2269332,89615189.15475553
2020-01-12,0.0364423042673414,1140005583.945712,103012026.66787285
2020-01-13,0.037372044999992,1163393929.42041,94947456.45599157
2020-01-14,0.0369431417680016,1149509789.462297,92974481.83741903
2020-01-15,0.0412858483394243,1277612922.8592856,211070204.09448823
2020-01-16,0.0424114804384295,1312253076.5911648,199275282.88421407
2020-01-17,0.0414947727094261,1286089923.7849808,137032057.20058483
2020-01-18,0.0443501818249508,1387851754.2258596,170585164.39829364
2020-01-19,0.0448126727474952,1398527687.6359637,156488786.0786448
2020-01-20,0.0424657528723347,1324878584.1799922,140637820.3793592
2020-01-21,0.0432053382287278,1347506112.4317155,122312691.01675928
2020-01-22,0.0456442899910431,1415740558.2396002,144630468.9155506
2020-01-23,0.045344968823828,1410211923.886814,106449100.50429538
2020-01-24,0.0433842987518649,1348529123.6392128,110069027.1245324
2020-01-25,0.0444529066148971,1382573985.2793734,114891800.48768374
2020-01-26,0.0435431200036232,1359196362.9106965,88735590.60746145
2020-01-27,0.0443725875908692,1381689961.284705,98582263.1562168
2020-01-28,0.0473063437051027,1467722927.7963097,140901190.79711726
2020-01-29,0.0522122148224153,1631232520.7140007,286197023.3930493
2020-01-30,0.0531831896557472,1664173788.5694072,258344089.06002605
2020-01-31,0.0558728991751701,1733739134.7114882,220132465.33669612
2020-02-01,0.0538487645987283,1685694718.5613482,196053869.98830616
2020-02-02,0.05545554842096,1727198232.6784198,159634518.7845942
2020-02-03,0.055766417933093,1737643944.2078435,228621145.9129984
2020-02-04,0.0567639866232986,1765721504.768992,164518222.31100556
2020-02-05,0.0559971039692361,1739481934.7636726,136675263.4672669
2020-02-06,0.0589609918301886,1838841590.66739,156637649.48422155
2020-02-07,0.0597928371104457,1859115447.033716,159304871.65236646
2020-02-08,0.0597741041153736,1859229765.536211,142690306.69238144
2020-02-09,0.0601565113817484,1871644108.075389,125903922.22559723
2020-02-10,0.0615314549944985,1913377671.572009,129259369.74149844
2020-02-11,0.0602561866852482,1874732871.0104687,130595621.5452848
2020-02-12,0.0628897879943008,1953385977.428038,254958634.87714756
2020-02-13,0.0672918519346564,2093147933.255149,283365264.52459675
2020-02-14,0.0683653000010826,2135939462.118876,335446932.6789082
2020-02-15,0.0703285635424674,2185247021.765736,253062181.27208945
2020-02-16,0.0647261265451403,2015733205.697893,242397210.9390732
2020-02-17,0.0628571090834445,1964825566.136611,277034923.6330006
2020-02-18,0.0604517613047017,1871133461.921064,272004390.5090292
2020-02-19,0.0625470592273371,1952625493.450464,251750540.3256694
2020-02-20,0.0581817112994799,1821759622.8737004,228558898.74390647
2020-02-21,0.0577756565366218,1802782690.6268592,263452977.3437384
2020-02-22,0.0586582284870176,1829056816.1944568,230599472.21814504
2020-02-23,0.0583939232718082,1811388698.1183248,166718271.37555096
2020-02-24,0.0607345626757272,1886303219.5727327,232674655.60882208
2020-02-25,0.0593588555753034,1843271731.572476,254977199.08552107
2020-02-26,0.0566250239187801,1763321340.7663302,223975114.0341601
2020-02-27,0.0506446559567133,1578309017.5664997,274099295.5684429
2020-02-28,0.0496026742559133,1546750720.8339329,209902464.90978277
2020-02-29,0.0489263999321644,1531950187.0796108,195936467.4850897
2020-03-01,0.0473641745873117,1481631103.868646,120953605.76956657
2020-03-02,0.0461720794404483,1435816109.777264,124670458.46928772
2020-03-03,0.0487942706743826,1515782622.4162924,141670557.78046253
2020-03-04,0.048648114575934,1516016247.2014575,150407091.0070928
2020-03-05,0.0488984599746628,1519410636.5864627,170344689.4210829
2020-03-06,0.0508706766907552,1581607337.8214996,142091918.55701336
2020-03-07,0.051380435471976,1595164988.848021,136293489.32336417
2020-03-08,0.0492399646679267,1530117969.709145,125016889.24696536
2020-03-09,0.0432844900418188,1340799680.8298566,145742667.2924989
2020-03-10,0.0416172366603262,1295651579.797846,166720941.06616473
2020-03-11,0.0413982274117634,1292352733.162223,140500959.223219
2020-03-12,0.0400669107030054,1244090560.1131132,131897068.04937842
2020-03-13,0.0237159653927131,733569243.541392,211978802.34647852
2020-03-14,0.0283395139296991,867613747.6483233,289676259.7783371
2020-03-15,0.0260476982387382,807435012.826672,97926867.78153747
2020-03-16,0.0267569952770939,840720328.3685061,98577461.91335168
2020-03-17,0.0243465263727503,760151209.7313702,136720716.22836453
2020-03-18,0.0257007938383458,808050684.4755495,106703913.57145049
2020-03-19,0.0258379206950475,802095050.1562663,107356169.8010236
2020-03-20,0.030025358670093,941233082.8972982,154960081.1018546
2020-03-21,0.0295631568637567,919791612.676914,183999555.67569375
2020-03-22,0.0292096666000191,908484606.0452232,124168282.90695898
2020-03-23,0.0272993389458983,849511432.181408,107973019.0664643
2020-03-24,0.0293507243346469,908533570.968667,122524431.85149188
2020-03-25,0.0302921899641174,941771018.347032,115754274.56160042
2020-03-26,0.0295532863118345,917066394.5762808,107760572.34855448
2020-03-27,0.0302790698903629,942093594.8317128,104078533.85891876
2020-03-28,0.0290511526759858,889441790.7864816,102692751.71481489
2020-03-29,0.0292589744409266,910287954.910056,105439265.1832665
2020-03-30,0.028134649974374,878075726.9380016,87505944.23006178
2020-03-31,0.0299199790675884,933379645.645711,104645794.60082452
2020-04-01,0.0301154908793179,936797188.3532804,99418401.81975324
2020-04-02,0.031124362144469,962162504.9505062,115117998.29999544
2020-04-03,0.0319238311967362,988387669.942723,133807050.54801992
2020-04-04,0.0319003409174087,993528047.3070284,110357362.067164
2020-04-05,0.0325599469788195,1008514394.782506,111823144.80252229
2020-04-06,0.0319011558941697,992177656.8468996,83582839.87744893
2020-04-07,0.0351526404530311,1087744924.0649166,147918099.22194624
2020-04-08,0.0351769922702899,1093112390.5366335,151556119.30055967
2020-04-09,0.0361387370221577,1125589634.1122746,163870561.3873363
2020-04-10,0.0362387493283838,1124830313.068581,136962104.9231875
2020-04-11,0.0335508941025725,1042324486.8363523,161039582.5086103
2020-04-12,0.0333377159200974,1036932847.9369895,115182655.42002322
2020-04-13,0.0335028248328188,1052967605.8577962,109412693.21393186
2020-04-14,0.0331645829862998,1031622714.6329374,127857134.59532972
2020-04-15,0.0330876412628945,1029361971.9261676,110605528.21767302
2020-04-16,0.0318549472211131,990994166.1756728,100008952.07804196
2020-04-17,0.0342157320040132,1065455000.8551606,162619038.51849556
2020-04-18,0.0342268001459629,1072544970.1671038,117736903.4795713
2020-04-19,0.0361713507534179,1125561442.4306724,140344430.95982692
2020-04-20,0.0357644686326655,1112887291.744702,136449252.0886971
2020-04-21,0.0340357080504378,1059941619.8015928,140386733.6710988
2020-04-22,0.0343214633201758,1068102318.6141044,128811222.5384038
2020-04-23,0.036251791946901,1128863796.6415317,124398269.13030894
2020-04-24,0.0398651587464429,1237524241.1413789,275173060.4726024
2020-04-25,0.0413763115020362,1287837852.5131044,286509553.68496
2020-04-26,0.0422970482106889,1314141666.608814,176658780.9233021
2020-04-27,0.0453212122892814,1406406547.118265,250469497.7716724
2020-04-28,0.0462613179426758,1438680078.426845,258539530.39115596
2020-04-29,0.0468341890900933,1455268758.2068086,206025566.52261925
2020-04-30,0.0514800462702086,1598493713.607464,350212135.00092226
2020-05-01,0.0480083449690667,1509035250.6732063,396920531.1840506
2020-05-02,0.0500668373362145,1564928493.749928,213075526.71172065
2020-05-03,0.0509440710636129,1584170530.4296594,169289444.96704793
2020-05-04,0.0496208752102389,1543247891.9871194,184667536.37086117
2020-05-05,0.0493305629841293,1527729042.7245958,219399163.48202983
2020-05-06,0.0494335444362627,1533996522.166957,170783705.1971681
2020-05-07,0.0498487099411833,1560725267.55339,170062853.5441525
2020-05-08,0.0516702772192927,1610767596.894198,191858931.87592372
2020-05-09,0.0512897237928586,1602956355.8316674,218227143.14994904
2020-05-10,0.0511106699672129,1594290128.9509044,184494302.32278895
2020-05-11,0.0476323240917467,1484807886.2269833,278084415.5031474
2020-05-12,0.0477835788491673,1488233874.653894,252481674.0902711
2020-05-13,0.0498601400378324,1547574497.7141073,215164699.56173727
2020-05-14,0.0519073386453021,1611195935.6755216,187868068.47322676
2020-05-15,0.0523289773867511,1622873217.297105,151357757.55735683
2020-05-16,0.0496559162355333,1545526669.789816,139782173.01519644
2020-05-17,0.0507895549037422,1580302434.744492,126071103.86946364
2020-05-18,0.0518740333490818,1613996775.979502,115579145.64655124
2020-05-19,0.053301651796851,1656590740.9629886,185350802.40665573
2020-05-20,0.055955048441401,1739159666.9690204,187764434.93610883
2020-05-21,0.0562964115577889,1751521240.216605,202446637.71215117
2020-05-22,0.0525560504132929,1639420156.4212704,232919935.6227309
2020-05-23,0.0545809867231355,1698293632.3563223,185615336.2598872
2020-05-24,0.0550289777816724,1714880556.6058505,127428419.32540467
2020-05-25,0.0516581343346486,1615330815.8356545,105461558.65782166
2020-05-26,0.0534591223816944,1662876283.1969876,181811841.10831824
2020-05-27,0.0534896476992396,1660213375.346349,161611425.73718694
2020-05-28,0.055131897979286,1716081188.5154953,189893992.9890533
2020-05-29,0.0631817038469941,1965480006.5936985,372917376.3948492
2020-05-30,0.0644062709048754,2009870099.4791424,416498091.00141424
2020-05-31,0.0751517391185568,2349213951.998192,608232672.4572831
2020-06-01,0.0744505704872426,2293903473.158277,890049224.2352833
2020-06-02,0.0807648188667561,2512794186.9289203,721638304.9515578
2020-06-03,0.0784596419032612,2441074404.0458746,609498641.1541597
2020-06-04,0.0846017566543746,2627991676.940459,591308386.1160113
2020-06-05,0.0875931816544861,2717552835.086165,523154541.0113266
2020-06-06,0.0852189802008688,2651374213.0473104,409862454.04093415
2020-06-07,0.0861763537731692,2681160483.615993,269293377.5268906
2020-06-08,0.0864040420455093,2675984488.5436773,373943526.8493118
2020-06-09,0.0864586686821264,2689772252.665133,280640845.2374552
2020-06-10,0.0831270719631813,2591936050.9222493,278434928.6379766
2020-06-11,0.0835707220618042,2595603409.891679,400552079.7222123
2020-06-12,0.075477951999851,2342819639.6444817,392139007.5701582
2020-06-13,0.0794143059504566,2466658231.314434,316486518.03738123
2020-06-14,0.0789619184513854,2443676758.616384,230572695.56959432
2020-06-15,0.0764968489682259,2380268832.0011644,197636305.9544264
2020-06-16,0.0782646375449482,2446394196.72817,388081290.112849
2020-06-17,0.0789436969411991,2454979752.6937966,289705109.8098347
2020-06-18,0.0833565563029465,2593429578.1188574,359419229.5146788
2020-06-19,0.082059136801567,2556673302.3713875,307344572.7556305
2020-06-20,0.0797673837909017,2478607966.59,270047826.89984494
2020-06-21,0.0793536067640962,2467040605.7434883,230329244.5702476
2020-06-22,0.0783410169801616,2436971270.8879666,224072749.58957627
2020-06-23,0.0836093446358475,2603822156.613356,273172323.0003148
2020-06-24,0.0827649625441476,2572303251.5687094,246206144.0713512
2020-06-25,0.0825024862789198,2573306719.7848144,371569603.9348565
2020-06-26,0.0816234415334573,2540498716.547023,269825228.4688815
2020-06-27,0.0806329026738183,2509415525.2222447,233820453.33095145
2020-06-28,0.0774547724060504,2411643666.427381,219669559.82550943
2020-06-29,0.08032049074677,2494920752.549869,264994501.71835187
2020-06-30,0.0837782373441704,2605637535.77186,342564753.2226276
2020-07-01,0.0831076973189297,2585686956.799616,267609405.34645832
2020-07-02,0.0960988258296336,2989873243.123106,499091138.2902844
2020-07-03,0.0932486636823188,2900999074.902517,491140919.5879853
2020-07-04,0.0962754337192739,2993888384.7179904,526680394.6547377
2020-07-05,0.0996937999305238,3095933297.185632,400371435.8334179
2020-07-06,0.0983256312845373,3059154693.6484265,346363919.1965679
2020-07-07,0.1053035083626078,3259049437.150048,436788456.6941107
2020-07-08,0.1176084494501031,3654326777.084032,679767221.4024912
2020-07-09,0.1298804110538667,4047779024.612315,1307477330.2469726
2020-07-10,0.1239419295478025,3851949196.3499866,782809685.2587869
2020-07-11,0.1184408392862807,3686816739.935817,631945552.281078
2020-07-12,0.1254253376184916,3902938565.768116,510001724.34463376
2020-07-13,0.1268783734434242,3940493164.585168,464305800.5723863
2020-07-14,0.1242883402146332,3860263067.875514,675300170.1615462
2020-07-15,0.1320812806937999,4109376817.6098657,567252700.2335236
2020-07-16,0.1304472159063948,4058537002.001158,410697605.8263917
2020-07-17,0.1259745908563023,3922040766.807748,543327338.958933
2020-07-18,0.1226197582308443,3815026554.4500537,332328276.11354834
2020-07-19,0.1226350281871144,3816714933.176347,314371025.11494154
2020-07-20,0.1239898974657735,3863193163.445181,308373230.99211067
2020-07-21,0.1178539477512249,3663508639.979351,306182004.66044587
2020-07-22,0.1229523552743523,3820997387.140959,339573227.75766385
2020-07-23,0.1237827759439597,3853629978.659791,244764116.64935583
2020-07-24,0.1240553000912737,3859668619.344676,297997215.64012367
2020-07-25,0.1219635060121408,3795362719.226924,287737557.7596631
2020-07-26,0.1433683825306876,4470685732.495006,686218774.3565013
2020-07-27,0.148355946346232,4627376307.437361,844199808.759492
2020-07-28,0.1379335140160716,4286659873.6729145,873873656.5499583
2020-07-29,0.148255038341483,4603937359.100889,696233206.706044
2020-07-30,0.1396488797326248,4338588502.703453,506618734.7037506
2020-07-31,0.1408995400024149,4394189964.576714,333709527.12414783
2020-08-01,0.139145322952465,4329088644.234307,291750874.0171488
2020-08-02,0.144810259346617,4529471957.019714,438971971.0814112
2020-08-03,0.1337323300405793,4156096583.674388,457580728.0999776
2020-08-04,0.1370151390620708,4248409546.871284,312669927.45773226
2020-08-05,0.1427635983040935,4454678918.05434,439624545.4251343
2020-08-06,0.142549110940686,4435057025.443044,346798168.7821568
2020-08-07,0.143830276386743,4463508629.805966,362682786.1467749
2020-08-08,0.1386450280632793,4327356442.590802,801492250.0013596
2020-08-09,0.145721135843296,4530579889.769632,404731743.4717907
2020-08-10,0.1449016648874698,4508250823.991244,612633435.1084224
2020-08-11,0.1433060001315021,4459057584.433129,588680543.9362705
2020-08-12,0.1370915319155091,4273617992.5690823,832571102.3264793
2020-08-13,0.1365413724099612,4248207279.3764014,412298624.7610104
2020-08-14,0.1393443013655299,4324827540.332047,429550504.6006851
2020-08-15,0.1382594870547393,4301596168.154415,458978629.7886148
2020-08-16,0.1382372159901133,4293392018.412791,454859334.045956
2020-08-17,0.138768809829766,4317442465.172292,412928069.0420368
2020-08-18,0.1406609329616652,4373590696.612064,550014396.0623504
2020-08-19,0.1370264657342296,4251110381.648205,489748686.65121776
2020-08-20,0.1294322988058227,4031820062.149828,490727213.1136873
2020-08-21,0.1342025581766098,4121466418.821199,410697982.498588
2020-08-22,0.1226171984776521,3804306212.9732656,472861750.9388768
2020-08-23,0.1253155568595045,3895011240.501409,436863558.4313836
2020-08-24,0.1216088815810674,3785715669.018159,393530785.7774772
2020-08-25,0.123692546959585,3855071339.437391,406394741.1841569
2020-08-26,0.1126310983436494,3504233317.878908,498886621.4397746
2020-08-27,0.1144606140436145,3561449684.14301,448522382.0338251
2020-08-28,0.106835963062653,3318730028.135312,445998081.720968
2020-08-29,0.1092126650842092,3399180375.132592,372495384.20571584
2020-08-30,0.1166042236595269,3627847118.265781,361328837.3964716
2020-08-31,0.1172077660023838,3644289688.9773984,380535420.5953276
2020-09-01,0.1221396705474546,3800068624.57518,462276340.225975
2020-09-02,0.1244562540292967,3897283726.850341,492424473.2869551
2020-09-03,0.1154934468366985,3592445420.136127,403602179.3705522
2020-09-04,0.0950587956693942,2964196395.4695144,447179060.0066938
2020-09-05,0.1031346794839997,3212415575.1961985,432365099.0404522
2020-09-06,0.0904381607500341,2813755887.7479177,316776337.67474675
2020-09-07,0.0929692822559585,2892505366.7381506,333667094.66473097
2020-09-08,0.093173875129339,2899784537.5109377,322785626.0658184
2020-09-09,0.0912560363899118,2834060081.1789083,513444901.65842754
2020-09-10,0.093253091551801,2900610470.196581,522884301.89236
2020-09-11,0.0970604501586616,3017276701.5456457,673573014.1854858
2020-09-12,0.0969170507491404,3021670767.4658203,658363819.7056384
2020-09-13,0.0976610033861264,3035646274.926691,616070407.8229095
2020-09-14,0.095019206224656,2958040571.6542745,640311191.92505
2020-09-15,0.0968644465672013,3009809612.976871,734506817.1708077
2020-09-16,0.0933981514122798,2907122714.220233,678077442.777371
2020-09-17,0.0912947115141829,2842675715.2577634,681410813.8679094
2020-09-18,0.0940359786233526,2926254190.2876606,655152123.786252
2020-09-19,0.0908610636704335,2816775563.135169,585526141.405035
2020-09-20,0.0915677620176984,2849152837.374013,551088156.8335764
2020-09-21,0.0892460442645379,2788163196.0504737,560728729.510593
2020-09-22,0.0803669500595204,2513123717.740511,504270732.8337734
2020-09-23,0.0814430975174119,2528466247.7737017,359254513.48018813
2020-09-24,0.0766277182346781,2387518228.7759247,339256966.55460995
2020-09-25,0.0826066922117519,2577652813.892889,404377685.7949588
2020-09-26,0.0967911294165368,2988519166.609257,591858440.46418
2020-09-27,0.0957350966198258,2980675759.2437825,444216426.15245867
2020-09-28,0.1013519284525498,3144513591.4589434,483494711.8966589
2020-09-29,0.1001035047585092,3120734575.135007,518815539.50262606
2020-09-30,0.1012707080196716,3152600659.3929806,483215932.46241975
2020-10-01,0.1010405464399846,3144236576.3845696,419980897.9124919
2020-10-02,0.0980667153846061,3040403789.1582937,461060573.7791146
2020-10-03,0.0928410024401712,2885309499.1712523,500670142.14554775
2020-10-04,0.0933081688914319,2907434494.3256884,367633066.8755187
2020-10-05,0.0971918085547127,3028016017.7052183,377484663.2067583
2020-10-06,0.097414569642739,3029338348.925971,392793305.81995714
2020-10-07,0.0928423176438943,2881941763.165958,413991398.2598028
2020-10-08,0.0935610867591733,2911910358.548028,366881297.8509492
2020-10-09,0.0962324214898978,2980626238.306129,439008699.1117877
2020-10-10,0.101903327269077,3171112779.3086333,501320948.7358257
2020-10-11,0.1049684402281294,3266374618.98623,591635072.9813927
2020-10-12,0.1063042863765094,3309735191.892124,497461943.0290268
2020-10-13,0.109793721956237,3415553093.5649824,564323082.763194
2020-10-14,0.1090335674986249,3395519136.054972,577952326.4607311
2020-10-15,0.1075153465214311,3345133523.040711,505567704.734604
2020-10-16,0.106442167300672,3314465964.1973443,387251336.2630325
2020-10-17,0.1040756661272407,3242001672.5357227,391236816.54475147
2020-10-18,0.106058772777998,3299812046.191445,345640059.1338731
2020-10-19,0.1074716960220926,3341653969.4353824,330911336.0415344
2020-10-20,0.1088209396987461,3394722568.4050484,321415067.3472182
2020-10-21,0.1022717979161557,3169112634.1794686,343169733.25904137
2020-10-22,0.1057874613492986,3272372921.7538567,367380015.6418535
2020-10-23,0.110356086522261,3436167992.53085,462511505.5980058
2020-10-24,0.1079343091915104,3357855075.6474686,519972088.278963
2020-10-25,0.107971120880574,3365354295.573632,421211790.6869996
2020-10-26,0.1062715267549103,3307344837.317468,356841711.5847065
2020-10-27,0.1032674448414192,3213691939.610697,424406451.7094261
2020-10-28,0.1026869501323587,3199657282.2722807,448476360.2876179
2020-10-29,0.0989444034593508,3079262919.9220114,464168577.069628
2020-10-30,0.0952665608428541,2971056454.1566663,469593310.85642457
2020-10-31,0.0931904590849336,2901306193.740376,466949288.1520279
2020-11-01,0.0928695926358926,2891746978.3344765,367673987.30852777
2020-11-02,0.097746989912678,3039022598.4583726,337986284.8560156
2020-11-03,0.0924531542869395,2886892759.1970754,385193189.8026816
2020-11-04,0.0936310807430914,2910039543.7584257,401038375.49005526
2020-11-05,0.0953774376103299,2966611626.028475,439427002.4500292
2020-11-06,0.0975058226326682,3031965032.516879,419487840.1693913
2020-11-07,0.108890102522001,3390614216.4065733,584959788.10985
2020-11-08,0.1013533595981073,3164398837.1457458,648559415.7609546
2020-11-09,0.106395247879071,3319828324.180393,460824005.01438826
2020-11-10,0.1053660659323836,3276824107.2011204,518814683.611984
2020-11-11,0.1056281423172147,3287678333.8982983,461012942.8182344
2020-11-12,0.1058032705344087,3290905250.2840614,433570799.7964264
2020-11-13,0.1043791750642924,3255081954.259953,415958086.93706274
2020-11-14,0.1063012343836617,3303659619.03167,370453034.9351433
2020-11-15,0.1043068087608849,3248323140.867968,372055933.6183114
2020-11-16,0.1007365262442557,3131952630.209737,308740738.19558537
2020-11-17,0.1039045952303974,3234662117.379182,320419642.1751361
2020-11-18,0.1094852464363196,3406699744.010812,486808926.9378565
2020-11-19,0.1067630428761693,3322010614.4006176,513742217.2678046
2020-11-20,0.1058030874548043,3287796634.823744,412896181.4716239
2020-11-21,0.1176356652567512,3656423579.4556055,531264881.5551002
2020-11-22,0.132731321883233,4131921042.5383058,1080788757.979167
2020-11-23,0.14527293189697,4550731601.272364,1813283784.396652
2020-11-24,0.1535716387723754,4725945643.464689,1583345915.530162
2020-11-25,0.1667999803907806,5164269458.973527,2041517251.623688
2020-11-26,0.155687562647238,4799088754.203451,1262110958.146395
2020-11-27,0.1374612380044734,4276578257.518473,1613109992.22798
2020-11-28,0.1406394752616899,4346114303.807067,1075587570.261799
2020-11-29,0.1647176810903021,5124805753.783806,1570661467.2723396
2020-11-30,0.1664023871456625,5139050069.158035,1365586028.7531896
2020-12-01,0.1705005942684439,5342764712.853764,1526479658.4557934
2020-12-02,0.1562167321395076,4854424503.989222,1454582580.9315655
2020-12-03,0.1589713044398139,4950496021.080942,994449650.276108
2020-12-04,0.1640449778416628,5107837396.333952,931561938.4452968
2020-12-05,0.1490548730926966,4656623259.718898,830109788.0663507
2020-12-06,0.1595540768382783,4964123765.837638,778434830.3889816
2020-12-07,0.1586440711143953,4938964909.5133095,692494525.0386924
2020-12-08,0.1541612220757159,4801963855.153406,606007826.4647386
2020-12-09,0.1413478718813723,4408953009.352381,718397782.5602969
2020-12-10,0.1482492546410655,4620145846.073955,969492620.0851438
2020-12-11,0.1421819715953808,4434444965.111156,638228958.8694761
2020-12-12,0.139701439625223,4345977281.986709,639787380.1555443
2020-12-13,0.1442327933874051,4511333180.892174,498536611.5718096
2020-12-14,0.1538514533093675,4786994113.813852,624725108.4915521
2020-12-15,0.1577037017752295,4907167387.663916,569643692.7139974
2020-12-16,0.1541239932284546,4796722199.956819,574321991.1026425
2020-12-17,0.1676352256301242,5183351482.887074,863422173.3245958
2020-12-18,0.1633655466233555,5078894514.58905,955148307.34823
2020-12-19,0.1649700959716998,5113106176.70546,935714849.606182
2020-12-20,0.1647258715874746,5135263166.305007,569726214.4550376
2020-12-21,0.1620494312894272,5040227717.544842,622833650.9633231
2020-12-22,0.1536914033620057,4777223035.782049,838303952.7025075
2020-12-23,0.1570797839947348,4872658288.604781,992545291.2040076
2020-12-24,0.1384300242564514,4367651955.025395,1136208021.3378725
2020-12-25,0.1528683600059169,4755514900.781895,1237242191.7587464
2020-12-26,0.1573471095034568,4902726521.418645,979948988.0898074
2020-12-27,0.1583308843906223,4921659619.155688,1024574835.8838996
2020-12-28,0.1549701235272453,4874263848.091413,1278813155.9527574
2020-12-29,0.1776971739574475,5510916587.13831,1485346338.5519643
2020-12-30,0.1928756629935067,5977650580.589258,2524633061.7922616
2020-12-31,0.184493035750891,5728871576.204359,1624809767.3045118
2021-01-01,0.1820711329002511,5664962992.375575,1053156167.9431828
2021-01-02,0.1756785793062816,5459442449.830887,1058190761.3908306
2021-01-03,0.1781849525381411,5541071871.348484,1247682980.6516886
2021-01-04,0.2050372401815204,6478554204.432761,2068192817.4392383
2021-01-05,0.2188884921904594,6776976218.184067,2846810326.926629
2021-01-06,0.2592124040314695,8086992388.5403805,3367998095.423193
2021-01-07,0.3318409734964671,10274502269.983538,5744644250.202653
2021-01-08,0.3005428519135833,9271209679.66398,3771312674.734168
2021-01-09,0.3079477293892311,9486227623.151382,3852929126.905951
2021-01-10,0.3330699936580539,10474851603.194077,2824226312.928416
2021-01-11,0.306214441004005,9547696166.484123,2905060003.694079
2021-01-12,0.2765118481411739,8567295374.420918,3667755701.884773
2021-01-13,0.287840175861167,8919293654.92031,3199211911.135686
2021-01-14,0.3113499146866433,9668965191.987007,2101875653.5599017
2021-01-15,0.3101366394448269,9607023622.828886,2179071320.308733
2021-01-16,0.3025753224416189,9452716399.649153,2565853415.468592
2021-01-17,0.3522503951510311,10974418960.154127,4537543259.394854
2021-01-18,0.3796879602467297,11944120204.049416,5632481727.628044
2021-01-19,0.3696509940325456,11556220463.724558,3594501559.179449
2021-01-20,0.3693457419983242,11583747204.108196,2957432002.378526
2021-01-21,0.3763115739575005,11629239817.496456,3314777145.018924
2021-01-22,0.311240182830754,9813434945.822624,3158075594.9716253
2021-01-23,0.3511613639040078,10808585450.780878,4093983206.349115
2021-01-24,0.3464554739144793,10775451797.658688,2968549141.652513
2021-01-25,0.3520962985605136,10907245699.203642,2870391825.2037973
2021-01-26,0.3443612535369296,10718641448.677244,2239860916.453625
2021-01-27,0.3438978098422514,10707255441.64569,1848031728.979849
2021-01-28,0.3123153604650019,9653513519.30118,1845484838.6889036
2021-01-29,0.3446321735969572,10775736944.967438,2103438290.658315
2021-01-30,0.3475197098777403,10870768823.23515,2586671468.5068235
2021-01-31,0.3604806726993043,11492910452.930857,2354964351.045102
2021-02-01,0.3456733934240721,11024882710.653038,1922223620.153523
2021-02-02,0.4014135429277523,12802876639.677765,3203513341.743772
2021-02-03,0.425293205365206,13649744225.9608,5151435047.757959
2021-02-04,0.4412158146145736,14046780963.90513,2963647375.4718184
2021-02-05,0.4415987967960127,14124867498.632463,2526990155.5630846
2021-02-06,0.5385518589400373,17202094510.163548,5138347917.095156
2021-02-07,0.62635697398072,19854979470.03364,6225004469.82153
2021-02-08,0.6594719394352474,20910050886.32516,8483795430.597777
2021-02-09,0.6873068371578556,21857345265.124405,6526446442.153341
2021-02-10,0.7059190563060789,22537176367.01823,4430904463.339153
2021-02-11,0.9239854497397344,29471024411.44145,10892994885.217125
2021-02-12,0.927712152275745,29490259208.42937,7257994780.916856
2021-02-13,0.9232752043586164,29484763500.13651,5275893428.661645
2021-02-14,0.9039954754716988,28898521927.17186,4440592841.183854
2021-02-15,0.8503794813667799,27180580246.00645,4315179193.353438
2021-02-16,0.8600617955345385,27363016264.865456,6170566197.389213
2021-02-17,0.8746051613561255,27928267753.64383,4708239792.834361
2021-02-18,0.8887320746562535,28374309990.04283,4147966953.03113
2021-02-19,0.912715205457966,29081988032.46847,4727330677.658762
2021-02-20,0.9331549494994794,29861793769.83866,4500915018.129318
2021-02-21,1.125679550953505,35319686744.70111,10595397192.58006
2021-02-22,1.1045825826681024,35410060966.21958,6593642966.007436
2021-02-23,1.103137168782976,35028892675.36006,9804462887.606749
2021-02-24,0.9557803324164976,30289508304.79003,9841922168.551191
2021-02-25,1.0588493273684532,33843111261.4633,7999062191.744385
2021-02-26,1.076914120684637,35020140015.7137,7725767289.384969
2021-02-27,1.2450616886921635,39925051371.21413,13328352966.640017
2021-02-28,1.3428086739147602,42146907598.95325,17436012662.324448
2021-03-01,1.3032197936512573,42022774483.531845,14237710595.243414
2021-03-02,1.3028526075622868,41594037335.68449,9327929929.51714
2021-03-03,1.228823419292327,39334338629.338974,6918648225.014435
2021-03-04,1.2196969639873494,39107972070.42584,4665067737.673394
2021-03-05,1.1178174311813185,35699298071.86932,6490723520.273779
2021-03-06,1.1647617398711403,37171491761.50835,6987637522.385762
2021-03-07,1.132986057016409,36209341046.99843,4637649584.631506
2021-03-08,1.1368141994089112,36237342226.55843,4460411320.369372
2021-03-09,1.1233299872828355,35980627649.90802,3837785843.2315207
2021-03-10,1.1887464492963455,37935761722.85194,5116872043.446383
2021-03-11,1.1354441106096025,36408738227.808464,4232588270.295405
2021-03-12,1.1282646217609689,35855208322.38496,3648463949.803644
2021-03-13,1.0366312750554578,33152429641.02667,4091220904.183962
2021-03-14,1.1022266932718396,35195036232.59664,5574966052.413064
2021-03-15,1.064777064053131,34009748229.638126,3873912799.365124
2021-03-16,1.0313636409049007,33196924181.247555,4425930270.171271
2021-03-17,1.2457256808694213,39776083076.15777,8556622752.392891
2021-03-18,1.3830039530574736,44206349365.28759,9359322303.77906
2021-03-19,1.2367141494244955,39635535373.70477,10308489296.444132
2021-03-20,1.3019540528543,41583044699.256805,7537246767.764254
2021-03-21,1.20742530325912,38792953193.45229,4331034923.459506
2021-03-22,1.1892303146494605,38071795657.28376,3952826743.027748
2021-03-23,1.1068807388708692,35708026844.135155,4024094759.558632
2021-03-24,1.127048197620845,36009559805.77391,4313834035.689378
2021-03-25,1.0614525089773317,34095874084.32727,3509101233.2573314
2021-03-26,1.097004694435148,35106594429.1254,5128067561.773247
2021-03-27,1.2125889914628831,38738000195.67598,5832300810.015615
2021-03-28,1.177853606059956,37797370711.05132,3239161162.132824
2021-03-29,1.1911259337144882,38106805966.64899,2864842098.687992
2021-03-30,1.2009593992210437,38374558120.76606,2974754356.4936566
2021-03-31,1.211371362454977,38747164636.98202,2870621694.791581
2021-04-01,1.1921924669843982,38261200550.94287,3359856102.295453
2021-04-02,1.1834326364912569,37885255531.37811,2627207220.4541893
2021-04-03,1.190365048482589,38175120188.83439,3115355141.807112
2021-04-04,1.1657363156624991,37354800049.67576,3541823026.093735
2021-04-05,1.1834195167997104,37920229258.21521,2514927782.5973244
2021-04-06,1.2138169649551138,38866154208.52337,3093929482.2078247
2021-04-07,1.255331700688716,40174301241.53415,5716309191.912532
2021-04-08,1.1771597102783828,37822168969.25518,4444431697.675934
2021-04-09,1.2299092109601504,39107779970.63151,2806106617.456021
2021-04-10,1.2043891358213494,38573434366.33114,2057819055.551284
2021-04-11,1.2177235066359833,39035365860.85623,2638775983.397099
2021-04-12,1.2648247544248652,40619405204.80631,3796665567.7417
2021-04-13,1.3197904293394769,42234834334.01434,5005257550.24815
2021-04-14,1.4224471217489127,45655290039.76624,5693372727.996346
2021-04-15,1.4561052030119337,46765701663.37855,8920292802.393194
2021-04-16,1.4780712966375846,47301179157.60043,5151594795.370427
2021-04-17,1.4124246290475462,45346591335.34033,5343342941.514916
2021-04-18,1.3738415612752397,44131641785.7529,3533425467.4880667
2021-04-19,1.2783030449596209,41009185396.83256,6558115732.141546
2021-04-20,1.194858148474349,38453861925.1591,5343870506.968918
2021-04-21,1.2597323605466642,40395164223.48392,4665784591.156305
2021-04-22,1.2092168286239078,39015254845.14442,4004683213.23182
2021-04-23,1.1491945493673954,37047031960.802864,4514691271.886562
2021-04-24,1.1566286917601425,36959022892.47807,6942995842.019251
2021-04-25,1.1110808206966274,35760855209.77632,3606271585.386416
2021-04-26,1.0846330548696723,34763368261.886925,2419295811.146168
2021-04-27,1.2346524846888531,39598607716.19428,3178691426.014838
2021-04-28,1.3051147413790254,41847738398.14531,2912984035.0225954
2021-04-29,1.333556355988168,42696322872.49632,3050358135.8497744
2021-04-30,1.3151260010143138,42218008953.63177,3877408673.902485
2021-05-01,1.353730164193398,43251677970.27558,2888334738.613848
2021-05-02,1.3537288097536035,43444753835.5553,2277071478.8724656
2021-05-03,1.3280888220098832,42540495719.34877,2419782286.297781
2021-05-04,1.359142632925402,43592074191.2749,2913495465.733681
2021-05-05,1.2779659806591444,41326027055.914055,4021089366.483399
2021-05-06,1.4802017889602712,47368113642.07222,5144102153.54389
2021-05-07,1.6581492633491175,53360219299.96424,10492098698.61079
2021-05-08,1.651883984389271,52795204748.10216,7524037592.658627
2021-05-09,1.6160806488867332,51816643346.55726,4553766443.703337
2021-05-10,1.774032269451954,56886811810.61856,8212379684.490413
2021-05-11,1.6511431667688945,53022907919.88876,6748208558.615174
2021-05-12,1.767170172938632,56422785745.776566,6105158952.820243
2021-05-13,1.5682193343010111,52518502552.04381,6057046769.923359
2021-05-14,1.9425928379832864,61871354957.58372,14773012317.768757
2021-05-15,2.0084971185028992,64384940507.746376,7649125188.422863
2021-05-16,2.170962031826165,69699933668.58269,14459264755.745363
2021-05-17,2.286208576781481,73310457372.5526,12715835565.618893
2021-05-18,2.03065787758286,65556125527.3518,11269771320.783789
2021-05-19,2.0127268590572336,64019956901.87918,7411999746.111534
2021-05-20,1.5173694336333208,49217494677.79968,15193692115.73034
2021-05-21,1.7936575361351923,57492844768.25934,11328190219.5534
2021-05-22,1.547123576365413,49480611260.99869,8942198417.085451
2021-05-23,1.46893510816599,47192676745.010704,6665471245.216616
2021-05-24,1.32881807075249,42338798442.81028,8825869340.678139
2021-05-25,1.543146196143331,49369920022.31968,7596677080.276528
2021-05-26,1.546379254817689,49752398756.77152,6199929363.120314
2021-05-27,1.7772759637277098,56286220346.17397,7062731108.257343
2021-05-28,1.6505212051376157,52918832311.84861,5001134793.944588
2021-05-29,1.5153831388326355,48592867742.134,6010450897.064002
2021-05-30,1.4156847474142424,45847843415.41005,4862190052.972614
2021-05-31,1.576846577725261,50414535804.046684,5832058168.471965
2021-06-01,1.743823562777867,55918127620.81978,5422971273.521189
2021-06-02,1.7383409999107473,55963404595.855385,4995661237.237114
2021-06-03,1.7580638632608243,56498220769.12978,4311239392.211899
2021-06-04,1.8410805442290887,59303621530.36588,4342198250.214024
2021-06-05,1.7101556197648238,54766548459.83093,5266527710.251919
2021-06-06,1.6590579060151422,53079740992.93282,3816423285.674355
2021-06-07,1.6806272700500997,53706185453.487305,2437926136.960906
2021-06-08,1.553099912971366,50652944662.73067,3066840697.304516
2021-06-09,1.5814104630520178,50730179591.30335,5159314256.682839
2021-06-10,1.621912731603102,52340455015.04023,4346881435.235965
2021-06-11,1.5319682068049147,49447857410.75654,3410895121.6109767
2021-06-12,1.4373236110221328,45933166629.68729,3307214954.8985147
2021-06-13,1.4829614857601388,47714205696.99503,3828434533.036677
2021-06-14,1.566823724533334,49941414967.86893,4079349030.4608793
2021-06-15,1.5744303353837603,50416308305.58743,3516582796.262262
2021-06-16,1.5665343287257434,50391529523.78449,3023834612.6468573
2021-06-17,1.4796210209140048,47393590799.99285,2880220476.455556
2021-06-18,1.4874866373296805,47463238825.42096,2431459358.440172
2021-06-19,1.419139968156482,45667095006.09383,2844133200.7520547
2021-06-20,1.390227052457961,44642873230.46928,2406414533.2015376
2021-06-21,1.4346691385403143,45996656094.16985,3106578340.143883
2021-06-22,1.1831495335156843,38411041505.36854,4894085554.788768
2021-06-23,1.147977647629035,36599473846.52675,6862558968.591642
2021-06-24,1.2483605486687026,40049997236.55031,5017951872.054881
2021-06-25,1.3566973909443236,43522679454.58298,4220112004.009327
2021-06-26,1.276922563262108,41018597317.67341,5197249259.983488
2021-06-27,1.248080657285364,39931840010.70645,4299368464.203454
2021-06-28,1.3425243876590351,43083374226.38429,3290563251.0021324
2021-06-29,1.3318537800819263,42550282680.16134,3158547739.8562355
2021-06-30,1.3712344901616829,44142782696.44864,3523964121.8587456
2021-07-01,1.3851628348268006,44441813698.7868,3404132646.2704053
2021-07-02,1.337624786685416,43098347951.71951,3076399891.306128
2021-07-03,1.3950917178971345,44559309654.74349,3183425155.5044465
2021-07-04,1.4096155624434996,45058814114.29131,2665125395.726841
2021-07-05,1.45668654476562,46894582606.13069,2209143952.0122385
2021-07-06,1.4148843591874958,45513662281.025055,2786935974.3858023
2021-07-07,1.4136635303619376,45323751370.75257,2379438477.4871144
2021-07-08,1.4019197477829792,44945443131.1824,1573433402.058416
2021-07-09,1.3468246740938277,43210231184.62015,1527044342.9127152
2021-07-10,1.3563414559246605,43482946014.9807,1433266560.020062
2021-07-11,1.3414118788967055,43008320824.21079,1016273066.9652808
2021-07-12,1.3486761116535069,43253582168.0598,799297957.4044218
2021-07-13,1.3197392357531657,42295830265.097374,1206400014.5153422
2021-07-14,1.264671768275158,40565438397.05403,1116285682.0924675
2021-07-15,1.264296012589953,40497361151.44175,1276828135.4011996
2021-07-16,1.2257252640796457,39374686507.872536,1134344778.1970782
2021-07-17,1.17157289130684,37559740153.85849,1143827311.449092
2021-07-18,1.1759484192387804,37700201068.36395,1020948117.12631
2021-07-19,1.1900065239474007,38072204962.31886,886906470.4748535
2021-07-20,1.127989501793584,36363603752.7678,985379234.7648928
2021-07-21,1.0600641556948065,34061358625.61974,1744496673.594761
2021-07-22,1.1763500815292975,37555390538.67549,2012660704.7002156
2021-07-23,1.188191868090006,38077856018.87969,1355558235.861202
2021-07-24,1.203239820067367,38578333796.337135,1049399514.7124714
2021-07-25,1.2307501718097118,39436084137.75868,1102999157.4883552
2021-07-26,1.23512039345528,39580378055.15009,1200884822.9872687
2021-07-27,1.2550594474349008,40453902654.76121,2865774184.2776933
2021-07-28,1.2728403706064877,40761082389.76143,2043574309.9894896
2021-07-29,1.2840181960693164,41097297245.701866,1679739540.3314433
2021-07-30,1.2883957205235752,41353066882.48441,1308983957.4621348
2021-07-31,1.3060900930002883,41920164939.7779,1393986955.7027898
2021-08-01,1.3257156233777587,42626960806.38379,1223097832.1379223
2021-08-02,1.3116274121048137,41942215646.18457,1556302739.1175275
2021-08-03,1.314092238745016,42223053588.46887,1259725180.6787422
2021-08-04,1.3697179207188233,43922298025.75148,1858096819.7493737
2021-08-05,1.3781957776839509,44244306618.72718,1727438117.272854
2021-08-06,1.385936279491975,44529395488.31232,1691781854.8937175
2021-08-07,1.4027984009150392,44976191368.19564,1588927106.3306084
2021-08-08,1.4783359788246957,47279023174.55644,2480585765.830668
2021-08-09,1.4257873881828491,45815242223.606125,2265330765.160094
2021-08-10,1.477904560739093,47056082810.42616,2142412777.080793
2021-08-11,1.676304667441845,53577930723.08576,3676259235.83301
2021-08-12,1.7986772452507245,57579550005.43834,5769853245.385376
2021-08-13,1.807660277820602,57851525295.06172,5153417333.576463
2021-08-14,2.1375385491756944,67891752772.817406,7460225847.358434
2021-08-15,2.19131066979564,70631619782.70366,7578458477.11021
2021-08-16,2.1672565731236517,69442698916.5732,5241111651.168726
2021-08-17,2.079365370010542,67363561247.76786,3685779291.0572414
2021-08-18,1.9222342258147989,62244981576.04676,3125753687.8186803
2021-08-19,2.1184219304391667,68408416408.650925,4160522472.269788
2021-08-20,2.292461499494057,73478460337.53844,2928122400.314106
2021-08-21,2.45572095050977,78606736222.06247,7300638937.255913
2021-08-22,2.441308584595027,78375949579.78043,3831313599.677044
2021-08-23,2.662866692134376,85113700351.55208,5514366048.470247
2021-08-24,2.9145023754369745,93774043227.6504,8491098515.540793
2021-08-25,2.745034659734652,88117473137.34389,7960262411.901504
2021-08-26,2.7378837504908597,87799979598.30768,5484918093.248777
2021-08-27,2.580371935128425,82998656158.68341,5553986642.220013
2021-08-28,2.93442218478271,93831078617.99117,7089768799.543161
2021-08-29,2.8538529166605,91545178941.28738,4107700418.714032
2021-08-30,2.8608650199858143,91897143051.4316,4342317757.387974
2021-08-31,2.729839087760661,87653684618.56792,4154229341.1490808
2021-09-01,2.785254233804498,89320739294.46425,3914011834.09911
2021-09-02,2.863490759015673,91803402850.63826,3819285059.088192
2021-09-03,2.9649869383184746,95003730487.98029,6329404683.246481
2021-09-04,2.96707544958908,94699098504.00237,4310135202.257632
2021-09-05,2.8383566732607424,91207581634.02171,3678225416.897317
2021-09-06,2.9111968759715467,93377934837.92915,3222834374.358968
2021-09-07,2.84108679445392,91135287333.07532,3596945427.956464
2021-09-08,2.510399694165375,80409173519.45174,9579264086.057158
2021-09-09,2.47715291596098,80226388042.93837,7155681412.912866
2021-09-10,2.518800289012154,80864925455.61812,5008904927.509817
2021-09-11,2.377016925594305,76011031339.38364,5063772408.97633
2021-09-12,2.6135386010300583,83644050025.61504,7277175317.8014
2021-09-13,2.5979163349567957,83567686530.87027,7402829012.083981
2021-09-14,2.4157478253065485,77370641706.12778,5428095004.007039
2021-09-15,2.399444430468812,76881051804.16806,3461669464.2839537
2021-09-16,2.4949058499577745,79647419225.17595,3923375598.292881
2021-09-17,2.426004302576369,77800286104.44485,2880421283.977806
2021-09-18,2.348934541047197,75633602743.40773,2101364343.8316824
2021-09-19,2.373377130902261,75942505891.08444,1786853952.616407
2021-09-20,2.29085435498536,73534559243.04233,1890751815.809318
2021-09-21,2.081224408192359,66467363740.22289,5304108501.538435
2021-09-22,1.972181151410765,63007572370.16917,5359857791.287305
2021-09-23,2.2403283932380824,71610128886.36876,4336704841.5801935
2021-09-24,2.326438198055506,74492626868.77536,2859554202.027366
2021-09-25,2.271252028112571,74002539819.03792,5125188372.207657
2021-09-26,2.3119339934318064,74201342932.3685,5042846268.65962
2021-09-27,2.212883779418014,72357770423.4004,3307540082.587565
2021-09-28,2.138878764396614,68586122051.51538,2386436991.206201
2021-09-29,2.037869326863658,65557023880.654594,2544152362.198193
2021-09-30,2.0585266583728097,65835114804.1442,2297621518.579068
2021-10-01,2.116651930152184,67871265795.13519,2092736072.8648608
2021-10-02,2.2467692592329,71980741780.63368,2511823046.243126
2021-10-03,2.2472190210882728,72017933348.18193,2194904017.547218
2021-10-04,2.2588385813642846,72529381282.70782,1560814022.0556097
2021-10-05,2.195095205424968,70582726654.44083,1630672169.7123742
2021-10-06,2.237848940200704,71779849396.20284,1499391673.9169114
2021-10-07,2.2133070922060374,70967214662.64716,2144512119.753268
2021-10-08,2.279964070864212,72987443161.14131,2669936578.5982766
2021-10-09,2.2306779663351755,71588795681.69351,1521104723.9480116
2021-10-10,2.269473619215808,72764350708.77914,1322555134.0419257
2021-10-11,2.196016203628428,70297930939.29306,1430279071.7511735
2021-10-12,2.1741154519846,69443286763.17834,1823096849.7820144
2021-10-13,2.117958281981731,67955499506.25527,2149638841.6672845
2021-10-14,2.189330534750954,70197147291.9888,1877291562.798567
2021-10-15,2.174487310923188,69728970781.44403,1599892626.269595
2021-10-16,2.2256475894093337,71349162035.326,2748616055.3521533
2021-10-17,2.187229098291846,70319790103.4739,1883705285.3751545
2021-10-18,2.1578227539239725,69142581315.2241,1425207571.1065106
2021-10-19,2.12842579799445,68608888299.15414,1472254043.761813
2021-10-20,2.115808715393755,67789450192.070656,1505341304.492883
2021-10-21,2.193571636731407,70402677877.701,1964178910.7142131
2021-10-22,2.145293671880843,68887153531.8649,3295703229.7190704
2021-10-23,2.1655165443729016,69515903274.49059,2074957085.0357444
2021-10-24,2.174154973200162,69699385114.50774,1350109773.2823513
2021-10-25,2.12855152746846,68039453319.85252,1377128075.2727995
2021-10-26,2.152108188595917,69027525982.03403,1479846425.6155682
2021-10-27,2.1388228437474472,68813391261.44438,1975499713.589497
2021-10-28,1.923902863221468,61715577622.51048,4104852629.764946
2021-10-29,1.994678720118568,64046931994.96556,3519101073.97631
2021-10-30,2.0159917138188046,64529247718.78263,2105358110.4765468
2021-10-31,1.9513562972176963,62586219628.0512,1583695724.0762072
2021-11-01,1.9667594590992787,63182237770.93359,1841470220.641235
2021-11-02,1.9523314756266892,62573456803.62033,1949617531.4613352
2021-11-03,1.970655655473097,62928145589.88934,1826279345.998514
2021-11-04,2.067568238776928,66247488607.36172,3879652302.104393
2021-11-05,1.9918734123237725,63622479071.92958,2525252728.572966
2021-11-06,1.9864686920482133,63683096755.103096,1514719242.5809536
2021-11-07,2.0096727657135287,64227934287.937096,1412173130.1263006
2021-11-08,2.0271880103685707,64919758787.417885,1250219546.471892
2021-11-09,2.1276077543586864,68502222966.521576,2522468276.4590235
2021-11-10,2.278046981720341,73080012864.84605,6481640003.5700245
2021-11-11,2.0970951137018767,66854245720.62231,5390860586.368477
2021-11-12,2.085168683429808,66929489559.30144,2672496436.966428
2021-11-13,2.0567881449711227,65779446170.06089,2162176874.724779
2021-11-14,2.0583309024471443,65998839351.52305,1323387837.9128013
2021-11-15,2.0513126157165504,65424906569.13299,982316126.1891912
2021-11-16,2.025232183921643,64843843866.54438,1172113432.5159674
2021-11-17,1.8845361964738556,60494621348.90495,2990618053.930762
2021-11-18,1.881436035207578,59962823667.2647,2353167200.609291
2021-11-19,1.786410644989121,57091823833.413376,2206904009.051551
2021-11-20,1.8724046156739576,59842696071.68384,1665910272.4045656
2021-11-21,1.928060772240364,61749371510.40341,1427460384.3845682
2021-11-22,1.8543908922015797,59666332645.029884,1065197817.1221696
2021-11-23,1.7775566656436457,56956646394.2117,1434520943.7565627
2021-11-24,1.7512785978033358,56134045744.75097,1472329218.0728214
2021-11-25,1.6688310351021265,53476780497.00569,2764726047.228318
2021-11-26,1.6790577782821612,54011073136.0744,2278200155.4464865
2021-11-27,1.536987570928494,49295929468.84818,2630348908.631435
2021-11-28,1.5395503494825284,49329604411.69781,1250118217.7023115
2021-11-29,1.592574721411291,50922677879.98383,1966773435.099131
2021-11-30,1.6034069099023305,51581902399.90013,1576848025.1449518
2021-12-01,1.554012306521199,49831565724.43112,1572337424.098531
2021-12-02,1.5476591321157,49637322980.092224,1454814014.2169058
2021-12-03,1.714180025148258,54933481510.13827,3379770868.13854
2021-12-04,1.562574478528866,50422314444.39137,2276864446.302769
2021-12-05,1.4191239358110046,45467942852.08773,3640743720.547205
2021-12-06,1.3759194384686666,44037273599.94882,2545148280.6999063
2021-12-07,1.4176556501197517,45537066741.6724,2441175917.2691627
2021-12-08,1.3843106130156138,44403584485.64563,1935731807.979635
2021-12-09,1.3936063479928902,44576966707.249855,1568971689.043547
2021-12-10,1.2989397181732931,41788233144.77946,1478362975.8705626
2021-12-11,1.2148656090353085,39284567642.00398,1510820463.0979323
2021-12-12,1.3471857981394848,43030071473.7523,1513577001.2068608
2021-12-13,1.3484020924530826,43126518341.2412,1270360253.8522446
2021-12-14,1.2241788960308295,39254998728.15175,1261654292.147931
2021-12-15,1.2663034133024365,40517314024.62855,1348049274.0862064
2021-12-16,1.3122271887742143,41883530741.13758,1395379666.5856905
2021-12-17,1.245161666507839,39835060416.94712,1067855730.9631388
2021-12-18,1.2223421022445389,39221188621.62227,1147864459.4456306
2021-12-19,1.243826205655091,39931897234.77747,863246859.7907729
2021-12-20,1.2461505006330778,40052534349.92224,1041105662.6224288
2021-12-21,1.246672082769685,40024843957.4177,1127335557.17143
2021-12-22,1.282908951955821,41228725738.00704,978770640.1921024
2021-12-23,1.3323293728380547,42878362097.23123,1332360401.624225
2021-12-24,1.4783371040977,47277552497.40627,1877638874.271785
2021-12-25,1.397481594409191,44858561786.50875,1148430340.891915
2021-12-26,1.4586640242200146,46766255151.99811,865408025.7463002
2021-12-27,1.4577769531178388,46723424210.61447,966076689.0682136
2021-12-28,1.521303644682468,49030667337.00915,1690731182.1739364
2021-12-29,1.411580594543575,45510121613.0108,1884771373.822483
2021-12-30,1.3377414145718225,42669320699.25304,1306643075.4429648
2021-12-31,1.3580495736019418,43402759872.83702,1143248114.748804
2022-01-01,1.3107198504184556,42196254346.32806,1106501856.575447
2022-01-02,1.3784051988386994,44200479605.33392,736142311.375654
2022-01-03,1.3795032561094718,44292070955.55458,753645356.1769905
2022-01-04,1.3239481300470195,42579298186.5298,828444706.3323455
2022-01-05,1.3118426946813653,42361773516.50891,906279798.4721346
2022-01-06,1.239527837177041,39972161973.40968,1224845206.2896037
2022-01-07,1.279608995890216,41181327448.57284,1375470276.8921692
2022-01-08,1.2144893663815632,38940980400.86951,1537503330.8968637
2022-01-09,1.1886263321119366,38305510646.897575,1307167794.3742094
2022-01-10,1.1749797373767104,37584527637.96972,811699663.7863452
2022-01-11,1.1307224782864616,36302150872.95676,1307941135.9313571
2022-01-12,1.18667167026448,38098252395.75478,952035463.4403964
2022-01-13,1.3060435462054063,41891466165.21188,1288777938.555198
2022-01-14,1.2367290015435135,39819346582.17602,1509253079.1745124
2022-01-15,1.291350930663094,41149779253.900505,1401461596.2860124
2022-01-16,1.2961904584039028,41629341033.15005,801645016.3436669
2022-01-17,1.4093051419997442,45306926785.96513,2190580339.5631986
2022-01-18,1.5892889271039394,50522872800.3961,4791090273.44958
2022-01-19,1.4708324109329851,47247124368.95572,3926232291.167172
2022-01-20,1.3427761925004429,43125375198.71007,2953432997.6002226
2022-01-21,1.2605743103846896,40662405607.01851,2255033811.661926
2022-01-22,1.1220401952271295,36368173704.2542,2791296567.713649
2022-01-23,1.071909388330883,34256465787.333424,3616776502.768661
2022-01-24,1.1211271247271826,35957697983.57456,2162148187.4121585
2022-01-25,1.0699081537081911,34308092836.127853,2857852888.5934176
2022-01-26,1.0456920570711623,33519647999.37324,1537074540.8679829
2022-01-27,1.078198211113442,34783150528.86953,2155730729.2827773
2022-01-28,1.0478747698291455,33601561740.91527,1379581941.4517815
2022-01-29,1.0529690590987757,33733183103.563057,1032965551.0389416
2022-01-30,1.063430567404145,34002313217.462536,783225773.2580827
2022-01-31,1.0391204356438395,33352205324.627453,632774025.7571071
2022-02-01,1.054751014934754,33717971205.78224,817625399.7552172
2022-02-02,1.0903286876813183,34804039586.978775,979105491.4078708
2022-02-03,1.031453422368385,33051606754.56344,955710873.933476
2022-02-04,1.0564237774530991,33875277868.73072,765456326.6083672
2022-02-05,1.1338483100323715,36204546433.97586,1013126102.3026094
2022-02-06,1.1297790873821325,36378045084.87456,1176550216.4574444
2022-02-07,1.1472378013931737,36862183979.28601,752428785.5197074
2022-02-08,1.2001494338675325,38523988522.32886,1849002690.2470367
2022-02-09,1.1815092242733165,37856316807.10156,1992641862.3897345
2022-02-10,1.1975392465319743,38383301474.95149,1078225007.7826543
2022-02-11,1.1543570963487957,36992223259.8953,1338197847.508603
2022-02-12,1.0815946408603836,34703538693.84502,1053881949.1765454
2022-02-13,1.0570594891894516,33875479735.022057,1051948177.879654
2022-02-14,1.0468370014485078,33537767336.502293,801110888.9015757
2022-02-15,1.052285472698779,33725640380.821823,957978409.7604816
2022-02-16,1.1083285587889211,35679172598.208206,1036467397.5593412
2022-02-17,1.085419047723781,34925054508.5803,766148212.3279066
2022-02-18,1.0210842991957798,32776487178.54903,812615784.4818223
2022-02-19,0.9985914705089698,32059403498.594284,996941380.658312
2022-02-20,0.9991418796453088,32017660308.182068,878381951.6346868
2022-02-21,0.9341340754597062,30150673034.05805,1124857649.507319
2022-02-22,0.860280043073585,27688893323.616898,1548137013.1354744
2022-02-23,0.89138119484134,28644348109.42572,1600203239.5966136
2022-02-24,0.8705609629608357,27987012931.084877,1350169630.428599
2022-02-25,0.8538449793947975,27380809087.285168,2765582272.866026
2022-02-26,0.8974185617708587,28804358271.907227,1242827016.4198291
2022-02-27,0.8877278423762516,28448195569.61312,838819546.7357087
2022-02-28,0.8606948958211132,27574399427.75873,931897414.7217752
2022-03-01,0.9603281395363392,30630996790.18079,1359833504.4883604
2022-03-02,0.9636761758795068,30892367858.65227,1334434083.1786208
2022-03-03,0.9390037208231632,30158715639.05949,952214634.5705428
2022-03-04,0.9046020020856528,29070217141.824017,846862261.185301
2022-03-05,0.8438005181759421,27092657207.3501,929386636.0925648
2022-03-06,0.8670347352944822,27767699997.64302,699482297.4954655
2022-03-07,0.8252593589037298,26438548435.8064,617464962.1174651
2022-03-08,0.7975230733377912,25566969905.6544,882304115.1967249
2022-03-09,0.8019141231750898,25692133991.60226,835120211.190321
2022-03-10,0.8495325177103127,27249486596.33701,862901845.6810565
2022-03-11,0.8077523838884934,25889503942.0166,798878328.3405949
2022-03-12,0.7906325985073731,25428798152.19103,634486808.4585449
2022-03-13,0.791491911507429,25434710291.746586,391552569.5226586
2022-03-14,0.7922625342809958,25355708728.210907,592731497.5633243
2022-03-15,0.8038114324632528,25728914895.372,715538424.61176
2022-03-16,0.8004081137782383,25719829388.98241,672590089.500112
2022-03-17,0.8382341320741912,26541616926.683823,969717592.02419
2022-03-18,0.8376828468522267,26836330495.633797,731533657.8818182
2022-03-19,0.8540593154943602,27401653000.238808,633235446.9625047
2022-03-20,0.9011409415209742,28829284960.6332,874463958.3887647
2022-03-21,0.8772268408898013,28148726945.452305,750486958.7804272
2022-03-22,0.9157208518840506,29195679346.345245,921246829.6089028
2022-03-23,0.9757492193915333,31106610233.077805,1339383877.7756891
2022-03-24,1.1043315324024476,35144269548.35936,2721873859.026031
2022-03-25,1.1281197144220882,36174727483.39774,2818931372.5988584
2022-03-26,1.0976770294262697,35230742774.42558,2014405026.934792
2022-03-27,1.1503911638881177,36962552852.50904,1262708850.6801925
2022-03-28,1.179162614473682,37732296888.58796,1183071933.758048
2022-03-29,1.1682945397142683,37863693777.97249,2092616377.2214744
2022-03-30,1.190232688060207,38100498122.30323,1575619798.950238
2022-03-31,1.1901709732345958,38244803202.93802,1355237416.0780723
2022-04-01,1.1432294041179332,36564438553.58206,1624760196.3938525
2022-04-02,1.1648162970000626,37319104972.83728,1563230562.9633229
2022-04-03,1.1591062332847282,37298700193.35377,1120502102.8071818
2022-04-04,1.184248700488764,37950775793.77831,915587874.7530304
2022-04-05,1.2127336192045626,38870321080.1152,2253384085.476365
2022-04-06,1.170750531447169,37632239199.71879,1081488584.0818248
2022-04-07,1.0543918785143234,34026993428.76506,1605538955.330919
2022-04-08,1.0930634198142797,35050598645.116776,1084344265.414358
2022-04-09,1.028090155339089,32831866550.980778,888344049.6076194
2022-04-10,1.0460643336013675,33449118882.30975,605121783.4488175
2022-04-11,1.0334072295109404,33247148814.551537,583476514.1398174
2022-04-12,0.9225429895879153,29698618696.22449,1291467594.2250822
2022-04-13,0.9572107784910692,30694294775.110844,1020547948.0733728
2022-04-14,0.9762136305030216,31303049352.34989,751454569.7122971
2022-04-15,0.9333464869800188,29929053080.4926,796807126.0565505
2022-04-16,0.9562172348718778,30654197034.917725,592228137.4808869
2022-04-17,0.9540545750164756,30647912429.836426,429049344.1262789
2022-04-18,0.9172931231380914,29413227467.25513,466973239.0949684
2022-04-19,0.9373226455075536,30056554133.196068,1046894124.5428252
2022-04-20,0.9529036558886118,30551736663.589764,715780087.2814221
2022-04-21,0.9372825515661384,30042032727.31392,759001703.42081
2022-04-22,0.9107116838174864,29145834793.02836,789238228.4975466
2022-04-23,0.9076742434602032,29120277968.189747,671459995.0565001
2022-04-24,0.8895577777995904,28579847077.376637,391087546.4628008
2022-04-25,0.8862498910794336,28439931064.51925,435930790.6698441
2022-04-26,0.8990775261480345,28810400546.189293,1092611693.058392
2022-04-27,0.8276609584458691,26572384250.95359,937366070.2346098
2022-04-28,0.840859135881839,26970724275.016724,861148771.4233253
2022-04-29,0.8429366021947979,27003290038.69941,766789277.9472404
2022-04-30,0.8062217617088027,25935835072.43784,794628783.3191725
2022-05-01,0.7580642814173517,24181808100.75781,787135961.9484397
2022-05-02,0.790253017398535,25340561982.793995,861447579.8262467
2022-05-03,0.7830507600156731,25069143084.12341,738951709.0952619
2022-05-04,0.772802565851938,24780988986.160595,595809898.2305807
2022-05-05,0.8959280427172623,28751156734.12401,1380775100.6168275
2022-05-06,0.792969415666982,25432773607.18915,1660085406.1522262
2022-05-07,0.7860899860195281,26584156717.79846,1197670447.3587244
2022-05-08,0.7640968621624946,25894707553.5098,715282757.3563074
2022-05-09,0.7409893680102595,25075364017.607323,994024088.1894656
2022-05-10,0.6162965800965399,20913667251.20072,2106558355.2155027
2022-05-11,0.6294082867516517,21201814151.975883,2117411074.7098064
2022-05-12,0.5163818112061884,16938551696.595608,2453060222.833718
2022-05-13,0.475377639797892,16116047160.540085,2590169979.449191
2022-05-14,0.5299473399226003,17889561170.318428,1791950376.7542849
2022-05-15,0.5411354845870858,18236404472.773064,975136542.4123154
2022-05-16,0.5977323306990724,20211047769.939224,922868708.5418024
2022-05-17,0.5572923491296004,18840988244.34967,1094571216.4104033
2022-05-18,0.5793672475865163,19627472575.983555,826573979.047094
2022-05-19,0.5069949254883879,17162201162.922491,806419307.0242981
2022-05-20,0.5348984580018751,18099222175.634266,830096519.4678719
2022-05-21,0.5183694488225625,17533911904.7754,634853511.547018
2022-05-22,0.5294920193158067,17907559108.18683,356628251.0442333
2022-05-23,0.5432984065394273,18382284485.75812,421346255.98129576
2022-05-24,0.513930048840228,17359814467.102055,640897589.8967882
2022-05-25,0.521399625268225,17625461349.811405,548214539.056527
2022-05-26,0.5143498842212021,17398748801.043335,462766230.3377144
2022-05-27,0.4828516376345366,16364002617.039528,744867891.198471
2022-05-28,0.4558360512848148,15376990672.242195,806316121.1329653
2022-05-29,0.4664316859464866,15820886950.500496,379559254.6848183
2022-05-30,0.4818237972764668,16291452374.037235,374779227.1200203
2022-05-31,0.5706636680302087,19316903359.66667,1005116302.3117127
2022-06-01,0.6308250773840011,21403006491.157463,2809963269.404745
2022-06-02,0.5536779842024441,18744362732.21837,1272220535.9278896
2022-06-03,0.5869984875309932,19880524128.35389,1148916329.802348
2022-06-04,0.5602255376648544,18946974767.650925,827381308.8870277
2022-06-05,0.5668716690507664,19061063639.607044,492620235.76984686
2022-06-06,0.5676280651488058,19252585858.21193,417600832.84521866
2022-06-07,0.6081451522907464,20641927010.032883,1318274801.6809962
2022-06-08,0.6169005122096026,20863737286.42599,1346099448.5523438
2022-06-09,0.6426214518129036,21733626216.68671,1579935267.1476665
2022-06-10,0.6328547148991325,21414878398.5152,858777542.3789592
2022-06-11,0.5747889164114967,19451246646.809555,1027706322.6446882
2022-06-12,0.5540150564146251,18703983406.591984,1073933689.768273
2022-06-13,0.5023987818209337,17023647989.452194,1293077699.8335314
2022-06-14,0.4614215583585246,15528588225.305462,2259176775.527118
2022-06-15,0.4854591861224639,16414271850.936483,2064049915.314382
2022-06-16,0.532564038433958,17959119805.41293,2198550476.914629
2022-06-17,0.4758390962808479,16118020967.695574,1166873169.0331368
2022-06-18,0.488402289016132,16517893641.591732,818801818.7422516
2022-06-19,0.4578899584651951,15431066872.7482,1177664753.3814473
2022-06-20,0.4838293627526368,16276345714.246153,1022208856.6833508
2022-06-21,0.4927644539325335,16715183294.156612,1017220562.483222
2022-06-22,0.4799911590000648,16226255962.93925,953739373.1378332
2022-06-23,0.4593342067203709,15527121221.562143,780350426.4637877
2022-06-24,0.4803366242622928,16255800327.530474,696825811.8280909
2022-06-25,0.5026503766572138,17038833814.009642,926847204.881988
2022-06-26,0.4982748130197061,16869524880.157185,625318461.1898015
2022-06-27,0.4914166229515856,16623658889.637953,810306470.1635964
2022-06-28,0.4867461170075046,16456993692.488617,677084429.9246196
2022-06-29,0.4701824775071778,15864801948.935286,683911729.4435477
2022-06-30,0.4651971801017465,15747671034.553007,724334193.7761197
2022-07-01,0.4546972985669734,15248112249.017147,824504186.0175022
2022-07-02,0.4508467956257672,15336638274.549747,772454995.6318773
2022-07-03,0.4574552684225246,15484756834.589,486237372.88218176
2022-07-04,0.4569555517666023,15446861108.260324,435385002.4653979
2022-07-05,0.4693581100882419,15856014567.493267,793591269.2251434
2022-07-06,0.457366386653535,15459445603.81665,748809018.0029995
2022-07-07,0.4625681814937051,15639819200.682293,622876393.9160126
2022-07-08,0.4783408121644872,16218380750.272114,631266505.7083857
2022-07-09,0.4711402493185501,15950017978.734137,839958170.8167686
2022-07-10,0.478738066791374,16212837851.51472,658153260.0280093
2022-07-11,0.4633762932634443,15681229639.08106,607755140.1994073
2022-07-12,0.4359019360064698,14760113239.829622,716352185.9744273
2022-07-13,0.420516187045956,14313569195.36208,582880645.4357321
2022-07-14,0.4375717318924484,14797283957.64413,895826599.11333
2022-07-15,0.4413628182288598,14943454279.186651,735765607.56069
2022-07-16,0.4424635365375373,14953534950.341696,675020078.8995036
2022-07-17,0.4569158642181293,15444621245.205948,592906148.1806766
2022-07-18,0.4482445323789722,15219619231.247738,635834402.5337777
2022-07-19,0.4915145947601871,16593812798.034151,1487025377.0010622
2022-07-20,0.5154098946957864,17440738301.27521,1476504248.7553935
2022-07-21,0.492080290171651,16685743726.368994,1464714071.1224508
2022-07-22,0.5000112464251638,16943428134.748638,946813840.549018
2022-07-23,0.4839420130448504,16342041083.86102,778656829.7809081
2022-07-24,0.5187661266888138,17526372893.15473,845507411.0982322
2022-07-25,0.5146756416097029,17504344263.581043,914299114.4403044
2022-07-26,0.4782706719537712,16303401122.606173,734819368.0762701
2022-07-27,0.4677893890605863,15833042011.240189,775020107.2147014
2022-07-28,0.509188049612994,17200487924.59785,1020763453.689992
2022-07-29,0.5139091350365205,17351452032.081383,1228761150.6229255
2022-07-30,0.5256568929420354,17944907096.33059,1414352057.2901192
2022-07-31,0.5264784655956947,17764182816.830772,1135684896.6410575
2022-08-01,0.5183234830458462,17550498086.4247,750223549.1875405
2022-08-02,0.5135269590509364,17347867527.218674,661301555.2691711
2022-08-03,0.4999610997012536,16978007491.092735,719111180.4841937
2022-08-04,0.5026594006362538,16997573338.703506,557951652.216512
2022-08-05,0.5023820378911109,16952714475.159262,504318910.1178008
2022-08-06,0.5174180922189219,17481580237.73532,545010350.8012214
2022-08-07,0.5128660090317346,17363035060.460682,372928511.4674786
2022-08-08,0.5289602332149591,17891440238.040348,484163038.0068173
2022-08-09,0.537455065443683,18177212772.198566,751185478.1772959
2022-08-10,0.5162594429612298,17443295978.717987,620444997.5265732
2022-08-11,0.5377914914772388,18170907378.942543,752169685.1168418
2022-08-12,0.5316314907103368,17990239681.06567,729375747.156051
2022-08-13,0.5418383585852335,18303954512.76234,522563815.8064888
2022-08-14,0.5616491248517714,18995496380.33972,881421106.5688083
2022-08-15,0.5723791735082375,19376950921.31594,1095775521.3805115
2022-08-16,0.5524586981510534,18697412375.46549,823679937.8247002
2022-08-17,0.5597850009073527,18927844549.39547,680713342.7538884
2022-08-18,0.5393016068527493,18212548966.162533,996531852.8378624
2022-08-19,0.514486880521632,17412399056.99138,574175563.3406008
2022-08-20,0.4525472208413106,15264620469.32385,1131869911.178255
2022-08-21,0.4521652403438286,15287373242.701645,712605130.5730289
2022-08-22,0.4649373584453526,15737082239.766909,572942227.1883541
2022-08-23,0.4610396676851754,15558968017.802616,652365390.9596139
2022-08-24,0.46619724094261,15758641592.152924,496523434.9409549
2022-08-25,0.4584873318259582,15498632416.57211,419728029.6500707
2022-08-26,0.4656488051794113,15769622061.036827,455105017.3512875
2022-08-27,0.4324677991726041,14532909604.997637,1067566966.6843
2022-08-28,0.4518468678970884,15255653329.04104,611619788.9378777
2022-08-29,0.431754969596983,14635063104.049618,422733249.41445947
2022-08-30,0.4517569567660419,15311579937.340343,495542633.8297333
2022-08-31,0.4526699699342835,15340224310.072096,545010438.7828535
2022-09-01,0.4466726418878974,15116206759.449072,442697001.1300091
2022-09-02,0.458588258493987,15490616058.460348,488499192.2825552
2022-09-03,0.4548957728918525,15371731935.340862,445202474.1221141
2022-09-04,0.480291543128686,16272187678.984571,669578779.8853098
2022-09-05,0.5026112502036145,16979205843.876228,771344282.1348823
2022-09-06,0.4997818982448003,16869479136.034843,563073797.6770258
2022-09-07,0.4643124644102244,15710782585.77587,840012624.9306988
2022-09-08,0.4798317548066893,16275716122.45595,596467887.4374392
2022-09-09,0.4800367207588925,16225891068.956757,546946753.3772337
2022-09-10,0.502127662637198,16883909775.078764,735761266.585142
2022-09-11,0.5125662558826063,17349135568.209515,846515848.166846
2022-09-12,0.5085717405815829,17203617072.33247,602005606.8858048
2022-09-13,0.5006117910318423,16929934732.473978,736124582.7163935
2022-09-14,0.4655851128844718,15757149494.533327,871818623.8724078
2022-09-15,0.4822318287698973,16255726044.604422,626860025.9736454
2022-09-16,0.4665335062076687,15787367090.023363,563333171.3964566
2022-09-17,0.474275886041687,16036352648.168652,471827719.7126328
2022-09-18,0.487738017805055,16481081019.23323,442079343.1228785
2022-09-19,0.4485764937339541,15177820354.668495,558733055.79383
2022-09-20,0.4547069922944302,15380850389.891705,652710345.4408419
2022-09-21,0.4421106099185847,14971439823.899887,458720063.4322484
2022-09-22,0.4419991413548421,14927028910.26723,1000019241.0326916
2022-09-23,0.4602227485381727,15552763941.807796,639659167.8304157
2022-09-24,0.4626775431681952,15705053312.774714,840576833.5177985
2022-09-25,0.4528707038191501,15316824192.490423,495364665.5291062
2022-09-26,0.4473009934232198,15119251766.601458,447022381.2770915
2022-09-27,0.4467679924841252,15075736600.032124,527803459.1931037
2022-09-28,0.4425349322585036,14974356860.255735,575411543.574594
2022-09-29,0.4384459040360633,14823431642.065315,507181125.7977745
2022-09-30,0.4379770161005977,14806691717.48292,451700955.3101255
2022-10-01,0.4344260555443908,14696613225.453772,476695048.2153691
2022-10-02,0.4309075012509173,14572943700.775814,275605662.6433774
2022-10-03,0.4203358263307138,14166555661.598583,349880389.8333772
2022-10-04,0.4284228844078707,14489425802.19616,396923709.15801775
2022-10-05,0.4364116140393047,14750681909.150242,389554924.5362485
2022-10-06,0.4314549067842627,14592010193.096067,386899877.8492616
2022-10-07,0.4289911363146363,14516473487.047983,373891185.4703044
2022-10-08,0.4252980966553547,14372895277.920216,376520586.2204256
2022-10-09,0.4221984363702373,14276638995.589676,256034560.83025283
2022-10-10,0.4226755175063976,14290398884.442415,244792009.01460543
2022-10-11,0.4020728336836243,13653344259.45396,433727773.12612426
2022-10-12,0.3908721911480046,13198595290.310684,562570768.2764642
2022-10-13,0.3814679269243617,12901537611.637196,400079678.543493
2022-10-14,0.378521744482319,12791915350.828714,858230070.8400732
2022-10-15,0.3672755754076161,12392689792.863262,487794378.2502631
2022-10-16,0.3640513982355477,12309037704.759996,311812753.17592186
2022-10-17,0.370371679681745,12515578717.08945,297264807.4497895
2022-10-18,0.3733983200600972,12609605254.111353,321996860.0805827
2022-10-19,0.3625218701778715,12256641766.95576,380762928.3209235
2022-10-20,0.3500222186755957,11852415892.097555,415923322.6878948
2022-10-21,0.340137225488079,11498614666.31761,471611618.8314314
2022-10-22,0.349288262901701,12240818816.6128,499292036.85871
2022-10-23,0.3515731905333527,12322276862.645452,337935170.3284901
2022-10-24,0.3619170900273708,12679018038.412865,384355315.39422286
2022-10-25,0.3571781473990901,12514592960.486609,376006394.129509
2022-10-26,0.4030334080328212,14125111627.502726,1142066696.3814633
2022-10-27,0.4032445069791389,14116657054.038143,744946954.6647252
2022-10-28,0.3888590355999426,13643453921.010435,680572977.9910443
2022-10-29,0.4041449171736792,14152659906.88777,600688333.606234
2022-10-30,0.4182002717852808,14641239556.103518,834938838.5776018
2022-10-31,0.4053084047508026,14192539385.426718,546408379.8270994
2022-11-01,0.4061606265048067,14239209401.858196,541574807.846433
2022-11-02,0.4010780130322904,14046284574.960236,424389249.7864117
2022-11-03,0.38621096907437,13531395048.584606,689133409.863233
2022-11-04,0.3892902544894817,13636465621.525717,416914850.6662955
2022-11-05,0.4215241135694441,14770772848.80776,899389018.3221228
2022-11-06,0.4269243068384789,14968764185.77658,682987248.0342126
2022-11-07,0.4040429710490429,14171602326.781609,472977370.27640575
2022-11-08,0.4042435553968207,14151650831.070724,550073849.867848
2022-11-09,0.3724793926507342,13126700296.842075,1313554146.6388986
2022-11-10,0.3159747035749475,11086726499.35976,1208738101.7334602
2022-11-11,0.3698854969369306,12938175177.244574,1161366328.859609
2022-11-12,0.3563338990302898,12444528721.08047,594772825.4540176
2022-11-13,0.3399324126919794,11909550599.84657,393108578.4016874
2022-11-14,0.3301781678010905,11537810805.967918,389879990.74895567
2022-11-15,0.3325812192248872,11680062072.0967,500083635.9388897
2022-11-16,0.3379223378648112,11858620450.333736,318852397.64077646
2022-11-17,0.3334291636417461,11685096496.962875,288997279.33716375
2022-11-18,0.3256427235965281,11413410277.380384,243926480.64010152
2022-11-19,0.3271994657923801,11463611476.638016,230764123.87882555
2022-11-20,0.3291328218094749,11538888613.658794,159093236.6692909
2022-11-21,0.3133823656668392,10999857007.735691,243968944.42498603
2022-11-22,0.3055463518516665,10711858132.643946,410358624.1490884
2022-11-23,0.3121956761966735,10978554936.15271,310040647.7476829
2022-11-24,0.3193644619116083,11202669269.720907,330445669.4295261
2022-11-25,0.3172693541802192,11115483394.812569,229337223.03189248
2022-11-26,0.3160263929630735,11085465954.127386,229728299.94177344
2022-11-27,0.3143280921031796,11008659410.721724,216285094.40415597
2022-11-28,0.3137726044195829,11002188040.756248,178897464.43869504
2022-11-29,0.307043953795643,10761215051.14446,297400876.2573056
2022-11-30,0.3100716866282659,10871692878.157091,186459858.88183987
2022-12-01,0.3203633699936929,11241301722.29082,280053878.8090341
2022-12-02,0.3153375502816153,11049222186.199265,203650152.0533426
2022-12-03,0.3199614261159225,11217744518.449362,185173347.5545493
2022-12-04,0.3208384826526819,11266463422.231169,229698667.91841096
2022-12-05,0.323576351728209,11337246348.083197,175131072.82691193
2022-12-06,0.3203095895767889,11229740361.424658,205247917.13067135
2022-12-07,0.3191571645334378,11171270420.656044,159871857.69683614
2022-12-08,0.310985114005868,10911580962.250353,217458742.3025737
2022-12-09,0.3149178263848167,11042204197.991655,170856072.86046755
2022-12-10,0.3124087450936066,10947127564.142126,161879381.5627049
2022-12-11,0.3131223507060465,10955129108.922724,89086469.11487137
2022-12-12,0.3082595033901836,10795338642.164318,117231304.42719582
2022-12-13,0.3071820518723824,10765213994.412956,182275972.19121635
2022-12-14,0.3122753240931365,10947773351.028316,322716718.24455327
2022-12-15,0.3083642500942882,10807853982.688818,266724848.77993876
2022-12-16,0.299540773872443,10507439028.029615,231166876.2783708
2022-12-17,0.2644755733706918,9209359368.259089,450953840.6379517
2022-12-18,0.2674500196631341,9371061912.52424,357667134.6152626
2022-12-19,0.2666027979592194,9380446763.925056,200137566.98486248
2022-12-20,0.2528340472956252,8873184620.700447,234453354.99381897
2022-12-21,0.2594727994205192,9090926650.088385,193006846.68226376
2022-12-22,0.2532859460914755,8877957164.938986,215629099.9968907
2022-12-23,0.2566585951875997,8992871450.40732,181065917.5876558
2022-12-24,0.2598711295614552,9102643325.100744,184364462.2464073
2022-12-25,0.2595962174996505,9108089569.82464,89276162.84465127
2022-12-26,0.2596384912708029,9092589291.55371,115170654.41201364
2022-12-27,0.2653712277296782,9291688438.037796,155086399.88569424
2022-12-28,0.2604918020443702,9120634176.32661,147957477.73168173
2022-12-29,0.2484055272755931,8706852770.635092,219098207.21309116
2022-12-30,0.2443147559531476,8562205774.727905,228559837.82162708
2022-12-31,0.2457120108708048,8607991177.831968,171616881.24857488
2023-01-01,0.2463982942185593,8639667066.713358,155399786.83368626
2023-01-02,0.2499377242799236,8760815157.937347,118008081.8857778
2023-01-03,0.2539484633597189,8909442495.772968,166467580.33024943
2023-01-04,0.2531435084634493,8866077129.565514,158429114.05625778
2023-01-05,0.2679479211035936,9386328191.022104,308444828.8542072
2023-01-06,0.269366459596555,9439944979.112,186258828.28031316
2023-01-07,0.2788781186042587,9774060225.656029,353554254.36789334
2023-01-08,0.2774524659918043,9715964551.298452,173174628.34261802
2023-01-09,0.293615204713695,10300606515.15158,413304042.3639351
2023-01-10,0.3171707899055263,11122330043.38504,974414951.91249
2023-01-11,0.3226584671571472,11292662260.684406,445919255.6846144
2023-01-12,0.3234089195684316,11308683137.517609,354859513.3399888
2023-01-13,0.3300247991715598,11570628015.204136,562673087.8716764
2023-01-14,0.3453714599228635,12093797768.19843,410767751.6782783
2023-01-15,0.3519119190637228,12362646517.736372,835035759.7752243
2023-01-16,0.3504573219603482,12260892656.876629,390932534.538554
2023-01-17,0.3502826492228772,12264237310.305292,445014768.5011581
2023-01-18,0.3465310982996337,12137020401.334948,300478175.2813681
2023-01-19,0.327855887521303,11479445708.995796,452576275.4706946
2023-01-20,0.3395379607151922,11908339088.063757,245283868.60225916
2023-01-21,0.3636230849781876,12706691031.137093,363818582.113123
2023-01-22,0.3693368979552422,12927454159.66188,618878365.285699
2023-01-23,0.3775456958544885,13229237078.193174,603642881.0813547
2023-01-24,0.3764909874045472,13188812335.29959,507459192.98282266
2023-01-25,0.359068699526837,12577247529.525206,351284235.0738831
2023-01-26,0.3742839180589751,13107855671.30252,389497975.61468655
2023-01-27,0.3807430116028526,13350884665.904545,462182515.74284977
2023-01-28,0.3898886047145344,13626543158.560867,360808198.5965186
2023-01-29,0.3826326737967218,13394216456.283022,366609117.2041258
2023-01-30,0.3968034665567562,13886339439.642038,334441514.1232313
2023-01-31,0.373280992905906,13050686924.400314,406195562.7680928
2023-02-01,0.3923269344272565,13739947311.515242,485110346.3061087
2023-02-02,0.3978843660000393,13941650401.95893,506205683.8664071
2023-02-03,0.3994952951343041,14004431006.110125,573959330.9986911
2023-02-04,0.4049394371081902,14195163826.609682,390999633.4526748
2023-02-05,0.400012041130663,14050882551.241644,263084740.45153812
2023-02-06,0.3928544917532688,13784689201.47828,350978984.6150683
2023-02-07,0.3830234267080654,13413615316.698278,341533271.40342003
2023-02-08,0.3995028360891329,13995112011.822542,366338560.6024305
2023-02-09,0.3946134010769468,13838767400.638256,342730685.9609066
2023-02-10,0.3625319604295746,12700635423.238155,490910349.17458993
2023-02-11,0.3590852498770424,12591878338.215193,360263656.7773849
2023-02-12,0.3701208341223441,12978050863.776833,224862636.9996321
2023-02-13,0.3642624596931362,12779268330.277773,233568066.53148624
2023-02-14,0.36015973791651,12621979856.387705,372826401.5056911
2023-02-15,0.3872922178928387,13575572016.582714,498029508.5868461
2023-02-16,0.4130852886604641,14353519091.99043,484645105.6749792
2023-02-17,0.3908153380035289,13639995276.217665,565088424.0493953
2023-02-18,0.4050167658008515,14191016122.507011,417077588.7908471
2023-02-19,0.4069117513719228,14237828858.494202,322186852.7354176
2023-02-20,0.3994330904593501,14043747857.23161,342488595.3794008
2023-02-21,0.4030820111109957,14132819917.786251,382673397.1139116
2023-02-22,0.3924300177697884,13736559470.466208,393877647.4711077
2023-02-23,0.3887994247157063,13650328636.799568,394239750.17171454
2023-02-24,0.3837197111247363,13422878914.71544,290508904.52333933
2023-02-25,0.3659320724562127,12831951055.729671,391515903.653899
2023-02-26,0.3626513148487202,12705604283.914536,295147832.66455644
2023-02-27,0.3691012414356325,12940252749.38211,238357219.7338264
2023-02-28,0.3654013189181053,12807607550.16821,252916442.78446364
2023-03-01,0.3527432177275084,12341133082.020231,238422456.275961
2023-03-02,0.361084219026942,12657714408.580032,229268366.11614817
2023-03-03,0.3504503118629127,12275830909.822632,246329386.2930864
2023-03-04,0.343687410203364,12041249033.671446,412463637.7882959
2023-03-05,0.3372756948261113,11812934508.251123,170389737.09304863
2023-03-06,0.3377385621356666,11830384853.655737,165818600.97143966
2023-03-07,0.3314563541487507,11606828343.000158,219304840.3162148
2023-03-08,0.3313400143931543,11581376193.203402,269091570.5703871
2023-03-09,0.3183863881537049,11172310270.030876,288851784.32819235
2023-03-10,0.3103243932849642,10838510891.387287,443854133.9905746
2023-03-11,0.3156142442271207,11089276348.220562,468493562.07914543
2023-03-12,0.3059309689361199,10679679301.253176,434989029.7644779
2023-03-13,0.3310140716223582,11581630428.392332,380024634.1860197
2023-03-14,0.3439401177420355,12065878442.194693,662927956.1389902
2023-03-15,0.3444029860231542,12090327310.891384,596424616.0981154
2023-03-16,0.325547359499502,11397464259.210308,599759982.2065071
2023-03-17,0.3267879582622388,11454977425.587473,364685850.2889938
2023-03-18,0.3502483449244084,12259836658.815914,451127452.5133043
2023-03-19,0.3389679078478405,11885994889.75134,405181332.2523505
2023-03-20,0.3485344878650676,12284106876.322376,316033206.9485012
2023-03-21,0.3346745876648634,11740413064.04814,364629687.4878295
2023-03-22,0.373103830133536,13061409181.133974,659905518.2570659
2023-03-23,0.3630630488297246,12707537391.713314,922448613.198226
2023-03-24,0.3739080566629692,13090883001.253223,413474704.3827974
2023-03-25,0.3624352389963327,12706876812.148476,353544632.98322606
2023-03-26,0.3547228461484663,12433136118.863832,266325927.98274365
2023-03-27,0.3570105725609891,12535421606.29749,272202713.0690776
2023-03-28,0.3469158663951661,12138644788.449602,336956582.7409677
2023-03-29,0.3693229983329013,12941771031.311243,368290970.54818445
2023-03-30,0.3825890970923633,13413184620.042393,537119162.8428296
2023-03-31,0.3770926816747428,13226069415.324286,429889697.11264473
2023-04-01,0.3994645169294982,14009040303.900806,716335255.9501815
2023-04-02,0.3939027697020029,13824277589.68826,388714587.1512622
2023-04-03,0.382295535404939,13389440672.101046,320100355.8623564
2023-04-04,0.3877793388364147,13631038603.44044,683769265.034847
2023-04-05,0.3900193739362444,13665129449.301636,400460060.60802567
2023-04-06,0.392669708759756,13768988507.453009,309234324.8824121
2023-04-07,0.3837872536626338,13463680142.899551,290787654.9883234
2023-04-08,0.3842857167519437,13475498915.163166,219082583.95693147
2023-04-09,0.3864679401025492,13547039830.25686,227489857.3044711
2023-04-10,0.3898666390252823,13668842180.42356,222258531.3009762
2023-04-11,0.3971824198896078,13914326446.557247,274331218.2805179
2023-04-12,0.4016644954431888,14074149361.990534,437318682.9049153
2023-04-13,0.4054038161332796,14231712048.482649,414553548.7546436
2023-04-14,0.4261547854218048,14937732271.41402,500970494.34985024
2023-04-15,0.4389198844544001,15375843757.426771,684812256.7294112
2023-04-16,0.4541580633912379,15952653141.760756,559309012.4588557
2023-04-17,0.4517662081329729,15832624300.027525,395915101.3189253
2023-04-18,0.4346193649718819,15217409658.80521,484945099.3398843
2023-04-19,0.4436136264840976,15556085792.819365,375002798.6104069
2023-04-20,0.4152497046786997,14563917112.89741,593641384.5100411
2023-04-21,0.4007495007189589,14034051781.95876,460777651.5012477
2023-04-22,0.3829833446515009,13415730445.437498,439360411.6551124
2023-04-23,0.3969243401994612,13906111784.033655,267477971.6677824
2023-04-24,0.3890957993158406,13614994074.37198,242425244.1068215
2023-04-25,0.3840507082888743,13466477502.821018,290722439.34347326
2023-04-26,0.3950850314146065,13820436004.544155,294682478.97468483
2023-04-27,0.4013012542412486,14062027692.558102,520144169.2884855
2023-04-28,0.4103191182417802,14369501448.18828,425245708.9423388
2023-04-29,0.405228863697774,14192467314.16635,245848710.07408103
2023-04-30,0.4026173140049636,14118334309.359602,159646974.98439124
2023-05-01,0.3982592228907264,13971464374.61821,237510774.9604898
2023-05-02,0.3872992691284444,13567718828.486317,287299857.22622275
2023-05-03,0.3915645139285783,13728305157.126593,208588929.09194872
2023-05-04,0.3938375814513238,13798775976.600851,278479196.3879188
2023-05-05,0.3877103199326264,13587602980.827509,188639696.57604745
2023-05-06,0.3945345869359407,13810441154.24562,253186602.3977472
2023-05-07,0.3802608107981574,13306507398.74309,264020888.9023085
2023-05-08,0.378091127130723,13232806523.751364,180336987.85704944
2023-05-09,0.3661456825004271,12810565343.83772,382957668.9617624
2023-05-10,0.3635783668516175,12739370020.744396,237308697.16259375
2023-05-11,0.3706085739437641,12975441604.400911,365559449.6864186
2023-05-12,0.3606291711361826,12633292676.033508,272231849.7315605
2023-05-13,0.3708121337966895,12992449827.737345,285317964.12998706
2023-05-14,0.3650928590516438,12829453677.49199,139616346.26124865
2023-05-15,0.3708186911891721,12996323481.303663,130253982.12797776
2023-05-16,0.3680850923668411,12899094797.339403,187955307.46374464
2023-05-17,0.3680868604832396,12903680934.5073,181513998.13250768
2023-05-18,0.3751946347013852,13148583717.1607,232388388.70344695
2023-05-19,0.3727387229660461,13082316162.328234,213667302.72409645
2023-05-20,0.3685992453179343,12926880990.809334,140897222.95345637
2023-05-21,0.3664675892929975,12846035787.71246,124054022.42598656
2023-05-22,0.3610943786327967,12666778954.79216,121023033.0680159
2023-05-23,0.3682463518703757,12907417375.045937,194126381.1036861
2023-05-24,0.3705825231641723,12982680041.228651,152275359.67307913
2023-05-25,0.364486212685355,12789035655.356829,189249483.85622656
2023-05-26,0.3585566121306954,12565006577.64583,174444983.8345201
2023-05-27,0.362998372029945,12719159679.89146,191311920.3397463
2023-05-28,0.367052433900935,12857478682.070503,131051761.52125226
2023-05-29,0.3833572392611616,13438800647.83176,237778137.26541543
2023-05-30,0.379003044055307,13294507213.125765,203132546.8907568
2023-05-31,0.3779807458144805,13257325917.92102,199866301.76475385
2023-06-01,0.3750855973421326,13129990737.885033,200489170.96238896
2023-06-02,0.3651749318541584,12797981310.849957,248374441.04246363
2023-06-03,0.3784899809702085,13262204823.13518,215323705.2670433
2023-06-04,0.3759484175063682,13175759868.487804,116838544.57338504
2023-06-05,0.3786254812135736,13270626361.918886,146495299.10746226
2023-06-06,0.3520800748356713,12359885714.546743,311589965.2096136
2023-06-07,0.3541047437230991,12399325222.325651,282365546.14349484
2023-06-08,0.3223911496462773,11295255695.123688,412340334.7947022
2023-06-09,0.3231673186820081,11320542141.36701,266354696.8563639
2023-06-10,0.2952222726424381,10317921990.29103,551200071.237374
2023-06-11,0.2763099428900195,9716786435.293474,1399405888.8240273
2023-06-12,0.2728991855704722,9545651607.422129,536957961.8058821
2023-06-13,0.2756566477744952,9659267109.116688,460654747.4903586
2023-06-14,0.2749143072713839,9626181098.95588,337639817.6442473
2023-06-15,0.2632091133935559,9220131350.3828,263220414.3051868
2023-06-16,0.2617003150313724,9167328677.190825,279473081.5657119
2023-06-17,0.2633480273248004,9227182603.080387,189310965.39881328
2023-06-18,0.2669648590318742,9359198036.222015,187039705.873628
2023-06-19,0.2611272465334426,9151703555.11924,142964016.46255222
2023-06-20,0.2630351554029657,9218553307.245695,131662710.39350288
2023-06-21,0.2696637474506153,9440263488.262411,186826959.44313788
2023-06-22,0.2871479119846012,10077394526.9687,295593998.37627554
2023-06-23,0.2902599373505152,10184721281.675331,286027475.6594799
2023-06-24,0.2958710930183947,10372780075.38508,206656706.08100188
2023-06-25,0.2896137781855168,10142648581.270496,176469156.7523416
2023-06-26,0.292018442533479,10231056021.847866,187472201.8491652
2023-06-27,0.2806163002794754,9810691801.661991,182777350.24510935
2023-06-28,0.2863643768382661,10017483018.00246,170343328.13720086
2023-06-29,0.2669874012462581,9356849697.30136,233130564.11290324
2023-06-30,0.2757364399980156,9671039073.215143,180074752.0800088
2023-07-01,0.2868455734692376,10050094320.537935,425857201.3658996
2023-07-02,0.2921312062252778,10225246937.051348,187193676.00359985
2023-07-03,0.2915753814957807,10211321938.635984,175401361.30073848
2023-07-04,0.2957179078479821,10366764520.147827,171795458.12123698
2023-07-05,0.292876474400886,10297363466.878773,212363482.90645087
2023-07-06,0.2841529700961746,9968829524.701897,197079188.8631909
2023-07-07,0.2800173386218767,9826837407.86419,247352215.395918
2023-07-08,0.2841538706586294,9958793816.069336,178295012.6623645
2023-07-09,0.2905933520752599,10178691722.038004,175732069.2925931
2023-07-10,0.2844534237451533,9966151770.116873,152531371.99395692
2023-07-11,0.2877475749952591,10076045454.92794,218839799.4248851
2023-07-12,0.292666992631267,10258583229.902822,177982818.9669795
2023-07-13,0.2887381578443161,10116899370.893543,157297287.3738458
2023-07-14,0.3568844439990893,12496903000.204168,1061529850.4494106
2023-07-15,0.3286672769440968,11514588242.70672,711521604.9803299
2023-07-16,0.3259384431384771,11426902883.37452,238740937.7439541
2023-07-17,0.314727725948605,11010347100.220154,273772997.9689421
2023-07-18,0.3126042392523757,10949913811.16714,254013075.5968411
2023-07-19,0.3069326776183702,10734285206.644484,267786761.26667345
2023-07-20,0.3240822797504334,11355846356.487429,383394441.4635728
2023-07-21,0.3157649330786437,11077210855.919125,336406743.8692537
2023-07-22,0.3131706030213034,10970363265.281898,205649259.8467456
2023-07-23,0.3081742544523981,10797046324.55779,161693157.56487682
2023-07-24,0.3170341581613408,11111458164.70397,149736321.13736904
2023-07-25,0.3053354049678074,10689650364.070238,220955020.1083036
2023-07-26,0.303890501333733,10647212849.154629,165980268.46008557
2023-07-27,0.306584839821776,10741775967.625751,194346560.46428624
2023-07-28,0.3074308331134405,10776202149.187117,146593216.0525046
2023-07-29,0.309919827256323,10866387593.2777,127820015.00365327
2023-07-30,0.3126119877987806,10959012408.067516,142844606.32036033
2023-07-31,0.3153372481514958,11028996499.906464,170944684.28338924
2023-08-01,0.3073463240460917,10781568926.081827,181518352.27293187
2023-08-02,0.3093745772588943,10825594362.709122,242542187.9484125
2023-08-03,0.2990048491862243,10481916364.381994,208213921.70256236
2023-08-04,0.2924376189585452,10262424186.56672,292519752.4985298
2023-08-05,0.2934853427158879,10282386058.273598,197170877.9612019
2023-08-06,0.2935988870619254,10280822652.877592,157529534.71172297
2023-08-07,0.2916979790306847,10217852028.842112,150759078.22907323
2023-08-08,0.2901808551538462,10165410298.224031,239590650.86775416
2023-08-09,0.2978316095945501,10441947848.683636,312662208.2085525
2023-08-10,0.3012057695740835,10562679849.63074,195518674.0081936
2023-08-11,0.2960268632634977,10375263805.247583,179477802.60477665
2023-08-12,0.2933246871372997,10278658176.642063,124610584.57440908
2023-08-13,0.2916657566851706,10217585439.953056,105607968.60484432
2023-08-14,0.2893724194533518,10135047904.827349,125106297.15534896
2023-08-15,0.2904518139096793,10181963472.170074,129874470.39537588
2023-08-16,0.2817294854003445,9874705133.51847,174122704.0345391
2023-08-17,0.2748521492220638,9638400796.566092,234798832.86591023
2023-08-18,0.2543607827866435,8918502746.085836,340643581.7432929
2023-08-19,0.2636879528052823,9235485828.738453,265109511.7555942
2023-08-20,0.2681859267680321,9404358467.172031,141040323.32467797
2023-08-21,0.2703075510108502,9483518128.253632,141547595.07355562
2023-08-22,0.2629422639660765,9220418595.578129,175576119.8749403
2023-08-23,0.2583820141312215,9046020353.011345,198152460.8522897
2023-08-24,0.2682726881499693,9400067211.70942,181484986.63728076
2023-08-25,0.2657850896575973,9308298800.469662,153453786.61608535
2023-08-26,0.2610914125453289,9150570233.855482,217576947.62494487
2023-08-27,0.260791425508062,9132573636.72735,120462337.71767583
2023-08-28,0.2632569098110084,9220850265.00955,116462764.13628024
2023-08-29,0.2675043849710358,9376227069.325235,158154451.29639572
2023-08-30,0.2721176115093552,9518835596.11876,332817851.40231764
2023-08-31,0.2655613585568903,9310360006.078924,211751436.07783568
2023-09-01,0.2552157503892006,8938907040.232996,202978206.8079442
2023-09-02,0.2552595695126849,8947325420.093899,172136681.3838316
2023-09-03,0.2560491751535759,8983247346.775887,113701620.12739816
2023-09-04,0.2557365356602948,8961371026.882454,95940763.64314748
2023-09-05,0.2561613723656971,8966242166.976534,93727779.94363964
2023-09-06,0.2575400915592396,9018962432.57506,88120684.00317809
2023-09-07,0.2577378212413942,9026717659.710745,114429053.14592558
2023-09-08,0.2575118812702551,9015927482.794643,108866873.26507902
2023-09-09,0.2543608818135225,8915393480.971306,95191885.59119952
2023-09-10,0.2532703279783654,8877059668.183807,53989418.28385612
2023-09-11,0.2491529583218348,8732262576.774017,128734752.41197024
2023-09-12,0.2415517174101533,8461465781.438498,129803720.10017584
2023-09-13,0.2458277636160291,8609558802.18446,116595315.69837268
2023-09-14,0.2487551493525371,8715677519.471708,98971283.10923567
2023-09-15,0.2511102107817495,8800286185.36051,105389811.114986
2023-09-16,0.2505942015107164,8776355612.492113,124078606.93282004
2023-09-17,0.2502976543511084,8766811798.994911,81092237.78082708
2023-09-18,0.2470885090881057,8648053776.953745,81149653.7530044
2023-09-19,0.2515227543810409,8819475908.448656,119655447.24139062
2023-09-20,0.2549926803619234,8937937345.804993,105439407.55124116
2023-09-21,0.251368081858014,8815711337.958332,106401036.48341456
2023-09-22,0.2451001373012621,8600291977.576693,113520871.44735284
2023-09-23,0.2448952813321147,8585705025.899555,114083407.45766383
2023-09-24,0.2459745997053555,8619592452.027447,55598086.26380731
2023-09-25,0.2425572906861602,8496693398.916527,72330914.63107166
2023-09-26,0.2458759094320171,8604621977.881456,116697504.80209282
2023-09-27,0.2453123824223377,8600885316.72379,106949649.19524875
2023-09-28,0.2447633132473476,8579921450.123114,125283389.16896716
2023-09-29,0.2488820718704877,8719104804.177944,151063475.97765502
2023-09-30,0.2494210901271444,8742941658.175673,186729216.73348847
2023-10-01,0.2537925002873487,8894395027.548754,122189783.34536491
2023-10-02,0.265891137170391,9326474972.019297,190242808.72134987
2023-10-03,0.259716498079392,9096928270.773926,240571875.57990128
2023-10-04,0.2610260099053381,9161704299.293066,178131854.44442156
2023-10-05,0.2594108249769498,9092599755.175276,154067040.52675548
2023-10-06,0.2602043419428259,9112061258.746588,110243412.59372813
2023-10-07,0.2649049662485704,9281430746.814064,100076512.63254385
2023-10-08,0.2587231276205735,9066078375.07075,131556140.19120549
2023-10-09,0.2565033811426986,9298790527.476631,82846882.25088605
2023-10-10,0.2515882831139387,9136753051.047577,137133985.70534766
2023-10-11,0.2490328901723682,8680371646.484808,118222187.36208495
2023-10-12,0.2477838236007835,8630105930.33433,121761363.91847529
2023-10-13,0.245658624732186,8556805063.200226,101203394.72948012
2023-10-14,0.2458240163898205,8582452463.153593,105963759.081453
2023-10-15,0.2469902141191303,8610254311.143438,81583101.88455744
2023-10-16,0.2471491660034295,8627925016.955282,86253737.18204829
2023-10-17,0.2513067050118741,8774465639.46441,196542427.39269596
2023-10-18,0.2464931401119742,8605743471.127575,136995347.3776553
2023-10-19,0.2429640674793083,8490282168.975904,113943117.65277192
2023-10-20,0.2469491934232261,8608526980.047028,129719812.37320691
2023-10-21,0.2511209532626735,8767764744.541798,141630674.0695356
2023-10-22,0.2584817308600603,9014611829.247145,152143480.95573395
2023-10-23,0.2640122180000616,9089980189.779222,131872014.86709224
2023-10-24,0.2788865832767842,9729893817.505611,326341538.95888144
2023-10-25,0.2788963796593878,9742296903.43336,391469193.0773144
2023-10-26,0.2803250567900119,9795746430.21064,250824127.0917441
2023-10-27,0.2874746386555463,10037363621.674162,320887506.2864177
2023-10-28,0.289344216919849,10107169065.03483,190567136.0352383
2023-10-29,0.2907998673837715,10156652583.686935,149262290.25066406
2023-10-30,0.2951022329426885,10300989547.845194,153193073.25145996
2023-10-31,0.3028112205756921,10574441269.69695,237181802.5483177
2023-11-01,0.2932473518462861,10221652687.071064,334181312.9011849
2023-11-02,0.3075456469105733,10738988451.115088,341522242.0116774
2023-11-03,0.3233084900729669,11303507533.783775,470471309.1577559
2023-11-04,0.3290640985200862,11482399619.773577,340981433.2827205
2023-11-05,0.328024157052541,11485763531.001478,206419057.70437905
2023-11-06,0.3431925755105471,11991820690.243498,317707346.92450315
2023-11-07,0.3633362143436677,12652835655.246052,424111095.27221656
2023-11-08,0.3512046212169443,12267874666.061497,437518847.1106476
2023-11-09,0.3584859312953708,12489272149.13226,300012747.5789129
2023-11-10,0.3682441373296721,12828643339.85601,669262367.6857054
2023-11-11,0.3863068029474665,13527487240.66776,543194354.1144806
2023-11-12,0.3848682677349981,13344390293.982077,557059837.04771
2023-11-13,0.3831472116871809,13392302446.471188,384997505.9760547
2023-11-14,0.3587682056628103,12536371986.858185,433785022.2623074
2023-11-15,0.3577068569067702,12512087904.211649,420035859.43289423
2023-11-16,0.3789594362327484,13233250799.789236,402034483.0684927
2023-11-17,0.370515074814481,12909692383.715414,763377107.0672898
2023-11-18,0.3657206588373556,12814733631.633553,404223702.0528751
2023-11-19,0.3776104277944783,13202577610.625818,331289214.1557238
2023-11-20,0.3839761391361936,13439966230.392223,296588554.48164314
2023-11-21,0.3795802827444943,13238173712.963823,385034296.323556
2023-11-22,0.3585869854341831,12586581455.538769,441257019.522536
2023-11-23,0.3803192106632693,13298073992.531357,290245006.12700313
2023-11-24,0.3861380267348349,13370425062.78134,239289434.5058379
2023-11-25,0.3861906750115602,13507303773.00796,319337805.76646864
2023-11-26,0.3945790037915447,13798655285.392237,217757496.95023963
2023-11-27,0.387873025365517,13568078759.709051,230314860.3648506
2023-11-28,0.37839467914047,13212027459.657808,253931118.574475
2023-11-29,0.3854540790076171,13451195049.817806,277479955.785999
2023-11-30,0.3813440854215447,13363940331.308529,236180014.28906128
2023-12-01,0.3756346694265104,13141758385.946297,265946777.2258128
2023-12-02,0.3841345948407982,13426301063.78608,248830551.01772344
2023-12-03,0.3980544170749391,13924379560.95472,223896759.42440325
2023-12-04,0.3946587984344846,13833027476.887646,309855450.0819562
2023-12-05,0.4068705909369045,14247488127.35405,550736446.7684953
2023-12-06,0.4255249059737904,14859698091.207352,503546895.4106949
2023-12-07,0.4420893756330858,15514422350.402391,802619736.8149824
2023-12-08,0.4558729709092601,15987519046.828108,574556484.7570821
2023-12-09,0.5474035170649149,19189709851.146347,1596744685.0309386
2023-12-10,0.5790191961638709,20237144798.536312,2340569885.724132
2023-12-11,0.5955252513479339,20816024628.61953,1110103511.7299008
2023-12-12,0.5503522027851744,19261091817.976624,1286257427.3835833
2023-12-13,0.5762622487496744,20146794383.66487,1177190690.1989386
2023-12-14,0.6613892286453705,23059255916.95966,1747028999.7576077
2023-12-15,0.6424514040505339,22487447725.07331,1269985825.7832694
2023-12-16,0.6020396774940284,21100423401.33697,806518595.228801
2023-12-17,0.6064994776423223,21181052492.65789,575345916.9147527
2023-12-18,0.580529648296934,20339851191.607445,514551580.1843476
2023-12-19,0.6008709727534548,21003610911.560223,691660446.5937076
2023-12-20,0.5750008478278528,20143336335.64608,632705852.6779855
2023-12-21,0.5897207331143677,20651146676.98497,580516300.0985196
2023-12-22,0.6363095815171818,22265983019.333626,797789227.4246114
2023-12-23,0.6236175706204236,21852144953.840904,787720553.1089021
2023-12-24,0.6148032468668216,21558341872.33499,473986976.414917
2023-12-25,0.5930897407349875,20824714615.780693,787979858.2276132
2023-12-26,0.6257644971286507,21918876965.427883,632104577.1998918
2023-12-27,0.6079167108264765,21287502499.31608,882491094.1269486
2023-12-28,0.6329349656134101,22140323362.6994,900745483.484624
2023-12-29,0.61768195134706,21726161444.45479,1346540709.190224
2023-12-30,0.6083868654372805,21292506185.89048,717176437.0684437
2023-12-31,0.6023831951139077,21117042414.82859,357722554.5858614
2024-01-01,0.5932116677600944,20768012511.689167,393610254.65655833
2024-01-02,0.623256101436692,21813895786.65837,382567378.39549744
2024-01-03,0.6060852609787025,21217920209.13085,605827879.825443
2024-01-04,0.556842720162059,19492991183.829597,1132517812.6945944
2024-01-05,0.5695463363891113,19973472132.064896,647398589.6527878
2024-01-06,0.5393707483904063,18889131505.79455,662258028.7884548
2024-01-07,0.5226179816319002,18320986539.98228,475388171.98152566
2024-01-08,0.4926611410057146,17221526335.03838,412912355.40051055
2024-01-09,0.5405817266765055,18969973788.88444,791340975.2839112
2024-01-10,0.510767880375113,17871569878.486824,697387092.0744412
2024-01-11,0.567929294391895,20050447957.68869,1086480496.21322
2024-01-12,0.5811386539221115,20417017039.72404,1178761304.35077
2024-01-13,0.5474745911780851,19150592219.0832,682778320.2891093
2024-01-14,0.5495600380376037,19232710350.699898,370948669.7885882
2024-01-15,0.5253876070255283,18512738320.04844,347100072.04519725
2024-01-16,0.5284594521791264,18549127052.180424,339882440.3166516
2024-01-17,0.535446290453216,18781749088.19812,346646551.22077286
2024-01-18,0.5265727839341486,18471739363.68437,306109383.7099853
2024-01-19,0.5018280724933721,17613453526.75839,383251921.8672006
2024-01-20,0.5015555780282297,17559398959.66756,439739467.283266
2024-01-21,0.5142145110223477,18083396071.90225,339700601.15367395
2024-01-22,0.5035925858990076,17678001233.70669,229932801.22884545
2024-01-23,0.4772380109659874,16744952253.789576,453378521.9139172
2024-01-24,0.4770653869742731,16697129325.232067,550392222.3144281
2024-01-25,0.476850907946624,16728762678.318542,396586946.5888254
2024-01-26,0.4666944281737374,16365338949.33524,353047087.544824
2024-01-27,0.4846114472370051,17004934734.742683,358523753.54187137
2024-01-28,0.4862832122785023,17051206354.72441,237374918.92974827
2024-01-29,0.489756524331142,17185404085.211105,345033306.5676203
2024-01-30,0.5254688082222182,18423036400.75625,452014463.6166394
2024-01-31,0.5147458836162068,18031831640.32807,497705500.3904423
2024-02-01,0.497789409814157,17510938546.19112,474657239.93305737
2024-02-02,0.5054817418827323,17754335457.66623,383238253.98057
2024-02-03,0.5141625358932159,18035412224.884808,422898072.3867539
2024-02-04,0.5123374566279294,17978742808.732403,273625205.170969
2024-02-05,0.4949022925699801,17381137450.361454,236376495.6110224
2024-02-06,0.4933681022068834,17301196592.003677,278395981.0641009
2024-02-07,0.498441333850525,17513186139.42102,280181826.35931706
2024-02-08,0.5016766610371062,17634102330.676304,503827123.5647304
2024-02-09,0.5285400987966482,18551899727.3207,675943613.6718574
2024-02-10,0.5407895528441048,18987538352.91352,515048375.0312176
2024-02-11,0.550691853953995,19334798515.13986,393757855.0060365
2024-02-12,0.5407701438792356,18986241812.050743,511289100.2226141
2024-02-13,0.5601792735971755,19649593402.49963,498953226.8795763
2024-02-14,0.5455257820468045,19150634765.515022,466661251.1224568
2024-02-15,0.5763509300308692,20254899469.463684,564319679.6338998
2024-02-16,0.6079150262037338,21322235271.627857,774318570.5597647
2024-02-17,0.5986118359560745,21033829561.208004,513588623.59630615
2024-02-18,0.6084093090840645,21357658055.62582,430862242.6929241
2024-02-19,0.6191363787551806,21752621557.78202,669317388.8544962
2024-02-20,0.6311288361257484,22182437528.927013,581119408.725929
2024-02-21,0.6223752038315511,21890064458.182777,781168345.8825276
2024-02-22,0.5989716417855219,21096459538.945927,527668845.0609538
2024-02-23,0.5870301423459386,20637785387.59963,485444178.7378311
2024-02-24,0.5842533001319432,20561589681.807785,453321453.65338427
2024-02-25,0.5963385611377838,20965888316.56791,384335226.78973615
2024-02-26,0.5919576755178287,20808674548.394157,331872250.21940106
2024-02-27,0.6185476984822272,21749100726.164223,592087524.6837299
2024-02-28,0.6241652788950875,21941823650.68804,731758945.9474002
2024-02-29,0.6314079487062091,22129642461.9693,1191538044.9229648
2024-03-01,0.6564418023911469,23175081904.582397,1614265130.1649714
2024-03-02,0.7149619267973372,25001746853.5039,920359857.4053148
2024-03-03,0.7417755124257798,26076704669.155296,1241581216.1611676
2024-03-04,0.7276491507472452,25559072214.641167,903142029.2722098
2024-03-05,0.7722695346369098,27150808361.07307,1680447500.2155988
2024-03-06,0.6972076134960586,24537972409.659943,2188572422.175405
2024-03-07,0.7336259370506201,25771433380.11001,1200380141.1484196
2024-03-08,0.744449593191725,26227156486.565323,910160155.0149086
2024-03-09,0.7247375305870432,25474242398.708546,903991115.3918712
2024-03-10,0.7449746080676288,26203159950.65673,539996207.9753002
2024-03-11,0.7160578860375334,25173363502.68041,605135043.3263835
2024-03-12,0.7749753173328475,27332452666.28988,1288497599.5847096
2024-03-13,0.7481917133085468,26331618804.534817,978092026.6629596
2024-03-14,0.7639288624018844,26902388376.62822,784498987.3893253
2024-03-15,0.750550098481413,26442400083.09161,1567796430.063801
2024-03-16,0.7270113979441996,25650847321.97299,1387708020.9297397
2024-03-17,0.6582371256229309,23168400664.030697,933330158.7096812
2024-03-18,0.6817720909945488,23935819800.25573,795832686.2319198
2024-03-19,0.6623281909079127,23349816062.874863,784022016.7126212
2024-03-20,0.586019350902608,20766095416.002777,1134359096.991792
2024-03-21,0.6391399616378111,22541731953.820232,983440896.54995
2024-03-22,0.6327763463799453,22293078293.62098,652369970.6970923
2024-03-23,0.6123037796803994,21536222046.56704,575808688.7023321
2024-03-24,0.626207258573385,22086659773.711823,381206401.7952702
2024-03-25,0.6460247903982396,22771521662.25933,400457710.56079775
2024-03-26,0.656199944873147,23073311103.70861,578742871.3761855
2024-03-27,0.6653790384572502,23425863356.52765,607663811.7648048
2024-03-28,0.6481572867334939,22791665858.70475,650061841.9311377
2024-03-29,0.650176399951593,22932276600.52669,450612027.8680591
2024-03-30,0.6642438985254749,23417798018.988457,549602846.6540099
2024-03-31,0.6444865397214639,22715036680.597885,392465498.6055799
2024-04-01,0.650449791081512,22936901822.21796,310241563.5826532
2024-04-02,0.6222400848463132,21965439919.597378,618759083.8223126
2024-04-03,0.5803721745636556,20489842913.351616,674907501.5604758
2024-04-04,0.5717466267422849,20195244548.13768,488583939.81309575
2024-04-05,0.5824651813735257,20528887322.715195,493976013.2920013
2024-04-06,0.5756851059798307,20310156797.1702,448049598.0808591
2024-04-07,0.58375664703524,20601299549.17333,250145939.32882616
2024-04-08,0.5889143734956137,20777126322.914104,304626893.8137585
2024-04-09,0.6139464835843659,21656789672.065453,420999932.1228263
2024-04-10,0.592220359906436,20924789640.94384,491543274.3582709
2024-04-11,0.5857210197068813,20668286533.5492,503089955.4489689
2024-04-12,0.5861803169343673,20676509387.767456,317384210.1952712
2024-04-13,0.5045343784889652,17787126923.073368,1158713751.7671273
2024-04-14,0.4490279512162241,15871867859.858751,1213139931.1405385
2024-04-15,0.4687265109427785,16589375307.638958,980343416.1774569
2024-04-16,0.4603126182998896,16238863615.03449,725890529.3059012
2024-04-17,0.4583592084919298,16195959201.198883,526885840.3740244
2024-04-18,0.4445898969863973,15677617362.96021,498469338.2962892
2024-04-19,0.4578276522744481,16158304603.226149,420467438.69094026
2024-04-20,0.4699167090223507,16654042944.984558,611690530.4414759
2024-04-21,0.5047835543618832,17810194458.53564,538078098.3699543
2024-04-22,0.4991004401706118,17620600438.175224,360556109.3094675
2024-04-23,0.5163694474106608,18237582503.816647,412110566.6517646
2024-04-24,0.5004444916938912,17669693745.927345,399478118.71618026
2024-04-25,0.4748989595842877,16784653719.617798,494570842.2073933
2024-04-26,0.4705788306234401,16612661971.69276,348706323.314686
2024-04-27,0.4624344942322543,16318277109.491167,323285772.6026572
2024-04-28,0.4678102979290451,16507785930.512177,322647104.369064
2024-04-29,0.4599420967187839,16249932295.426746,253384657.26932505
2024-04-30,0.4570763614193256,16153257571.051529,301287281.428772
2024-05-01,0.4409541499307044,15611565965.335426,414214881.1344159
2024-05-02,0.4495508839576058,15913854392.906786,539589652.4288428
2024-05-03,0.4581538057552922,16177042156.197577,371916372.2849091
2024-05-04,0.4671149377141021,16523320469.96957,338556727.6704246
2024-05-05,0.463075749899171,16362012425.45175,248541339.92633924
2024-05-06,0.4580592575235478,16178541151.346537,246836840.8366592
2024-05-07,0.4541690938933543,16057046698.821358,346831496.826964
2024-05-08,0.4417192327446154,15651106908.555317,310303261.8048173
2024-05-09,0.4533687042628684,16001821951.976538,468629546.7847501
2024-05-10,0.4636991732956035,16368804834.984535,311841392.97678226
2024-05-11,0.4484372298909099,15860784187.336462,303982003.2505244
2024-05-12,0.4385723944343846,15511692633.01398,187860393.35073552
2024-05-13,0.437780925754015,15469210050.884932,153891175.97658762
2024-05-14,0.4362227627821298,15422503857.50605,368725571.9225032
2024-05-15,0.4278948144924812,15123238919.22528,271693605.70529646
2024-05-16,0.4528648884383967,16047784027.138388,311221104.81327164
2024-05-17,0.4595820487995646,16247670712.572132,320497588.603313
2024-05-18,0.4817357379294362,16993159378.567549,388958031.0429256
2024-05-19,0.4820458777066045,17045689455.649544,211817048.55839685
2024-05-20,0.467454095584356,16517257103.945122,220596166.6278332
2024-05-21,0.5017230897439796,17750735649.129948,488245022.0023136
2024-05-22,0.4947219287360986,17487340780.446228,481158028.3959669
2024-05-23,0.4832018944763229,17076353170.671797,368719007.855798
2024-05-24,0.4653427506789767,16448159625.762842,531198750.1708316
2024-05-25,0.459628260269742,16235360344.950905,316350237.36748934
2024-05-26,0.4619779530146571,16331993102.935738,210902068.6534106
2024-05-27,0.4583044909105261,16216791123.152271,201602973.459
2024-05-28,0.4679579408262285,16541103555.92494,283896177.2227891
2024-05-29,0.4568262495359747,16169721756.360422,369307629.5176528
2024-05-30,0.450738740656646,15964916793.84593,312567944.20815223
2024-05-31,0.4463402019849953,15786163356.64552,318818188.4846696
2024-06-01,0.4475355892235874,15852671211.468348,266639967.29277185
2024-06-02,0.4498698121514757,15915580942.782484,157009078.2666174
2024-06-03,0.4463838847003557,15807812590.4168,227090328.52502477
2024-06-04,0.4568053043504163,16162405973.428911,275029942.5279008
2024-06-05,0.4614157684623748,16314087111.213266,274734008.9699261
2024-06-06,0.4616784362804704,16318700107.584906,276170029.64489585
2024-06-07,0.4581490300594973,16213991519.778976,258155075.8497083
2024-06-08,0.4494969073060348,15927731210.10306,747757938.1448193
2024-06-09,0.4367107350374622,15450531176.901262,340945710.6417836
2024-06-10,0.444217359975159,15717754438.844065,312373101.04444635
2024-06-11,0.4410018880718441,15605856116.859898,436409137.944025
2024-06-12,0.4218316928344483,14925756888.703344,607989047.4247239
2024-06-13,0.4376222024177547,15498857772.014376,456553260.49036
2024-06-14,0.4207464437687136,14932014604.467949,391764674.66645646
2024-06-15,0.4115422714627497,14573861793.92679,375427495.3556862
2024-06-16,0.4137189782832436,14641709172.75562,208305375.63454923
2024-06-17,0.4161881173900786,14729989068.31557,171400636.08606562
2024-06-18,0.4016365041157662,14208258514.309631,383924976.153721
2024-06-19,0.3837158471850039,13566039418.828312,606086895.423496
2024-06-20,0.3832895500930921,13555580935.453829,295648732.4882794
2024-06-21,0.3839809481943679,13607989337.043098,286211136.5567941
2024-06-22,0.3759116176278541,13323525166.702375,274484370.0442534
2024-06-23,0.3846923753596045,13620137484.18438,251897682.7431874
2024-06-24,0.3797214455498969,13449292232.860111,206760076.76752472
2024-06-25,0.3777483211044308,13383511882.39523,393051311.107531
2024-06-26,0.3918841224577775,13880357751.595798,265186550.79429603
2024-06-27,0.3846148709481312,13620406236.996237,269500878.0900697
2024-06-28,0.3905384978339942,13836133793.711678,258776698.8887951
2024-06-29,0.385175667979408,13643089114.874453,295648788.38119304
2024-06-30,0.3832573764971923,13591948873.875372,232727937.34346932
2024-07-01,0.3920398166651658,13888718240.596895,196743386.11371705
2024-07-02,0.402757363811448,14254889823.047075,257983126.2783347
2024-07-03,0.4174072422349273,14788214926.92888,259226764.9615104
2024-07-04,0.4065298340200947,14388819255.478088,385253639.2993776
2024-07-05,0.3631609597452494,12918224764.844448,502836292.30104107
2024-07-06,0.3498410691703377,12390739992.04125,795077527.7025748
2024-07-07,0.3710080919850898,13131781878.678823,293872603.77169305
2024-07-08,0.3459102447313326,12239224009.22484,254417135.5875623
2024-07-09,0.3688631610584225,13064901482.99768,510512677.84423286
2024-07-10,0.3752812713802543,13321646488.869576,273879579.8756476
2024-07-11,0.3889155811255281,13793489031.518915,256036687.98657495
2024-07-12,0.3957454045882451,14006180738.387863,323634001.9382471
2024-07-13,0.4160854215752561,14736259473.8618,361088875.796093
2024-07-14,0.4407486638406008,15696671133.198269,369887970.387808
2024-07-15,0.4326119985772805,15389261477.03329,357667615.8612153
2024-07-16,0.4456623583559719,15809754095.17866,471015709.0998526
2024-07-17,0.4382210455104808,15565014019.097551,484115409.8709525
2024-07-18,0.4368243738171115,15573835295.588652,403166393.408727
2024-07-19,0.4239264776922808,15084597527.148108,352642024.3531141
2024-07-20,0.4386940603749627,15598416802.849026,355615695.45065564
2024-07-21,0.4378613650729356,15573864919.582714,251448410.79648545
2024-07-22,0.4464361689044054,15885001582.029978,347379030.4761174
2024-07-23,0.4263971956952668,15165017148.11053,543957075.9436297
2024-07-24,0.4102841302793787,14601252163.998203,346413170.33681905
2024-07-25,0.4066752108033863,14467949569.582735,369094906.4825945
2024-07-26,0.394633994425812,14039569115.895811,384548480.4407261
2024-07-27,0.4176110897934973,14855787516.437408,298119701.4246426
2024-07-28,0.4185181904594663,14892946897.781445,517865579.05594456
2024-07-29,0.4074332128010827,14496829995.956669,313248714.69747025
2024-07-30,0.4039064348172,14382798538.426497,352952671.87449604
2024-07-31,0.4014842042781159,14299794003.35211,293289394.705286
2024-08-01,0.3887138757692571,13828446805.427467,295713023.42362773
2024-08-02,0.3922628731806598,13961987161.003763,553969159.5183077
2024-08-03,0.3639821743183626,12955584023.436989,407657318.12656856
2024-08-04,0.3640012189746031,12954368774.863312,336033157.7610945
2024-08-05,0.3434396398801744,12253084853.001572,359691333.9153095
2024-08-06,0.3140857405185116,11179570014.579466,1272441679.8306055
2024-08-07,0.3302629115550006,11762281480.172417,444867355.499602
2024-08-08,0.3237841187601061,11544158593.403116,365055858.1440097
2024-08-09,0.3520044439563027,12507851860.366377,351120976.38733447
2024-08-10,0.3480402106166277,12378005423.52955,309697848.6650584
2024-08-11,0.3457525563731599,12316694885.45399,162207002.4749148
2024-08-12,0.3281397120562668,11685176805.92763,227949101.4036833
2024-08-13,0.3388740535248943,12071395381.535624,309223630.8630415
2024-08-14,0.3403167944004223,12119309357.283024,223898273.02453664
2024-08-15,0.3352510404441318,11934500878.527128,227870638.5777853
2024-08-16,0.3253933423536698,11579226025.982082,268148926.17174128
2024-08-17,0.3298667419831867,11750073596.099655,331289349.7534215
2024-08-18,0.3367647480219364,11990796698.921831,169540463.59414276
2024-08-19,0.3342293557488534,11909914292.224203,159261325.82919785
2024-08-20,0.336906427537455,11993838867.74028,234219776.2234032
2024-08-21,0.3435596235608906,12234407936.072124,261802227.59847555
2024-08-22,0.3690813993917752,13152167710.169422,395997347.2963677
2024-08-23,0.3765258215538865,13413340885.008656,287528421.8762137
2024-08-24,0.3908032932645187,13917257116.016926,408438172.8992086
2024-08-25,0.3945505635201381,14045674849.371311,297460621.42216885
2024-08-26,0.3844660979829369,13701403869.414286,308320232.9521721
2024-08-27,0.366819648548151,13069493395.062948,322013043.7825746
2024-08-28,0.3501193908184425,12505568736.644234,370100998.6392462
2024-08-29,0.3501971738999551,12488484651.119862,392831468.4697728
2024-08-30,0.356182977635443,12689662542.626476,335145503.50835633
2024-08-31,0.3472371333494436,12379403829.20932,364909750.3700605
2024-09-01,0.3451418483757914,12301239516.33932,163446765.2017391
2024-09-02,0.3319156096442109,11836378327.814726,265548797.18146536
2024-09-03,0.3356235105661752,11979506664.544744,296005567.0101873
2024-09-04,0.318774935259303,11382762506.406595,291460611.50537854
2024-09-05,0.3232053098506349,11524561001.0452,410201920.9205183
2024-09-06,0.3252341962767522,11592992097.483328,401669074.6560732
2024-09-07,0.3147467884066602,11223569369.020975,422408636.8940346
2024-09-08,0.3248817959292585,11564619809.037928,227957270.2965426
2024-09-09,0.3382277693887743,12074400052.638975,284180315.1318937
2024-09-10,0.3434145618661974,12245539878.10726,343377089.4117435
2024-09-11,0.3435572966999336,12248714039.35388,240896664.0428581
2024-09-12,0.3528157914512311,12584242418.302902,334967600.80485654
2024-09-13,0.3562004255542985,12700107047.859108,320653083.202862
2024-09-14,0.3609103971852186,12873414272.86381,290805965.3378676
2024-09-15,0.3543867937736658,12634644403.81801,215623200.22685903
2024-09-16,0.3387622295912886,12074853405.897198,251466846.7282245
2024-09-17,0.3301492556487659,11782070977.30643,279525542.0590629
2024-09-18,0.3340166000355435,11916494483.213264,265379561.2714978
2024-09-19,0.342471994879523,12207913348.62992,310298100.4222331
2024-09-20,0.350815078877799,12513533677.77613,371976962.91106766
2024-09-21,0.3519716685310394,12556336592.734837,316864368.6429985
2024-09-22,0.3586709136742786,12808603356.143707,210286624.61583868
2024-09-23,0.3516573386782353,12551030061.94847,246256247.379342
2024-09-24,0.36371199186671,12974074077.118578,329128908.9344899
2024-09-25,0.3878466270439855,13833235828.80774,438373822.8904213
2024-09-26,0.3807283034282415,13543411535.969414,363386347.3044388
2024-09-27,0.4017747822226498,14328375823.065205,437769043.1208818
2024-09-28,0.4022917151536981,14352835345.22958,395203089.4180544
2024-09-29,0.4012393022942459,14305918208.527777,272918861.6009529
2024-09-30,0.3974742599990274,14188309271.84096,244016822.26592344
2024-10-01,0.3726565782636554,13296054897.130487,349391516.60278124
2024-10-02,0.3524156140606292,12588413193.12854,541081251.7659637
2024-10-03,0.3437711326690497,12270974712.818731,426784763.9576072
2024-10-04,0.3447757449502893,12302322132.114897,375066204.5116609
2024-10-05,0.3516921714681942,12543974932.79398,278288167.05127186
2024-10-06,0.3508576794393083,12520996098.190607,186601576.18567607
2024-10-07,0.3572203959454846,12764428581.999443,192363432.23444387
2024-10-08,0.3513427428338078,12564701546.296804,325165438.4848151
2024-10-09,0.3446503186237537,12312847623.786222,279076786.920966
2024-10-10,0.3397857069963388,12131196678.289976,293734918.3103856
2024-10-11,0.3385668744615016,12077698174.047966,242902644.31599545
2024-10-12,0.3511153738504752,12540753800.073835,241728188.27564937
2024-10-13,0.3532407826508874,12611074103.193417,190575001.3377829
2024-10-14,0.3478700854188225,12419109021.91589,228691731.28123945
2024-10-15,0.3634377018638575,12983133494.08745,371044074.3907111
2024-10-16,0.3580945584980384,12791403176.443624,507364293.6551608
2024-10-17,0.3525648043537751,12594795004.129684,332305648.9161826
2024-10-18,0.3431722116502785,12254765327.146393,351907156.1227408
2024-10-19,0.3507284212527294,12530428878.499825,268208657.9185624
2024-10-20,0.3516050685811563,12560622562.93806,220371774.7458661
2024-10-21,0.3646357419916626,13015846452.11546,248872926.31750047
2024-10-22,0.3610832431761989,12901296472.62284,369418680.2669557
2024-10-23,0.3638610476875411,13003514917.235018,377482287.8559712
2024-10-24,0.3500239674614593,12501496240.084642,375412261.155899
2024-10-25,0.3464665242376237,12369397579.764544,366345461.99209297
2024-10-26,0.3239727285537002,11546253244.99306,545468841.6908028
2024-10-27,0.3330659842420291,11904688906.03608,318987630.27263165
2024-10-28,0.3395498778354121,12135503702.908104,206151897.35599735
2024-10-29,0.3437722573994608,12303351364.924597,340339901.5348519
2024-10-30,0.3558378457650373,12711428884.851591,399625481.438264
2024-10-31,0.3549424347961925,12693763136.654655,378785879.7797121
2024-11-01,0.3416020982423671,12215759175.79545,343987966.406424
2024-11-02,0.3570443323953907,12755324056.009932,471854642.8147724
2024-11-03,0.3476190277143698,12424329802.817984,309349316.6693163
2024-11-04,0.3345206264479513,11967648988.334743,360925330.5066394
2024-11-05,0.3257947107139489,11647024842.88514,345035678.68431234
2024-11-06,0.3333004385484233,11924108418.176392,320831265.94092965
2024-11-07,0.3630158448380859,12981104807.626707,749375355.5058366
2024-11-08,0.4037781986603935,14391246812.635405,813637353.0596781
2024-11-09,0.4438954234028253,15879786762.745052,1910279431.328009
2024-11-10,0.4873424195485118,17405034989.691643,897587308.9383248
2024-11-11,0.588734921251616,21024854839.87751,6527580317.057181
2024-11-12,0.6145826096845928,21992679939.444138,3280194971.0969224
2024-11-13,0.5761116796720354,20611561493.029778,3181386248.1459627
2024-11-14,0.5789579396018733,20707050864.589024,2644830608.2299004
2024-11-15,0.5802320574359904,20620858872.466827,1729922211.7017794
2024-11-16,0.6970201474228283,24860880015.725597,4090910068.046969
2024-11-17,0.7369580120453421,26346062209.769978,6267538737.650395
2024-11-18,0.7021515183224912,25133152050.988632,2501615517.051095
2024-11-19,0.7363518168371328,26342845055.7922,2548582801.654668
2024-11-20,0.7389024704178786,26431575432.63092,1635269471.5485222
2024-11-21,0.803001084841874,28772128081.481377,4230382202.154202
2024-11-22,0.8181660122757234,29263235932.69351,2791303410.437808
2024-11-23,1.0044164266560962,35938316596.75111,6892507799.22072
2024-11-24,1.0632099880614343,37995867804.11106,7258065363.156293
2024-11-25,1.0259059332257112,36730492655.154526,4065963806.818005
2024-11-26,0.9463027550485849,33855152913.24369,3673630635.8309774
2024-11-27,0.9587323562869569,34323258762.167927,2825247053.1150365
2024-11-28,1.013312717708717,36252927449.63751,2963844108.950685
2024-11-29,1.032402701868787,36943407363.53188,1748421855.8847177
2024-11-30,1.0795804194768817,38639286783.73906,2546200789.234483
2024-12-01,1.079440192925627,38662755540.67341,2235486757.4695177
2024-12-02,1.147892256369758,41005304249.43712,2617149103.843603
2024-12-03,1.1995479309146082,42929048816.169815,5868579244.534972
2024-12-04,1.201004029612371,42969786460.67669,5490023453.359384
2024-12-05,1.1842450413974923,42349997240.39983,3185937360.6157274
2024-12-06,1.166279100460039,41761272812.61363,3576835053.2920136
2024-12-07,1.2330018039218942,44189030694.178734,2349556943.083857
2024-12-08,1.2144434934843331,43485669123.33586,1576905611.3322842
2024-12-09,1.197963535910322,42885476562.37067,1847543253.347185
2024-12-10,1.0077086490874123,35975470613.31738,3803654545.310235
2024-12-11,1.0166147999655448,36406284690.12914,3773323186.657568
2024-12-12,1.08793220795952,38964602897.82832,2481141444.010295
2024-12-13,1.123131450089082,40206128332.3021,2483873378.592398
2024-12-14,1.1167297609853517,39991134369.1031,1480554949.0517018
2024-12-15,1.0601034433845538,37963590469.38818,1210677610.755011
2024-12-16,1.105937649529409,39691680715.70685,1088430664.0015788
2024-12-17,1.080502275513498,38745135408.73237,1725755863.7953467
2024-12-18,1.049451939411299,37602480013.476326,1578222620.7391448
2024-12-19,0.9689917114818106,34737600112.46145,2116818094.5756152
2024-12-20,0.8856294008673282,31782678364.00243,2484376764.6355844
2024-12-21,0.95061505400963,34009403993.44255,2967142400.5806985
2024-12-22,0.9046599113089584,32347333228.842308,1619520801.5214942
2024-12-23,0.8827956119261179,31642202715.50329,1251460951.2097306
2024-12-24,0.9228752612988012,33052194008.211617,1373635719.5136724
2024-12-25,0.9368563828179975,33537004610.047367,1049748351.4339588
2024-12-26,0.916751541184192,32863705684.99487,695113060.3027651
2024-12-27,0.8593419351414681,30811560138.83137,860400720.7111105
2024-12-28,0.8741699171287979,31327645362.07626,949972681.1647332
2024-12-29,0.8875851081613702,31824025510.76384,588899480.7586905
2024-12-30,0.8591433475186276,30776366650.470432,705652916.2069426
2024-12-31,0.8591305888515354,30753991424.009167,1026988638.0611954
2025-01-01,0.8442610184323533,30266612410.91709,759319278.391332
2025-01-02,0.9147583319262166,32744580750.79023,995785773.081401
2025-01-03,0.961848097335144,34480834161.062225,1274967600.399281
2025-01-04,1.0904865469624805,39147825603.58425,2671600901.30405
2025-01-05,1.0719205077612817,38453818208.48556,1280366764.8039055
2025-01-06,1.0939767111827936,39231354061.09036,1363420254.9543183
2025-01-07,1.0941475413501178,39227241393.95025,1364197241.7503395
2025-01-08,0.9933347400068778,35617993237.24092,2194412773.8246
2025-01-09,0.9478995284282536,34053934094.32585,1952408426.0212688
2025-01-10,0.9060582113414768,32538675410.18652,1342595372.3981748
2025-01-11,0.9316713148155308,33427260810.72387,1236328893.3650613
2025-01-12,0.996136878939902,35743211320.13196,953404924.5156404
2025-01-13,0.969186964876666,34751403885.28644,1089023652.0670302
2025-01-14,0.9450610027794694,33892220057.310505,1540261745.4274852
2025-01-15,0.9944214498919838,35662574859.58581,1126688332.0067604
2025-01-16,1.084480992215901,38923764152.82056,2204538167.7741003
2025-01-17,1.0906700675315832,39112613364.03422,2056463725.021453
2025-01-18,1.1369537229272808,40804520589.32463,1822084268.4989784
2025-01-19,1.1009310555353091,39484505228.01884,1488331235.013274
2025-01-20,0.9917829386728936,35741621714.614426,2803616184.038354
2025-01-21,1.0068201561876229,36108627003.68527,2690733265.730721
2025-01-22,1.0046310219001418,36008517693.525055,1696335264.1544523
2025-01-23,0.9802503420918104,35175703118.009155,969709594.2925464
2025-01-24,0.988034095654144,35453833332.322586,1201302650.175804
2025-01-25,0.9715690918885032,34822616805.342,882394098.0963601
2025-01-26,0.9775990304899744,35108848393.8826,516244144.91543305
2025-01-27,0.9541780430020652,34268966278.076263,512626380.0972311
2025-01-28,0.9331646231189152,33488600391.781376,1403786414.465773
2025-01-29,0.9162358892529788,32866622865.563606,757826711.7739474
2025-01-30,0.9416326058959792,33847728508.87688,823633204.3938981
2025-01-31,0.9609684445044404,34498529795.72678,627908707.9566039
2025-02-01,0.9425307818897108,33831177451.99314,689867624.8457649
2025-02-02,0.8982630053120425,32282111416.23027,560834002.3078455
2025-02-03,0.7981056815290045,28509781209.63609,1557168341.9223769
2025-02-04,0.8095252800415622,29064020846.772465,4656842166.005161
2025-02-05,0.7469703594022901,26783921617.714703,1559657813.9470117
2025-02-06,0.7332663432877611,26322682307.40791,819973385.3931305
2025-02-07,0.7039815460494513,25206944915.247795,827082260.6220323
2025-02-08,0.7068603366492864,25337871264.321705,886632725.1011336
2025-02-09,0.7021784786978031,25218641928.38805,543524434.6478864
2025-02-10,0.6829085131547858,24513353771.6781,668955885.3942552
2025-02-11,0.7092884772777551,25464206476.94957,738581245.7484099
2025-02-12,0.7798744439436354,28010657344.56132,1756852350.9792051
2025-02-13,0.7979754265851546,28633691211.72153,1221550295.0491712
2025-02-14,0.8102560488773543,29106844488.176685,820914030.7597127
2025-02-15,0.800915838420313,28746321360.080654,757456263.8820649
2025-02-16,0.7814783063035197,28066250054.16384,483682696.9894568
2025-02-17,0.7713503011207024,27700824921.361584,448632802.4718909
2025-02-18,0.8072872842141813,28992928634.454105,1010963440.4130156
2025-02-19,0.7534573390949694,27071231776.918564,883986850.5318347
2025-02-20,0.7720538356854337,27737590088.5846,684519606.5840904
2025-02-21,0.8048194414479836,28905459004.53705,675952428.9428601
2025-02-22,0.7616380207672204,27373879907.03676,864866893.813699
2025-02-23,0.7742502077307336,27839353694.895294,516332439.3447684
2025-02-24,0.7709438007684473,27687540750.88118,479984499.41313046
2025-02-25,0.6799958032161385,24410169191.332,972262987.6922622
2025-02-26,0.6826325380000318,24560114281.617443,1287399753.2045634
2025-02-27,0.6446208040699569,23183305183.623463,849327155.7918012
2025-02-28,0.6461286944605975,23220098443.23013,669250243.5471394
2025-03-01,0.6340718656426285,22791584461.913403,1118264046.534234
2025-03-02,0.6582602004111846,23630356571.081604,536866330.7242426
2025-03-03,1.1383401347214197,40472166586.52675,8117103714.129525
2025-03-04,0.8568079668844821,30799224328.46031,6121517602.290976
2025-03-05,0.9435445759037008,33919761564.640938,4805730104.1507845
2025-03-06,0.9757471161760348,35109293105.75561,3408614285.660695
2025-03-07,0.907346039088462,32617678786.52462,2330044713.952941
2025-03-08,0.8172312446982826,29359693731.836388,3167511497.123035
2025-03-09,0.804467726740253,28882396287.35148,1059663491.0446924
2025-03-10,0.721388146040346,25933534840.21667,1470024544.8182783
2025-03-11,0.6750987117510554,24252710350.12148,1891276771.2102652
2025-03-12,0.7229736562075002,26002378264.908184,1748603194.8700173
2025-03-13,0.736666917455641,26487887957.56288,1252379796.262997
2025-03-14,0.7017276884338084,25224530850.432487,1127266267.0440097
2025-03-15,0.7386527093718266,26569396966.0832,1018976977.5613898
2025-03-16,0.7477933206994789,26899724202.787777,662909255.5064604
2025-03-17,0.7063226566895222,25402420361.681767,751357270.2720457
2025-03-18,0.7182475371685878,25825294460.95307,712181990.225473
2025-03-19,0.7028326612501901,25280080924.03958,668445029.95217
2025-03-20,0.7454676924079612,26801201326.88525,1064981080.1987456
2025-03-21,0.7177817989305744,25805383367.453144,892747061.1771692
2025-03-22,0.7042253265879588,25345171165.13543,611407466.4808869
2025-03-23,0.7004888130724237,25197460837.91379,431734884.85975
2025-03-24,0.708589878997602,25514716935.31787,559800879.933612
2025-03-25,0.7299608913945431,26243814222.597847,911524424.8464736
2025-03-26,0.7456209405094492,26800843570.025818,1057345092.4490488
2025-03-27,0.7280096173884845,26183821517.33193,908223545.0922288
2025-03-28,0.7381307766619702,26553112212.889977,561347037.4894052
2025-03-29,0.7054500054704209,25351181721.867,774769179.0151162
2025-03-30,0.6740559356529756,24251446924.00508,621436559.1898086
2025-03-31,0.6601152181346328,23726226141.43264,478487682.2075428
2025-04-01,0.6611376773087757,23755197130.731976,739596439.8428652
2025-04-02,0.6782918986781525,24400059994.544003,685084959.2043678
2025-04-03,0.6416810199741727,23094651714.339256,907260521.324572
2025-04-04,0.650635234098672,23450013113.34613,850771125.3544065
2025-04-05,0.6605590488885138,23776253010.187023,858616116.5915514
2025-04-06,0.6562187375321188,23579970910.38866,384994433.078377
2025-04-07,0.573016902460604,20666417039.71704,948643369.166113
2025-04-08,0.5846653688337909,21120215010.27796,1902830957.1750555
2025-04-09,0.5576109268777084,20068874438.813213,1236707673.730275
2025-04-10,0.6320092192400434,22804662648.547665,1601016157.2231832
2025-04-11,0.6099453101466736,21973673981.35284,890738740.5438374
2025-04-12,0.624013663949495,22461371679.601933,823024435.6207166
2025-04-13,0.658135992436163,23694035438.31094,658708096.7725409
2025-04-14,0.6370042586934123,22924547549.241795,644314435.2323939
2025-04-15,0.6347389438662727,22854878995.609505,680079736.1791881
2025-04-16,0.6080639244271904,21888516690.83251,709020814.1750429
2025-04-17,0.6106653469788688,21981556631.93492,591359664.0730368
2025-04-18,0.6168950161106203,22230558699.064613,448807472.6198462
2025-04-19,0.6273043794612541,22592327114.690582,374649872.12397456
2025-04-20,0.6280852975713835,22622189176.60253,331430508.4467672
2025-04-21,0.6202087731824584,22337661484.398872,354987761.1249453
2025-04-22,0.6226371412727918,22362490105.58631,632027422.0139718
2025-04-23,0.6821362911471233,24576709560.09274,834269402.8814627
2025-04-24,0.6972646472481486,25113980634.96606,967029539.1144488
2025-04-25,0.7220676397924738,26024119878.80349,1035019627.1012884
2025-04-26,0.7138859038055668,25734514974.235477,949069153.9271946
2025-04-27,0.7075935331519487,25489395856.82053,659341778.5746859
2025-04-28,0.704070171794187,25365427213.288475,567359217.6728809
2025-04-29,0.7052906740354157,25396071554.80783,889987578.2822492
2025-04-30,0.6957354792970168,25058289629.62698,817939169.992459
2025-05-01,0.6820275063998128,24581778371.706387,592053391.6761067
2025-05-02,0.7048540559063339,25375977433.257507,586072580.7401356
2025-05-03,0.6974986414291682,25131746179.23992,606872856.4955413
2025-05-04,0.7013467253059199,25270033507.44271,752443709.4776694
2025-05-05,0.6763756494805502,24367594666.30902,661246645.056914
2025-05-06,0.6631639151504879,23902451669.187737,664925434.1708654
2025-05-07,0.6787761903074216,24463961860.236828,552471849.9156157
2025-05-08,0.671376495581957,24195472086.44848,582536184.2563542
2025-05-09,0.7651537464755499,27573582317.24719,1355272025.0992892
2025-05-10,0.7773024778174161,28017302189.7028,1491055749.585572
2025-05-11,0.8400596557571808,30273711466.99497,1390682398.3795056
2025-05-12,0.8048629924679394,29026449066.14648,1096359924.9786
2025-05-13,0.8191103769126542,29542116778.91296,1891364013.690922
2025-05-14,0.8312541090164433,29954816641.6849,1249623977.9694462
2025-05-15,0.7985815955519888,28792428287.35261,1166899569.1134908
2025-05-16,0.760909266948887,27455207028.84503,1032947704.5832616
2025-05-17,0.7605802350885046,27429254114.59136,777814627.6177915
2025-05-18,0.7424784161936966,26771209957.898502,906498912.2572886
2025-05-19,0.7518394820880364,27103935183.698917,949005467.3644464
2025-05-20,0.7426046048097757,26763365631.510124,855716668.7541951
2025-05-21,0.7456441858290309,26896666172.7377,690998975.7792397
2025-05-22,0.772065003489696,27846926422.847862,1077168981.202006
2025-05-23,0.8077548195843751,29122690912.890488,1069425848.6042526
2025-05-24,0.748254247966839,26987696231.472797,1417851508.940276
2025-05-25,0.7460261925160765,26915457892.19231,630031485.6921482
2025-05-26,0.7589761692612583,27376875342.49229,673782320.823423
2025-05-27,0.7582470752465925,27329648727.02935,588809796.8894885
2025-05-28,0.7578018172885506,27335151620.23574,652902725.7086877
2025-05-29,0.7465205662397495,26933461451.48573,546997351.279757
2025-05-30,0.724272085506191,26140481607.693043,649806532.9053063
2025-05-31,0.6912614352706643,24936281521.462746,935627012.618067
2025-06-01,0.6863035406713839,24770107966.349792,721005660.5061203
2025-06-02,0.6853559510305921,24732803096.96209,524853161.2361533
2025-06-03,0.6900620402912112,24897321616.93426,570636794.5706515
2025-06-04,0.684833771475063,24719577929.77698,494639383.1641215
2025-06-05,0.6662352525151268,24031661959.24348,400096118.0279466
2025-06-06,0.6279989717216173,22669093697.72637,759754191.8443644
2025-06-07,0.6564156318236438,23688475463.25693,579132039.6493936
2025-06-08,0.665097118031322,24001422606.92728,345182718.07783103
2025-06-09,0.6696475032429187,24163646338.4256,445907844.3835906
2025-06-10,0.7051927875959849,25460038499.852898,556699781.999879
2025-06-11,0.7161084051691045,25850664174.35787,816441834.7804779
2025-06-12,0.6978609557770317,25160602643.74649,650490779.2528718
2025-06-13,0.6645616396607636,24003158282.344933,644736788.8081536
2025-06-14,0.6415287116259395,23158300345.938816,967144196.2984972
2025-06-15,0.6249531411165467,22575311987.07911,377703624.0100241
2025-06-16,0.6338091675682362,22889350209.536217,306474152.5964094
2025-06-17,0.6348092267777333,22979462817.49069,634345979.704381
2025-06-18,0.6114224843190872,22071392275.60785,668780456.8391515
2025-06-19,0.6031520541269734,21783323049.759445,649432905.7020996
2025-06-20,0.6022517506298001,21751920916.336823,411526119.6336923
2025-06-21,0.5768480561772417,20831639963.30233,655089381.7343858
2025-06-22,0.5507083653541873,19860269185.90414,616320411.8508501
2025-06-23,0.5411301510006504,19537396057.24764,1046673222.5903796
2025-06-24,0.5832401178415064,21057250286.824142,923344856.19398
2025-06-25,0.5872194649270592,21196882832.72242,716773448.9598132
2025-06-26,0.5667721482568538,20470415241.919304,549499472.3311824
2025-06-27,0.5541621947716998,20010411784.30248,546164591.2662042
2025-06-28,0.5586998411211989,20174280342.176563,461343367.5389696
2025-06-29,0.5655976009022613,20424929514.86251,328696976.3556034
2025-06-30,0.5775074724180472,20858414265.292507,546299719.7888314
2025-07-01,0.5720180140652412,20684142744.85075,685730060.096957
2025-07-02,0.5421512626893101,19585607723.227657,631715565.0969181
2025-07-03,0.5846952591552708,21133767251.680595,934344132.0381688
2025-07-04,0.5987839336899987,21633131946.871044,723259758.2613916
2025-07-05,0.5728146380802783,20697995165.973225,539620249.5139698
2025-07-06,0.5760131698614164,20813202746.91737,287359327.05554503
2025-07-07,0.5857056935866781,21156942766.067596,379742988.53059584
2025-07-08,0.5798100944867142,20943830668.335808,559194866.5817564
2025-07-09,0.5882961516358525,21259747612.82569,487674618.9568239
2025-07-10,0.6236218758822067,22540516235.56783,921412284.2952384
2025-07-11,0.6771328310749256,24444263244.468845,1062017291.4508076
2025-07-12,0.7108207334882014,25672405503.037613,2545650162.8728247
2025-07-13,0.7087303921384289,25613724704.18816,1194202622.657187
2025-07-14,0.7378983923650405,26660181602.59593,1350750371.5082395
2025-07-15,0.733985780563862,26532072959.49291,1572853324.2413535
2025-07-16,0.747277634667093,27037380803.49243,1354949575.963603
2025-07-17,0.7641507655300265,27624992915.283783,1385025802.8377533
2025-07-18,0.8253351061679741,29850896753.24459,2320405580.945884
2025-07-19,0.8161741510181671,29502558305.99875,2744061820.5816364
2025-07-20,0.8304330576753646,30024974055.989357,924051674.3749667
2025-07-21,0.8583354631312871,31047712267.721382,1647913109.454905
2025-07-22,0.8904182879941529,32190550774.2419,2186221398.604713
2025-07-23,0.9027605176449548,32643748747.1386,1915066491.9679725
2025-07-24,0.815884567414226,29503031155.557465,1761411667.1605673
2025-07-25,0.80501618368269,29107926734.58092,2046328243.613208
2025-07-26,0.8148215317217962,29468903807.462296,1632181351.1474926
2025-07-27,0.8190799958273328,29623156356.94634,1141573915.9722888
2025-07-28,0.831249582355049,30067518415.4484,1223441648.3256605
2025-07-29,0.7906518877207298,28621028508.355045,1539117170.2628877
2025-07-30,0.7823246045491294,28290631586.997498,917245865.0723526
2025-07-31,0.7642835190955796,27607254837.245083,1436810681.8436756
2025-08-01,0.7396045672641582,26751946879.0882,927099828.2246138
2025-08-02,0.7145221914128183,25843222678.411037,1721833578.487403
2025-08-03,0.6980981330649948,25270704157.51123,1148774439.2067535
2025-08-04,0.7262374028449563,26272725344.980904,993385819.09724
2025-08-05,0.7552702347266081,27300143209.32432,1165089532.7492764
2025-08-06,0.7263781593451547,26293719246.14387,1171851083.2208505
2025-08-07,0.7414880462752388,26833114117.1696,977023434.496232
2025-08-08,0.7865689725619774,28471398198.39588,838963353.407525
2025-08-09,0.7919870397270753,28659443642.173447,1523418756.045653
2025-08-10,0.8034979007903974,29079348117.05265,1208313252.4320035
2025-08-11,0.8012979525448268,28988863758.50254,1257795443.8588612
2025-08-12,0.7742441113077331,28000741588.63861,1580757170.1455648
2025-08-13,0.8421230587329199,30633840141.73552,2317731355.205162
2025-08-14,0.9083262306993796,33044965862.947685,2732159764.0074096
2025-08-15,0.9257907750447252,33678681849.877792,6262477377.006203
2025-08-16,0.9417993288449932,34201442401.211506,4090456817.7946143
2025-08-17,0.9202323179786044,33534298542.16581,2594889554.9425573
2025-08-18,0.9632097962031908,35136622709.68754,2548707795.183864
2025-08-19,0.9234551905457824,33638149411.64285,2628037750.19441
2025-08-20,0.844852910211689,30878164176.06272,3039130017.890459
2025-08-21,0.8814325132681368,32193812067.951828,2091187849.229252
2025-08-22,0.8500620636669307,30920082779.219505,1533388209.2835274
2025-08-23,0.9292153711002944,33888083371.79367,2310244345.9738755
2025-08-24,0.9131672024037382,33307859761.66244,1547871628.4124138
2025-08-25,0.9103477002497992,33220442409.96384,2365868259.601135
2025-08-26,0.8383085888787645,30576883397.77818,2475738564.1436143
2025-08-27,0.8667872730928795,31552851977.241592,1757480771.0628576
2025-08-28,0.8500970609404207,31031845476.013336,1564491256.7458448
2025-08-29,0.8571816065931211,31275554640.27276,1447642760.5189126
2025-08-30,0.8272541831683505,30191720594.754883,1819818947.7928045
2025-08-31,0.8219618530060325,29993331733.20365,696060557.701606
2025-09-01,0.8116929323571344,29618687472.74614,962834018.1431152
2025-09-02,0.799421995426129,29176857497.41264,1796172919.722201
2025-09-03,0.8345690454988189,30418394264.73791,1490974794.7765045
2025-09-04,0.8358193960502531,30491850785.06975,1146558111.1280096
2025-09-05,0.8103356761503423,29594964680.72581,1102148615.9189978
2025-09-06,0.8308551338308517,30321228732.468697,1121578867.539977
2025-09-07,0.8185531180763999,29882937560.817184,850472090.6641397
2025-09-08,0.8363048012672472,30557346889.157085,1021552780.8007756
2025-09-09,0.8646800277854038,31568819752.85428,1691794761.1033452
2025-09-10,0.8649298409057776,31576854828.2693,1990098821.1710768
2025-09-11,0.8853218749788114,32276611747.96258,1532700295.741913
2025-09-12,0.8939522635864209,32611694457.622974,1271457105.8612125
2025-09-13,0.9169478146623894,33457444011.541634,1454391842.8665938
2025-09-14,0.9299550781941932,33950673816.44653,1981983107.1599064
2025-09-15,0.8884370883146469,32415842037.90988,1700018608.6187458
2025-09-16,0.8623288816260523,31476741109.0506,2198306930.353841
2025-09-17,0.8803872516725199,32148502354.96637,1535737124.6753068
2025-09-18,0.9126236395968256,33321357586.710964,2162211909.8838787
2025-09-19,0.9252028118570796,33785452870.507767,2320855756.374952
2025-09-20,0.8905595744647299,32507329630.96891,1874213489.2227256
2025-09-21,0.8925758915569314,32593165349.879036,1108991095.7394426
2025-09-22,0.8850224534941044,32324287487.64935,835345737.619557
2025-09-23,0.825573599568111,30153630917.763603,2210789664.528847
2025-09-24,0.8089077971236107,29559294294.295223,1348498942.606384
2025-09-25,0.8123841509479168,29650811254.29164,1311940099.4603145
2025-09-26,0.7619264564902304,27840907749.41884,2141132625.027104
2025-09-27,0.7913610637637805,28895308011.80927,1413078427.201117
2025-09-28,0.7811470666284351,28536905398.264267,833231521.9410535
2025-09-29,0.8080370823129959,29507764647.09231,707497018.9646478
2025-09-30,0.80713373050909,29468826433.226425,1308146095.203158
2025-10-01,0.8068637853072127,29433473473.485676,1028756666.4014732
2025-10-02,0.8491773015153895,31013738968.162582,1697702164.0677571
2025-10-03,0.8692139848155263,31747923579.594357,1721167459.1807632
2025-10-04,0.8664561725583831,31722785342.4864,1333990265.720089
2025-10-05,0.8399090418000441,30696679507.47038,1202387524.704826
2025-10-06,0.8375475310775687,30590526365.830837,1583032733.6624525
2025-10-07,0.8721011125465495,31860301985.10754,1756667037.6016634
2025-10-08,0.8210650617728257,30001314413.361378,1827010736.9137087
2025-10-09,0.83882296513004,30669739285.396355,1241767946.1039858
2025-10-10,0.815304028130714,29784919814.417305,1113414734.087583
2025-10-11,0.6386898030904008,23605065854.339256,4192415361.845668
2025-10-12,0.631959064431091,23106821305.626114,2973633773.2386045
2025-10-13,0.7011687633663608,25623214161.60939,1848585986.32073
2025-10-14,0.7285348662016478,26636874912.3033,2048211445.7615647
2025-10-15,0.6997448119049228,25588185191.301388,2015894272.043281
2025-10-16,0.6682233140928284,24407987204.276268,1107756710.7383668
2025-10-17,0.6445410613357602,23565652356.060738,1511932115.7957428
2025-10-18,0.6252076632789738,22866248940.403053,1855449466.4904933
2025-10-19,0.6340674459608995,23179380342.5319,505111912.24621665
2025-10-20,0.6522873380531202,23842998969.417892,812048809.4550594
2025-10-21,0.6633267576932305,24254426617.767754,1256409525.5887775
2025-10-22,0.6425868505706848,23490830623.03938,1373643923.608071
2025-10-23,0.6229496606380028,22763781503.2738,1281071807.0111003
2025-10-24,0.6424736489099836,23486557822.156876,741364681.4404613
2025-10-25,0.655323651162058,23990234037.572052,1057107725.3010308
2025-10-26,0.655259183600283,23960676162.153694,702615038.7612351
2025-10-27,0.6818433964586408,24979210462.48876,754305245.1699442
2025-10-28,0.6677783136189024,24427984381.932465,1128518779.409593
2025-10-29,0.6462344815151022,23638623543.357887,1756532959.5627232
2025-10-30,0.6396415594827642,23390596358.59348,1356729248.1211936
2025-10-31,0.6005020308237154,21940112187.643124,1448848330.398687
2025-11-01,0.6091366463515688,22288418834.316723,1075511005.9929776
2025-11-02,0.6124627436807519,22404293997.44051,724185412.8050234
2025-11-03,0.6084487913662481,22260308511.39608,734062923.946984
2025-11-04,0.5515628929830783,20180026170.259354,1455443642.723285
2025-11-05,0.5221979514762445,19092353963.262577,2023235265.0644453
2025-11-06,0.5463567141721513,19994785760.66579,1334395075.540095
2025-11-07,0.5301976718280389,19384150316.19734,1050739310.2777604
2025-11-08,0.5774284193527571,21150331183.963207,1522536423.3684998
2025-11-09,0.5693083886113898,20830204993.868023,1057238243.475552
2025-11-10,0.5780669958919988,21133544029.35504,923546078.196485
2025-11-11,0.5928514083039514,21698542500.255333,1054764298.338172
2025-11-12,0.5563268220032412,20373480500.51138,1031029185.9420816
2025-11-13,0.5449227361092355,19947647052.432705,730404055.5185716
2025-11-14,0.5299516655318876,19491169898.327972,1212570625.332832
2025-11-15,0.4997404599990273,18318821510.060055,1397940395.6840236
2025-11-16,0.503532576283571,18429616382.945747,683217505.0083947
2025-11-17,0.4854372175536348,17768337374.05377,1187911953.360108
2025-11-18,0.4643358862381854,16975221662.879234,1319806242.5570447
2025-11-19,0.4742758437329251,17358816999.336777,1243310089.048481
2025-11-20,0.4623659952901655,16921863605.803028,1186593877.0305908
2025-11-21,0.4332786408580737,15890856884.992668,1104254926.7545445
2025-11-22,0.4092517353441109,14982524341.308912,1640936233.162468
2025-11-23,0.4042271118128371,14804054058.191086,693509352.1602631
2025-11-24,0.4087855830511881,14971674523.124762,785336296.6710625
2025-11-25,0.4281738044072852,15675094575.317991,953657437.0446856
2025-11-26,0.4219896221912819,15473687142.486006,795047890.3948499
2025-11-27,0.4352971872758615,15928752757.717518,732834736.3069608
2025-11-28,0.4341785061217995,15906522107.16894,638467716.8220394
2025-11-29,0.4202949844545054,15389717671.618423,590579772.729677
2025-11-30,0.4155223893749126,15217365462.819124,370607062.4333928
2025-12-01,0.4159030076033001,15245428400.244513,552633542.543152
2025-12-02,0.3859166718295545,14150882346.84061,1200916999.3972428
2025-12-03,0.4340839980889776,15902791894.148985,806290998.0324867
2025-12-04,0.4506013983059428,16495716181.123154,1120115996.162602
2025-12-05,0.4394161084525088,16090507018.55428,619788412.7636155
2025-12-06,0.4160575632488133,15238604441.552675,654860340.4958388
2025-12-07,0.4134801451506309,15133784406.35435,354434218.5465959
2025-12-08,0.416366693458186,15252980470.333248,618797400.6811795
2025-12-09,0.4318875749246829,15816935846.888266,635784215.7391385
2025-12-10,0.4696161566367247,17198390326.176136,1359200478.5056348
2025-12-11,0.4534735565555273,16634965069.586922,1039978623.4120744
2025-12-12,0.4252128362243685,15590817459.125496,1204479699.8093407
2025-12-13,0.4091664516133892,14993951120.304155,738086725.0753626
2025-12-14,0.4108578417683537,15056131122.86185,356792621.3756291
2025-12-15,0.3968162394344541,14540050370.641296,544839103.6866584
2025-12-16,0.3878299487859212,14214181312.129726,672078730.3818792
2025-12-17,0.3851655097964455,14115871650.075752,561447525.9836688
2025-12-18,0.3665425186458596,13436419631.186996,658953122.777183
2025-12-19,0.3513699950904202,12872144660.985806,707615843.2120309
2025-12-20,0.3766048749562655,13802822030.295174,601743512.8148882
2025-12-21,0.3729904348762589,13665894951.88705,316956270.7403169
2025-12-22,0.3659083696208391,13417724787.394276,454567351.1615337
2025-12-23,0.3705300122875808,13579676203.93938,600451736.3341311
2025-12-24,0.3629456961107937,13309585925.71582,463350269.82886666
2025-12-25,0.3564360351016185,13063036650.940454,422211439.965528
2025-12-26,0.3429765605884549,12576864576.627642,519812095.1350344
2025-12-27,0.3495817533851335,12816538755.298286,513726852.57939994
2025-12-28,0.3692021183389627,13497851069.653244,400225355.1217705
2025-12-29,0.3679793096495812,13489166398.814186,469171300.47340584
2025-12-30,0.3528245714220626,12933986266.55497,744531042.2187932
2025-12-31,0.3511102528327861,12873702313.742434,492919084.7891897
2026-01-01,0.3326684854460839,12198267524.25142,603044492.5354112
2026-01-02,0.3561620385901469,13066529553.387571,529793024.45540565
2026-01-03,0.3931049701568067,14426105193.908403,964111193.55516
2026-01-04,0.3893442615567024,14276366657.288755,542370995.3860264
2026-01-05,0.3993819883187458,14645990251.096838,668421992.4307628
2026-01-06,0.4224056198958727,15492381032.47573,928849196.165335
2026-01-07,0.4197205661509681,15390716646.922125,917505274.3599484
2026-01-08,0.4015703977322737,14725551727.147272,576256667.095825
2026-01-09,0.3956762705701712,14515082108.723951,649804797.515118
2026-01-10,0.3906976988095952,14332944911.57117,490947472.9927126
