date,prices,market_caps,total_volumes
2019-07-02,0.0171227930156155,51562860.14086495,1370848.2246221125
2019-07-03,0.0163041578246538,49097656.48983385,455271.9856481768
2019-07-04,0.0119435116943066,35966189.775388256,192394.84260968657
2019-07-05,0.0138020974337927,41563056.85528155,225278.85263373004
2019-07-06,0.0158943959684618,47863716.83626087,273145.34511508216
2019-07-07,0.0161744329439817,48314077.27126078,154339.0158304613
2019-07-08,0.0160053271833445,46914857.078298815,79779.07000908928
2019-07-09,0.0183151246447603,55003747.75934148,477747.7253714024
2019-07-10,0.0197517147409299,59675687.44528379,558240.6214366457
2019-07-11,0.0188042047586644,56871721.24693485,437019.18472406233
2019-07-12,0.0168945955025144,50875675.7287312,414589.4632520887
2019-07-13,0.0169233385158748,50962231.23264798,461764.6852258745
2019-07-14,0.0161563687301615,48031358.27827516,429763.6283425327
2019-07-15,0.0143473501388461,43205007.96375178,171702.07544281712
2019-07-16,0.0149051974923752,44973417.80036207,179856.61219635917
2019-07-17,0.0149477021999519,45012882.960187845,470453.2312767832
2019-07-18,0.0144587373551409,42779612.01761708,217804.36847571903
2019-07-19,0.0154776189454364,46967657.430646256,1876464.302956735
2019-07-20,0.0156680882955905,47192456.47239793,2245539.528236005
2019-07-21,0.0178522988245501,53851793.57599533,2090687.0192606817
2019-07-22,0.0170433963178425,51323768.257947154,1831980.4462375056
2019-07-23,0.0159285178461294,47997879.419709526,2194285.7027742625
2019-07-24,0.0149429101929415,45047446.08964764,2048887.6228372967
2019-07-25,0.0142599302368184,43052745.97884606,2075841.152959333
2019-07-26,0.0138615796896742,41742179.223815925,1749551.22103302
2019-07-27,0.0141767795574601,42719342.0582236,1757036.2266154452
2019-07-28,0.0130740288776711,39369736.50033942,1603325.2331817746
2019-07-29,0.0131604187974066,39660787.44775488,1795436.0798248434
2019-07-30,0.0134854000813454,40609367.741809845,1646686.2179963377
2019-07-31,0.01299934983404,39209687.07351364,1302000.706487443
2019-08-01,0.012793355895144,38477408.231093965,1309004.9643611463
2019-08-02,0.0119868088986145,36071817.29496961,1572151.802273138
2019-08-03,0.0122313109932121,36832856.503448695,1745766.7952561956
2019-08-04,0.0119428427569646,35964175.36555581,1311729.340910864
2019-08-05,0.0104842353288907,31514747.477890063,804574.172703078
2019-08-06,0.0109637631243584,33006573.075110428,1395137.8104372397
2019-08-07,0.0092834859146179,27947660.687058248,935416.4617281046
2019-08-08,0.0099153258461124,29944836.562050022,1542125.8486328542
2019-08-09,0.0092257208598463,27725383.87772717,1736888.6216325187
2019-08-10,0.0084600094943469,25426333.757682484,1423431.121904247
2019-08-11,0.0086620526235743,26097186.51001675,1532428.1902069652
2019-08-12,0.0084521990814393,25516116.570028804,1764848.1223101548
2019-08-13,0.008030893760757,24181352.669029426,1728229.324703975
2019-08-14,0.0077355936094039,23288534.7903685,985581.109027306
2019-08-15,0.007248958033124,21689739.98241747,1194240.321946325
2019-08-16,0.0075231177365037,22654800.961317275,1213136.5005974057
2019-08-17,0.0076452556335578,23444139.10027337,1480211.100137093
2019-08-18,0.007882265645217,23385277.585264016,1501465.978715058
2019-08-19,0.0074817299926497,22527505.234746143,1153298.105154699
2019-08-20,0.007744795473002,23265238.629786182,1290090.216826147
2019-08-21,0.0072773714396412,21939665.6392636,1075513.6289503896
2019-08-22,0.0074303759219805,22598864.056940723,1049636.3154230148
2019-08-23,0.0071737956206518,21602867.00478606,905590.4644310934
2019-08-24,0.0073682972865162,22188581.15696813,863739.6052075055
2019-08-25,0.0077883736412178,22878133.938543502,1522553.468391557
2019-08-26,0.0072457151193377,21819442.364235733,1287799.3986110704
2019-08-27,0.007043161169747,21353631.882900696,1259245.8532983784
2019-08-28,0.0071012044466449,21384268.99046883,1271082.7789324296
2019-08-29,0.0059750407329862,18031793.295338582,842580.2047892964
2019-08-30,0.0058386758144828,17582343.263477605,1306047.9640757432
2019-08-31,0.0056481735226627,17008672.65841476,940903.891094872
2019-09-01,0.0050229168009302,15125800.812365672,638315.7703312229
2019-09-02,0.0058983863235104,17800015.16808983,1044235.0076317864
2019-09-03,0.0061175978859293,18420568.528063875,1629622.6837220427
2019-09-04,0.0063070729145153,19142985.41494925,1279574.5596487515
2019-09-05,0.006733282360246,20103587.82915897,861545.10466379
2019-09-06,0.0120051451181424,36241395.79461253,4962026.354765977
2019-09-07,0.0083878746794475,25254061.5796426,23726478.028113004
2019-09-08,0.0111934196773411,33707394.1613607,20599749.410090357
2019-09-09,0.0097977790843474,29532645.47318387,6484255.476204029
2019-09-10,0.0084888246774529,25570574.17204212,5213049.586456504
2019-09-11,0.0078980991500604,23782705.238968,3558042.442207948
2019-09-12,0.0067151424974274,20221698.24193168,3398340.0084942714
2019-09-13,0.0059424985331722,17894990.64047652,4098101.479642349
2019-09-14,0.0062207585821781,18772438.9193631,3239842.8349948577
2019-09-15,0.0061639019397065,18561715.56528455,2218240.0262986613
2019-09-16,0.0071580149397907,21555345.72485066,4069049.223086052
2019-09-17,0.0068376452292193,20720154.057557862,3798942.0571105536
2019-09-18,0.0069819180746813,21025055.01710229,4241608.229997818
2019-09-19,0.0068619685392738,20668240.900837574,2096506.427624822
2019-09-20,0.0065623308740111,19738928.065541606,2196545.6268925625
2019-09-21,0.0063379617863954,19094452.47595586,3099331.513250212
2019-09-22,0.0062770591943283,19021921.095417887,2126110.528973445
2019-09-23,0.0057093078832326,17192770.105659205,2282465.768636306
2019-09-24,0.0054017970024878,16266744.74746095,2661405.385194861
2019-09-25,0.0044127438968468,13527907.585769782,2074775.9207161728
2019-09-26,0.0044413561000525,13386145.696667785,1747312.409689842
2019-09-27,0.0042493252809997,12796239.7815246,2526119.605637907
2019-09-28,0.0041088745472543,12373292.337483866,2008259.768643044
2019-09-29,0.0042139212516077,12682014.85658307,1998877.5057404265
2019-09-30,0.0041381676682214,12511848.253310436,1639853.1679771966
2019-10-01,0.0042696348388999,12841589.736419069,1560501.23284826
2019-10-02,0.004500080286567,13551352.879598018,3995584.6771276575
2019-10-03,0.0044949349413749,13535858.40306747,3989495.929121357
2019-10-04,0.0043936516399001,13230985.662579812,2503614.45670409
2019-10-05,0.0043579792473106,13117934.113075424,2484187.115376499
2019-10-06,0.0044346473778486,13319870.03291164,1935326.5132085236
2019-10-07,0.004580223968099,13757191.468128843,2208642.556853883
2019-10-08,0.0047297935059318,14251808.680537213,3839791.4089174415
2019-10-09,0.0049127081451057,14793010.986386675,3481148.801457763
2019-10-10,0.0050057804605465,15074197.15624915,3943387.225092675
2019-10-11,0.0051206956933161,15420248.064529909,3878920.2222942263
2019-10-12,0.0049468108029908,14400316.432821488,3183443.136766492
2019-10-13,0.0047988403630332,14997247.65311698,2929260.442428349
2019-10-14,0.0049631142897058,14957907.23976107,1174427.1698519182
2019-10-15,0.0053225839730528,15984263.975548685,2175413.2514263275
2019-10-16,0.0053347138473572,16089171.729041778,2458665.9035789096
2019-10-17,0.0069350694630733,24998631.175505023,5110439.437698879
2019-10-18,0.006770908635556,23574772.7147446,3483526.6988094635
2019-10-19,0.0085614913768606,30861559.67966453,10565342.538731078
2019-10-20,0.0075965291690794,27359047.60431729,9995678.501980098
2019-10-21,0.0098632486672897,35016646.639767915,10837350.085984211
2019-10-22,0.0095721473517429,34077500.102037735,8777601.735852432
2019-10-23,0.0096926031459242,34639136.032727234,5559156.130297608
2019-10-24,0.0085399064102855,30777151.97270312,4352618.381843655
2019-10-25,0.0088562093073338,31449022.4344484,3002965.477986401
2019-10-26,0.0107305632312746,38614884.02822007,13207663.7044483
2019-10-27,0.0105263823639683,37831651.04507363,7747028.813459328
2019-10-28,0.0098038371357022,35339589.59821688,5209473.800627883
2019-10-29,0.0096921995042022,34966010.68678089,4350237.018566885
2019-10-30,0.0109065704318657,39480436.67721304,6604908.359522896
2019-10-31,0.0107395270594603,38621697.65791955,5770145.059961431
2019-11-01,0.0107984464712301,38869372.72805908,4785713.341141441
2019-11-02,0.0117060147462476,42371481.84736451,2654522.0204765555
2019-11-03,0.0138348305524887,50879933.257257074,11050817.991989244
2019-11-04,0.0159410600554339,58825240.95948349,16192629.583397288
2019-11-05,0.0172946620191821,65075821.276179,22883770.447032403
2019-11-06,0.0158281902038482,59557826.32170272,19619256.07353498
2019-11-07,0.0153767473536678,57810119.87361168,15236811.88757868
2019-11-08,0.0142085027369436,53747118.36486699,15221722.437339954
2019-11-09,0.0128122386216154,48209496.6506569,7989209.076128403
2019-11-10,0.0132242106030078,49776420.07179198,5671925.515152266
2019-11-11,0.0129295686633571,48650982.51596271,4495246.740257325
2019-11-12,0.0128334358265742,48325374.804809056,5353959.665766678
2019-11-13,0.0134963127261544,51249108.21314443,7612906.006662386
2019-11-14,0.0144173140166426,54235502.61079537,9550768.60339261
2019-11-15,0.0142916266579486,53222736.60949107,9797788.89447357
2019-11-16,0.0135839934298246,50944812.030063055,5794215.364612698
2019-11-17,0.0134637001169395,51022831.35459973,3791989.732054088
2019-11-18,0.0133528463215815,50941675.3482692,3730200.093200232
2019-11-19,0.0129131334090527,48772154.56974225,2923262.2783370763
2019-11-20,0.0124074686141112,46499866.14530712,3416220.39365302
2019-11-21,0.0119495354103215,44128396.87204713,3160381.983995385
2019-11-22,0.0111346779827937,41545533.76838709,3526914.4838102497
2019-11-23,0.0103414373242273,39290419.21258285,5083484.588609824
2019-11-24,0.0114945619036936,43572766.23906949,6570510.2278973805
2019-11-25,0.0106030152020658,39869691.64298506,3848339.367576104
2019-11-26,0.0108710079232249,40811426.03512968,3461499.919924836
2019-11-27,0.0114290848547423,43332667.00666382,5059505.4403514415
2019-11-28,0.0124509444740149,46811644.20843419,5315065.598506455
2019-11-29,0.0117869501304798,44508801.48162712,8005643.233580451
2019-11-30,0.0119347295368372,44613596.87185988,4350104.331626656
2019-12-01,0.0115681913380389,44421924.544611655,3003634.339015493
2019-12-02,0.0113340261129477,42620527.12441373,2919870.808530092
2019-12-03,0.0113442529536328,43643403.68700124,3283143.673488266
2019-12-04,0.0112115078963583,41535442.69019141,3753409.306379633
2019-12-05,0.0103780430029414,39218739.06378751,4079655.041747973
2019-12-06,0.0101840182512076,37423290.119568445,3189489.868559488
2019-12-07,0.0101036110189527,37940729.58630437,3862373.9153393456
2019-12-08,0.0098713837966769,37355967.64312508,2480882.1710214047
2019-12-09,0.0096629351532711,36272014.54882792,2712076.091208388
2019-12-10,0.009370614720851,35673742.884464495,2784047.8397221244
2019-12-11,0.0084705641504075,32099515.419828616,3581722.8050580267
2019-12-12,0.009227735438231,34979178.28416772,3205901.101165716
2019-12-13,0.0088033615705173,32618396.421909142,2767429.860785708
2019-12-14,0.0089683246769654,33400275.13973586,2002667.310833193
2019-12-15,0.0081859452224378,30785382.83681225,2218549.025274588
2019-12-16,0.0079011275503148,29793487.34653796,2324406.862361739
2019-12-17,0.007543684273331,28356477.91382092,2075381.9851756736
2019-12-18,0.0070140227030375,25950783.582723524,1886431.64969324
2019-12-19,0.0077797287300847,29594693.04176765,2741690.2302253526
2019-12-20,0.0082428409847552,30709544.386546243,2302170.5916328467
2019-12-21,0.0082414402435463,31007214.65437752,2041993.2627568613
2019-12-22,0.0081842809802556,30634262.830578063,2499427.31649783
2019-12-23,0.0078604209155776,29722639.9070012,2193628.611278205
2019-12-24,0.0073836463657302,28371883.42408301,1458670.8934278053
2019-12-25,0.0076162516728168,29140529.464096755,2050263.7512043132
2019-12-26,0.0075455402965281,28351508.66971275,868230.5201490775
2019-12-27,0.0076851904970271,28727906.195921324,2576503.3998215264
2019-12-28,0.007704674167012,28575318.86128782,2161193.896520459
2019-12-29,0.00757170791949,28834774.20500113,1848508.0309438223
2019-12-30,0.0073995613481362,27842841.40848512,1945946.2852671004
2019-12-31,0.0067073751686179,25080070.29729944,1385480.2693072911
2020-01-01,0.0070623050521248,26689744.652995,2524612.086652738
2020-01-02,0.0068628018844047,25823139.439672463,1651472.7221524918
2020-01-03,0.0066379470462794,24662755.07075015,2037544.195956609
2020-01-04,0.0069184534222522,26251886.64323609,1795311.6794914312
2020-01-05,0.0075540035747506,28395184.841412216,4790458.340082128
2020-01-06,0.007625640190156,28822801.296403624,2950745.2904842496
2020-01-07,0.0075675881463546,33074672.543461613,2547980.80003466
2020-01-08,0.0075863120634971,32248785.429353748,2630004.1003672387
2020-01-09,0.0071263278824188,30869023.174720097,3672304.971456099
2020-01-10,0.0069537140036026,30158029.2970254,1682490.533555951
2020-01-11,0.0071471709060779,30899622.77612862,1825600.7691339988
2020-01-12,0.0068549750996824,30603212.67431427,1829662.4055570548
2020-01-13,0.0070390310047336,30154789.832250223,1371049.2669106096
2020-01-14,0.0068156502828109,29936335.54697858,1956946.7294671885
2020-01-15,0.0072978968730702,32222634.333176184,2305796.8952939906
2020-01-16,0.0072327061900113,31435491.561870467,2280787.11772016
2020-01-17,0.007209063399424,31282140.68363833,2083206.2559192828
2020-01-18,0.0074107726718337,32235019.9711671,2124278.121435802
2020-01-19,0.0075888612419374,33005363.985223677,2147318.606125336
2020-01-20,0.006949349499031,30252555.162327144,1625427.2834169243
2020-01-21,0.0071638110752623,31153823.69203503,2323737.0628896984
2020-01-22,0.0072452198090822,31633614.500556186,3528591.435320304
2020-01-23,0.0076050704524707,33091457.12340552,1942238.688332156
2020-01-24,0.0071472635202944,30974425.925533112,3320554.2808251213
2020-01-25,0.0069539337093275,30353168.170802493,2798586.525619071
2020-01-26,0.0070567871392464,30658442.67956645,1776751.9811201636
2020-01-27,0.0071121157749427,30414218.887146465,2166456.4169350117
2020-01-28,0.0068944673170626,30952628.166198578,1811082.5172017512
2020-01-29,0.0072713703911358,31823048.058489628,1828895.1432391284
2020-01-30,0.0070376874993475,30564817.162268404,2011964.8519158603
2020-01-31,0.007045996564081,30682553.103340443,2064704.894434913
2020-02-01,0.0073592350360306,31938375.500782188,1763837.6640971
2020-02-02,0.0073023466929336,32811809.23043267,1816802.670913217
2020-02-03,0.0079745990782518,34577913.72465216,2275445.395600633
2020-02-04,0.0080431110175303,39335222.58253116,2514362.6007062458
2020-02-05,0.0089602931757367,42730986.30311121,4218013.295225561
2020-02-06,0.0088153598151696,40672223.95186651,4615469.929581367
2020-02-07,0.0101836860757715,48678608.38838861,5828916.602221812
2020-02-08,0.0098210776589125,45457243.115246914,4951278.179406666
2020-02-09,0.0097656769311861,44593458.02720331,2813982.114309371
2020-02-10,0.0105349598631796,50348117.51459428,4158379.5559617127
2020-02-11,0.0100874502765189,48285340.51179859,4856150.396573028
2020-02-12,0.0112073707781602,54216451.88020827,5729784.333240258
2020-02-13,0.0129862980499144,62152104.84368578,6977742.578144507
2020-02-14,0.0165591195288782,79192849.05148077,47176023.47961037
2020-02-15,0.0151742129548372,72720272.73226105,22490632.43742669
2020-02-16,0.0140408700925753,68319493.72847995,13269782.53539395
2020-02-17,0.0136388815116548,65655150.88958652,9823347.17395182
2020-02-18,0.0138975902201526,66520046.42209277,13791486.583456192
2020-02-19,0.0137677495261817,65970219.8010289,6803205.858635349
2020-02-20,0.0134046003229509,63925030.35552604,7741830.283756038
2020-02-21,0.0130084602687642,62118062.22204169,6640375.945315436
2020-02-22,0.0135069258001069,64595942.6871701,3958281.5605323855
2020-02-23,0.013135202319187,62872465.28722034,3747104.079098737
2020-02-24,0.0131787652161041,62490788.09025008,4966085.410154299
2020-02-25,0.0128982047534503,61715917.45209078,8898423.752671612
2020-02-26,0.0118399024924875,56475761.75382358,5785032.463961353
2020-02-27,0.0106482107310638,50997809.76228486,6682081.739385759
2020-02-28,0.010655998377969,51345660.55839936,3837896.850203384
2020-02-29,0.0108469997372364,51175754.27488418,3861935.433638752
2020-03-01,0.010444669889437,50992627.12711916,3187701.287529398
2020-03-02,0.0118868341005574,56257516.43280207,5509707.677692902
2020-03-03,0.0119383011662764,56626458.27475888,5833927.944535867
2020-03-04,0.0115994047498583,55399440.84630794,5857655.495612197
2020-03-05,0.0126696337205388,60549758.52722467,12270781.74305314
2020-03-06,0.0128103234635246,61274587.3857922,9503438.070180316
2020-03-07,0.0130479236421813,62445312.78349472,12857225.160945067
2020-03-08,0.0124337919865533,59500964.40648816,14138933.183059946
2020-03-09,0.0105583117758938,51016322.9111419,9648170.304247364
2020-03-10,0.0103744765915303,49519544.52241602,9137528.673580954
2020-03-11,0.0106271994806016,51318420.85075378,7758635.230964842
2020-03-12,0.0108538067525684,51960334.289833896,11950170.678283917
2020-03-13,0.0054334301294184,25985005.502279527,19975481.122257512
2020-03-14,0.0061891838892087,29872929.709026337,4498281.012603741
2020-03-15,0.0056396720889534,26971343.473996557,1798209.9695628209
2020-03-16,0.0057816272423707,27650234.221602604,1593068.2584852583
2020-03-17,0.0051836583638521,24937038.82893934,2028556.369561059
2020-03-18,0.0056475293784182,27128607.585170276,1590101.3024972116
2020-03-19,0.005268289102621,24934654.14912523,2073667.8523907568
2020-03-20,0.0062691633076758,30123367.49100915,3726359.256077225
2020-03-21,0.0059867730461299,28859015.86554526,2282534.6821858613
2020-03-22,0.0059677554303957,28538085.05778901,1869366.3529546096
2020-03-23,0.0054727306982732,26172957.76698342,1242297.4060705483
2020-03-24,0.00604075251287,28792127.190252997,963780.1513860996
2020-03-25,0.0061734627715313,29491016.19431749,790095.5820021231
2020-03-26,0.0062067709745123,29885044.397724565,597310.6609440104
2020-03-27,0.0067368017105919,32064262.77360668,1257840.3693728638
2020-03-28,0.0064876521269742,31026749.622405324,2898909.592183457
2020-03-29,0.006354853850897,30223368.70842245,1351317.5939605786
2020-03-30,0.0060415446141872,28515980.70121429,1105984.9201960522
2020-03-31,0.006288264905872,30145470.668284032,2422963.856959868
2020-04-01,0.0063173812368419,30188642.617932484,929501.5880306544
2020-04-02,0.0064833671910253,31006257.21124756,931713.6171253782
2020-04-03,0.0065088818869889,30929499.91220102,1585745.3693757227
2020-04-04,0.006833399209031,32781940.984345004,6455781.058098459
2020-04-05,0.0069988790623124,32660599.20778316,1681309.0905801551
2020-04-06,0.0066764256102446,31898578.23761775,1637807.5132844143
2020-04-07,0.0069414188841723,33145556.35772129,2899214.300540565
2020-04-08,0.006837843525711,33052978.2154804,2058366.1897123016
2020-04-09,0.0070582553421016,33971385.89704433,1580880.4317648488
2020-04-10,0.006947121446103,33663494.55398859,2049284.369509115
2020-04-11,0.0064128685218035,30653553.18598825,2035697.4732294476
2020-04-12,0.0063916725527276,31574127.881250896,1285172.5639122368
2020-04-13,0.006385820035241,31438843.76012677,1193227.5132995606
2020-04-14,0.0066835197889618,32247555.360771008,1905361.6043376692
2020-04-15,0.0065169495126658,31234564.307898123,2172548.030150318
2020-04-16,0.0062614847411327,29972828.499976404,1639847.038882021
2020-04-17,0.0068212825358901,32382644.71999348,3099085.242538023
2020-04-18,0.0067522659063923,32436336.84239733,30259877.20971684
2020-04-19,0.00688599317068,32798845.20139154,4362155.029772698
2020-04-20,0.0067503308721232,32275474.22290224,2110198.79045666
2020-04-21,0.0064300771843568,30726652.7800752,2407175.9865532084
2020-04-22,0.0064299317575874,30743479.73026794,1885679.7826025828
2020-04-23,0.0066247208074056,31654522.39256292,1430998.697281706
2020-04-24,0.0067454671472467,32105338.98892293,2715083.457903716
2020-04-25,0.0068036073134045,32447124.9305104,2245682.824460533
2020-04-26,0.006808629925108,32402041.26049674,2205872.413588054
2020-04-27,0.006901143597757,33004244.112536263,2085907.6753671656
2020-04-28,0.0071534162876123,34155302.44777955,4866672.3716704585
2020-04-29,0.0072659152552198,34736039.12986158,2715787.254465017
2020-04-30,0.0073935577092027,35300994.561162375,5029350.658362124
2020-05-01,0.0072170098583168,34672734.04559685,4869655.831046579
2020-05-02,0.0074614407926868,35730579.89462102,2909667.706601335
2020-05-03,0.0078213073199703,37448756.12193205,4689056.721329622
2020-05-04,0.0076406650697103,36463552.8807194,3227279.7546565835
2020-05-05,0.0085050207104691,40726417.69134112,10157023.78741952
2020-05-06,0.0093992630113361,44930380.04379416,14291727.704958716
2020-05-07,0.0105346104305823,50823689.0609672,28699126.08342064
2020-05-08,0.0098562030333096,46842916.645966485,42021220.08320618
2020-05-09,0.0098107829616641,46919394.04175192,11365166.641305652
2020-05-10,0.0088072660761584,44756372.68537218,6117571.533597145
2020-05-11,0.0085023468683921,40059628.21053019,7693475.662667573
2020-05-12,0.0087033305289147,41514126.07057691,10399063.711805657
2020-05-13,0.0092667157429133,43647171.60494862,6660245.833315715
2020-05-14,0.0099427862106699,47729483.82304668,9712751.569856511
2020-05-15,0.0097972005277878,47472849.57039683,6891373.061899184
2020-05-16,0.009300085714087,44591423.256621286,4461605.655010676
2020-05-17,0.0098150769887489,46665344.00212132,4319739.1038876455
2020-05-18,0.0097901264396981,46743197.844543226,3003714.5113194594
2020-05-19,0.0096086669399488,46031627.41418295,4166650.3020198415
2020-05-20,0.009628982128192,46312709.23607789,2744962.893073321
2020-05-21,0.0096251796865801,46080032.16005684,5912286.782465095
2020-05-22,0.0090668338260848,43429314.252776176,4177201.45386252
2020-05-23,0.0093562440136036,44750026.75756869,2615102.412129178
2020-05-24,0.0094463297527491,45176421.66271926,2316897.452284357
2020-05-25,0.0091118081576913,43848915.34834646,5260409.384597836
2020-05-26,0.0098555773689945,47176182.5713728,9541107.620490516
2020-05-27,0.0098536001123951,47257649.17367437,8094364.710715954
2020-05-28,0.0098316575638664,47068028.18455586,7031601.277460871
2020-05-29,0.0103333744964015,48610101.15669137,6441183.067044571
2020-05-30,0.0109765743096255,52603506.85769071,11895462.782766214
2020-05-31,0.0109563358424424,52656370.6531019,7218951.966938205
2020-06-01,0.0108179037547,51488584.26695174,7912432.748989874
2020-06-02,0.0112575015531673,53719766.254751615,6193830.3846237045
2020-06-03,0.0115189386991331,55156578.76495036,10146439.91237802
2020-06-04,0.0120636650407545,58276976.37052632,11216960.327348704
2020-06-05,0.0125278988531688,59871266.217745885,7790485.406215775
2020-06-06,0.0123593686961058,59199370.93402127,8913572.443446329
2020-06-07,0.0121818154414516,58304675.079078615,4951461.453031953
2020-06-08,0.0121582935197031,58173381.19141136,5772165.506650094
2020-06-09,0.0121981755776404,58438985.79017419,3767931.4624951007
2020-06-10,0.0125395812040703,59871183.91740363,6801188.010544624
2020-06-11,0.0125040015489185,59754440.7402771,5076267.672085681
2020-06-12,0.0113898847716163,54521031.24079642,7388900.526403506
2020-06-13,0.0119479976482243,57259702.26173056,4592326.569730854
2020-06-14,0.012285498597572,58899416.78541771,4709149.67582601
2020-06-15,0.0116862358650866,55913502.25940042,4107774.294203386
2020-06-16,0.0119085433677691,56988452.06634787,6373386.748846676
2020-06-17,0.012921748971196,61841988.92011557,14781178.607112572
2020-06-18,0.0131898397670564,62957126.680421166,9445349.434143152
2020-06-19,0.0143599343907214,68930218.04020771,15040307.603228452
2020-06-20,0.0137302318892102,73044493.44878742,8811342.23806556
2020-06-21,0.0133295744876465,70847435.22063506,7188032.724219007
2020-06-22,0.0141257302703962,75383014.53214642,6496004.836291693
2020-06-23,0.0139785538620694,74726359.68651076,29330388.896129828
2020-06-24,0.014075179780204,74977575.0368812,7559892.610740163
2020-06-25,0.0130572480629691,70064777.35671353,13479822.44940197
2020-06-26,0.0126902254628062,67893839.51978064,5998075.177518011
2020-06-27,0.0122932387156861,65589557.34197006,6837051.865751142
2020-06-28,0.0116450508584561,62231903.82497416,5532241.229736209
2020-06-29,0.0117472357305924,62763528.375951655,5513320.435443039
2020-06-30,0.0120398854170747,64349503.172072224,4878959.240313703
2020-07-01,0.0117090705537722,62628435.30987792,4159825.687427047
2020-07-02,0.0119213054699798,63617156.36959231,5769851.0415226575
2020-07-03,0.0114606376451544,61286324.40011679,4814711.741480136
2020-07-04,0.0112580450913876,60543969.98791486,4771115.2899245005
2020-07-05,0.0115810479290072,61839915.06808802,4677029.526371183
2020-07-06,0.0116360069764372,62122857.96232899,5112805.269332475
2020-07-07,0.0120150171436064,64177113.06162814,4091162.054418149
2020-07-08,0.0119673159165701,63964173.691342354,4874537.453248837
2020-07-09,0.0122298833306612,65361267.17276814,5294235.471031137
2020-07-10,0.0122047742812312,65127691.183878906,7831053.672643883
2020-07-11,0.0125934029976134,66988019.00308397,6954466.41576537
2020-07-12,0.0124108942230418,66311774.987837926,3800807.035051484
2020-07-13,0.012343935452934,65915756.55342975,4193395.341355529
2020-07-14,0.0122913370637953,65614449.598928094,7317327.756885305
2020-07-15,0.0123085548074732,65751400.60201698,5018391.982609244
2020-07-16,0.0123226713776939,65871450.10902446,5197262.894660383
2020-07-17,0.0120016684534075,64131298.17771628,5835584.700927719
2020-07-18,0.0121349148121257,64781502.04336584,3809745.6402152334
2020-07-19,0.0121680539170461,65148897.52253165,2660738.142298865
2020-07-20,0.0120072296041545,64131958.41584823,5803381.360549309
2020-07-21,0.0119433917559883,63777475.40924228,4685633.672244638
2020-07-22,0.0118958828198415,63519526.670420654,4136803.8814972895
2020-07-23,0.0121646147663124,64939334.03439509,5344965.109049
2020-07-24,0.0121438021462168,64897262.91612524,4553713.221845221
2020-07-25,0.0120028736009869,64138163.60048845,3923227.489005496
2020-07-26,0.0118250823560502,63192591.24150746,4995263.403614543
2020-07-27,0.0117428397616699,62999731.0352844,5587913.028291785
2020-07-28,0.0115018695233267,61679589.70974707,8836620.578829791
2020-07-29,0.0118142295682451,63071250.59186935,7810919.698464183
2020-07-30,0.0121383831754216,64688530.28900875,7693756.106417799
2020-07-31,0.0129135336383493,68626783.69393343,20944382.85046652
2020-08-01,0.0140637606535056,75190911.65660608,66421719.74403393
2020-08-02,0.0133564179377633,71486424.92747822,15557896.195948496
2020-08-03,0.012623735338289,67521215.3707173,9773569.340003883
2020-08-04,0.0130942922802477,69768477.96910901,13477354.509394849
2020-08-05,0.0132870999803537,70928310.20641021,11100053.121702855
2020-08-06,0.0132755876075076,70842745.94141288,8711824.390773403
2020-08-07,0.0132181731760822,70858777.99420959,9751193.079044867
2020-08-08,0.0130763931539204,69852212.743699,8959543.513603995
2020-08-09,0.0132544629231247,70854668.167026,7630899.238617793
2020-08-10,0.013908438817174,74078906.5536459,12424131.44798378
2020-08-11,0.0142569425614015,76175781.3684988,14890195.317656511
2020-08-12,0.0141839483305113,75800511.10248812,13644927.038907023
2020-08-13,0.0159318871586112,85463729.61435811,20831721.194652464
2020-08-14,0.0180926242054279,96688152.17547804,46881789.03483376
2020-08-15,0.0196773964157239,104675032.5790832,33566095.036441006
2020-08-16,0.0185856358809641,99387502.241821,16014962.244798154
2020-08-17,0.0195207093815528,104313921.3936084,17041926.46701225
2020-08-18,0.0200788365934636,107263198.29572932,21802128.23661512
2020-08-19,0.0181794489105009,97625807.22424088,44922839.74581499
2020-08-20,0.0162308532578174,87030378.92452478,19050580.71110904
2020-08-21,0.0178866599092875,95599334.65387397,16995326.270952985
2020-08-22,0.0165720137123224,88409022.99963522,25260731.42598386
2020-08-23,0.017304791563823,92503686.71567202,11086841.96149442
2020-08-24,0.0169452293840169,90556400.15110004,7283961.555491035
2020-08-25,0.0172826473969068,92374287.27530456,9656584.775145477
2020-08-26,0.0155034151978155,82695738.59888647,12139378.43197793
2020-08-27,0.0156954211063376,83902125.10042793,9012926.95854767
2020-08-28,0.0144415612999842,77652938.93805651,8488308.01572952
2020-08-29,0.0151844871177971,80503462.03962998,8759519.176332073
2020-08-30,0.0149135104759335,79664667.28632158,7094591.551058267
2020-08-31,0.0150059842756671,79946950.31556416,7735853.007522257
2020-09-01,0.0148592819341074,79690650.01362939,7522313.93965182
2020-09-02,0.0150508450995191,80844783.69017941,12786697.025844725
2020-09-03,0.014292121376889,76237175.83622868,7343014.497310196
2020-09-04,0.0113756673984566,59983531.67942365,7222075.331539562
2020-09-05,0.0121931148390136,65082168.073587656,6415638.724041838
2020-09-06,0.0105804827647205,56479209.34685164,6467623.842205708
2020-09-07,0.0110350894339109,58807522.0510228,6002928.527468996
2020-09-08,0.0111823152252184,59770733.5064328,5751354.223657126
2020-09-09,0.0110843032891815,59080323.09977122,4766141.781920439
2020-09-10,0.0122547920032326,65411659.32326857,8666600.934471117
2020-09-11,0.0124405631344683,66450372.01475941,6365963.420225838
2020-09-12,0.0123901715705376,66263223.10442589,5786199.222026566
2020-09-13,0.0130133530754765,69366200.42597178,6675538.4665567605
2020-09-14,0.0123043937123043,65498947.77761717,4972090.345763799
2020-09-15,0.0134232263360525,71642883.62251197,8954959.380467251
2020-09-16,0.012916092902403,68999564.4063076,6928947.570739261
2020-09-17,0.0123446921732695,65975912.87855507,5721314.753614446
2020-09-18,0.0126916948262418,67472978.72878508,5262698.198496296
2020-09-19,0.0121711900245772,65046492.14195613,4875362.245845485
2020-09-20,0.0120869240082096,64554684.42220982,4816909.5006150445
2020-09-21,0.01151245163371,61564248.11751661,3995641.1120542944
2020-09-22,0.0108297391861178,57995914.53878807,4873437.344575104
2020-09-23,0.0112740681158626,60285235.51643159,5046624.994657875
2020-09-24,0.0103578769269362,55421973.36315717,5012059.49284565
2020-09-25,0.0114018021108029,60684239.21250774,5147954.022826606
2020-09-26,0.0111963185371921,59867009.02313661,4598868.167991362
2020-09-27,0.0112542389918138,60126273.24100072,4271032.157550951
2020-09-28,0.0110200903306542,58813440.51672198,4307170.349131581
2020-09-29,0.0108535150803414,57823008.14698765,4171234.4950624183
2020-09-30,0.0110334036822758,58868149.24643255,3899772.087223049
2020-10-01,0.0115328349110684,61381989.216623984,11810079.488136834
2020-10-02,0.0112352479265216,60114186.64672582,7182233.623006388
2020-10-03,0.0106093339790558,56939931.85673155,4772625.582091846
2020-10-04,0.0108018001076254,58022698.97277016,3858047.3757632575
2020-10-05,0.0110885255518777,59233312.01027896,3723320.4395661447
2020-10-06,0.0109665717031567,58844280.08601653,5124268.197471035
2020-10-07,0.0103069893829081,55150482.391815566,4749916.1135783
2020-10-08,0.0102923336102547,55075855.08712134,4526561.395928711
2020-10-09,0.0106333252018772,56487932.57197291,4354926.397604048
2020-10-10,0.0111382841629065,59316606.33136962,5902237.639087441
2020-10-11,0.0111653348814837,59675310.65645913,7455919.737346869
2020-10-12,0.0111484599649269,59575099.54949088,4854532.434472946
2020-10-13,0.0111420852508758,59393214.86681376,5174209.879343087
2020-10-14,0.0109425518358955,58566389.17496075,6518216.227630254
2020-10-15,0.010860946364928,58043411.7196992,4169130.437029104
2020-10-16,0.0107095295919032,57513236.505466364,4390719.936488726
2020-10-17,0.0106043607542781,56765085.78688049,4936414.667822553
2020-10-18,0.0106098463344115,56701906.449066594,3701500.913349637
2020-10-19,0.010713675943491,57218083.34904333,3704175.469005757
2020-10-20,0.0106325029466058,56780804.02965447,3909946.5438946728
2020-10-21,0.0104345114156387,55780125.10892876,4350603.781190113
2020-10-22,0.0104577149593215,56025923.38204085,4764078.370717261
2020-10-23,0.0107503119254959,57398167.474294364,4727777.883276747
2020-10-24,0.0106264251039112,56799600.98804565,3899312.601651023
2020-10-25,0.0109188655786079,58078297.07162255,4534894.169095117
2020-10-26,0.0105855967942647,56522405.54548488,4211354.706042946
2020-10-27,0.0103684778728374,55411760.030297846,4157300.523058983
2020-10-28,0.0101752108752176,54437165.6467994,4918297.634952341
2020-10-29,0.0098632139350822,52705583.49541775,4944218.419070107
2020-10-30,0.0095452801414269,50662272.43209583,4264463.053533099
2020-10-31,0.0094692930060004,50631873.9336049,5076954.486743902
2020-11-01,0.0093756170824879,49739457.154493846,4078775.5070006833
2020-11-02,0.0094795440062398,50611536.79836275,4105020.220950918
2020-11-03,0.009371671483459,50111648.83714123,4870399.649002934
2020-11-04,0.0094638969022098,50434121.7364731,5223158.201738003
2020-11-05,0.0096406848814995,51758808.62876072,4566251.505636627
2020-11-06,0.009692063331854,52128535.246236645,5481544.745286137
2020-11-07,0.0104158292869584,55700936.990992494,6594901.367151778
2020-11-08,0.0100364351269191,53626313.575749256,6790309.92398867
2020-11-09,0.010446678020067,55476551.071721226,6157069.800381559
2020-11-10,0.0107220008274185,57263436.70560727,6523733.274150849
2020-11-11,0.0108582642196137,58052990.537926175,7805193.40644355
2020-11-12,0.01070252723511,57143157.62265636,6079882.715332158
2020-11-13,0.0105407736280617,55940697.1704615,5416985.053936869
2020-11-14,0.0110012930057575,58841889.40024262,7048058.232231042
2020-11-15,0.0107548054923878,57552059.46917351,5374219.558101725
2020-11-16,0.0105502268634412,56389649.57868712,4400504.494664688
2020-11-17,0.0110120009007379,58782167.15022133,5392174.496313118
2020-11-18,0.0110270874633451,58913296.716208845,5622106.120856697
2020-11-19,0.0105827832293062,57030688.80770962,6402722.939601237
2020-11-20,0.0105219936927544,55728833.438444845,5249988.266710104
2020-11-21,0.0108589739141406,58079560.356250815,6184276.396565967
2020-11-22,0.0114999121156431,61457918.9675821,7341328.055583819
2020-11-23,0.0110839443923511,59284510.55950513,7072663.108312481
2020-11-24,0.0119022353537887,63514690.1264736,11572506.484061169
2020-11-25,0.0125193795805011,66801456.94149792,13825774.738052271
2020-11-26,0.0134055953609454,72098204.37192386,22075262.563881826
2020-11-27,0.0119713240304742,64029430.42165528,12853385.083695935
2020-11-28,0.0116334243187137,62207860.46171119,6584170.30909274
2020-11-29,0.011814236329465,63148982.79144985,6525920.985848672
2020-11-30,0.0116329140131531,62098384.38547197,5607541.364633682
2020-12-01,0.0120233646630339,64785669.61484446,8119964.152444037
2020-12-02,0.0121448151571484,64939529.64280839,9143367.149494547
2020-12-03,0.0128625226988476,68529362.47063482,18902882.071466703
2020-12-04,0.0129948592784932,69032253.59545325,9559776.46430146
2020-12-05,0.0123449653971963,65950964.6237974,8042421.22409405
2020-12-06,0.0127265133474663,67678338.31073137,6289618.465360135
2020-12-07,0.0127005611384857,67163024.47220145,5621705.082193044
2020-12-08,0.0127453723522911,68143611.61162388,7758030.327298127
2020-12-09,0.0122043390769582,65160390.82692828,6007310.982792234
2020-12-10,0.0122211611935494,65334489.44996997,6260508.006495716
2020-12-11,0.0120413335379584,63916194.40470027,5397985.759778199
2020-12-12,0.0125152786975673,66241483.69911303,6421624.348858524
2020-12-13,0.0123084185703115,66645177.96314648,5683950.224230454
2020-12-14,0.0125826443036471,67236804.34367296,4804546.895884218
2020-12-15,0.0146561825920125,78604204.30336691,55565955.313776486
2020-12-16,0.0149114310579232,79654109.38050802,32938085.087490328
2020-12-17,0.0143519274986216,76550244.87328787,16959511.24149001
2020-12-18,0.0145109450230738,77067087.498917,15105040.465990612
2020-12-19,0.014938769879311,79452628.8696352,11548507.702336626
2020-12-20,0.0161249175766487,86334366.92353961,30740431.96447586
2020-12-21,0.0157874549585149,84369900.98775709,17739178.795687232
2020-12-22,0.0189961020464258,103314702.36348169,233963955.0865112
2020-12-23,0.0173380248255895,92941089.48737158,44651307.1274625
2020-12-24,0.0184288006055919,98091538.31676988,100187602.60902324
2020-12-25,0.0189205767370564,100573479.75530384,58505046.04130746
2020-12-26,0.0190800137994725,101904300.49332435,50856443.5137217
2020-12-27,0.0212096201144487,112450863.36780795,70005272.8043287
2020-12-28,0.0238986958846375,124885309.53731903,102066481.5631772
2020-12-29,0.0277049100687376,148905540.70949435,134116183.5577835
2020-12-30,0.0284664280259704,153039917.09048235,138541603.92654714
2020-12-31,0.022910564672485,122884754.63146274,132537664.07957758
2021-01-01,0.021367770840345,114832148.61004624,83409096.00159034
2021-01-02,0.0207913142349278,111309607.71027046,58111767.49829888
2021-01-03,0.019452259043378,103661030.04863434,51291079.03974963
2021-01-04,0.0195982737587088,106179257.7002038,64119740.58906401
2021-01-05,0.0186180351224303,100059379.22122464,45142705.97484169
2021-01-06,0.0202237704085288,107559005.5884312,56730779.974622846
2021-01-07,0.0212515076847524,114252960.53723323,68466116.44751792
2021-01-08,0.0200949463137873,106270847.25830936,47179093.2862685
2021-01-09,0.0193496067978213,103303949.7541234,36960315.18455486
2021-01-10,0.0204921632478078,109515496.30345386,34120029.797085695
2021-01-11,0.0195603949953486,104533866.19725974,36710799.59203736
2021-01-12,0.0177354847189947,94821238.8024662,32336416.637816653
2021-01-13,0.0175762651027831,94017781.41151468,25335926.11026717
2021-01-14,0.0204289715838811,109045168.95617598,37636862.86685687
2021-01-15,0.0195751772607047,104195590.6844226,54322413.04002301
2021-01-16,0.0191831843490502,101798221.29523195,32335498.50155397
2021-01-17,0.0197766865850895,105966913.8450436,37114668.44650323
2021-01-18,0.0194274516799879,105383106.43917418,29011687.148390677
2021-01-19,0.0205445171314483,109265126.157278,44583788.68303612
2021-01-20,0.0229673995550254,123435154.4148134,66796590.18118707
2021-01-21,0.0222285988143455,118209075.69428653,57010460.90175965
2021-01-22,0.019032041859942,102961541.62529153,39591901.00143886
2021-01-23,0.019745925428234,105145895.8026448,36312671.28933325
2021-01-24,0.019695159810946,105145443.951644,31481946.50110352
2021-01-25,0.0197466565155069,105368180.3567322,27501804.517593384
2021-01-26,0.0191301111913838,102537559.29702094,32320877.220693223
2021-01-27,0.0206225584340585,109754580.34615512,38078852.67971185
2021-01-28,0.0190471788639043,101299535.0666596,33834495.84585921
2021-01-29,0.0199637444766146,107834259.24261004,34037670.25151913
2021-01-30,0.019910282835446,106475931.19346794,41028064.9303781
2021-01-31,0.0209468217269541,111371983.05743992,50964876.45086611
2021-02-01,0.0215235471703481,114625961.64894012,48147796.615481496
2021-02-02,0.0223120729583934,118726616.9903402,55960478.09244486
2021-02-03,0.0225707795083527,120925105.90259258,38075117.25796937
2021-02-04,0.0239272474605639,127876552.4485871,47494242.98657352
2021-02-05,0.023055292440263,123953228.51886022,56033145.89298597
2021-02-06,0.0251539589767534,134272872.8329915,47144802.68371715
2021-02-07,0.0236607510973493,126239382.52018648,50987886.43070858
2021-02-08,0.0226638265661159,122246264.51464084,41919454.68489229
2021-02-09,0.0243959032722675,130043091.70480466,42684044.076115526
2021-02-10,0.0265583415566937,141965119.34556702,58890185.8758693
2021-02-11,0.0290056369608101,157333392.00296623,95962374.81862502
2021-02-12,0.0304235871945237,161950088.37016928,81197941.63082992
2021-02-13,0.0357601250549161,191692364.20663968,125089716.089527
2021-02-14,0.0365246746145337,195340655.7578582,86145509.62926465
2021-02-15,0.0347768323542835,185533092.58335137,63295871.923250936
2021-02-16,0.0343347947921422,182769026.22142076,99043777.40057728
2021-02-17,0.034568589089966,183028602.5875356,65576035.66752909
2021-02-18,0.0363402722467648,193950742.2459581,84733612.86783074
2021-02-19,0.0393572706658946,209477826.47556216,69041752.5359647
2021-02-20,0.0540168632849325,289719213.0997959,703385181.4987521
2021-02-21,0.0515956674045531,274063478.2563336,170880130.16569936
2021-02-22,0.0548479018700329,291943635.34858805,137946851.16785416
2021-02-23,0.0481380286347623,255969247.0342396,108235443.60805124
2021-02-24,0.0420707091586818,223204829.9263248,105072053.14379568
2021-02-25,0.0513999927623629,275341683.0784669,344795535.18739176
2021-02-26,0.0501784213183064,267966506.15645203,258454455.97800305
2021-02-27,0.050672349028692,270566056.24286985,127299810.9814658
2021-02-28,0.0537385889627019,285235063.853943,156250965.95412204
2021-03-01,0.0506930267706848,272015307.6235927,91164648.33012807
2021-03-02,0.0565474247501042,301545367.4424426,100596199.79675388
2021-03-03,0.0658061614211663,353447657.08598065,397863303.08126974
2021-03-04,0.0860639273448939,464033740.6429837,772784199.1760871
2021-03-05,0.1224283117996465,660149407.8342857,2052941893.266029
2021-03-06,0.1127024443944159,601954455.106323,945185619.0934328
2021-03-07,0.1140892887729911,609709165.204584,674015765.2606351
2021-03-08,0.1290372203706668,685851179.0445954,1116276459.2471669
2021-03-09,0.2219796702038567,1190075438.101829,3446087425.1490965
2021-03-10,0.2658609246465965,1424002846.9642005,4484492084.20891
2021-03-11,0.2502189074254057,1338515423.611616,1904512562.99176
2021-03-12,0.3538614442957413,1862380571.491968,3555161147.1581974
2021-03-13,0.731568177280156,3904705480.776737,10005379626.635508
2021-03-14,0.6036070570517714,3312169986.717394,6802382458.528963
2021-03-15,0.6641162279709957,3565198996.04636,4913429999.714539
2021-03-16,0.6075256192388178,3237700735.65576,2830095217.448241
2021-03-17,0.5268335095004535,2780297833.2371364,3045504124.095077
2021-03-18,0.5825483625909484,3065244836.346479,3626640384.3256097
2021-03-19,0.6444648641985474,3457147518.810468,3263645408.556813
2021-03-20,0.609211095845624,3255853600.8039217,3066102462.676905
2021-03-21,0.5449068116382855,2916231907.749048,1013763594.6973232
2021-03-22,0.5549967702930125,2977347036.670082,1099167679.8068542
2021-03-23,0.5127005598176096,2774125598.217141,717194648.6605396
2021-03-24,0.5133608860081832,2716458789.4496818,1182220701.100955
2021-03-25,0.4824497902468955,2620561939.920795,1173825666.9020965
2021-03-26,0.4836971920629918,2565605500.8209453,1157253306.480417
2021-03-27,0.5147518372231328,2747103359.805695,1024784479.0566454
2021-03-28,0.5251789888440657,2812532665.5995207,780760330.3844453
2021-03-29,0.538982201676582,2874826531.664152,1189498921.4815617
2021-03-30,0.5324768325429804,2845768315.9469604,674264783.0161666
2021-03-31,0.528574268666154,2822020419.6842623,840387928.2793477
2021-04-01,0.5004630750208979,2675264219.378497,814126339.583801
2021-04-02,0.4897108897852741,2677290843.082185,433529151.8048304
2021-04-03,0.5052720895616316,2634855491.6167502,884875978.9189943
2021-04-04,0.4545931507427013,2439826151.005921,771445582.6960356
2021-04-05,0.5004581617045317,2608346990.2307286,1785145929.0773118
2021-04-06,0.4798948089144907,2563537507.639404,927360033.7673376
2021-04-07,0.4612313338016984,2469280698.6337104,811886857.3891779
2021-04-08,0.4607643929235779,2424865425.890556,2040889874.1548
2021-04-09,0.4962046994178336,2646421567.351856,1917300446.0186143
2021-04-10,0.5003539997470565,2570815598.532538,972084991.7040026
2021-04-11,0.4766960264808939,2540149378.294085,531511949.164857
2021-04-12,0.4815133345775503,2580527899.025764,833039674.1361344
2021-04-13,0.56897950650341,3051043005.1656013,2078707722.3667216
2021-04-14,0.5200710168052599,2779022583.367505,1660271135.0890205
2021-04-15,0.5041966607718752,2715234044.156136,975664906.7573868
2021-04-16,0.5354489179272728,2915672535.601469,1479960084.114405
2021-04-17,0.7526258167802216,4001821176.0595007,5848989646.603411
2021-04-18,0.6407087629614298,3319956868.866313,3420779859.0146317
2021-04-19,0.5534165857001179,2957493973.6245346,1961541543.2084527
2021-04-20,0.5069459300269714,2737396790.3873663,1237527294.857575
2021-04-21,0.5118984431998014,2736354611.541355,1094333097.180401
2021-04-22,0.5300662588293008,2836148696.417736,1690502718.989061
2021-04-23,0.4694298377809647,2521600795.161302,992044648.2813132
2021-04-24,0.4274626808268995,2257846956.3862386,1318952194.9897792
2021-04-25,0.3901409597611519,2102684798.732602,643106636.1956009
2021-04-26,0.3953790550510904,2126143420.9231791,604371466.2037425
2021-04-27,0.4547462847346876,2442291275.974221,687184534.4585228
2021-04-28,0.5230454282083548,2798870012.769486,930794402.8666594
2021-04-29,0.530187924259462,2865839639.227212,1010373407.7544466
2021-04-30,0.5624186563128164,3085555001.2541533,1552257042.212327
2021-05-01,0.5765063076561588,3044699965.237956,923665891.8117248
2021-05-02,0.5530090237749424,2977296619.757309,465029110.0643888
2021-05-03,0.5386267004974983,2876669110.113552,520387229.5281519
2021-05-04,0.5334560054146962,2861764274.6385207,499730377.10923046
2021-05-05,0.4866815496399263,2611732738.008885,875296542.9849777
2021-05-06,0.5225467240554139,2770448567.4249644,702282546.4931744
2021-05-07,0.5041795061472005,2742808780.6425657,569419787.7972933
2021-05-08,0.5112785619814691,2730940310.95759,620813301.2564664
2021-05-09,0.5003628081471996,2671715182.548784,328004427.7531966
2021-05-10,0.4914287942379501,2592200431.370584,450584933.0303176
2021-05-11,0.4380864164325016,2337548126.4983106,464108263.92441785
2021-05-12,0.4648327379466411,2476301689.356605,398289614.7553449
2021-05-13,0.4083274396511491,2256286389.7847176,496577653.82365584
2021-05-14,0.4299953635113056,2287280061.789036,782586456.0294152
2021-05-15,0.4377771197585487,2358450143.3255777,410314692.0982122
2021-05-16,0.4294875639191259,2296262136.6500707,1492810445.908675
2021-05-17,0.4369976403753898,2337174051.915669,845843411.2159238
2021-05-18,0.408402591898876,2199397490.7254505,592911426.4434792
2021-05-19,0.4196877291006745,2239819127.853425,418997992.4988825
2021-05-20,0.2687684726543241,1456646437.506566,621721190.7789062
2021-05-21,0.3110668637794503,1639742444.375398,550523370.061242
2021-05-22,0.2791696108654067,1495625114.75308,423754590.82067823
2021-05-23,0.2547254294661108,1364323675.6086504,264229978.6127624
2021-05-24,0.2154735678534484,1146381090.352939,353811719.4477427
2021-05-25,0.2646901037684332,1397451132.616244,438377832.3239608
2021-05-26,0.2597290289809822,1388389071.6129646,371197037.5436748
2021-05-27,0.3349814369623237,1777752638.1813772,500518940.0017718
2021-05-28,0.299462036196206,1599826512.0589926,448975405.1721196
2021-05-29,0.2931404834680847,1577412021.7760775,671302229.7088319
2021-05-30,0.2736976839169031,1463554204.8274834,303406498.5711652
2021-05-31,0.2721702182947736,1447171166.8696942,258940077.40720057
2021-06-01,0.2834706861923753,1517917411.1455135,211330947.1710689
2021-06-02,0.2736259729875575,1463847568.1495771,174320020.12358385
2021-06-03,0.2794782223818242,1492854445.0837722,174948205.3833085
2021-06-04,0.2955581318668781,1587326626.8087497,257248439.01265097
2021-06-05,0.2716653577837922,1453164290.62038,252724944.13181075
2021-06-06,0.2619493154707888,1395741095.5673952,166455614.4215464
2021-06-07,0.2689894351797969,1438369845.7381594,116163659.7360782
2021-06-08,0.2411746426663801,1310757203.23409,137430537.30260766
2021-06-09,0.2347840649655051,1256015870.3653142,215051983.446395
2021-06-10,0.2425377409009088,1298442387.486859,170301110.06627348
2021-06-11,0.2769647401390481,1479945442.2485433,382824671.1658697
2021-06-12,0.298216954481201,1590549953.460896,1744154520.2363183
2021-06-13,0.277875872974597,1509671913.682758,872923693.938475
2021-06-14,0.2880478354847711,1525210763.5436969,377582099.36919785
2021-06-15,0.2819425968201706,1508816583.244848,329941438.2586609
2021-06-16,0.3258898637669916,1751085976.392214,735341346.4914987
2021-06-17,0.335842136923865,1787985611.1115065,1150782326.551725
2021-06-18,0.3283343332587137,1748878400.307986,710771352.0824536
2021-06-19,0.2920016594457435,1567217594.1510842,418297515.4603561
2021-06-20,0.2870364334110826,1531706353.7230017,305555067.3432954
2021-06-21,0.2902028375465584,1549997888.0044465,439031304.4174072
2021-06-22,0.2152265642327041,1167609557.277069,390591867.58071387
2021-06-23,0.2197454205481538,1170380387.0186844,703849848.4307618
2021-06-24,0.2400753206688218,1283018123.646517,468866841.4492919
2021-06-25,0.250157547682239,1337607527.969572,311325735.68397915
2021-06-26,0.2294501097284238,1227276484.99124,272692296.7562786
2021-06-27,0.2319759558281056,1232060952.0207038,232093236.903401
2021-06-28,0.2388747902858976,1278016507.8216543,174017350.5142335
2021-06-29,0.2440868012250635,1304510097.820789,193594689.338679
2021-06-30,0.2537447712353121,1355733015.399391,250983460.208316
2021-07-01,0.2550745444874323,1365691796.88736,218840925.6432556
2021-07-02,0.2428558988725987,1296922484.9293582,170120919.30192304
2021-07-03,0.2395293595600597,1275422038.1102731,129097229.62150843
2021-07-04,0.2413301420848262,1288930632.063794,102531780.3139236
2021-07-05,0.2440937322381554,1305466375.5114856,114546241.26956291
2021-07-06,0.2359891995171176,1262127135.7054625,135787871.67959413
2021-07-07,0.2431969199780554,1298155716.6658432,187709310.06585303
2021-07-08,0.2621008271609712,1400647157.17089,669582276.849469
2021-07-09,0.2510013895458753,1342738804.97551,651334085.8185366
2021-07-10,0.2543826126089749,1354709953.4529817,303197247.04785055
2021-07-11,0.2588240937146657,1386120287.6820958,342604674.7183399
2021-07-12,0.2589602449382046,1383874751.621209,239496999.684296
2021-07-13,0.2501024136788131,1336221971.8159168,162962553.67694646
2021-07-14,0.2409138112055631,1288965481.7083614,146783887.71710172
2021-07-15,0.2486337924452134,1327576534.4934683,227495841.7006636
2021-07-16,0.2586930152414408,1387652452.3660786,756233203.4425516
2021-07-17,0.237851049350049,1270090014.673757,267886226.30411616
2021-07-18,0.2401006900168439,1284412100.645891,165857116.64345047
2021-07-19,0.2394750465978511,1279492647.5093293,135636645.42480335
2021-07-20,0.2306165743329305,1241421387.6265242,155146750.86443812
2021-07-21,0.2092848806785397,1117668487.4563513,184959841.42737284
2021-07-22,0.2266983344510998,1207716693.1962852,240663220.87200043
2021-07-23,0.2318365833269128,1239241494.904105,178918651.10878184
2021-07-24,0.2403269084934506,1284405693.4410405,195042918.86212647
2021-07-25,0.2495034239446198,1338258885.5982938,406162400.422886
2021-07-26,0.2536163500764282,1355591322.7577767,216565370.09037215
2021-07-27,0.2473474840536582,1328486997.148467,390345336.48210806
2021-07-28,0.2503637115563258,1334027937.0772183,217232862.78699705
2021-07-29,0.2510557235293186,1340602218.7174685,187861882.4516689
2021-07-30,0.2557287841685107,1370532342.2062175,165376276.23173037
2021-07-31,0.2652828473192798,1417670706.6055608,296162781.3078268
2021-08-01,0.2667431237827419,1426408004.1468985,179523354.2448873
2021-08-02,0.2600756690187675,1383888464.663286,232108938.1349085
2021-08-03,0.2661691599085876,1423510436.4438076,216007778.43842688
2021-08-04,0.258743016266289,1382949371.4450293,155355595.41750914
2021-08-05,0.2648268541571322,1414895067.5615728,141604012.53370094
2021-08-06,0.2659237803760183,1421024394.8502536,156411632.90281013
2021-08-07,0.2895053734475558,1547086203.468375,297831715.0814356
2021-08-08,0.2925787583938731,1558934538.3378534,335518724.81047577
2021-08-09,0.2765286927683995,1478507220.4555206,266015618.1817205
2021-08-10,0.3102414399009685,1662701267.009328,879936237.2619455
2021-08-11,0.3283903262121184,1749014711.3064363,870069211.7569529
2021-08-12,0.3293118294010675,1759162985.207719,514690849.8686747
2021-08-13,0.3628198713713069,1904250421.715285,887088365.9716153
2021-08-14,0.381698269813074,2039172385.302599,711891123.102874
2021-08-15,0.3713721498852304,1988322993.4537408,368503966.3691457
2021-08-16,0.3700329883903498,1977531811.7953331,290045946.9329142
2021-08-17,0.3579450326706647,1938884185.4879687,356724505.98049057
2021-08-18,0.3347135894523377,1812204859.4887412,432105398.7074258
2021-08-19,0.3358085347684816,1804213048.55378,322376849.8523188
2021-08-20,0.3427740894431217,1800534622.3705828,259639518.8049412
2021-08-21,0.3530052657670023,1883718345.1685429,276080625.8683061
2021-08-22,0.3852207248087207,2064953060.481184,840723869.3207926
2021-08-23,0.3774714054153336,2022194584.3777025,599517697.9002887
2021-08-24,0.4068274297256408,2182809968.6869264,617983140.9771832
2021-08-25,0.3702904817267641,1978141887.810452,495440497.985534
2021-08-26,0.3862251572209781,2060831732.548777,461929263.1563202
2021-08-27,0.3656690035065166,1955612357.774504,451299024.4093152
2021-08-28,0.377216920297181,2016065147.0654376,365403840.7343184
2021-08-29,0.3684202287085508,1966416975.0107589,215896144.89399615
2021-08-30,0.3790064507763433,2023286896.0167968,310827437.35054576
2021-08-31,0.3703838848801101,1971411842.016548,531856320.805626
2021-09-01,0.3690098057965004,1972017865.674952,316332465.5448621
2021-09-02,0.3842044384512895,2050529142.351752,275963112.5321756
2021-09-03,0.3851057674469242,2057146100.7441905,272984498.0141723
2021-09-04,0.3954430712107031,2108597682.6999595,339443565.30032504
2021-09-05,0.4167294123492346,2223787467.1925883,636179514.2649281
2021-09-06,0.4231267243025366,2256008089.9633536,387252661.9541084
2021-09-07,0.4450613626498568,2370204580.3169284,625808968.9431717
2021-09-08,0.3465028506654075,1855607121.7560005,805275515.969178
2021-09-09,0.3385340106379932,1812875293.0017369,492927991.9150768
2021-09-10,0.3471517193567041,1857248965.089342,370959893.80290633
2021-09-11,0.3314034679004602,1765509867.0674958,380012633.96387297
2021-09-12,0.3323027481145055,1776019974.0494945,204611048.3117052
2021-09-13,0.3388200666843096,1814807168.5238152,188144572.36756027
2021-09-14,0.3237582212749598,1727805612.5427198,212850022.98268837
2021-09-15,0.3369716764059752,1800584371.3317726,315903005.3956636
2021-09-16,0.3460099660179098,1849751324.29522,209122993.19855657
2021-09-17,0.3384844567762481,1808180229.7144809,261317286.1176349
2021-09-18,0.3281869829533902,1752137780.846981,217195508.75702164
2021-09-19,0.3285755434735308,1754499684.1109846,148187625.96412295
2021-09-20,0.3174582151005534,1697121358.072836,127688006.8228315
2021-09-21,0.272935054696587,1444645405.659212,260576885.29430276
2021-09-22,0.252569955173699,1330591091.7745714,252131345.94076267
2021-09-23,0.2905628704622643,1551416404.444194,277341349.96212137
2021-09-24,0.2967034629446531,1586489997.9729266,239344548.11854276
2021-09-25,0.2713123260900212,1450438722.0866623,215647845.2811137
2021-09-26,0.2697109454765646,1426867070.314335,155473496.47630182
2021-09-27,0.2635619126963502,1407547855.614001,153312237.29164067
2021-09-28,0.2550872376773312,1370191931.1491597,135796698.4711676
2021-09-29,0.2452134775267158,1313358967.0804026,125890716.070041
2021-09-30,0.2497247149868461,1332664865.6541958,129108728.99156468
2021-10-01,0.2624437964555795,1402378318.7957556,140805305.28059956
2021-10-02,0.2866666116400548,1531396777.25726,184280264.47553468
2021-10-03,0.2847170662150968,1518079001.674187,170883904.19021225
2021-10-04,0.2876594597017311,1539176902.159972,163993601.9408714
2021-10-05,0.2855205733298262,1525971113.7836046,185777672.82108968
2021-10-06,0.3079232452119771,1646992507.0853007,285853015.1595236
2021-10-07,0.3033579534291291,1619906999.2784374,258906206.5128925
2021-10-08,0.3573973669391191,1900186047.474788,829274818.2299608
2021-10-09,0.333837222658658,1777753047.4312348,500604607.8010929
2021-10-10,0.3307370037484117,1769131839.0992918,219018004.0154919
2021-10-11,0.3089901426848452,1651429843.7615275,161878566.31432253
2021-10-12,0.3080203179414763,1642138306.8478675,186215309.13294485
2021-10-13,0.3157679360876078,1688710340.8874345,280643293.42602354
2021-10-14,0.3281033329519641,1751689273.25415,399076011.9675815
2021-10-15,0.3311660512216465,1768812472.1128423,211244452.05886048
2021-10-16,0.3226332782095489,1723745452.356064,279638695.5177882
2021-10-17,0.3295104062068629,1764213307.8420334,199848385.73710635
2021-10-18,0.3135084121108716,1671741305.2587166,177327082.422124
2021-10-19,0.3219975123170988,1710727322.4605489,205910558.66578144
2021-10-20,0.3170277126888242,1696102734.646022,141973234.3773014
2021-10-21,0.3290120197297376,1756719032.3343732,171360273.05108383
2021-10-22,0.3157742704429921,1689487096.5776925,224706018.508573
2021-10-23,0.3262769967478511,1744184508.6619525,248279782.23304516
2021-10-24,0.3286841353306035,1750875529.800366,126527108.98417684
2021-10-25,0.3178363009049676,1695471913.1501684,137857828.90180063
2021-10-26,0.3373142895950305,1800110419.1471908,194706045.54252133
2021-10-27,0.3414430649684754,1827544577.2201335,378665472.60304594
2021-10-28,0.3026191961427387,1617709313.8815296,504135780.8755091
2021-10-29,0.3235314378114061,1728323856.786054,428484692.804682
2021-10-30,0.3525895387252403,1887706652.031389,618817794.2828263
2021-10-31,0.5354242860604228,2865611070.693077,3020948618.534882
2021-11-01,0.4149222875568809,2214591854.609633,3388137022.205326
2021-11-02,0.4557678133422055,2422783590.667667,1798384793.6028287
2021-11-03,0.4936990776872631,2597530980.326516,1635892851.5820549
2021-11-04,0.4525592678629117,2418429230.8648443,825135551.9786947
2021-11-05,0.4420069237149677,2368173190.495514,745413380.6546183
2021-11-06,0.4641841843939971,2459444601.4279485,829844367.9436073
2021-11-07,0.5127160610363461,2760157383.434441,1367115657.7867258
2021-11-08,0.4911819530863611,2616810522.344707,690266529.3800257
2021-11-09,0.4823916656075619,2582506703.655419,468420165.7634539
2021-11-10,0.4725921099367035,2534734772.0112743,382459104.2231631
2021-11-11,0.4779550325344611,2548562770.386185,1435322807.8482292
2021-11-12,0.5178996538761028,2773924317.497124,786866917.7404125
2021-11-13,0.5596123681953171,3000518108.357797,1388263575.8941147
2021-11-14,0.5407213528367022,2888801062.715664,1163122197.7614927
2021-11-15,0.5548060743736969,2957141863.864301,547323592.0046875
2021-11-16,0.5393337796592367,2882033172.911697,602466548.2949473
2021-11-17,0.4949755031634876,2631922918.0746555,862587956.1807547
2021-11-18,0.4986935452166695,2656025442.2754745,444130672.8826458
2021-11-19,0.4344303844198886,2310326476.63023,630184970.6839976
2021-11-20,0.4666890567666934,2507050918.7027507,429109413.8470519
2021-11-21,0.4736719345301638,2536667947.23848,374329461.148361
2021-11-22,0.4505556442424567,2418001016.6782026,271599450.742603
2021-11-23,0.4365658315953118,2330078432.2230463,307391638.9208767
2021-11-24,0.4344469491169747,2318969084.791754,376916800.81724375
2021-11-25,0.4871117028337297,2601582850.6692004,626633125.2823508
2021-11-26,0.5107827795726386,2704140781.8153024,1154989071.6859293
2021-11-27,0.4435287408043521,2371858720.521293,465460049.8513823
2021-11-28,0.4420876029295056,2349991639.135675,239368034.74861503
2021-11-29,0.4481654079935356,2397227838.708016,346056267.3069137
2021-11-30,0.4658158832899817,2496417520.319785,482543673.5697397
2021-12-01,0.4405309137343699,2360994630.162804,338823015.3393106
2021-12-02,0.4367459913995823,2334994316.062507,256145983.5902328
2021-12-03,0.42244843524737,2261416505.9410663,230860442.83904496
2021-12-04,0.3986052915687817,2135713608.3280604,279052971.10027134
2021-12-05,0.3415882895090132,1824103064.151884,629887193.8861791
2021-12-06,0.3198038372606916,1708033629.7831495,349834878.0482153
2021-12-07,0.3232278590384442,1728265655.1236198,316001375.2911817
2021-12-08,0.3211156128643265,1714790998.212206,254791350.3465047
2021-12-09,0.3299884570326486,1762199586.7317643,239472195.4889102
2021-12-10,0.3022333656469526,1624731478.1493294,208164965.95082384
2021-12-11,0.2851068541430738,1559284640.7769473,143506048.21185926
2021-12-12,0.2979311261418605,1590890309.9543278,120697418.58915208
2021-12-13,0.3048208315361438,1627710119.5502691,110997476.52391316
2021-12-14,0.2734510761703018,1461004306.2257535,162011995.86404312
2021-12-15,0.280267641180797,1495391000.5974405,197166390.5132586
2021-12-16,0.2876046690507554,1530259989.6647637,169901370.39080685
2021-12-17,0.2803361793842163,1496871376.5423656,145080122.94640934
2021-12-18,0.2682212466933292,1433141919.3716557,168536652.2611074
2021-12-19,0.2736865529116211,1460631693.4650178,105324416.99140142
2021-12-20,0.2652339186319013,1421947902.4757648,104906245.84292586
2021-12-21,0.2704396987358777,1452906949.5167809,163968265.3311997
2021-12-22,0.2810396642111175,1522983385.454894,114613537.38968216
2021-12-23,0.2874736104661664,1542645407.0106978,110128073.675217
2021-12-24,0.3142622504635079,1677507423.30875,159964265.7850166
2021-12-25,0.3042037327387453,1623976190.377736,142833794.78784838
2021-12-26,0.3206010688276811,1713986118.0121436,152241685.10664254
2021-12-27,0.3315300155921998,1771692069.293003,198725235.15490147
2021-12-28,0.3377256596605615,1809100417.6602943,224193083.15251404
2021-12-29,0.3072024116463108,1646491804.896858,230668831.81363755
2021-12-30,0.2882759212646286,1530629195.478098,189375061.12971765
2021-12-31,0.2897295014773302,1544888772.9431555,134054717.22517069
2022-01-01,0.284296868103875,1524414365.816136,119859838.15797164
2022-01-02,0.2957323262550584,1574377485.1815996,83155073.69906078
2022-01-03,0.3121615908683458,1670071259.4789226,177967537.32899716
2022-01-04,0.3020261557832799,1614776800.7946918,129055540.60485838
2022-01-05,0.3045438481066148,1639179332.5623522,144048669.01200786
2022-01-06,0.2821241840428319,1510859290.8876777,232940805.4236522
2022-01-07,0.2818598132944064,1508966290.1100235,153899455.9744674
2022-01-08,0.2646982679251325,1412241753.1515803,152212351.49938855
2022-01-09,0.2578179305344891,1382160680.1372252,117880534.63594624
2022-01-10,0.2613835922266475,1398672644.4673653,95327271.8035362
2022-01-11,0.251457897718279,1344941618.4109204,140732894.54136705
2022-01-12,0.2637163644566976,1412780596.8681002,98105003.52799512
2022-01-13,0.2782169311682873,1487572439.366748,101561807.20068385
2022-01-14,0.2650392795524217,1423083696.8387496,98576890.27577092
2022-01-15,0.2674268824029084,1424727406.4864025,99106616.8490784
2022-01-16,0.2684083196237409,1433920970.7025256,71112535.49536358
2022-01-17,0.2697714026439149,1440655800.6567428,109973956.3983732
2022-01-18,0.2577387073982493,1377668152.8606248,99264554.45527942
2022-01-19,0.2596823267486778,1389507925.6549785,138503685.17691386
2022-01-20,0.2470407948008751,1326190643.1692486,103243486.3415724
2022-01-21,0.2345315794308051,1260810063.372648,89102822.50001305
2022-01-22,0.1970292698169521,1054414659.7011042,172411169.3155145
2022-01-23,0.1768931474869875,944036651.7194848,196592191.2210136
2022-01-24,0.1849847490134543,981965381.3820218,125358981.67510577
2022-01-25,0.1762507445834073,943060285.1936249,150232117.3891279
2022-01-26,0.172838525482436,922718735.082536,115290009.20361002
2022-01-27,0.1730771544277014,928491365.3834884,157946585.73283377
2022-01-28,0.1760242761326973,940214295.5363424,140797583.4593885
2022-01-29,0.1800297768754144,961751418.6303751,98424330.97449538
2022-01-30,0.1841534380144761,981621659.027728,89119275.10393806
2022-01-31,0.1828034442843247,978176567.8301702,100313894.7828835
2022-02-01,0.1896158081852237,1010554592.8875473,96385910.62979174
2022-02-02,0.1894948875900232,1012956209.20055,77132184.4423843
2022-02-03,0.181302819531418,969451031.9748156,106198413.08451462
2022-02-04,0.1839658671126312,979741188.9726776,64921420.92748451
2022-02-05,0.2031119535353164,1078463636.954248,139992743.2490285
2022-02-06,0.2104976195733768,1126974802.5353453,119735336.02638713
2022-02-07,0.2310034346125824,1225865812.1509006,162731083.17555064
2022-02-08,0.2348504926665983,1255541144.856,154530292.87456834
2022-02-09,0.2265271800465272,1203684684.685979,177385391.4772778
2022-02-10,0.2412677672328611,1289425085.7163656,178035124.72070897
2022-02-11,0.2250971055660943,1205165895.2725103,226913527.48357087
2022-02-12,0.2059308041515821,1098532004.4605994,123719301.83699244
2022-02-13,0.206337073365056,1099467730.4485996,97215862.56193016
2022-02-14,0.2021728796893717,1080919780.7458837,69644279.32676418
2022-02-15,0.2053087909219581,1098357096.3027792,78109927.22730763
2022-02-16,0.2214631198331162,1185700900.6668684,115804728.75709613
2022-02-17,0.2208843928914272,1184480551.5335944,91588968.0826953
2022-02-18,0.2027472798563924,1084118292.0411549,122150817.76165795
2022-02-19,0.1977172774202419,1059376402.8598338,78675520.54043539
2022-02-20,0.1989863633645628,1061026935.31125,47602533.83533354
2022-02-21,0.1877364003343782,1010382563.4855138,72624376.46855868
2022-02-22,0.1692789438596729,907835999.2695287,102750228.30035958
2022-02-23,0.1782371784420614,952315966.7470436,88595067.45614868
2022-02-24,0.1711030840697144,916206337.100874,86832585.40402901
2022-02-25,0.1646679911739868,877259167.160756,183269014.45915183
2022-02-26,0.17445387821833,931917589.8227464,99605827.08207244
2022-02-27,0.1752731023515416,935282926.0312996,67447255.15003347
2022-02-28,0.1679791329943439,896133929.9929955,71655241.8647851
2022-03-01,0.1921510358713302,1022879999.0984464,207120563.96264905
2022-03-02,0.1959606480896963,1048002650.4093256,138815458.41871056
2022-03-03,0.1970431292450472,1052179475.4110584,165122804.29982325
2022-03-04,0.1956555104000671,1046394926.69103,112367691.45422263
2022-03-05,0.1956233413686982,1045885871.253319,229037931.65736985
2022-03-06,0.2323016305967299,1238828944.2067451,461811935.4933262
2022-03-07,0.2087227949588098,1119053195.7167304,315944121.6234495
2022-03-08,0.1951967086866279,1043695593.300126,174171793.96861938
2022-03-09,0.1943346651446414,1038868958.220472,121615417.0207314
2022-03-10,0.2006197443681844,1071846995.3056412,136233560.8500665
2022-03-11,0.1970044146544944,1051791380.6285256,132321847.74984051
2022-03-12,0.193955967011048,1038802607.9176104,118863089.84656176
2022-03-13,0.2035878248110074,1090174095.1229618,187219047.9804085
2022-03-14,0.1951073218715973,1043970790.5726788,269118108.8770186
2022-03-15,0.1955008738886707,1042967244.004766,171860470.1098598
2022-03-16,0.1916159826634134,1026354358.7884616,112280464.66449404
2022-03-17,0.2030376441891199,1064865445.9770676,113215048.16273978
2022-03-18,0.2106133257016741,1123406426.4170773,141763222.2722925
2022-03-19,0.2086589991298721,1115068256.6962686,108429489.73825414
2022-03-20,0.2106037057468621,1122822890.3160715,110925159.55184443
2022-03-21,0.2035721818719942,1089885415.5073602,86079849.5500445
2022-03-22,0.2037162649837006,1087433569.718806,101122024.7897402
2022-03-23,0.2087296796238805,1114754961.8200915,140171496.2681154
2022-03-24,0.2143822128141153,1143987747.2726622,136121295.2187563
2022-03-25,0.2202350532391149,1178201817.9198475,177265526.3332827
2022-03-26,0.2477081966358574,1324182933.7032523,446737529.33981615
2022-03-27,0.2422752223355993,1296038210.2222986,185068351.0653656
2022-03-28,0.2674525916490225,1430549552.943334,430716898.2737272
2022-03-29,0.2578153329899464,1405250789.419028,319071226.2199478
2022-03-30,0.293771241670156,1559946474.470754,836935981.4198585
2022-03-31,0.300570040685385,1608408943.2729957,866867544.1552366
2022-04-01,0.2826397510106488,1508330629.7574592,472221123.56148696
2022-04-02,0.2806688271013102,1496640309.765242,340314884.3936773
2022-04-03,0.280014396339353,1499659727.1488178,301200064.38900584
2022-04-04,0.2831292505454014,1513928070.9843578,203648209.83297217
2022-04-05,0.2715453917564316,1449572997.796866,240078038.35607663
2022-04-06,0.2610308094202895,1396596394.703579,186948468.5261323
2022-04-07,0.22826649238609,1228891794.5662332,236434773.1900649
2022-04-08,0.2420809122388293,1294298390.041631,198265007.22343013
2022-04-09,0.2305159332692792,1223652878.8283107,158188567.87292033
2022-04-10,0.245301484750216,1309590349.7460082,159772518.8422401
2022-04-11,0.2374537963955456,1277578334.722949,144091075.054988
2022-04-12,0.218188669714051,1168748356.8246567,290962840.0436887
2022-04-13,0.2286108085622394,1221710924.6426249,206066631.49423972
2022-04-14,0.2438988797753477,1304745076.115248,405055365.02964914
2022-04-15,0.2383875670241617,1274098662.8920455,298306875.50682247
2022-04-16,0.2388609351039078,1276021898.2038844,143130273.2747963
2022-04-17,0.2356276637099814,1260985312.83452,100092827.30512136
2022-04-18,0.2232969800930671,1191941259.2327237,132429312.58902556
2022-04-19,0.2298381561373251,1222089799.8559413,183031785.14306828
2022-04-20,0.2301277304024835,1228674812.9377446,168956010.23995453
2022-04-21,0.2259527276714399,1205877368.3947985,209304318.64847824
2022-04-22,0.2185172331415078,1166911664.1921587,168252543.3902339
2022-04-23,0.220686545265987,1179235442.0007842,128811704.49636535
2022-04-24,0.2168816494635674,1162172549.2272248,87836488.8681845
2022-04-25,0.211437350889382,1138635577.2034168,93281683.6313046
2022-04-26,0.2121220713629549,1132119474.693895,178207051.99360698
2022-04-27,0.1965073318874663,1048616970.2450984,149558455.98816454
2022-04-28,0.2076905581464135,1098207706.4270172,118294601.59395324
2022-04-29,0.2016338913801261,1075970940.0017824,126880071.14303625
2022-04-30,0.1903653718371943,1018667242.2693176,118981217.39548554
2022-05-01,0.1724109866650728,918815362.9457128,114108665.6942032
2022-05-02,0.1832078653121847,978819701.3486278,113789811.92901704
2022-05-03,0.1789437173089059,956756319.0804724,112231052.96151866
2022-05-04,0.1788635308130208,956149659.281098,102140123.91616714
2022-05-05,0.1957635661900813,1045394234.6038908,138187079.40149984
2022-05-06,0.1767330919965997,943996637.4597642,122416795.92792206
2022-05-07,0.1737325710932932,929779048.679262,99019164.28815793
2022-05-08,0.1685326374259959,903026053.0413553,78332951.7401834
2022-05-09,0.1625651866339072,867765425.9554406,93787923.52675869
2022-05-10,0.1358294370375639,731586086.9899281,140754425.1858501
2022-05-11,0.1422432588508057,759794330.1932812,209642499.2003833
2022-05-12,0.1073152695848504,555980638.9577744,209050059.84890905
2022-05-13,0.0976822490597826,523764568.0571605,197196530.87413055
2022-05-14,0.111286920978036,596293372.1585845,143179411.75059313
2022-05-15,0.1178156751576625,624084148.6136748,109784753.48183556
2022-05-16,0.1255388572033535,669707161.6303507,80057693.64699386
2022-05-17,0.1140661330728095,611181191.570666,79743293.44185808
2022-05-18,0.1205253117117766,644878485.5148041,74336905.54414232
2022-05-19,0.1191045431147318,639163566.6580696,287840136.7886751
2022-05-20,0.1240102421033041,663938743.4251196,184357116.79910383
2022-05-21,0.1187463415857593,635387095.0112787,114596473.06565616
2022-05-22,0.1213498129136491,650239778.0758911,61387704.63720933
2022-05-23,0.1243760067926236,664535612.7221377,87859951.38817447
2022-05-24,0.1178810595497192,630696998.2242821,97802090.70491704
2022-05-25,0.1191221787583546,636318171.4635677,77364004.79634424
2022-05-26,0.1201839691217859,641765560.6049316,81480051.68776627
2022-05-27,0.1136523916631089,607692734.7050239,107251460.28055067
2022-05-28,0.1074081731570094,571936840.2197443,77176321.74719474
2022-05-29,0.1133432132727403,607100350.8850712,50765159.83629903
2022-05-30,0.1137919495329547,608651825.8694054,43748901.30944799
2022-05-31,0.1220325476387777,652977660.7845936,72175760.31590949
2022-06-01,0.1228890897303566,656347835.6827638,96372724.65605745
2022-06-02,0.1185891630459288,634947090.5959207,147529741.8861244
2022-06-03,0.125413090567533,670392029.8581012,105416811.01985012
2022-06-04,0.1216973570314275,650021003.261997,61570269.787574165
2022-06-05,0.1277504786754157,682695271.6915612,98046544.60972092
2022-06-06,0.1266934843204464,678486189.4444894,57788551.23862504
2022-06-07,0.1296745344902423,693543746.8223125,111230367.54149574
2022-06-08,0.1241219740038773,667380391.9199814,90801057.7055156
2022-06-09,0.1205022298070212,643426202.6938554,54806825.044372
2022-06-10,0.1195078918375211,637486911.2657726,50327497.92476463
2022-06-11,0.1139873802928705,609480455.2031884,53867350.82900772
2022-06-12,0.1051309780224752,560536826.0274607,61113193.446584
2022-06-13,0.0983980466165905,532270801.47302353,76703366.23308317
2022-06-14,0.0934097789592984,492144088.0859178,118571322.76815014
2022-06-15,0.0949748428331258,506169784.238142,95092901.2106877
2022-06-16,0.1025312545242666,546701218.7431297,110487015.69024588
2022-06-17,0.0918995961355554,489913642.0969277,64410469.34347289
2022-06-18,0.095184031736639,510604470.6212637,59489661.42478647
2022-06-19,0.0871599155727961,465261387.0301468,83804358.2294223
2022-06-20,0.0932575596470764,498071989.6474649,73456118.86881219
2022-06-21,0.0936292602740482,502034841.8374963,67983760.30175357
2022-06-22,0.0954907274849147,510020656.9361612,82599141.92834246
2022-06-23,0.0925491364836768,494638047.61634654,59122193.4918956
2022-06-24,0.0980598024612292,524714902.8199642,60755376.93437831
2022-06-25,0.1018634793316693,546806011.327262,65958910.54630283
2022-06-26,0.105176028855688,562974367.1621399,61978571.63577681
2022-06-27,0.0988208338604295,529126366.0058094,69543173.0308098
2022-06-28,0.109315377038575,583078758.5447071,207001580.4651381
2022-06-29,0.102942794707007,549887627.4550114,275513662.487162
2022-06-30,0.0999887970123614,535049687.31612086,80084713.45955476
2022-07-01,0.0968000384226078,511017966.9623016,73844027.86072037
2022-07-02,0.0953583356878707,512827534.1882556,56764239.2018551
2022-07-03,0.0974463864169049,520520476.34214056,59778575.45778298
2022-07-04,0.098604754857626,526972736.2352638,40977717.77093076
2022-07-05,0.1022127106050986,545955746.3327235,67798119.29714616
2022-07-06,0.0985255998697729,527110896.2150884,58351461.416712105
2022-07-07,0.0997549069377499,533810938.34569097,42354249.58491449
2022-07-08,0.1040802920109351,558097462.0589715,47846093.43954941
2022-07-09,0.1016926792077593,546230632.6020023,51965771.36119244
2022-07-10,0.1031483167154561,551847806.4164379,37570438.83517005
2022-07-11,0.1058825010760829,566144339.3250654,117794810.78572802
2022-07-12,0.1068946284997858,571891575.4592783,153300232.5357055
2022-07-13,0.098032607817805,529167418.2623521,91561950.40666685
2022-07-14,0.1020174515025215,544274807.3319222,82888520.3141461
2022-07-15,0.1048969080138785,561386662.5716122,94387283.44653185
2022-07-16,0.1060532217059876,567507182.9688144,124398893.41558884
2022-07-17,0.1103517491295553,590103407.0312736,102997956.14248706
2022-07-18,0.106629517482953,570781972.9906212,67582525.28277428
2022-07-19,0.1145465338610553,610640168.0885555,115873096.60851184
2022-07-20,0.1167829444248863,624323893.9670717,119047361.36440842
2022-07-21,0.1095440078743863,587591163.1796794,106570808.78898633
2022-07-22,0.1100373738108748,588996373.4050076,91808268.04194896
2022-07-23,0.1060473322140729,566287012.8391598,84529481.95773001
2022-07-24,0.1092460469793793,583974313.542207,63155940.51376371
2022-07-25,0.1087342202367688,583252243.8887244,49688376.65184374
2022-07-26,0.1020164421495252,545934954.8334647,61441045.19310249
2022-07-27,0.1031565674001716,551265315.4529879,48585068.12301108
2022-07-28,0.1138423161965509,604888536.9480168,74292285.11145678
2022-07-29,0.1208014101519803,645499231.2701198,120227576.69874027
2022-07-30,0.129768306978851,699018346.0382845,242576967.2981032
2022-07-31,0.126696448359089,675061095.448029,163248690.0113091
2022-08-01,0.1225537906117353,654979742.5741688,93381523.14082238
2022-08-02,0.1502017651508399,803897736.3714603,538463959.726199
2022-08-03,0.1366994338472979,733218382.4824598,439550517.1573505
2022-08-04,0.1342721685240487,716842267.6356403,152877711.90773773
2022-08-05,0.1460845820687664,780242852.8098136,246517394.01294288
2022-08-06,0.1452729680632624,773681018.4596317,143910626.17720428
2022-08-07,0.1464987803314079,781996897.9286488,119313166.12894802
2022-08-08,0.1517202572096209,811566689.9029979,143534629.48293877
2022-08-09,0.1526058847430715,816257326.2290354,128191380.54485072
2022-08-10,0.1462285133980788,782648209.6916227,114750124.1842286
2022-08-11,0.1529632778279272,815735790.8523455,131831253.81349383
2022-08-12,0.1498642766623985,801281771.650593,119922151.91331166
2022-08-13,0.1646573578152591,881432064.2573984,247666324.36759403
2022-08-14,0.1614407794057259,862420882.6666561,114928593.8063276
2022-08-15,0.1835432665270502,988411539.9209876,514310808.5158107
2022-08-16,0.198772024278062,1065327075.2282928,531440449.6145207
2022-08-17,0.2111002033173265,1127594218.208576,586598292.15096
2022-08-18,0.2238506897808378,1192615111.244924,611235324.0150646
2022-08-19,0.2137021028203193,1152219476.3471024,540855912.531907
2022-08-20,0.1968532362563752,1050011842.4569552,638046140.5534576
2022-08-21,0.1836942761300975,978224744.9188764,385775777.96232384
2022-08-22,0.1882274846232266,1006837481.0387228,322273119.92442507
2022-08-23,0.2234474196073174,1192650902.4879038,607223321.2780459
2022-08-24,0.2500516438557629,1341853070.885019,839411430.7829181
2022-08-25,0.2433441273699571,1300028939.7116325,644885294.2754802
2022-08-26,0.2253418510749708,1207612108.551749,411863823.3071264
2022-08-27,0.2084906483504194,1102261436.5217676,672971248.2841138
2022-08-28,0.2223845454470115,1185999056.2709184,421905478.1548688
2022-08-29,0.2144124633545045,1171796670.0843997,438572534.51762617
2022-08-30,0.216432244159381,1158440338.7454667,452831565.37802464
2022-08-31,0.1969009613654846,1057764132.6979468,317813649.6654717
2022-09-01,0.2167389166029766,1157414714.4965975,544360407.1288371
2022-09-02,0.2138055894089306,1139032334.271691,341324253.9513461
2022-09-03,0.2187965785735526,1168796895.1035082,344326680.2544407
2022-09-04,0.2174978683599328,1164178626.3078382,297110215.5490349
2022-09-05,0.2133075363329581,1138792592.906745,156271112.6410446
2022-09-06,0.2080675672931957,1112377784.3573003,200983197.92411304
2022-09-07,0.1858294152729614,991817322.357236,339443933.0462155
2022-09-08,0.1941263118902688,1038198122.6818166,270428171.1876882
2022-09-09,0.187780923251446,1001275359.033382,271806003.5848265
2022-09-10,0.2051131687339031,1094052883.8618326,407442279.13173294
2022-09-11,0.2017547307953553,1079032940.3461242,190964852.1200237
2022-09-12,0.207883373075267,1111675905.1174543,363289424.01956505
2022-09-13,0.2009148000856815,1072463240.929278,265684817.14496017
2022-09-14,0.194111045419748,1038988639.85969,467861005.4155965
2022-09-15,0.1927127332245709,1028831258.279623,279160931.7149731
2022-09-16,0.1908389608641521,1023809950.0452236,378770231.5289909
2022-09-17,0.2103941280920101,1124506002.0822031,562901967.393874
2022-09-18,0.2266671102174435,1203242510.4034169,395564491.0435593
2022-09-19,0.2294884758176155,1222317486.850418,694854347.4930133
2022-09-20,0.2547383928325806,1362125103.5397182,1007504866.6185708
2022-09-21,0.2409373200984888,1288586796.3323011,491355893.2916897
2022-09-22,0.2304435160271895,1226389996.5873976,684767214.2013855
2022-09-23,0.2695055153202336,1437358234.5736327,732298857.8918345
2022-09-24,0.2701784098773515,1454329927.7216723,952746930.784142
2022-09-25,0.2663175544940656,1427554045.505871,408257152.06371886
2022-09-26,0.2571826575914791,1374109042.9778326,453788564.85130006
2022-09-27,0.256282085033818,1369171199.3028238,434664522.3330946
2022-09-28,0.24961211655749,1335418310.0497975,526642329.07758605
2022-09-29,0.2408043170476276,1289668875.2488265,361427630.0076488
2022-09-30,0.2409301522697854,1285399932.8510308,307936738.1092437
2022-10-01,0.2354520913371382,1257399793.6366837,236079363.21932796
2022-10-02,0.2385587105447996,1276350247.3684297,262701810.59300697
2022-10-03,0.2173861242010955,1171088362.735606,319447466.0636381
2022-10-04,0.2218554857248232,1187278633.5386083,304558572.2352434
2022-10-05,0.2190957335379541,1171758706.7204125,255761098.2022419
2022-10-06,0.2167498719298162,1156585595.281929,237861853.87587255
2022-10-07,0.2143197563287623,1144812294.5832858,176272253.4573878
2022-10-08,0.2194082937743235,1172852374.2139063,264585171.3419372
2022-10-09,0.214633362763444,1146421095.176766,128669832.74064304
2022-10-10,0.2156486089735945,1151676137.1048684,102864651.72675309
2022-10-11,0.1897280351214276,1013165580.4844364,293820052.72647023
2022-10-12,0.1950917152749742,1040486796.8429532,238219358.314066
2022-10-13,0.1902822319309384,1017639745.6704208,131043406.93249148
2022-10-14,0.1846164229774846,986635015.3067728,344823220.5296532
2022-10-15,0.180248122676171,960684273.1233937,194784707.7802545
2022-10-16,0.1806385279264033,967753075.6264611,148852223.05589756
2022-10-17,0.1817076560576045,969487421.3525062,129433791.92231408
2022-10-18,0.1879846303276552,1004562426.8404224,122595572.86649802
2022-10-19,0.1835814182575614,982145984.1217188,131998070.4911374
2022-10-20,0.1704366034119865,911546171.7733396,151854916.07100818
2022-10-21,0.1683921846936282,899351095.9628937,144654507.0695424
2022-10-22,0.1852552662990219,987429014.6187564,303774916.1060567
2022-10-23,0.1850678303395853,989250717.10316,181305353.35986263
2022-10-24,0.1853308505714435,986867468.5520754,154457650.17118806
2022-10-25,0.1927710392129938,1030531775.3918808,277609851.5240104
2022-10-26,0.1979403351273986,1057668491.4916992,331021633.46662986
2022-10-27,0.201508334543035,1072782863.9816476,278616847.4237439
2022-10-28,0.1917790916122969,1025787186.6335436,292010544.11240816
2022-10-29,0.1984757157124249,1061569156.834144,270887594.16821045
2022-10-30,0.1968699881693293,1049541155.1796416,287055119.8515578
2022-10-31,0.2253657847229802,1198350747.9257684,773761609.5915701
2022-11-01,0.2210730482848683,1183408847.7744527,652323364.6197853
2022-11-02,0.2271901766712444,1210279896.5750809,554889636.7701505
2022-11-03,0.2398956044553756,1279634353.4043128,821683859.23186
2022-11-04,0.2389452221111523,1271638443.6712978,491846955.6171696
2022-11-05,0.2566509684361419,1371055035.2926965,512456588.895952
2022-11-06,0.2692564753257256,1441501763.7683094,678767163.1603487
2022-11-07,0.2754781456935514,1473558816.0231702,890198509.9347143
2022-11-08,0.2756887025137005,1473853204.5849895,1027428736.8087832
2022-11-09,0.2146515823851706,1154768084.708849,1954640074.1561613
2022-11-10,0.154787766190855,826355121.1853219,1072629718.586018
2022-11-11,0.2156886598024733,1146235245.9728477,1331493661.1767037
2022-11-12,0.2311826265617738,1220294094.093927,1447623098.3757272
2022-11-13,0.2175561012746633,1158798422.4215634,535271099.1347449
2022-11-14,0.2036527101532935,1076025494.7280073,436835127.2427045
2022-11-15,0.1999973508757226,1073917689.2271318,772272989.693148
2022-11-16,0.2237403322783513,1190342627.8850336,752422130.062597
2022-11-17,0.2317066812122215,1235443965.0109332,937227908.1736218
2022-11-18,0.2357531659154398,1258966161.796804,602378728.6978328
2022-11-19,0.2709451650210702,1449102766.1323206,1009042226.9002292
2022-11-20,0.2478694435840515,1325222412.05644,980313373.1663913
2022-11-21,0.1995955845246382,1070337344.7836974,1236721605.3220062
2022-11-22,0.1881184633330173,1007226617.683463,772596024.8161154
2022-11-23,0.1828802868237456,979983642.963819,601682158.6091708
2022-11-24,0.1856463571871761,992392757.0305564,373225593.0105392
2022-11-25,0.1786179532098497,953203759.1408476,249560833.1774965
2022-11-26,0.177443195547663,949569748.0412834,225379654.1857519
2022-11-27,0.1737535009953158,927979511.609159,208942979.48771903
2022-11-28,0.1712885293596788,916208605.1447828,163417714.30523503
2022-11-29,0.1645736658814021,879961886.8551663,404018129.75179887
2022-11-30,0.1641807238573761,877215924.7954152,187613630.4420123
2022-12-01,0.1667988208336376,893062934.4879563,217227054.35349247
2022-12-02,0.1614362306400695,862515040.1494788,149460883.74914712
2022-12-03,0.1712957082718745,914629551.0468372,351958859.12453866
2022-12-04,0.1662617566557817,891388783.0766283,159900150.49420682
2022-12-05,0.1679893622814792,897634614.1498846,111457919.47887808
2022-12-06,0.1630368158947893,869556853.7725778,210512692.6494878
2022-12-07,0.1613715970963952,860929914.290583,129957229.31513
2022-12-08,0.1524883177984264,814870879.9907179,152267766.82321244
2022-12-09,0.1537823027349116,821467588.7545455,127957803.0176794
2022-12-10,0.1507356558215704,805314336.0431015,95232533.87498955
2022-12-11,0.1498621030433357,799669002.9315664,80541840.75517836
2022-12-12,0.1441587562428086,769657480.3068962,118777291.96213214
2022-12-13,0.1383407017936989,738935960.5120953,163928184.63168213
2022-12-14,0.1407068195540843,751484330.2926923,160021603.09652644
2022-12-15,0.1365465268413004,729641417.7020179,137683822.2504448
2022-12-16,0.1426016109763528,765349169.419101,270160170.2568427
2022-12-17,0.1212942176574904,646130486.4187307,234228185.23255336
2022-12-18,0.120528461513135,643917135.7112297,176394698.8055664
2022-12-19,0.1183333580630013,635085872.7329154,219857310.2586947
2022-12-20,0.106841670166637,572380935.4877344,122725652.8183605
2022-12-21,0.1137142626697574,607578470.8116488,109457165.49502304
2022-12-22,0.1113613705230626,595586462.719143,76875469.48035668
2022-12-23,0.1116892707478583,595935058.4271321,70909604.15030782
2022-12-24,0.1120726238257426,598869645.2808734,55553978.777155
2022-12-25,0.1121997022645745,599247060.4166979,32507990.120755643
2022-12-26,0.1109689391880305,592656674.1884372,41852093.17509466
2022-12-27,0.1104761681438929,588988285.7718297,47759839.6466808
2022-12-28,0.1075790823289106,574643768.6124347,53289456.02044595
2022-12-29,0.102560230695509,548366472.9651554,90120626.60975242
2022-12-30,0.1023329309331712,547556113.0102929,85405737.76367682
2022-12-31,0.1004035683707319,537042798.1048374,62524357.62705081
2023-01-01,0.1004976986677605,537257472.5514249,40966267.78252076
2023-01-02,0.1012765074996057,541094101.8420347,34248198.42399871
2023-01-03,0.1020729596944583,545882032.1016351,71861626.6813752
2023-01-04,0.1028363467172421,547433074.21094,70999133.90129521
2023-01-05,0.1047705771471653,559508639.8039844,87040071.18898165
2023-01-06,0.111838384092005,597687046.1073577,254935074.84538245
2023-01-07,0.1103189291331818,590051591.9655687,89697264.08200216
2023-01-08,0.1091451945886213,582789246.61213,43266346.02996005
2023-01-09,0.1120092665484347,598803878.4995221,68834460.92572819
2023-01-10,0.1146407851137084,614670479.5323519,149490510.77576703
2023-01-11,0.1208220809179913,643909100.4153422,265953827.6092524
2023-01-12,0.1214959581027834,648561649.4571283,104907301.64519715
2023-01-13,0.1278132387764118,682496584.1844096,227977030.8307956
2023-01-14,0.131963455780579,705309184.5122027,153606387.02500445
2023-01-15,0.1380315813533,740045877.8219441,283608298.6126474
2023-01-16,0.1400889430726374,747444107.4264845,153071784.9399351
2023-01-17,0.1360404026302623,726242129.5964844,155657076.44236997
2023-01-18,0.1357288818657481,725227326.1509713,97125883.38689724
2023-01-19,0.1238419680089298,660271073.4623102,189457535.32277524
2023-01-20,0.1277310016836003,682984723.0966017,87346061.58957104
2023-01-21,0.1373793408753261,732302230.8444887,128203873.09638676
2023-01-22,0.1346905367390011,720416925.3113286,156288031.54951614
2023-01-23,0.1364463823588035,728450708.6972781,138303685.6609368
2023-01-24,0.141191062628183,754595241.4658654,188348336.7496669
2023-01-25,0.1341644723874519,714267148.2592773,344414501.4275717
2023-01-26,0.1386659468310219,739982066.8802711,199331958.07599044
2023-01-27,0.1375700166448246,735385248.2932879,142223328.68388718
2023-01-28,0.1391266148089693,743381729.8759445,131570615.71440922
2023-01-29,0.137733269336496,735844395.2920539,116839731.87568323
2023-01-30,0.1428412251718706,761940955.2287539,103540727.42779006
2023-01-31,0.1315663362968862,701638687.2475579,196408494.2539536
2023-02-01,0.1340877078826139,716037932.6753876,107050412.75759736
2023-02-02,0.1392475937491778,744181307.721057,146368154.1337835
2023-02-03,0.1403890174186579,749649914.5516092,329925962.0335025
2023-02-04,0.1458517278948241,779428086.8465198,153303921.3372452
2023-02-05,0.1457263547332558,778288883.6161358,160320206.48002553
2023-02-06,0.1402111824511061,749898556.9960364,150145620.57038024
2023-02-07,0.137953028737694,736465098.7426081,94873167.50359778
2023-02-08,0.1618218792974482,863461751.5035172,665331217.5570197
2023-02-09,0.1585524332421962,848858071.4899498,654304121.1431731
2023-02-10,0.1380038123747516,737834798.2959418,318300893.5074825
2023-02-11,0.1363595059469187,728975471.7724348,190053917.97676888
2023-02-12,0.1387384146525088,741211638.780358,85201777.32121183
2023-02-13,0.1338431833587368,716959781.1976919,112211564.61122116
2023-02-14,0.1300370504062663,695449190.3096058,150395857.11969453
2023-02-15,0.134995508599979,722180509.2591503,133497807.172527
2023-02-16,0.1430912244667814,763475593.0087721,146174352.4491654
2023-02-17,0.1343925929516584,720008566.7248747,168075413.2457477
2023-02-18,0.1408494987839914,752542882.0068961,111842235.27794383
2023-02-19,0.1407386209817022,750473237.89326,76910033.42078921
2023-02-20,0.1414789934926041,760507807.5594443,122199021.25743651
2023-02-21,0.145689402722325,779164285.6252252,157544140.38494954
2023-02-22,0.1412686847979077,754176181.9098297,156392723.3541514
2023-02-23,0.139045117452998,744591275.1063331,121900671.52638398
2023-02-24,0.1389878357410301,740766401.9068719,84466897.0601439
2023-02-25,0.1353685384121975,723649275.4843651,160396979.71723586
2023-02-26,0.1341577745049181,716679211.4618547,99187370.81468092
2023-02-27,0.1361566305074441,727436162.2340243,64180126.05117622
2023-02-28,0.1342756194864159,718017906.5636859,76104400.42413077
2023-03-01,0.1316612873902611,702811610.7670745,58759374.65129379
2023-03-02,0.1370320280948402,732040428.4156158,166968900.81530663
2023-03-03,0.1346475262251459,719754586.1976055,79558224.56550516
2023-03-04,0.1276513372200859,680621287.2982564,102602700.54949468
2023-03-05,0.1231038200721294,657610704.3090063,53586965.1614696
2023-03-06,0.1225591853985913,654235907.1736938,41024152.719606616
2023-03-07,0.1236706147352385,660770294.4473574,55398844.265207045
2023-03-08,0.1212971264228809,647064144.0032866,62244961.880547255
2023-03-09,0.1126623334982004,602890757.8623307,80024544.95154996
2023-03-10,0.1059461396792203,564958545.7014688,91682268.2709898
2023-03-11,0.1106681517714097,592251920.1407669,115900689.7213564
2023-03-12,0.1092388570554074,583402878.6645795,93921139.40392478
2023-03-13,0.1154169326922615,615394758.5880293,80262370.41449305
2023-03-14,0.1186549521850215,637091818.2971308,140552190.4696717
2023-03-15,0.1232469109236189,659183419.6857958,152852027.58979583
2023-03-16,0.1146968587121805,612499530.7727151,119676423.79764244
2023-03-17,0.117301620878282,627976914.9350659,631761880.043275
2023-03-18,0.1243981527741033,664371745.1208307,80805180.26553917
2023-03-19,0.1190434625435063,636553178.1067044,108015804.7338031
2023-03-20,0.1226119998326095,657671005.8675439,78500054.29365687
2023-03-21,0.1189465279428362,635914735.4352802,97584233.42164332
2023-03-22,0.123385172978664,658998946.9067993,65456610.42617379
2023-03-23,0.1194946212886418,637166792.1794423,106129372.10984915
2023-03-24,0.1232131032448307,658221257.2354645,55719734.56253135
2023-03-25,0.1197385824236899,639984680.5550063,54735199.0042696
2023-03-26,0.119950577820042,640334873.7951303,51278760.84391781
2023-03-27,0.1208837932278512,647519802.648365,40252399.77608576
2023-03-28,0.1142718859783293,609699362.9204923,68523853.4945343
2023-03-29,0.115567827059579,617803182.3274487,65612827.26024956
2023-03-30,0.1191435788386533,636826578.0954152,75512273.22304685
2023-03-31,0.1173627695631064,627241402.2423067,102510951.02479523
2023-04-01,0.1207051428499591,645422881.1220982,74867945.69068785
2023-04-02,0.1223663349884015,655010519.4779881,60829096.94493309
2023-04-03,0.119109145642808,636204530.7260084,58634517.01237886
2023-04-04,0.1227542739483875,655639910.216431,97591249.00494498
2023-04-05,0.1248799317586749,667102908.5915184,127758726.49030094
2023-04-06,0.1305978425291627,696928249.0393127,148859836.39905077
2023-04-07,0.1297792202150925,694168425.8400681,144315401.39370328
2023-04-08,0.1306477754756335,698839694.7527032,115565937.69802228
2023-04-09,0.1332770839757403,712989755.0070392,349037201.25238305
2023-04-10,0.1315594294096399,703748547.8090485,165426400.54861712
2023-04-11,0.1334753757054675,713154134.863564,118551480.84807669
2023-04-12,0.131880898443549,704724580.6727984,143781172.90965003
2023-04-13,0.1285012551327405,687456975.3085728,107885915.65822744
2023-04-14,0.1319281590391047,704445236.5712048,83193777.86658694
2023-04-15,0.1342183228125472,717565557.0133047,106831521.26333946
2023-04-16,0.1338172544283442,716202473.2095567,73598700.61756934
2023-04-17,0.1383654532461205,737301153.6791946,78456559.40887567
2023-04-18,0.1359844595608001,725776645.742374,120130067.15450582
2023-04-19,0.1381116820642958,738746352.8322763,84132282.58463274
2023-04-20,0.1317637890532036,704096914.1795533,233503763.3239016
2023-04-21,0.1291031472648155,689861151.2246035,96845844.87713894
2023-04-22,0.1206708205271136,644727670.3045578,94807719.98520884
2023-04-23,0.12377486518864,661294903.1264832,49996024.74224396
2023-04-24,0.1209201948799873,645064654.9376627,58781620.2731972
2023-04-25,0.1241657556499969,663505773.5568125,76811095.17843345
2023-04-26,0.1291163013932675,690351854.6057347,131108924.11713225
2023-04-27,0.1273364293083081,678200048.8012768,118775084.601576
2023-04-28,0.1290369928414654,688834001.791722,65496692.236969225
2023-04-29,0.1282772710655589,685812176.4721398,61733566.07436522
2023-04-30,0.128028720433038,684370225.5690562,32090902.353197157
2023-05-01,0.1274458321753261,681438757.6570134,51589630.36028234
2023-05-02,0.1286937274182224,687599343.4243656,102517260.3777758
2023-05-03,0.1276958781040064,682033024.0188543,51931841.94078013
2023-05-04,0.130592280277598,697261341.362188,79656817.21123324
2023-05-05,0.1302182008037045,696769518.6853284,52881507.77075145
2023-05-06,0.1313427826971246,702493786.4045923,58891552.68854917
2023-05-07,0.1259925919411186,672131600.0200429,56587624.88519262
2023-05-08,0.1262987810245282,674921319.4042416,38476500.93564503
2023-05-09,0.1139208997575406,607793230.7426955,100533802.36575212
2023-05-10,0.113189004793079,604959779.0567751,73111277.02219948
2023-05-11,0.1116160627388104,596054219.523595,136980546.59440938
2023-05-12,0.107711260352194,575932373.8192632,68595092.75843906
2023-05-13,0.108642554785519,580463714.9155989,55878930.033583775
2023-05-14,0.106855520951249,572603290.5045044,31204105.658455707
2023-05-15,0.1076565882260797,575676247.5622135,27692539.89743429
2023-05-16,0.1084110845781862,579554572.1044527,34735591.49132323
2023-05-17,0.1081768689220439,578123897.522521,41054406.31888551
2023-05-18,0.1085345951767752,580341254.9699004,52735412.87148263
2023-05-19,0.1075921329757002,575980681.5157493,43838582.771484286
2023-05-20,0.1080541059503693,577314260.2784413,31043000.52205029
2023-05-21,0.1076822853860386,575532056.8990018,21202822.356718544
2023-05-22,0.1052403839264799,563290179.0169543,26472260.82127395
2023-05-23,0.1054778572914162,563556000.6106348,34010160.01605193
2023-05-24,0.10527670542238,562404775.5558753,29288371.06243574
2023-05-25,0.1012831379237118,541978558.1110479,46614215.3056151
2023-05-26,0.0994047591053278,531299527.2624219,41122790.13147715
2023-05-27,0.1000853257259448,534732981.89170754,39979602.47394585
2023-05-28,0.1012096593377263,540775994.2902128,29610603.67140943
2023-05-29,0.103313878281337,552564593.0615065,37094366.939043015
2023-05-30,0.1011664439195157,540647314.1736146,45559154.14355505
2023-05-31,0.1006423347662096,538272839.8432375,31901464.433367617
2023-06-01,0.0992339053907006,530510927.0856292,40827819.44604088
2023-06-02,0.1002168840079885,535850300.70979017,48120228.43308912
2023-06-03,0.1007951970835732,538492116.8171839,45271561.473589465
2023-06-04,0.1020963724849628,545741154.8771958,31254939.748764552
2023-06-05,0.1013365705070359,542431677.3508162,30581867.502534326
2023-06-06,0.093859183806681,503066234.7899054,94565606.5382339
2023-06-07,0.0946635469901161,505270560.87243766,48276197.93099465
2023-06-08,0.0866442745885992,463065473.8761711,57403754.54440152
2023-06-09,0.0875965444131621,468028597.8338215,37283831.98159301
2023-06-10,0.0872023758126323,465528534.260618,31099903.882869463
2023-06-11,0.0692575581330889,370568042.37971526,181504340.59949023
2023-06-12,0.0680828093449433,363396988.6213384,51989435.01613659
2023-06-13,0.0675562206585867,360882691.6236203,46163108.62615297
2023-06-14,0.0681156590273463,363588832.8330468,37163431.09674666
2023-06-15,0.0653703953602684,349231452.7548232,36248245.6084007
2023-06-16,0.0666547887047835,356247820.6916517,27483626.25577476
2023-06-17,0.0669362107237957,357920391.0440248,21623096.974422485
2023-06-18,0.0682873792082631,365300402.8442604,23748344.040892
2023-06-19,0.0669514631672978,357874689.8984022,23042276.065894704
2023-06-20,0.0683996986862826,365376355.9882878,24325364.64395529
2023-06-21,0.0706587584932065,377680347.6851652,37430388.33575316
2023-06-22,0.0743798678804341,397802754.28879726,40312884.32517146
2023-06-23,0.0735942631211818,393687865.3510212,39012991.59433526
2023-06-24,0.0769893320142559,411250796.1067473,22580890.84196291
2023-06-25,0.0783661048499356,418388744.2149415,34692422.97983091
2023-06-26,0.0796588629692827,425937758.3053052,31916906.24108308
2023-06-27,0.0773832324030097,412870184.46344846,26551803.2152006
2023-06-28,0.0775031419795678,412668248.7317849,20435376.530280903
2023-06-29,0.0726300260957033,388496695.8616953,25197418.208250664
2023-06-30,0.0741279992056546,396286485.84086615,16483937.529130248
2023-07-01,0.0756876764847368,403815145.3559575,31452074.22179795
2023-07-02,0.0794846490313639,424090933.1197852,27044192.68204744
2023-07-03,0.0778133133712496,415666941.5968072,24630613.1014709
2023-07-04,0.0795703221443702,425184092.2388991,23471875.577432197
2023-07-05,0.0796635322689541,555908269.3916954,30584363.591996867
2023-07-06,0.0772779568924325,539472134.5764316,29966017.153120875
2023-07-07,0.0746698972245618,523617664.1167688,25242577.292617533
2023-07-08,0.0766807410774957,534464956.71795,22097370.02978209
2023-07-09,0.0765492041577553,533136774.943823,17090953.071490116
2023-07-10,0.0757052884728996,528187168.21723306,11729130.473092176
2023-07-11,0.0759190452606211,529384739.8584658,21234613.917052224
2023-07-12,0.0770405840652126,537364306.893645,20253258.49612732
2023-07-13,0.0765780972339292,534107511.818914,24472687.54806151
2023-07-14,0.0843216339327993,586830948.1650525,33615696.30933145
2023-07-15,0.0800767025340518,558533989.6655589,41292424.79274286
2023-07-16,0.081749777795043,570122605.7276579,21196536.877122108
2023-07-17,0.0795275976519944,554871440.4476467,21626133.63949705
2023-07-18,0.08078148068488,563872795.1895529,24927109.39168841
2023-07-19,0.0790246866270279,550596719.3038076,26110141.015240915
2023-07-20,0.0792780658231809,551479437.16456,30187236.15179065
2023-07-21,0.0791383359689242,551887887.3225468,32268793.96549118
2023-07-22,0.0792135951918367,552703653.1019425,24706436.85097192
2023-07-23,0.0776342112178723,541502501.7937965,23802452.996092606
2023-07-24,0.0794979116171737,554629832.7354811,25642358.2956717
2023-07-25,0.0768726996037214,535826198.7612917,37774598.67867047
2023-07-26,0.0771930603633665,538223245.6066629,25337983.793639373
2023-07-27,0.0773106560551947,538923301.408474,28874118.062532395
2023-07-28,0.0772243325427862,538374932.8841835,30023193.94676209
2023-07-29,0.077987385984551,543856809.4636683,21885884.27837888
2023-07-30,0.07948211369967,553526581.2142777,50891965.17992897
2023-07-31,0.0777531089587347,542169305.632595,32409410.844605684
2023-08-01,0.077363577084176,539041904.4708892,28926765.18411741
2023-08-02,0.0780607996131626,543374035.557434,33503169.27316959
2023-08-03,0.0763374950552164,532693704.28973705,34283119.40841709
2023-08-04,0.0767872354926512,536202405.8538689,32842324.33401401
2023-08-05,0.0771986232385013,538241376.5488185,29363401.112111308
2023-08-06,0.0763776943937357,532986277.0736504,21153553.44543315
2023-08-07,0.0770041767581243,537198154.0438387,20203811.27725591
2023-08-08,0.0757088493125076,528345673.45800567,35622589.217578314
2023-08-09,0.0766731284140633,534627574.8885765,31190400.882411264
2023-08-10,0.0761150989786451,530811941.9599035,23592626.05825672
2023-08-11,0.0754867931042838,526546270.5810514,22948290.702209447
2023-08-12,0.0754447616419891,526322585.2870212,20375615.75491237
2023-08-13,0.0762735120540646,532309706.176664,19736413.55876684
2023-08-14,0.0758343762662713,528875221.8781056,24192514.81216668
2023-08-15,0.0754608364945477,526573017.4355656,26556267.64223085
2023-08-16,0.0713926584731651,497956017.9354767,41207301.18896073
2023-08-17,0.0678668120017845,472763355.3687783,44052296.394761
2023-08-18,0.0625406629241697,436541910.6516812,61140095.44405845
2023-08-19,0.0636402352742275,443442029.834035,47329651.21778902
2023-08-20,0.0646312909245867,450957318.5250018,23787071.67258151
2023-08-21,0.065220701427785,455099001.02249205,21597039.913778555
2023-08-22,0.0640583847856405,447243783.48936135,26591871.11808
2023-08-23,0.0625464019807418,436562041.2144064,29406483.654657237
2023-08-24,0.0643604604525823,448602964.6928984,24845340.872496784
2023-08-25,0.0629769911063966,438640864.1013321,22257365.18114832
2023-08-26,0.0633898435964292,441929361.1166743,23036189.34841261
2023-08-27,0.062550275593196,436133984.7374552,18796294.770443395
2023-08-28,0.0622398691069303,434110421.9186543,17490268.939750437
2023-08-29,0.0611030433580667,425826660.08691627,22613733.798855778
2023-08-30,0.0636882774005559,443562915.29615617,33493390.43561252
2023-08-31,0.0630535642950749,440099529.0656484,35105045.81338674
2023-09-01,0.0603460939932367,421093255.62418735,31637058.41328342
2023-09-02,0.0598102678707134,417766872.0961799,23665728.71453842
2023-09-03,0.0596956835320462,416286702.9560309,21550319.076336965
2023-09-04,0.0596577468943464,416360294.05837286,20172599.8124284
2023-09-05,0.0596407847875954,415547358.6734684,18868124.66942582
2023-09-06,0.0597382257378758,416522665.6186389,21655895.846641008
2023-09-07,0.0595656090442838,415125682.2493567,24557433.00665854
2023-09-08,0.0595826689836499,414750898.5918546,25362591.36504509
2023-09-09,0.0591057391888987,412250206.1918511,21909006.90618737
2023-09-10,0.0590091919614674,411642866.3232291,21467973.33310775
2023-09-11,0.0572638282460057,399888035.5111283,31199944.025102552
2023-09-12,0.0551097600850472,384658362.86614215,32239074.681443963
2023-09-13,0.055757938169877,388954197.9923527,31386762.115955785
2023-09-14,0.0564138407868744,393622265.1124956,32376744.503705736
2023-09-15,0.0574299346230778,400839776.7178962,25651808.408300985
2023-09-16,0.0591848127763107,412600168.5261666,26237731.35022502
2023-09-17,0.0593044425330126,413717500.6406801,21602374.124143846
2023-09-18,0.0569927475909487,396997124.1090506,27303633.973506507
2023-09-19,0.058535340476332,408552388.3339667,32454904.688746776
2023-09-20,0.0593121608574608,413606232.3168463,30219314.41532413
2023-09-21,0.0594473076976026,414986635.7103403,29063234.76390342
2023-09-22,0.0584867281408426,407950973.57679385,22516978.484177195
2023-09-23,0.0585083047381425,408354030.1540167,22052977.84778305
2023-09-24,0.0581380704586153,405514297.4982089,23467734.64600724
2023-09-25,0.0569651420638539,397362944.8993324,18430174.573465463
2023-09-26,0.0577300049552816,402405026.8718311,24044683.249558844
2023-09-27,0.0576004006434673,401616182.3076812,26025119.770675045
2023-09-28,0.0571988541548871,398912895.9719919,26940823.006059643
2023-09-29,0.0585770500970004,408600911.5521055,38515676.97553594
2023-09-30,0.0596319993506283,415617071.5353242,30051478.753845688
2023-10-01,0.0618366191600348,431145778.99844944,72783914.92495903
2023-10-02,0.0643912202408597,449441064.3096773,59355322.06116073
2023-10-03,0.0617336743756518,430607711.83263993,49734393.46037982
2023-10-04,0.0599420439786832,418630627.2627807,44880769.49114286
2023-10-05,0.0606992256575174,423915785.1893503,41672402.75813699
2023-10-06,0.0601204929914426,419279440.8936568,31294250.83990988
2023-10-07,0.06038300276165,421136645.9087969,29356385.2506148
2023-10-08,0.0598089238586457,417125829.9219948,21687509.462401967
2023-10-09,0.0600624840449949,418858051.1309196,18211262.638008658
2023-10-10,0.0565024252001372,394496511.3815652,29187510.10572476
2023-10-11,0.0566590276759938,395999548.1798417,18250071.295552123
2023-10-12,0.0556709808600029,387926883.53646666,23010133.220917813
2023-10-13,0.0544237222062008,380290259.3568779,31983765.242178243
2023-10-14,0.0550199642723163,383823870.5692154,34829190.37399853
2023-10-15,0.0552437910925115,386217155.9483837,30662018.79302071
2023-10-16,0.0558989884350708,389586232.8738391,28836510.764364105
2023-10-17,0.0567990902033017,398585102.3783788,33758437.0720195
2023-10-18,0.055622347951932,387798206.7935501,29550900.47241088
2023-10-19,0.0570933435342552,398264284.3575717,93353156.51071782
2023-10-20,0.0561941215071951,391579839.7654199,37627386.95203411
2023-10-21,0.0584327438508493,407669580.66072667,50903018.98364906
2023-10-22,0.0602333834425022,419712559.210592,44363158.71988721
2023-10-23,0.0624449136933812,433572500.3694772,89799080.28877546
2023-10-24,0.0660057233064839,460501803.4202659,121112943.01853846
2023-10-25,0.0661872576081929,462553371.244466,103613097.98616576
2023-10-26,0.0660904157586989,460901857.8485441,87617665.0576677
2023-10-27,0.0647922932600282,452453240.17282087,143885401.2217023
2023-10-28,0.0635851738965789,443457764.82677954,87844406.9188714
2023-10-29,0.065865694993816,459355668.49770254,44766379.59620851
2023-10-30,0.0668032350411401,464907046.2657896,66339796.573325366
2023-10-31,0.0682234148421676,475174442.7369873,77382009.7991538
2023-11-01,0.0665658474672074,463514509.0698547,79955984.79588677
2023-11-02,0.0688919747166103,480593574.16129565,94180455.73802824
2023-11-03,0.0705652311427651,492694595.2128818,94415697.78166132
2023-11-04,0.0700256003631178,487963223.917449,48732147.983656704
2023-11-05,0.0725915841885119,507174687.548332,59115215.53908768
2023-11-06,0.0798335004105977,557747801.0863359,110915507.51524428
2023-11-07,0.0805730665811292,561960456.8484154,72724040.11978628
2023-11-08,0.0777504772788019,542219659.7824535,56661438.61319277
2023-11-09,0.0793115741418584,550817877.9914417,67786390.06099534
2023-11-10,0.0769032561688694,534996990.4492655,115173352.31256673
2023-11-11,0.0819008632716079,571195198.1949044,88452418.04306789
2023-11-12,0.0827325403918248,572474942.4693247,131166351.58088516
2023-11-13,0.0830410388694109,579369397.089021,89324240.80492543
2023-11-14,0.0799140348351964,557010948.5520546,97804787.80082253
2023-11-15,0.076722562501304,536091231.6974058,77772688.40654951
2023-11-16,0.0797327809908732,555401048.7367712,68740241.37190391
2023-11-17,0.0756561961793874,526832160.4903546,75948667.91729413
2023-11-18,0.0769240493829308,536520560.7989126,70930765.11399934
2023-11-19,0.0760711565837377,530492084.195074,54648632.06617126
2023-11-20,0.0776712091858329,542365447.446405,45618645.24341749
2023-11-21,0.0756776008133716,527709977.6921835,57945743.891479336
2023-11-22,0.0685168707656793,478166258.4691617,91867899.92466114
2023-11-23,0.0722609709125124,504435304.77010417,56045758.06529415
2023-11-24,0.0743431897415503,518387830.9231159,52642064.52601889
2023-11-25,0.0749487164080971,522828623.88473225,43594115.87531022
2023-11-26,0.0767100338031521,535120897.8163075,63095320.37717847
2023-11-27,0.0749114344546884,522967347.462287,65895073.04802032
2023-11-28,0.0734704192599747,512393645.385281,74124503.61485012
2023-11-29,0.0730378636744723,509334761.50585896,58199655.86777236
2023-11-30,0.0737998439433827,515535469.5114196,42308838.64158047
2023-12-01,0.0729263657561507,508821208.9129992,36946286.46359033
2023-12-02,0.0743397983983808,518241874.9444212,37613176.70987694
2023-12-03,0.0764825565778338,533427071.7870781,40974927.67627607
2023-12-04,0.0773316086283732,539180356.601512,48278503.83581542
2023-12-05,0.078111464557269,544616218.2799965,75633366.14347082
2023-12-06,0.0794542158885615,608050081.9867455,65679688.452839874
2023-12-07,0.0812558491616272,622927238.8019919,130160162.92267796
2023-12-08,0.0882535892909298,676875474.1183605,152364766.83425736
2023-12-09,0.0920577790989175,703026850.281659,137430850.09357688
2023-12-10,0.0903641911671027,690446575.7611376,118060075.27000728
2023-12-11,0.0902831597308943,690970735.058431,93882671.321193
2023-12-12,0.0829024235552778,634389309.6059049,131039307.69933112
2023-12-13,0.0838692846367007,643297231.7541467,73709387.20546274
2023-12-14,0.0850361590783668,650560100.1667578,73831047.72495033
2023-12-15,0.0864192206027804,660488740.3058308,76136300.19058366
2023-12-16,0.0823227103649421,631072859.7364404,82227780.21198641
2023-12-17,0.0833469370131096,636928230.230567,62774998.49510664
2023-12-18,0.0809221790491791,619195055.6671168,70041199.80258642
2023-12-19,0.0795205120096408,608750253.832775,99518612.85584526
2023-12-20,0.0787827683104279,603010678.4731132,71666824.8333505
2023-12-21,0.0830773814242689,635864177.5729821,112872519.86232
2023-12-22,0.0846695055998209,648071681.6352901,66301281.848200426
2023-12-23,0.0875108039348928,670500545.4613932,69678917.39261474
2023-12-24,0.0859622045024222,658737987.1986566,54455371.28150352
2023-12-25,0.0864770201517632,664178446.2399294,82095912.42110951
2023-12-26,0.0903422944326602,692132190.603935,88596433.86335605
2023-12-27,0.0879439967082086,671901840.0489696,100298930.27283584
2023-12-28,0.0940255231920604,717889717.8454274,110117051.35042109
2023-12-29,0.0903891016257278,693886015.8331397,64469171.50459383
2023-12-30,0.0880774439209201,673924671.0470942,62141843.46850491
2023-12-31,0.0881575177577157,674759018.5439794,46866189.08082103
2024-01-01,0.0862212118443119,660906199.7528697,53081356.2734902
2024-01-02,0.0898438356630296,687102585.3503473,54726165.42899124
2024-01-03,0.087530897231545,667736760.7676238,74085813.33743519
2024-01-04,0.0805150371764538,615717278.5133291,126143847.66948724
2024-01-05,0.081819543503491,627097264.0839335,81308185.85944332
2024-01-06,0.079846076849515,610443608.583717,72120273.80498075
2024-01-07,0.0783832223709729,598956942.7952081,68304669.60868208
2024-01-08,0.0751087238241017,573277232.9427246,61413587.31319124
2024-01-09,0.0774710237006405,688073339.430253,79515440.38470735
2024-01-10,0.074952624621813,664383134.9705606,50949994.04010908
2024-01-11,0.079442458621257,708006031.66786,51765201.90606152
2024-01-12,0.0822386479085521,732672019.3010603,69881711.63396853
2024-01-13,0.0797437119086771,707202600.3788444,64495860.41860437
2024-01-14,0.0871483235485756,772045818.1090158,91148331.9645966
2024-01-15,0.0835888549571921,745858522.4671732,55034376.4796121
2024-01-16,0.0897531236686637,798691095.3192649,96261802.72523642
2024-01-17,0.1034087918001036,919413420.4671184,329094605.8468352
2024-01-18,0.1000673437961073,890975346.136234,208431626.5843825
2024-01-19,0.093365914224022,832186276.1551235,138733994.84092644
2024-01-20,0.0894124662446245,795292309.8157586,115247819.43946508
2024-01-21,0.1039629763813328,925274032.903908,219048287.61578444
2024-01-22,0.0971595030314774,864617630.5185031,135895340.86300957
2024-01-23,0.0923341080661837,820922323.4087868,114231787.13732466
2024-01-24,0.0999761738362129,886537854.4011227,221000367.21594724
2024-01-25,0.0971392729912216,862652770.464756,133384811.7356984
2024-01-26,0.1078077878659464,959481729.5488588,246745476.9773228
2024-01-27,0.1081986553746017,961064583.5581434,218574609.40712503
2024-01-28,0.1117903329873487,994792280.5016524,113159864.44246066
2024-01-29,0.103444986898747,919755966.9977328,97626943.38424616
2024-01-30,0.1061466544474551,945695568.3344172,91794896.1552717
2024-01-31,0.1017047345664926,901490091.038698,90982806.18291852
2024-02-01,0.1001309050128056,889057046.8210027,83070489.38405745
2024-02-02,0.1039293046441171,922375681.4104505,116016479.37701613
2024-02-03,0.1022210956084193,908702682.439432,43878404.9210524
2024-02-04,0.1044839406838796,928923042.8916864,64504363.00724504
2024-02-05,0.1003754818254029,894259098.0540195,51513637.61120709
2024-02-06,0.0991922445459277,881852702.2597251,48646264.68713268
2024-02-07,0.0999958763455562,889423109.623623,63721261.67083371
2024-02-08,0.1018012483887837,905968693.0039108,56073602.68340528
2024-02-09,0.1007274993461285,896606399.649862,40350504.093477786
2024-02-10,0.1035403544406793,920311955.4572372,61401801.20854101
2024-02-11,0.1012667274121634,900582853.0619338,33636865.703110225
2024-02-12,0.1001187951503763,890494696.7862278,39029242.86278338
2024-02-13,0.1017675265344813,903773488.9928102,69889613.83327696
2024-02-14,0.0995400199733368,884748068.7345344,55647087.55947932
2024-02-15,0.1041777923316485,926635540.7445712,79817067.90638342
2024-02-16,0.1076559347164675,956783312.493312,112744779.00387822
2024-02-17,0.1161064919443599,1022593020.2690012,136527602.41375265
2024-02-18,0.113395613711912,1009565925.4043084,107921476.32506251
2024-02-19,0.1138488556146317,1014612346.311953,59992661.307397455
2024-02-20,0.1216621288365506,1081038811.294701,97475036.95325217
2024-02-21,0.1255290501256223,1117177706.152045,175829353.00373298
2024-02-22,0.1197878749032171,1066927758.8911606,119223357.5780159
2024-02-23,0.1275674989002814,1133399476.2368743,182223746.0380588
2024-02-24,0.1239512098860445,1102820497.99511,84814596.74636497
2024-02-25,0.1261467073766672,1121305957.719368,62219001.25323799
2024-02-26,0.1262836361000656,1122584786.9418714,71814227.92138173
2024-02-27,0.1378097170902167,1226099009.760398,148406994.73767307
2024-02-28,0.1451659535170638,1290799832.7856534,150887402.77672306
2024-02-29,0.1385820857644159,1229331778.7904544,157995359.65628573
2024-03-01,0.1416104206083566,1259600635.5499403,109865041.42558768
2024-03-02,0.1614216210493988,1437587416.2464645,171606675.03546792
2024-03-03,0.1628076601496339,1447427692.2991087,101975416.95541131
2024-03-04,0.1536998543817486,1365117088.4030776,149621456.19380647
2024-03-05,0.150706945232127,1337875673.566944,128726034.922153
2024-03-06,0.1363968990606639,1212530036.9623983,229132195.1749353
2024-03-07,0.1485691686614408,1318113232.5789309,179285236.082102
2024-03-08,0.1513553044457968,1345441100.5794852,113797727.22244538
2024-03-09,0.1540857847661492,1368622729.540944,181310736.8008868
2024-03-10,0.1551049242216201,1377689486.0715537,119982319.88531432
2024-03-11,0.149970749042011,1332452264.5673966,92829412.42198493
2024-03-12,0.1618804528970618,1439634295.7994988,177914061.16462648
2024-03-13,0.1575913580052554,1400878182.8504598,147151490.50481722
2024-03-14,0.1667736684684392,1489023961.3303063,144108815.26001886
2024-03-15,0.1582997147620242,1406953156.7918122,133354233.11539423
2024-03-16,0.1470560225855142,1308578316.8183572,151869344.4361707
2024-03-17,0.1328553511326728,1178137753.37823,116381262.11066198
2024-03-18,0.1398533173763149,1239793751.8636725,126214589.4793322
2024-03-19,0.1328195858869372,1182354563.400041,110238241.153923
2024-03-20,0.1205638901616241,1076281741.044883,146211681.68880767
2024-03-21,0.1331429762479483,1183273692.5235703,95546466.33713935
2024-03-22,0.1379907017233532,1223591138.4206374,78452565.9225441
2024-03-23,0.1330792175504594,1181347307.9795816,93696190.99242792
2024-03-24,0.1345923076402037,1197746218.8747408,57516749.13048411
2024-03-25,0.1390307374122562,1235578975.1662946,48362294.52632446
2024-03-26,0.1447348059687636,1283383989.5076962,77224640.35112001
2024-03-27,0.147759401257195,1312242005.7774122,81185420.63933006
2024-03-28,0.1414311447996779,1253228146.9191873,84107415.99338447
2024-03-29,0.1454494219805947,1293695343.4689798,73764540.10354553
2024-03-30,0.1524917721467641,1357673578.5532477,119871619.33800936
2024-03-31,0.1466491823856963,1300798635.7880294,74734025.45643383
2024-04-01,0.1494721043298647,1328680792.1058333,45335727.07071654
2024-04-02,0.1394752510780717,1241305851.7662542,75861011.64175875
2024-04-03,0.129719138656844,1156545772.2161224,79806374.67434573
2024-04-04,0.1309663762320659,1165349983.1426437,57820937.90981248
2024-04-05,0.1446283092927998,1282856799.748757,146822550.4796825
2024-04-06,0.1408263518908137,1252722340.2726612,85365934.30904502
2024-04-07,0.1505570769487857,1338622959.408085,91411822.15295155
2024-04-08,0.1483608334617634,1319242051.936864,78999174.85300124
2024-04-09,0.1580510256289749,1405216145.6750915,108354743.23329654
2024-04-10,0.147262278106114,1310016662.417545,86930982.70879774
2024-04-11,0.1473304675025174,1307961607.3599434,76033754.98848942
2024-04-12,0.1418413763778063,1261148844.85535,69374205.61579563
2024-04-13,0.120269355076699,1068731949.66662,120694464.91295862
2024-04-14,0.09876815109717,882095296.9874924,165296024.72239006
2024-04-15,0.1078561997438852,961207784.6958898,121863857.85605152
2024-04-16,0.1022675142261437,908946173.8545036,98291468.71677049
2024-04-17,0.1075763130783006,957596914.8816608,103704512.27882962
2024-04-18,0.1091241633972165,969034711.7293552,123382290.10060386
2024-04-19,0.1082438256216904,962072860.016552,113959981.42780375
2024-04-20,0.1091000506771335,973099209.7466804,93855592.91713811
2024-04-21,0.1182949656820937,1048853937.0114532,75486547.1699641
2024-04-22,0.1159231253485075,1031607330.64633,61419336.93389001
2024-04-23,0.118683288175611,1056962138.9794948,58922912.45689358
2024-04-24,0.1173969122631467,1043743194.4607688,58457711.36960308
2024-04-25,0.1172929444921931,1041911945.9151146,153214872.66825858
2024-04-26,0.120039912779168,1067252672.7387094,81073132.17990388
2024-04-27,0.1165419827883015,1033790996.334621,61679382.75334503
2024-04-28,0.1132936368453782,1006482408.836469,59629678.409444936
2024-04-29,0.1113036049186756,990271015.8383632,48773257.67723001
2024-04-30,0.1131953059466116,1006339809.3719108,65799551.58803247
2024-05-01,0.1078586826263469,959621840.7588288,105614793.60030538
2024-05-02,0.1162236598728878,1038236711.3756546,131529226.08394302
2024-05-03,0.1179349113674973,1048149134.9463468,72939878.8966545
2024-05-04,0.1202509683370695,1071116984.5349648,62865981.382098176
2024-05-05,0.1195428107288206,1062456360.72658,52669429.230974674
2024-05-06,0.121578777928581,1080902428.4716003,45805381.28967059
2024-05-07,0.1219344206680669,1084692496.574911,72839031.70564534
2024-05-08,0.1263483403314263,1123302635.3339932,68643177.20653675
2024-05-09,0.1221976653656289,1087348861.940099,100972859.80986737
2024-05-10,0.1283485343016387,1139021319.3997362,78169750.8360615
2024-05-11,0.1260160781058841,1123203999.9617355,94022194.31356856
2024-05-12,0.1222496993351924,1085913480.4495232,43328507.58982445
2024-05-13,0.1265931352463262,1122999091.5289826,41224283.65801916
2024-05-14,0.117138604493481,1040386834.6038412,91625381.8981478
2024-05-15,0.1118108529353208,994021374.610301,74259074.94948384
2024-05-16,0.1192314806077676,1060937759.3088652,61980316.64241603
2024-05-17,0.117920075185839,1050039509.887124,75191276.97172694
2024-05-18,0.1211273881478229,1074029519.2972147,63491867.02635352
2024-05-19,0.1195070366081235,1062611485.4459008,42114746.782196194
2024-05-20,0.1145196696273842,1016613669.1182542,50428011.59183581
2024-05-21,0.1244329490571747,1105505705.6336875,60377124.56665707
2024-05-22,0.1243075586169033,1104905819.502649,68852780.3084686
2024-05-23,0.1215908572684037,1079994948.5440626,72230317.70265965
2024-05-24,0.1168821154999812,1036903773.5962244,104702587.9345858
2024-05-25,0.1169551306543848,1036007657.399626,58009432.034902886
2024-05-26,0.1358475348998168,1208810641.1966922,209437019.4270521
2024-05-27,0.1341350543871501,1190703853.2383626,202784402.1482004
2024-05-28,0.1369900160322732,1215515864.1955907,128863732.95961297
2024-05-29,0.1539089524577579,1371474704.9514313,284915547.5215565
2024-05-30,0.1542096754903446,1371151089.0850935,218861004.3789475
2024-05-31,0.146496136810743,1302288451.9638653,266474753.45767295
2024-06-01,0.1420003473278694,1260946253.923196,134866234.47731507
2024-06-02,0.1511341183983018,1343224106.5313852,140293477.6413052
2024-06-03,0.1415312200792512,1257394192.0963175,107740280.54027574
2024-06-04,0.1449730454429736,1284812277.9970584,124234801.11414345
2024-06-05,0.1450596140229317,1289763617.0073366,84635187.12150267
2024-06-06,0.1465538326078259,1301956770.8894844,98297193.94779356
2024-06-07,0.1371830558853682,1219739862.7867663,102927702.59644794
2024-06-08,0.1246573499982522,1107768678.4240737,174514674.16207197
2024-06-09,0.117528145480261,1042824524.1601326,102580349.08038504
2024-06-10,0.1298223305813762,1152771839.598288,120186876.10928652
2024-06-11,0.1257470498767895,1118173317.073172,105181290.06509258
2024-06-12,0.1171722854607895,1041349660.785952,102593534.93476383
2024-06-13,0.1204076825302608,1067020173.82417,125155661.9730228
2024-06-14,0.1124210947140834,1001227708.2668087,86035997.50782464
2024-06-15,0.1084883544185438,963886761.6972291,143189539.98615766
2024-06-16,0.1042613239955616,924740365.3809518,116609306.9955328
2024-06-17,0.1008321866898437,894942382.7141049,80350906.35765909
2024-06-18,0.0901114176331564,800923888.875378,127636227.2377094
2024-06-19,0.0803584313698282,712547504.9342498,161043963.9819047
2024-06-20,0.0798781154897919,708477429.6486018,54448783.31128958
2024-06-21,0.0794897479839777,707520160.871614,92315438.28325383
2024-06-22,0.0775085325934365,689020492.3373445,67520418.56902462
2024-06-23,0.0774538041091134,689077611.8740652,50243205.79608537
2024-06-24,0.0752434712099423,668295367.5864848,39876165.28148693
2024-06-25,0.076699228571584,682031444.1671543,85266809.10417174
2024-06-26,0.0791623042695848,703514954.8017293,46130308.65923879
2024-06-27,0.0771147747366202,682838262.0943608,49148199.550163776
2024-06-28,0.0774562106391498,688174700.5947759,37695844.00885685
2024-06-29,0.0751502031126761,668147668.0763459,47114812.46737491
2024-06-30,0.0732877997155441,651161301.753477,32376890.87098948
2024-07-01,0.0758000404899158,671859970.5002414,42715308.23427839
2024-07-02,0.0747919230557548,664025387.5466439,46714195.42235642
2024-07-03,0.0760861202357104,675254356.3678685,49772063.73326002
2024-07-04,0.0710166301128865,631872243.4095957,59901451.66015297
2024-07-05,0.062638958615907,558291142.2945862,80418513.99548735
2024-07-06,0.062204993665754,552983540.0572826,133736379.56873024
2024-07-07,0.0687901262473083,610937809.5598587,60331985.614044935
2024-07-08,0.0631988053482105,560615292.3804727,52630083.34394065
2024-07-09,0.0654336335150316,580817122.0497736,91388446.6155258
2024-07-10,0.0662504524255615,589042410.5718154,52395615.09040284
2024-07-11,0.066505515148051,591508836.5331259,48442317.39850808
2024-07-12,0.064994110366825,577312753.7187384,49363560.5643181
2024-07-13,0.0657770207972721,583902785.8292873,46059022.99366356
2024-07-14,0.0680234804453456,605853349.9312476,35143048.84427872
2024-07-15,0.0690771738296421,615289051.2171204,46869604.6688878
2024-07-16,0.0726993385659618,645424812.358595,60989238.08239985
2024-07-17,0.0732231573358432,650952737.7115165,93907496.48302194
2024-07-18,0.0722979466800438,643280411.6920218,70326125.05324419
2024-07-19,0.0697881684819716,620339275.3332698,60333510.17245704
2024-07-20,0.0738717459517232,656609250.6212553,72624758.85255699
2024-07-21,0.0738851341147188,656783059.9145865,50398480.24401561
2024-07-22,0.0754817059370542,670625435.2358803,81521350.86864592
2024-07-23,0.0716884991478177,636907976.5831233,51096708.89281921
2024-07-24,0.0694646605361321,618103719.8527712,68957207.47744994
2024-07-25,0.0688268143868673,612044798.2701443,54462609.40643936
2024-07-26,0.0668881170041422,594369025.6000122,75336322.23763317
2024-07-27,0.0701815552677352,624189824.9685407,54097382.03923954
2024-07-28,0.0705156767712137,626804920.4489291,56820421.60121597
2024-07-29,0.0683625846430374,607667418.9884552,34303899.52565736
2024-07-30,0.0677192372394262,603180067.0509084,47458279.65345114
2024-07-31,0.0662351872904808,588757220.3009535,45843731.35564195
2024-08-01,0.0647500458372184,575450922.1225401,44297913.45116434
2024-08-02,0.0636655756488667,565901077.4477662,53504964.26265226
2024-08-03,0.0599751522001743,533112463.9482381,50558176.25406285
2024-08-04,0.0574275626316825,510063522.23232096,58715365.18635809
2024-08-05,0.0546875852376773,486439135.9416828,52951800.79515948
2024-08-06,0.0505461288797526,448801238.3062705,160168859.3835937
2024-08-07,0.0526158940721424,467590400.78221285,48280043.1617486
2024-08-08,0.0510545291692601,453818037.0147082,46449980.8635683
2024-08-09,0.0561290978536628,498048523.1972,34891251.39456814
2024-08-10,0.0556013447189253,494234175.22991294,30822274.903011125
2024-08-11,0.0575308636606356,511385454.7100674,26827414.70809821
2024-08-12,0.0536114025128439,475919089.1701607,29329149.27542553
2024-08-13,0.0556833528335525,495389291.367676,38231978.95317789
2024-08-14,0.0563794145578054,500888760.27779657,20645896.03723677
2024-08-15,0.0548210846092697,486939277.4505883,23720328.827028792
2024-08-16,0.0530199258597195,470761671.66777146,26829883.592338268
2024-08-17,0.0524830308184322,466480052.4384097,22559150.080078337
2024-08-18,0.0531631924709284,472224611.3907914,18126702.723739967
2024-08-19,0.0536250218530649,477212043.85752696,18962137.929488547
2024-08-20,0.0543613557881398,483406968.2000082,24722891.131755903
2024-08-21,0.0549420392738327,488412842.6282278,23635286.24792512
2024-08-22,0.0570253484928006,506801296.46406585,26715066.23412537
2024-08-23,0.0587422381700104,522598215.7695465,32122080.628659807
2024-08-24,0.0616292899802944,547065571.3976742,40318145.596701294
2024-08-25,0.0623105879326709,553677991.6180912,35442731.94135575
2024-08-26,0.0604607623835792,537495392.96104,27726050.633962568
2024-08-27,0.0571677860336193,508146386.0668317,36595400.54502916
2024-08-28,0.0545855317344294,485973162.0947944,31548142.610017437
2024-08-29,0.053677011958005,485508897.9090366,32472090.75467171
2024-08-30,0.0554892720279104,496653236.3196128,30055018.731179908
2024-08-31,0.054274290804971,490556565.168648,43156256.83367042
2024-09-01,0.0530068817707514,478868435.7967976,19209581.94048665
2024-09-02,0.0502028195564069,454153465.28714937,28383602.81736546
2024-09-03,0.052443586142154,474102710.3758286,25816191.87164301
2024-09-04,0.0501926912105604,454522342.7116758,19721605.16270437
2024-09-05,0.0516642865783622,467056055.4307391,26817185.93507088
2024-09-06,0.0497900937928979,450506784.5336763,21343852.02656868
2024-09-07,0.0486464799431179,439700032.2393985,28543092.699539784
2024-09-08,0.0501679060358689,453441128.4173845,22593525.04401212
2024-09-09,0.0517953234670815,468150492.52533805,19312505.862060662
2024-09-10,0.0530743923856775,480056906.4423805,24811752.54575787
2024-09-11,0.0531869379240955,480690903.9941047,22525510.93316059
2024-09-12,0.0521231114636671,471313300.1845768,29662784.89098144
2024-09-13,0.0530513763807535,479516738.64671725,24578690.16497285
2024-09-14,0.0540331122632238,488623023.310242,24375066.293482643
2024-09-15,0.0536807739148733,485100622.3575083,19297510.697161596
2024-09-16,0.051984469026865,469860079.0486824,19728174.24618091
2024-09-17,0.0510639750582461,462008544.8734765,25580203.528552976
2024-09-18,0.0520202864535557,472796196.26130986,22408161.883743875
2024-09-19,0.0536696794270097,486572748.936038,30391843.234189883
2024-09-20,0.0555739459725025,504529493.1036629,35415214.47462542
2024-09-21,0.0570583689653318,518414391.6819961,32959807.772547483
2024-09-22,0.0596120710313593,541616525.3409705,32909641.523668744
2024-09-23,0.0575621868001853,522899428.5747061,30476577.74564764
2024-09-24,0.0610700579565893,554583847.1753567,82211415.93045469
2024-09-25,0.06172801674964,561390357.4283988,39657134.71316734
2024-09-26,0.0664244017708895,603106224.9621316,190699175.0743045
2024-09-27,0.0692196845942449,629298021.6802607,115346461.065187
2024-09-28,0.0696197862500073,632542237.2155013,74633037.52996683
2024-09-29,0.0687686968161095,625352256.2777008,48334535.82715287
2024-09-30,0.0689945946012336,626695235.1034989,88284537.13135043
2024-10-01,0.0655402900598989,595870413.8106211,88402569.64255764
2024-10-02,0.0603744763991514,548965669.9591768,105611568.93671992
2024-10-03,0.0591031960564793,536655710.8092744,89882197.17640612
2024-10-04,0.0588403732485278,534605122.0375922,84907853.96847169
2024-10-05,0.0618281945113098,563754623.653337,61753859.449239545
2024-10-06,0.0623685561531551,568800704.4862958,66538997.84969524
2024-10-07,0.0637198938721286,581241712.445384,61708723.08248387
2024-10-08,0.067962425851674,619888185.6409755,101329022.4247168
2024-10-09,0.0657480714313985,600024005.4654733,149344253.04761037
2024-10-10,0.0710914819789784,646844000.7379204,464634441.0628867
2024-10-11,0.0690910572164591,630185483.6957024,354656189.3230756
2024-10-12,0.0699167889027073,637732230.9625262,178078667.93153846
2024-10-13,0.0695875729357198,634257674.731514,124468393.1960954
2024-10-14,0.0753083643008035,686632661.2614437,297809105.8584502
2024-10-15,0.0767511437204561,700445374.1440474,139135733.81576988
2024-10-16,0.0820190040814656,748713420.497711,305827608.21664274
2024-10-17,0.0766250511699438,699947147.3062681,150710563.87065414
2024-10-18,0.0756514317695507,690001924.2139714,156424790.92505032
2024-10-19,0.0760259686276518,693495571.1654767,87367211.98510924
2024-10-20,0.0742146471049782,676793561.0998523,79057629.75204358
2024-10-21,0.0742528896230149,677240790.3796188,91548358.14941126
2024-10-22,0.071998896917013,657147457.5245991,96024167.36324316
2024-10-23,0.0719753129912108,656025029.592747,114422746.8019606
2024-10-24,0.0689766844697981,629203807.7795324,100759320.32185788
2024-10-25,0.0676569534693209,617154880.5819137,94906108.51776318
2024-10-26,0.0609972443781251,555576202.0377446,97604362.3549696
2024-10-27,0.0618006865875383,563862318.1965572,67521872.97729361
2024-10-28,0.0618044566804842,563758970.3071507,83775592.61479634
2024-10-29,0.0626663519859281,571631487.8694144,130995700.50677216
2024-10-30,0.0633868505371175,579902979.0827328,179952560.47660825
2024-10-31,0.0631087838420662,576667301.7790164,161904166.3746722
2024-11-01,0.0589941926543765,538326366.1403003,114115764.98675992
2024-11-02,0.0588380175294311,536574081.05483264,110090401.44377092
2024-11-03,0.0579820119001717,528761161.76596135,89957254.4846676
2024-11-04,0.0554214009010077,505630852.8640159,91934071.17926352
2024-11-05,0.0542751677976318,495083543.9771098,129015758.26848418
2024-11-06,0.0568407416039444,518636356.55161977,110022175.3824063
2024-11-07,0.0618635718134982,564244572.1909945,130943996.78572243
2024-11-08,0.06250582338359,570383063.0314846,117943601.98258314
2024-11-09,0.061908793907636,564810423.2718897,104795007.48274525
2024-11-10,0.0638405664805195,584476827.5871961,96202108.90459354
2024-11-11,0.0667745996753522,608518089.0627137,192353901.60880065
2024-11-12,0.0715460178830608,653076184.1862727,222702512.21934032
2024-11-13,0.0683342545046522,622039262.8284129,249871094.9466996
2024-11-14,0.064772468311975,590803799.9564736,200945091.12146223
2024-11-15,0.0627814487757432,570679057.7373388,137355974.96390423
2024-11-16,0.067558677387649,616397945.646231,141616997.8774819
2024-11-17,0.0748358292159453,682563333.316451,207681366.99302223
2024-11-18,0.0690097658019546,629298849.862245,139962992.69816998
2024-11-19,0.0794007206192781,724160073.9121478,450829814.9118315
2024-11-20,0.0760467021960326,693407947.1608591,337090739.8426782
2024-11-21,0.0718567273730453,656064964.7512941,148745120.97942612
2024-11-22,0.0748016404888509,682376839.1948767,154630677.05287373
2024-11-23,0.0786139990049198,716562697.6614568,195633908.8392436
2024-11-24,0.0868238553660988,791346628.4924301,383060351.47076064
2024-11-25,0.0975156099101956,889628671.1471153,641236779.4150603
2024-11-26,0.0907839258500211,835660016.4725785,300256669.38988113
2024-11-27,0.0902324399841851,831012595.9890865,304722876.9222429
2024-11-28,0.0936684913388149,862769074.8087243,214737330.5686525
2024-11-29,0.0942673325419294,867447114.0862733,188329441.976765
2024-11-30,0.1026212694228206,947952678.4461088,241101059.2794465
2024-12-01,0.1036197678224515,953514441.051746,227937977.1131847
2024-12-02,0.1063881961331698,980448090.3101208,299388935.89701533
2024-12-03,0.1146416193844614,1055026594.2529768,405505953.765668
2024-12-04,0.121720296417484,1120653355.9871285,705923385.7985904
2024-12-05,0.1313152435124149,1208112915.5045395,729879837.2705997
2024-12-06,0.1312389745613294,1208289838.319334,581596970.6273652
2024-12-07,0.1306663379117862,1202345489.93606,300377914.9335407
2024-12-08,0.1293300010533686,1192589925.290672,207855386.4932156
2024-12-09,0.1322315354699646,1217339799.3793478,274300373.94758457
2024-12-10,0.1068365698423237,982891500.5805244,395078829.382441
2024-12-11,0.1021108782954074,939974911.7722868,311208338.64051414
2024-12-12,0.1191843717035894,1097305626.6042702,303365265.17910445
2024-12-13,0.1170167556999191,1076298069.43408,292897723.4224703
2024-12-14,0.1164950805863105,1072545884.7657508,200173767.4438894
2024-12-15,0.1103004021573205,1015402548.5418568,160204787.04331788
2024-12-16,0.1127886981226679,1039746453.5031393,139464548.56583983
2024-12-17,0.1087774851341887,1001492904.0013332,175543389.25730196
2024-12-18,0.1031521932247628,949952977.9507524,134146335.58030926
2024-12-19,0.0939069167788908,864188865.7929704,180370658.9556192
2024-12-20,0.0866691064785174,798022302.669876,197571443.863144
2024-12-21,0.089317950947314,822522909.9731201,186721918.1099851
2024-12-22,0.0832618869499564,765374737.640876,139775036.4251729
2024-12-23,0.084165638697415,776488676.3172714,105941366.00388956
2024-12-24,0.0902074484052816,830395750.8391181,114501035.80861118
2024-12-25,0.0944450809292517,867819165.9193484,264983537.97661677
2024-12-26,0.092129568415234,847991872.9762928,95305601.44319028
2024-12-27,0.0850761053857095,783124008.9077251,84545771.00480178
2024-12-28,0.0852773047687768,784037307.548977,90139743.42367892
2024-12-29,0.0887142965827798,816762448.7190427,71263644.67019947
2024-12-30,0.0839428380801358,772623672.1232146,74113837.33498622
2024-12-31,0.08393362604514,772171270.8144938,111345247.57966924
2025-01-01,0.0819377427244005,754526625.4645526,80120448.79109593
2025-01-02,0.0859995600545322,791945317.2816466,82754341.86696045
2025-01-03,0.0877404045123701,808112530.8413495,97237025.2715614
2025-01-04,0.0930323471475502,856472302.3921478,104256459.76866886
2025-01-05,0.0920215381866515,847369617.3829333,107985627.50119224
2025-01-06,0.0924774935755589,853408139.2685648,99407493.23940784
2025-01-07,0.0950964372896296,875314235.4202768,153199300.9441104
2025-01-08,0.0849695986556676,792583788.828266,124086392.16985495
2025-01-09,0.0825496796968592,770843735.6278129,134533141.5403668
2025-01-10,0.0824005842805556,764110787.0821501,143090845.4363726
2025-01-11,0.0838822732143221,782545431.5119026,106331650.2227499
2025-01-12,0.0835405705890466,779357665.9752445,94271553.59055108
2025-01-13,0.0809790609037789,754786013.4980959,86309502.21188758
2025-01-14,0.0789145854789277,737018998.2189643,102096678.44168907
2025-01-15,0.0811746876005513,758213624.683145,49815209.62879501
2025-01-16,0.0871815972117881,814351741.2151673,69892967.95496035
2025-01-17,0.0850575214593412,794897139.5916533,73597137.25715287
2025-01-18,0.0899219036839888,841279034.5474472,84437935.50854863
2025-01-19,0.0833489969819242,778984859.8255453,66826292.23201104
2025-01-20,0.0758292414582497,712752571.825887,110198835.54767248
2025-01-21,0.0761549355437548,712319075.3759955,119515656.47965872
2025-01-22,0.0779572836224691,728106652.594224,76490772.56639007
2025-01-23,0.0760185423499304,711940104.392879,44426438.38851865
2025-01-24,0.0755935966404093,707618426.4711453,62331798.603111
2025-01-25,0.0729677155828495,681980850.7759714,50795583.20618055
2025-01-26,0.0737771144728007,690981456.0739266,39855920.70416699
2025-01-27,0.0720290361971594,674677425.7631468,37419811.768949404
2025-01-28,0.0697077826527479,652700041.901196,83451616.77403374
2025-01-29,0.0640345004076163,599787020.7408373,51731900.75569655
2025-01-30,0.0654591501007631,613852958.3003949,60192707.283333786
2025-01-31,0.0724852835601101,679688249.6002858,65873937.05455339
2025-02-01,0.0718458051693128,673535968.4141839,65420261.50697504
2025-02-02,0.0663974203818824,623526352.8736042,64831846.44696331
2025-02-03,0.0575668051652661,539833436.7896223,119533066.16272476
2025-02-04,0.0624480237662758,586277889.1224508,217138726.25579745
2025-02-05,0.0583174043756118,546618171.8758912,104136316.17789815
2025-02-06,0.056447931558961,529683405.1499253,64209888.6899366
2025-02-07,0.0540541303209518,506275496.5874389,68068076.07028386
2025-02-08,0.0552914868017184,519254060.2992126,70023842.79417709
2025-02-09,0.058033691440726,545181565.1297816,57050220.24104173
2025-02-10,0.0580785499154007,545734856.7959936,68824847.95953102
2025-02-11,0.0593516540587473,557803508.6123908,72217984.40730916
2025-02-12,0.0581109927400211,546506195.2373788,66605272.367701486
2025-02-13,0.0640274227991397,601664990.1095623,92057090.64930366
2025-02-14,0.0607919045253772,571874831.0073924,55680254.72141373
2025-02-15,0.061870930937519,581823299.605963,90668153.2095489
2025-02-16,0.0589837027042638,554653154.3019454,46370539.57478169
2025-02-17,0.0595441015281511,560176970.3034366,52987857.44037377
2025-02-18,0.0600918652904695,565575101.748816,61888200.30154877
2025-02-19,0.0554484182374182,521958114.7314035,76811138.79935464
2025-02-20,0.0541194484090007,509852327.36040014,91687591.97907932
2025-02-21,0.0543472720411108,511931524.65478975,95167054.41624732
2025-02-22,0.0511195766614095,481782337.27799386,129987438.77664982
2025-02-23,0.0526950645514791,496904619.75572383,58702115.46824393
2025-02-24,0.0521759351479312,491765913.3075805,61143351.96648002
2025-02-25,0.0474570666648155,447503916.6887148,100130375.01413332
2025-02-26,0.0497508411106155,468865214.0080344,110628858.8014668
2025-02-27,0.0502496131909653,473999113.3613335,69855921.80670485
2025-02-28,0.0507765155956579,478915428.8643112,70657732.01013365
2025-03-01,0.0510817526906227,481929327.0038585,98372815.2378717
2025-03-02,0.0501799479199475,473072513.39259017,57761335.82535881
2025-03-03,0.0534945061751392,504677215.297836,96857063.51482706
2025-03-04,0.0466178456901648,441401631.9399481,119041899.8657494
2025-03-05,0.0478006177783462,451163786.18652445,110460203.50395076
2025-03-06,0.0489230127608268,462174405.43279153,61181989.967415065
2025-03-07,0.0477779515125542,451081301.576744,71545627.14993396
2025-03-08,0.0488410148071936,461632770.2346372,112992693.57817808
2025-03-09,0.0474666261837567,448429159.2256011,62194962.03411427
2025-03-10,0.0433203687577979,408065365.66789854,64040217.033250034
2025-03-11,0.0411283481223908,389214175.0823664,57645212.12938295
2025-03-12,0.0432517966366062,409056022.50165486,82832683.60043891
2025-03-13,0.0439786876961727,415823533.6553386,85049236.15472466
2025-03-14,0.0425596751194702,402875841.1008301,54645423.05151895
2025-03-15,0.0437859130432547,414526107.25956833,65453372.42144387
2025-03-16,0.0467493622843018,442541428.6916263,73507152.44367844
2025-03-17,0.0440158868592868,416435334.2394839,56014844.77441157
2025-03-18,0.045633046287014,432130875.0817344,39034752.32816382
2025-03-19,0.0457005767046767,432614861.8556643,45357035.31822374
2025-03-20,0.046779147096952,442999865.2811656,68291508.31048654
2025-03-21,0.0452070491605785,428453588.6879942,37713689.941875935
2025-03-22,0.044868675033241,425284266.6926236,45049458.49861755
2025-03-23,0.0456682868799046,432953164.2965029,33474216.466326587
2025-03-24,0.0454264540886143,430948234.0246335,41036976.00417199
2025-03-25,0.0476825700166274,452038542.6300476,50526750.93071365
2025-03-26,0.0483005144675463,458018857.61515135,45368969.75882028
2025-03-27,0.0476665657700009,452186465.1237485,49318762.40134322
2025-03-28,0.0474313624307274,449861799.9345979,71590993.71596463
2025-03-29,0.043566392630958,413557373.0976545,61363653.07129866
2025-03-30,0.0417968231086215,396079303.6855495,27808355.04118161
2025-03-31,0.0420227621261048,398937159.6778604,22976788.271863088
2025-04-01,0.0420781755936341,399628769.8117046,34230030.464618355
2025-04-02,0.0436730623556262,415194060.55440176,62071963.6779806
2025-04-03,0.0402378175543776,382402363.2656677,61967850.96354141
2025-04-04,0.040984568955813,389889048.5266803,39733900.04948552
2025-04-05,0.0420096304069861,399513967.0639015,52038744.41499038
2025-04-06,0.0416027356573403,394690997.9226834,24383080.237148408
2025-04-07,0.0377961973292576,358927815.66115063,33810987.622576505
2025-04-08,0.0385420165538015,367682871.8019306,78219259.55048175
2025-04-09,0.0358344102222152,340769969.534476,55253076.38411229
2025-04-10,0.0391762083699642,373288632.3278053,65259262.264779344
2025-04-11,0.0382522714650234,364311490.9472144,61102417.66479904
2025-04-12,0.0388590671479696,370143265.0633109,50121881.76070649
2025-04-13,0.0401685268711776,382675325.7240786,58059135.47016791
2025-04-14,0.0372359287751473,354735957.1825946,56476430.60511659
2025-04-15,0.0371344124714549,353995048.5511647,53926385.635810405
2025-04-16,0.036035576967487,343529246.0654633,70682393.47029763
2025-04-17,0.0354114619215457,337173737.8468562,96638872.01968925
2025-04-18,0.0353404580539041,336959949.74577874,37828003.93642992
2025-04-19,0.0366001637364198,349103608.86091214,71672541.99980481
2025-04-20,0.0376796864978852,359650524.0581337,53409457.916263886
2025-04-21,0.0376352779280087,359014855.81915927,41707585.25095119
2025-04-22,0.0373309957111204,356472824.5647815,52701068.57457164
2025-04-23,0.0405365566119648,386803462.05337113,72667737.30733396
2025-04-24,0.0411701161918594,392977214.4818257,76654474.3496443
2025-04-25,0.0414765940251938,396237025.26598537,56800052.01145927
2025-04-26,0.042310468909041,404284862.5041264,62921375.09721247
2025-04-27,0.0429350549813623,410216115.2799559,67669695.67033072
2025-04-28,0.0410453330650588,392350996.6351612,27054959.915176995
2025-04-29,0.042292048754885,404202125.1753394,32405019.915397696
2025-04-30,0.0406997948823187,389054199.6961772,43728494.68209166
2025-05-01,0.0411735614021965,393851847.15535766,33438458.86207698
2025-05-02,0.0425701805272014,407242396.00709903,28312489.7159553
2025-05-03,0.0424787665036335,406313145.3580339,25590517.65351924
2025-05-04,0.0404347081435007,387013353.23968256,27038913.044823647
2025-05-05,0.0391197860267303,374236666.3373615,41736319.74900476
2025-05-06,0.039363582721992,377039689.2971693,54563973.33262559
2025-05-07,0.0388962913087149,372193425.1831653,43025216.14212989
2025-05-08,0.0392783926943069,376318936.95851344,50547476.31561645
2025-05-09,0.0440767265615578,422219846.01501423,57486115.827833705
2025-05-10,0.0461631510882987,442414492.57469606,69690302.16845794
2025-05-11,0.0493690188857981,473324775.49235314,87450164.37659915
2025-05-12,0.0480517586639955,460847392.7310953,61224045.13492522
2025-05-13,0.0486471819692003,466627338.8302977,65737457.04097117
2025-05-14,0.0497699358322043,477545753.0660028,63855593.64027224
2025-05-15,0.0477659108234459,458280986.2171469,56043998.439362735
2025-05-16,0.0445460087239878,427343303.3142938,73054453.78557847
2025-05-17,0.0443691409086823,426248712.7482293,38338623.465483375
2025-05-18,0.042575387383157,408750779.0777845,32544639.66835848
2025-05-19,0.0446940893910967,428697290.6160744,36561302.98624562
2025-05-20,0.043618729360659,418951222.9761881,64055685.14153972
2025-05-21,0.0442868844936839,425012822.8659392,55246875.3990674
2025-05-22,0.0454630492545672,436875596.6091292,57691512.05159354
2025-05-23,0.0470925344979864,452368481.4101607,55962269.39681682
2025-05-24,0.0438724328175748,422048472.7613896,58627497.85244264
2025-05-25,0.0434283752168724,417633236.11827385,33227378.24094005
2025-05-26,0.0435607418246459,418981018.9054313,33649391.96870031
2025-05-27,0.0433358774459814,416853237.3909504,31952364.047862567
2025-05-28,0.0440139843176142,423459889.8351588,27746742.48695798
2025-05-29,0.0439719164041535,423232793.43525,39780979.53105313
2025-05-30,0.0424930037860943,409079961.0528722,33307923.45849609
2025-05-31,0.0382602014807085,368394568.3784241,61046408.11239475
2025-06-01,0.0389993906339193,375666342.3986829,35390804.86263667
2025-06-02,0.0395732326736061,381257353.44497424,20097243.77176415
2025-06-03,0.0402700948958882,388014775.4040495,31964703.31411233
2025-06-04,0.0399550052949689,385067305.1906848,35751794.70189752
2025-06-05,0.0390276600962787,376157374.2949889,29065435.65025589
2025-06-06,0.0367979994899991,354787588.1171306,46148698.0930442
2025-06-07,0.0372309919306434,359051197.7705302,30192549.06446915
2025-06-08,0.0380471477972492,366913463.9344093,34787151.46962011
2025-06-09,0.0381294334432227,368121167.7640324,23207858.818976395
2025-06-10,0.0395907233311946,381957279.3621001,48426320.0931712
2025-06-11,0.0405594294008393,391427508.26099855,59775887.90944552
2025-06-12,0.0393375966606754,379774771.2949743,34676564.45768433
2025-06-13,0.0373257489840981,360525308.2940384,41483331.26053897
2025-06-14,0.0365350704704633,352962211.8409465,48549808.27600137
2025-06-15,0.0363709050843245,351484723.41285414,19108833.752337232
2025-06-16,0.0362623169481889,350607811.51428986,18143209.75649132
2025-06-17,0.0368520598980893,356680376.3822162,27146900.7879196
2025-06-18,0.0353516647028741,341741354.89134467,35166629.48970278
2025-06-19,0.0352650372568842,340984075.2359031,26530661.302379683
2025-06-20,0.0351170507142662,339676971.8661895,15740377.125487298
2025-06-21,0.0343141679038498,331999407.68728745,20919673.134454053
2025-06-22,0.0325591825397714,315215089.583435,51433453.61994093
2025-06-23,0.0322213082682847,311826215.9654401,40317360.68526452
2025-06-24,0.0351333620242437,340285674.5508979,43755601.04487743
2025-06-25,0.035617057517622,344407990.96348166,22840375.89393065
2025-06-26,0.0357530382647678,346103734.8028538,28298769.736194886
2025-06-27,0.0340549736697306,329783825.2089194,49441231.555682674
2025-06-28,0.0346688409914288,335669818.9974436,34358114.16727263
2025-06-29,0.0353362256432496,342334720.1095508,13446167.268475158
2025-06-30,0.0366171433673912,354711073.45965195,37110295.28334415
2025-07-01,0.0352181325287427,341419448.71892744,21354472.50175936
2025-07-02,0.0338856487992658,328520432.9244397,24689855.51437225
2025-07-03,0.0364713120980696,353642123.7371563,31776267.05938907
2025-07-04,0.0366312174453107,355300449.80439067,29356436.724107224
2025-07-05,0.0348818379904671,338227290.5043184,54051114.35624925
2025-07-06,0.0350572287131962,340208430.29215086,25384640.03417076
2025-07-07,0.0356595150214584,345932074.7807953,26491069.101045337
2025-07-08,0.0351592662251993,341070343.38689864,29426586.417009525
2025-07-09,0.035827940191785,347714131.5724093,16362743.828406315
2025-07-10,0.0377557272075833,366709953.2142118,41243596.37473637
2025-07-11,0.0398649953843811,387129865.5853866,65830054.49443612
2025-07-12,0.0398942363218435,387275235.6953495,37868545.36899496
2025-07-13,0.0397481327271093,386066307.8577728,52816919.32742188
2025-07-14,0.0407504993606484,395768073.0788506,25144962.738652945
2025-07-15,0.0403177469325047,391811506.2939186,57548682.89823045
2025-07-16,0.0412720567494796,401520719.8034814,32158812.412384693
2025-07-17,0.0421453836220753,410187751.96692,36539682.92976752
2025-07-18,0.042753746229001,415919157.9965575,41098615.42238508
2025-07-19,0.0423717338682429,411216128.6607021,50413447.265954524
2025-07-20,0.0437468637062429,425587595.5444928,38979057.04499786
2025-07-21,0.0455286098520339,443536810.63757175,44017426.67489528
2025-07-22,0.0463271136676943,451221428.4216526,63929789.61705095
2025-07-23,0.046217071623844,449494375.0271616,45275980.53526958
2025-07-24,0.0421606857949861,410771559.94978446,48052185.943628125
2025-07-25,0.0415109507808331,404093816.0403597,41004046.42825352
2025-07-26,0.0423110847384609,412141789.6551023,44355504.4128598
2025-07-27,0.0425738163985805,414919451.05376446,35792468.106714696
2025-07-28,0.0442841108407742,430767393.82537,49839177.40834404
2025-07-29,0.041203285423032,401482668.22159255,87052028.37919262
2025-07-30,0.0411558227983971,400872503.92214376,54357117.27701597
2025-07-31,0.0406008358756531,395855573.0056111,46538545.36949384
2025-08-01,0.0386540085630828,376914351.7304163,58247396.224953584
2025-08-02,0.0378261712095902,368952109.7607101,63175393.24109846
2025-08-03,0.0371124571584484,362421583.5143585,29197210.849058203
2025-08-04,0.0382585010495933,373227978.18628895,33156321.65161596
2025-08-05,0.0399648486884136,389986470.31640863,27288854.88450636
2025-08-06,0.0386224070774223,376989810.0370724,36552537.04950559
2025-08-07,0.0394285959673049,384926040.0214662,31716524.43964447
2025-08-08,0.0408193455348162,398519901.4721333,25562834.9092227
2025-08-09,0.0422476947848886,412654686.68134207,53247445.50513888
2025-08-10,0.0433797081869335,423618720.1135244,39930029.390418135
2025-08-11,0.0430324698377809,420323299.9399172,36035099.182498366
2025-08-12,0.0409562496728746,400231893.5485652,46563865.11587241
2025-08-13,0.0431043877875424,421320545.2743172,50046058.88124816
2025-08-14,0.0444624065100128,434502156.5506974,54929396.89558655
2025-08-15,0.0402371027697941,393427018.7526232,56877995.57449036
2025-08-16,0.0400264277011157,391309008.2525573,50425665.837913305
2025-08-17,0.0417249679377255,408126951.8306211,30990571.3512184
2025-08-18,0.0413580558458516,404628676.6608493,27687561.47151303
2025-08-19,0.0399636735578062,390959359.70956993,41099126.059592016
2025-08-20,0.0387275835440362,379072221.508221,36243912.30387792
2025-08-21,0.0402551369402522,394075131.64974594,24065636.83808452
2025-08-22,0.0395196384951573,386540541.3099626,34782749.286647566
2025-08-23,0.0424728438882106,415864320.8747007,46514169.57207224
2025-08-24,0.0416899048044693,408203060.7958376,35465174.20455312
2025-08-25,0.0407283093166185,399195855.7381419,36614087.87807397
2025-08-26,0.0382862597508375,375140641.5893816,59901205.75643954
2025-08-27,0.0396701142896971,388662999.7505807,25325991.78994181
2025-08-28,0.0393724920961277,386133708.6214036,22963992.575279653
2025-08-29,0.0409493681736152,401289200.137077,23463780.61189848
2025-08-30,0.0390598676062348,383041509.146128,36937806.0270532
2025-08-31,0.039441641901616,386773962.4787601,23406403.72224061
2025-09-01,0.0399488480539185,391897090.44751006,52172362.87759423
2025-09-02,0.0387622897842708,380412433.2817711,34423916.12162826
2025-09-03,0.0393100668936138,385780331.74883866,21772357.52096508
2025-09-04,0.0397250712343474,389924464.6181476,19275534.906321246
2025-09-05,0.0386535400206616,379543842.1896217,22857016.517390985
2025-09-06,0.0395078178712297,388016838.21527314,30450131.77815423
2025-09-07,0.0390670069281295,383718379.88091487,11643527.031664336
2025-09-08,0.0400543560197464,393744761.1394746,18500004.682395067
2025-09-09,0.0415861174989511,408588471.403653,61488554.60821264
2025-09-10,0.0422377218755961,421428792.3752923,74651699.05564414
2025-09-11,0.0421639034720947,420568094.368833,38256970.13899647
2025-09-12,0.0423310405216666,422289866.402483,44318239.860069536
2025-09-13,0.0434703488485793,434131236.8895784,75202830.02951986
2025-09-14,0.0440802218418362,439838674.8946061,62211753.5193205
2025-09-15,0.0422453361699656,421331119.0012307,28961620.945567045
2025-09-16,0.0407545345814961,406899841.04210347,54317877.34267485
2025-09-17,0.0417615759597457,417183105.48819816,36894853.8232674
2025-09-18,0.0429425918902584,428720112.9857096,32823514.349360418
2025-09-19,0.0436619036951875,436271095.4969448,41758869.912142664
2025-09-20,0.0418828869342324,418499926.2268254,44089032.235146046
2025-09-21,0.0423963281672408,423914453.01126385,29677404.9620995
2025-09-22,0.0420302607766165,420354402.2450494,33668064.62798704
2025-09-23,0.039280914441816,392913380.6175016,46183410.96738726
2025-09-24,0.0395326188088016,395513099.9442121,71380789.75646234
2025-09-25,0.0398148100840398,398179020.0894342,78881945.85095708
2025-09-26,0.0380533982142825,380738779.5175582,46411592.77618787
2025-09-27,0.0396269777208896,396388636.95081335,35494424.91792152
2025-09-28,0.0389282926247994,389826975.884025,33043967.766653355
2025-09-29,0.0399967082681146,400442365.2853551,20498451.332355335
2025-09-30,0.0400009255644699,401103884.9575243,29153415.383337032
2025-10-01,0.040298951206806,403363934.5287627,55005802.513539486
2025-10-02,0.0445385852223345,446164593.4262545,114712707.78109986
2025-10-03,0.0456727894893675,457037076.7803025,93347885.82762584
2025-10-04,0.045427367967267,455344187.9469272,80925116.17692238
2025-10-05,0.0442893488050972,443717089.9085708,47684807.11766124
2025-10-06,0.0436865056548128,438373351.3214496,32939600.779386926
2025-10-07,0.0442908945229756,443907794.763245,45001556.36499299
2025-10-08,0.0417389766328792,417933800.8273013,40397949.88531697
2025-10-09,0.0425125817991362,426227960.4704064,70342345.68610041
2025-10-10,0.0413723852439278,415007200.7814942,51091305.24413353
2025-10-11,0.0311195874605824,314505735.6333154,139004867.27217022
2025-10-12,0.0317721484058827,319028483.64089125,97323442.7551154
2025-10-13,0.0350581340967086,351481894.4365931,32041560.88563335
2025-10-14,0.036680333289398,368494012.8830651,60809833.20284729
2025-10-15,0.0357496824403004,359412101.0140427,109772564.9225258
2025-10-16,0.0343588148323701,345336806.21222806,84579296.26261273
2025-10-17,0.0332934216212692,334366113.40079445,48513941.40281818
2025-10-18,0.0328245984270503,329942096.87961876,41015888.1018138
2025-10-19,0.0326202149301574,327942936.2022288,35672573.58580668
2025-10-20,0.0330959275730583,332530757.21982294,18666955.40545394
2025-10-21,0.0332594769452693,334418362.92746145,24225953.32568224
2025-10-22,0.0320557982842285,322806399.50445163,35229763.228539154
2025-10-23,0.0315274502334671,316891417.57327694,34899921.36911447
2025-10-24,0.0319360770300255,321210046.5380278,17148199.273889635
2025-10-25,0.0325458595900936,327455241.781488,33818484.98555124
2025-10-26,0.03258710635069,328113813.28145355,19173374.334505007
2025-10-27,0.033442847622335,336985718.194277,17210320.421275187
2025-10-28,0.0326796382611752,328982579.879134,27768171.93713098
2025-10-29,0.0319774181012817,321863122.56464696,27713047.190752372
2025-10-30,0.0319835025963503,321963719.7198939,28853293.49172796
2025-10-31,0.030593837068447,307631881.3563311,52412502.42581006
2025-11-01,0.0308483397225192,310930299.20084894,51026823.59322672
2025-11-02,0.0314557656171281,316841884.3961527,21480871.66341964
2025-11-03,0.0319296267972594,321690088.1949997,18556006.702459935
2025-11-04,0.0287812684485899,290287257.68221766,32358816.953949023
2025-11-05,0.0280992815621581,283180967.281629,42871842.308031805
2025-11-06,0.0292800240338939,295384962.3535046,23043245.873634923
2025-11-07,0.0296532020516329,298995955.67610496,42381750.122079
2025-11-08,0.0344350025991948,347882383.29943943,76628950.22737837
2025-11-09,0.0342014879736481,345140967.8348518,58960150.284092136
2025-11-10,0.0339130491331396,342207881.7874264,25415688.651792176
2025-11-11,0.0342700746362978,346097836.3738778,26367715.154347766
2025-11-12,0.0326980279601018,330000478.701144,24515154.305337746
2025-11-13,0.0323933673664833,327101095.9781447,40234921.65769615
2025-11-14,0.0317166781311445,320712465.4286171,29288892.77431617
2025-11-15,0.0310696798658707,314292908.7292032,61277988.85351488
2025-11-16,0.0314519453366144,317728093.85289073,35444755.70740641
2025-11-17,0.0306368056129991,309997061.43335754,29191232.579813503
2025-11-18,0.0300049288460702,302917170.19130594,29543247.208285693
2025-11-19,0.030850831989517,312057073.85979897,40747087.74331286
2025-11-20,0.029722708305325,300423128.7727331,54581862.12682542
2025-11-21,0.0285606307553725,289336162.247155,44946055.70432333
2025-11-22,0.0278427598667562,281509032.19128007,60808321.817485325
2025-11-23,0.027899632020751,282226993.2652564,47665912.234940946
2025-11-24,0.0277797135251019,281208667.6087506,30132869.601387836
2025-11-25,0.0288126283912701,291742217.5475496,53012808.024936795
2025-11-26,0.0292322091006242,296165355.68251264,25580432.09311626
2025-11-27,0.0292135187069773,295729797.3804528,22617582.93579222
2025-11-28,0.0294158231059757,297865152.1105313,21087102.65145543
2025-11-29,0.0305540544688037,309382512.9350479,68795019.55460012
2025-11-30,0.030692096835843,310978578.6308088,58646019.58886028
2025-12-01,0.0302638162442744,306704456.6622119,34798100.99605722
2025-12-02,0.0287288202236328,291226311.9998034,44301828.034027345
2025-12-03,0.03021198127853,306167859.2334284,28764463.465224847
2025-12-04,0.0310297340330842,314652803.415576,25815287.24754536
2025-12-05,0.030195724232661,306156587.34797204,24143264.524269007
2025-12-06,0.0295760444587363,299995853.7448785,50075954.79239451
2025-12-07,0.0318316730251835,322897157.192733,87602375.78160076
2025-12-08,0.0307612869337655,312204535.26232594,60163863.1199786
2025-12-09,0.0316599395541762,321176718.9348793,49639712.05510785
2025-12-10,0.033075326363622,335730307.06002825,85651402.0583341
2025-12-11,0.0322902789174494,328041236.17570406,32238521.901034605
2025-12-12,0.03311725683057,336645675.4348684,84842563.1516058
2025-12-13,0.0335629998391669,340907831.136646,80032929.23642792
2025-12-14,0.0335871081682791,341584901.13339853,45915576.23075076
2025-12-15,0.0321118838935085,326152815.614847,34554461.27986187
2025-12-16,0.0306867458701947,311843236.89316446,40248664.31605175
2025-12-17,0.0303959287760583,308621993.51905346,32223298.094973233
2025-12-18,0.0291063898587265,295831217.8073097,27161555.93731576
2025-12-19,0.0287380624414952,292200479.3891031,42346395.09640979
2025-12-20,0.0358933681225364,364953050.05922115,190279722.33591333
2025-12-21,0.0368325139222764,374947028.1474105,185966560.251372
2025-12-22,0.0362180870122388,367653664.239463,138060665.2769092
2025-12-23,0.0359423341746237,365106578.1126376,88386749.96374339
2025-12-24,0.0345370313961719,351403870.2934842,56356520.00563702
2025-12-25,0.0349180803683728,355380264.2759383,65297792.7809568
2025-12-26,0.0339122558588826,345048448.90315044,42411528.964726865
2025-12-27,0.0362175336288941,369043354.9676814,74158501.34429717
2025-12-28,0.0364243351560654,370759972.85030746,40113926.67615282
2025-12-29,0.0361646096119316,368357419.8178597,61517857.73523416
2025-12-30,0.0369044112056265,375850758.5276717,94156273.367625
2025-12-31,0.0396700845805864,403918411.711215,68435718.9814305
2026-01-01,0.0424294458291869,432396310.1394312,306864830.8780766
2026-01-02,0.0412348190562719,421184825.0060949,85366415.67494644
2026-01-03,0.043822629891785,446655471.295652,192019656.23338836
2026-01-04,0.0454994058896932,463942417.7285316,107454253.02225684
2026-01-05,0.0446757041776308,455707486.52567947,64614505.86098591
2026-01-06,0.0457050184409431,466072933.89404106,87410133.0113694
2026-01-07,0.0440845488484448,449795546.90253854,99708169.5144723
2026-01-08,0.0433222662977018,442285100.0914365,58137517.29709123
2026-01-09,0.0444164138349961,453624314.00268215,97429916.27492382
2026-01-10,0.0447094996009223,456239323.886474,51871337.01762716
