date,prices,market_caps,total_volumes
2019-01-02,0.0213319677654782,0.0,1990474.8282045708
2019-01-03,0.021255385095168,0.0,1968805.3797264416
2019-01-04,0.0212993777594366,0.0,2399313.371539494
2019-01-05,0.0214616949840386,0.0,2393237.7836393607
2019-01-06,0.0186540732828943,0.0,1833582.717193276
2019-01-07,0.0173006411848174,0.0,1311572.6170972516
2019-01-08,0.0217238096693261,0.0,1911719.3836276687
2019-01-09,0.0195185426154847,0.0,768092.1231454483
2019-01-10,0.0193475143133353,0.0,1134793.0751595632
2019-01-11,0.0174598387547458,0.0,1043011.1129043708
2019-01-12,0.0175232938823936,0.0,265071.8035218652
2019-01-13,0.0172535009197166,0.0,209947.87936209489
2019-01-14,0.016279078914595,0.0,821321.3309851757
2019-01-15,0.0156449948734423,0.0,3197029.6837309585
2019-01-16,0.0151906648085606,0.0,4813194.343168311
2019-01-17,0.0148807344172376,0.0,1395052.6525035803
2019-01-18,0.0151229858294983,0.0,1064086.1493499794
2019-01-19,0.0146796917408767,0.0,1046505.745933192
2019-01-20,0.0147257056568182,0.0,642334.1077364933
2019-01-21,0.0142194526810149,0.0,1138460.3033430837
2019-01-22,0.0137465815789611,0.0,641519.40475864
2019-01-23,0.0133192710924043,0.0,596699.1161291708
2019-01-24,0.0133029870141412,0.0,899554.8440874332
2019-01-25,0.013055326843673,0.0,791487.1564253942
2019-01-26,0.0132826794214482,0.0,1118802.4389129288
2019-01-27,0.0137343885774846,0.0,830122.0563816458
2019-01-28,0.0136148093464537,0.0,749662.4660555022
2019-01-29,0.0123291812844504,0.0,589932.584105402
2019-01-30,0.0127667768959585,0.0,605619.4036962216
2019-01-31,0.0132366096091516,0.0,991531.2152165244
2019-02-01,0.0130720615915754,0.0,523770.7469471884
2019-02-02,0.0125259894982924,0.0,1089780.134518406
2019-02-03,0.0125716266740934,0.0,781480.191319403
2019-02-04,0.0127577130587077,0.0,804997.7357140059
2019-02-05,0.0125491814365242,0.0,1120282.8205051103
2019-02-06,0.0124741945404743,0.0,1172415.4535399664
2019-02-07,0.0122644257811184,0.0,1060042.59660595
2019-02-08,0.0121195976696209,0.0,1073152.498254025
2019-02-09,0.0130086019858603,0.0,913097.2858297458
2019-02-10,0.0129679448615464,0.0,696352.8520664526
2019-02-11,0.0128537432390219,0.0,1357109.7201924983
2019-02-12,0.0125847062583861,0.0,1172026.966085305
2019-02-13,0.012505763874771,0.0,1060166.7207977718
2019-02-14,0.0123630843189399,0.0,1031802.3738993952
2019-02-15,0.0123293838844043,0.0,569721.4259950593
2019-02-16,0.0124832117011689,0.0,1307045.642930891
2019-02-17,0.0124149521983219,0.0,1202126.9244274118
2019-02-18,0.0124871837765579,0.0,1229612.8000810323
2019-02-19,0.0130188100948639,0.0,1544417.5231356006
2019-02-20,0.0130648603647878,0.0,899305.3580965975
2019-02-21,0.0133013529003834,0.0,1027509.4086219328
2019-02-22,0.0130206976618238,0.0,719251.1919389658
2019-02-23,0.0129798124145994,0.0,964057.1757719946
2019-02-24,0.0129994176713812,0.0,1428650.3962120214
2019-02-25,0.0124130413127307,0.0,1456465.3136580817
2019-02-26,0.0126490919780271,0.0,1256368.5847235247
2019-02-27,0.0127766951463373,0.0,1120525.6324175757
2019-02-28,0.0125025201986697,0.0,1332320.8885722952
2019-03-01,0.0126293627436387,0.0,1149353.960423895
2019-03-02,0.0125615711086374,0.0,681596.1507865606
2019-03-03,0.0125074132549134,0.0,466265.9399756022
2019-03-04,0.012610720068372,0.0,581454.9047397269
2019-03-05,0.0124520104815485,0.0,475320.2778640165
2019-03-06,0.0131867337792622,0.0,853239.6087377246
2019-03-07,0.013116344886104,0.0,696214.9470319981
2019-03-08,0.0141644649612185,0.0,840799.47612274
2019-03-09,0.0191504835594384,0.0,205687.99154432592
2019-03-10,0.0206905592446163,0.0,78527.08715152837
2019-03-11,0.0207957843129792,0.0,41754.3240782895
2019-03-12,0.0238595850931802,0.0,49243.41418932055
2019-03-13,0.0531684514636142,0.0,339888.75014700176
2019-03-14,0.0574672186194855,0.0,160242.27818979722
2019-03-15,0.059454946612624,0.0,84164.22515199607
2019-03-16,0.1029156666317465,0.0,17200871.821341228
2019-03-17,0.0839344239551931,336514727.3713772,5337176.553925723
2019-03-18,0.0671377441937468,271011992.05063164,29240975.966442887
2019-03-19,0.0681829230228441,277090417.7640699,1950970.286346781
2019-03-20,0.0720719662423676,294786456.4942623,558975.4168978492
2019-03-21,0.0713176826928054,293723201.340368,511072.3467715269
2019-03-22,0.0675803297243699,279651733.45952994,202983.06496761588
2019-03-23,0.0672029037635607,280473534.6907638,183010.2423443113
2019-03-24,0.0668714004498455,280920951.6614518,149255.6090282966
2019-03-25,0.0636476837214463,269124430.5270772,92850.69305036867
2019-03-26,0.0535843118460603,228045416.6490519,565233.7163391997
2019-03-27,0.0497616509493413,213141126.9558373,226234.85533964587
2019-03-28,0.0539953523290681,232743037.03368863,266372.10131533653
2019-03-29,0.0490103902009888,212600127.74574676,196082.2075454152
2019-03-30,0.0466632602698729,203834619.6250908,247650.37603519845
2019-03-31,0.0467234792059457,205867822.69544488,164014.2040170265
2019-04-01,0.0443303342643617,195952403.9354327,168056.84063762092
2019-04-02,0.0441594485059162,196384312.4216376,285195.77025136404
2019-04-03,0.0500895327002317,225152781.64519784,542557.4386812239
2019-04-04,0.0475288355098183,214566840.74229547,354523.0361867898
2019-04-05,0.0458033912803723,207565101.10476288,294721.94849644566
2019-04-06,0.0500824417452749,228131263.3201984,872487.9626558883
2019-04-07,0.0480702769968966,220422120.86859465,177580.2949006564
2019-04-08,0.0533093706272651,244979478.68404785,229442.19750484312
2019-04-09,0.0566159212522473,260851914.2639452,398496.9967089885
2019-04-10,0.0553164130033921,254967065.29545516,291970.4901660682
2019-04-11,0.0696831571428484,327110483.94531554,1732579.3908093818
2019-04-12,0.0858777059670577,406174674.6230254,2790609.26845826
2019-04-13,0.0779086815156323,370251453.35138327,2697594.462048109
2019-04-14,0.0846052713189457,404005603.4978378,2367200.0340777747
2019-04-15,0.0838168125688302,417040392.7816026,986213.5982473524
2019-04-16,0.0784540699247584,393061837.93869656,712392.5286007874
2019-04-17,0.0851580036274985,427626676.7619976,981333.2106937956
2019-04-18,0.0842560150826924,425512517.3997535,664962.2652786755
2019-04-19,0.0855276685087891,434371784.49459887,669926.5247989211
2019-04-20,0.0837754262444257,427083335.174052,475232.17970757687
2019-04-21,0.086115381888604,442064999.7535959,684951.9267885642
2019-04-22,0.0830792017620551,426431733.2384287,603511.364576396
2019-04-23,0.0814545758012387,420709570.53784615,552843.6037866717
2019-04-24,0.0775742693651653,405318249.9617822,560322.6016823809
2019-04-25,0.0700367526528516,366829022.6337531,471078.8281598143
2019-04-26,0.0737991856620709,387293545.3832859,393668.2708399008
2019-04-27,0.0712231565979126,372266134.8019584,472529.2183531921
2019-04-28,0.0738597471615904,393071718.9551722,307062.5007507256
2019-04-29,0.0726754456176007,388711305.0971761,283452.138215209
2019-04-30,0.073480898289101,395752532.9485104,477154.5927354676
2019-05-01,0.0725161776852261,391724409.6784601,323241.36097287835
2019-05-02,0.0727037231465101,395463161.230141,340314.5059015382
2019-05-03,0.0727160032128281,397165385.1094345,761256.8770148351
2019-05-04,0.0765482483085392,420354843.1388825,1007642.9382886088
2019-05-05,0.0727991972849494,401879020.1143339,1040452.0716590956
2019-05-06,0.0721847323244173,400635544.299454,555030.8279966292
2019-05-07,0.0693834835598921,387379471.5964007,191203.77931489155
2019-05-08,0.0702293919269396,395415869.11704487,2127262.53790411
2019-05-09,0.0712759325630046,400852436.12700224,3030050.412224268
2019-05-10,0.0695405545031457,393278747.7286192,1520949.07074651
2019-05-11,0.0665417214552761,378223096.6912305,1345560.532004798
2019-05-12,0.0679098460440836,389954481.0057706,1359974.630286535
2019-05-13,0.0636666992289956,364683056.6210272,1470993.5618370518
2019-05-14,0.0671558422034915,386702092.1312678,1417622.0159977593
2019-05-15,0.066003924750088,382402452.7336895,1738272.664491883
2019-05-16,0.0692214555457494,403215138.6576338,2336569.902858868
2019-05-17,0.0650391048481954,379859928.3190154,1102413.0336160597
2019-05-18,0.0743384153804661,436464419.6913657,956098.2961622808
2019-05-19,0.0693287806480828,409803595.7650833,1916286.8164398
2019-05-20,0.066942287442762,396977127.72384095,1969795.815825628
2019-05-21,0.0675856119546992,402409633.8493144,2604700.8051568926
2019-05-22,0.0658503998806474,394535351.01078486,4122271.061876448
2019-05-23,0.06390538058587,384391137.8184257,3004054.1965391496
2019-05-24,0.0665853884772836,402933453.4433215,3656324.229600933
2019-05-25,0.0650012234142821,393917497.2889612,1263258.0533996888
2019-05-26,0.0663241655766937,403939454.7852605,3199975.158289674
2019-05-27,0.0710174502198039,434497423.5963534,1129491.1773990288
2019-05-28,0.0689319215242079,423833390.6909375,13971526.111000584
2019-05-29,0.0677492241786783,418125951.87730896,10988718.76678474
2019-05-30,0.0700960526835006,434833849.8034883,17007339.83834335
2019-05-31,0.0678169634680528,434090834.8896867,21169386.330300502
2019-06-01,0.0708058492377711,463702614.1313712,23435302.18270588
2019-06-02,0.0732879863023585,472700097.3089512,17165286.449584905
2019-06-03,0.0778571607328128,517429950.3258192,19767282.32756102
2019-06-04,0.0764639595470527,510684593.98052776,19483645.432892576
2019-06-05,0.0645867669870791,433164994.9067162,24922819.592590727
2019-06-06,0.065838165261997,443255150.8715157,13629763.601123836
2019-06-07,0.0652658591991864,441185860.39406925,10417127.27487612
2019-06-08,0.0649383852562991,440800939.3372443,12201938.35009053
2019-06-09,0.0638379093236816,437775115.0591912,8603501.050408343
2019-06-10,0.0623349904908116,424967111.3634998,6359581.983595521
2019-06-11,0.0661404852764331,453222323.0424105,6899051.171125671
2019-06-12,0.0672461100435361,461627281.99610186,5191441.270153955
2019-06-13,0.0673353661909525,464940994.0789967,4552328.675085394
2019-06-14,0.0682583642307343,474012764.5164071,4230132.041682362
2019-06-15,0.0782646610185327,546739255.4302504,17967952.199932363
2019-06-16,0.0771227939866985,539877146.1258516,4837667.925333159
2019-06-17,0.0671619232179133,472889663.18771136,3203717.8756944938
2019-06-18,0.0666268712081528,469726363.14972425,3288528.6582190106
2019-06-19,0.0674673405405667,476726041.73839617,9800766.50121755
2019-06-20,0.0652288271191149,462764456.7115477,6443500.014389358
2019-06-21,0.0644397633553524,460198650.1458483,4100025.885858428
2019-06-22,0.0597065934256103,427824870.34893167,7743806.904377829
2019-06-23,0.0574574059057956,413765934.05744094,3675563.316571242
2019-06-24,0.0596386164538596,430646411.1492268,3605191.27105531
2019-06-25,0.0577937924889682,418130879.7258216,5494769.284072112
2019-06-26,0.0746640866491851,542419555.6303526,6209112.479188263
2019-06-27,0.0707335457302352,513606423.5399903,6657482.718337905
2019-06-28,0.0606463913310787,441572741.6775341,4836493.061240234
2019-06-29,0.0620473708209311,450741267.5543739,8489672.672504837
2019-06-30,0.0639781487335643,472679532.1534968,7885083.676718428
2019-07-01,0.0615338072546341,452834851.75865793,6704388.6982303625
2019-07-02,0.0562517380056233,427092579.0555092,6157037.969679966
2019-07-03,0.0560287485718459,417750050.562813,5585734.0216259
2019-07-04,0.0677277179185999,508490389.6302859,7134759.0013715
2019-07-05,0.0717761460964085,538641890.7551129,4484224.556475978
2019-07-06,0.0715801331466661,553956436.4926169,4933547.568056985
2019-07-07,0.072901931244685,561986601.3654301,5004477.483564795
2019-07-08,0.0740398475216244,573257399.2710654,5297166.599022205
2019-07-09,0.0806480038987025,629153822.7008376,5001066.464068639
2019-07-10,0.0809718754665361,633835864.0410688,4206372.923809694
2019-07-11,0.0922026597447657,715747226.5828474,7666043.392807996
2019-07-12,0.1041149186410059,817558453.3134232,16135702.698838104
2019-07-13,0.0899883070002325,710862290.9397573,61798789.24112016
2019-07-14,0.0814640877321224,646047006.9662135,10774245.790925154
2019-07-15,0.0725789697716124,572633715.0040603,12106116.490267975
2019-07-16,0.0693689371179337,555086089.7067215,9217443.040792596
2019-07-17,0.0548107162109345,439589475.456879,6607955.441179366
2019-07-18,0.0514941982563264,412933795.0651735,5123425.396144998
2019-07-19,0.0618535623887422,502424383.3307495,4551397.676774218
2019-07-20,0.0560191386407664,454134126.1921295,4296592.100548966
2019-07-21,0.0561391565064065,454800250.5224662,3256635.040686199
2019-07-22,0.0545527563593016,445394800.8213902,3493800.646562008
2019-07-23,0.065148047995144,532694532.0365506,8738970.611964926
2019-07-24,0.0709820418335065,581282429.845481,13127186.22318589
2019-07-25,0.062449557346502,514660109.6999125,14051102.14328982
2019-07-26,0.059335028785725,491329153.0919689,44101627.27846226
2019-07-27,0.0630538535409451,522794494.6483392,39267483.87176316
2019-07-28,0.0576619845276491,479450145.77261525,6320877.786637821
2019-07-29,0.0568701069879755,475195432.7966845,5316383.655226765
2019-07-30,0.0544573838246168,455743354.2545041,3572096.188681823
2019-07-31,0.0582530862346037,489432718.5559681,11185806.404385673
2019-08-01,0.0585068622269621,494218757.23547214,4654800.485489837
2019-08-02,0.0570384097393775,481077062.9623552,4655013.274580829
2019-08-03,0.0555480554529178,469109569.14991593,3618688.092018971
2019-08-04,0.0558722820630219,471002374.4814799,3335787.26987066
2019-08-05,0.0565108138748296,482537196.7317922,3702435.251533052
2019-08-06,0.0546487307282114,468225745.4932417,6820609.131350017
2019-08-07,0.0518362274629178,443413114.775309,7509213.746450362
2019-08-08,0.0471655504999962,405648804.3528423,12323436.189078031
2019-08-09,0.0469959312919654,408217801.8643674,12325153.628575254
2019-08-10,0.0514788994036982,446936876.40380025,20405536.87974573
2019-08-11,0.0514397006438798,446480838.9865794,19714616.780952096
2019-08-12,0.0492617577447228,431239202.3940987,14968409.128243065
2019-08-13,0.0475241123299073,423986749.0138853,11365977.02054434
2019-08-14,0.0472556609416182,423035266.100651,11752885.89514624
2019-08-15,0.0470001017833821,421397357.6780826,23868493.72290976
2019-08-16,0.0467293810470913,411746187.5133914,12790641.448036011
2019-08-17,0.0441405790140896,398627114.0124662,11441248.457622685
2019-08-18,0.0442460158904961,400941637.1447018,14351812.492135908
2019-08-19,0.0454144129502997,410222039.6353523,12961313.273248404
2019-08-20,0.0454627422174362,417188042.1012034,12449802.545077004
2019-08-21,0.0445457484551317,407488440.1274485,11341842.339375328
2019-08-22,0.0436222844455795,397807882.5445085,10816189.47708544
2019-08-23,0.0435976239559018,401070817.6363721,5171967.617396105
2019-08-24,0.0431415687062175,398120686.7737936,8244180.370110787
2019-08-25,0.0429261170988774,397123184.4816846,9564636.795747695
2019-08-26,0.0422339281918392,391731384.0618259,7585074.691345771
2019-08-27,0.0422602364306692,393488660.5550776,8333244.978844386
2019-08-28,0.0409548141575442,382338436.2789918,6445715.783708183
2019-08-29,0.0412565213809335,384959568.6963435,10440031.70536969
2019-08-30,0.0400531816954937,375047616.0655288,8264699.944584841
2019-08-31,0.0388070986270048,362826883.5691995,8877270.489666268
2019-09-01,0.0389691433837633,365301267.8323183,6439060.7108329255
2019-09-02,0.0390105661941615,365653330.08551216,6550907.783738214
2019-09-03,0.0412648871085139,386404465.08403975,8643820.937501593
2019-09-04,0.0381205687978306,357418202.9221032,9431125.57426748
2019-09-05,0.0379296768433349,354939005.2241203,6260361.502483303
2019-09-06,0.0417162092052776,392363842.2463529,10481715.047547128
2019-09-07,0.0409888636985294,383761281.15334165,10414167.01567136
2019-09-08,0.0409212532489095,383198732.2227328,4353032.907902588
2019-09-09,0.0393917202780741,380858504.43712425,9992145.734113852
2019-09-10,0.0391296327798161,379710444.7324284,11174702.599502116
2019-09-11,0.0380175867022836,369247806.4791427,7977625.308823098
2019-09-12,0.0377615891813785,367986823.9800016,7030985.940549505
2019-09-13,0.0402779107831995,393769785.9083752,9535174.25069688
2019-09-14,0.0391571817255331,383921563.6665578,7725287.90930486
2019-09-15,0.0397462282676789,390645233.0666326,8070448.879802564
2019-09-16,0.038656742226505,381012658.4868721,8438083.759010445
2019-09-17,0.0387566558742546,382418524.9378239,8655216.862681763
2019-09-18,0.0377131318842136,379658381.1658758,10536572.568568807
2019-09-19,0.0386795155759957,382482082.5945576,12440176.551133148
2019-09-20,0.0393758125145833,392309666.041296,13856451.384435363
2019-09-21,0.0392886571403258,399160895.7823769,10224214.846738352
2019-09-22,0.0384494166022352,391602304.73654425,8642722.65072539
2019-09-23,0.0394902643464931,403649999.9813497,4660617.688285693
2019-09-24,0.038194331131088,391304532.2414661,8210167.422666153
2019-09-25,0.0356936144277472,366532215.2623448,7474932.349001522
2019-09-26,0.034592306867358,356190191.71640366,4932699.948391701
2019-09-27,0.0343327273422061,354467168.4797449,7117608.788321434
2019-09-28,0.0348656190681501,360910059.9617535,6105924.2078351
2019-09-29,0.034895283021066,359810892.9972619,4410549.9133847365
2019-09-30,0.0348889732518,361980766.23327374,4580934.472514318
2019-10-01,0.0356654254148669,372356633.8128978,6867976.840447899
2019-10-02,0.0354542419605812,371727458.0258492,6896972.551978082
2019-10-03,0.0354675008196666,371949941.9409788,6870945.980647332
2019-10-04,0.0355953361384426,373668008.6728053,4731513.960275424
2019-10-05,0.0361834406449457,379010756.5213224,4839637.058600232
2019-10-06,0.035077117587053,367937581.46163535,4991558.298497863
2019-10-07,0.0339474485919716,356292754.6406401,5540364.054418937
2019-10-08,0.035410943001271,371685067.33323246,7409943.42905664
2019-10-09,0.0349612187109647,366715734.6587429,7887194.518922236
2019-10-10,0.0356919944081049,374405090.9530045,9778408.11569166
2019-10-11,0.0363921933922785,381404663.6309091,10871538.54840798
2019-10-12,0.0343996616483979,360803757.10671234,11653854.786534686
2019-10-13,0.034514833077982,371156705.82226616,8429348.96321852
2019-10-14,0.0345177161893584,372634570.894216,7322977.9231982175
2019-10-15,0.0343669074467821,371704056.1612939,9229161.927907888
2019-10-16,0.0341575299377482,370440688.28533566,9542128.213055529
2019-10-17,0.0334479571605298,363641254.9521323,8814349.327699723
2019-10-18,0.0334449369276229,364371158.11268735,10244127.510052815
2019-10-19,0.0331619497001121,362371856.7884573,10468297.714732803
2019-10-20,0.0328611821416424,362787531.7446725,9916296.23314522
2019-10-21,0.0335189859933111,367202620.9878312,11569583.423675498
2019-10-22,0.0334843972174602,369453193.363476,12023026.736124989
2019-10-23,0.0337289903464071,370943468.0558336,10972466.646330556
2019-10-24,0.0315667436581692,349289435.834654,13546769.643359534
2019-10-25,0.0314239720369371,348064586.48386127,7682304.4042401
2019-10-26,0.0346227239020064,385593833.9415744,7436433.668995963
2019-10-27,0.0363351338282423,404058998.0835458,9951213.387918552
2019-10-28,0.0354895216065419,396542736.8548315,5236828.492592721
2019-10-29,0.0357011590286925,399890656.9309597,7853397.398368168
2019-10-30,0.0364932847306529,410180313.8425821,6130544.081508148
2019-10-31,0.0359291226110309,404608436.5658943,9420518.420695497
2019-11-01,0.0366515136925021,413927951.276714,8894166.44020236
2019-11-02,0.0380189236151894,430013122.3507955,19043254.64319213
2019-11-03,0.0372303201788122,422720163.0263448,15091436.076489387
2019-11-04,0.0377793290934607,430256470.6511861,14335293.72051584
2019-11-05,0.0374814160660703,427014306.3234957,23690228.286883134
2019-11-06,0.0368837083624168,421215317.8739935,22093286.26888152
2019-11-07,0.0361862947446023,414667292.4188666,22736128.81725901
2019-11-08,0.037958937770733,435652548.3302812,30759957.644804075
2019-11-09,0.0374760907390864,430455046.54199713,32511904.856687862
2019-11-10,0.0351167309877434,405192266.0964412,16611314.903478231
2019-11-11,0.0357652503813844,412148655.91873455,23660220.55266761
2019-11-12,0.0349591857372323,405856699.4359549,19827259.298920427
2019-11-13,0.0352602341676127,408078421.4629806,18565150.248401016
2019-11-14,0.0348941753801509,404344966.1553553,17425050.796994057
2019-11-15,0.0369418415020709,433738431.9995861,21144887.20139157
2019-11-16,0.0356519497219606,419282593.38706553,35955989.8558742
2019-11-17,0.0351410952754817,409645123.2486524,13870810.282521242
2019-11-18,0.0360056468802624,423302550.52813554,15517220.194745034
2019-11-19,0.0354682087932442,416462056.75072473,22125652.68670772
2019-11-20,0.0335329874562418,394133979.187304,16035593.65627166
2019-11-21,0.0335410441845985,395085782.7730839,15019839.22402432
2019-11-22,0.0320675436007035,378574750.70118296,5229607.768707865
2019-11-23,0.0300866886325703,355434900.0259348,5415629.467143141
2019-11-24,0.0304865080152283,360602126.5803493,2058481.3161152983
2019-11-25,0.0298423632285644,353366483.1876513,2337676.514659171
2019-11-26,0.0274935562034055,330094405.0132796,3613895.253588585
2019-11-27,0.0273786080537974,327475840.6796941,3830726.76271501
2019-11-28,0.0282147316671985,337369989.212326,4724924.523162258
2019-11-29,0.0272396212131422,327096179.1835851,4104523.3483877145
2019-11-30,0.028214061752185,338500591.6170696,3797064.247174021
2019-12-01,0.027299195617727,326611177.2502489,4742057.253407105
2019-12-02,0.0264944559054307,319074986.5785845,5370862.343652724
2019-12-03,0.0258617160414691,312549304.2418763,3658643.148819117
2019-12-04,0.0259285789221245,313227791.30652475,4576464.872216997
2019-12-05,0.0262706723254577,318382675.3105326,1434948.9032304024
2019-12-06,0.0293509527467899,357838161.55973715,5759471.552108509
2019-12-07,0.0295835261510131,359233992.9031881,5800320.824428382
2019-12-08,0.0295273498965704,360246281.3764545,6315168.717467529
2019-12-09,0.0295511751194517,359309716.9084371,5880576.451605376
2019-12-10,0.029403047624695,358540970.6778217,4713996.675923857
2019-12-11,0.0288912051778205,354502075.67476153,3296046.960816168
2019-12-12,0.0289200315343221,354187090.2280435,4625337.059712839
2019-12-13,0.0293266876795341,358335176.1164577,2686485.6719044866
2019-12-14,0.0295234604285507,363338375.3369756,2633422.99888072
2019-12-15,0.02969258152748,366312660.9599943,8908331.678937854
2019-12-16,0.0304347137016924,375883197.1092802,9784864.281642132
2019-12-17,0.0307357090832367,380946171.42235583,8137420.698818495
2019-12-18,0.0306973995311029,379696960.4181168,6946284.940625145
2019-12-19,0.0331507388307752,412321936.78009903,4389049.143427057
2019-12-20,0.0330490295548799,410114852.2817488,5634410.785204219
2019-12-21,0.0352414805983578,446897739.3282134,14367943.893426098
2019-12-22,0.0338649973473932,421953936.0737007,9078684.771386923
2019-12-23,0.0355405526591297,441079485.4883883,7673103.823939737
2019-12-24,0.0349054706689835,435820039.5514016,7294356.685574049
2019-12-25,0.0346999603788862,430394168.3440181,7081274.327545492
2019-12-26,0.0345575028554922,432487843.64850974,6102321.426062659
2019-12-27,0.0351356155887138,438283826.3188724,6698630.454068112
2019-12-28,0.0352726510428146,441392533.3059301,8524912.832577832
2019-12-29,0.0340487422321894,429200752.6753979,25505134.525814284
2019-12-30,0.0346157267662153,438151478.70084,7685707.502586688
2019-12-31,0.0336479833869401,424836963.60877246,11302631.089485006
2020-01-01,0.0336405976948488,427234764.89010257,10684994.11551326
2020-01-02,0.0339549534190599,430026716.37874585,10294529.036597898
2020-01-03,0.0328911401734663,419671944.3218245,10015563.994478026
2020-01-04,0.034393843065755,439059086.3960629,14509882.169446789
2020-01-05,0.0343884339146084,440372776.3454015,11031395.855015494
2020-01-06,0.0344068726282791,440302435.2981341,9026436.847186578
2020-01-07,0.0364675819849873,468176834.5029762,10232189.040093085
2020-01-08,0.0380874004042917,489692000.658668,6590441.42134594
2020-01-09,0.0399068484865085,514421003.8171037,7290195.532155842
2020-01-10,0.0383737757083903,495490152.7607563,12208233.017443882
2020-01-11,0.04029027163188,518854791.9429301,15023212.169308446
2020-01-12,0.0400256143316886,518583515.7252441,15803876.670829888
2020-01-13,0.0410252870357052,531563845.3254077,15894803.72057269
2020-01-14,0.0410231731881369,532751916.9451478,6447069.752371484
2020-01-15,0.0436165727703113,566997548.7786905,5795445.896083087
2020-01-16,0.0455833581908542,593361070.2588474,11710153.143777972
2020-01-17,0.0459241420092434,599677689.2847693,15916576.138381552
2020-01-18,0.0468979128604506,612739093.9653543,19093598.150217883
2020-01-19,0.0471422740778458,616213693.9346846,9513587.009827748
2020-01-20,0.0464767765374833,608036400.8582684,8442297.894994443
2020-01-21,0.0470257424649435,615759204.3637398,16812885.80745975
2020-01-22,0.0475113356834722,621316262.4125819,18613402.17130124
2020-01-23,0.0479614184765819,632383176.2029964,16094480.878361912
2020-01-24,0.0465287303132442,612525193.3685721,12501173.42857675
2020-01-25,0.0465570631033147,614630557.4321911,19013049.180028304
2020-01-26,0.0461486037207061,610488233.7174335,18423917.54444566
2020-01-27,0.0474014081181031,628075891.1487168,10776284.805859577
2020-01-28,0.0488809865155506,649381215.6128949,10424356.482859308
2020-01-29,0.0521903658246258,693797981.3578101,10123886.398272868
2020-01-30,0.0518606745978127,691936947.4289072,6213466.591721886
2020-01-31,0.0528345888391863,700653782.6950101,5031806.596441018
2020-02-01,0.053185704085765,715372585.690822,3353783.338095797
2020-02-02,0.0526185802625529,707690310.3702261,3154370.513768188
2020-02-03,0.0540449132282711,726197904.619983,14209179.473142058
2020-02-04,0.0535479360531143,720538209.5966835,10640502.27588085
2020-02-05,0.055750754668543,749521466.4948049,11804563.815120252
2020-02-06,0.057767494255801,781476367.1018423,14041738.08784618
2020-02-07,0.0587525240965442,794921340.7221605,9673247.606226629
2020-02-08,0.0585918297510072,793292991.5498234,17872891.106624212
2020-02-09,0.0589360775692737,798749035.0579351,8131992.775334316
2020-02-10,0.0613185531352082,831924673.8482201,14818910.384737406
2020-02-11,0.0605268135939639,824860654.6233393,17459012.67251617
2020-02-12,0.0620167239022885,846991351.136948,17360177.194860358
2020-02-13,0.0639618038560409,863874833.9903228,13671257.797162946
2020-02-14,0.0660341638158958,903211939.617155,9925974.873875126
2020-02-15,0.0667008633077782,910228831.2800692,26087440.969857927
2020-02-16,0.0622472616215182,855872443.6300497,22843080.66261391
2020-02-17,0.0621819859691166,855344545.6741548,18927780.409164093
2020-02-18,0.0582671611618591,796155250.429719,23783193.961064227
2020-02-19,0.0617782873958036,848309446.3632122,22031446.90806808
2020-02-20,0.0596460267380418,822069323.4654298,20803803.476832543
2020-02-21,0.0576612649907215,797343061.0169044,17137838.01053668
2020-02-22,0.0584760278894371,807466362.2902054,26064116.878233258
2020-02-23,0.0593279610102577,816868128.0687292,38616106.73387844
2020-02-24,0.0619913202961127,853591118.5543693,31513318.10572752
2020-02-25,0.0601856987353276,830721721.3524394,19438617.82339898
2020-02-26,0.0593440708106789,818604194.1004705,17433844.098568063
2020-02-27,0.0530137409631835,734650559.8916134,17345550.05044542
2020-02-28,0.053606142902951,739653066.9973767,6012114.732973416
2020-02-29,0.0536333906599539,740058958.4251463,13165641.13448478
2020-03-01,0.0522224520410189,718648332.487228,16383628.51071683
2020-03-02,0.0529376529927715,729283927.8167689,16137951.085272698
2020-03-03,0.0555079768153842,764330086.7095298,17559522.587130904
2020-03-04,0.0565493496006612,783844433.7341468,9160633.252952293
2020-03-05,0.0565150934976339,779456190.699824,7621082.209568948
2020-03-06,0.057530989867197,811848944.3872104,17381088.767435655
2020-03-07,0.0573895275672047,812380486.4818518,8516958.20387524
2020-03-08,0.0564708639485867,799138399.1036414,3769437.351982029
2020-03-09,0.0509880660451192,719919739.7809899,3757321.4567949297
2020-03-10,0.0492825160486326,699670972.7051368,4676117.096307648
2020-03-11,0.0492407505489092,703843256.3266412,6056484.065044679
2020-03-12,0.0491718020426503,697775204.0469459,9271723.738870446
2020-03-13,0.0295190546152402,410066042.99283934,8190919.509641968
2020-03-14,0.0340755630888116,483349964.8705213,11478072.80988678
2020-03-15,0.031905946723124,453772402.3438678,15485894.19526272
2020-03-16,0.0323993938490145,467850941.5417869,15642321.020393966
2020-03-17,0.0316052460367352,450178181.7100431,15722699.519263389
2020-03-18,0.034620887308835,499593556.1416264,10980330.335954726
2020-03-19,0.0356192248588188,506075641.15197694,16507991.362992026
2020-03-20,0.0396269992920872,565001510.49951,18689377.137569115
2020-03-21,0.0386536482387787,547003743.4004831,15417310.709874976
2020-03-22,0.0379239126826186,539697106.2404071,16252185.401891204
2020-03-23,0.0359108565242937,511656073.899869,14640003.385981254
2020-03-24,0.0406636086679771,575891461.1244849,11545202.48588704
2020-03-25,0.0438504281794879,623439601.7483019,11871060.66512396
2020-03-26,0.0435616282524412,619233816.5378685,8690291.743532784
2020-03-27,0.045649749297669,649288074.0740472,8897002.435833575
2020-03-28,0.0448513762049421,638284890.444199,19573489.98429725
2020-03-29,0.0426087994822751,607116443.0429968,19764687.614439227
2020-03-30,0.0414519857782095,589598592.645882,17644319.289750572
2020-03-31,0.0472879613038298,673601479.5423597,15007793.59903392
2020-04-01,0.0487499115754959,693849139.8672745,7760720.822911725
2020-04-02,0.0491407210177542,695778198.6375768,4179686.6558683575
2020-04-03,0.0477014599848651,676376198.82112,4072433.082212845
2020-04-04,0.0475907874732114,676617957.3745108,13572481.752405822
2020-04-05,0.0480174648486321,682851307.0064775,6501471.236050644
2020-04-06,0.0486119471026827,691191070.2035215,4798735.580807205
2020-04-07,0.0525530558263951,745539335.0395224,6121989.355345072
2020-04-08,0.0519568997373788,738157548.9912273,7928019.588116114
2020-04-09,0.0538747154725429,765928013.3327502,6689870.854540104
2020-04-10,0.0531711348175394,757166113.5293558,7524231.177383107
2020-04-11,0.0495626541737297,704075888.526181,6586184.679678781
2020-04-12,0.0500240406818922,712703263.8113205,6679442.46412523
2020-04-13,0.0500617563952498,717469000.7533438,6662410.609087706
2020-04-14,0.049767158023415,708725076.1342885,5896745.775604356
2020-04-15,0.0500929496119581,712480049.2810273,5457073.170049207
2020-04-16,0.0481735632622661,686741441.0425711,5023388.47270423
2020-04-17,0.0504604668691977,717644313.0045848,6062427.655356409
2020-04-18,0.0501632448649286,713471091.8571157,9613611.043389885
2020-04-19,0.0517599658227692,736508281.6243502,4673310.721902505
2020-04-20,0.0509391458759544,724040524.5586725,3870862.8333430574
2020-04-21,0.0487408411615404,692982554.2256898,4699614.587981327
2020-04-22,0.0479637100762237,682260062.5969652,14121948.76923401
2020-04-23,0.0501428944988975,713521231.2228032,6870697.032453438
2020-04-24,0.0520402213894357,739954502.439997,6694875.820918009
2020-04-25,0.0529745957514219,752848676.1979648,5526113.179269111
2020-04-26,0.054021964659582,767280650.9917972,4530993.916116827
2020-04-27,0.0553534803876052,787507277.9281775,4440080.858120754
2020-04-28,0.056015266771988,797135805.6282845,18123039.689676844
2020-04-29,0.056884199721092,809334381.2093413,8587689.565886833
2020-04-30,0.0622892446018987,952051221.5826658,9602775.1537121
2020-05-01,0.0579230039393681,961512128.3647902,10144575.396685392
2020-05-02,0.0577994216803456,956312483.6854942,8141448.632500843
2020-05-03,0.0601963529003212,1001804480.1784596,6753722.980376473
2020-05-04,0.0601449309687045,997586204.2262664,7954402.258984738
2020-05-05,0.0606634643291989,1008021276.2892642,8135456.851302552
2020-05-06,0.0629374490229154,1043450615.6224624,12546715.067704596
2020-05-07,0.0643098369601813,1073122803.7880723,7070859.791428996
2020-05-08,0.0663116168509899,1107784388.9308732,13708649.975808784
2020-05-09,0.0685674792815514,1146024962.279514,8680941.515955953
2020-05-10,0.0636410635811402,1053053642.0590864,7948415.422704269
2020-05-11,0.0647953651498687,1078949761.3770258,7149057.980740011
2020-05-12,0.0648001209310343,1082695774.9960735,10325950.44433278
2020-05-13,0.065868323353323,1102340939.5822573,7042081.666710429
2020-05-14,0.0673177865190556,1126351974.6709063,8087532.388686554
2020-05-15,0.0644271140966844,1093145299.0412924,8706371.388215326
2020-05-16,0.0635949821347978,1075463739.4792974,9354367.816306837
2020-05-17,0.0651465301319418,1098304696.9442432,9475305.544319496
2020-05-18,0.0675854460888884,1134342462.8873806,8127512.52648123
2020-05-19,0.069055723042343,1179061093.358149,9254878.081078304
2020-05-20,0.0707430420490152,1195097766.5656917,9019321.350224908
2020-05-21,0.0713505187886567,1207170720.7841845,8690014.64330979
2020-05-22,0.0688501474084196,1175612550.6847515,23020066.86633036
2020-05-23,0.0736676545989321,1253052797.6458323,28011973.207549285
2020-05-24,0.0744600063589534,1267282108.2270648,27131894.16917879
2020-05-25,0.0731315064111397,1246274406.7443595,26339473.894681662
2020-05-26,0.0790756485405576,1349062066.211329,28610341.723732498
2020-05-27,0.0781786606788323,1332282276.8519049,24599928.22072212
2020-05-28,0.0803241125678343,1367134358.568748,32489139.369243376
2020-05-29,0.0804559395308128,1374060635.4343784,33049097.519871373
2020-05-30,0.0800306901327587,1367338094.321251,28808982.3868559
2020-05-31,0.0848559976629283,1463167636.3381827,34579233.281416744
2020-06-01,0.0849343379803209,1463823237.6208737,32024222.66891021
2020-06-02,0.0948699695320903,1613715558.117495,31886585.278759148
2020-06-03,0.0901537151201603,1562923868.012683,32923275.880544968
2020-06-04,0.0959761593835541,1659789406.6301782,30456804.4938543
2020-06-05,0.09966941675669,1724448316.5925317,55183680.8855684
2020-06-06,0.1002461314544013,1735336922.1727924,58900713.26828416
2020-06-07,0.1045044445691375,1809492492.17028,50711097.46840372
2020-06-08,0.1079273397585256,1867989287.8492887,50693952.1156067
2020-06-09,0.1088237762262293,1899011327.250938,45763159.87713254
2020-06-10,0.117232547455846,2041320950.313079,61027578.78850129
2020-06-11,0.1150583333007895,2000195929.4902143,54031565.18756998
2020-06-12,0.1050612856381389,1833059196.8563545,53099481.3788506
2020-06-13,0.1086368515582503,1895168088.4911425,47646029.82031593
2020-06-14,0.1090195301150063,1897755996.9937696,42668490.76096386
2020-06-15,0.1114377361373328,1950253754.787632,47705531.50987541
2020-06-16,0.1106965537795001,1941336190.5996656,47015837.11727055
2020-06-17,0.1138879190415839,1999419095.154108,50075569.16282019
2020-06-18,0.1157480929985202,2032162973.8599577,45063602.91506109
2020-06-19,0.1156493018305937,2036734831.9355824,45670347.99787521
2020-06-20,0.1167114197551863,2051511882.825264,45687969.66656302
2020-06-21,0.1191156527729631,2101280653.1299064,55301078.1993884
2020-06-22,0.1189185366880044,2099532382.666166,53549619.75929006
2020-06-23,0.1247701328268578,2204317879.591147,63056173.27704066
2020-06-24,0.1245733718341398,2208237840.873677,73827673.07586631
2020-06-25,0.117800886128115,2087599461.2457795,63467451.53231283
2020-06-26,0.1162810843754416,2064746655.0825765,61763758.455986895
2020-06-27,0.1146590095648891,2035357011.227376,56728450.895704255
2020-06-28,0.1124527132165987,1999647672.4712589,55927999.16335184
2020-06-29,0.1190576941729964,2122701348.112053,58109574.979265004
2020-06-30,0.1265207606052401,2254333378.3641105,65656649.78489156
2020-07-01,0.1251012498182387,2234742413.536215,65566840.77706499
2020-07-02,0.1260686269792059,2254432750.4405694,43338470.84386639
2020-07-03,0.123135565092336,2203244378.375985,69214419.03550412
2020-07-04,0.1249114601030193,2240887896.5461764,70157552.39200433
2020-07-05,0.1283470504744208,2302974862.3437853,68744469.382984
2020-07-06,0.1308007810078292,2348290607.8346434,64724651.48128416
2020-07-07,0.1358423153095233,2443785917.8409142,74639158.96172577
2020-07-08,0.1383420754614743,2491056664.6221533,67516964.2293552
2020-07-09,0.1434300360024151,2585168547.32494,71175287.33245496
2020-07-10,0.1421636735555496,2567298164.979026,66899658.64031284
2020-07-11,0.1432650306261733,2585576173.246704,66407775.84605592
2020-07-12,0.1448582061346284,2617698924.3780065,66507807.59251841
2020-07-13,0.1447880089098908,2620842345.2843533,61488377.90594846
2020-07-14,0.1423725599998214,2581237994.5975814,83236095.56173006
2020-07-15,0.1406200663910799,2550740128.462171,60745930.93755216
2020-07-16,0.142959233651589,2601282227.700626,66414511.54113087
2020-07-17,0.1419736215885714,2583953232.2699785,53694701.35230808
2020-07-18,0.1423642798380038,2593250123.6333566,59846934.79279488
2020-07-19,0.1450440857373295,2646557723.1455765,65769848.87588354
2020-07-20,0.1448817984303199,2645423118.307535,62156119.64047998
2020-07-21,0.1418342061776268,2593524261.895056,64731640.81582953
2020-07-22,0.1439269836632816,2633631756.684532,69230899.1269426
2020-07-23,0.1464844407358735,2686150491.1361184,65269225.88040163
2020-07-24,0.1466319049771617,2691666306.8433256,69643963.76338762
2020-07-25,0.1468040051159052,2696815446.2112813,71808514.54557228
2020-07-26,0.1505625265874181,2769600546.175716,80383759.816942
2020-07-27,0.1541659756161067,2841553293.5124235,88099387.57829776
2020-07-28,0.1650025417323857,3044153641.5125394,109739884.43047462
2020-07-29,0.1593478289898977,2944587278.8180985,112162484.24663876
2020-07-30,0.1631856763286385,3014362491.6246443,114621174.61715049
2020-07-31,0.1621052457916764,3006618142.032276,101402467.33882412
2020-08-01,0.1647712150268003,3056610308.586313,109621580.455911
2020-08-02,0.1741976651735153,3228880334.0115743,121143947.46805358
2020-08-03,0.1636277676418119,3044082195.452048,115599223.4637508
2020-08-04,0.1630464695554035,3033580448.250319,94073296.50408211
2020-08-05,0.1565487622292349,2918608317.626204,93984644.8422631
2020-08-06,0.1631779505542267,3041954622.8090363,85116471.68969774
2020-08-07,0.16234250159962,3028208220.398869,75988081.46921146
2020-08-08,0.1613790315219172,3013433982.1944084,84809195.1160784
2020-08-09,0.1666798036473094,3117538102.964771,84986086.95833465
2020-08-10,0.1670286914235454,3126450427.3340507,76031906.1757185
2020-08-11,0.1691150380955587,3169119825.5019946,70719507.99767974
2020-08-12,0.1611441701618014,3022029919.5822506,68771592.72882184
2020-08-13,0.1623102218913265,3049703038.937867,66322733.58021881
2020-08-14,0.1628157527527149,3048454581.543968,67124963.37759462
2020-08-15,0.1647866048205305,3102027426.7256,70057998.06826623
2020-08-16,0.1666661950396203,3144113351.854529,70573770.44575989
2020-08-17,0.1686526257676001,3173329071.02436,69490387.78451566
2020-08-18,0.1699925390006446,3214346728.607488,77288494.63117622
2020-08-19,0.1663530480832709,3150418373.1859007,70709815.90414646
2020-08-20,0.1634406625092342,3082657459.112388,65661159.6855422
2020-08-21,0.1635901434599392,3103357310.5220003,59792071.59811349
2020-08-22,0.1683620715153796,3195098189.708452,190156477.62014607
2020-08-23,0.1678110182522756,3190486974.7589946,110548661.7429322
2020-08-24,0.1710910439854903,3335944780.5204687,70754701.09070358
2020-08-25,0.1744422001563738,3413536467.139922,76270218.05619922
2020-08-26,0.1687680445187959,3309719790.1128063,77129365.7688765
2020-08-27,0.1697733594384946,3327322674.830749,70898776.45703867
2020-08-28,0.1682147297646613,3305346615.0004897,65286002.41687566
2020-08-29,0.1728774596844236,3398669070.390177,64519702.83668259
2020-08-30,0.1735086407415413,3410502978.282706,61780119.76678241
2020-08-31,0.1779095992882021,3501034595.0670686,64179421.24520718
2020-09-01,0.1783836797051574,3527223195.0770226,75618462.87441383
2020-09-02,0.1811464364233546,3599858028.998208,79453471.50254798
2020-09-03,0.1743109301238511,3438926051.451995,78144578.32260641
2020-09-04,0.153706157541111,3038445030.3779607,69928849.00251566
2020-09-05,0.1560945759765398,3092878586.48302,67266126.62547576
2020-09-06,0.1506661444223919,2978096284.4710646,73901667.91577902
2020-09-07,0.1507839494683039,2997006940.7072563,66124779.395726286
2020-09-08,0.1498778350129199,2979821317.455135,66797847.97249286
2020-09-09,0.1486604614181709,2949843497.6978493,65085014.67457603
2020-09-10,0.15060341582279,2992581499.687976,62092656.32539087
2020-09-11,0.1510101958549008,3005045930.527515,61903274.50411503
2020-09-12,0.1599896258790453,3188357229.3498354,75661662.45251721
2020-09-13,0.1636193392982743,3260119833.757238,66424125.19665114
2020-09-14,0.1608201162709555,3215845920.1209235,62878287.271357365
2020-09-15,0.168628227823407,3370709958.136228,66268835.92206712
2020-09-16,0.1691741850539139,3386760248.942741,67191433.17476988
2020-09-17,0.1683504625469498,3377002101.8069563,63423434.35955792
2020-09-18,0.1659254838372982,3337199442.666317,61275226.5858184
2020-09-19,0.1661578930253967,3342504101.724358,46867300.54003032
2020-09-20,0.1676787843316263,3375015052.2493577,54038642.19536626
2020-09-21,0.1597632050740683,3223852020.5430503,77128098.4217187
2020-09-22,0.151886319387795,3080047680.6459265,48120368.6230097
2020-09-23,0.1523035629521562,3077632510.791268,53980717.797906
2020-09-24,0.1475586807729873,2985593181.428988,60393759.28036285
2020-09-25,0.154515798970794,3126754189.029804,63600997.455956906
2020-09-26,0.15368258956892,3117269299.645803,61266589.262527175
2020-09-27,0.1540355975305697,3127043477.1356587,56948905.71459543
2020-09-28,0.1543184235326971,3130420220.3163805,63226170.286236845
2020-09-29,0.1526972946036046,3096882734.6146803,60305509.01627769
2020-09-30,0.1535866942753218,3122703151.273061,60329118.61317704
2020-10-01,0.1522036750590005,3102398294.644583,58278766.35705764
2020-10-02,0.1495693029789395,3047823353.710211,67064744.6037664
2020-10-03,0.1471383613616801,2996084772.887328,64615281.43753501
2020-10-04,0.1466291605963821,2998207750.303474,57228334.53458829
2020-10-05,0.1485559994041551,3033174358.6330123,60718749.53971464
2020-10-06,0.1500188471466266,3068461087.29209,64901582.131002665
2020-10-07,0.1471463243724794,3017281316.372249,64797972.79759978
2020-10-08,0.1475760781688948,3028319312.4099727,54181051.2211249
2020-10-09,0.1505568458835904,3090635555.15757,67632756.16926372
2020-10-10,0.1522875386116438,3132883568.423416,60481633.79889324
2020-10-11,0.1541017874910203,3174079034.974063,71111409.48770301
2020-10-12,0.1539458137476526,3177522775.70698,66964034.09079187
2020-10-13,0.1545541717295541,3189729790.777024,62141080.59966559
2020-10-14,0.1473044893660235,3041350212.550255,62926898.17615272
2020-10-15,0.1386889891265857,2868247155.682999,60860645.90045687
2020-10-16,0.1393478993894136,2886909348.5296235,65259890.96561543
2020-10-17,0.1362712990640359,2822647105.3547654,62752820.97061736
2020-10-18,0.1337058124919688,2772578328.59281,57327330.58313793
2020-10-19,0.1214476855432264,2520695230.9392514,76451894.54458074
2020-10-20,0.1097644743507209,2279955068.00922,75211707.46365756
2020-10-21,0.106170824397224,2208329265.642102,61930579.252896816
2020-10-22,0.1011521160532384,2106537281.7457476,62430568.23907627
2020-10-23,0.0964268013684132,2010966939.515048,67574919.06328756
2020-10-24,0.1008597682077919,2106556497.7692573,56931488.57128062
2020-10-25,0.1019774928873685,2130728617.5265424,48716705.49690397
2020-10-26,0.0969032310844715,2027591989.557876,43934945.46707485
2020-10-27,0.0956717453568524,2003060062.8028536,52369790.64011893
2020-10-28,0.0986537202738414,2068706284.8856857,53066073.19925375
2020-10-29,0.0887365279710823,1873757300.064864,47614982.18203653
2020-10-30,0.0905077182553154,1904937096.0877151,42753147.23593375
2020-10-31,0.0841854966772221,1770379287.2072506,44682986.69675477
2020-11-01,0.0846629350812088,1783843222.383929,44959070.699991584
2020-11-02,0.0843189253978278,1774914308.2115943,57473926.0375676
2020-11-03,0.0800491164456245,1691107695.492036,47793446.26241291
2020-11-04,0.0792438206756398,1669500477.2420616,49349712.27385926
2020-11-05,0.0770580377822526,1627427491.76897,43621205.91938221
2020-11-06,0.0793694254715226,1673270712.593298,39838748.24733821
2020-11-07,0.078900365462013,1672853054.9404297,48085733.66814534
2020-11-08,0.0730746332561629,1553113901.8163116,46495118.39185464
2020-11-09,0.0745577045921608,1584260901.9688165,35287906.015358426
2020-11-10,0.06975245269501,1482172204.478943,39852583.72413454
2020-11-11,0.0697173771753951,1483502756.19635,40208821.615572825
2020-11-12,0.0708330905526567,1505809796.6597967,38857718.5608875
2020-11-13,0.0716617744252291,1528140142.585262,43280138.99147246
2020-11-14,0.0703268715919707,1499896691.6588628,28600893.68746669
2020-11-15,0.0679150600084127,1447198413.868821,30873382.705053203
2020-11-16,0.0643550635980873,1373617240.976396,29953490.14280583
2020-11-17,0.0657536011552943,1409343883.1117475,28296605.339180924
2020-11-18,0.0652806391660643,1417010277.661562,32386405.99703329
2020-11-19,0.0657748083101164,1428971934.2183568,43930260.98395101
2020-11-20,0.0665879745052731,1449395452.533757,38519462.01002768
2020-11-21,0.0769871388423575,1677603924.423525,43751061.202715166
2020-11-22,0.0727780093882659,1579565550.6757832,60264756.31362317
2020-11-23,0.0709577231635771,1551711386.168476,52622892.18854556
2020-11-24,0.0721478564944355,1571516091.3056798,56210214.01124951
2020-11-25,0.0811178005093852,1767089031.6270812,78587386.74846381
2020-11-26,0.078399927650525,1714788300.5204368,72069366.17866455
2020-11-27,0.0636923705632905,1388416794.3493967,67790391.01885246
2020-11-28,0.0640537642382664,1400475893.8032658,54390309.3061846
2020-11-29,0.0651744055668946,1426806617.9673195,41818494.14185877
2020-11-30,0.0660150910160447,1444851402.6059904,40025146.58183745
2020-12-01,0.0701450119739467,1533809847.7547245,58061339.3509825
2020-12-02,0.0655644671061259,1438029112.093324,57778105.108602434
2020-12-03,0.0666704003257323,1465121973.7360313,51019544.87284504
2020-12-04,0.0662531351983024,1458225802.3291247,46951501.12064751
2020-12-05,0.0629728641953072,1386056722.773379,45945045.918419726
2020-12-06,0.0640959671194115,1410680729.133753,42813611.34118372
2020-12-07,0.0636330324257021,1399463993.4565852,37100238.80821151
2020-12-08,0.0641594741788692,1413365951.6169808,42729581.300195776
2020-12-09,0.0603857232998183,1334696166.1643002,44675227.58986921
2020-12-10,0.0604404263918259,1335106651.9539351,44812090.05845852
2020-12-11,0.0589693179223106,1302913638.758091,36152802.42172645
2020-12-12,0.0586030492471104,1298051996.1993954,37760865.13160928
2020-12-13,0.0593978759715772,1315401604.8751974,32214504.24009528
2020-12-14,0.0605303114367127,1341818411.1940014,35176140.6841903
2020-12-15,0.0606993589506961,1345919095.7769191,42940848.30328532
2020-12-16,0.0615192523640671,1365833487.675048,48174571.083291024
2020-12-17,0.0647660879756825,1430336741.6181707,52503591.40746054
2020-12-18,0.0663274398959278,1474882464.5846777,72817387.04256454
2020-12-19,0.0649051550530327,1439222397.6532102,48628111.16928668
2020-12-20,0.0659471076298558,1466065209.3176663,51529846.81086912
2020-12-21,0.0663356783415509,1476649890.025324,52405633.28596526
2020-12-22,0.0593114222403317,1330592645.3766384,84984353.39479397
2020-12-23,0.060680627864645,1352981417.2969167,64832819.92061374
2020-12-24,0.0555469830997822,1252600978.8315694,56705287.62223627
2020-12-25,0.0581050709947399,1298021383.381885,44429710.144163534
2020-12-26,0.0581052039735729,1298957565.871143,44080321.22706892
2020-12-27,0.0592155695584602,1322491179.5463784,44136324.00887618
2020-12-28,0.0569447623536959,1281332918.3152866,48452968.89263437
2020-12-29,0.0593260591349477,1331631825.9274728,48673862.20564198
2020-12-30,0.0582056983217336,1308201713.7398255,45660363.39056262
2020-12-31,0.0590601526106087,1326499255.4002862,50599974.3930553
2021-01-01,0.0584835019761999,1310395551.779758,40010954.84968129
2021-01-02,0.0595864172392773,1338073422.4500194,41315843.74853487
2021-01-03,0.0623923334108697,1401895054.057074,149179085.63527665
2021-01-04,0.0598247012594624,1369333486.515718,72793275.89341423
2021-01-05,0.0645711204604276,1455266811.2525132,145957376.38426688
2021-01-06,0.0665353255631554,1500727467.005609,71197610.11247945
2021-01-07,0.0771441501743607,1736694605.1323197,143506766.0942972
2021-01-08,0.0781780998716652,1755356145.6100843,143493738.72596753
2021-01-09,0.0818508024599393,1845190341.1826696,152983970.97358137
2021-01-10,0.083359273222424,1886086860.799976,75058330.68498333
2021-01-11,0.0780526052058092,1772830029.5604882,96925417.45872922
2021-01-12,0.0668828982674891,1505140023.9745026,131821843.99940348
2021-01-13,0.0649939653101829,1476537978.337947,56380530.34290275
2021-01-14,0.0712162773878311,1611607004.8695242,51466850.292013325
2021-01-15,0.0767341176229894,1733267100.094327,61594231.52451959
2021-01-16,0.0718484763704571,1636942239.034636,63518386.817718014
2021-01-17,0.0767154994609445,1742080208.5266638,68917856.79961573
2021-01-18,0.0796586062645954,1821437075.8946173,91943260.54094292
2021-01-19,0.0852351595698146,1942505062.916976,70131401.00259763
2021-01-20,0.0871053253166264,1992514735.3641949,69784872.44305524
2021-01-21,0.0845814282365673,1919534512.6357265,66882124.147815794
2021-01-22,0.0718509736151152,1647183315.2059371,62699943.75868598
2021-01-23,0.0739341503898347,1679797904.5397117,63281027.685247526
2021-01-24,0.0723306178786556,1651376540.172191,48437059.43545375
2021-01-25,0.0723214103182262,1652594060.754226,48283234.40909274
2021-01-26,0.0708033922664315,1619243805.4997568,49167734.224134594
2021-01-27,0.0704382025096339,1607873299.57697,45217672.48430645
2021-01-28,0.0651869570579969,1483486062.4821246,53360388.72867064
2021-01-29,0.0698488958274662,1603397637.049573,71712365.22694016
2021-01-30,0.067409030010829,1549865571.0489862,107347150.4838746
2021-01-31,0.0651319668234877,1501062967.5804937,117426782.1728171
2021-02-01,0.0621520090039459,1428164923.4387484,92761723.99167816
2021-02-02,0.0605701101881039,1391661132.8717916,104521244.44980186
2021-02-03,0.0623450456876884,1447494572.5277915,105970839.28302762
2021-02-04,0.0673727306323579,1547759579.5866747,115490037.7170596
2021-02-05,0.0636380801124547,1475535819.640721,68038516.96126705
2021-02-06,0.0679973930229875,1569333807.862403,71830735.2078607
2021-02-07,0.0679545067672812,1569495454.956174,79862085.06761539
2021-02-08,0.0656307508662606,1516109776.0570862,74052438.55141455
2021-02-09,0.0703415188517894,1618067510.577675,99601979.56955878
2021-02-10,0.0718508008109406,1662589952.471795,191725840.5459572
2021-02-11,0.0734000691472633,1702610971.8282113,171016022.15170723
2021-02-12,0.0797180106473585,1843293743.847638,126989424.67095916
2021-02-13,0.0870163957548456,2012044408.771229,222997481.4359669
2021-02-14,0.0913738544701104,2114842593.2906628,160888724.6959286
2021-02-15,0.0890979287365485,2066327511.0451407,130299482.65632668
2021-02-16,0.0859914993975277,2004964799.789673,133203335.15743645
2021-02-17,0.0845980885305109,1962722008.914734,89332152.10728477
2021-02-18,0.1013984600418444,2349020626.321754,245969756.4090449
2021-02-19,0.1207628419237633,2807406893.100106,340226200.6595292
2021-02-20,0.139197512762375,3206717918.075087,323718233.4981232
2021-02-21,0.1404421200397765,3248505795.6518044,280904901.9157898
2021-02-22,0.1418971039797294,3429511685.1699963,188283579.2403995
2021-02-23,0.2237732637904571,5306699945.389987,2034762971.0292656
2021-02-24,0.1587627866612347,3776225772.697273,763263867.2623398
2021-02-25,0.1603621485617912,3938896100.729706,305454919.6914044
2021-02-26,0.1560629388049087,3785053539.1195006,432789096.42874646
2021-02-27,0.1549377698355781,3731275801.164561,334443981.16068834
2021-02-28,0.1510811817221277,3654328459.369152,238604797.3568101
2021-03-01,0.1349905283901138,3277053504.763401,223649016.75161391
2021-03-02,0.1507533719296219,3624676915.687448,199501770.41729373
2021-03-03,0.1542793079955307,3725338699.9669614,263362630.85296363
2021-03-04,0.1573014836121629,3803813377.819436,225838681.49003997
2021-03-05,0.1507254374721046,3637986925.634709,210355560.16847527
2021-03-06,0.1517801150349455,3658288087.272046,156582416.03358966
2021-03-07,0.1544075049772548,3727298977.2072105,153065471.81856573
2021-03-08,0.1599564221096749,3859047428.303068,172390794.59895268
2021-03-09,0.1597861316437817,3856619265.769851,166290107.5682241
2021-03-10,0.1707620436123463,4115248480.9899206,218312445.69047692
2021-03-11,0.1725717050390121,4364487422.623329,177739568.39341417
2021-03-12,0.1895488851692698,4785621551.522798,296432902.753846
2021-03-13,0.1906831266306166,4822601781.278837,263860988.6249644
2021-03-14,0.1985721430851709,5018182755.070877,242929178.3805565
2021-03-15,0.1879994252954023,4737495527.242979,161298293.55014628
2021-03-16,0.1775187102511171,4479323268.032134,214492717.2396312
2021-03-17,0.1954515695868025,4950314290.51385,355053372.8719014
2021-03-18,0.1976071024046837,4979338310.422842,265413683.25388727
2021-03-19,0.2207543482178833,5611128195.38926,613072024.4690179
2021-03-20,0.243124511476575,6161553668.656819,425629074.23315465
2021-03-21,0.2176595748655892,5504872059.101905,363883490.5430284
2021-03-22,0.2219725287655236,5609299291.049959,244142434.519396
2021-03-23,0.2160032392002036,5364619991.780066,314055479.6056405
2021-03-24,0.2133374479897104,5369403621.611309,298777554.0213522
2021-03-25,0.2182671570853585,5511078586.724405,405152185.8993418
2021-03-26,0.2054162037351133,5169991804.917368,263578579.5404684
2021-03-27,0.212106327967939,5350545892.456019,201006916.122842
2021-03-28,0.2041715579031617,5172831052.642726,187224755.10485333
2021-03-29,0.2030494013900215,5127272196.467598,163887110.96703297
2021-03-30,0.2176668511648247,5509076506.840109,320721670.08826834
2021-03-31,0.2206238144520401,5568576919.02786,191070279.80466363
2021-04-01,0.2153360520658878,5448700392.639262,208799687.0155762
2021-04-02,0.2198846330183766,5557458629.57679,262083823.5404316
2021-04-03,0.2289220810127636,5789354663.000634,262459086.96570992
2021-04-04,0.2149210247771145,5479069007.158669,256315676.72482
2021-04-05,0.2271615569917582,5736678648.168786,162609229.85132012
2021-04-06,0.2468652062743208,6209227399.497918,313132214.64883727
2021-04-07,0.231351934998506,5842921013.830287,260525366.48444563
2021-04-08,0.2050609646570914,5218116982.650375,479982915.658439
2021-04-09,0.2171509566397778,5488108059.917724,166194229.36821154
2021-04-10,0.2252089480168609,5684687412.797512,149431146.6058037
2021-04-11,0.2336499356468538,5892557909.791265,324575303.35654944
2021-04-12,0.2305001383492053,5811003345.624743,225058202.10011232
2021-04-13,0.2207382714740185,5565829836.848512,151198925.978937
2021-04-14,0.2365438642081453,5972819762.885246,252394259.5222445
2021-04-15,0.2580938757573577,6085749270.408708,406173198.3395138
2021-04-16,0.2589908279175004,6516035695.911619,225699338.3237159
2021-04-17,0.2528704897590303,6404149325.414446,330245423.85792893
2021-04-18,0.2534922124346079,5981925569.479285,284629970.33683324
2021-04-19,0.2271240153480778,5740885139.067132,342191292.08470166
2021-04-20,0.2085750183941626,5245034037.81583,225214395.6117528
2021-04-21,0.2060563686750772,5183447411.876468,244951630.81782964
2021-04-22,0.2022685526652219,5139608876.391473,133362258.28228514
2021-04-23,0.1766912812218159,4506011955.18862,194187394.58662707
2021-04-24,0.1757293343043354,4421558243.93934,283461187.5911316
2021-04-25,0.1696983601993081,4302531067.402562,117924278.03294592
2021-04-26,0.1716368101486039,4342453870.670435,118145170.75298744
2021-04-27,0.190234184910061,4792258119.410653,143870969.7974937
2021-04-28,0.1971006817978908,4979283153.152132,140731756.97776023
2021-04-29,0.1930351821645019,4869933056.589517,195311286.27955025
2021-04-30,0.1879521515943052,4746682764.270632,98287735.89050868
2021-05-01,0.201080321225562,5076159521.797165,160659283.43211412
2021-05-02,0.1965289700114126,4962355893.635803,89337669.94919544
2021-05-03,0.1901074615548483,4793892975.700007,103647935.77839687
2021-05-04,0.190936680978013,4826660544.688886,108450820.70679335
2021-05-05,0.1696391890175315,4294034301.903719,142880439.79210293
2021-05-06,0.1860036888524455,4682696470.150314,182079112.78838855
2021-05-07,0.1938527371450004,4881991053.474829,169884196.11139545
2021-05-08,0.1926523219555984,4867553734.2638445,162032643.32994777
2021-05-09,0.184011061880873,4665661496.924562,154720003.5311832
2021-05-10,0.1809398906637108,4574543698.998079,178241778.0411503
2021-05-11,0.1600218782158967,4052320945.404267,193389510.1768587
2021-05-12,0.1772291947817728,4478600477.384257,188025527.0134334
2021-05-13,0.1572355085391233,4027668289.292834,136269871.86804494
2021-05-14,0.1650164513196481,4140231250.017793,182931696.4660804
2021-05-15,0.1673258702781665,4233619558.3960686,107384513.5045646
2021-05-16,0.1562864201380291,3963594100.788557,86265804.85787526
2021-05-17,0.1567602408815177,3950694248.792741,96410422.1664296
2021-05-18,0.1451402470499051,3670504805.11578,106639905.20663992
2021-05-19,0.1497536079731724,3766563248.884752,80579451.26945212
2021-05-20,0.1247049379325516,3153243014.7968416,289217669.7620283
2021-05-21,0.1287085782815359,3231839398.027181,115010931.7101076
2021-05-22,0.1251550309869602,3185589278.341685,132368569.14262389
2021-05-23,0.1211414995563173,3070261733.167784,104986251.661248
2021-05-24,0.0981365603696967,2474563941.610978,107088571.86802626
2021-05-25,0.1236114297182429,3131901009.287445,119284886.56580968
2021-05-26,0.1250726153390512,3175098637.3351483,116484046.78034112
2021-05-27,0.132744015861952,3344979722.7654176,109748681.2661303
2021-05-28,0.1308504267882342,3305503757.5771246,82123412.43089673
2021-05-29,0.114729442211559,2899621490.4255867,74463839.20957068
2021-05-30,0.1135741167309578,2881793176.0825973,70346169.36899379
2021-05-31,0.1131356084757083,2864688026.852145,76740228.30479494
2021-06-01,0.1264826021730826,3197752526.432456,98827917.73323973
2021-06-02,0.1244556001186548,3145864187.922441,75698411.75766577
2021-06-03,0.1308217990801159,3296393268.378308,78741736.66977628
2021-06-04,0.1333584964994773,3387986786.1533766,63488633.58090654
2021-06-05,0.1220348989077759,3081796213.769956,62218719.11856111
2021-06-06,0.1193554285917225,2999193264.7668104,53346618.949169695
2021-06-07,0.1242804204855705,3141439169.219648,55464055.90286909
2021-06-08,0.1161446284414138,2951829532.3674874,63256819.73957547
2021-06-09,0.1144623431901816,2895556620.336581,65837540.49453983
2021-06-10,0.123695105626995,3140490443.920356,60447322.67690266
2021-06-11,0.1175581117722886,2981732539.021157,46695708.09156248
2021-06-12,0.1178825371817045,2980568482.142122,44449386.51926412
2021-06-13,0.1129035700988405,2875411716.6088734,54680112.03317622
2021-06-14,0.120740482175431,3037594049.7704773,53440986.80870688
2021-06-15,0.1199749952391843,3030342717.4366245,52349816.7347631
2021-06-16,0.1183158047239643,2988444609.281471,47791335.34440306
2021-06-17,0.1147943437113502,2885209323.422996,58614893.825308815
2021-06-18,0.1150032315968511,2884832521.4542613,47410417.04975945
2021-06-19,0.1062423630352598,2686056550.507585,48396608.3359861
2021-06-20,0.108317806178225,2735377826.7389374,48461941.55431131
2021-06-21,0.1083155998934943,2726713279.3906,49041666.32192868
2021-06-22,0.0919416961426633,2334374316.103656,59651235.965588406
2021-06-23,0.0892439951866112,2248740025.939413,71828192.54742399
2021-06-24,0.0964128910203467,2440631444.831992,54274549.60870571
2021-06-25,0.1012720957806754,2559485727.7628207,49565082.245572485
2021-06-26,0.0955852521020677,2415086815.3601165,55962950.82024676
2021-06-27,0.0954657815719505,2411458219.078214,65418462.68914865
2021-06-28,0.1057167211226526,2667977705.013265,69126675.80776417
2021-06-29,0.109160812904437,2758002793.762696,59938276.934679486
2021-06-30,0.1159845657693249,2939793016.9730825,58677454.24008596
2021-07-01,0.1154778416146853,2913727489.959573,61058305.4428229
2021-07-02,0.11272200600664,2851398499.050961,66013692.7465651
2021-07-03,0.1145320304351256,2883893197.710627,48261807.1479663
2021-07-04,0.1186670181262975,2993652883.055573,49701101.88070617
2021-07-05,0.123051620557507,3107974035.835545,44725699.94506416
2021-07-06,0.1163713484839774,2937607465.114709,52380507.016833566
2021-07-07,0.1221190924729886,3083925594.0940943,149822305.76434034
2021-07-08,0.1194301295644295,3015062032.5890903,66763921.83197983
2021-07-09,0.1130421007096776,2857579296.618765,46502035.34933112
2021-07-10,0.1204925695306319,3043435589.702628,50487763.88454424
2021-07-11,0.1184039841501927,2991045167.783116,34778644.620936155
2021-07-12,0.1310565720934912,3312454887.1909347,57284938.09279818
2021-07-13,0.1245669253834929,3140932081.467935,40886829.65495684
2021-07-14,0.127517147718228,3235536089.258275,47469591.652489886
2021-07-15,0.1235709365425039,3120958252.8808146,154001153.30735075
2021-07-16,0.1141566860047046,2881539131.142824,47736885.38581277
2021-07-17,0.1106354224321045,2793619112.734775,47408668.03841053
2021-07-18,0.1126605995051243,2846114430.1391783,36343010.42935976
2021-07-19,0.1128664639702816,2847380055.516908,33089784.03820569
2021-07-20,0.1066173669709201,2693275775.9823146,29562274.818139803
2021-07-21,0.102922591264639,2602424062.356837,45095319.134603016
2021-07-22,0.1103935402185955,2780016510.089248,38042124.90637281
2021-07-23,0.1119426070734554,2827827623.2442894,36324775.02882901
2021-07-24,0.1137534170378243,2873117651.607818,45065096.70495084
2021-07-25,0.1148568144494298,2901057043.679976,39824786.22520561
2021-07-26,0.1177037208515788,2957104078.425038,42329456.90709053
2021-07-27,0.115853054333669,2935385623.937183,54267432.71459555
2021-07-28,0.121156028561858,3057016009.7858105,33524903.93281455
2021-07-29,0.1214645963587599,3067123290.472408,43150001.93813746
2021-07-30,0.124180834046737,3138264255.727148,31162412.433926944
2021-07-31,0.1277578977770606,3229214996.57254,55763778.45777796
2021-08-01,0.1298811866300174,3280595930.8613086,30019294.80649659
2021-08-02,0.123697232026204,3124342987.433832,28175787.68263825
2021-08-03,0.1249589873466058,3159443788.1649704,48358572.485451415
2021-08-04,0.1199454865631747,3031243502.393077,27064602.463623367
2021-08-05,0.1261836410776302,3189821639.448223,32879502.44798418
2021-08-06,0.1297864818334264,3279383286.901281,45642657.75831972
2021-08-07,0.13140884569743,3317228964.559345,40821645.338811375
2021-08-08,0.1420949282751178,3571343304.234149,47370834.4655133
2021-08-09,0.1366929419563689,3456716509.5774093,38958170.94884387
2021-08-10,0.141736712839658,3551543240.9199524,36069798.198503055
2021-08-11,0.1427023913308289,3596298555.596192,39980966.50862429
2021-08-12,0.1464910020533368,3697391080.725245,47139090.69072194
2021-08-13,0.1392316322042356,3509168059.0636234,42888607.2809064
2021-08-14,0.1526315663357576,3841443255.956322,43561482.80993683
2021-08-15,0.1498892923692442,3793988372.888589,38510817.79805537
2021-08-16,0.1506395082813472,3798591327.805245,35344196.74615725
2021-08-17,0.1477199341640052,3752429523.4857874,39884658.62675274
2021-08-18,0.1408273975218684,3584021286.706561,43341611.86977261
2021-08-19,0.1431027032251511,3625427157.59019,43562171.52101967
2021-08-20,0.1471126414828582,3674270258.303026,35137843.27004053
2021-08-21,0.153831780619163,3879909280.442379,41637150.1956729
2021-08-22,0.155068821052616,3920049883.969084,32235124.254765816
2021-08-23,0.1558828487036401,3942283439.228828,33183659.34899186
2021-08-24,0.1589336285990837,4015426348.420782,40017167.64512914
2021-08-25,0.1532459595416905,3880415966.0730295,50081757.79110381
2021-08-26,0.1577891444438855,3988026928.63552,47118845.83967965
2021-08-27,0.1494762173165149,3786751145.932501,47118450.941713765
2021-08-28,0.1567445422783842,3962463381.260278,49768181.94271079
2021-08-29,0.1561275804137898,3938145168.716352,37972327.57145728
2021-08-30,0.1603000759878033,4054561331.849697,55333607.10363222
2021-08-31,0.1531459853876024,3876439345.277422,50762336.83233253
2021-09-01,0.1543252403924389,3900425791.248805,51907292.00359877
2021-09-02,0.1610513572305934,4064217566.372392,57973463.64042107
2021-09-03,0.1626088453835568,4111280089.416829,68694888.8023318
2021-09-04,0.1666807996458244,4202270437.141349,50438068.42056563
2021-09-05,0.17111899479228,4327258938.411889,47348378.23940975
2021-09-06,0.1854715895984122,4684972122.300214,65196435.82726838
2021-09-07,0.2042325714844566,5143584107.261806,95949982.01329152
2021-09-08,0.1683928859077572,4250825258.449904,123025471.21572316
2021-09-09,0.1706337633992952,4316644613.619958,72030973.01825002
2021-09-10,0.1817044735372655,4595093349.769836,67834392.23057279
2021-09-11,0.1710259584123503,4313339454.692184,71205053.9226954
2021-09-12,0.178022524128093,4499989497.432322,42801157.86037348
2021-09-13,0.1830441075394799,4638852980.664594,76553850.61934523
2021-09-14,0.1758155765671725,4440681610.4917145,75588635.559528
2021-09-15,0.1837615805414956,4640927868.146696,48107725.3754437
2021-09-16,0.1901840865844151,4800380208.307193,53652275.81151027
2021-09-17,0.1917399341870122,4838554373.915247,65192956.19325183
2021-09-18,0.1893919604336051,4772195771.697916,132471162.58169311
2021-09-19,0.1891701413031853,4770810657.644889,45117967.67410544
2021-09-20,0.1852204166616851,4683143531.469827,39314319.86453304
2021-09-21,0.1618145084575466,4064839007.556442,88208721.9382789
2021-09-22,0.15078272613124,3800428536.0290017,64654800.521757424
2021-09-23,0.1668596744334509,4199622746.56664,52832035.54326304
2021-09-24,0.1712810308490283,4324981895.577963,74675472.68017434
2021-09-25,0.1595513491493578,4043608493.7092304,60679809.35411312
2021-09-26,0.1587261746757298,4013997392.2145634,31129874.05127776
2021-09-27,0.1584366439150049,4003009687.9977713,44150225.49811609
2021-09-28,0.1549042900337724,3945907432.607524,37037841.58066617
2021-09-29,0.1465761307590315,3714166471.126331,34884085.91857816
2021-09-30,0.1501086229100941,3787342013.933387,36808215.84962238
2021-10-01,0.1591592462118553,4019244740.581617,39172827.665796645
2021-10-02,0.172797375099048,4365979202.86776,55236140.05405216
2021-10-03,0.1755013574022126,4438436664.471578,40119047.56373376
2021-10-04,0.1822807157168401,4609639276.002836,64248472.51054147
2021-10-05,0.1800539015774425,4549247879.456891,59303326.09212635
2021-10-06,0.1815527560444739,4586947971.881432,60194175.85882163
2021-10-07,0.1878081434727185,4748029661.163819,81163309.57803029
2021-10-08,0.1859745375620899,4696090167.343331,68881663.15681076
2021-10-09,0.1916696734886681,4850501344.939507,82110713.76995203
2021-10-10,0.1939716295122345,4902364605.89095,53501242.79764057
2021-10-11,0.1894372736000172,4773632507.791331,49012366.47558102
2021-10-12,0.1934315798426321,4859075787.626708,57456303.07145707
2021-10-13,0.1863214089201078,4704555919.624012,67026557.93322484
2021-10-14,0.1872502998815239,4740276066.732132,52756816.030388586
2021-10-15,0.1871121877162433,4728043275.939581,40367277.151037134
2021-10-16,0.1900651951062382,4791243337.925858,62608868.82834585
2021-10-17,0.191364096987957,4841389196.71652,44091229.01543962
2021-10-18,0.1887341333525986,4755624236.9808,37430068.643743776
2021-10-19,0.1862154418880051,4704138377.637595,41751789.523812495
2021-10-20,0.1876487056462407,4732422060.114373,41656026.02709171
2021-10-21,0.1911934282654862,4832119734.5713415,40583386.72168486
2021-10-22,0.1885455698769753,4771197801.966431,62615834.17599774
2021-10-23,0.1876155495245882,4736291861.281908,48453589.84602703
2021-10-24,0.194163217147256,4891215178.965266,36136677.71564104
2021-10-25,0.1925784820806059,4861750243.270246,49456788.64215277
2021-10-26,0.2010665343177925,5080909182.358885,46152310.91370516
2021-10-27,0.2036976524723914,5171228425.049307,57590597.12300837
2021-10-28,0.1876199719955049,4739526717.527175,105400881.26987186
2021-10-29,0.2021334474174568,5115175648.852191,117056601.88081925
2021-10-30,0.2243191270276627,5678532084.254807,147449879.31731364
2021-10-31,0.2135585149325811,5396661610.19791,170649700.10903716
2021-11-01,0.211463335495929,5348726268.686862,499813179.328483
2021-11-02,0.214143643863157,5371557909.539327,348648164.812657
2021-11-03,0.2538818784520633,6403779144.663249,388215923.5350421
2021-11-04,0.2681484636062454,6745838606.95403,398770954.94005054
2021-11-05,0.2882581168553119,7248624404.172502,578275385.9271016
2021-11-06,0.3806128981452684,9470426117.05156,1670498022.117874
2021-11-07,0.3393315833526862,8564645588.188307,564466640.6001234
2021-11-08,0.3528704102492847,8861740217.134653,389782191.4623224
2021-11-09,0.3949432654248292,10084773360.461758,1056802371.8172604
2021-11-10,0.3534716115113572,8964508012.604202,369191395.2825214
2021-11-11,0.3306222541455039,8345666618.19658,263932615.66678545
2021-11-12,0.3480895329426192,8796774675.997065,177711402.10510954
2021-11-13,0.3595469138150288,9041616206.045095,214159912.3884457
2021-11-14,0.3910117015981985,9926998370.737812,571586792.794352
2021-11-15,0.440104931244819,11036179874.792906,543309803.1293336
2021-11-16,0.4486034137226065,11343346732.306522,1087236711.4901536
2021-11-17,0.4174177135993908,10554015651.73411,534362727.7337623
2021-11-18,0.5279634368095303,13007682570.45556,2021533304.246039
2021-11-19,0.4986298880895793,12640555790.833715,1224935866.3140595
2021-11-20,0.5698751726131494,14241186435.670538,604234721.0752151
2021-11-21,0.5817182669843683,14735425073.969046,514601069.0930208
2021-11-22,0.7338568974243626,18695601708.84317,2180022253.91815
2021-11-23,0.7271192922721572,18323962406.450817,1640622800.580066
2021-11-24,0.8915442855135514,22766071274.228863,1919728651.35486
2021-11-25,0.8857174444891305,22430211802.122715,2128307291.8241744
2021-11-26,0.8068637688908423,20345015910.64492,1655722224.959087
2021-11-27,0.687563927834102,17403635968.79388,1192384573.4879322
2021-11-28,0.7715293949730113,19557022579.260017,1249313032.9715085
2021-11-29,0.7508415726864887,18976995020.146336,982020808.4133972
2021-11-30,0.7136107339718283,18085054784.3342,586510709.3829265
2021-12-01,0.6896808412432742,17452627259.522755,654348672.536764
2021-12-02,0.720451406866872,18228212955.03433,753259248.7823186
2021-12-03,0.6891706900054674,17414552222.823162,422992511.57917625
2021-12-04,0.637729026212316,16089741924.18896,513700786.0294881
2021-12-05,0.6054305863034541,15252787381.71453,813440503.3390403
2021-12-06,0.5630077334739376,14184961699.192957,377238129.53993934
2021-12-07,0.5961581236935201,15046023617.258924,523391893.7110877
2021-12-08,0.6123674377937471,15287088367.361662,697734784.8282448
2021-12-09,0.609171467734753,15393179049.082905,350653197.07319134
2021-12-10,0.5676741944718297,14457474969.607529,311766872.43043447
2021-12-11,0.5484606399515418,13935668230.253883,278439241.7568994
2021-12-12,0.5771493461404271,14564036175.018494,229131002.6291377
2021-12-13,0.601497528382365,15167216568.556717,272845522.1528106
2021-12-14,0.5310826822674102,13422898241.415306,276199423.906099
2021-12-15,0.5449155567345854,13745005657.347994,250587198.21118075
2021-12-16,0.5576071634976892,14035201669.835716,311808863.7433433
2021-12-17,0.5410795414254239,13665236112.920538,204440280.95102024
2021-12-18,0.5228826268082738,13204935182.6736,228088901.0142938
2021-12-19,0.527666994340942,13337510220.489658,161334820.6407896
2021-12-20,0.5150095661440955,13016930261.276909,172250285.9887458
2021-12-21,0.5015785289120285,12697635486.866903,239971710.9344437
2021-12-22,0.5309833343091583,13449953710.520126,212128168.8112093
2021-12-23,0.5387789970647512,13622472574.101322,238974643.6286806
2021-12-24,0.5958199348281162,15034619427.15809,409054870.6923429
2021-12-25,0.6279284879656764,15867322601.758295,677750794.9969953
2021-12-26,0.6500411972420093,16437077612.513536,372569226.2827641
2021-12-27,0.6267705444289321,15786048919.496773,345301340.1728224
2021-12-28,0.6244717027763494,15821482415.00959,259855810.2865865
2021-12-29,0.5684013055974462,14370949478.232918,342577941.00775784
2021-12-30,0.546926972460771,13727687116.441551,246712787.4593468
2021-12-31,0.5540088725549203,13983128626.439722,207038650.2068854
2022-01-01,0.5584775044688616,14179177137.439732,228628203.38999856
2022-01-02,0.586681278208802,14734123699.347189,160022509.0549634
2022-01-03,0.5887698923836513,14886637406.751137,182927309.6025011
2022-01-04,0.5680433526661363,14392269540.073236,192812361.50171104
2022-01-05,0.5528378909741873,14036002587.034525,180979573.1263764
2022-01-06,0.5056421076863616,12773298086.77534,269128558.3493574
2022-01-07,0.5040786937979456,12767386626.19853,248602214.8559976
2022-01-08,0.4641672690481443,11759410364.07813,253635791.82537267
2022-01-09,0.4544235427506832,11530600375.985086,192696300.82056987
2022-01-10,0.4624787929938191,11686370312.221596,144711234.5734238
2022-01-11,0.44558992374225,11242816936.016796,186430381.7376576
2022-01-12,0.4595357055358138,11640256914.493946,149661722.7960571
2022-01-13,0.4877510897945107,12311356416.785694,186213320.1049196
2022-01-14,0.4564913409859198,11580720426.908922,152828493.43770158
2022-01-15,0.456796725732946,11523571385.662556,135609904.75685152
2022-01-16,0.4684102554580018,11821012990.03248,123317787.49873392
2022-01-17,0.4648567637836044,11749316990.670889,101904465.41176352
2022-01-18,0.4456379796613431,11257006436.663164,131857612.17392188
2022-01-19,0.4456036187044693,11271099886.49032,162150942.7636625
2022-01-20,0.4336598231694609,10960435730.811657,127728322.43404391
2022-01-21,0.4373050970096506,11088601215.077532,203677335.93854663
2022-01-22,0.3634449136997107,9182659444.519886,251481322.2765256
2022-01-23,0.3380161642313382,8522639667.82102,235020831.71685943
2022-01-24,0.3774250463121573,9530749147.167467,182526012.27187145
2022-01-25,0.3750467678552899,9489042620.690195,227289783.6593996
2022-01-26,0.3926345044414403,9928368809.925356,166948021.21384662
2022-01-27,0.3995318419240826,10094035845.648031,210119608.59259787
2022-01-28,0.4008885121122008,10093337725.734991,147983363.41081825
2022-01-29,0.4215478400789374,10649106315.530312,138252883.01134384
2022-01-30,0.4331357995618337,10897736633.260803,129864500.72822918
2022-01-31,0.4247504112744024,10736493081.775885,109327943.68518132
2022-02-01,0.4290279890084436,10818225139.168789,130737590.6666087
2022-02-02,0.4376138702191107,11050364413.321138,122332093.33866884
2022-02-03,0.4046115972326369,10215581719.577335,109707833.00988214
2022-02-04,0.402276222305924,10133658606.01536,101485053.09067167
2022-02-05,0.4364457753392196,10905580333.878996,130382689.67789522
2022-02-06,0.4506417078330307,11399316698.211529,152700094.40210545
2022-02-07,0.4629780669888016,11664513333.711664,113787931.40025872
2022-02-08,0.4970504990076108,12545132981.221483,215140739.24730435
2022-02-09,0.4890233125344734,12366858753.953264,245308653.5513768
2022-02-10,0.5158322972744186,13021062029.064224,161623353.2057449
2022-02-11,0.5108350211332112,12947904535.874292,273337149.64985687
2022-02-12,0.4801975254603602,12110770708.147465,205514714.43324745
2022-02-13,0.4871566946507387,12256993920.817629,162724289.59476823
2022-02-14,0.5053945501409377,12817260183.28467,240667354.25409627
2022-02-15,0.4705940267641577,11945140315.510645,224988149.67783797
2022-02-16,0.4958017131684485,12560197376.976418,172789788.3512021
2022-02-17,0.4803184638745425,12159947803.97162,119092680.12195157
2022-02-18,0.4305356603672525,10884071707.96011,151501157.09490907
2022-02-19,0.4364191348528876,11036387635.668056,172957703.15125567
2022-02-20,0.4379950711412037,11043191189.797338,97105444.2026488
2022-02-21,0.4056472056521217,10272368641.438404,113033495.511054
2022-02-22,0.3865323800849365,9793200451.584108,147816344.9785507
2022-02-23,0.4041112411720002,10210024665.494995,139442305.39271966
2022-02-24,0.4003803286726159,10119970801.631817,128769907.46696028
2022-02-25,0.3943976415509839,9958348077.234848,226408732.477305
2022-02-26,0.4187293567431471,10564480848.375307,134356988.83835608
2022-02-27,0.4148362920137532,10439636390.63964,92189041.49029616
2022-02-28,0.3956447606502023,9999990054.740995,97629304.15328982
2022-03-01,0.4395226192628001,11086188942.003002,143475998.57603902
2022-03-02,0.4397245668229993,11085976293.853865,142063806.10180363
2022-03-03,0.447137229893792,11298778806.86914,107184444.21232072
2022-03-04,0.431144837057372,10887680359.974482,86066851.5343029
2022-03-05,0.3968969140953042,10035308810.679422,94632670.6000706
2022-03-06,0.4101262474973728,10345981817.026655,59424608.01482712
2022-03-07,0.3925078581547479,9932611819.748186,69290257.38803019
2022-03-08,0.378598740021925,9545425838.05186,89801278.41911784
2022-03-09,0.3870038904402851,9780301125.709604,77399324.80285205
2022-03-10,0.4088631748246744,10323995916.033052,94433027.39939548
2022-03-11,0.3896912431819525,9847237879.356936,77618799.75641854
2022-03-12,0.3821707744773873,9684309068.46402,68696381.7656847
2022-03-13,0.389172022881931,9829083441.730524,47981266.260116175
2022-03-14,0.3771692105513822,9532717925.855703,41989707.72255411
2022-03-15,0.3794679454146335,9555516575.87608,59790099.76743898
2022-03-16,0.3848845894358997,9733761095.912506,64036391.70007586
2022-03-17,0.4059394715892455,10260445626.79451,106602475.93840632
2022-03-18,0.4014617109471994,10139854218.0216,58540539.729276456
2022-03-19,0.4062423473151936,10265529513.207788,69950149.0713632
2022-03-20,0.4172693579380641,10540957690.848804,54999385.86629212
2022-03-21,0.405514821758297,10248961229.10707,51520800.16894073
2022-03-22,0.4051123898711879,10237205055.938086,52231986.18434541
2022-03-23,0.4172854266875127,10562902485.63646,76458338.03594436
2022-03-24,0.4338337674973803,10949171965.048347,92370015.79558
2022-03-25,0.4483404163528318,11347175983.913937,85734423.97529961
2022-03-26,0.4552946279775036,11507049523.052496,95579868.214575
2022-03-27,0.4575613856272995,11565406203.320066,53809660.080968015
2022-03-28,0.4838569916520193,12209194763.131392,89085639.700693
2022-03-29,0.4799767974822497,12141192567.827976,161605811.21571368
2022-03-30,0.4806569429771507,12131231042.213366,105229472.83635668
2022-03-31,0.4744144921931313,12008201706.264904,84107493.50374922
2022-04-01,0.4606280548444682,11597338446.39931,104321740.19212832
2022-04-02,0.4804260165442297,12135127819.708933,120408835.45655052
2022-04-03,0.4796846206532066,12132098370.369732,97567859.94177948
2022-04-04,0.4802166882768726,12099070086.578382,78236753.33683445
2022-04-05,0.4844978940864514,12218683764.229662,86855017.21550946
2022-04-06,0.471989101107601,11959513194.115955,71512993.506883
2022-04-07,0.4406318799320374,11160328885.817478,88100434.95269527
2022-04-08,0.4486534305380838,11359620303.856497,66808080.021960296
2022-04-09,0.4364026998471343,11008076856.560404,66422910.99103893
2022-04-10,0.4451494065558224,11230033285.251242,42075149.22621104
2022-04-11,0.4413286169856494,11204113498.767675,40077293.99637111
2022-04-12,0.4034281262704398,10193314047.99654,69766200.6341557
2022-04-13,0.4178744363174486,10546154541.16759,71639862.5743374
2022-04-14,0.4236394224931881,10684803232.124,53819656.43792941
2022-04-15,0.411152178884392,10386736040.803877,52343933.36664431
2022-04-16,0.4078381439588269,10283334071.768845,49098277.95505655
2022-04-17,0.4084794662218106,10333616412.880262,30103104.21465224
2022-04-18,0.4050568526813552,10227387506.42551,33752253.02844015
2022-04-19,0.4117949802978731,10391220981.00638,55041118.53495233
2022-04-20,0.4172744143920179,10544881563.753632,41208024.8402485
2022-04-21,0.4169941307446725,10542765083.028854,49088667.95609051
2022-04-22,0.4075513638409979,10289181585.456133,51154070.63612722
2022-04-23,0.4052542315782999,10245876676.726427,46762687.39510831
2022-04-24,0.4062825797859134,10272635390.399832,36287121.13345133
2022-04-25,0.3978576324192661,10069984462.98208,34393889.55252637
2022-04-26,0.4029007902906907,10178708238.854609,65055127.78437798
2022-04-27,0.3792754480400396,9575391843.42284,55009654.196913145
2022-04-28,0.3892310174039812,9838895431.415869,47144863.97478775
2022-04-29,0.3888031809688798,9820134141.829468,46454075.6529064
2022-04-30,0.3705357809390032,9371460640.759434,52306345.27906994
2022-05-01,0.3515509213041731,8863359985.926176,38385339.86906514
2022-05-02,0.3137449854520014,7919392942.999768,235463698.42892748
2022-05-03,0.2766434365239441,7007248627.341887,190055500.94380125
2022-05-04,0.2920931200891177,7383621194.933062,156644712.29830444
2022-05-05,0.3121289794660966,7874498968.447835,75919255.79961705
2022-05-06,0.2851427091813355,7191751321.156124,67591323.63940977
2022-05-07,0.2811109769075394,7098815631.694965,43168469.58515449
2022-05-08,0.2726440471576673,6906557389.475824,33109291.14605076
2022-05-09,0.2568914766395511,6483329372.05018,41821664.50306541
2022-05-10,0.2097597114091395,5348032059.150278,96402289.10647637
2022-05-11,0.230111617022674,5814024647.150397,114747310.14501104
2022-05-12,0.1943267039077381,4930742664.354497,144150108.7310435
2022-05-13,0.1776227131335271,4495682903.268518,108987603.08145228
2022-05-14,0.1829080549505639,4623973953.329532,73686097.26708797
2022-05-15,0.1896150212848339,4786028368.311263,97622741.34325464
2022-05-16,0.203345778851466,5114246840.143465,51588796.03626538
2022-05-17,0.1939871624086848,4898592254.173205,33435571.1615902
2022-05-18,0.2026260541589093,5126429955.70755,34321669.19425367
2022-05-19,0.1853455219784602,4683797435.489465,32997760.1105252
2022-05-20,0.196772055043729,4971664745.275921,33942045.521090075
2022-05-21,0.1875521883252336,4748972526.654567,32171267.51578665
2022-05-22,0.1897052853448937,4796603821.181061,24077620.81739489
2022-05-23,0.1964090294153538,4959568449.844915,23277811.38527415
2022-05-24,0.1854647722742405,4682023859.868728,41921519.38571226
2022-05-25,0.1900372912562595,4794781945.0562525,26897864.52516853
2022-05-26,0.184169459015888,4652282655.691441,27433040.27086115
2022-05-27,0.1710216216705483,4319659711.78488,50201758.6501827
2022-05-28,0.1678148770877214,4239154672.390609,35132229.45063985
2022-05-29,0.1707031579678223,4321880892.147583,14855534.836171629
2022-05-30,0.1749898078504871,4412982891.99724,16575767.65868248
2022-05-31,0.1897726110180815,4794033578.141454,33312655.944059286
2022-06-01,0.1894429518693364,4801636647.482402,33127938.014698453
2022-06-02,0.1791668394508678,4533703452.279814,31293538.660103098
2022-06-03,0.1848563318632315,4683947263.124599,25996336.26629018
2022-06-04,0.1784812620041476,4500655189.986698,23409704.95324875
2022-06-05,0.1795730340090897,4535913795.542669,17023518.801572185
2022-06-06,0.1789605856292341,4530908998.956456,20423510.97737708
2022-06-07,0.1818289434600382,4596015372.631995,29108088.758131947
2022-06-08,0.1786792353561333,4529045924.497864,31703348.044446703
2022-06-09,0.1764657435528438,4463745573.100947,20989518.54352499
2022-06-10,0.1742837682525874,4402753826.705759,15461184.773959303
2022-06-11,0.1655544160143734,4183400157.918626,23990601.75258462
2022-06-12,0.1531413990125116,3866428866.4439926,29461274.474381983
2022-06-13,0.1412835815514877,3598882836.4709115,34129152.07721652
2022-06-14,0.1163993439909839,2922795770.291797,68743998.8490282
2022-06-15,0.1189096421928217,3001569210.227629,47140448.28425096
2022-06-16,0.1214894086036849,3070480963.817335,48201989.10079003
2022-06-17,0.1088745067321944,2747128253.472265,28817967.772549067
2022-06-18,0.1159783989181851,2924652287.601641,71111671.12968265
2022-06-19,0.1070737355750423,2702032808.59142,32527345.91126089
2022-06-20,0.1144453826935984,2889005753.086166,30977780.234132253
2022-06-21,0.1149689484503043,2895808094.92402,26422129.57222672
2022-06-22,0.1164593674665433,2947009079.063958,28111367.415477265
2022-06-23,0.115120566444548,2909743736.861457,36863933.49040274
2022-06-24,0.1212296868390031,3063505087.285194,23433125.660434097
2022-06-25,0.1275789914941576,3240286160.4863424,42455942.837851375
2022-06-26,0.1291904835048467,3266409723.3864284,21862100.55525213
2022-06-27,0.1244269323795884,3152499921.170701,22079103.02967034
2022-06-28,0.124563580757659,3149558285.2800264,19468590.67692548
2022-06-29,0.1200557121083999,3029629451.673593,22183109.66979022
2022-06-30,0.1169071277106352,2958049543.295906,23191998.63595027
2022-07-01,0.1135346233768716,2844915549.889366,23922766.445268903
2022-07-02,0.1132882276565248,2871358125.573001,21594573.673541155
2022-07-03,0.1131810956674576,2859212034.993055,15538531.436968658
2022-07-04,0.1134220264615877,2865679437.716729,14683566.379236436
2022-07-05,0.118528333344262,2996306254.282016,18571982.520701826
2022-07-06,0.1160370435320222,2934205734.6362376,20475916.576529056
2022-07-07,0.1198317936447612,3021996529.5619955,22151041.249375056
2022-07-08,0.1236176611586003,3120521417.235564,18876566.945147887
2022-07-09,0.123896147565882,3134662239.99721,26639519.7459197
2022-07-10,0.1246766676577978,3147366424.8611784,12330748.938685091
2022-07-11,0.1195008333653891,3016956829.712631,12080742.46573926
2022-07-12,0.1133023568060388,2873386871.2827783,21478564.164108697
2022-07-13,0.1104960767433865,2796763376.915848,15517518.044840949
2022-07-14,0.1158975667941618,2920303534.546094,22482644.280377746
2022-07-15,0.1184166113684298,2994045572.591924,16194815.590430632
2022-07-16,0.1198599001618107,3025960769.6789083,15527175.744797906
2022-07-17,0.122626099199303,3096785735.9991302,17889094.215235423
2022-07-18,0.1208414024709381,3057393096.086657,16400281.629403224
2022-07-19,0.131754300443554,3302765255.258089,28803958.263453845
2022-07-20,0.1350745063025429,3418018424.309096,34250918.5132684
2022-07-21,0.1323109015571404,3350786173.1633945,28614087.87376188
2022-07-22,0.1345772316285211,3398771465.264922,19094744.35490985
2022-07-23,0.1311817126194855,3305376451.08476,17650521.787874065
2022-07-24,0.1268353929929588,3202959772.7589765,23761444.6564001
2022-07-25,0.1287318592754069,3263512614.587551,16647884.681582129
2022-07-26,0.1202951689574608,3057662539.105613,18822508.37875385
2022-07-27,0.1204136727897613,3045383235.258188,13660175.06281715
2022-07-28,0.131182968285348,3302427662.065593,18897089.240327016
2022-07-29,0.1351240552376117,3410677895.466297,25292576.585357133
2022-07-30,0.1381262439906367,3515614400.905628,27010256.288951244
2022-07-31,0.1378894650493605,3477223985.720509,19598767.244866677
2022-08-01,0.137443376942157,3477421688.392209,16405716.250691006
2022-08-02,0.1395188659626268,3505097455.9829626,28951893.604223
2022-08-03,0.1530772203195039,3878080772.130426,193262967.71422964
2022-08-04,0.1463405315211127,3689071051.634456,120492165.52806538
2022-08-05,0.143739517608252,3621612815.193112,31273155.244385097
2022-08-06,0.1469511903965287,3706199007.7572994,23827180.295937072
2022-08-07,0.1449762666803228,3664418852.325298,13822042.441421008
2022-08-08,0.1467600645657724,3710589822.6094737,13474620.87842672
2022-08-09,0.1508657832160078,3809873818.065732,25408951.02015828
2022-08-10,0.1461080509009443,3690953842.211543,17313464.605364524
2022-08-11,0.1517491036152185,3831472941.644129,17589306.127394445
2022-08-12,0.1520405102723662,3834442508.52926,19092556.2052631
2022-08-13,0.1557493864680111,3932444381.275167,16286979.354609188
2022-08-14,0.1548136769404681,3909304692.9932094,22870740.15059011
2022-08-15,0.1529345102246866,3867503478.669395,14746295.792265102
2022-08-16,0.1522329439577675,3847556339.288154,22481566.827817302
2022-08-17,0.1514118923413499,3821773521.400097,23275784.72066032
2022-08-18,0.143468132591699,3630335957.57176,29648255.34640257
2022-08-19,0.1410384975002747,3563576478.559596,16833484.13222623
2022-08-20,0.1229482652405899,3110627746.033968,32227767.314929515
2022-08-21,0.1251526894289073,3161032221.0455475,13464513.191305809
2022-08-22,0.1283553518872224,3244164362.683945,12164513.214374237
2022-08-23,0.1280083882005635,3223257246.759708,19478584.18561856
2022-08-24,0.1289630318490944,3257913951.930408,15615464.235010903
2022-08-25,0.1288530443062524,3253223612.682685,13399378.64648309
2022-08-26,0.13186286814009,3335565466.831121,17402869.619088374
2022-08-27,0.1206538270187016,3041100404.373884,22488554.72639904
2022-08-28,0.1205845385385862,3046048936.19852,14633157.133481488
2022-08-29,0.118848004205643,3005552336.916994,12081887.948995812
2022-08-30,0.1232801753789801,3115214790.938738,13237013.340322567
2022-08-31,0.1211067648340366,3072373697.533348,19676243.35286373
2022-09-01,0.1218965533811011,3080716801.79146,15045934.800749706
2022-09-02,0.1222572570636923,3081208957.0196075,18488432.469928827
2022-09-03,0.1197049233702986,3023453434.290401,12790061.639852151
2022-09-04,0.1193649314824705,3019425411.4578986,7081863.753352072
2022-09-05,0.1202137109225897,3033051655.0545044,12464945.740506774
2022-09-06,0.1202227895126978,3035367241.03708,10446728.9691442
2022-09-07,0.1123967743607975,2843551193.270448,24813057.70438649
2022-09-08,0.1136830003712448,2875151055.1532946,17724944.867367215
2022-09-09,0.115751457756495,2922524766.998348,19870281.356264733
2022-09-10,0.1201271814430961,3035436520.2093263,20943259.41628331
2022-09-11,0.1242855750760447,3141190295.995103,16535728.90174917
2022-09-12,0.1229267856536867,3103560647.036848,16580422.996436875
2022-09-13,0.1263553376755581,3226595227.977353,25796079.10362917
2022-09-14,0.1104281888973949,2792754142.3627687,23053900.609917037
2022-09-15,0.1118516534165769,2819900752.701632,17435782.61389592
2022-09-16,0.1059891824184632,2679693270.9609914,24590892.237481818
2022-09-17,0.1058535362074847,2672676733.8367057,17955162.66969946
2022-09-18,0.1108587525246103,2795417487.6190205,20460217.1223016
2022-09-19,0.1024827333526627,2587418595.292893,17307521.18816854
2022-09-20,0.1046401231589817,2643820669.189777,26093128.592529345
2022-09-21,0.1041643038566364,2631783384.852269,17524118.47483712
2022-09-22,0.102416902877885,2580251958.646265,22392340.14801516
2022-09-23,0.1092261574917491,2753209647.594928,20110954.14302995
2022-09-24,0.1224796471933113,3115257787.51332,155522895.113571
2022-09-25,0.1192450705234827,3004687460.673519,58793162.17770296
2022-09-26,0.1157900235544023,2920302450.2388263,29351200.49267544
2022-09-27,0.1152509070517217,2906558875.0617967,28484058.12205205
2022-09-28,0.1119037601096312,2832239316.0400186,35635491.598597035
2022-09-29,0.1124019265653888,2839428842.018567,24335008.322470617
2022-09-30,0.1117232942951544,2819343733.107685,21456312.44204643
2022-10-01,0.1099244771235835,2778138538.4025035,18142079.355303675
2022-10-02,0.1110898294462245,2809932638.6246347,10536911.872936057
2022-10-03,0.1097911988547036,2779645693.1998725,11180068.053291077
2022-10-04,0.109568958384445,2768424185.642884,19735788.0405096
2022-10-05,0.111823769262892,2825133921.628437,15794176.76774786
2022-10-06,0.110430366753539,2784530190.249701,14544930.568158776
2022-10-07,0.1092436308664257,2758099927.394213,18298020.26161686
2022-10-08,0.106778780424238,2693810741.458132,20540179.349011783
2022-10-09,0.1069587047981914,2702317074.475319,15208009.041610071
2022-10-10,0.106980490873333,2700178885.5352583,13708294.162378464
2022-10-11,0.1038628754134812,2623575495.79249,24697034.6931588
2022-10-12,0.1019801177357047,2573565207.927544,36087680.81460612
2022-10-13,0.1022189003047815,2578407033.1096973,19460557.986504637
2022-10-14,0.1034238063556036,2613134016.943676,42386314.96461286
2022-10-15,0.1035769195427695,2610202991.670916,23587147.780050807
2022-10-16,0.1040811444776769,2629336804.789991,28411583.96342991
2022-10-17,0.1047979238316109,2652519937.981046,17487905.073907908
2022-10-18,0.109788106208684,2772823452.0050817,36642631.00540371
2022-10-19,0.108492202932833,2741337243.6397214,28757874.85258768
2022-10-20,0.1055230080530994,2667719771.898156,26716134.99923349
2022-10-21,0.1037463401000192,2620776976.08458,24181939.6882268
2022-10-22,0.1060459495109231,2678432401.507017,19284885.6924519
2022-10-23,0.1055986971973463,2664901720.6291904,20526122.581305537
2022-10-24,0.107789875952702,2719474283.228803,21178962.718462173
2022-10-25,0.1054160653100867,2661920931.9247694,14599141.63078276
2022-10-26,0.108419556408715,2732736434.7237654,34090184.522716045
2022-10-27,0.1123435542742556,2838650935.741971,37779454.70934402
2022-10-28,0.1099546561928167,2780136597.9624805,35370689.9506228
2022-10-29,0.1122068519487984,2834641321.8196077,37528541.624717705
2022-10-30,0.1104733190710401,2788718902.418614,42807337.17582891
2022-10-31,0.1140112139342237,2875933549.143578,55400903.486512125
2022-11-01,0.1144416092376143,2888865681.118823,42065813.73720201
2022-11-02,0.1119919135631951,2828241648.2867293,31915802.82218549
2022-11-03,0.1094564335304835,2760685582.785239,42497748.8961193
2022-11-04,0.1105376651311938,2790265263.1046505,28113038.221898813
2022-11-05,0.1170231878514046,2951365813.0342355,42872276.87318264
2022-11-06,0.121253994462988,3054268859.3017583,64420310.23912866
2022-11-07,0.1183803621937206,2987440034.6589246,73059916.95301025
2022-11-08,0.1248995318763172,3146232235.303359,84174206.73262486
2022-11-09,0.1034168539464651,2623164768.002477,128282162.31633894
2022-11-10,0.0802604400925309,2026975435.2638905,121858863.64842092
2022-11-11,0.0962249722297917,2425403820.852747,115830780.2616618
2022-11-12,0.0864823094883846,2174318644.84694,73468350.28749551
2022-11-13,0.0801456492085248,2025980175.1360545,63697619.02768598
2022-11-14,0.0637448116111053,1588520215.3459406,212744093.36690983
2022-11-15,0.0701576131416045,1782270926.2929716,274840874.6366971
2022-11-16,0.0750331499041249,1884912287.4018145,109001844.06659012
2022-11-17,0.071209803821888,1793250835.9474266,61094069.5382378
2022-11-18,0.0706857339846578,1784144967.127056,39238755.91889756
2022-11-19,0.0731493402272167,1853621953.8099992,37387620.53314929
2022-11-20,0.0715401067024895,1807343077.0984712,29855081.20649109
2022-11-21,0.064598148830738,1632421869.3266764,32776642.27458896
2022-11-22,0.0643392118477067,1626355166.3262064,34658992.965073705
2022-11-23,0.0649868063634601,1644214732.882434,29959696.23399971
2022-11-24,0.0679409667714199,1718810300.327418,23239787.747595605
2022-11-25,0.0658762668243375,1664201221.7545264,20151766.425309267
2022-11-26,0.0656079316049292,1659543556.2976243,18828341.131761897
2022-11-27,0.0646723711066647,1633238256.1784906,14284542.523116969
2022-11-28,0.06456768430475,1631510852.2447429,12212874.31371192
2022-11-29,0.0635009779267526,1604342796.7903583,17206891.44773999
2022-11-30,0.0636771100443407,1609258983.6711032,14093727.279471936
2022-12-01,0.0657463038445775,1662075018.5854924,16271186.88052084
2022-12-02,0.0654291251803909,1651196218.0979595,15804548.955855591
2022-12-03,0.0651391024356729,1644694279.887152,12946143.795379028
2022-12-04,0.0638745243853302,1617022878.9237528,11064697.002849992
2022-12-05,0.0651256311602326,1645554398.4277062,12211803.381227046
2022-12-06,0.0698706152622602,1766676146.692358,158914604.11463317
2022-12-07,0.0667515255765492,1686323306.4378514,27280183.103723258
2022-12-08,0.0642489020016305,1622764292.881696,45776551.016915895
2022-12-09,0.0647621180777506,1636571085.2947266,15202085.832800336
2022-12-10,0.0639878435559489,1616477008.8174908,15135899.69135369
2022-12-11,0.0644936229510348,1627558635.2509446,20039313.30139669
2022-12-12,0.0636267924221739,1607072095.3670275,11922858.967303025
2022-12-13,0.0623447271283674,1573990928.3621757,15009382.945303092
2022-12-14,0.0623526721596852,1575047890.3015258,19758653.93180444
2022-12-15,0.0619621982888601,1565600772.7942624,16561610.83251886
2022-12-16,0.0607259644704396,1534762918.191233,13271052.834671954
2022-12-17,0.0555807246038348,1401897782.924094,26683527.832129743
2022-12-18,0.0560154881429067,1415281622.4913476,14002463.46762605
2022-12-19,0.0569384313143902,1439078217.8998375,8624188.499907143
2022-12-20,0.0552692970900335,1396727879.2803342,12566720.658475118
2022-12-21,0.0572508744749901,1445586718.0593555,13282568.784376107
2022-12-22,0.0572310743708173,1443998752.5188549,14296203.619050631
2022-12-23,0.0578047833293486,1460173020.2276683,12343310.957279624
2022-12-24,0.0587958842863027,1485566173.9483552,10482089.858778482
2022-12-25,0.0604883090208136,1529352828.9802408,12476553.568927044
2022-12-26,0.0598844240015635,1511755250.7430322,9950963.819870992
2022-12-27,0.0592996070370931,1497437680.659466,8170554.08660888
2022-12-28,0.0580579631735997,1469891206.463116,11631873.452236122
2022-12-29,0.05753468156656,1455665031.789714,14960485.892581277
2022-12-30,0.0580620378476542,1466978309.080171,11348380.14973045
2022-12-31,0.0560098307221331,1414889834.0885444,13157725.013635272
2023-01-01,0.0559378931722592,1413477809.0735905,9211597.242381908
2023-01-02,0.0568903748912412,1437437240.1824648,9696241.806360988
2023-01-03,0.0573722061117472,1448262375.0409136,9320825.712068751
2023-01-04,0.0571707627489656,1443985280.5166106,9334642.589189695
2023-01-05,0.0593416947511183,1498003528.340752,14633721.17226802
2023-01-06,0.0587950447296166,1485865851.238132,9916900.58969939
2023-01-07,0.0607551119870825,1534241574.3960783,13950072.780075496
2023-01-08,0.0621508965517934,1569674333.1557496,12415791.503266582
2023-01-09,0.0621497730133786,1565206487.6182675,17213435.535257228
2023-01-10,0.0634490109485937,1602497493.7685924,17782429.987441856
2023-01-11,0.0642672319958692,1623790146.300875,13516628.345135242
2023-01-12,0.0654605969753644,1659179126.4579616,13985364.889169294
2023-01-13,0.0666944015636423,1686151854.8059142,19479657.23117588
2023-01-14,0.0715527725747732,1807548198.6003568,38512345.86053909
2023-01-15,0.0761119836217772,1930466081.4315376,59546359.03826836
2023-01-16,0.0741782764119388,1870545697.840876,26638953.45567703
2023-01-17,0.0807146678260542,2038386894.3376863,104539898.27894716
2023-01-18,0.0788811263549773,1994243066.621076,40828852.21783116
2023-01-19,0.0710251283631343,1794019761.337992,41614222.034718335
2023-01-20,0.074000627635476,1868342934.712773,18912082.174813777
2023-01-21,0.0785255268736866,1982459030.499768,25173887.79284819
2023-01-22,0.0768126703753902,1940723021.6533868,25307195.49798275
2023-01-23,0.0782909938194161,1975363519.5869324,31660211.69832993
2023-01-24,0.0806430591622788,2024073361.4942,29228985.130049422
2023-01-25,0.0783734147266858,1978292738.5299048,48349730.050524734
2023-01-26,0.0819256671450177,2068986907.127176,36676247.90043932
2023-01-27,0.0809634050757547,2053315292.683869,20797320.140223283
2023-01-28,0.0819353295087675,2071212889.2750623,24207481.47808775
2023-01-29,0.0813164486479092,2051276513.138934,17163478.779365465
2023-01-30,0.0826810367450181,2091443488.086458,18673117.2933866
2023-01-31,0.0777821628183483,1962863391.440092,24966910.52680825
2023-02-01,0.0791741551720918,1997257009.895144,16120079.915641934
2023-02-02,0.0807777292960657,2040774030.7939708,36231084.89059386
2023-02-03,0.0803920074300529,2029930623.395501,25887940.785022937
2023-02-04,0.0822833696356839,2071111049.2000675,20862540.678502373
2023-02-05,0.0838809982313513,2127412476.212467,37409471.795990266
2023-02-06,0.0811275430886444,2051351722.174832,33880982.88070149
2023-02-07,0.0800719203355993,2025355897.1709025,19360570.410114635
2023-02-08,0.0837179722814095,2119503106.1080425,26495122.693497077
2023-02-09,0.0841283630494251,2131425831.992544,37190655.70385982
2023-02-10,0.0775271015195315,1958291175.516684,30965524.147344
2023-02-11,0.0765954709886813,1936348909.692676,22296765.759493504
2023-02-12,0.0776216539354329,1957886937.10407,12629118.096116908
2023-02-13,0.0765838489460222,1936243004.5672584,13046542.39064434
2023-02-14,0.0743350347430286,1878201284.9146328,23558528.12902601
2023-02-15,0.0762393204674669,1926027960.1741395,19075018.765413933
2023-02-16,0.0810905122317993,2040968251.6055925,20975175.2002258
2023-02-17,0.0768619888701323,1943362059.9210744,32947322.16616117
2023-02-18,0.0799120023767199,2020595138.6514745,22527741.04596842
2023-02-19,0.0796256587275848,2009965425.584691,14522434.044421405
2023-02-20,0.0798652386149156,2023123703.6032796,16803018.480472684
2023-02-21,0.0835544164339703,2111695676.988525,30551510.521039587
2023-02-22,0.0864254118373506,2172142841.1584964,89577380.14202641
2023-02-23,0.0839350598259591,2121584525.950425,29994473.8559807
2023-02-24,0.0828625444126081,2090191574.335087,22341323.30873853
2023-02-25,0.080563145413856,2035205503.9396968,24001819.32571909
2023-02-26,0.0794325374677509,2002398003.2049844,14553073.322072096
2023-02-27,0.0807913761614941,2037008876.3127332,12389261.624033287
2023-02-28,0.0803162082248708,2029742910.6750543,19283036.97847864
2023-03-01,0.0785561420247532,1983704973.332333,14687639.482929474
2023-03-02,0.0798681643426223,2016533062.3149052,21500112.73737503
2023-03-03,0.0771429887252169,1948874481.584329,20854597.49830718
2023-03-04,0.0733488256364734,1850023908.2172365,19581046.687388018
2023-03-05,0.0732252937124998,1848998913.3544035,10164065.370739954
2023-03-06,0.0735155243957333,1856999990.7996736,10807112.318723116
2023-03-07,0.0725288587304344,1830720801.496445,15311511.587760808
2023-03-08,0.0704812039877496,1777644755.3054144,13057591.28230678
2023-03-09,0.0674290779144658,1704873844.1237786,15369778.286923569
2023-03-10,0.0628978175855841,1588945747.3466938,17064271.785189737
2023-03-11,0.0630203571364444,1592467125.7588196,19318799.288782723
2023-03-12,0.0646905829074416,1628733566.0051303,27281277.97741679
2023-03-13,0.0683426971697737,1721268958.3147657,16778869.61729716
2023-03-14,0.0716104547792368,1809242523.9883888,27353001.192253727
2023-03-15,0.0730466310558969,1845841061.3644288,31563599.04239861
2023-03-16,0.069155411327721,1745538094.8502147,21190360.04094805
2023-03-17,0.0705301559686917,1782309343.4546504,14694766.97714684
2023-03-18,0.0739427922372002,1863848938.7629712,29379507.188956767
2023-03-19,0.0711764122482171,1801914913.997641,17247026.93596176
2023-03-20,0.0721525770933941,1832375761.660796,14641383.52516901
2023-03-21,0.0717322091574775,1812593701.842584,51258919.142296046
2023-03-22,0.0718599081574788,1814640353.2642672,20650398.02170836
2023-03-23,0.0689988394988978,1741248657.0999875,18581517.25697742
2023-03-24,0.0703343555464907,1776603411.179731,13143052.91117655
2023-03-25,0.068399998193333,1738394094.238525,11347729.49653248
2023-03-26,0.0688128325660325,1736739785.185831,7581191.05016576
2023-03-27,0.0693492161501756,1753726038.5789073,11662938.205925176
2023-03-28,0.0665603178366937,1680412086.8930826,11844136.678924326
2023-03-29,0.0673749966902455,1700170171.929546,14826579.7143906
2023-03-30,0.069645220380133,1760330525.5872338,17530917.898266297
2023-03-31,0.0682949846794895,1725288263.7073486,13064568.688479329
2023-04-01,0.06921703337245,1747887969.532065,12628861.539719531
2023-04-02,0.0693514103703307,1751764330.682253,10357843.026679875
2023-04-03,0.0679056005740727,1714363390.0182643,14061952.138131766
2023-04-04,0.0679573064178743,1720347138.9286911,18196244.45717228
2023-04-05,0.0686511626297601,1731844282.5631692,11463466.601927456
2023-04-06,0.0703059969775932,1780619383.975702,19881085.24586746
2023-04-07,0.0691852061911398,1747799016.6591406,15120776.731384564
2023-04-08,0.0681795799169546,1721929056.502791,14104145.847007532
2023-04-09,0.0687206978023496,1734831973.8050487,12411257.8650944
2023-04-10,0.0682289736270342,1723267172.0736418,12470006.984815724
2023-04-11,0.0685628798481135,1732658895.150838,12158595.60387829
2023-04-12,0.0686790864481751,1734283745.6701145,14347043.394076018
2023-04-13,0.0680642948276078,1721000958.4578152,13267349.669851627
2023-04-14,0.0692232230168767,1749135661.1445577,11136041.089038843
2023-04-15,0.0705473222648587,1782411549.0780177,22014934.2916906
2023-04-16,0.071257588495505,1800281985.1415558,11440642.975669326
2023-04-17,0.0724157655851389,1828741124.551988,15873992.819640528
2023-04-18,0.0699806780984927,1767891632.8277552,15344918.785053875
2023-04-19,0.0724841108293786,1830774058.1895444,17777774.763168443
2023-04-20,0.0677539079790248,1715042142.1601508,22146732.00401896
2023-04-21,0.0678150936162073,1713172870.835713,29270345.211121976
2023-04-22,0.0686935708839352,1734824918.1261525,19284416.269409586
2023-04-23,0.0683352150825606,1726061473.816083,9655637.784971137
2023-04-24,0.0679622195209095,1715811800.264468,10299241.461789722
2023-04-25,0.0667753164728393,1686591241.9773896,12025647.842729367
2023-04-26,0.0692054975640352,1748255372.8740351,36179971.50566313
2023-04-27,0.0716109311321834,1798168537.2822158,121753094.45488392
2023-04-28,0.0748820703128606,1902321368.153469,99579074.60061917
2023-04-29,0.0783594912056442,1969366451.2301736,89918004.27074474
2023-04-30,0.0752816958210665,1901324513.3713336,20099731.460313085
2023-05-01,0.0731677252242256,1848850296.6875143,18311810.214225788
2023-05-02,0.0705178281529511,1781433432.9652994,15791082.91524922
2023-05-03,0.0727585896585547,1835586436.1713135,48869265.20709421
2023-05-04,0.0717347909996314,1812164130.4248996,18379176.602803864
2023-05-05,0.0706241543305575,1784381142.592265,10455045.453482095
2023-05-06,0.0699960740665334,1765099182.5792818,11986743.590173809
2023-05-07,0.0682361880706994,1723465109.418402,8935533.555379335
2023-05-08,0.0692086764962139,1745362119.8446782,9988577.90922243
2023-05-09,0.0664796593290217,1679197544.450822,14662108.30068117
2023-05-10,0.0657042305643096,1659082473.7653103,7080458.813052214
2023-05-11,0.0656951898568764,1658465126.1563811,8627068.291554114
2023-05-12,0.0633645853565908,1599310519.6893296,7831144.3282593405
2023-05-13,0.0627613189532985,1585484506.9297469,7782448.656892429
2023-05-14,0.062748671298045,1587674859.4297376,4319163.283397043
2023-05-15,0.0642134140321215,1622997031.1203623,33083510.36304522
2023-05-16,0.0642091096603968,1623006479.0149798,12465443.295886127
2023-05-17,0.0632560082917672,1598375242.5352037,6635720.755338987
2023-05-18,0.0637544795363295,1613484765.0425053,10872347.557360476
2023-05-19,0.0632295928720725,1598129411.746806,7286644.947266922
2023-05-20,0.0630435419436729,1594046685.5440712,5009791.917289115
2023-05-21,0.0627289621681273,1585349950.335988,3873651.065597797
2023-05-22,0.0619008044877876,1563489902.436623,4620207.055289293
2023-05-23,0.062102863817548,1569740741.8277068,9537348.834842714
2023-05-24,0.0621212649252346,1568316779.8265152,4712972.034836544
2023-05-25,0.0599312981316054,1516211692.371178,7745022.32466446
2023-05-26,0.0599041987821509,1513739081.8476088,5272277.273339437
2023-05-27,0.0602718410241829,1521985687.013322,4340787.653356583
2023-05-28,0.0602288586607036,1521109802.9050517,3485212.633937491
2023-05-29,0.0613437476527343,1549751978.9730144,5578838.647197027
2023-05-30,0.0606126140786087,1531778479.0768614,5141287.453101842
2023-05-31,0.0600573970845089,1517251739.3227928,5986385.308756941
2023-06-01,0.0597312953637829,1507527605.375662,6509519.649931433
2023-06-02,0.058713875004549,1483331022.9892347,6834849.389068131
2023-06-03,0.0596159846632737,1554043977.349716,5117831.190740062
2023-06-04,0.0595815163242034,1552882120.7207992,4121729.187607081
2023-06-05,0.0608466636127064,1588760571.4049258,12322052.90680961
2023-06-06,0.058634782079453,1528358547.0652978,13749212.536167089
2023-06-07,0.0598070908536579,1560255274.1374297,9392055.492097525
2023-06-08,0.0589320920432484,1538785888.5443623,12114808.465302875
2023-06-09,0.0587763610571806,1534700262.7672846,8546302.606085848
2023-06-10,0.0575161415803695,1501909080.3420186,7223054.357588266
2023-06-11,0.0545596793575235,1423473764.536025,18064967.135593653
2023-06-12,0.0551773732543283,1440354422.843314,6170361.068306631
2023-06-13,0.0535190904281211,1396743464.7720208,6586725.760868715
2023-06-14,0.0523386091946485,1366078983.435592,6227024.337800782
2023-06-15,0.0518463786270663,1351940131.9802706,6113597.950461967
2023-06-16,0.0528103390283228,1377876262.4260926,7099706.145761355
2023-06-17,0.0530110422032427,1383467329.6391478,8029924.80940149
2023-06-18,0.0534455094549376,1397498823.73557,4621249.396917379
2023-06-19,0.0535261170767265,1398583158.5890503,4195272.542713127
2023-06-20,0.0539091139355489,1409121381.388055,4432663.199394993
2023-06-21,0.0545921691084057,1424390812.5684457,4467658.909051281
2023-06-22,0.0566256530221199,1483365156.5732005,6259723.308148985
2023-06-23,0.0564823501959408,1475949373.006219,7982324.545878445
2023-06-24,0.0584965193004397,1529547830.7990036,7745962.7462487025
2023-06-25,0.0583803879626367,1524618566.947461,4056621.090131872
2023-06-26,0.0585557470664494,1529468396.9777348,9387451.630649094
2023-06-27,0.0564198506787227,1472074698.6387362,5868339.509715552
2023-06-28,0.0566632882429059,1479412119.0086975,4163941.2693326697
2023-06-29,0.0552721099441654,1444015680.9828606,7509228.470482315
2023-06-30,0.0551680682774317,1441179368.3756895,5189746.452987669
2023-07-01,0.0563414520809427,1472744577.9830575,9704536.124724772
2023-07-02,0.057285805561834,1495383071.3874123,4366923.141638708
2023-07-03,0.0566014799139845,1479224065.5426433,6545130.261099418
2023-07-04,0.0569070546693774,1488361738.5018396,6407380.946980505
2023-07-05,0.0572276385805493,1499310922.48727,5710128.285046767
2023-07-06,0.0576416290843407,1506740927.8863013,6907563.059407199
2023-07-07,0.0566990241719605,1484668147.027995,7843415.496951112
2023-07-08,0.056405823314149,1474831637.8780727,4200721.410446165
2023-07-09,0.0567153230397502,1482380728.3137832,3428313.7938915244
2023-07-10,0.0562458908880136,1471790728.279199,3052122.6606900664
2023-07-11,0.0560096877880786,1463468254.3278134,4683711.440133145
2023-07-12,0.0568528932717542,1487662884.1791592,3677586.817929644
2023-07-13,0.0574435197129079,1501632919.2285497,5526253.467876055
2023-07-14,0.0601612804704886,1572188757.6679187,14068921.013981594
2023-07-15,0.0595166262971125,1554207736.269746,11504477.17428918
2023-07-16,0.0611143912075196,1598952641.5354238,6937482.745153947
2023-07-17,0.0604904525587899,1580428490.6101313,9950031.518068193
2023-07-18,0.0600772009947251,1570705062.7632833,6352803.5831062505
2023-07-19,0.0591924796779271,1548105563.34515,4912182.932096723
2023-07-20,0.0594840609943996,1556057207.00955,5720898.70369204
2023-07-21,0.0593466973998572,1553078338.667356,5939803.281400064
2023-07-22,0.0611123946773691,1598145161.241987,10462703.297622604
2023-07-23,0.0604152664649566,1581625043.4574313,5213898.7758375695
2023-07-24,0.0605633007488643,1584746029.9254916,4763904.040408312
2023-07-25,0.0589509683149734,1537347395.2248034,7894127.407052904
2023-07-26,0.0585888259505204,1534349321.1671815,4134520.4116877625
2023-07-27,0.0591081490139026,1547007335.5034418,9561558.42230005
2023-07-28,0.0589969325588,1542514036.631163,3578369.4483675924
2023-07-29,0.0597068319056003,1562091764.1418138,6947013.154696092
2023-07-30,0.0602089353419398,1577076867.7972176,3983370.4522774513
2023-07-31,0.0592350742494256,1553213943.1031077,4195962.303525353
2023-08-01,0.0586098807067074,1535972156.00763,4677336.717826583
2023-08-02,0.0596556825429484,1559712634.0581667,22616002.46448785
2023-08-03,0.0594766149203232,1559635459.7322598,6989956.265436223
2023-08-04,0.0591546054791274,1551476446.3795614,5703217.183407831
2023-08-05,0.058145778861598,1522028117.1585565,4844241.739942031
2023-08-06,0.0576670393467775,1510857377.906072,4435165.207138049
2023-08-07,0.0583004160098897,1525817756.1175182,5380911.5144648
2023-08-08,0.0578969152426606,1510876980.5728142,7960505.964769804
2023-08-09,0.058057950197937,1522606466.1729577,6128633.2815134125
2023-08-10,0.0575612939975339,1510030400.560646,5307575.102153963
2023-08-11,0.0574250602130521,1505394886.1096623,4778501.490670684
2023-08-12,0.0570093208887122,1495575913.8101444,3635709.290638845
2023-08-13,0.057142081264798,1497907723.59413,3258337.231849042
2023-08-14,0.0568263409546683,1489664630.7650025,4075285.724062639
2023-08-15,0.0568235937761941,1490200746.471099,6032158.264175659
2023-08-16,0.0555912639260677,1457062714.5980313,7102479.420944755
2023-08-17,0.0544242024644531,1427309328.3343103,18981695.994379304
2023-08-18,0.0518188863226286,1358132450.1121907,9357087.64470034
2023-08-19,0.0516431403478539,1354892134.238814,5956361.621819081
2023-08-20,0.0523050053257859,1371901185.7793388,3113197.623141135
2023-08-21,0.0522548276342284,1371574837.4673195,2963203.8469595173
2023-08-22,0.0519675283738704,1362285338.539444,4697426.47211895
2023-08-23,0.0514568347409944,1349069490.816406,4720571.593413666
2023-08-24,0.0518829775871368,1359479178.9527671,4534041.383374862
2023-08-25,0.0514050198926037,1349336929.021711,3587785.513818783
2023-08-26,0.0512425285177568,1341566185.0752132,3353635.4421142014
2023-08-27,0.0511120657965001,1340459815.053275,2209727.2059059585
2023-08-28,0.0510065080069512,1338568074.1751473,4113220.266118981
2023-08-29,0.0527796974328101,1384357116.051838,12191820.939442538
2023-08-30,0.0528899156099152,1386097365.8215413,9136802.271998253
2023-08-31,0.0519553469602467,1362953094.3912246,4286979.54569507
2023-09-01,0.0502461999219235,1319791522.8681924,6367180.341224113
2023-09-02,0.0499127066934834,1309939516.0825448,5181166.022667012
2023-09-03,0.0503920814978945,1321531031.3872893,4009926.689027637
2023-09-04,0.0508817517948297,1334180358.6859963,4158981.37647504
2023-09-05,0.0505044728637216,1324886631.2950823,5563472.362383837
2023-09-06,0.050353566059302,1322401031.4249852,4883492.093752241
2023-09-07,0.0502650535380496,1320595446.1239746,6637554.345510043
2023-09-08,0.0515145856344248,1352065818.0023742,7188944.065618731
2023-09-09,0.0527469853088711,1384391691.3011968,7559188.600567038
2023-09-10,0.0517222475785587,1358207867.5335312,4659779.748151248
2023-09-11,0.0521097891500602,1369450662.5468593,7416113.408562439
2023-09-12,0.049860920521968,1310500932.2386792,6065964.183332681
2023-09-13,0.0502403137621037,1318977408.594473,6005660.50702611
2023-09-14,0.0504930712818327,1326461376.3984292,3422554.482920122
2023-09-15,0.0509171072128498,1336800944.2776475,4478489.2183593
2023-09-16,0.0510319519794907,1340715001.3715863,4813692.129036568
2023-09-17,0.0510103498539896,1339860448.7824566,3671738.0069166166
2023-09-18,0.0511897662295548,1341768091.9059906,10869131.8385181
2023-09-19,0.0510591729782369,1342966152.9246583,6619349.8482526215
2023-09-20,0.0514381547160642,1350637346.3108387,6175479.53834994
2023-09-21,0.0512087879111799,1346485891.464163,4681686.517105306
2023-09-22,0.050224340682267,1321239022.8081098,7288343.667861249
2023-09-23,0.0503713296640628,1324179883.178772,3917609.153126237
2023-09-24,0.0506198380935814,1329299274.947188,3686552.277714146
2023-09-25,0.0505565052464122,1329532302.191561,6830329.4203647785
2023-09-26,0.0504851158901088,1326825965.5134509,5777090.516886356
2023-09-27,0.0501498111729025,1318418213.8762903,3984348.212124576
2023-09-28,0.0499717479364111,1313812977.752204,7974788.988621957
2023-09-29,0.0507255470919089,1334525522.625235,6930486.5455130255
2023-09-30,0.0507905712806926,1335560567.7455866,5017019.726775624
2023-10-01,0.0508604790219863,1337319324.7582734,4986129.739414722
2023-10-02,0.0518070678647559,1362775064.6578174,5710228.151867638
2023-10-03,0.0507232295751013,1333467194.2872248,5668628.59838074
2023-10-04,0.0502142436392845,1320669962.530864,4734023.8476143945
2023-10-05,0.0502784917429018,1322913440.3257878,5104626.364200202
2023-10-06,0.050183498812365,1319337969.3498268,7589628.98245879
2023-10-07,0.0507831792666441,1335509416.7366,4342249.339727799
2023-10-08,0.0506906277744037,1332155387.9433866,2255931.3339238404
2023-10-09,0.0503570230780438,1324906673.0968237,3562595.6218288187
2023-10-10,0.0498063138106163,1310585651.965644,5746253.071018116
2023-10-11,0.0494965545520741,1303837025.010583,8782257.667137012
2023-10-12,0.0489909454580249,1289075800.8246045,5631814.402617846
2023-10-13,0.0509668401834931,1342719427.4188824,20979863.58476186
2023-10-14,0.0522644753036947,1376918478.162063,9330557.36201891
2023-10-15,0.0519321497639556,1363990569.8974774,4351809.942395376
2023-10-16,0.0522640638355421,1375685620.8119192,6157847.474892877
2023-10-17,0.0527281657583896,1381465417.192027,8221110.161369478
2023-10-18,0.0525349709551854,1379680758.947261,5653760.840725794
2023-10-19,0.0514997641161643,1355124302.8440442,11951709.7446976
2023-10-20,0.0511663109866812,1347102053.1356351,4968730.702260826
2023-10-21,0.052385320862332,1379625235.035301,5089003.933156547
2023-10-22,0.0534668722695815,1408386611.465475,5397383.150759771
2023-10-23,0.0538754729541404,1406086600.3534217,4568604.111189376
2023-10-24,0.056766524147687,1494753587.947078,12179861.392566465
2023-10-25,0.0574747445582761,1512383778.4312496,13701835.539846288
2023-10-26,0.0579054988626707,1524296012.2727206,7571972.359555411
2023-10-27,0.0594078370458972,1562632584.8768623,13231468.888313895
2023-10-28,0.0592635145722778,1561755863.6933377,6481569.17457587
2023-10-29,0.0594968754623748,1569397942.8750556,7505977.058586392
2023-10-30,0.060069414724172,1581903467.7722695,9304306.339170024
2023-10-31,0.0612286282158319,1611497047.278293,6563644.776753478
2023-11-01,0.0619799282726126,1630788516.8889065,8590475.793258125
2023-11-02,0.0623168033369732,1642175799.3751564,8292017.149184528
2023-11-03,0.0665524832036359,1750771200.29128,15976900.386848856
2023-11-04,0.0663304625758229,1743881947.2886565,16320509.603958508
2023-11-05,0.0681935422641255,1798208829.2558827,9444282.185522486
2023-11-06,0.0701452961614117,1848845061.9918168,9911819.9843978
2023-11-07,0.0753757126029328,1983969034.745507,14725437.725318866
2023-11-08,0.0802743023388391,2110029434.843981,45612638.85470924
2023-11-09,0.0807012154804052,2125126928.6519887,17242127.05339802
2023-11-10,0.0839825248789682,2206557410.48972,24515028.155864585
2023-11-11,0.1005842558805729,2651896448.155196,40878763.30646577
2023-11-12,0.1087533951465108,2873962226.2862105,145728571.59799895
2023-11-13,0.099269977134557,2621765462.837304,68402413.50441696
2023-11-14,0.0922429269292891,2439442745.366282,27961022.27020244
2023-11-15,0.087916771939276,2319734653.119042,27101514.096256766
2023-11-16,0.1040984297355455,2717577467.2912755,108184995.23703408
2023-11-17,0.0964557679017274,2542688887.0654235,25551657.871589527
2023-11-18,0.0992965336076268,2623974780.713537,20033631.572997343
2023-11-19,0.0977976229177065,2579249059.1882725,18862530.94459689
2023-11-20,0.0980098498922621,2585234882.353541,17607584.316481434
2023-11-21,0.0954801458817055,2518383720.652349,14822961.119719513
2023-11-22,0.0841382047300586,2220572799.81097,23237922.65845767
2023-11-23,0.0945773028343774,2495856382.253452,24573791.29361982
2023-11-24,0.0924666116102305,2438770486.346636,20087360.96899656
2023-11-25,0.0976176983955261,2577571771.8916893,21235375.473708197
2023-11-26,0.0974788459715732,2573362879.2114863,10733426.833817858
2023-11-27,0.094937205861255,2508295283.0777445,10024023.646782164
2023-11-28,0.0914631473992303,2409204324.7486978,12145352.33075014
2023-11-29,0.0925916084041664,2445431392.6157684,11598904.268492244
2023-11-30,0.090945298498248,2405823010.9797697,9419371.033768402
2023-12-01,0.0887219028516835,2342550444.989598,11596088.002503555
2023-12-02,0.0919215117539019,2424858045.418156,12238090.109359313
2023-12-03,0.093197425854856,2460310159.5419703,10980490.21377074
2023-12-04,0.0923052724014764,2437544998.8030987,10049888.103144314
2023-12-05,0.0945130412773837,2496327335.8634167,27758916.579285126
2023-12-06,0.0965608147116669,2545500927.360162,22861093.35713368
2023-12-07,0.0938048944412137,2475589476.786773,22961022.61231544
2023-12-08,0.0944814708450621,2496745802.556738,12360323.26100296
2023-12-09,0.0988215074396664,2606864298.620907,15129607.419086805
2023-12-10,0.1070855826711854,2826064356.7854576,42739359.51831418
2023-12-11,0.1058367146652279,2792889739.947766,27707359.77601858
2023-12-12,0.098452944762076,2602345019.510352,29652266.05079849
2023-12-13,0.1009564470426928,2671025661.610408,19920279.036358465
2023-12-14,0.1026785078727101,2712865690.941844,19243204.233939327
2023-12-15,0.1021645624476141,2699378436.768436,16383928.191010883
2023-12-16,0.0978245015878116,2587287239.75746,16517634.105449092
2023-12-17,0.1013287263802785,2672681942.385308,13806431.408147348
2023-12-18,0.0981335213990731,2594589440.5764685,8611628.617803473
2023-12-19,0.0982801031374342,2594596244.9783063,15733784.28796085
2023-12-20,0.0963428650868178,2545564671.874944,10434301.902527194
2023-12-21,0.0970859812250741,2565081440.857613,12188492.810985262
2023-12-22,0.098965862309727,2615869746.7340693,11676327.08779332
2023-12-23,0.1027307817350315,2716932915.084634,14283578.468257217
2023-12-24,0.1014062771995871,2680684096.11044,9764135.647794783
2023-12-25,0.0977369589879851,2587394346.32239,13823525.040769031
2023-12-26,0.1002966710895095,2652252605.9717493,10131620.587520538
2023-12-27,0.0971142543954538,2568504381.0617,15846089.621829804
2023-12-28,0.1002784423241735,2649905896.611192,14419324.694253314
2023-12-29,0.0997304972580629,2640454648.229727,15201666.306913914
2023-12-30,0.0991351581933483,2620304219.4591327,12675365.845947716
2023-12-31,0.0987695218617465,2613682293.5286536,7824943.282831913
2024-01-01,0.0988710223927718,2619312338.3223715,9053144.052985348
2024-01-02,0.100537891211232,2655252270.018624,9404413.352496903
2024-01-03,0.1036021485397525,2734885028.888937,19238172.971775025
2024-01-04,0.0958726985428735,2540811591.033634,43242253.75775682
2024-01-05,0.097670143566036,2582801760.5847306,17365778.441106457
2024-01-06,0.0922662089691288,2439617092.198527,18954622.49419899
2024-01-07,0.0888254890293658,2352193829.9456887,14768202.599502085
2024-01-08,0.0868178750691171,2294116215.1547275,12355939.596735029
2024-01-09,0.0919686000537238,2436620218.996147,21001587.925636217
2024-01-10,0.0885714912468211,2340637101.318741,15033093.454464016
2024-01-11,0.0926652867071823,2457212378.7342005,15625036.66350508
2024-01-12,0.0928782471947475,2457641147.228628,15706254.38515223
2024-01-13,0.0886754863954217,2342989930.4132705,13388386.351066556
2024-01-14,0.0898215234684621,2378522240.316443,7858066.120971296
2024-01-15,0.0875275973720367,2324462916.3708377,8684217.86514353
2024-01-16,0.0876649504619453,2324326223.734513,9816304.02060918
2024-01-17,0.0882849756776761,2339753537.146067,7066551.692696371
2024-01-18,0.0857223972491877,2269778689.241125,9951687.697656045
2024-01-19,0.0817519584459399,2163807536.5056424,15462464.039278602
2024-01-20,0.0825597936154599,2184954222.386749,10317665.585386096
2024-01-21,0.0841259393638853,2227187726.342624,5818956.76262049
2024-01-22,0.0827748233876201,2195761302.763402,6394655.461695907
2024-01-23,0.0776898677047742,2057764736.4177887,9933113.360786447
2024-01-24,0.0768933444704365,2028781957.758024,14328540.851758271
2024-01-25,0.0791772736649899,2098656697.7314024,8434039.411812302
2024-01-26,0.0786242493334634,2081457232.6596165,6302790.524775395
2024-01-27,0.0821019822712398,2173942166.6069627,8681304.223462263
2024-01-28,0.0814990095795007,2154440146.319718,5211594.65373032
2024-01-29,0.0805930907139112,2137452740.0556276,6172900.025773548
2024-01-30,0.0836880714562049,2219313956.1391096,7278759.612037527
2024-01-31,0.0836572775292822,2212617496.116961,8704355.333460845
2024-02-01,0.0815401878220866,2162477193.741528,7781819.29273534
2024-02-02,0.0812494190404794,2150607860.284238,5364023.174243468
2024-02-03,0.0817730215353667,2167783138.065584,6297169.329775162
2024-02-04,0.0812195051282201,2150117902.791444,4912045.911087967
2024-02-05,0.0804228003014201,2132232719.5008664,5266679.024804188
2024-02-06,0.0818092002310534,2171775337.81298,6912440.441797135
2024-02-07,0.0816753538775977,2165406974.2329507,5462666.343570887
2024-02-08,0.0840505173536802,2227560023.663692,6261059.180968494
2024-02-09,0.0842799737288354,2238040670.3798,8922582.867062936
2024-02-10,0.0882200605804053,2339980491.9085946,14897373.405777732
2024-02-11,0.0872771149256244,2315807437.767272,7157492.957062482
2024-02-12,0.0863399312009441,2289572468.7410874,6720903.517404073
2024-02-13,0.088907513322916,2356113917.832828,10083259.09785002
2024-02-14,0.0904127717561645,2395416731.3296943,38093689.67165624
2024-02-15,0.0920152876395847,2442297495.0115323,12337838.88120121
2024-02-16,0.0915884460764065,2429733130.008156,12995531.117672702
2024-02-17,0.0906548813783935,2407059160.755678,8957611.825051587
2024-02-18,0.0892799247073294,2370606448.984406,7387778.279729404
2024-02-19,0.0906027104688908,2405510641.652481,7592273.97828927
2024-02-20,0.0920150152371946,2442793142.0570984,12238077.684771664
2024-02-21,0.0909303313631737,2416773486.896656,11228304.13694406
2024-02-22,0.0902839496787998,2398973169.0077906,10230782.55299526
2024-02-23,0.0930897675088358,2474092008.739209,13295346.075783964
2024-02-24,0.0918123218330781,2440904678.74395,9972003.387673091
2024-02-25,0.0943248229279081,2505215750.12306,9901406.240017213
2024-02-26,0.0944655503840664,2508300153.41766,8844640.089063784
2024-02-27,0.0980145095497929,2604611593.803688,14495092.20582753
2024-02-28,0.1034620959327544,2746694302.054756,29399263.753549773
2024-02-29,0.1043011295650308,2760044057.242761,37394138.43690366
2024-03-01,0.1092062561824059,2908670544.489439,35668648.93419424
2024-03-02,0.1265605431162331,3355514186.978624,41939180.41626299
2024-03-03,0.1466205276901384,3901513072.961425,97053875.7721864
2024-03-04,0.1420527219048879,3762018759.979764,63942133.95319534
2024-03-05,0.1419685241067016,3771626863.714086,48117228.92987935
2024-03-06,0.1533566383196372,4052200431.0528536,201153955.78361484
2024-03-07,0.1580487771367066,4182415515.240405,54400273.76239106
2024-03-08,0.1578420116333551,4194012026.689956,37892089.06107613
2024-03-09,0.1627127750056944,4313057869.517879,47506312.059186414
2024-03-10,0.1585442927021755,4215651481.462409,24772316.84968698
2024-03-11,0.1651363225515853,4377287892.46225,61957705.95431229
2024-03-12,0.169320423819813,4505673592.152646,43711249.70777097
2024-03-13,0.1618358643315629,4290898997.9814057,49858340.37096692
2024-03-14,0.1609112961690743,4278548140.871317,29180355.65762295
2024-03-15,0.1526579002965868,4055607363.727677,49630250.98430871
2024-03-16,0.1431823508733399,3795416641.789741,56687622.56181065
2024-03-17,0.132520406451948,3515847731.8210816,38790285.383366354
2024-03-18,0.1438598791025103,3826690508.361379,32703318.02119379
2024-03-19,0.1352479603024697,3595288277.02402,23630221.451220483
2024-03-20,0.1214198870661608,3251083011.8053293,41350648.665908284
2024-03-21,0.1399848791875897,3731239757.472784,39067019.48945846
2024-03-22,0.1376053535838033,3657992329.261744,24894994.464574225
2024-03-23,0.1328206616933958,3530339614.157181,18353216.26987316
2024-03-24,0.1371402475580381,3653810677.356825,16567651.136798603
2024-03-25,0.1440237407326791,3827381187.156084,24896404.660504814
2024-03-26,0.1476255295200055,3915394846.6147695,21417482.57112642
2024-03-27,0.1493334541695587,3965431046.081965,29665723.805337016
2024-03-28,0.148886101481858,3947473919.886847,25960928.655964788
2024-03-29,0.1590545298397185,4227945927.6013217,28042965.444515705
2024-03-30,0.1555865025418958,4142898594.477332,22984005.833368458
2024-03-31,0.1517581178257854,4032578501.5612535,14261603.582252707
2024-04-01,0.1530792705415611,4070122038.983531,14906506.64207116
2024-04-02,0.1530638500993494,4078509570.706725,31834951.180137545
2024-04-03,0.141052199553423,3759451124.382838,26309378.22380916
2024-04-04,0.143187805140307,3811996701.182553,67335952.18652245
2024-04-05,0.1446193030417799,3840345028.789787,20799425.37210692
2024-04-06,0.1413416700247199,3764695754.3639255,16691988.275139362
2024-04-07,0.1458528570576416,3880026923.525537,9998680.209385576
2024-04-08,0.1462155202192312,3897251732.82996,10952348.340725323
2024-04-09,0.150757199036911,4015398481.137492,16248554.35654344
2024-04-10,0.1463461880891869,3908083627.498053,30316660.503983207
2024-04-11,0.1455201280036311,3884510294.273188,21105008.84894
2024-04-12,0.1493221877825295,3967146615.723592,20164066.77905929
2024-04-13,0.1376321605634423,3670837815.956589,50981235.89143827
2024-04-14,0.1264412148486549,3395205857.77691,46256732.94912962
2024-04-15,0.1330327099397993,3559444956.0109506,27735973.685737755
2024-04-16,0.1272192129171522,3388163104.3407464,26177220.684047945
2024-04-17,0.1269745402987321,3379175064.47685,19316097.38157388
2024-04-18,0.1212096319813808,3227748020.747524,16461592.682457663
2024-04-19,0.1236663754942763,3297121205.8658385,17166855.39392652
2024-04-20,0.1233650026711117,3298006216.910411,23389278.693251185
2024-04-21,0.1306429863483698,3480551648.2568545,16539225.743953234
2024-04-22,0.1290171117525116,3439461554.572481,11624191.083840242
2024-04-23,0.1327549114683663,3544766157.5780506,12985904.026866153
2024-04-24,0.1311443053932421,3498319377.144038,11495756.86183593
2024-04-25,0.1247735281957469,3323895167.2599697,14052936.81085753
2024-04-26,0.1278816691288482,3413636073.2004094,15578548.827366965
2024-04-27,0.1242628466322267,3318697737.2615104,21016170.16205631
2024-04-28,0.1271019765225459,3387031177.9609995,16790718.484281473
2024-04-29,0.1314802487516707,3518746879.847408,13762608.623241143
2024-04-30,0.1317469858873541,3509460987.3015566,19414166.16494697
2024-05-01,0.134514867568693,3590109863.6533136,50805637.815538
2024-05-02,0.1279390261930472,3422237556.427176,30117904.188370258
2024-05-03,0.1283063887376319,3433017633.685312,17180566.940705657
2024-05-04,0.1333869340016474,3562520866.454616,17465182.617034603
2024-05-05,0.1327099385956733,3542281523.568362,10481834.479473688
2024-05-06,0.1323382865509027,3531201591.985216,9132338.333344594
2024-05-07,0.1295087207803721,3456962978.765868,14585827.96851947
2024-05-08,0.125918809909247,3361320166.995852,10869212.411524728
2024-05-09,0.1250151920588787,3337705237.944669,13684225.91179057
2024-05-10,0.1274951753005035,3405105656.7328544,9030430.651624847
2024-05-11,0.1230455446894822,3288271742.367593,9628495.889520291
2024-05-12,0.1240511846304284,3315754132.0703726,7717229.12555599
2024-05-13,0.1249293746579767,3339104456.559965,7720433.05078848
2024-05-14,0.1236096391875982,3301914374.526025,10943594.147951078
2024-05-15,0.1197333680275193,3205590641.11387,9179151.366045307
2024-05-16,0.1255920493639479,3364726421.3792515,11365789.771400858
2024-05-17,0.1237453732886958,3307740125.218598,8978369.366226096
2024-05-18,0.1261004283996454,3367513086.4281573,10027354.81491727
2024-05-19,0.1249758297584805,3343298494.047193,6016272.529353962
2024-05-20,0.1218420919345115,3253096364.432405,7324811.46582504
2024-05-21,0.1281650310780046,3423314986.223242,14666909.130789554
2024-05-22,0.1249711006533147,3344599993.68227,13940151.41926181
2024-05-23,0.1262865804889608,3366150544.4375405,23111047.00961123
2024-05-24,0.1221629805986451,3271696165.732645,18830961.000447456
2024-05-25,0.1205962457605645,3227867145.1097755,10694871.710726492
2024-05-26,0.1208980071967414,3233754021.711096,7330301.447690005
2024-05-27,0.119206094281615,3201323693.4942293,8841248.866366431
2024-05-28,0.1216527828462052,3253558362.53371,11630124.36851951
2024-05-29,0.117749966874485,3158604343.6176887,11124602.90558754
2024-05-30,0.116517633855762,3119978552.796674,10330795.218748337
2024-05-31,0.1163855972826739,3119383730.5396814,11355597.508863742
2024-06-01,0.1134057569906796,3039698566.1118946,10097909.570431476
2024-06-02,0.1116855566428906,2988199678.8341603,5676289.413476126
2024-06-03,0.1097015237173673,2941033258.237988,9045484.841538971
2024-06-04,0.1091830356646699,2923159112.3116703,10125766.909912148
2024-06-05,0.1113673974474941,2981134536.5007443,12348355.684178907
2024-06-06,0.1190305533754692,3182694111.382081,18307553.18184851
2024-06-07,0.113784347094686,3051308713.8365726,12905507.21039669
2024-06-08,0.1131738113639518,3034728352.825427,19433559.457911026
2024-06-09,0.1108365388121593,2966258913.795964,9245786.978099529
2024-06-10,0.1101231673786021,2953413085.1077127,7736053.59267357
2024-06-11,0.1072096627215278,2877717820.1341734,9210753.74440997
2024-06-12,0.1008678438729717,2699766517.205996,18527356.47799807
2024-06-13,0.1041401999468713,2787190226.197918,14540967.370096598
2024-06-14,0.100161215541076,2684285114.2851973,9628414.397671308
2024-06-15,0.1005862608360879,2695896819.7724338,11232470.6734078
2024-06-16,0.0999232125028206,2679338223.041903,7414398.820085545
2024-06-17,0.098747500693154,2647028292.868658,6955802.285444474
2024-06-18,0.0944176828184035,2528043803.403216,15794640.587053211
2024-06-19,0.0929319250902186,2488639809.5010166,22354192.52040496
2024-06-20,0.0936721673621813,2510333170.4193764,7898181.564155066
2024-06-21,0.0938474685332117,2519377069.356195,10326069.10635091
2024-06-22,0.0928975226837358,2495184194.258716,8643130.705012271
2024-06-23,0.0933964104671251,2506360832.6411934,4315094.100321868
2024-06-24,0.0914053582817933,2452720714.715249,4830929.605574557
2024-06-25,0.0885163231376298,2372159615.1547227,14929362.10946887
2024-06-26,0.0906258430704441,2433380818.9342246,9953751.33702894
2024-06-27,0.0891766973479629,2389157497.317145,9523311.407858502
2024-06-28,0.0915496419222538,2453557159.18056,9446640.93983895
2024-06-29,0.0900650098975555,2412929664.800101,7954260.05920748
2024-06-30,0.0900111786936884,2412315392.9638543,4060828.9921321776
2024-07-01,0.0916498026154863,2452633571.976074,5960816.85557537
2024-07-02,0.0918330815041013,2460610929.892376,6531896.776375045
2024-07-03,0.0903895559519267,2422445337.087357,7476687.471327931
2024-07-04,0.0888707767608667,2376009658.724883,11026097.802152049
2024-07-05,0.0848926082713907,2275706451.83215,14763744.708432434
2024-07-06,0.0840896430008602,2251055932.546281,25339808.06367603
2024-07-07,0.0874823061146427,2339346110.1285787,7332415.883284013
2024-07-08,0.0821325461327199,2194436511.384674,5691096.229033155
2024-07-09,0.0838325668459964,2245846024.2835374,8601605.827540575
2024-07-10,0.0857433248049081,2299279828.5641394,5133220.654181033
2024-07-11,0.0846859416791833,2264570340.006125,7433167.885553737
2024-07-12,0.0863599260031109,2307222830.5696287,6540243.708901082
2024-07-13,0.0880163353880729,2354402617.3035707,7180823.001754432
2024-07-14,0.0913450765907743,2447728442.8413568,6247893.915330734
2024-07-15,0.0922767719370615,2475963244.083333,6094353.044513963
2024-07-16,0.0952787788165975,2548033468.602941,9181651.528500706
2024-07-17,0.0949777912910215,2544811674.791201,8599724.278523711
2024-07-18,0.09283339297191,2488160551.597323,8055024.466736218
2024-07-19,0.0933604477338139,2502025550.6686296,7343806.742114344
2024-07-20,0.0945909904753136,2534453363.175859,8868858.806582978
2024-07-21,0.0940735697751655,2519670325.182235,5804432.070620138
2024-07-22,0.0951628856224582,2555408713.657586,6584391.061869155
2024-07-23,0.0928863874379176,2487583465.728686,9413657.786957065
2024-07-24,0.0919849891351759,2466346763.555569,7609604.592367805
2024-07-25,0.0918106691681835,2462160925.044889,6900458.22392804
2024-07-26,0.0892145287817929,2393100409.237673,10950959.613023411
2024-07-27,0.0914152904745602,2451366906.985095,5957292.879767315
2024-07-28,0.0907945923253368,2435522716.0264454,6040467.243636814
2024-07-29,0.0901470283381363,2418329139.2737446,3333967.2400211887
2024-07-30,0.0897551688358208,2408257435.3204503,6992528.9550074255
2024-07-31,0.0890643518258581,2389674122.7307405,5740144.187073389
2024-08-01,0.0862823934870481,2315603340.4641976,8730538.657323895
2024-08-02,0.0873922567232944,2345896751.9903693,9636136.524133015
2024-08-03,0.0831451805709498,2231243447.0860586,9451824.65645324
2024-08-04,0.0822021737341736,2206223191.952262,7283576.645622859
2024-08-05,0.0777367374765413,2083731370.4961617,9756470.182667676
2024-08-06,0.075177301184422,2020894329.430552,32331419.21814704
2024-08-07,0.0795508829481415,2136552400.6055496,9804951.79650975
2024-08-08,0.0776221243162502,2084467121.9488492,7021383.040658664
2024-08-09,0.0843174701536414,2266838410.392164,11517621.353069818
2024-08-10,0.0929772154885786,2498918893.4096546,46158026.423736215
2024-08-11,0.0945122382540964,2539138494.405887,16736089.789799703
2024-08-12,0.0880642264549433,2362809659.40962,12969799.126441397
2024-08-13,0.088735809690966,2378023501.286038,8871961.54382972
2024-08-14,0.0886687540093223,2378850826.222045,5973454.849962257
2024-08-15,0.0904062099260468,2420285117.0128565,11650388.63771963
2024-08-16,0.0880538120326649,2364800496.20478,9175239.52795516
2024-08-17,0.0880182853264962,2366452031.499351,6921526.621453082
2024-08-18,0.0882145193247416,2370283169.7147613,3368285.38717467
2024-08-19,0.0860744981872748,2314488785.159809,4323300.073561664
2024-08-20,0.0862946854032354,2319709989.813151,6274395.943590688
2024-08-21,0.0869531656059813,2337830155.542857,5778170.891067817
2024-08-22,0.0867996487915586,2333673845.8576384,6545569.83412769
2024-08-23,0.0868247940857706,2334966712.3048267,4545561.756442373
2024-08-24,0.0910888929846304,2449741726.081242,8190670.002766597
2024-08-25,0.0908608476721898,2442488207.4542823,6225358.601236357
2024-08-26,0.0885070898246664,2384083997.718847,4631348.990709673
2024-08-27,0.0852441896132257,2293399999.653032,6299025.681213737
2024-08-28,0.0818904439837123,2203925234.408542,8508143.76259643
2024-08-29,0.0814805880062762,2194183942.649686,7568716.148918229
2024-08-30,0.0804292193801203,2164707859.5197477,6414368.0417132005
2024-08-31,0.0812930313798301,2189181322.4802327,5240655.823399037
2024-09-01,0.0816147950411994,2192345042.8739305,3066311.1423675427
2024-09-02,0.078727689896497,2119006099.5320823,5101490.259235635
2024-09-03,0.0807861998002937,2174061584.375651,4900513.797684575
2024-09-04,0.0785748205593163,2117294029.4863293,4843230.663629549
2024-09-05,0.0784963692928264,2113821558.149292,6862749.739220787
2024-09-06,0.077639774279863,2089672045.119216,5068725.452685945
2024-09-07,0.0748160567897993,2013234321.435412,7048845.034372285
2024-09-08,0.0760353405670198,2048073108.7324104,4091956.080742756
2024-09-09,0.078211917714114,2106761024.682385,4366266.928781183
2024-09-10,0.0796635716035312,2145435170.6923933,5033701.970165214
2024-09-11,0.0797590741558645,2149004896.10164,4404060.182317143
2024-09-12,0.0783899370186205,2112521278.4391928,5061255.216146843
2024-09-13,0.0794438007286388,2141102287.7125263,4407440.994879954
2024-09-14,0.0837436702409563,2260313557.803915,7221687.502077238
2024-09-15,0.0823539123381042,2219293370.8757067,3640991.841934626
2024-09-16,0.0805795810830945,2170164921.830477,3458759.241791376
2024-09-17,0.0790888005717962,2132212007.9442425,4329245.188683683
2024-09-18,0.0798399163764424,2152387953.71708,4753559.131575997
2024-09-19,0.0806227818881114,2172674083.9638057,4757815.922813635
2024-09-20,0.0827561971165778,2229865457.155362,7083134.643487832
2024-09-21,0.0844849881406189,2274607936.474047,7298632.092069095
2024-09-22,0.0880839335782055,2375495789.889238,7417137.047693325
2024-09-23,0.0857826768755431,2313965899.2415056,21490620.970184743
2024-09-24,0.0858282801531877,2313767877.9564137,11111391.72611812
2024-09-25,0.0866286248441145,2336554167.967483,6669067.285575981
2024-09-26,0.08468969395358,2285006922.637524,7318474.50145272
2024-09-27,0.0871582280846232,2352233364.0777426,5988872.248098271
2024-09-28,0.0878721756472332,2370701747.969979,6683531.688859569
2024-09-29,0.0862354119593899,2326927918.4532213,4796838.517784686
2024-09-30,0.0861934520406257,2326844757.545019,4532324.573439841
2024-10-01,0.0836269839660226,2255916729.8233447,6659955.313426278
2024-10-02,0.0797045830043712,2151776679.02609,8866557.47332313
2024-10-03,0.0792473303571537,2139643500.429852,6118767.878253903
2024-10-04,0.0790687515793482,2132960153.426386,6398834.208303887
2024-10-05,0.0810661799441632,2188629611.4778585,4569790.02195972
2024-10-06,0.0800716763122586,2163035173.91497,2887168.509365358
2024-10-07,0.080625216467757,2178148072.111784,3754952.459117051
2024-10-08,0.0784071308773847,2117578599.8766744,6252696.230208402
2024-10-09,0.076136757996073,2057051957.762136,10564538.911726143
2024-10-10,0.0750579446693445,2027647487.5333223,6720437.616962857
2024-10-11,0.0759111747873397,2050263200.7053864,5964861.122945714
2024-10-12,0.0773866137696253,2090853578.7876968,6077902.9687086055
2024-10-13,0.0771813541480123,2085835383.0486383,3751503.555646285
2024-10-14,0.0758336183913455,2049700885.594848,4040826.448447123
2024-10-15,0.0785751530099165,2124530843.6226745,6749031.755570901
2024-10-16,0.0780501608695209,2109462473.4792304,7217958.178361072
2024-10-17,0.0786596304574561,2129329508.419392,6533387.427462734
2024-10-18,0.077500719738307,2094845776.000972,6239929.631952702
2024-10-19,0.0780530029981222,2111218925.3532104,4384981.809305749
2024-10-20,0.0778967136249295,2106039241.7839296,5101185.715348049
2024-10-21,0.0792523469761769,2142765936.6313255,4913483.343894347
2024-10-22,0.0775167790992202,2096431467.840319,5446092.853224306
2024-10-23,0.0771296965675055,2085925937.3024943,4181460.716574749
2024-10-24,0.0757456333307357,2049418337.767614,5112851.179505647
2024-10-25,0.075856850740346,2050623817.5658207,4774167.3310109945
2024-10-26,0.0716478328615059,1938944415.957481,7162084.425872918
2024-10-27,0.0727714977907758,1969537887.0338748,4454636.836175621
2024-10-28,0.074266698428365,2010496032.2760384,3940822.879213512
2024-10-29,0.0744049976281098,2014566130.8656416,5265009.226418204
2024-10-30,0.0767753795690834,2079185028.0727315,7624791.732042961
2024-10-31,0.0756921715643045,2049590664.6039608,5930769.673514569
2024-11-01,0.0730077814099097,1976254676.7602472,5561654.833641881
2024-11-02,0.0733212146067424,1985704595.0699563,5159762.135263244
2024-11-03,0.0722437638590033,1955502653.5534136,3143222.76177444
2024-11-04,0.0719013862337158,1948167658.1162188,5503789.564416611
2024-11-05,0.0704870818804751,1907761902.1935525,4909426.096324146
2024-11-06,0.0721543210898822,1954487720.91089,5237534.055903783
2024-11-07,0.0857590637914756,2324316411.14126,54130882.5618832
2024-11-08,0.0918434567412922,2487531618.7305894,37399387.70492213
2024-11-09,0.108197602252381,2934559451.740504,194468338.4100909
2024-11-10,0.1034200605503258,2813034678.2371726,31230289.778799266
2024-11-11,0.1243653192500682,3369893716.682008,134296200.1710954
2024-11-12,0.2076988555022486,5682247609.878394,1046416960.0864862
2024-11-13,0.176904283699664,4808041761.306128,716143435.6485015
2024-11-14,0.1728634083287684,4689819614.140835,275440477.1516361
2024-11-15,0.1490069542134158,4023348939.642181,97922785.28757694
2024-11-16,0.1671909910866246,4535972139.269794,209332592.0245665
2024-11-17,0.1648680187443059,4436565634.866073,82365682.14106505
2024-11-18,0.1599417521527106,4340466668.800995,45639736.39199004
2024-11-19,0.1722828648395405,4679107950.945722,177406733.0274954
2024-11-20,0.1712477580605357,4646022058.678673,39888502.50676837
2024-11-21,0.1781944165723799,4834724050.98953,185042966.00059912
2024-11-22,0.1864974513314945,5058073497.997318,88352977.93345942
2024-11-23,0.1915428865988685,5191827625.983835,166637294.96566263
2024-11-24,0.2040579879519023,5537474116.53399,149834639.4997449
2024-11-25,0.1916184482267042,5202879800.099063,78675486.45659769
2024-11-26,0.1770220677435436,4802500404.341549,65351941.62486174
2024-11-27,0.173331745620314,4704991058.756958,56513290.30778876
2024-11-28,0.180643973654306,4903500628.109503,51350622.83045534
2024-11-29,0.1785884877348251,4848632790.712704,38818440.77078007
2024-11-30,0.1901453555707243,5148797418.111182,49543077.87569493
2024-12-01,0.1868995683517187,5071337744.596981,46785661.84889901
2024-12-02,0.1914147179169476,5201419389.3009815,76054324.51015002
2024-12-03,0.1846099607346328,5005883975.866016,91866092.35070156
2024-12-04,0.2005134138308626,5425642490.742835,295425775.7625752
2024-12-05,0.2147725329891134,5816426677.457984,240835077.0301038
2024-12-06,0.204501044985749,5546126014.592504,116914260.49671978
2024-12-07,0.2065589970555469,5581379400.268557,61416923.24800144
2024-12-08,0.2030177844806496,5515117172.396417,48469266.65693885
2024-12-09,0.2007304550807319,5445996298.346706,40018962.940364346
2024-12-10,0.1739918605961511,4706982372.159881,96042430.53682327
2024-12-11,0.1743849023222396,4726497835.108413,98825877.5792903
2024-12-12,0.1846224554502196,5008498147.402022,54512051.87571067
2024-12-13,0.1834006258180157,4977110825.857046,112663260.48420347
2024-12-14,0.1850104073555638,5019565507.18335,52759777.77066138
2024-12-15,0.1759169427207219,4771997896.681638,42390263.26147738
2024-12-16,0.1807638273847513,4910694026.484902,33995028.94305915
2024-12-17,0.1778189053634705,4828095902.912202,47870565.76620378
2024-12-18,0.1960215234737289,5299530856.982805,171863240.25245103
2024-12-19,0.1737313263830427,4699901869.245159,97353803.55378672
2024-12-20,0.1638071420732226,4460470622.072875,76302936.16500963
2024-12-21,0.1634985246524605,4440222847.568809,71473589.27983749
2024-12-22,0.1571291284850138,4257750183.214482,42324906.69051052
2024-12-23,0.1538005527656664,4184527138.3688974,29646285.66828892
2024-12-24,0.1619065213679974,4398303190.585959,36288244.89601374
2024-12-25,0.1640461806978425,4453166384.056592,37691762.61146643
2024-12-26,0.1578993907967163,4288437661.789623,26983649.081961483
2024-12-27,0.1504839316967723,4092765193.25161,28513998.71747008
2024-12-28,0.1483180113655293,4028874896.579784,27555824.393943246
2024-12-29,0.1502057536242248,4083989203.1431503,25222148.769302845
2024-12-30,0.1446545606850053,3928638804.399953,21505453.09430353
2024-12-31,0.141340737862838,3837624455.290903,50729649.44404795
2025-01-01,0.1413573509201482,3844642069.825108,31466710.21260079
2025-01-02,0.1501305820588436,4080638965.979169,28671506.911459297
2025-01-03,0.150404304926936,4089061943.91572,33479771.78431404
2025-01-04,0.1594445793996015,4337235933.428052,41195343.35748164
2025-01-05,0.1616879962489323,4402524547.58131,39822603.03615938
2025-01-06,0.1591724929031069,4329320665.525569,26639136.40632132
2025-01-07,0.161833663172285,4395723900.562019,36390389.51435424
2025-01-08,0.1494188120925013,4072478308.887687,38021562.19847085
2025-01-09,0.1454384544291214,3960810237.509927,32018625.35119247
2025-01-10,0.1386522810003386,3770129291.092962,30680729.384323426
2025-01-11,0.1435818781560572,3909382492.1027546,26687951.3705081
2025-01-12,0.1414921891653919,3852380409.2596345,20115968.423834607
2025-01-13,0.1376298856826616,3746210483.531687,17472965.46924863
2025-01-14,0.1347460564508155,3667041379.047225,32952009.332644228
2025-01-15,0.1368676364191292,3725829143.528303,29049386.532897647
2025-01-16,0.1447814254157987,3940703677.5240154,37331527.39366605
2025-01-17,0.1437804618924562,3913403562.627546,31298751.17928709
2025-01-18,0.1467621599005938,3999641817.234986,58958749.87374081
2025-01-19,0.1343685705609353,3655506469.185559,51807143.66866657
2025-01-20,0.1314179440620093,3586127038.469913,93699571.71350272
2025-01-21,0.1316624920999052,3586005759.342152,61422428.69752034
2025-01-22,0.1393600868241107,3790069308.787363,40426198.92995152
2025-01-23,0.1400899346866135,3818544992.134384,45151414.349908896
2025-01-24,0.1397734607725244,3810880362.83833,37632438.51663815
2025-01-25,0.1382922219441117,3767278122.249656,24178580.88394089
2025-01-26,0.1383636986656348,3770759062.544881,14644163.846588217
2025-01-27,0.1343654167972053,3666365357.05528,15931055.757121636
2025-01-28,0.1323573073597116,3597835176.840965,34845873.25246423
2025-01-29,0.1276911655604032,3481052565.494278,21432571.045430403
2025-01-30,0.1285662782569858,3506836624.6162844,21161156.714580026
2025-01-31,0.1309790556705505,3571282871.992388,15884717.797428433
2025-02-01,0.1296869782494905,3535354421.1288548,17210969.420902852
2025-02-02,0.1239183737586076,3385428576.2524257,14677684.714519214
2025-02-03,0.1078415659574328,2939537257.8880224,43571304.45445696
2025-02-04,0.1135723859174423,3100975340.2294645,94083943.73218045
2025-02-05,0.1069854268782056,2916332968.7683887,37282410.38884278
2025-02-06,0.1017692714193791,2774910326.936461,20738744.65208748
2025-02-07,0.095827752493437,2609340438.3333,19481943.58709052
2025-02-08,0.0943174913705923,2573553667.869948,21685087.36441462
2025-02-09,0.0944209441234977,2576933880.0257764,15177170.829347923
2025-02-10,0.0934975136930627,2552008626.4159417,17644777.504849315
2025-02-11,0.0941830260343639,2570070833.396737,14330986.351195326
2025-02-12,0.0923166126521061,2523567753.357082,17349804.071023826
2025-02-13,0.0950711021857745,2592704071.6457067,30516127.511000644
2025-02-14,0.0909608875426923,2483564983.577444,16218547.942146529
2025-02-15,0.0912879693417356,2491921107.1973767,18819456.16703822
2025-02-16,0.0886947640172197,2420817436.782592,15728267.559103455
2025-02-17,0.0875688637811204,2390907264.9563065,11702757.423007742
2025-02-18,0.0878172045018349,2396848617.679417,16575181.801137518
2025-02-19,0.0848526484034468,2317497601.339436,17342104.238177106
2025-02-20,0.0843634715678516,2304214230.2498903,11065537.125381678
2025-02-21,0.0861019575322949,2352828757.233634,10866389.03197916
2025-02-22,0.0836157343964591,2281234371.216926,14653783.592669062
2025-02-23,0.0855707104577684,2338823581.726757,9814960.673622511
2025-02-24,0.0851949708239046,2327836704.582062,8651925.800512845
2025-02-25,0.0776234838508656,2114840399.8760972,58050463.379968986
2025-02-26,0.0763760222028747,2087299736.010854,33346844.13039361
2025-02-27,0.0734225254838438,2009045818.0286756,23745925.428858463
2025-02-28,0.0742180697705757,2025311377.732368,21178253.158343144
2025-03-01,0.0737524518122378,2016643238.075241,36133271.35926548
2025-03-02,0.073720163195022,2014833275.369416,19006186.781479985
2025-03-03,0.0824131252252535,2254410693.15241,38976389.30260199
2025-03-04,0.0768209614145485,2105008038.634255,111380239.84395096
2025-03-05,0.0739144972361436,2021957179.842949,42828287.81697534
2025-03-06,0.0803424600833781,2199494793.057215,52338785.33635642
2025-03-07,0.0891143538908287,2440415402.433388,136422921.9533478
2025-03-08,0.0828048867921057,2265842991.153407,67609151.05764459
2025-03-09,0.0846372254924487,2317098038.029345,31373224.59401622
2025-03-10,0.0804257974633445,2196759362.329248,51378636.00464622
2025-03-11,0.0765196612040155,2099363643.8698063,59342955.56843024
2025-03-12,0.0801928517373943,2195006373.770616,45467084.25478306
2025-03-13,0.0842585740148859,2307572879.5394936,31081541.14672914
2025-03-14,0.0811058579973173,2219896039.568118,28206685.037373416
2025-03-15,0.0825554998560778,2259396434.5422945,29660623.270562783
2025-03-16,0.0840823675797873,2301701036.63944,26633820.27217308
2025-03-17,0.0828818302038846,2268021258.599377,41260247.47785364
2025-03-18,0.085210924517628,2328974588.7126265,60819336.78418572
2025-03-19,0.0786246079530922,2153370385.2635527,32951543.259562287
2025-03-20,0.080792968249086,2210334713.5452766,32967514.200762507
2025-03-21,0.0798796477848735,2188774509.127136,36975827.521320686
2025-03-22,0.0782304647366996,2144049269.6941624,21469145.338254105
2025-03-23,0.0802138305375504,2195165684.9117045,20179602.09652628
2025-03-24,0.0805352412274578,2222219876.399971,19104690.885314222
2025-03-25,0.0941542499615057,2222219876.399971,101926714.97823356
2025-03-26,0.1049015154055131,2222219876.399971,347584156.9495016
2025-03-27,0.1003790791308187,2754895888.134708,119390816.5888186
2025-03-28,0.1064410797511551,2950426354.1609607,71590162.68193534
2025-03-29,0.1049512701582742,2881640504.091441,116516089.80869856
2025-03-30,0.1010122974619707,2763873325.5732627,37083624.89211912
2025-03-31,0.1018683250411719,2788115685.19856,57547401.03738061
2025-04-01,0.0990570175103979,2713757916.7724786,33822357.213569574
2025-04-02,0.1043251672038823,2867092016.7187786,43352414.05492268
2025-04-03,0.0963656286956645,2641346068.9979267,78790679.61372899
2025-04-04,0.0964040413732697,2648670923.248551,43486495.30773807
2025-04-05,0.0941102786828628,2581275964.788268,39218117.42276343
2025-04-06,0.0915943107456018,2502307683.548619,22768396.85130675
2025-04-07,0.0815811791828126,2238598180.0452824,36449135.17490569
2025-04-08,0.0859134583384825,2365002985.189905,57789891.33084237
2025-04-09,0.080479540180945,2202149392.9334908,35077502.389985785
2025-04-10,0.0877734964577104,2410983849.9039464,38742700.38707791
2025-04-11,0.0845965969295373,2325042793.2567306,29740188.27125744
2025-04-12,0.0875158990799079,2400713762.4759235,26241355.63852079
2025-04-13,0.0898896084995423,2467893329.9817367,25008149.13445095
2025-04-14,0.0850692794227411,2336046457.335944,22315334.97397754
2025-04-15,0.0850831180210794,2338047840.6967807,18765856.63066307
2025-04-16,0.08249955710731,2261474690.313104,19224873.14970854
2025-04-17,0.0818882440713478,2248463622.488592,21793108.56137242
2025-04-18,0.0834856071819239,2291765884.5775137,19352312.65170233
2025-04-19,0.0837305085149527,2300042419.14193,14012555.958646445
2025-04-20,0.0838296377629328,2301753764.975599,13319461.478722868
2025-04-21,0.0824471302435704,2264846483.882359,16001812.78133249
2025-04-22,0.0825165878166908,2265557743.060706,22093883.659960058
2025-04-23,0.091796396691696,2522475975.440609,70468812.62823492
2025-04-24,0.0899167717261464,2472874563.34723,38915690.83084246
2025-04-25,0.0912469217820458,2507952289.141942,28419270.62459593
2025-04-26,0.0914520191020591,2512178344.755575,25175759.76376809
2025-04-27,0.092033768845902,2529892042.9396863,21226185.14489948
2025-04-28,0.0904952410788403,2486284568.002774,23108647.62856703
2025-04-29,0.0904647739477869,2486432783.466244,21332657.23923261
2025-04-30,0.0897149727329954,2467875245.926547,21561173.364103142
2025-05-01,0.0882609267865377,2427530427.7182627,21144491.78498713
2025-05-02,0.0902538878558796,2482228173.0491667,25554092.956696037
2025-05-03,0.0919089766946137,2527842824.6328588,23305535.521142226
2025-05-04,0.0897921363243136,2470556731.1156497,19063303.46881796
2025-05-05,0.0882509052218811,2427364608.528751,16479808.108332086
2025-05-06,0.0883526681804066,2529328716.336222,18808955.83591799
2025-05-07,0.0904872339054795,2590037321.6282864,20835295.046887524
2025-05-08,0.0914865503584568,2619710908.5274777,25247289.563599795
2025-05-09,0.0982355282704977,2811618021.1275406,41815689.443259545
2025-05-10,0.1013766639732208,2904199208.868478,38988677.72081456
2025-05-11,0.1047399213016332,3000047016.8139505,40748999.67232672
2025-05-12,0.0984639793710261,2819661718.1600766,31414192.086682133
2025-05-13,0.1013608215310004,2903558067.5546618,45136019.55292736
2025-05-14,0.1033924475518563,2962224780.2163515,43098153.52846482
2025-05-15,0.1016201066982132,2911322782.1127067,31521300.47603544
2025-05-16,0.1007697303388754,2886673115.820344,41067759.97491154
2025-05-17,0.1000641374380214,2867637517.82842,22823617.58326823
2025-05-18,0.0975517510928948,2909695163.7211857,20416080.319595248
2025-05-19,0.0990107853155771,2943473025.3325963,25282055.1756653
2025-05-20,0.0960957274100278,2864800691.3887258,25812692.147919297
2025-05-21,0.0967304894966543,2886139565.973628,19078472.417403445
2025-05-22,0.0977398434357689,2915681767.9499664,25759390.32232017
2025-05-23,0.1002715308779349,2992229918.331508,26044572.839105368
2025-05-24,0.0948336830244957,2834995443.3476806,31705592.74301493
2025-05-25,0.0957072308125792,2856476204.062115,16859159.416921802
2025-05-26,0.0961910574833748,2871085368.6378093,18732313.161390077
2025-05-27,0.0968901375814799,2891562994.551085,21441639.53028792
2025-05-28,0.0982122286484897,2932191628.3860474,34007710.050981775
2025-05-29,0.0977142006495039,2917311265.601392,20234270.96993113
2025-05-30,0.0944633928985486,2816122725.575501,24230974.00413297
2025-05-31,0.0996334306586122,2974497165.6648536,71523456.84115252
2025-06-01,0.1060126201430249,3166161758.510929,93106018.4324615
2025-06-02,0.1062242166754885,3174977486.689692,43687812.11180311
2025-06-03,0.1034004964551365,3088359556.0345373,25947672.522136047
2025-06-04,0.1024586689451694,3060521247.1232,24326290.27473156
2025-06-05,0.100191576424342,2993111821.5929403,22891748.73529213
2025-06-06,0.0982381177838698,2931777615.730853,26576487.47533041
2025-06-07,0.0967243265756403,2890132343.9371605,18670365.95359233
2025-06-08,0.0968958255140554,2895439758.0121613,17985462.069726676
2025-06-09,0.0979409964959605,2926787440.765275,16622713.50263642
2025-06-10,0.1012959696368988,3028101408.0256567,18635950.13465864
2025-06-11,0.1018912897199778,3044985736.073168,20833987.83662076
2025-06-12,0.0989191414842119,2956721192.4339166,23275946.226549324
2025-06-13,0.0967543730665377,2893414899.498681,21620041.422534157
2025-06-14,0.0919826538849404,2750401492.9006314,30436410.238037538
2025-06-15,0.0910468803141525,2723327751.354013,15190830.655381488
2025-06-16,0.09090343681939,2717084172.9268517,15339941.875648236
2025-06-17,0.0907917685868792,2715564022.723737,18958329.76090926
2025-06-18,0.0881335438104339,2740392938.661658,20506088.20222401
2025-06-19,0.0912223330566468,2834770149.892412,28348382.74035957
2025-06-20,0.090871594512661,2824156094.7469416,17117105.230239384
2025-06-21,0.0879667729357877,2736647491.263123,21148257.47729804
2025-06-22,0.0841161970495954,2611649977.29443,17896161.036454767
2025-06-23,0.0798927139451143,2485125924.1821256,26562560.52941253
2025-06-24,0.0849159815113801,2639110206.15462,21098919.7726687
2025-06-25,0.0842389101112275,2620289067.084537,18848926.01493033
2025-06-26,0.0822243477213057,2556634497.096567,19286891.83060912
2025-06-27,0.0805869449397971,2506854827.789947,10001277.876698157
2025-06-28,0.0809724221188682,2518860332.6193414,11710776.342397807
2025-06-29,0.081117375582654,2522863464.8564644,8680343.350575471
2025-06-30,0.0818879900541075,2547052910.5471315,10813663.98441353
2025-07-01,0.081969230047069,2549630973.6863856,14164143.584470011
2025-07-02,0.0799045070889052,2485630568.223485,11434560.646239633
2025-07-03,0.0825419211280071,2568026514.2527304,14111818.981843868
2025-07-04,0.0831015973269674,2586316677.45329,16536679.339262888
2025-07-05,0.081116106069348,2523860602.5657244,10350868.518689346
2025-07-06,0.0810532606474717,2520761269.552437,7161779.221452406
2025-07-07,0.0812029109892889,2527153625.031656,10371030.412718983
2025-07-08,0.080800882182662,2514931285.01988,12219096.806781957
2025-07-09,0.0965221070338327,2996824207.4091387,212638947.7107993
2025-07-10,0.0963479808337903,3014060771.023495,109986751.5505919
2025-07-11,0.0980703194696728,3050360883.52271,41860587.37555708
2025-07-12,0.1043806973597986,3248646790.9651327,50010489.68062896
2025-07-13,0.1016152404380468,3163808568.458785,47959607.81796926
2025-07-14,0.106710196866627,3325532090.0398536,27887314.84823658
2025-07-15,0.1069240863131249,3329879540.021947,62856286.13444531
2025-07-16,0.1082060723522304,3370128940.378716,31298852.057816483
2025-07-17,0.1083924509214437,3380310237.478632,29338901.10583717
2025-07-18,0.1187070272873435,3836255207.191125,57731131.28937247
2025-07-19,0.1181745948206764,3817249087.733311,76811436.05230111
2025-07-20,0.1210589303803301,3913161935.211302,30454190.01514893
2025-07-21,0.12071425964801,3901774525.189818,30839121.1620356
2025-07-22,0.1222188658573439,3950512320.065021,34043987.06580356
2025-07-23,0.1254234570515061,4054956947.33481,39285614.12491122
2025-07-24,0.121756553501389,3936727583.917258,46342241.88381279
2025-07-25,0.1265369949167418,4094315735.392482,48133432.7860457
2025-07-26,0.1322994735607263,4281042437.387631,45241089.56731976
2025-07-27,0.1408809318581699,4561946996.236202,42073599.57530695
2025-07-28,0.1446070653734642,4676313801.116858,42789256.96099864
2025-07-29,0.1375948296465272,4450256532.199344,51205870.05924736
2025-07-30,0.1452618449868888,4680960071.645938,117679289.04130356
2025-07-31,0.1468879472007264,4736755850.543091,54697101.21304722
2025-08-01,0.1391934395150448,4498152751.75385,44801632.07968513
2025-08-02,0.1316974782143955,4259058574.8382006,50625923.34794782
2025-08-03,0.1243997038417589,4028899278.7202177,29397741.34547709
2025-08-04,0.1302272456634882,4214614188.4392376,27085029.22575188
2025-08-05,0.1402205307012871,4540352347.646414,32219695.31725987
2025-08-06,0.13911856390653,4501574162.154913,29884482.819329225
2025-08-07,0.144014468443138,4661649585.382105,36374973.28759948
2025-08-08,0.1498994160353027,4852736367.75985,41917269.82265543
2025-08-09,0.1554867710432615,5028536999.929937,56128601.3946519
2025-08-10,0.1573107359360777,5093218590.964052,54612402.81350361
2025-08-11,0.1645568541756456,5321893390.418084,34228368.14482182
2025-08-12,0.1656073389723446,5363666226.871262,67366946.23705204
2025-08-13,0.1645824398242603,5328590495.0445,45335032.47105207
2025-08-14,0.168122211248989,5446681629.036977,43415143.62389004
2025-08-15,0.1542970823822148,4997780749.819359,51518441.98239724
2025-08-16,0.151751690324292,4912445873.628301,43901816.32651816
2025-08-17,0.1508768744278134,4887407251.871039,19393370.57715314
2025-08-18,0.1509771357069371,5067247868.377348,24351083.96616589
2025-08-19,0.14829380868589,4974083925.829848,32361443.094644997
2025-08-20,0.135968328786131,4576637690.012037,29252753.07075815
2025-08-21,0.1430852931053552,4804872545.232034,25269001.437852006
2025-08-22,0.1411024324677083,4730476437.384626,19700025.614159264
2025-08-23,0.1522736485985373,5114224749.520072,44604215.64393897
2025-08-24,0.1579212950170191,5302508274.171255,23944945.188338984
2025-08-25,0.1569054917539274,5269443135.907265,41553297.6577763
2025-08-26,0.1548501465108377,5209811293.997523,54352490.00193458
2025-08-27,0.2003028331449314,6711622558.441488,675038547.8466868
2025-08-28,0.2591981812256545,8658058571.394182,1187115083.2089272
2025-08-29,0.3306342317322326,11053527388.975937,2583548671.10592
2025-08-30,0.2855433250411583,9490837344.932858,729504459.8297002
2025-08-31,0.3034397671038057,10213437976.042706,775780179.4386783
2025-09-01,0.294208137422594,9866542876.948423,266638161.75890255
2025-09-02,0.2695158083911704,9059380470.036596,279812738.8648564
2025-09-03,0.2677051798780429,8975187446.522566,239226403.07294384
2025-09-04,0.280090676651015,9398419049.134855,475627612.7619341
2025-09-05,0.2679567996550978,9009771943.637022,225659327.31359145
2025-09-06,0.2661549546560246,8965501289.762936,135634703.27801046
2025-09-07,0.2663464023772393,8950758043.255178,78879398.55764066
2025-09-08,0.2617082710577241,8798085425.022974,74683424.83002363
2025-09-09,0.251531084534272,8451636313.120147,90042318.08526263
2025-09-10,0.2591954782911101,8714633716.026768,276493938.5004494
2025-09-11,0.2607302025584914,8758536723.971588,83897263.45360927
2025-09-12,0.2595023583250264,8723883191.787012,125775163.18507746
2025-09-13,0.2567933887822188,8627913396.178667,64181483.50727796
2025-09-14,0.249568090909926,8387259563.180644,59677151.937582485
2025-09-15,0.2360764937202425,7938606561.575906,53166725.22179264
2025-09-16,0.2311062547096412,7773735260.755581,106245349.54514088
2025-09-17,0.2326256597176229,8096523828.906844,46815193.972028546
2025-09-18,0.237583823397174,8271695679.109496,50683545.38543996
2025-09-19,0.2373212847210032,8265337327.267459,61153678.207178384
2025-09-20,0.2330858143367249,8113869015.05169,38347861.55448065
2025-09-21,0.2292665574218811,7980311042.857389,24874727.052431263
2025-09-22,0.2174065231090412,7569953849.568296,38508622.79068985
2025-09-23,0.2134881897772038,7444031090.463438,105921937.52263796
2025-09-24,0.205840448693635,7179969908.525688,62527112.405519545
2025-09-25,0.2005866526442001,6982388513.89492,63861740.09111276
2025-09-26,0.1858762710838642,6482273796.926672,68828854.79493997
2025-09-27,0.1917336198720631,6680148565.681374,96950359.0895358
2025-09-28,0.1861243400011367,6487431626.245285,32554941.802799538
2025-09-29,0.1946545724906283,6787681139.334714,42476916.21367022
2025-09-30,0.1905099922499413,6653418770.615142,48619663.65073777
2025-10-01,0.1976841665971996,6870386846.541215,92043611.18095836
2025-10-02,0.2029629460799565,7064887820.713824,70012158.42421004
2025-10-03,0.2183810942429542,7597592447.17279,139715725.15834862
2025-10-04,0.2137472453975438,7450337002.893352,53002649.24239996
2025-10-05,0.2071695740317879,7218964983.343277,40044510.08056038
2025-10-06,0.2092501968744422,7304840981.468517,35387637.90005458
2025-10-07,0.2108463868952015,7351784544.441502,48400485.2960057
2025-10-08,0.1952403759570967,6805306992.699355,45203506.44148822
2025-10-09,0.1986064033373882,6917474422.641078,45437328.15899387
2025-10-10,0.1933235622609706,6738645538.0813465,43471695.71387826
2025-10-11,0.1492781519591551,5185307437.945234,145938793.57120425
2025-10-12,0.1558922822253989,5437386825.398469,90869499.98196164
2025-10-13,0.1726206240427515,6014691930.830209,69466465.0078527
2025-10-14,0.1728387651452113,6027786567.496664,44320251.723168686
2025-10-15,0.1631504716028947,5694850702.967999,52029786.31984704
2025-10-16,0.1572008027320048,5481604376.828728,43457064.12790109
2025-10-17,0.1474930426791677,5144153814.36658,39778037.973876856
2025-10-18,0.1429843577109769,5150648805.218058,54300686.373959616
2025-10-19,0.1443881211438359,5205858281.011636,23693314.3455276
2025-10-20,0.1468408006154553,5294591479.366144,24871721.402152453
2025-10-21,0.1508029041580631,5437835265.58134,34941426.80794585
2025-10-22,0.1449518055090489,5227816632.605757,30812862.708211645
2025-10-23,0.1400393963162392,5050642448.979856,29350915.208251096
2025-10-24,0.1436209366498256,5155500755.287152,22063244.73265785
2025-10-25,0.1485193897306977,5357082994.35109,28967991.27972952
2025-10-26,0.1520790027088411,5494064555.92011,21818516.239602484
2025-10-27,0.153843496287158,5551917680.981772,19322362.52285587
2025-10-28,0.1497560002373836,5402392750.173298,19794759.384405445
2025-10-29,0.1512831885176593,5459335037.779789,68223456.6137933
2025-10-30,0.1466257541993356,5290853221.050574,31202624.50808608
2025-10-31,0.1456886458628995,5246795694.170552,26793734.46287125
2025-11-01,0.145611492338239,5257048463.493387,24599457.32565619
2025-11-02,0.1471236765304924,5308211087.531271,14991383.82072748
2025-11-03,0.1460174023383166,5268134106.2488365,17920908.126908176
2025-11-04,0.1294937628279834,4669012616.957968,35196647.36026236
2025-11-05,0.1217920910459075,4395732242.7336445,59377628.67200136
2025-11-06,0.1251637397786172,4521159466.169496,43883528.48863971
2025-11-07,0.1223739452469323,4417938503.400104,24010890.811714765
2025-11-08,0.1297303977323322,4687781969.148295,56032669.41477809
2025-11-09,0.125145444872659,4519427317.127464,24706115.64819415
2025-11-10,0.1278312552584681,4613995612.393606,21541519.675629266
2025-11-11,0.1363810442824166,4930864927.770222,41514926.49291083
2025-11-12,0.1254931179187633,4532731550.928142,29644269.445788138
2025-11-13,0.1249842816603227,4511274150.828536,20566304.46516234
2025-11-14,0.1226824992079904,4427453593.050062,31105308.873190764
2025-11-15,0.1139522466480874,4122239557.576977,38084517.28223349
2025-11-16,0.1151263461248937,4159215326.729805,20564307.951862585
2025-11-17,0.1098597685995936,4095302194.262619,25376129.82214311
2025-11-18,0.103895913232241,3871264295.19847,38099972.887380935
2025-11-19,0.1140370117396639,4241180210.173407,42855841.741735965
2025-11-20,0.1091924005315972,4064839067.387684,41300914.57426584
2025-11-21,0.1024310288868192,3835022790.111331,35696376.05386047
2025-11-22,0.0990133354427373,3695253602.4475617,43448465.24053719
2025-11-23,0.1000653283810612,3733078120.4502873,20136414.10632199
2025-11-24,0.1061898124915448,3968740266.7095785,47075886.99249307
2025-11-25,0.1098211391418357,4099335048.47033,31689842.12029141
2025-11-26,0.1103292361322137,4118928361.6192865,26122292.922692157
2025-11-27,0.1118418292084607,4174131039.731525,22061641.611392356
2025-11-28,0.1114017409364442,4157901657.5453024,15889808.304191416
2025-11-29,0.1087919688927729,4062726910.408659,18636615.698089745
2025-11-30,0.1071835526432541,4000449791.990912,12508206.495271144
2025-12-01,0.1064622900165351,3985071719.625333,12109277.54962658
2025-12-02,0.1019047445799749,3812134308.853152,26024341.45575708
2025-12-03,0.1088391920994423,4069382833.0901713,27903367.637349997
2025-12-04,0.1103962713080342,4122202021.155936,20356081.24617565
2025-12-05,0.1063852243614,3972723751.958776,15488406.16452845
2025-12-06,0.1036545773582018,3870397150.029112,17261305.106302682
2025-12-07,0.1041137532646444,3886829150.154548,10536563.22429992
2025-12-08,0.1034519211734489,3853995326.9721704,15045767.305383364
2025-12-09,0.1035480493263357,3867893203.689588,16196730.233366877
2025-12-10,0.1059212051763396,3961045716.782886,17831838.497483794
2025-12-11,0.1038028288265444,3878596895.2615786,16816369.57728193
2025-12-12,0.1017796071684728,3805289889.3129063,18372380.693972655
2025-12-13,0.100400916469107,3751443855.962893,15717805.454954673
2025-12-14,0.0996228938803873,3720907921.460001,8703156.167287534
2025-12-15,0.0967541530780519,3610586109.9496536,11418451.157807171
2025-12-16,0.0963173728451041,3599636880.7674537,32981506.169439547
2025-12-17,0.0955350308337995,3681028716.731524,20142518.32299633
2025-12-18,0.0912395365195744,3514271620.098483,20303274.895886604
2025-12-19,0.0902041793092928,3476159789.884971,19628419.112464935
2025-12-20,0.095259992834911,3671364933.6374936,17431263.662491556
2025-12-21,0.0960175081375968,3698529426.397796,15928005.172602974
2025-12-22,0.0957660966787654,3691894075.801212,10969230.048566792
2025-12-23,0.0956540651473457,3688562628.9154553,12667268.24214302
2025-12-24,0.0947187195166523,3652339474.610757,11032691.045515072
2025-12-25,0.0931077495956975,3592262258.737876,11370298.411296308
2025-12-26,0.0922749949401307,3558276457.029059,10441813.517963937
2025-12-27,0.0916704766183728,3534142586.837767,11380066.926366327
2025-12-28,0.0926775963477825,3570796004.5056276,9105104.438249504
2025-12-29,0.0927094042317005,3576043813.7687426,11750504.589268122
2025-12-30,0.0917731187136827,3539980252.025958,13231266.986679535
2025-12-31,0.0924533967951247,3566286660.2908773,16995844.33603514
2026-01-01,0.0906237247873018,3496030464.897968,20980244.29235964
2026-01-02,0.093726550282819,3614740489.10528,15577770.4771704
2026-01-03,0.0982324951666109,3791679543.237477,21184391.99274259
2026-01-04,0.0999411534064739,3857295708.5520153,21924118.8344642
2026-01-05,0.1076510988448094,4153885603.431086,23392312.518723067
2026-01-06,0.110542076317635,4265590352.6873336,26836177.925269585
2026-01-07,0.1085481769361381,4188999656.101431,25419302.595498845
2026-01-08,0.103446853267052,3992724048.322986,18893461.81680787
2026-01-09,0.1012084978680861,3909426522.041588,24936813.699421868
2026-01-10,0.1005976601393045,3887614196.088772,14571605.289403724
