date,prices,market_caps,total_volumes
2016-02-10,0.953412,0.0,120840.0
2016-02-11,1.18474,0.0,60755.0
2016-02-12,1.35637,0.0,49987.0
2016-02-13,1.104235616814589,102323.99343212388,34680.80688894798
2016-02-14,1.167310778694099,108170.02061846736,15333.22413562983
2016-02-15,1.181327950194755,109468.93583274716,21287.98073594236
2016-02-16,1.470938720744391,136307.4784352205,41517.5421153291
2016-02-17,1.576949360034419,146132.74329566953,40706.9964138693
2016-02-18,1.435763286868166,133049.31226749922,32002.2983166212
2016-02-19,1.437981971975688,133254.91337904305,17910.162141518107
2016-02-20,1.570511607200751,145536.1696160792,24280.256736890904
2016-02-21,1.658573710645453,153696.70861809285,27519.262655863688
2016-02-22,1.775240338735486,1663181.842833486,63276.64825816189
2016-02-23,1.931763297038717,1826698.5548393752,90598.64790889596
2016-02-24,2.677353432145028,2557041.200964727,145576.67260274393
2016-02-25,2.278645250717772,2195754.972432412,127441.69491007485
2016-02-26,2.343901488734121,2276141.6405963064,47676.52004046627
2016-02-27,2.164278453434592,2119415.1253733463,46031.35694325191
2016-02-28,2.232852290360706,2207699.2093097926,29554.93347129894
2016-02-29,2.075361699395616,2068886.5708935016,37827.279954049045
2016-03-01,1.543388236780467,1550481.64911671,65255.17968414063
2016-03-02,1.766697558328252,1790510.8747169585,42563.55876973543
2016-03-03,1.720985255766603,1761042.9085798264,36197.96441929408
2016-03-04,1.738360263126051,1791891.3290687546,16855.793775484544
2016-03-05,1.625888916390516,1690711.4815980894,27023.43245115705
2016-03-06,2.0292020291538,2127376.85252629,38570.18502652644
2016-03-07,2.155257893217276,2278717.5311144413,36278.17411563803
2016-03-08,2.281340835254952,2431259.148243732,29075.0573933456
2016-03-09,2.466173100787559,2648317.2474924256,84075.88449169624
2016-03-10,2.402016357957864,2602940.2222683234,34650.23510454958
2016-03-11,2.398424628531609,2618501.674021041,51650.69030562312
2016-03-12,2.284667574816705,2513090.923614454,49918.76783063775
2016-03-13,2.373668761326594,2630594.6680525844,23560.70990429526
2016-03-14,2.400367124624116,2681416.509777855,47177.152325019146
2016-03-15,2.605221621839952,2935347.4900946454,41635.16703745896
2016-03-16,2.566708481436917,2911250.594442602,31602.254849067467
2016-03-17,2.496203758319513,2853979.650591932,23225.804009400763
2016-03-18,2.388437980754881,2754196.207813741,18137.249630986204
2016-03-19,2.336794885263042,2713021.198585277,21623.86080995981
2016-03-20,2.175549565788828,2544966.5842580344,19839.699169669315
2016-03-21,2.212236371871757,2605757.8266457925,13938.323801556558
2016-03-22,2.085044738333961,2474176.637849228,19999.92239817198
2016-03-23,1.987889259931409,2377249.1777171344,14428.493125553145
2016-03-24,1.874079299008912,2255658.711000818,17113.44224906307
2016-03-25,2.038378124651251,2471674.124230243,15212.755358384822
2016-03-26,2.163132248009628,2642488.8435653057,24108.894917863086
2016-03-27,2.105939578110889,2592224.1920320527,25151.156884307333
2016-03-28,2.0492858548977155,2538884.8370630383,17183.064143216263
2016-03-29,2.047861404530468,2554014.9249970275,17031.733424285387
2016-03-30,2.1483947725548243,2700040.246698499,10645.797219124848
2016-03-31,1.964320815992512,2484620.2921285285,17843.226220214605
2016-04-01,1.924272035348437,2451053.0506572835,9792.90852066644
2016-04-02,2.012936631522205,2582001.8690000586,12833.905137946913
2016-04-03,1.885623238323488,2427057.323729217,12248.080151653425
2016-04-04,1.903290497205318,2473196.5773645006,14053.669338399874
2016-04-05,1.814251109842119,2372819.113038091,24380.49456331708
2016-04-06,1.784186380846415,2347280.955200686,14969.879844322208
2016-04-07,1.721338087498899,2281767.899350616,12768.592481312002
2016-04-08,1.739024529241457,2320305.651312119,12673.180896485266
2016-04-09,1.595663520559929,2132538.873024002,18665.208601471364
2016-04-10,1.474757211844823,1991717.1301276952,18910.95387126689
2016-04-11,1.466149408246594,1992332.8370733976,13776.372480254537
2016-04-12,1.630353753245227,2230395.670004613,18126.101979837076
2016-04-13,1.569194051593454,2159688.049984277,9528.873792041628
2016-04-14,1.502027962836742,2081372.164326576,6740.13802529483
2016-04-15,1.391150741792705,1939126.4101355933,9153.127986736044
2016-04-16,1.370492969338644,1922175.3206951297,14784.823222140258
2016-04-17,1.345940788789622,1898327.001975982,7847.947527356571
2016-04-18,1.690200053118555,2397864.8427586034,26206.53362182192
2016-04-19,1.517579908333511,2167216.4100134703,20365.344122736227
2016-04-20,1.536102893719472,2206671.7148408764,7477.280976320868
2016-04-21,1.556298276177137,2247973.256848199,11250.640382090718
2016-04-22,1.5656769676345843,2276292.3386118608,8789.779147008257
2016-04-23,1.5801770645931752,2311631.5467309686,8645.804720373646
2016-04-24,1.588257318721301,2337427.178160908,17442.28015508994
2016-04-25,1.55452206825354,2291384.182870537,13336.507295473304
2016-04-26,1.526417482138424,2272309.016872776,14076.48323049622
2016-04-27,1.4741386816546496,2207481.399894751,11386.579977234114
2016-04-28,1.509761349159523,2272984.96495474,10163.530303003396
2016-04-29,1.527001930360349,2313337.6824071323,12277.724184318196
2016-04-30,1.571497720648227,2393917.480283667,18399.346225008656
2016-05-01,1.542765759751991,2363332.01204888,13643.30015799378
2016-05-02,1.510701038362697,2326340.614583024,12555.022604411768
2016-05-03,1.532321531970147,2372027.60220366,10430.59299319698
2016-05-04,1.507987430092709,2347829.361546811,9797.496916585122
2016-05-05,1.520135382881496,2379285.49857846,5527.505970709221
2016-05-06,1.5288715379860929,2404682.54077835,5958.193417577546
2016-05-07,1.581165550319904,2502053.7596472697,15509.805568955951
2016-05-08,1.489135161428143,2369084.4870731314,26987.89439838193
2016-05-09,1.456337545231362,2327821.582998171,9852.400708361334
2016-05-10,1.405231491232508,2256664.062233267,9477.011985908804
2016-05-11,1.370996068378955,2212470.9542718376,22193.82904568947
2016-05-12,1.286558273041087,2088634.7240865456,9339.267522075092
2016-05-13,1.2763832805141435,2081269.300823082,10786.97829549124
2016-05-14,1.321676527146202,2167319.532804048,17897.088044232987
2016-05-15,1.333721045204292,2198729.8360503493,9705.08311861284
2016-05-16,2.003468438599639,3318553.1355701964,270113.0035373578
2016-05-17,1.736448825416452,2891305.372838521,63634.054412215184
2016-05-18,1.58112074185531,2646486.2222003853,68839.84589847535
2016-05-19,1.561147741840903,2626056.573278322,40334.96002083342
2016-05-20,1.45452266606207,2458227.66795953,64215.16126537221
2016-05-21,1.525230415086741,2591033.975001884,21726.219608415824
2016-05-22,1.445619060513741,2467969.5338234217,20204.33841185861
2016-05-23,1.5197789354546054,2606703.553186643,40342.243742620914
2016-05-24,1.4438242709688944,2486275.5013783327,30556.77187642444
2016-05-25,1.390637163115646,2407746.402944104,25645.520271366968
2016-05-26,1.347607884387368,2344349.884779872,39085.814578668345
2016-05-27,1.340719437194513,2344192.966437681,32942.70501970204
2016-05-28,1.572389875320544,2761207.819675644,41504.910310224266
2016-05-29,1.45677080620815,2560915.6710655554,12355.298649338463
2016-05-30,1.479034815099259,2620098.3426698167,10990.478649434626
2016-05-31,1.510629035819645,2690756.6086665248,20408.43581309715
2016-06-01,1.790436628614525,3202929.9892948098,54951.67019270679
2016-06-02,1.765128975882587,3170628.80908988,33241.199811045466
2016-06-03,1.732050211669927,3128351.150058697,27100.137746758464
2016-06-04,1.748560030688178,3172774.415603914,16943.69543677398
2016-06-05,1.6364321628929872,2980810.277674463,16195.46956089512
2016-06-06,1.654461352749481,3028284.698538831,16856.300858178118
2016-06-07,1.6897214631007376,3107578.5708388085,19076.36220099693
2016-06-08,1.656674074158834,3060412.12069732,34291.42860504154
2016-06-09,1.663659466531101,3085720.641673089,13728.237306791949
2016-06-10,1.653704092644694,3081775.145184853,10393.507562904217
2016-06-11,1.6676750379047862,3122076.118237043,16438.727322695035
2016-06-12,1.606336662870081,3020479.963037745,37932.78010791165
2016-06-13,1.672878394081037,3159416.5367237814,42637.95462525529
2016-06-14,1.6517160648030047,3133487.063698428,11724.185401546392
2016-06-15,1.7059267581323896,3247862.7770055127,20267.60821508581
2016-06-16,1.9852857044261611,3794474.5815840177,40554.38302047026
2016-06-17,1.7210616056202817,3307357.203274073,47375.83927169541
2016-06-18,1.902125455568155,3671161.095135662,26932.09757879981
2016-06-19,1.9825344562062048,3841979.2956299344,38740.113952286105
2016-06-20,1.9889983897026056,3870029.968815375,36264.55520939546
2016-06-21,1.6851380127226951,3293314.087266332,24888.93009413341
2016-06-22,1.5986348202873533,3136820.462115181,24484.53392263685
2016-06-23,1.6134867000562991,3180661.4913608823,10015.38181819795
2016-06-24,1.6700691117710398,3304550.7208393505,14762.842194947418
2016-06-25,1.643968430659814,3266201.9546978744,14293.75023167794
2016-06-26,1.5443730515878524,3080817.291928853,10728.73591517666
2016-06-27,1.912537215466089,3830848.3807856697,145005.4981880993
2016-06-28,1.9161092680185623,3853431.7817433584,38032.11265980423
2016-06-29,2.0074669118412154,4054856.318158217,78030.30359082668
2016-06-30,2.115106116311337,4287815.032594297,82214.24293923422
2016-07-01,1.9773615295680305,4023997.942962947,23292.83081533316
2016-07-02,1.9953727145709237,4069586.595839973,14277.525641388476
2016-07-03,1.97467942404309,4052974.226824569,31442.90552308192
2016-07-04,1.9598456008314595,4039727.825022645,19704.72323360729
2016-07-05,1.9310140163410623,3996131.163074963,28595.74046057241
2016-07-06,1.8893045366539492,3924461.494233047,16670.589722627814
2016-07-07,1.6646871905561114,3472697.289470342,27549.202374832283
2016-07-08,1.8204041743037964,3810315.283297891,46641.110594593614
2016-07-09,1.6556846705091732,3468775.282643653,12694.113784096804
2016-07-10,1.7286551143140885,3647910.012877334,13411.738132187287
2016-07-11,1.7005741427843577,3602149.346949255,14847.85902256473
2016-07-12,1.6940861963274234,3601725.5103914896,19086.310736725536
2016-07-13,1.701757535203193,3629345.102357991,17468.668831028564
2016-07-14,1.708781548563741,3656754.920732337,16906.9036989795
2016-07-15,1.7246290274480007,3707921.365690707,17063.700686630138
2016-07-16,1.712031840685183,3694634.905504093,21780.649377142312
2016-07-17,1.8004566069648498,3900212.1179885017,19589.690213716924
2016-07-18,1.7819516728996558,3873970.0646905433,9479.298129655355
2016-07-19,1.787929048811187,3901781.471859214,18390.10927477353
2016-07-20,1.7455240416359832,3816291.577949999,14611.846059211484
2016-07-21,1.7303439831131666,3803785.762229961,25179.28168111589
2016-07-22,1.7140758993073633,3781719.3765925546,18465.240179104323
2016-07-23,1.7254830640183845,3822429.847541711,18588.126240472277
2016-07-24,1.6860998698818357,3749206.61236964,20485.962783137984
2016-07-25,1.7935552447234857,4000178.817193503,108032.19408541726
2016-07-26,1.70329209295423,3811620.232444605,72491.87782748204
2016-07-27,1.698411952678613,3814023.515825153,38110.84104334132
2016-07-28,1.7063383805125445,3844713.107278963,17514.62805005043
2016-07-29,1.6945704734814062,3828917.570811181,9313.200460948936
2016-07-30,1.7166582341922512,3894167.104619286,17171.312928761345
2016-07-31,1.844288112977933,4198034.997132438,171166.36527794134
2016-08-01,1.6872158069684355,3853781.435207253,32419.76043602236
2016-08-02,1.3998517128332606,3208210.952208949,36387.92846105447
2016-08-03,1.5670859864123474,3601205.9080972075,26415.555547865355
2016-08-04,1.6265964500653731,3754223.6450656834,15092.379588860196
2016-08-05,1.6178054358073457,3738659.3828518055,11655.036456032334
2016-08-06,1.6424636427602304,3814588.96103778,14298.611750730768
2016-08-07,1.545790777403903,3605734.754234005,29650.56884764084
2016-08-08,1.5455725557669877,3616276.570944146,13804.561329796476
2016-08-09,1.59591901629224,3748922.29176358,17624.463997787763
2016-08-10,1.5699480083754973,3700813.3209754257,20720.659505854182
2016-08-11,1.5720400968387176,3718054.041594607,19198.152687275484
2016-08-12,1.5700659035257585,3726086.682510944,19174.04333743599
2016-08-13,1.7692179493550289,4214535.461184285,71843.06462593786
2016-08-14,1.6347202935741687,3908035.8962316182,27195.15138581935
2016-08-15,1.5881993887505177,3807993.910419341,43560.64660800984
2016-08-16,1.59463076420926,3838545.74205084,33187.90004970968
2016-08-17,1.6011618761985646,3864533.882317208,11587.81632842823
2016-08-18,1.593072751710473,3859863.935483064,9691.670708213262
2016-08-19,1.5933285886649908,3860483.8041193495,14357.64392326448
2016-08-20,1.5603161361811932,3800096.898920666,12832.016052290735
2016-08-21,1.560030392730082,3799400.980460762,12678.07568789756
2016-08-22,1.5315901272739965,3750389.428754562,24350.780394612044
2016-08-23,1.477465001206203,3633680.3788965377,20502.61666151081
2016-08-24,1.519927330417026,3753019.7635390246,16444.877113383645
2016-08-25,1.510416695425583,3739444.342033797,10093.65358340008
2016-08-26,1.5031703798286142,3726547.267892613,39130.32118796673
2016-08-27,1.471048814286628,3669579.811848865,6110.7623642204335
2016-08-28,1.503550329740429,3761546.1297366894,12424.638279967254
2016-08-29,1.4843198261223605,3723490.499819248,18915.246633066363
2016-08-30,1.4738460083960023,3710205.4092337857,28491.98251156731
2016-08-31,1.4363193444435036,3623161.50857776,10537.239609886985
2016-09-01,1.4560566224338387,3690408.99886088,29162.666735429942
2016-09-02,1.4303287134475522,3634674.0888623935,18113.951972053816
2016-09-03,1.4908362160575546,3797991.728907152,23641.499031398056
2016-09-04,1.4949865021863582,3824505.864609688,34249.73144407906
2016-09-05,1.5187601825344468,3897478.8306642794,27745.30085376073
2016-09-06,1.5129984470210414,3892274.745873109,56839.66300160158
2016-09-07,1.5036747647014923,3879548.558294262,22390.94437491568
2016-09-08,1.5247870053545127,3945971.894564858,21076.62760277512
2016-09-09,1.543533794849674,3994486.411150754,27607.795191165947
2016-09-10,1.5259281103154412,3976091.039983511,23313.82736036888
2016-09-11,1.4914570671695366,3899926.071888792,8805.566644927896
2016-09-12,1.4381943526279652,3764965.580472298,15500.888319359774
2016-09-13,1.4614066430713168,3840160.157098145,33086.43995756339
2016-09-14,1.473328406963142,3885209.735685608,25860.63073856188
2016-09-15,1.4324279928336765,3788673.2035135687,19047.60044979377
2016-09-16,1.446815923436986,3833664.322729068,17554.062214054622
2016-09-17,1.3992550139054238,3724951.175497573,18858.320439479765
2016-09-18,1.293930191358512,3451619.6001678244,57367.84454253655
2016-09-19,1.24216856985161,3325364.7602812303,32922.4211011253
2016-09-20,1.3048903749573315,3502893.3936985848,42322.76258946319
2016-09-21,1.17282097242706,3154468.5459206626,29721.20611130905
2016-09-22,1.201626843187197,3244739.7467631134,12067.913311793702
2016-09-23,1.1940835064205,3227594.582936041,17141.832331282672
2016-09-24,1.2266053640617407,3332073.471473719,11073.215016130624
2016-09-25,1.199148460435079,3267950.5622376488,10759.258038946786
2016-09-26,1.1439328182673183,3119052.941951761,90215.55529544895
2016-09-27,1.0766919162141926,2947048.974703101,18269.1495919882
2016-09-28,1.0501142465904774,2881135.4515154976,9438.087201976074
2016-09-29,1.029174837960156,2837531.770690918,12534.962386462154
2016-09-30,0.9742876902379224,2691504.818639109,17982.648248584475
2016-10-01,1.01738092351026,2814476.4825132424,21889.411364746746
2016-10-02,0.97832610567453,2719030.43906584,17616.401805087895
2016-10-03,1.0910821292735364,3042403.9595659487,31961.8838725673
2016-10-04,1.0145984220738145,2836215.531254095,16509.91750494649
2016-10-05,1.0750294423448223,3007055.155655859,21438.479909495065
2016-10-06,1.0769577013972618,3025917.2840388725,38192.95563984314
2016-10-07,1.0885447601223543,3065900.4679664928,17131.806774313492
2016-10-08,1.0117840453723683,2860446.0399776287,22943.427129058506
2016-10-09,1.0179738698223226,2886817.126840154,9049.162465969031
2016-10-10,0.9804081907578616,2786065.1720042457,31585.23751015456
2016-10-11,0.9760894940027012,2783498.7926155995,32418.9296257286
2016-10-12,0.9474680629337536,2710086.4839403103,19774.39488028329
2016-10-13,0.950670988996048,2726003.428738696,15440.4202910307
2016-10-14,0.9649485540716424,2774683.513622048,15291.069824684311
2016-10-15,0.9372007613409568,2702170.0371248936,6927.972739390208
2016-10-16,0.902542809988488,2609718.7808522927,18385.91997525121
2016-10-17,0.9516237621262044,2759145.5488988142,21584.954576963355
2016-10-18,0.8807391696336698,2560463.776218934,20409.014896526343
2016-10-19,0.864073887451008,2518682.926013731,9235.78071430731
2016-10-20,0.8885042462496613,2596052.142289924,9960.07794300048
2016-10-21,0.8819326864110848,2584425.245518593,6102.50153207596
2016-10-22,0.9005696316348549,2645820.4441349376,12551.75207662587
2016-10-23,0.8947642132516332,2635542.3063600976,5105.673399422462
2016-10-24,0.871018771230309,2572515.616002784,9471.087364471354
2016-10-25,0.8573709198312298,2538601.559721166,12464.619638147504
2016-10-26,0.8501603379949068,2520396.3901040945,13260.769870454647
2016-10-27,0.8424305903529947,2507765.072405192,14498.215216159811
2016-10-28,0.8475912709194429,2527084.050742339,14587.030435325656
2016-10-29,0.7753213289247396,2320206.450585624,110064.954510884
2016-10-30,0.7660078745279127,2295974.552519376,12091.215316753443
2016-10-31,0.6876984685147943,2065527.79502752,27799.115214168443
2016-11-01,0.6853858005145504,2066706.8597851712,10230.082207607204
2016-11-02,0.7209548612406992,2179577.7593153794,8592.096673057958
2016-11-03,0.654064085619844,1982106.5460743995,7900.295693932477
2016-11-04,0.6594137509971837,2003696.602021296,6554.336224910769
2016-11-05,0.6374424676881326,1942556.8372095723,10115.18508715643
2016-11-06,0.6269375268907216,1915271.5749001864,8223.947271905045
2016-11-07,0.6364831349744445,1948838.800214362,12365.928574875265
2016-11-08,0.6235346664909488,1913773.1750380143,10780.023079556726
2016-11-09,0.7451593459634198,2293454.415643597,28215.47118097396
2016-11-10,0.722835435930163,2230276.209967901,26441.75962985412
2016-11-11,0.644340437491129,1993265.2103574951,9954.127895437146
2016-11-12,0.6496897153290593,2015369.981436508,7600.346176856264
2016-11-13,0.6664876707760402,2071858.9025908264,4730.639322636789
2016-11-14,0.6469915697169978,2016539.4425445204,7990.271045539772
2016-11-15,0.6982214243607938,2181364.5220095343,21582.39336285536
2016-11-16,0.7286181951884908,2281852.947254337,28279.14851860466
2016-11-17,0.7223003789601076,2267864.2838513665,9993.45313324788
2016-11-18,0.731826281955173,2303530.8009173544,10534.3337043164
2016-11-19,0.7599880726377626,2398040.5248067263,13550.048074498549
2016-11-20,0.7019892140550755,2220913.462042247,14257.614077045346
2016-11-21,0.7077112556677793,2243406.4640590544,8890.775214965977
2016-11-22,0.6766664513759821,2150185.465889091,18964.99790514068
2016-11-23,0.6595250381227218,2100944.7089915317,4983.961745880861
2016-11-24,0.6184742480344249,1975104.3143146643,14890.108079696753
2016-11-25,0.6176471247853589,1976642.5052138388,7457.80319009827
2016-11-26,0.599805537320895,1923627.341658783,17132.539740679353
2016-11-27,0.5795593189160929,1863351.018755552,3483.226419404732
2016-11-28,0.5875857304747849,1893398.0648094665,8818.072739433088
2016-11-29,0.5938541360981127,1918406.5922919705,6108.8776565165645
2016-11-30,0.5944476061112725,1925065.0721068056,21748.728424882825
2016-12-01,0.6037238491568309,1959431.0317271813,5477.375013346454
2016-12-02,0.6029865342048932,1961528.46147227,7384.560347668044
2016-12-03,0.5565131689055066,1815088.847885728,10837.107571427488
2016-12-04,0.5599502539113946,1830186.2059043152,5703.335735926306
2016-12-05,0.5277961633993896,1728752.5261331385,4951.611206935693
2016-12-06,0.4895533742478414,1607519.9791354276,8680.614702506638
2016-12-07,0.4815721507872147,1585038.3903744752,6350.628429660696
2016-12-08,0.4882340725073094,1610420.0705683872,4992.090577742901
2016-12-09,0.512088069544706,1693156.2151170163,6329.299187804834
2016-12-10,0.5253545807905218,1740972.54528171,11872.003308030273
2016-12-11,0.5047561540427584,1676670.726154609,3899.925923980135
2016-12-12,0.5430115473219895,1807883.0972381283,21208.228666454183
2016-12-13,0.555135153167551,1852152.369893064,9412.193255915983
2016-12-14,0.5342638207116263,1786661.0273518886,3635.5700476167576
2016-12-15,0.5254475305769786,1761500.8434507127,4222.219291227128
2016-12-16,0.5267092069983245,1769890.940801537,4254.136091942268
2016-12-17,0.5425247743930598,1826481.266264456,3444.4373493285893
2016-12-18,0.5035497951908168,1699068.6550365405,14272.53158806382
2016-12-19,0.4936602938198862,1669807.4248266465,6257.257104796419
2016-12-20,0.5010884599495662,1698863.255836172,10781.800648918354
2016-12-21,0.4882180122595301,1658885.226121885,11081.096743980555
2016-12-22,0.4590950121098148,1563263.9666401185,9990.118863159663
2016-12-23,0.4691185306411708,1601010.5360833718,9209.877239288342
2016-12-24,0.4554266915448908,1557734.6243597716,3923.529349065104
2016-12-25,0.4383404603328293,1502645.1249156694,6757.202802979547
2016-12-26,0.4315395020833543,1482230.3047808013,6185.69059516708
2016-12-27,0.4369885900314216,1504286.0264154456,4036.9464534028616
2016-12-28,0.5159652018137536,1780261.0500432863,13021.439602377706
2016-12-29,0.4852449242918583,1677728.5028000085,9727.428739424287
2016-12-30,0.4798749005938034,1663125.476983173,3136.7144406736256
2016-12-31,0.4765363209630932,1655124.5348855327,8258.180846936792
2017-01-01,0.4908536623384563,1708595.333355751,3198.857363474472
2017-01-02,0.4766162195649303,1662574.1626974922,7617.892723976757
2017-01-03,0.4575201014695518,1599408.37863939,5177.237659353402
2017-01-04,0.6260479963462667,2193551.351934024,35878.881177857795
2017-01-05,0.541746158302432,1902375.2231408048,15015.961249324806
2017-01-06,0.5304279462782345,1866729.767057528,12397.47258843003
2017-01-07,0.6925990779268008,2442240.0981891733,47358.69512650754
2017-01-08,0.830476769489707,2934868.362398767,44811.3612943796
2017-01-09,0.8027595964252753,2842563.703345936,50507.51550107033
2017-01-10,0.6995334689611207,2482826.859578416,29042.23561313208
2017-01-11,0.700941674968798,2493430.3808161565,32739.274041485005
2017-01-12,0.7848188802804495,2796775.8528541285,25712.282905744964
2017-01-13,1.0210996742367968,3646488.869554321,86401.25305816466
2017-01-14,1.0417016719120895,3729040.9353423496,94660.95026320724
2017-01-15,0.9831940984477208,3527022.021302493,46358.675307482015
2017-01-16,0.925542494595864,3326452.481499727,39177.584293272506
2017-01-17,0.8819284680787091,3176777.778225424,49005.72297556423
2017-01-18,0.8606372949325078,3106587.3627309976,29721.71421609012
2017-01-19,1.050491933372779,3799546.334146605,41988.36066168181
2017-01-20,0.8919771182856029,3232955.0096380385,30179.485142058908
2017-01-21,0.922005342253004,3348929.0102542336,15266.644718244916
2017-01-22,0.9335588575257218,3398067.4204198774,10884.910141712977
2017-01-23,0.9801363435138184,3573836.8445824124,20138.327164674734
2017-01-24,0.9509676021479122,3475666.7639327487,15594.301038284357
2017-01-25,0.9592180858100527,3512844.636981232,15729.595369708748
2017-01-26,1.5470048056080008,5677024.971082013,642479.8124214777
2017-01-27,1.3680288067308122,5030611.290127014,154156.5973808288
2017-01-28,1.5245550928707647,5617647.065998151,74256.61128239748
2017-01-29,1.9332523769438013,7139508.761062966,326056.20030559466
2017-01-30,1.8852368537839128,6976200.207505581,131646.9526447537
2017-01-31,2.226957944389383,8258112.343366042,345994.33216084534
2017-02-01,2.5020917320252942,9297282.466226516,390889.8588904015
2017-02-02,2.586842285464489,9632143.465719022,128367.78439029638
2017-02-03,2.60097131811392,9706273.55328171,137046.96031406306
2017-02-04,3.271560665379595,12236935.69810384,727008.8123157364
2017-02-05,3.0256204298683,11337408.20947455,580753.7734522227
2017-02-06,2.5836913757305404,9697133.724614246,164732.21821723803
2017-02-07,2.390109612897413,8979433.87611926,200716.748109627
2017-02-08,2.5763688250328536,9711998.435809797,107963.00294030298
2017-02-09,2.680326456437453,10122014.313681418,188175.3657037165
2017-02-10,2.553418758883158,9662759.617791036,129748.33228850986
2017-02-11,2.520340508765848,9556690.14965106,54234.379676314566
2017-02-12,2.391998527886927,9088439.070681354,57416.55740598648
2017-02-13,2.579091914943993,9820073.0025833,128723.50090151996
2017-02-14,2.401082456231013,9158484.829038795,215547.93283179728
2017-02-15,2.4684262839701177,9433105.854749508,160483.4238750179
2017-02-16,2.212808895914458,8474217.203971926,116054.91020068628
2017-02-17,2.1163165436511107,8121155.220923316,92783.901834215
2017-02-18,1.8641716113514184,7167508.688366395,104456.6491260843
2017-02-19,2.012645931787136,7752307.587411758,95498.2563520362
2017-02-20,1.8990760614890252,7324554.057861268,44042.17442240374
2017-02-21,1.774428761212992,6843801.386837434,74913.81490607721
2017-02-22,2.1303213634892004,8216444.988126952,138443.34704367243
2017-02-23,2.114613677212058,8155861.950093894,76204.15476647306
2017-02-24,2.304655762246233,8965216.929302908,100569.68518903716
2017-02-25,2.319257577666557,9037184.28827184,42962.59447711545
2017-02-26,2.423281066460043,9460913.35764664,63424.092624436016
2017-02-27,2.378327392455155,9304249.835369028,61378.67174303792
2017-02-28,2.1858254588278347,8564715.523674186,39596.879216330766
2017-03-01,2.03171213646771,7975746.050857465,55167.8740693158
2017-03-02,2.0797419653960505,8180066.055199331,80969.50268278591
2017-03-03,2.08580981887704,8218793.604284496,58797.43249978831
2017-03-04,2.167076170314976,8557209.521388708,44955.7767206612
2017-03-05,2.095920460644523,8292020.953072725,32152.937690553037
2017-03-06,2.30625258316509,9138611.192137249,70425.00731102725
2017-03-07,3.1785204032509093,12618398.613304576,730364.9872360525
2017-03-08,2.7899936159785725,11099649.221949602,475817.1086982109
2017-03-09,3.101357511825405,12357638.12804439,229612.05044910932
2017-03-10,3.075049536789822,12277144.500781974,505309.9271298265
2017-03-11,3.33759810731945,13351500.511849431,236477.36356661952
2017-03-12,4.883001721072214,19572726.23564088,1515682.8922196813
2017-03-13,5.003492346308063,20089962.42698798,2045287.9643371168
2017-03-14,4.724810069373028,19005085.472666208,987294.9357651098
2017-03-15,5.438451030832512,21918126.92122665,923843.2199638478
2017-03-16,5.388457997040966,21746323.87319216,1367307.1862745066
2017-03-17,4.720490803852332,19096877.72072712,646732.0121087817
2017-03-18,5.841761165977716,23674385.56061412,1214431.471988973
2017-03-19,6.14269156353035,24936637.249028392,1286264.306774753
2017-03-20,5.941707554191908,24171668.46097249,583083.6159487064
2017-03-21,5.7876631135695495,23589079.51045732,573959.7519712431
2017-03-22,5.8524363925942575,23892132.64003661,342388.5614347633
2017-03-23,7.55704005877529,30905180.33988672,1582552.600996794
2017-03-24,7.157209984092756,29330475.545531604,771097.3034225777
2017-03-25,9.604534688769556,39425404.72602824,1391371.875309369
2017-03-26,13.617100889846409,56024130.1018488,13088077.350170355
2017-03-27,10.381323676839887,42780074.91885552,5149642.36988156
2017-03-28,13.306362438826032,54923794.01882125,3110722.2613743613
2017-03-29,12.203621037310118,50452124.66710023,1128479.1335934831
2017-03-30,12.430987197455991,56712873.55000328,1637802.36860725
2017-03-31,12.816379219423975,58568212.858648375,1011124.4963659404
2017-04-01,12.844258685316522,58797304.270618975,610721.2256989998
2017-04-02,11.043964044517862,,1193213.5976953632
2017-04-03,10.92432870863642,50166789.69042984,1480826.311877828
2017-04-04,10.473547859157206,48177524.16248585,1194158.7056493673
2017-04-05,10.2107030929039,47042383.70431551,1306641.8761519566
2017-04-06,9.7897878484007,45173380.29102575,773533.1383297589
2017-04-07,9.025714544541987,41714812.81338601,654244.4696847767
2017-04-08,11.05969322871156,51197996.40146716,2039009.446421817
2017-04-09,11.553518153285548,53516404.4408174,2372959.7911847946
2017-04-10,12.130886098500696,56336623.549033634,1078146.101287441
2017-04-11,11.593264292481216,53923402.4056891,826280.2920704292
2017-04-12,11.674089737375777,54396518.49573774,702707.1549919669
2017-04-13,11.035628050848182,51496820.27089872,683403.1014126509
2017-04-14,11.198947566374551,52336422.42615545,455508.6852619601
2017-04-15,12.244218943602752,57315164.386566594,722582.9993829323
2017-04-16,12.271635407817756,57527144.26766378,650253.792931921
2017-04-17,12.12229627632806,56920921.01408988,843652.6896448208
2017-04-18,12.165462781266706,57214864.89167585,685725.2459240811
2017-04-19,13.788997990053776,64948662.5527915,3287306.6108962023
2017-04-20,14.567189738427023,68732808.35851239,1745830.0511493485
2017-04-21,15.219707183241788,71923755.01613854,844580.4867283239
2017-04-22,14.90986222669942,70559849.47777468,1209918.274956083
2017-04-23,17.042201689295048,80714747.33258684,2781061.060682368
2017-04-24,16.586108216244625,78670399.18588069,2648755.837725928
2017-04-25,15.219474446813152,72356638.48768134,1814241.5439474816
2017-04-26,16.727385455556096,79635920.67805147,2065051.017015965
2017-04-27,14.704598051612717,70095818.99937029,1595023.581056245
2017-04-28,15.331127610084929,73194697.31695841,1816777.4578352089
2017-04-29,15.69350696623006,75057429.9284303,993529.0047420572
2017-04-30,15.876337140436451,76047115.10722783,1299774.8957765263
2017-05-01,13.922642166788371,66779688.622799255,1664717.0696946608
2017-05-02,13.698283686900922,65810636.92041072,1598921.771201665
2017-05-03,14.328396272234816,68941451.2021609,1578020.508705
2017-05-04,14.933997611143273,71965799.50428098,1297856.9701488817
2017-05-05,15.447238671924763,74543940.47321007,1603457.5562463352
2017-05-06,16.63101283413232,80383123.36855826,1469104.7309286965
2017-05-07,17.040628853751148,82488981.06744567,2514302.6012655864
2017-05-08,16.417383257717997,79585810.03619294,1903949.0461723923
2017-05-09,15.611296919486051,75783682.71281305,1533930.479508935
2017-05-10,16.42530122031671,79848875.28256713,1006477.7687026528
2017-05-11,15.281280995695925,74407170.26709372,801198.2152131685
2017-05-12,15.325321179671322,74736595.33855246,764012.4475066446
2017-05-13,18.54956000240025,90593120.22124244,2787613.05945838
2017-05-14,16.896976443109065,82639107.19982941,1359859.2589005844
2017-05-15,14.986095643350255,73403529.94555467,1203054.3131351708
2017-05-16,15.1203057161976,74157962.75365119,1119405.3352499527
2017-05-17,21.13326966435224,103811312.17716368,7353675.162914021
2017-05-18,20.637242715825412,101510882.21545638,3349676.1037738877
2017-05-19,19.89851609790172,98003315.84919332,1538485.381482852
2017-05-20,20.307062436073107,100185745.424989,1111974.7240858292
2017-05-21,20.548438508525404,101517443.96220338,1292935.7336305832
2017-05-22,19.629625073909978,97117079.31254277,2152475.878607409
2017-05-23,22.59685687830207,111926163.971327,1834506.4359182664
2017-05-24,24.454960437527603,121284131.74031378,3655486.10931
2017-05-25,22.485335590844592,111722144.93415502,1862027.1667171048
2017-05-26,21.607462252148817,107523399.37853897,1224593.1336809192
2017-05-27,19.360929111526623,96486739.10162184,1106695.3941929436
2017-05-28,20.72964310708768,103461089.04711074,980730.6227992006
2017-05-29,20.925056840826407,104580190.70664006,775571.9630130898
2017-05-30,19.97161621998679,99954504.06304404,1271948.536759126
2017-05-31,22.251659270258543,111523447.12315711,1021592.813443224
2017-06-01,25.338748291565377,127180473.47375956,2987629.370122311
2017-06-02,31.17549051775117,156734591.5250509,4092673.986190697
2017-06-03,35.84765415149696,180435725.79676145,7195119.539374811
2017-06-04,32.53303799050467,163968333.322271,3626503.282313599
2017-06-05,35.64551026532961,179943918.29143396,3024957.436782908
2017-06-06,35.24671777624303,178165743.45627323,2792361.615072183
2017-06-07,33.16568372390607,167881374.44204015,3132206.128847314
2017-06-08,34.513867046204474,174957315.1780822,2371842.546962703
2017-06-09,42.29441499339807,214707893.77489027,4711998.524504032
2017-06-10,41.71602468986629,212066540.212787,5580478.120137115
2017-06-11,41.93562533654448,213507939.6022077,5509856.830005419
2017-06-12,34.38970082655773,175333929.45125747,3675285.026625567
2017-06-13,37.14117489808161,189601760.89016744,2162716.797053734
2017-06-14,32.19400535193549,164561429.0267126,1364641.3245132174
2017-06-15,30.593811988835988,156603298.87033376,1441936.1489364118
2017-06-16,32.73404585462251,167817665.61693904,1276049.204268904
2017-06-17,33.96925911265571,174380546.23889497,1414168.5148772232
2017-06-18,43.27121866760916,222425530.82445803,11696681.725593088
2017-06-19,42.15190920832419,216974044.1681134,6181626.747874328
2017-06-20,39.84719443487772,205380449.4034412,3314302.818641801
2017-06-21,39.95159617932531,206229779.9133116,2294881.778565159
2017-06-22,46.94712765965106,242623788.5818852,6315912.725528011
2017-06-23,46.355020555182826,239923573.7091864,3914134.862026251
2017-06-24,44.24339443762117,229319884.41898957,2055072.147410515
2017-06-25,40.58512766427649,210632713.4797009,2109115.352755507
2017-06-26,36.02174141431454,187181612.0200148,3412974.1384718665
2017-06-27,36.270869655796304,188748128.78744596,2277846.7515932643
2017-06-28,36.84075392534112,191978863.3796332,1459838.2561996218
2017-06-29,34.81095047237649,181659900.7115825,1099267.9353932757
2017-06-30,32.753292470191454,171183445.43083215,1956224.501039659
2017-07-01,29.695266737109737,155378137.27585447,2268931.719799307
2017-07-02,30.18070471242192,158119307.52898368,1265266.8628606095
2017-07-03,32.47877896154662,170426189.15393424,1227269.0456605512
2017-07-04,36.60835407122571,192342342.35804787,1993314.97893372
2017-07-05,37.469537920818986,197123492.04763663,3222989.4911408173
2017-07-06,35.38286064517259,186409293.87999505,898229.3755218609
2017-07-07,29.999083502893576,158250265.3219591,1327398.324123056
2017-07-08,36.92034166004976,195023213.14063105,3031332.1692751814
2017-07-09,33.33319970292802,176298059.9003973,1981934.499666496
2017-07-10,24.77176658229683,131193331.87647034,1938648.5998309087
2017-07-11,25.966657586358245,137696121.68222842,2280492.083297158
2017-07-12,28.225758678186125,149870141.4990128,1643630.2947007166
2017-07-13,25.79855768782407,137177174.47712103,779115.5562839616
2017-07-14,22.60924629452965,120360797.4431008,1275566.7059262698
2017-07-15,20.590188577443296,109752932.27396344,823602.9792225825
2017-07-16,19.076923386590437,101826569.65290618,897503.5667687259
2017-07-17,24.15572569956755,129106870.51445477,1171956.1966477118
2017-07-18,24.659701919602675,131978280.79907896,1396506.602899396
2017-07-19,23.31771051788725,124953967.77941243,781777.2523792242
2017-07-20,26.82171882227863,143905334.1981057,1221565.6607058726
2017-07-21,26.767163734110984,143814001.6658656,722732.1641481548
2017-07-22,29.932973605617185,161034638.65541714,1114655.3358954024
2017-07-23,27.8632193436958,150097435.08488995,835800.0529909604
2017-07-24,28.257588496271676,152429146.6705489,847572.0144346064
2017-07-25,25.940785747364668,140110152.76173592,1706230.1395541355
2017-07-26,24.649036332244336,133308175.39289676,653516.0882489213
2017-07-27,25.139843249182743,136130013.7482754,431564.105351036
2017-07-28,23.101390391981848,125255946.6178391,1403389.3560095497
2017-07-29,30.07113225707453,163236450.36089697,2801416.546898277
2017-07-30,26.4709354034252,143888698.87484807,1728410.431565161
2017-07-31,28.83509735339862,156942341.46059975,1379810.9876926192
2017-08-01,29.574484605557995,161164054.0695813,1224805.5674876233
2017-08-02,29.107458506675503,158836839.61457965,682471.5221930593
2017-08-03,29.21811685001125,159635577.29561815,699803.0636035007
2017-08-04,28.32917685248684,154979577.9315942,525971.7827473644
2017-08-05,30.20756406419439,165479724.41685858,937917.5794551602
2017-08-06,30.166907185192382,165440628.37925965,652125.9375621511
2017-08-07,30.299711133258302,166388863.90735316,957517.9256488448
2017-08-08,32.013286781835,176024545.15733123,974397.6072637328
2017-08-09,29.64094737738012,163204953.2804871,1470911.2152659986
2017-08-10,28.054174210610377,154651356.5908881,819574.2878161806
2017-08-11,27.099710619618183,149577530.25774807,1808247.692652614
2017-08-12,26.01158940760243,143745245.38429254,1625891.7188807295
2017-08-13,25.12508309599165,139018843.5259385,1227681.8765301632
2017-08-14,22.61297862528368,125287095.00849108,1601694.3945892486
2017-08-15,29.72700131770572,164901056.89655215,2208530.3550587804
2017-08-16,25.751091245617264,143028925.59025455,1175051.106126894
2017-08-17,25.54868946731348,141908432.78661945,1162581.7704751985
2017-08-18,23.626005482514916,131535493.80136998,796009.7677005715
2017-08-19,27.47890504981167,153179397.55025196,1412513.4426518483
2017-08-20,26.063818016207705,145484296.52995095,999073.6036195288
2017-08-21,27.0858328457827,151356798.6330461,982853.157884546
2017-08-22,25.577396058459417,143092333.01071426,1073946.735375618
2017-08-23,25.858845206412195,144869680.82985842,853870.0292510916
2017-08-24,29.95131029419043,168011964.9491921,2779130.854185864
2017-08-25,33.16881062196306,186261678.3579453,2032186.6152236615
2017-08-26,36.11487962762234,203034639.0422059,4018538.003272025
2017-08-27,38.595759676069534,217279576.3748736,3043894.368462764
2017-08-28,38.55619501511766,217319101.48808447,2146609.3346212697
2017-08-29,33.9003069150842,191341570.0033156,2370869.89208904
2017-08-30,38.08287783065878,215170049.63848016,1824640.6080588093
2017-08-31,37.865328815382206,214214313.01673967,1381058.4008851936
2017-09-01,41.110254375229495,232887371.08193883,1927840.0954198348
2017-09-02,35.922857778280395,203721148.82924592,1083051.32883793
2017-09-03,37.30287463274264,211819375.0168283,626465.461890663
2017-09-04,32.30582742291293,183674135.69642296,1588574.7465312998
2017-09-05,34.175836448846155,194554732.1750241,1254478.5895703398
2017-09-06,34.259064363653394,195226443.08446723,911620.1650159556
2017-09-07,33.86068001842227,193213814.54100007,719845.6893432598
2017-09-08,31.29159577781536,178752740.2152378,1261141.0636052396
2017-09-09,30.1211593958173,172260771.98236203,772129.4298191807
2017-09-10,27.86532820401087,159554862.99253556,872693.6476273186
2017-09-11,28.75833164280301,164864009.3836309,1009269.8014307608
2017-09-12,27.36457873793761,157074050.18469876,831608.7392383043
2017-09-13,26.898159290418853,154574333.9844448,1613498.1465449787
2017-09-14,22.739949791461324,130827342.70053652,1870961.2819938508
2017-09-15,28.76644194578322,165715820.17609954,2357313.349718038
2017-09-16,29.58462319082792,170621888.51267913,986375.5001934036
2017-09-17,28.515075036185493,164640397.2740779,660971.9667993301
2017-09-18,30.33155611252977,175325281.47636306,1100024.1630060915
2017-09-19,32.455352639469375,187826363.26824787,1786417.4218014958
2017-09-20,35.75050801218557,207163826.28329185,5870941.201547323
2017-09-21,32.19198823831252,186758182.0698992,3018573.494062841
2017-09-22,31.736215335216656,184304484.36693785,1377663.304770457
2017-09-23,37.5310485276686,218219740.4072573,1705718.9744245328
2017-09-24,33.71650035074697,196300836.69208395,1207365.2783584185
2017-09-25,34.51444131045044,201171217.7665045,1229102.0685182614
2017-09-26,33.463713628917354,195279374.84951043,902801.812315256
2017-09-27,35.57041235388624,207793989.92450023,1565001.7299105064
2017-09-28,34.359577252420934,200958756.39750257,1066688.5553543086
2017-09-29,33.586584302325925,196686127.64017645,639955.0878496413
2017-09-30,34.11697581216809,199990471.0982272,563708.6084667614
2017-10-01,32.63865865193159,191568690.31847423,735413.3802365076
2017-10-02,34.05783717281919,200118538.20488665,1353523.608523313
2017-10-03,31.77971471217829,186939118.8197496,759380.4181194452
2017-10-04,31.10343023240757,183179546.70097372,578291.0731047625
2017-10-05,30.300666939095773,178647520.55819514,517606.9166397854
2017-10-06,30.30816786023669,178906962.99905908,582084.0700142919
2017-10-07,29.52936590587041,174522952.37921408,439879.1736018523
2017-10-08,26.991584008560096,159691010.25102833,825481.0722672192
2017-10-09,26.168933086472883,154987913.7464796,1094575.634020151
2017-10-10,28.07294764211095,166456297.2080855,907824.5840268392
2017-10-11,27.73518080373099,164638473.9468579,526402.3386723999
2017-10-12,28.458645631606256,169140374.5221022,778866.1495100139
2017-10-13,27.60873907850156,164267524.90135357,822122.5021855722
2017-10-14,27.490084530184586,163741087.302971,500647.5137595582
2017-10-15,27.89535198188952,166336775.90252933,438113.15884096967
2017-10-16,26.991753724147596,161131619.52864864,498677.2311196629
2017-10-17,29.048044397994243,173624286.1891161,603881.3244468321
2017-10-18,27.4141847954876,164039957.24021646,500885.59002330096
2017-10-19,27.04024429566939,161966114.96635354,291935.7361103843
2017-10-20,24.497145953839016,146906934.57057717,644808.6988164418
2017-10-21,25.03498648306269,150301772.26378247,838190.6423532502
2017-10-22,26.16855228687232,157281556.36070046,416211.6185388183
2017-10-23,23.805576457470018,143238891.5174673,582683.4228943621
2017-10-24,27.59671629674938,166231580.28509957,1168385.3906111454
2017-10-25,36.33317525903362,219070371.5598896,2431391.3278278494
2017-10-26,29.41014974243044,177534486.5607803,2479956.5596743664
2017-10-27,29.865458680801417,180480401.33583125,717064.6285639724
2017-10-28,30.91950354927501,187072736.11673185,887061.905631498
2017-10-29,29.0399363244642,175865157.42248338,1397471.977038031
2017-10-30,29.86894802436714,181067056.3711148,735839.9979082491
2017-10-31,27.86175385045792,169102150.6354459,786848.8212015697
2017-11-01,26.85779101152692,163185950.7095027,646370.4968819733
2017-11-02,25.064328769118177,152456110.72073683,1021501.029101936
2017-11-03,27.522870725416936,167566888.3344,913954.013670965
2017-11-04,29.033500594261533,176976722.356383,1220953.6071923252
2017-11-05,29.247117399989648,178468864.33359423,688461.9519566371
2017-11-06,29.297308336449564,178981182.46668747,813474.1862739788
2017-11-07,29.39409847299576,179758286.47717425,727528.4237336545
2017-11-08,31.522422115027016,192974373.49525988,1410953.641642154
2017-11-09,33.2983947314159,204075905.08882332,1415782.383296929
2017-11-10,30.542755746258063,187405828.93118903,1872510.198283616
2017-11-11,30.351599678437108,186400555.4751617,1085676.4147432756
2017-11-12,29.72792996018308,182753668.27535385,1617349.6250153235
2017-11-13,31.4181430857571,193368428.378189,1152686.96953748
2017-11-14,34.4332640612207,212148504.87079,620529.974984152
2017-11-15,34.3320525099457,211754229.100366,1354620.05784034
2017-11-16,32.6259545883588,201457700.361651,856461.232912827
2017-11-17,32.4048343759199,200312849.247658,772529.892428178
2017-11-18,34.779802716317,215184030.597962,913050.684377917
2017-11-19,35.0077565539414,216828381.954304,1282282.35958809
2017-11-20,33.9484700108868,210515752.579369,985808.636856097
2017-11-21,34.4086050183315,213571011.348517,1141620.41234526
2017-11-22,40.5368617259784,251896504.670709,3007351.23413611
2017-11-23,43.5234255691478,270737512.276309,5446475.57188949
2017-11-24,48.0912719897618,299473776.569557,8311351.89393134
2017-11-25,50.9364220682892,317515701.575803,4786403.78103565
2017-11-26,60.0377368788486,374656311.218712,18633563.3527998
2017-11-27,61.6112011497742,384873960.34403,11648854.0171423
2017-11-28,57.5249964662635,359727388.152097,7731298.68780413
2017-11-29,50.9235467140465,318772287.115069,9858419.88259647
2017-11-30,58.5509437878806,366898130.363659,10148239.6415566
2017-12-01,59.067974992593,370548115.054309,3653420.84055034
2017-12-02,56.4738437473625,354623661.590188,3061372.74388999
2017-12-03,54.75751555694,344168836.22544,3792104.16853845
2017-12-04,58.6931691352541,369324242.977314,3069045.15210892
2017-12-05,57.743674122118,363725844.21602,3594578.51587428
2017-12-06,55.8460310819837,352074489.740574,4509772.35603706
2017-12-07,53.3375352518611,336632279.812116,4906783.34918292
2017-12-08,58.5237879031783,369739538.882123,6036753.82021008
2017-12-09,54.6431580189656,345571035.997219,2164613.62202218
2017-12-10,58.1442691930202,368097878.790558,4722618.08140988
2017-12-11,58.9561568452758,373628453.610467,2238471.61427925
2017-12-12,69.9851538810544,443993794.528952,4812917.365743
2017-12-13,71.968712304507,457112370.856705,7603798.61528835
2017-12-14,74.8106586616112,475560883.619649,3571226.11115241
2017-12-15,73.0693708289195,464951805.406264,3989403.33431329
2017-12-16,84.2933786412442,536965764.913832,6294522.18614645
2017-12-17,86.8056059162336,553557091.982068,6800611.88807442
2017-12-18,93.7955198572572,598628332.519377,7163843.53307266
2017-12-19,94.4517900743958,603530126.156756,9710813.60917859
2017-12-20,99.5960774803314,637020196.619067,7898741.61259016
2017-12-21,97.4366285751365,623768444.699509,7764450.91318913
2017-12-22,79.0598431792989,506663069.118541,5548133.12833838
2017-12-23,90.9675791481852,583553745.402759,4183182.2621288
2017-12-24,92.3558872421482,593107106.616007,5091410.18721905
2017-12-25,94.0750715683932,604716817.843349,3348634.05083927
2017-12-26,99.4677063136278,640036196.125851,5847753.03884509
2017-12-27,101.239767801935,652046468.341424,4589911.14692573
2017-12-28,93.4115731148545,602244869.005979,3406225.21224638
2017-12-29,103.357027511594,667078761.760155,5152381.50413907
2017-12-30,89.7313933511804,579701142.262932,4290505.96972082
2017-12-31,101.651071766924,657342716.450156,3345177.94951662
2018-01-01,112.983045637497,731342417.936794,4248061.21656166
2018-01-02,110.869421654101,718395048.020993,6317527.39925056
2018-01-03,109.7746340333007,712088291.5398957,6941395.005289209
2018-01-04,115.66257489063074,751000221.6543874,5418843.981483776
2018-01-05,117.9246974848185,766449212.8086281,5897822.261765029
2018-01-06,122.03086757591105,793880351.1758195,3520460.9223969625
2018-01-07,121.01975187137178,788150694.6227065,6322968.91328356
2018-01-08,117.43009833500032,765493460.89794,6152285.013930181
2018-01-09,124.94605468722038,815240770.7520037,7003949.57471197
2018-01-10,117.40599674401632,766905363.2116541,3534086.8399489904
2018-01-11,106.84811132885189,698585559.9451704,5083760.933912447
2018-01-12,123.07901498070932,805395719.620702,3675304.056299
2018-01-13,129.36634629753038,847520590.5586294,4441840.323660298
2018-01-14,118.0082921645197,773844096.2005246,4076246.438007487
2018-01-15,111.34829571849312,730938315.5599391,3279323.938667187
2018-01-16,84.9296631526686,557953065.7511401,5026555.808807222
2018-01-17,87.9761022777459,578557857.2418562,2890378.110493076
2018-01-18,84.32476062064438,555125920.8702198,2849557.919321697
2018-01-19,106.28513902881502,700395364.6138875,9613649.325912524
2018-01-20,123.44134188627392,814281058.6354897,2535708.9662315967
2018-01-21,103.49068153656609,683339449.0432444,1201905.0161531533
2018-01-22,91.37221997979611,603872148.929974,1338573.5236721977
2018-01-23,91.96006563607784,608345905.1241179,1057956.3313395297
2018-01-24,94.99149136672084,629066047.9289814,906673.6616242782
2018-01-25,91.4163497876187,605979602.4759694,998109.9810043868
2018-01-26,89.67235737768831,594911347.7589352,1707963.2673384
2018-01-27,92.48351756383,614082880.4918735,1176713.056623689
2018-01-28,93.56778644652864,622033498.0682677,1357435.6854530014
2018-01-29,98.29373163374264,654031254.7625203,3801763.9479428674
2018-01-30,96.89720295583122,644717555.1197895,3338782.523768944
2018-01-31,88.7845901409771,591361570.9844668,6369690.932336389
2018-02-01,97.3937581355181,649387783.6135616,3972364.0325751
2018-02-02,83.49790956491977,557255863.6662223,2170651.502917811
2018-02-03,79.77271823545608,532919171.2176991,2944079.9803979853
2018-02-04,85.2478530029663,570045487.9547423,1304488.2798007224
2018-02-05,75.04908237883984,502348237.6146728,1191344.5644501718
2018-02-06,59.3885721397889,397855684.9245852,1234482.2819694662
2018-02-07,72.30789425850007,484893340.42647135,2647080.377075244
2018-02-08,68.71959741933881,461315550.83078784,961931.5250089124
2018-02-09,72.63668471375345,488053366.1702349,920180.152348524
2018-02-10,80.89737749806407,544030899.7029835,1664265.951924037
2018-02-11,76.22789472868995,513171523.2661717,1154557.0066175417
2018-02-12,69.96180471903617,471425587.6688135,595436.3443610554
2018-02-13,77.5804964758627,523216367.2396048,907555.0066087422
2018-02-14,73.07138561033634,493292721.3339837,901891.331450896
2018-02-15,80.33009023831426,542852836.2204046,839525.1381964235
2018-02-16,87.62468958850779,592675437.3153011,1216744.1577837612
2018-02-17,89.63920581119308,606838330.1909394,937842.8781466482
2018-02-18,97.25218487518822,659025929.7280574,1602528.5463973486
2018-02-19,86.22621601445766,584851211.5769267,1236814.2814950417
2018-02-20,88.0524502151744,597806839.6827148,1038695.6052377444
2018-02-21,81.45373099297474,553471178.530129,1672368.9896954412
2018-02-22,72.67060730649408,494786186.9661051,786642.0054350243
2018-02-23,73.96633180613651,503595184.1895085,800267.3919758875
2018-02-24,77.46674562212063,527909300.3210037,712840.087942969
2018-02-25,72.29248923890148,493073886.8459864,721263.6897757009
2018-02-26,73.74878155512995,503471426.8669496,2191817.041047985
2018-02-27,75.47936930953858,515740642.6946976,893941.61573949
2018-02-28,78.55754333829114,537309714.9407365,697401.418736539
2018-03-01,74.89548224825788,512743234.2429965,2460786.563347144
2018-03-02,79.61503266866245,545537012.2417516,1081193.2780105276
2018-03-03,81.27131741247506,557405994.721488,1126088.644185235
2018-03-04,80.54200782428678,552890599.9187869,1015092.2769030036
2018-03-05,79.03805412911385,543052528.282854,944385.4286546072
2018-03-06,82.0566042275287,564310898.5369079,1247804.0609228767
2018-03-07,72.50928279433585,499131134.8414106,802913.7567962109
2018-03-08,67.13515545025047,462542691.7493214,1540870.7122450324
2018-03-09,59.09821740437474,407548635.3995264,915474.2950844996
2018-03-10,61.0476577808476,421346843.8103388,873811.1518351035
2018-03-11,61.25726232034909,423207680.6490218,571459.5442232251
2018-03-12,63.19479897143168,436988748.7579035,754094.1376268646
2018-03-13,59.92166094518381,414823097.7598978,793875.6758710161
2018-03-14,59.74012824692197,413960257.6678088,687256.2211261599
2018-03-15,52.8432431196109,366461655.53181344,824432.7453614672
2018-03-16,54.98407564258719,381662338.8597815,2687853.9965997003
2018-03-17,55.77881590803649,387545690.82626265,971044.9208597814
2018-03-18,49.434004641489885,343754675.8160388,898088.6688450603
2018-03-19,50.62027974483477,352331826.905176,1282252.4852374531
2018-03-20,53.2380836575346,370877839.2299327,786552.9249978126
2018-03-21,52.76699102412519,367927712.3430344,717096.5307280709
2018-03-22,52.107937447793496,363657283.13696736,739886.5555359974
2018-03-23,50.88034577617467,355425469.5050006,686944.4970425694
2018-03-24,53.10197210167721,371252667.1860095,770938.955228276
2018-03-25,51.29196098878553,358910778.1586158,625752.3903816888
2018-03-26,50.60965276788181,354450877.53749794,582853.6295799116
2018-03-27,48.19998457492888,337893941.8663952,939132.9239749752
2018-03-28,45.983449069194656,322645031.61611056,481066.3462751468
2018-03-29,46.18537833338959,324326935.675265,458175.62487554864
2018-03-30,40.45910004264016,284355658.39718467,934279.91549683
2018-03-31,39.25030309026872,276128865.2630753,880353.2584900999
2018-04-01,40.10624162351722,282410867.7226685,476840.1929168303
2018-04-02,39.643639228929466,279369875.3118036,414265.3203273544
2018-04-03,42.001839364746345,296252077.6134378,1382327.3486802524
2018-04-04,47.44333693741474,334945261.8877913,973866.4898829272
2018-04-05,42.825490728516,302617122.7525517,755841.564327224
2018-04-06,43.91460602744713,310604056.1175911,722058.5802747958
2018-04-07,44.02770774858253,311622259.7593366,760943.3323781057
2018-04-08,49.856445654997046,353212675.74871814,1657310.0564906986
2018-04-09,49.187580845309775,348809991.30837,510277.5258283571
2018-04-10,48.52584102885773,344411477.3405434,845903.160072423
2018-04-11,51.14317144154458,363258234.9630311,1117835.7311195035
2018-04-12,52.22200238056143,371296556.9337061,1014862.0829296892
2018-04-13,61.04434523679803,434360428.088984,2101363.870642603
2018-04-14,58.30394894167322,415255883.3893215,952603.1769550508
2018-04-15,58.51153957357626,417102201.3810587,670471.5043014959
2018-04-16,63.398744665916354,452323796.1110215,1761002.4890195243
2018-04-17,62.32567341076511,445006180.7122906,1289887.7028616455
2018-04-18,60.36056811358267,431321107.0736566,1097474.3145004308
2018-04-19,61.70449598679214,440924470.266148,1274704.780777346
2018-04-20,62.22278559045773,444628034.5735142,1386281.956561654
2018-04-21,64.58075877375659,461477504.9422597,1679354.3162522034
2018-04-22,66.7251678274846,476800900.9270733,1501812.7346450505
2018-04-23,64.48089128928012,460763877.5641344,1267067.3749440168
2018-04-24,65.31452515329978,496615308.8183127,1453924.4611544677
2018-04-25,75.80450886834922,576851185.8768009,4114725.67063167
2018-04-26,79.07105572802435,602236488.9557343,26156087.67603921
2018-04-27,84.40306766837057,643300956.4207302,4361445.800725047
2018-04-28,83.4599616007779,636701849.6763797,4411437.490115877
2018-04-29,85.73851183524573,654603871.7403601,4793847.8664052505
2018-04-30,82.8726927288844,633242661.1775503,2398052.9861524235
2018-05-01,84.06957437309151,642860078.2417015,4677953.445525952
2018-05-02,80.67627463475162,617422388.9214095,3240577.36212832
2018-05-03,80.43434594368641,616076332.2071642,1945615.1205218283
2018-05-04,82.21888715402669,630273399.7330805,652711.3900013233
2018-05-05,91.5332598569501,702192389.029394,58475348.4081576
2018-05-06,87.20632039664855,669579314.115485,6637860.338370277
2018-05-07,86.10817243532706,661676569.3714069,4797176.864791237
2018-05-08,87.59165290198821,673645143.4298207,8122214.087564548
2018-05-09,85.22863095617792,655963957.4852021,3953485.437262427
2018-05-10,84.47863742128008,650718502.1903435,6146544.70006379
2018-05-11,86.22748553514457,664795809.5601454,4969450.873893045
2018-05-12,86.52134365011962,667583636.4605715,14888062.530551596
2018-05-13,85.41523042913265,659535779.8924469,6862926.287038776
2018-05-14,91.30050331679,705560589.8264782,6946976.976778849
2018-05-15,102.04821004851496,789276002.9652007,9993029.550932612
2018-05-16,97.38966481567518,753836800.2426442,7742738.505097895
2018-05-17,92.93461605911914,719950359.1047847,9571744.529021204
2018-05-18,93.37533054495256,723962961.9632784,8026419.237139313
2018-05-19,104.69035568771524,812328880.8272773,9862942.279224342
2018-05-20,106.87931229985438,829966063.1700169,6929868.631785288
2018-05-21,109.95986318866343,854552057.07383,8875725.776014606
2018-05-22,116.01045504886372,902248822.887846,8536928.908712333
2018-05-23,109.64668848751518,853387004.5926249,5949284.852047262
2018-05-24,103.82073218246006,808770019.8268616,11131176.44247746
2018-05-25,103.79594581081302,809225357.3005686,8522812.507153243
2018-05-26,101.67039767339053,793299829.5936297,6130970.231471687
2018-05-27,91.9037444179938,717647055.6660686,4292646.820600775
2018-05-28,92.31891276068572,721452805.2280653,6155470.732152433
2018-05-29,90.09753575760264,704668265.1731224,4812698.032361402
2018-05-30,93.18565564957495,729401543.5693234,7348963.0893184
2018-05-31,90.70866599324106,710541426.0261045,4119588.264888492
2018-06-01,92.71570466132744,726823774.1197492,3941299.295017232
2018-06-02,96.10148918720894,753980864.8872681,3340667.123952343
2018-06-03,101.55647106299732,797468752.4106671,3769012.070960092
2018-06-04,97.92323026508608,769509848.3018022,5132437.775204539
2018-06-05,99.63351918402589,783560969.4271333,5377516.71301432
2018-06-06,100.69198950621768,792449918.2850409,4119696.038917306
2018-06-07,99.88056519306164,786699356.0611808,3849280.120693133
2018-06-08,106.06057002072517,836019580.2246412,5925258.524957016
2018-06-09,107.56247917461386,848570968.7702391,6720564.723480919
2018-06-10,102.67253646400732,810611016.8852862,6046507.49862033
2018-06-11,93.34152678322698,737484310.9993744,6156346.201389704
2018-06-12,95.22994015717563,752970676.9388641,5829266.784011248
2018-06-13,86.32156307276645,683093017.8603733,5147351.852878518
2018-06-14,86.21161889032004,682737445.635711,8335319.065632186
2018-06-15,99.02293417652972,784779868.1655395,13218299.923984202
2018-06-16,90.59356061671056,718528512.3261123,14768117.112645425
2018-06-17,89.94779017870681,713963149.594299,6344501.057719672
2018-06-18,90.56828493569796,719494456.0263655,8627622.221236724
2018-06-19,92.77736690710005,737497996.1928715,6999415.172670939
2018-06-20,92.53838386568478,736204791.5694606,7980608.629713995
2018-06-21,90.9942826785015,724470672.7267293,11210896.530862035
2018-06-22,90.04851344683942,717466002.0380012,10515470.519082293
2018-06-23,78.08280236029518,622659994.3096526,14022761.9144784
2018-06-24,73.01860085630663,582702495.0710137,10113812.872279003
2018-06-25,73.90158222785439,590143399.7679242,10018786.854158469
2018-06-26,74.77993154263115,597619078.8773924,9445860.423370443
2018-06-27,71.22240758924791,569639674.0833458,8821212.05220312
2018-06-28,69.53811065997921,556639798.7439684,9685718.308741132
2018-06-29,60.611959942855925,485509822.3985216,5933404.062856422
2018-06-30,69.75548296063255,559213434.6597468,5127217.818724219
2018-07-01,66.96519132305397,537204957.5706466,3249781.261373275
2018-07-02,67.61567601117635,542814881.0830598,4137608.81294134
2018-07-03,70.155664391948,563645588.7626108,3324266.165374841
2018-07-04,69.86976534956817,561747509.1530213,3305554.9626949923
2018-07-05,68.87362900512612,554184923.1247272,3662781.853201545
2018-07-06,66.29381421574007,533808007.5396109,8436438.970109595
2018-07-07,66.8354314901009,538565184.1213194,5180228.027251138
2018-07-08,65.40263148802698,527431221.273026,3310099.503750376
2018-07-09,63.187657060026886,509900747.88313866,2700282.756233341
2018-07-10,62.5964182309377,505527038.1136752,3051002.0303762853
2018-07-11,58.45142729703019,472393908.5215852,3169776.560119285
2018-07-12,59.288664941782855,479506669.7980092,2627142.355749397
2018-07-13,56.80031960370742,459721843.4767903,3054723.7730883206
2018-07-14,57.27592776870616,463922958.4009358,11203495.499639085
2018-07-15,57.43517620004333,465574103.3664411,6016213.338548011
2018-07-16,63.04933358016896,511452544.09485286,3678252.611747396
2018-07-17,71.24630807518211,578340560.0369203,4778525.028583293
2018-07-18,76.73318712650166,623360618.8226931,6213523.004957085
2018-07-19,71.65003401860498,582472182.1931719,4433250.741695634
2018-07-20,72.49395231447889,589770034.660733,3700453.176600686
2018-07-21,72.56770300296196,590827026.8176775,3534593.4036733103
2018-07-22,72.29591629938719,589007426.8493218,2695973.091789084
2018-07-23,69.89144660589851,569821474.1478529,2452561.6664453726
2018-07-24,67.87574597785111,553837045.5852778,3925827.02262898
2018-07-25,67.12261744599631,548035960.860041,7041842.853177202
2018-07-26,66.53489316007754,543628496.1110045,3348794.3105275
2018-07-27,63.97243710025479,523093305.4753022,3787408.977663362
2018-07-28,63.76362237071737,521774314.80348855,4044581.2775546266
2018-07-29,64.3534480852169,526977544.33251697,2659150.1245693164
2018-07-30,63.74215827037636,522322171.7257606,2837895.945289666
2018-07-31,60.067861416790045,492540352.9270104,3232545.238550282
2018-08-01,56.17081365961238,460949728.1898847,2894577.3137578047
2018-08-02,57.164224504161496,469440025.1930276,2906044.054278882
2018-08-03,53.50833827617989,439726028.5964655,2389670.5951587567
2018-08-04,54.96527388833236,452047154.01618266,2790151.8318321723
2018-08-05,49.93318265516975,410957653.9671002,1566944.5786161954
2018-08-06,49.95871961096534,411452480.4948639,1598036.506651119
2018-08-07,49.60528171565161,408830168.5501395,1628122.4242688024
2018-08-08,47.31405022132111,390246315.042331,1652428.1735619148
2018-08-09,45.050952840939885,371820690.5994768,2377746.861707333
2018-08-10,47.29172571178848,390608285.77046704,2006434.4671094492
2018-08-11,42.56360183239066,351821744.69593865,1314692.3795339952
2018-08-12,42.57423586829602,352126443.05661577,1607180.2551138147
2018-08-13,41.10583216130402,340209999.60678715,1078722.4473440095
2018-08-14,38.78093048372551,321209894.1635765,1564811.7235708477
2018-08-15,39.75533833727525,329525732.1723214,4566248.217174377
2018-08-16,37.27973004046138,309360716.0299041,2198977.78312949
2018-08-17,37.78494417007824,312794400.5195097,1500404.4375199787
2018-08-18,42.18780360911376,350515948.58085686,2106059.77769704
2018-08-19,39.05999123513134,324730140.2095568,1976181.509001355
2018-08-20,40.16054561716133,334010331.64497125,1246346.0870951994
2018-08-21,36.82797537730438,306565810.52679014,2176548.8483503573
2018-08-22,37.76773711377272,314619303.65491885,3164228.1577004083
2018-08-23,36.35627570602236,302424655.1584564,2111601.550673258
2018-08-24,37.22261806594875,310574751.1712458,8291107.0106983
2018-08-25,40.54918372830358,338483995.09021443,8905804.227888606
2018-08-26,39.98691788060224,334161969.43487865,7783242.46667172
2018-08-27,38.17442183894085,319004600.1224439,6738922.198057456
2018-08-28,40.50368925838383,338410042.1561239,3527485.2413190985
2018-08-29,41.23135140398482,345591857.1394787,2623186.9070044355
2018-08-30,41.605114362391966,348371337.1045294,2325974.16138193
2018-08-31,42.28961307275551,354697040.58596,4142943.7603290575
2018-09-01,42.79779281462231,359026336.93840003,1530475.213339429
2018-09-02,44.872279787870006,376689887.1610995,3237426.725846573
2018-09-03,44.42375496767726,373064058.0543266,2451148.765321236
2018-09-04,42.71421676829433,359323429.1261712,2012651.047871945
2018-09-05,43.11420526655498,362676854.8502016,3322211.668162046
2018-09-06,37.63632196108696,317050958.14216787,3163733.673974458
2018-09-07,37.27301429869401,313905093.7440739,1936880.754580695
2018-09-08,37.05276664473625,312311742.36173546,1969379.235037028
2018-09-09,35.33194071627217,298031904.13324326,1721365.8095949565
2018-09-10,36.967700976164615,312391250.06043494,1551047.520241189
2018-09-11,36.11323332953481,305277945.9021716,1232679.8173136653
2018-09-12,35.6501684951829,302323638.359751,1800641.3001645445
2018-09-13,34.499965340021326,291777375.13859224,1778255.3783601432
2018-09-14,36.8706254487515,312243082.2386082,2453470.231232616
2018-09-15,38.14934952243488,325045468.4243806,14509195.673794918
2018-09-16,38.50102795119507,326161469.8347027,1235466.1874336663
2018-09-17,37.87487135845534,321330248.8296551,726557.6022772167
2018-09-18,36.294236952695606,308404902.0268024,1779264.0765515538
2018-09-19,36.29265969944211,307657347.2470594,1149061.9048599824
2018-09-20,36.47716886192839,309972288.9568556,1016359.492087696
2018-09-21,36.60572133348645,311280944.66552067,819755.8637078623
2018-09-22,38.64622801029116,328833845.6666845,1740713.4551529423
2018-09-23,38.14670637821714,324819104.2270814,1186030.4755246374
2018-09-24,38.82454016653551,330694697.4003902,4248377.578304057
2018-09-25,37.738474253472674,321727987.86910033,1302552.0678788782
2018-09-26,36.904316238240334,314865810.7040485,1256275.9312174316
2018-09-27,36.98320757240908,315884242.24086064,1185091.3852033548
2018-09-28,38.751514264399454,331057159.93753046,1976704.1123469195
2018-09-29,38.79377138966127,331770431.75227976,1951660.5202076405
2018-09-30,39.03433212319539,333813414.45824975,3887084.5924116913
2018-10-01,39.22513318522931,335786626.42023915,3177604.236287134
2018-10-02,38.56425471898304,330391636.4821708,1174199.3280270214
2018-10-03,38.87602859000819,332919251.6798507,1864873.952549288
2018-10-04,38.6367553099358,331521610.7474465,1447454.7812985163
2018-10-05,41.33098922493255,354788973.406662,3154141.624803432
2018-10-06,42.04647555849338,360305043.5471102,1733460.6511919347
2018-10-07,40.84557076804672,351135966.36702234,1004420.852527566
2018-10-08,40.12148699006355,345078375.0005718,535237.8819589221
2018-10-09,44.22763522613933,381151205.7549774,2435308.113663977
2018-10-10,41.16887997771282,355035946.1020007,5805253.771610475
2018-10-11,41.72571487611312,358944275.99060374,2254591.288249932
2018-10-12,36.76101643091978,317112008.2639069,11622186.21947308
2018-10-13,36.52315588599175,315142650.20051,2582939.191621106
2018-10-14,38.864289528716704,335598343.2445388,864900.4545543612
2018-10-15,37.81987564639664,327092552.6542703,471401.1758600808
2018-10-16,40.37877073468515,350495211.564544,1830166.8978902264
2018-10-17,40.26012435639394,348509557.9749342,3457301.01258638
2018-10-18,40.09867787760303,347166166.81247,2962671.52502504
2018-10-19,39.19384051015791,339659773.41969144,1201079.13596793
2018-10-20,38.69489471244407,335714042.57452977,1120476.862514718
2018-10-21,38.81601719089084,337512452.59449136,1417764.2455781572
2018-10-22,38.570554212799976,334707004.7556162,989759.1113970327
2018-10-23,39.10861282109202,339710504.1636131,865984.8681529381
2018-10-24,51.62262595785377,448830617.9916799,28483849.664902262
2018-10-25,47.90945546629899,416596701.5341261,18418471.694951907
2018-10-26,43.76130046370486,380664034.6497663,6546119.537886226
2018-10-27,43.72731170879753,381001750.4150128,2581492.6355311163
2018-10-28,42.93252960842678,374057910.14032185,2570325.0281342333
2018-10-29,44.429321460719535,387491063.1902803,6033538.276047334
2018-10-30,39.94036354074438,348454360.7297232,4341444.383456431
2018-10-31,40.10074962200841,350084271.9906878,2451497.3116220296
2018-11-01,40.25178585869327,351717165.2391243,2566009.5426992816
2018-11-02,40.577130430843646,354715364.6200516,1280122.0023603444
2018-11-03,42.39093952049537,370863288.3772493,1421393.644432115
2018-11-04,40.529590843965536,354800195.4744989,1719002.1701286852
2018-11-05,39.68258398981418,347591747.7343116,1297751.564021617
2018-11-06,39.41544514589791,345479184.26651305,1664657.5765715851
2018-11-07,41.01275465158491,359532973.9690669,2122713.4472660297
2018-11-08,41.09991326808336,360459949.3198062,1554896.2340940936
2018-11-09,39.44586142648447,347018576.2689741,1495289.5114485014
2018-11-10,40.974506243473485,360756771.4949916,3610281.879127223
2018-11-11,40.4816941261828,355935623.4646625,1813890.1403718623
2018-11-12,39.50034549312345,346758195.1633918,1242997.8887540938
2018-11-13,40.22802118522498,353712931.42336667,1946682.2252766
2018-11-14,39.24623409256416,345809498.2158852,1495641.0701432428
2018-11-15,35.13590062324161,308974838.05956787,2658225.35784259
2018-11-16,34.7278812723173,306334433.0738206,2478275.1924074693
2018-11-17,33.2958497863606,293486023.6646393,1717135.4762079418
2018-11-18,33.031601163818124,291748118.32760805,1372574.927175445
2018-11-19,33.630878722906715,297137773.9508147,693954.6736875017
2018-11-20,26.179578364400022,231773350.34761003,2871573.1582595035
2018-11-21,24.05043582455652,210755018.45753607,2622748.0237084674
2018-11-22,26.315650527744516,232774047.49284545,1365019.9685083549
2018-11-23,24.25720961447337,216328125.62820455,779780.6738883253
2018-11-24,23.403586691495963,207482315.12210375,1309621.3833872022
2018-11-25,20.76091306435953,184167554.5474224,778087.816162561
2018-11-26,21.62962989300569,192135744.71716523,1236621.0546548038
2018-11-27,19.96637624357673,177692726.2637283,899448.0714553456
2018-11-28,19.93723298652177,177604707.7328755,923142.3756907814
2018-11-29,21.80863722464719,193302594.66946208,1410050.7536817214
2018-11-30,21.605894253380686,192164740.48441383,1211644.1409076185
2018-12-01,19.940269501073058,177678955.59769735,1220472.6850981305
2018-12-02,20.664146578034053,184244031.01669177,1123575.1665398458
2018-12-03,20.516448922061656,183033280.6287763,1071228.9918275874
2018-12-04,19.300749529165397,172282708.9639698,665700.4022020552
2018-12-05,19.711579700838865,175947034.27579916,668502.1351883447
2018-12-06,18.872903873388548,168809505.17353767,801658.9215122972
2018-12-07,18.211288007317865,164735057.79916605,1425629.1285397212
2018-12-08,17.120757225457194,153044671.13130012,1428804.462169664
2018-12-09,16.85522152991262,150597558.40578774,540805.9190036994
2018-12-10,17.306417468314912,154960121.980023,639964.398250479
2018-12-11,15.348903798386932,137561389.45484114,816397.4223204383
2018-12-12,14.586143403429611,130823327.4830752,846476.2685453101
2018-12-13,14.704563860424674,131769649.26683196,630662.6477006328
2018-12-14,14.462758034966358,129534384.25919072,558369.8870253197
2018-12-15,15.153001194744109,136303067.53651577,2094909.277282084
2018-12-16,14.457329949842064,129894144.25179356,781651.0474848225
2018-12-17,15.030389197332443,134866097.5505525,687262.2649686324
2018-12-18,15.91785540802247,143223165.53579688,644624.8706419679
2018-12-19,18.066068590963287,162658303.4238156,966813.0720269711
2018-12-20,18.011035819467814,162333096.69714472,820016.6942068746
2018-12-21,19.347600861682547,174065219.20618007,1001108.2975657416
2018-12-22,17.883002525921984,161497708.80674854,825272.1335202794
2018-12-23,18.496497227510023,166603564.35334632,474038.8708801808
2018-12-24,18.950007026937737,171041114.7831597,850553.680734335
2018-12-25,19.47613270904666,175862117.8223964,1326697.397829868
2018-12-26,17.69992833108691,159519355.51144767,853978.7233955137
2018-12-27,17.718890575742126,160323573.6914246,442527.5652942557
2018-12-28,16.196721244051446,147866784.5810174,637589.3393442881
2018-12-29,19.539624396088417,176981052.95075232,7416137.929144596
2018-12-30,17.90073139532577,165241249.4059785,2381474.326146655
2018-12-31,18.362989847224195,166310243.98548302,1358234.4550854592
2019-01-01,16.360648100818597,148310919.239139,2346486.256143574
2019-01-02,17.234615013681402,155940510.41999608,862856.3656171492
2019-01-03,18.093362851479096,164169665.75452626,805534.5426461073
2019-01-04,17.960468960788937,163313520.4827644,944463.9048775992
2019-01-05,18.39023946162596,167293613.4077599,610595.7484004516
2019-01-06,18.27826213167311,166262155.10004726,643998.782542709
2019-01-07,19.34891194284548,176230437.572212,595964.8730890182
2019-01-08,18.919968611664828,172440582.34961125,625525.9257683567
2019-01-09,18.079990157311837,164940663.53569952,1470782.5855661987
2019-01-10,18.76582644123957,171260096.58796325,2664190.9529752904
2019-01-11,16.25458421930707,148345064.57039592,2269590.298992892
2019-01-12,16.789538530696447,153362008.62367216,730876.2348595185
2019-01-13,17.144047499328593,156590233.44499937,956012.865807472
2019-01-14,15.907609259613167,145485426.22566906,1204273.6267130612
2019-01-15,16.394318322022283,150264591.5383952,11062761.81932347
2019-01-16,16.191119536410742,148345765.84996977,1784692.2436549424
2019-01-17,16.788458752513257,153851372.26830313,7406235.024257912
2019-01-18,17.018892830504313,156024856.3758338,1042359.038018136
2019-01-19,16.89796737445615,154741141.42042977,969005.2886067488
2019-01-20,17.444499859819615,160108637.20508716,888075.3399472386
2019-01-21,16.393575043887605,150561330.12869483,893403.0871891485
2019-01-22,16.900845360640727,155306105.98845768,710706.2493112717
2019-01-23,17.178475291074044,157950634.0712859,1167713.3017325113
2019-01-24,17.232024585926492,158532628.35373425,885555.6049252029
2019-01-25,17.173552735124563,158086295.74941897,711742.2148313975
2019-01-26,16.978388310301508,156388441.02321342,1418015.3253172664
2019-01-27,17.17009501617801,158233789.98751134,711615.5029311298
2019-01-28,16.870060675289892,155702023.72450063,708100.1147977478
2019-01-29,16.394312812398997,151260230.02494034,1421476.349467475
2019-01-30,15.92884023034865,147397106.31929642,1381451.1959963376
2019-01-31,16.22927985835916,149915511.0084341,1657584.9851376691
2019-02-01,15.627379072816336,143341472.31894746,1545272.626375125
2019-02-02,15.873488426176197,146789862.23800486,1202384.477549392
2019-02-03,15.758322426918816,145816314.41360262,816056.0490009374
2019-02-04,15.997512856144755,148174819.9201593,1858591.833561888
2019-02-05,15.917770502816916,147466615.33709383,1320212.4824239546
2019-02-06,15.872330547675432,148123998.67605263,965545.4771660346
2019-02-07,14.911962197745702,138302111.2596324,2993052.0374488137
2019-02-08,15.177318123259022,140848457.7982306,1997018.8500743571
2019-02-09,16.425327940737787,152519195.4119657,1345510.427435443
2019-02-10,16.55752867984009,153835818.3801485,1511438.5306234297
2019-02-11,17.069516045726328,158687769.51698375,2204722.411283529
2019-02-12,16.560219791550576,154048608.51789033,1232968.3995019358
2019-02-13,16.783455173092086,156232142.25585532,1729484.201773072
2019-02-14,16.6260038113681,155159152.53532225,1990039.5548611565
2019-02-15,16.48942905819535,154901494.9083099,1049246.209193691
2019-02-16,16.62221915373618,154907154.0324132,1223847.1318002825
2019-02-17,16.618260684783735,155028957.7108599,1593905.7585113067
2019-02-18,17.14300898359173,158731174.62091607,1799356.7667552887
2019-02-19,17.804987353867602,164189694.0603774,2883095.4751082687
2019-02-20,17.395860343976686,162299712.116943,3604022.366063315
2019-02-21,17.12816238417194,160328948.43324018,1805237.23760654
2019-02-22,16.8021044422879,157172466.5034317,1847850.4620287868
2019-02-23,17.28044800183041,161755143.68117398,1806907.484694851
2019-02-24,17.79113355200214,166659958.7839521,1372746.0900458738
2019-02-25,15.941071099199176,150112475.0990231,1469055.0080969788
2019-02-26,16.26750270282885,152518999.69493046,1309385.5782490417
2019-02-27,16.595313903704408,155671204.74405184,1988544.3456713497
2019-02-28,16.67102773262291,155666846.8701835,1340968.0492258435
2019-03-01,16.49773508812072,154935332.35345677,1175991.6296517542
2019-03-02,16.688722743756156,156509078.30061728,1190149.581191518
2019-03-03,16.80907782919797,158041844.00081795,1378386.853081748
2019-03-04,16.557718159856858,155397557.20063308,1502035.0811705086
2019-03-05,15.967016107839958,150291670.1169883,3955752.341218604
2019-03-06,16.787511139282813,158441037.123004,3158904.230371922
2019-03-07,16.56564789591489,156689926.59350207,2733612.247768771
2019-03-08,16.29710529168557,153072098.38451666,2846398.096431765
2019-03-09,16.118241657462306,151971884.71268952,2744699.449296445
2019-03-10,16.618196074232028,156863734.31716645,2451767.306482785
2019-03-11,16.88676023708149,159318731.2311811,2694933.6531818723
2019-03-12,16.72579083136887,158832072.25246382,3178244.601512188
2019-03-13,18.6043825179426,176362689.01956606,15944738.588944504
2019-03-14,18.445258587161177,174491895.21723723,5124217.997280447
2019-03-15,19.358645445010488,183235429.1840087,8593588.505135983
2019-03-16,19.495859803471824,184627296.98569152,3509467.772518914
2019-03-17,19.2668133857572,182556555.18038556,1971494.116384683
2019-03-18,19.525603565449256,185812022.28088,1593550.1692940008
2019-03-19,19.393172966435536,183682700.4709373,1673445.5491107996
2019-03-20,18.97770223354044,180120386.05074203,1664003.3249391555
2019-03-21,19.027454044199757,180695445.3549925,1946307.7833033332
2019-03-22,18.57200941497022,176481721.801708,2043560.002977769
2019-03-23,18.754534130379035,178582235.90123814,1944940.4149816148
2019-03-24,18.862136532651306,179454373.25066438,1848436.0364377387
2019-03-25,18.67833197984415,177945915.69019568,2118318.357307445
2019-03-26,19.25078696723185,182847829.21314016,3087039.6517192693
2019-03-27,18.57396789901192,176726237.0140672,2485734.240791645
2019-03-28,19.5262792028366,187041028.7161818,2828928.097800225
2019-03-29,19.87523671735945,189589140.90115908,2185249.7114073974
2019-03-30,20.18728276787201,192672930.1620599,2352534.224417431
2019-03-31,19.837605376404877,188741065.53119865,2056599.9926818912
2019-04-01,20.96546938498285,199781090.1563882,2101457.9424087894
2019-04-02,20.40165695869721,195147638.45921612,2304195.809402656
2019-04-03,23.298838397406715,223146937.3208655,4346781.982392234
2019-04-04,23.863392597695565,228998877.56659776,4555349.201449988
2019-04-05,23.481717762823912,225430710.5100441,3091018.5610270486
2019-04-06,25.429691842299107,243157728.57073137,3844107.9983961456
2019-04-07,24.91391127134629,239010683.51289928,3462845.440047505
2019-04-08,25.659179294932866,245584388.00239256,2190234.7430752376
2019-04-09,25.901315430840363,248528319.82721344,2356013.8667020663
2019-04-10,25.17020785718826,241637611.1695985,2688113.0153792407
2019-04-11,25.47022669329287,242291351.5048864,5265327.5021233205
2019-04-12,23.85074277314832,229007727.6246293,4150506.4592589415
2019-04-13,24.020209648978096,231462298.814326,1976240.1726335064
2019-04-14,24.224775253556032,233218062.0956241,2552639.736447254
2019-04-15,25.21356886215961,242247457.08824828,6444124.726772861
2019-04-16,23.65367042270872,228358035.71314844,2374141.9852996487
2019-04-17,24.435526225124026,235464980.1189377,2084637.3794907532
2019-04-18,24.688837362274494,238061240.88955948,3594447.807157081
2019-04-19,24.979052156440854,240871906.42046463,2723449.856801846
2019-04-20,25.025451098076715,241069477.62843272,2801869.444608289
2019-04-21,25.51213698031009,247039574.7363228,2713516.610881729
2019-04-22,25.41168155143987,245626689.45609817,2541836.1787435315
2019-04-23,25.59935561668578,248685592.48241964,1974143.730840803
2019-04-24,25.19931634339193,243255163.3726945,2538819.6122697173
2019-04-25,25.18729375097826,242932773.71143988,3263463.030742794
2019-04-26,23.279357069541348,224742937.54552463,2812546.9507645946
2019-04-27,22.96591988689328,222511646.1863355,2662318.3753591906
2019-04-28,23.15808685315732,224713905.4612003,2136543.410503858
2019-04-29,24.189480233601667,234593895.815954,2133432.353013223
2019-04-30,23.002046329939706,223048248.09230733,2616504.0333423764
2019-05-01,23.387049427466945,227241744.0187686,1956492.185685088
2019-05-02,24.28704766624089,234938653.0694727,2131335.3405721453
2019-05-03,24.615486457357665,239169900.5067597,2337721.215951943
2019-05-04,26.08840215113345,253874362.00140092,2303612.869797602
2019-05-05,26.14354431065295,253688914.6103368,2025816.462876961
2019-05-06,26.18908783700302,255312503.9743044,1927670.6171107625
2019-05-07,25.80656365294706,251549503.004681,2576679.2669973704
2019-05-08,25.52355441212232,249135396.27216792,2739082.495461618
2019-05-09,25.507319657405635,248699185.1919492,2101004.9566166
2019-05-10,25.679937764996584,250842383.16928783,2501409.593144633
2019-05-11,25.636281751440077,250439555.91858825,2516761.263785682
2019-05-12,29.498742529189684,290192042.4562269,3684419.600724765
2019-05-13,27.086912280076746,263367079.8369727,2858012.3649550425
2019-05-14,28.49877341413982,277902783.7480472,11376013.156159418
2019-05-15,28.55373224574798,279218040.65341663,12244863.841135465
2019-05-16,33.48164630474784,327276684.0049424,8502541.32635171
2019-05-17,30.834513348615225,302315929.8986838,6256543.435455942
2019-05-18,28.733438029202773,281684729.8498892,3804793.844955415
2019-05-19,29.04622536134088,284630170.3120394,5840292.6823782725
2019-05-20,30.097295083382683,294988554.5149528,10895633.722891416
2019-05-21,29.46114859236813,288714912.43570143,11968754.984212244
2019-05-22,29.661863480868504,291056369.4384115,15683768.492523262
2019-05-23,28.164137131392312,276290972.3524395,12317815.357951878
2019-05-24,27.51374560688696,270674955.2217719,13783424.371282982
2019-05-25,27.67968030071221,272025895.94762164,14379006.717631169
2019-05-26,27.979818115818524,274696769.8802468,9633447.918944644
2019-05-27,28.33634851623325,278795699.2608012,14635980.204045355
2019-05-28,29.1618705536478,287517102.5835192,17620663.749031745
2019-05-29,28.41786440246337,279935806.12601334,16269733.202223595
2019-05-30,28.38126203770343,279677741.56079125,22396684.98242795
2019-05-31,27.641718872158386,272646444.451185,32293359.074547417
2019-06-01,28.25256350204293,278286380.4196005,16479343.968701126
2019-06-02,28.308195492895766,279167964.3846104,15287613.743764352
2019-06-03,29.112883303736226,287325415.717066,11916531.811638806
2019-06-04,26.88263000432381,264711697.94733316,9475618.677457184
2019-06-05,25.42181221777749,250802867.7564224,18557491.55457441
2019-06-06,26.12670539403694,258501124.764038,9900844.337450866
2019-06-07,25.58675343353832,253822646.4502101,175679677.7995438
2019-06-08,26.825906304451586,265546688.89161965,19739856.88532801
2019-06-09,26.653251175759017,263866902.35685027,9105867.174948022
2019-06-10,26.719258195124137,264658396.2131965,9644802.8528556
2019-06-11,27.530216861926053,272937165.9730719,5819828.892414647
2019-06-12,28.070922576442367,279246409.07085687,9419668.092719272
2019-06-13,28.20890061523867,279749400.5040245,13312007.91908934
2019-06-14,28.062326871123112,278268922.2346851,12450774.60467044
2019-06-15,26.77513761200084,266620554.7207034,13182359.40849117
2019-06-16,27.641857756997418,275002609.88169146,13066507.89000002
2019-06-17,27.75615189107545,275504732.03931165,9181869.106208522
2019-06-18,28.76728384792172,286266233.1920444,6852264.319968761
2019-06-19,28.6905877230089,285198576.02159745,8094359.859090202
2019-06-20,28.25390117843536,281592677.332342,5885492.569181172
2019-06-21,28.74059765523014,286166573.65827507,8954158.198282562
2019-06-22,29.55805686782996,295015248.31788707,16701515.32397736
2019-06-23,30.0937415073903,300270836.4224156,14809528.141951278
2019-06-24,34.23970936269927,337998251.75267524,35749911.460374124
2019-06-25,31.962151203897665,319079400.90915245,12080678.532888582
2019-06-26,32.178769017078466,319473905.5162141,37203288.32027463
2019-06-27,34.944923604195644,349209222.4526216,68548132.67454264
2019-06-28,31.21110389290307,311693006.20057446,26246342.972854227
2019-06-29,33.797589776171094,338062140.4149291,18834968.882058885
2019-06-30,35.25563276532508,352991040.76795405,27953443.530386284
2019-07-01,30.401353294664577,304420338.8289344,17240146.077045023
2019-07-02,29.46795247675332,295263081.3297908,19522201.20827304
2019-07-03,29.106254188818603,290633612.9408093,24517509.073948946
2019-07-04,32.0899660940772,321117010.0598778,30426101.956871223
2019-07-05,30.650700973119907,307218941.4761746,16806872.42936899
2019-07-06,29.427995558662875,295448136.2075885,15603538.288340053
2019-07-07,30.35439230204396,305735665.57345235,17175065.35525506
2019-07-08,31.5116050073748,316634655.30482054,15611034.3247243
2019-07-09,32.284276135437054,324559397.8887073,18318873.35062176
2019-07-10,33.33624224607497,334763971.14825463,21714600.761241544
2019-07-11,32.53647521792998,327329980.49385583,22840681.883131623
2019-07-12,30.02925480566604,301110882.4387039,19077478.623536307
2019-07-13,31.46459610441832,316941274.5980008,18452656.3810155
2019-07-14,30.909962409732884,310414518.62401444,17959233.020545416
2019-07-15,28.1365327329098,283701258.6906569,17827554.42033234
2019-07-16,29.97980701021138,302594289.4919064,18922903.26938804
2019-07-17,26.25138704610101,265511364.43165416,18012194.148163848
2019-07-18,27.72194843748468,280575902.95500743,18102375.858095437
2019-07-19,29.206954905635648,296748592.8443796,21789982.13932528
2019-07-20,28.72349295892858,290183774.93646,21810223.658198595
2019-07-21,29.62183853489772,297610206.93742704,23281421.5801264
2019-07-22,29.532120675362147,298877649.52051187,21085508.74082719
2019-07-23,28.75489664900028,291372895.9528899,19302155.849471662
2019-07-24,27.83235650159092,281656810.58189666,19895974.885904506
2019-07-25,27.139707595783296,275817190.46396136,19504493.19555779
2019-07-26,26.82193628727103,272197601.2964899,17665001.732707232
2019-07-27,26.65279521500756,270307780.7566236,19474760.01314406
2019-07-28,25.303350261304228,256576377.94720852,15648793.799936406
2019-07-29,25.72867110927905,261204741.7056856,17001683.743527535
2019-07-30,25.509680952931618,258761876.3742079,17341775.527599905
2019-07-31,25.130577788022432,255458771.57136336,14780690.75917256
2019-08-01,26.805397569875,272524813.7865496,15210567.3054939
2019-08-02,27.5544051466935,280265309.06446874,16416187.278254976
2019-08-03,28.11952187596092,286085451.9383489,21595744.66401913
2019-08-04,27.990732701494395,285006888.89217913,22777369.925261497
2019-08-05,28.349635957677982,288820815.90999395,19476838.061811622
2019-08-06,30.90918665164429,314666377.0685041,20435394.525038604
2019-08-07,31.14218002359795,316057320.3229943,19614672.01441243
2019-08-08,29.981902034324012,305841723.1089472,18440150.393274136
2019-08-09,27.80388238321985,283052938.6670395,16570166.786528796
2019-08-10,27.010739100633824,275797630.7237356,14727371.67541472
2019-08-11,26.91242562261657,274901957.8093209,16246775.754089324
2019-08-12,27.95403475006634,285250823.9917551,16088315.22925487
2019-08-13,27.427644345558207,280454561.373627,15553158.420608746
2019-08-14,26.241451499599098,268456208.5520948,18294264.74273402
2019-08-15,24.685300566886045,252601010.22263724,19524613.5885912
2019-08-16,25.329264482021205,259108060.3855423,15683304.46289537
2019-08-17,25.272220307133797,258999507.01584223,14961982.247830871
2019-08-18,25.321538564696063,259485866.01575285,16239576.60103753
2019-08-19,25.72523493895302,263917409.13881245,15040213.944199458
2019-08-20,26.719915085793115,274140186.1020341,17811684.652874887
2019-08-21,26.310840535941296,270101373.41785127,15073654.24030816
2019-08-22,24.906768742482697,255641084.52713856,14664020.907973954
2019-08-23,24.983964199011123,256656075.2623343,52762955.91899658
2019-08-24,25.121849711668016,258625578.8561248,11005067.415635472
2019-08-25,24.575692546735823,252843526.08342475,10518004.411175769
2019-08-26,24.510790550931496,252082050.58571276,10799356.837292286
2019-08-27,24.863567385491084,255827747.43552396,10546406.595797015
2019-08-28,24.116249237329303,248369526.82504997,11636044.677014008
2019-08-29,22.986531659455693,236729784.13619852,7455113.424893985
2019-08-30,22.607490252304945,233064039.73342723,15059421.197936716
2019-08-31,23.00645481343692,237224538.6741187,8610467.047026794
2019-09-01,22.808607396390663,235361241.8992324,8212017.372386545
2019-09-02,23.852729654471265,246241258.1291404,8487668.887862837
2019-09-03,24.789754961898197,255926365.7284225,12527534.065867484
2019-09-04,25.496582551678937,263974198.04719347,13449676.355314773
2019-09-05,24.76587539961364,255816438.09404787,10786162.60905736
2019-09-06,24.629186269960044,254706211.6931364,11621546.08947028
2019-09-07,24.04953273408091,248933253.45029667,12219763.492244698
2019-09-08,24.251689637210912,251080652.96380448,12231897.181646192
2019-09-09,24.877148949681185,257653943.2580849,13223333.126982035
2019-09-10,24.251896393393555,252229246.2004713,14544833.265836067
2019-09-11,22.81736604792632,236251550.9927713,11746730.303341525
2019-09-12,22.53181427889521,233659104.7972048,15912047.325676844
2019-09-13,23.384870459115675,242881825.7062313,14266313.206313925
2019-09-14,23.24438557054103,241383484.62092453,13163634.745588612
2019-09-15,23.151920140620444,240420561.5569924,10999971.158397363
2019-09-16,22.77181715342527,236622802.58028415,14652661.575642643
2019-09-17,21.98255136955396,228511878.39419508,10281167.89318095
2019-09-18,22.296055102617228,232180922.95038867,12063917.657542624
2019-09-19,22.97325658265206,239524247.87666896,10977238.602759063
2019-09-20,23.4282452449554,243742038.2528331,11646537.975698495
2019-09-21,23.156077868031257,240866616.84316564,16083986.629023729
2019-09-22,22.355650013701567,233072109.5868824,14998577.10650622
2019-09-23,22.155093917788317,231125260.6752481,11800316.812284674
2019-09-24,20.47445110923908,213708351.22006023,13541109.590932973
2019-09-25,17.77502857745116,187965264.75425944,13912758.798250511
2019-09-26,17.280572077663894,180412906.62031335,15418562.371412564
2019-09-27,16.78151322233467,175203380.2691881,11314569.804774638
2019-09-28,17.377283985754545,181529732.78239277,11141820.412305113
2019-09-29,17.956933496693434,187332278.78268716,10402500.300853478
2019-09-30,17.561508335854555,183635139.076343,9920817.295197155
2019-10-01,17.358850441042417,182106012.6518443,11006204.24532432
2019-10-02,17.241614239721226,180556048.09655777,10249523.166563865
2019-10-03,17.241614239721226,180556048.09655777,10249523.166563865
2019-10-04,16.858422698700224,176284130.9344195,7438716.443844095
2019-10-05,16.821197726515322,176321423.96274868,8924414.084066061
2019-10-06,17.23374630088314,180728654.01823747,9567165.200483913
2019-10-07,16.697786954288638,175211974.073684,8782095.673705248
2019-10-08,17.168934869048385,180213314.48008424,7830700.342324606
2019-10-09,17.04305765329479,178970024.60955495,9816304.48111863
2019-10-10,17.19412989191676,180632794.99012536,10158606.310583904
2019-10-11,16.816425126933087,176744328.85844094,10181705.989716394
2019-10-12,16.177934675678188,170031190.75221255,8909756.508449538
2019-10-13,16.142687247991603,169825748.5903568,9377075.497981802
2019-10-14,16.1155467143973,169610149.27330312,9342918.745395487
2019-10-15,16.104303969422006,169567586.5522283,7700926.75124013
2019-10-16,15.62322036059074,164575994.85039738,11187928.032965755
2019-10-17,14.787012710018107,155833564.81856,12656440.688969634
2019-10-18,14.431995129610469,152318669.3411421,10175658.821277415
2019-10-19,14.428548340345282,152201326.27923283,10489621.554122554
2019-10-20,14.190142505040056,149698863.83871284,8068027.713625361
2019-10-21,14.636140430019916,154294020.28523132,7852026.375728299
2019-10-22,14.517374326640242,153501280.7274807,8497972.758896945
2019-10-23,13.90173501441923,147205741.32194254,10040050.51703542
2019-10-24,13.067900407641618,138280850.5864175,11220670.53728165
2019-10-25,12.940091948100564,136850145.43150523,9701854.350373968
2019-10-26,14.482118529674269,153206043.71705294,12043463.404953558
2019-10-27,14.734672242242098,155809871.68187207,16232862.600880094
2019-10-28,15.342457020715043,162930532.45813218,15162942.729431331
2019-10-29,15.178142021682971,161338016.66915995,15083925.117071891
2019-10-30,15.659364125785112,166029881.26599917,14119658.786559869
2019-10-31,15.773536030925296,167268899.74499175,14280208.32016704
2019-11-01,15.741025191368594,166986813.378831,14034151.183347143
2019-11-02,17.92337215169909,190067159.53033265,19278595.62103217
2019-11-03,19.234374330904604,204282967.44419283,15529778.506733203
2019-11-04,22.08456574133877,234617176.5878428,19372247.84938148
2019-11-05,20.980056368628723,222834732.23183143,21553960.22620679
2019-11-06,19.944957232295973,212328294.1143156,33201018.074332185
2019-11-07,18.6885367349706,199299188.0281971,25922968.039973
2019-11-08,20.60419405270819,219246935.1988904,25182787.624202337
2019-11-09,20.1375056151086,214816385.016226,18933579.22680374
2019-11-10,19.97645315899601,212762557.1298972,16738453.57183679
2019-11-11,20.868565163996468,221787873.72733995,15697085.593494035
2019-11-12,21.434119947086973,228634449.76843432,18596903.178092036
2019-11-13,22.821062029526708,243509893.3524596,30973756.014392503
2019-11-14,21.98745499090675,234655929.10620013,19665687.09634175
2019-11-15,21.845195541489325,233293255.2655392,19875875.913154703
2019-11-16,24.17619269957192,258004869.24934265,35543587.23346492
2019-11-17,23.219403146001888,247826356.01764384,24737965.07368817
2019-11-18,23.066550826514145,246505366.1300328,20797316.58020791
2019-11-19,22.31051611598087,238491466.07270885,17281162.6227515
2019-11-20,20.4782364747833,218402682.7659129,18558852.25977148
2019-11-21,19.90934023235959,213053859.6912651,17623838.51869644
2019-11-22,18.55478103392772,198361803.38560385,15775188.13214922
2019-11-23,17.677872537795736,189060423.55719733,18219157.665445883
2019-11-24,18.825262682834456,201422319.42949712,17017613.86757615
2019-11-25,17.10955003579032,184582806.8129768,12583070.309513608
2019-11-26,17.475970121381252,186957177.32655331,17321099.222848497
2019-11-27,17.871050377594347,191655668.6869744,16087981.724134238
2019-11-28,18.22116734428731,196007743.69026333,14900438.438043144
2019-11-29,18.098965621046787,194666774.6644664,12646956.36469057
2019-11-30,19.60284435639301,210698553.9832265,13659850.279386193
2019-12-01,19.589348770069485,210587666.22109488,16854971.26152513
2019-12-02,19.31380838969186,207333990.93969,18205964.82718984
2019-12-03,19.49473767144657,209901608.3172993,18069408.91034167
2019-12-04,18.36286339656247,198014839.2641717,15561325.724159392
2019-12-05,18.77657266473101,202321443.95769775,15630925.981124714
2019-12-06,19.775365713616104,213139969.43628037,16422258.072400317
2019-12-07,20.522251440748004,221349102.45738164,15909949.455194537
2019-12-08,20.88371305293225,225305786.47610617,15644249.580451235
2019-12-09,20.57377196534248,222422149.22998816,15772520.865137672
2019-12-10,19.63474330725153,211705899.2157065,15304618.82794295
2019-12-11,19.65593608024833,212171011.43969285,18276117.848206777
2019-12-12,19.976187614381363,215652375.9399298,17722633.290851794
2019-12-13,19.53573915947293,211102933.31740525,16500464.760380026
2019-12-14,19.473318907391835,210504184.3459904,13240897.963427326
2019-12-15,19.41930070919055,210230792.8962443,14250802.024624787
2019-12-16,20.629725066621816,223257320.84236184,15751448.444621429
2019-12-17,18.2731476839366,197848020.41189453,16889645.982737012
2019-12-18,16.634437311127975,180100907.16520718,16771089.805166582
2019-12-19,16.996458430924488,183999823.5260721,19816426.903636523
2019-12-20,17.250517695261408,186935294.2149226,19279423.00303781
2019-12-21,17.805378389649672,193117421.72089908,19558115.12687068
2019-12-22,17.57803888621976,190758697.3405108,15134116.297969997
2019-12-23,17.654262814182218,191690074.91940865,18829239.65878375
2019-12-24,16.852987619631808,182900355.2889709,19964691.115657188
2019-12-25,16.92615782307103,183402772.4419004,19769221.66161567
2019-12-26,16.425858463506426,178016339.8849094,18206304.30882805
2019-12-27,16.798206104209235,182418088.25450897,18512221.08357631
2019-12-28,16.80862052355517,182384210.77368903,17657817.033633225
2019-12-29,16.590509812009167,180302126.10459045,18598115.525938943
2019-12-30,16.538078935749294,179901263.13505828,13184460.896246638
2019-12-31,16.37298941929549,178466212.687694,19098763.77644104
2020-01-01,16.784155616991594,182840557.23367888,18538378.06542548
2020-01-02,16.952564211046784,184540577.2248833,18055714.593797844
2020-01-03,16.29371211392497,177956184.24659148,17015248.60735998
2020-01-04,17.1446031733726,187419471.98560572,18507633.13165482
2020-01-05,17.316389472236224,188919390.7926604,14407462.952864418
2020-01-06,17.611597772620858,191971199.59016636,16657871.846285466
2020-01-07,18.635093127629656,203792600.18606007,16891848.519026395
2020-01-08,17.304445164194714,189728681.7565948,19541093.348581035
2020-01-09,16.900082875738985,184953853.60808107,21386150.416403364
2020-01-10,16.315456473378443,177793970.0029368,18129770.05684623
2020-01-11,16.42595739829651,182673535.4580679,20611697.907402672
2020-01-12,16.27101469372207,180050837.43018305,101883039.81319554
2020-01-13,17.041002208124006,186562528.6804592,103142229.68330358
2020-01-14,16.14974492287992,177521599.54864472,17530467.91965055
2020-01-15,17.611570830448816,193371456.68308425,100263897.83645882
2020-01-16,18.855628015688964,206127935.01159585,30953779.431142244
2020-01-17,20.623080289082235,224988958.56903347,38083125.72257783
2020-01-18,20.52576503522611,227841631.381358,27496797.97599181
2020-01-19,19.86651101861871,224315610.25251248,21166515.12474257
2020-01-20,19.31022537979245,212063887.64661372,116185608.39777382
2020-01-21,18.922647176939822,207819078.86039612,112189502.15077253
2020-01-22,19.22174237078437,211019684.00399348,110455879.3090199
2020-01-23,19.026903651351308,209148206.90899837,104140884.82733572
2020-01-24,17.458189789689627,191522456.72872403,18451317.1966234
2020-01-25,17.544919814706823,192893068.75403476,97319348.68470842
2020-01-26,17.397358399270228,191840422.6323334,86134647.44331509
2020-01-27,18.01133037944796,197981535.07307208,102339457.8794704
2020-01-28,18.61310516374798,204900615.4840706,110598821.0075216
2020-01-29,19.413725451228544,213146650.4499693,116328117.4125559
2020-01-30,18.933846303597157,208583388.71114925,120440571.50599223
2020-01-31,19.44706183118657,213630228.3751853,116760076.21357672
2020-02-01,19.0139712160847,207584986.4729168,112547588.5856722
2020-02-02,18.80004297016515,207492422.3674452,101092452.05643971
2020-02-03,18.87381572949526,208345897.3234327,119537698.66942155
2020-02-04,19.455704344673205,214548779.7798045,20469827.49092617
2020-02-05,19.56450782155176,216413598.59936208,16735775.174943022
2020-02-06,20.452456993162446,226231920.07632625,19367178.193815377
2020-02-07,21.046518520062676,233751337.39525637,20147810.09617828
2020-02-08,21.700395289075328,238782966.78937945,19788845.083574977
2020-02-09,20.88228704206835,231123920.1979896,27320080.87357533
2020-02-10,21.672722497661088,239979298.19931397,28147281.661065083
2020-02-11,21.204301126460585,234936691.8580449,26592223.835243028
2020-02-12,21.80647540341517,241642911.00048825,117979887.51964228
2020-02-13,22.51598542380974,249609139.9929993,32166450.51347184
2020-02-14,24.63504152902725,273242885.3011349,44183356.8658617
2020-02-15,23.641555979813887,262291158.781158,28034521.555363137
2020-02-16,21.343972746453744,236958022.5588713,25951197.84904496
2020-02-17,21.386937064620295,238130272.7694117,130616195.50482592
2020-02-18,20.511394420745976,226649816.59142423,120519671.7425625
2020-02-19,20.976774932039216,233363017.98964217,137129032.29666966
2020-02-20,19.680571639362363,219804547.38056687,71140576.31395605
2020-02-21,20.28625110102312,225337900.35281,30533493.74714479
2020-02-22,20.145941860164925,223952331.881641,44929455.37167904
2020-02-23,20.71038305914732,230553343.53168225,30342342.68959834
2020-02-24,21.511668802157903,239499361.46357504,143531661.08947986
2020-02-25,21.26667789695125,236406260.90501875,147252980.0599989
2020-02-26,20.064799114333272,223729124.1900066,34583724.593137726
2020-02-27,18.78389568693167,209554046.7541228,143523459.974127
2020-02-28,17.834210470120755,198866076.7337414,34362771.5967647
2020-02-29,17.20541392571482,192807688.96280456,31697561.59500508
2020-03-01,17.02957978318881,190078309.3624187,115760040.02304988
2020-03-02,17.301376641331935,193807024.83184355,118335055.90295129
2020-03-03,17.9887235231071,204003955.4517425,132165354.04408336
2020-03-04,18.090512237650213,202458825.9925694,121438941.22143196
2020-03-05,19.13741072146308,213830190.75484195,28496516.49713786
2020-03-06,18.873401608295737,211073568.8373129,34687120.22778341
2020-03-07,18.867688576331066,212684930.3624373,35934556.709448524
2020-03-08,18.406749255601284,206035374.189976,79529063.73210077
2020-03-09,16.64159518795103,187115430.11916745,92384315.07601564
2020-03-10,15.927250967787987,174514916.25207907,94063466.22719564
2020-03-11,16.35208130897907,183247776.0993977,33009828.473591156
2020-03-12,15.858520258762397,177789760.26156974,27196937.375453785
2020-03-13,9.439088423996743,106459189.18325377,85930633.61946414
2020-03-14,10.564706837160369,121852617.14449053,60055030.68659045
2020-03-15,10.672320830538688,119787968.73162235,35288118.6218392
2020-03-16,11.117849110416898,124836183.41224356,77718453.00794695
2020-03-17,9.304946854203532,105245478.52048358,36120725.929670446
2020-03-18,9.885537803257137,109899409.71459602,79042273.42417027
2020-03-19,9.759290155748632,109709962.97413649,83734349.88747256
2020-03-20,11.548247823185095,130038014.51769006,97636587.13087489
2020-03-21,11.168620519399406,124809366.1382334,37060983.19164904
2020-03-22,10.755434942828922,121047157.3867974,30675003.198417425
2020-03-23,11.488966825657704,129212335.63452198,40087883.876288064
2020-03-24,11.901344652337237,132143932.77675268,37823812.71942123
2020-03-25,11.727252703543405,132085941.95165776,32518743.927796826
2020-03-26,12.009357599543016,134728711.91930768,24337755.28023881
2020-03-27,11.749152968309373,131928989.74318244,27018712.011658657
2020-03-28,11.12472629912088,125228190.286689,83225730.18680908
2020-03-29,11.080765904336715,123602264.27969876,79973306.62126663
2020-03-30,10.132467880432507,116270666.96487756,14882963.864927849
2020-03-31,10.957083840396054,124176402.0541762,74304813.58395319
2020-04-01,11.490304571064566,129817599.23123457,23407556.85134584
2020-04-02,11.805577062588318,132331884.39060897,71818628.72620697
2020-04-03,11.845204003237322,133509724.52557597,80906823.70401198
2020-04-04,11.664954908930088,132206111.14207795,83885794.19807787
2020-04-05,11.966100275807577,134485274.78469196,76674806.74205123
2020-04-06,11.835641779384488,133875156.11415638,88364986.01426393
2020-04-07,12.658865924019688,143357089.25866282,88672238.01724005
2020-04-08,12.520699938748535,141842078.77948833,111309934.36552684
2020-04-09,12.70928306091466,144030038.29929742,107142418.4895497
2020-04-10,12.678328708411,143870822.57061484,98845100.27193028
2020-04-11,12.01713312706456,136029656.44321254,92766709.54141888
2020-04-12,12.017283224015957,136397259.38535666,100047448.40867776
2020-04-13,12.051704559102372,138119558.99511144,92653934.43754052
2020-04-14,11.890216677271289,135009779.79525864,93274501.4159383
2020-04-15,12.03354796971328,136587510.07167807,93254553.23815924
2020-04-16,11.69410216896478,133101757.52052702,95400315.63930376
2020-04-17,12.480797734568435,141873562.8911605,108425780.16766636
2020-04-18,12.429198328957874,142277777.13941026,101575358.220738
2020-04-19,12.75286465390116,144910212.01243836,100475894.57783525
2020-04-20,12.516916381683812,142723195.78903928,100628176.15667784
2020-04-21,12.002763069912186,136726276.21191806,98071989.45672417
2020-04-22,11.946446719446168,136038085.15340346,93793936.0998615
2020-04-23,12.234535195011055,139398932.47707677,92604967.51148026
2020-04-24,12.757695045186814,145281148.3693494,99741670.17786546
2020-04-25,12.4996120713289,142967324.74763772,94554942.7648134
2020-04-26,12.553209378557325,143089447.14125052,97545632.21124934
2020-04-27,13.131717556588375,149539727.15632132,96539442.929544
2020-04-28,13.148959682233018,149705788.59421286,12514410.572103905
2020-04-29,13.094954423641402,149536946.70126903,98281307.83759916
2020-04-30,13.997155718386288,159913674.92129043,22492304.625309933
2020-05-01,13.244967899357096,152167156.0986067,16463645.191794818
2020-05-02,14.356371298397423,164532960.41251048,21368218.28220794
2020-05-03,14.62194087998435,167042881.30285487,110324152.76922454
2020-05-04,14.37504452377789,164379753.28911445,117807776.80569687
2020-05-05,14.551746354138968,165769943.93333864,111421426.91644605
2020-05-06,14.822408140967909,169718453.62811115,117716292.46051064
2020-05-07,15.041510638399313,174664128.5179262,132764562.06444211
2020-05-08,15.236042192284668,176466671.9516616,31795942.680162653
2020-05-09,15.023229090150451,172627889.6848676,131492828.30679272
2020-05-10,14.376562556073402,164833688.2361969,135987649.42389297
2020-05-11,13.271810074510457,149837098.16167727,123815138.50856791
2020-05-12,12.821125036237246,147488219.41204605,114121462.44165984
2020-05-13,13.151406544830948,150619702.21778306,122318296.88478008
2020-05-14,13.336708962104405,153174573.89507952,24428468.727013107
2020-05-15,13.875692634561434,159133251.4340431,18830679.872218005
2020-05-16,13.184154609011433,151534930.84778032,112887462.69367068
2020-05-17,13.680100120071844,157807602.1283039,18991880.99258112
2020-05-18,14.410033719102907,165746549.57725707,19883648.67585612
2020-05-19,14.086570106106567,162084764.69796368,17028784.98524672
2020-05-20,14.16248659057636,162921664.19892907,123659821.6110664
2020-05-21,13.725567968232069,158032234.86368588,18043102.69120058
2020-05-22,13.074298001956873,150748175.4861595,17066335.320214532
2020-05-23,13.778859001096071,158816608.87923723,102920065.34928028
2020-05-24,14.052243222483266,162032965.19437665,99653505.38585384
2020-05-25,13.233418683584146,153039873.9494784,91404840.33212654
2020-05-26,14.189318354483202,163670098.69613776,16661301.600763114
2020-05-27,14.208186868317211,166040748.31118846,103548805.84078728
2020-05-28,14.347255645129549,165656264.26974323,17675501.03681469
2020-05-29,14.426037943384529,166325699.2674714,17709075.820255585
2020-05-30,14.299152652732545,168327858.79364023,93011769.92633344
2020-05-31,14.853606754648048,172011617.72872606,16960952.498960584
2020-06-01,14.523593231108975,167952193.51251504,113794576.77545778
2020-06-02,15.87619357602738,183635089.40333176,21558459.711053703
2020-06-03,16.63600029986243,192491438.10288155,23433319.87009239
2020-06-04,16.78479628314195,194324940.24323124,140017903.49878103
2020-06-05,18.338779537551996,212380317.3302912,123767021.8952657
2020-06-06,17.215437393092923,199406912.03890008,111724639.51988776
2020-06-07,17.351062489432852,201067649.575432,86972809.62145679
2020-06-08,17.15376546993646,198542133.86375013,92753166.09440672
2020-06-09,17.55341910334223,204367227.2103348,112861008.3553669
2020-06-10,17.435515864335205,202262027.95790252,112997104.96972074
2020-06-11,17.345150253030802,201275354.18114805,107530797.48820528
2020-06-12,15.84135443343207,183502000.81912157,105886363.11755656
2020-06-13,17.267165474716734,200514506.0166929,109683260.94642286
2020-06-14,16.879266533322145,196105694.5953549,89177690.1613384
2020-06-15,16.042809050543323,186620191.9905152,97585531.39222915
2020-06-16,15.730821567693477,182870394.27878705,87493986.31247607
2020-06-17,15.829401535024203,184159264.18971244,79138634.41573691
2020-06-18,15.800387088298404,184082755.1779564,80510335.2712351
2020-06-19,15.169557287458506,176699023.7222002,93921555.95756102
2020-06-20,15.437583516483796,179391833.3060017,76900597.62986332
2020-06-21,15.341452091999358,178468511.35057575,90171848.91515969
2020-06-22,15.30928964777551,178484302.40982503,106127106.72216655
2020-06-23,15.660370340119858,182257627.30031216,111971972.42049946
2020-06-24,16.043386281360604,186992238.3608907,116440211.07065348
2020-06-25,15.80040092605902,183296616.45811832,66357437.278724775
2020-06-26,15.148609300262564,176736170.89528123,90715751.64893287
2020-06-27,14.70566267748487,172321953.17658573,104343902.1322602
2020-06-28,14.030250970165945,163937006.76922548,94235812.51547338
2020-06-29,14.292000941111864,166892227.8286162,105540494.12035352
2020-06-30,14.28429764329453,166378848.42626,101135603.98650888
2020-07-01,14.115629244282962,164984050.89067447,103911120.51271345
2020-07-02,14.217834326816378,166299256.0101079,78106249.17117026
2020-07-03,14.001494284936904,163762045.33550733,11198425.41142435
2020-07-04,13.667845148474738,160162502.864869,7228118.600034147
2020-07-05,14.036582141097249,163933303.59181675,8131289.484602267
2020-07-06,14.06740338855986,164440573.92628753,7863539.568084883
2020-07-07,14.689902803609426,172067639.2779556,8563170.739104679
2020-07-08,15.05876121125374,176302880.01123723,7136709.05833224
2020-07-09,15.37599101874494,180304609.6832137,9545201.667767402
2020-07-10,16.076974843188882,188766120.11923617,9326350.640079867
2020-07-11,15.537353128513434,182241175.17726645,9508956.938189115
2020-07-12,15.73585144689279,184546309.2886989,8590654.878843823
2020-07-13,15.620217320492596,183389242.30465135,8104428.810569708
2020-07-14,14.938920190210794,175251470.3217101,7882181.786300181
2020-07-15,15.362347614133435,180414184.10663468,7037161.7737452
2020-07-16,15.65679119593442,184213960.68191043,6986571.810175127
2020-07-17,15.397233234803425,180637961.99858,6748833.373570669
2020-07-18,15.174998507069336,178406819.00286436,4974927.167286555
2020-07-19,15.495893597884995,182294450.8381332,6176714.802467623
2020-07-20,15.272557973530992,180411276.07466012,6390999.491667906
2020-07-21,15.349481322299104,180587905.0005912,7444746.393727631
2020-07-22,15.495318331155424,182324964.06118456,6895966.698753089
2020-07-23,15.974583770118056,187881379.69677424,7555085.381372889
2020-07-24,15.860558978775678,186674983.8760307,5420166.515271953
2020-07-25,15.257896665546038,180113464.5580676,6205944.2301120665
2020-07-26,15.500631215986598,182710137.159546,5527717.614096654
2020-07-27,14.932997094267412,176046819.70391047,5339724.696763145
2020-07-28,14.959156626905692,176425675.98562446,7572368.952137147
2020-07-29,15.232318425567618,179830599.94890997,5999917.807281324
2020-07-30,15.22583786025333,179639425.76864424,5446113.548018029
2020-07-31,15.494570168762172,183229722.93651715,6698829.810166337
2020-08-01,15.28010590256803,180575438.55554992,6885951.221378149
2020-08-02,17.09250876102227,201416817.4191688,11942207.81261346
2020-08-03,15.601125253106492,184583611.11660767,9331506.269524677
2020-08-04,16.669241046194482,197309039.0697004,12371613.412402747
2020-08-05,16.2784420796629,192756478.04549605,6874406.343559029
2020-08-06,16.541641988962223,195967863.47502577,6980962.467485952
2020-08-07,16.464234134569324,194651452.0212429,6676573.29120652
2020-08-08,16.02013626309222,189893914.7565448,6975105.802778281
2020-08-09,16.32004972351872,193353936.1182312,6275772.2560322685
2020-08-10,16.42013260540216,194676209.3301234,5264191.545908351
2020-08-11,16.653409247121488,197590106.4893936,8622324.714936106
2020-08-12,15.89275827843906,188793148.8754941,7638823.578421759
2020-08-13,15.838716257168828,187875481.6675064,7295564.925709991
2020-08-14,16.690402728454004,198062798.5444656,8045596.837404234
2020-08-15,17.05503439698661,202399568.67831272,8663638.454229213
2020-08-16,16.679286342698482,197930412.28848377,7131352.344617777
2020-08-17,17.44718774663733,207353656.8927748,7192220.808657487
2020-08-18,17.69504355929305,210373637.6501688,8396749.683175247
2020-08-19,16.919070504130783,201335873.07651585,8002710.054202971
2020-08-20,16.629340834990995,197530385.2580436,6152109.623242555
2020-08-21,17.15447076581642,204166728.51797348,5844914.338906903
2020-08-22,17.64785666275277,210306439.8018872,10925491.287989777
2020-08-23,20.898621737562586,248893314.2526057,28685311.900262795
2020-08-24,19.594582980784377,232681136.7177745,10552183.561745202
2020-08-25,19.19748913244685,229051806.23284644,9283708.32378739
2020-08-26,17.52565494034292,209226844.61432356,14244215.624095742
2020-08-27,17.961145545916708,214205079.8598967,10044747.726371055
2020-08-28,16.6922487566422,199144649.00065428,11377571.222667152
2020-08-29,17.443054831772592,208212973.0267713,8158520.252869769
2020-08-30,17.068226992699543,203594445.72853512,9213442.87271021
2020-08-31,17.320700424493992,206507788.45521048,9144491.38417176
2020-09-01,17.122007822026337,204556715.85811117,11068846.501997098
2020-09-02,16.82095453559241,201505110.9321724,9689282.188055249
2020-09-03,15.996027974681466,190943566.0399928,7981017.862521964
2020-09-04,13.299604356835678,159533531.38385993,5968326.528181996
2020-09-05,14.046188029688352,168036167.12023613,5221465.74018113
2020-09-06,13.351369003215556,159818662.19154352,4960836.020666536
2020-09-07,13.66672102156783,163687376.40919733,4499781.939376016
2020-09-08,13.63863793479481,163152824.9576797,5187338.9036399415
2020-09-09,13.242451814045118,158317541.12093464,4646624.590709151
2020-09-10,13.735916587718089,164093762.33212358,4507247.237412327
2020-09-11,14.339461366537511,171670705.16383085,3957727.069943407
2020-09-12,14.636132003404027,175673296.51995027,5089619.619403309
2020-09-13,14.78921208763999,176900002.85821217,3963882.097412777
2020-09-14,14.239681315119382,170701857.1549279,4733479.966352874
2020-09-15,14.020208207449189,168301006.00625634,4268429.348575949
2020-09-16,13.730842817135768,164824195.7985142,4179000.028237274
2020-09-17,14.015783212391298,168355369.68488765,4379136.220912888
2020-09-18,13.724423854170766,164611675.85416174,4792975.446119975
2020-09-19,12.635925563929511,151711391.6275934,5011260.747266932
2020-09-20,13.131784777759878,157905358.16459116,3977660.1904009534
2020-09-21,12.647951777105426,152341551.03444186,3969101.884972345
2020-09-22,11.331367029539184,136885579.8552937,3674184.033060056
2020-09-23,11.44054312202857,136987471.59825605,3254321.2221465376
2020-09-24,11.126953991212428,134286365.33656836,4925778.233653465
2020-09-25,11.72682357121098,141245853.53098565,3329741.020948497
2020-09-26,12.127817559576256,146086757.88663572,4386768.05671121
2020-09-27,12.088544317514195,145706549.01526698,2953073.00724254
2020-09-28,11.922375144235083,143680849.71147957,3540669.9760593288
2020-09-29,11.87331118881075,142300978.29361668,3590974.301984387
2020-09-30,11.923998017197771,143567679.4018297,3563057.448321629
2020-10-01,11.723186740534551,141625737.28924936,2941908.3144047665
2020-10-02,11.875413821234249,143076558.40840822,3458851.52315944
2020-10-03,11.40930039164457,137830944.79480264,2648080.14011772
2020-10-04,11.60024098338281,140149901.49482733,2634306.685702177
2020-10-05,11.360300805385732,137013722.4378375,2274536.353003866
2020-10-06,11.497681447015127,138615712.6900568,1918526.8963152105
2020-10-07,11.212085301081704,135541401.94879273,2110010.21600774
2020-10-08,11.353953921049367,137579020.30415767,2394926.399428559
2020-10-09,11.633009604184345,140678822.15504128,3229163.165157413
2020-10-10,12.39048366351129,149652585.0318929,3350174.336510173
2020-10-11,12.34241841124669,149620387.1821715,6559101.769603506
2020-10-12,12.31633917446052,149202739.7269472,3316478.317543372
2020-10-13,12.252468762912498,148269702.07553068,3348355.09702171
2020-10-14,12.04443450460376,145792713.58541292,2911690.908707489
2020-10-15,11.709993904534311,141673166.53048328,3457268.925262005
2020-10-16,11.444093052480737,138783052.37115324,3623780.666096692
2020-10-17,12.276479198280606,149167803.70695943,4234164.058886
2020-10-18,12.412370952872596,150740327.2065926,5267027.43974431
2020-10-19,12.151382223291794,147485876.63896435,3333953.380933374
2020-10-20,12.251801951313311,148787359.87312394,4386302.461238192
2020-10-21,11.799667221491877,143431617.66768977,7394693.180270568
2020-10-22,12.460896501125914,151755507.8525497,8338608.863194469
2020-10-23,13.252207250332958,161121731.79194126,5358819.526310589
2020-10-24,12.555517452629674,152751215.0389006,4186345.1475701737
2020-10-25,12.650890148074987,153968223.54284412,3962814.3099308144
2020-10-26,12.636233145045598,153367286.47372732,3594296.5109057087
2020-10-27,12.303830675422374,149692954.39667183,4036086.031534353
2020-10-28,12.180666588326384,148138255.41417235,5082988.17456113
2020-10-29,11.897813697875412,145085443.03099343,6169743.097027928
2020-10-30,11.922524094892156,145451469.91157845,5426009.825119041
2020-10-31,11.887901727357407,144896159.74213505,5387584.733127284
2020-11-01,12.269264020938897,149619375.45702004,5420980.670454793
2020-11-02,12.31408486252264,150303971.0431121,4119860.020503407
2020-11-03,11.770359213049804,143874071.71070665,6180945.696518695
2020-11-04,12.18997204841428,149635206.88810346,6069394.884676346
2020-11-05,13.014994839294884,158604421.06250817,7188622.028317008
2020-11-06,14.032131749589444,170641056.44095442,8858750.352302833
2020-11-07,14.855814964664429,181508149.0847085,8384768.601800602
2020-11-08,15.531872308872808,190465276.44468373,9528288.565682916
2020-11-09,16.936182499758793,206752701.4293418,14399268.39156919
2020-11-10,16.45909158761298,200378667.7338508,8514823.04474653
2020-11-11,15.428574417100805,189748008.72667003,7339540.057232942
2020-11-12,15.939281239292155,191529788.09622785,8162820.454281311
2020-11-13,17.011332313604314,206453204.4206288,9525122.968757166
2020-11-14,19.6290603457989,240221131.8112664,14579015.864975076
2020-11-15,18.5339241111494,227107409.005367,10198093.082404464
2020-11-16,19.373247310712937,237385620.07200888,12007369.502121584
2020-11-17,18.396490552881374,225375803.3142821,7959227.588351844
2020-11-18,18.729278529617837,229645684.02222443,7695360.556279565
2020-11-19,19.448725913587143,238484068.18599036,11161138.095342908
2020-11-20,20.541311975116795,248448784.86494705,8069667.296506375
2020-11-21,22.97831135631123,282627519.3955812,10569837.535420109
2020-11-22,24.2877916711163,298487938.26600415,10832258.992752306
2020-11-23,21.884286275067307,270316751.51762044,10020192.58282745
2020-11-24,21.48990666575716,261204677.5313282,7170888.68217708
2020-11-25,22.420176354215265,275518947.74984145,8132917.966063279
2020-11-26,20.87023886401701,256803488.89949295,7643743.363674003
2020-11-27,20.689957743852723,254184788.88342583,10890360.17057581
2020-11-28,21.64138628613602,266242499.4501703,7988930.337684299
2020-11-29,21.66683150070064,266408245.64201397,7924826.791649074
2020-11-30,23.663286745140702,287496983.23159534,7808380.983580033
2020-12-01,24.5312459371402,303147578.938036,7796533.040274885
2020-12-02,25.17990727559268,308799746.42794114,7077943.280196169
2020-12-03,25.888904865298976,317227568.75564283,5635902.526207377
2020-12-04,31.126409890116378,384867576.2461613,68134023.50790587
2020-12-05,25.95615289874889,319981447.3415777,15757957.94340997
2020-12-06,27.816299444819087,342013888.81893134,9416772.57964949
2020-12-07,27.174930497143844,333172015.85298616,8320133.935565375
2020-12-08,27.167061188175627,334272658.9097469,8863446.590154571
2020-12-09,25.83910585729092,319818267.3720074,7929924.678415733
2020-12-10,26.3673247762509,326153934.5168873,7176459.690575857
2020-12-11,26.87832091334418,334733069.29958427,27937519.822336264
2020-12-12,24.87884116845597,307404823.21732587,10747417.934810448
2020-12-13,26.91604455160793,329850690.7864415,7850234.135725629
2020-12-14,26.76091054829985,330323689.24707454,6384860.942557829
2020-12-15,27.8193410840579,344156695.1744973,6964645.102508832
2020-12-16,27.418418999972708,339476209.26189375,12719432.50624516
2020-12-17,31.11379011751416,378057353.2128686,11992243.762608584
2020-12-18,31.017540858556877,383031042.7006951,10305909.952032236
2020-12-19,35.712686029439865,440664175.2881584,40332190.99019551
2020-12-20,34.011705802108345,421105679.3200416,13889091.770499345
2020-12-21,34.39612901484453,426892723.59692144,10518116.43721703
2020-12-22,33.528975200820845,415566672.4710026,26953203.36543734
2020-12-23,34.83505808003514,431884875.2897624,9217330.901303198
2020-12-24,32.332402450147825,402318497.22154754,8908018.534904381
2020-12-25,35.83134247809979,443939528.5527642,8482058.574956646
2020-12-26,36.633443973707806,453507280.20168686,9344051.106405396
2020-12-27,37.2705542453207,462358475.5232059,8522102.163246807
2020-12-28,39.17998273462806,490165294.419633,11746380.407574654
2020-12-29,39.85557854790099,495910571.7536404,9060772.472447006
2020-12-30,38.41453097333332,477274904.954943,8544701.778565692
2020-12-31,39.338949681477054,490766136.0751453,17085903.45210598
2021-01-01,40.845561058383694,505530605.4482102,17821530.05363825
2021-01-02,41.02901742912477,509284728.53770685,12124771.706927752
2021-01-03,45.7591073365562,567658249.5786985,19351407.622338317
2021-01-04,47.96000138734926,607024450.1472241,19799127.891203027
2021-01-05,47.24379411408715,588906960.808109,18067535.24031853
2021-01-06,47.34890893810906,587770728.7704772,15496346.373032724
2021-01-07,55.45994552640902,692379763.8976562,26864264.56450054
2021-01-08,58.45943689071425,727682255.0068728,31855289.89769017
2021-01-09,63.98904947674002,795274501.8139741,42305756.46848669
2021-01-10,60.39466939873118,754409487.2620684,23502508.43208004
2021-01-11,55.84519008700937,696442097.6940341,19271511.073372237
2021-01-12,53.41555548949796,662177313.0491526,47173999.70810278
2021-01-13,48.57530968560064,606450184.933348,22537640.429250628
2021-01-14,55.45492530366333,692211549.0378067,25915149.979453024
2021-01-15,58.75602011402098,733844614.8862909,22980681.699507315
2021-01-16,57.77889425863206,722079865.063564,23982531.81146503
2021-01-17,57.14620727145891,714793930.6293689,18078510.86159356
2021-01-18,56.65402970622787,712450681.4325528,13472353.860450484
2021-01-19,55.197777731259016,693837286.495318,11386135.831433976
2021-01-20,57.26378657233064,708165684.7097417,14249143.17194599
2021-01-21,57.934666849958376,724722632.7228701,22955015.510903668
2021-01-22,48.68426729584719,609160199.522746,17167680.254775506
2021-01-23,52.13601516348103,649218402.8148526,23329393.972878706
2021-01-24,50.56736488545987,631337506.0361136,14300253.64344304
2021-01-25,49.98594832603387,626059149.0886983,15233667.639168983
2021-01-26,58.23110546084846,728491314.5811828,27547411.43642064
2021-01-27,57.50581404313196,720477547.1061145,25386727.34792371
2021-01-28,60.3194172104459,753087055.7808869,28238964.35180716
2021-01-29,58.330148942268266,735942067.5070751,22609402.292721502
2021-01-30,67.0845702973628,848251804.0965514,39468874.30575371
2021-01-31,62.31379030280701,780149718.6699963,20230945.37249423
2021-02-01,65.898712690699,828251908.180339,22532398.12249432
2021-02-02,66.64338861698772,837007050.3870605,30904747.28903793
2021-02-03,67.37263196712455,849514647.1454946,16796501.782831237
2021-02-04,79.71735663474968,995343453.3131526,31317112.21847987
2021-02-05,76.47999567786972,966933573.7603756,39917791.70619798
2021-02-06,77.3227246486597,971414272.5429736,19653234.63587789
2021-02-07,86.98377794654822,1118056273.4182951,64889472.71740398
2021-02-08,81.29510547130648,1024769632.7390383,27203093.442312744
2021-02-09,98.6300557070766,1234240426.7968848,48788341.65461864
2021-02-10,98.23618804186088,1236214352.1372118,36798041.11606709
2021-02-11,103.63626510264524,1304558587.857605,40432305.19731446
2021-02-12,106.6214006399588,1330218549.6611054,85702650.62162037
2021-02-13,107.43407187712934,1352337728.34186,73181093.25882758
2021-02-14,113.37818193238884,1426467926.94579,40767314.74809904
2021-02-15,113.75239930892874,1434383725.3859005,22767055.55184019
2021-02-16,115.5149583533069,1458315350.8483162,34148072.95019483
2021-02-17,133.58037447101967,1689426478.6246965,59369891.1319024
2021-02-18,141.7274668465074,1787809602.5270855,71039273.51066317
2021-02-19,139.46273839098595,1759724651.3272176,49553398.56986292
2021-02-20,145.05966746738846,1830887242.4739852,53438751.356783845
2021-02-21,147.68232327280094,1845723956.564381,106093162.7736093
2021-02-22,162.75334449670035,2062051982.1699252,73043246.1475972
2021-02-23,157.5124861558911,1983639451.631414,64175282.440359294
2021-02-24,141.4446682284064,1764304530.195429,68335058.90872826
2021-02-25,144.9570910226932,1824801207.3367436,40303585.24867655
2021-02-26,142.08114747002077,1796450468.5144367,44592088.6374634
2021-02-27,127.26191928405714,1609057329.293625,62243481.54273439
2021-02-28,136.7172688156183,1727373420.3765526,44446052.12273785
2021-03-01,133.87374852849075,1703320914.4530475,36180182.06356597
2021-03-02,149.45127342031293,1887330143.8457143,40985381.30989844
2021-03-03,144.69886196167232,1827607387.4334493,29180147.19245216
2021-03-04,148.99402266606234,1887108991.267964,31142245.399738908
2021-03-05,144.58482007201897,1831970297.880375,27533135.065340698
2021-03-06,147.2808324057366,1863463173.6911097,21944001.562086467
2021-03-07,152.7580107265768,1936500411.7682784,37253049.32175144
2021-03-08,153.8227566047645,1950787601.814416,33404392.662549447
2021-03-09,152.88605336207522,1941766037.038935,36114822.43540423
2021-03-10,163.64776694148478,2070899363.373188,42278470.08728236
2021-03-11,169.30153590601162,2153241356.3387218,45248942.34928027
2021-03-12,176.93097976924662,2245393617.739196,36132117.00360695
2021-03-13,171.2539839780502,2183628657.4467173,39954763.079807416
2021-03-14,179.87901470263262,2290866656.100499,54722345.86921967
2021-03-15,178.24245311302687,2264205425.970583,34535778.89486516
2021-03-16,168.18864125726526,2137827097.494512,39421243.19320728
2021-03-17,169.00220630244834,2142239642.3902087,31680918.969281584
2021-03-18,167.5443709290516,2127985728.7129304,34577157.71004751
2021-03-19,165.40948332402215,2112835711.224088,36813844.865996204
2021-03-20,162.81012779844596,2070906853.7339504,39195419.18718906
2021-03-21,166.21898804242986,2118849820.01456,27901770.830473844
2021-03-22,166.27329637949887,2120018483.1893976,27743316.113811355
2021-03-23,154.43676832192563,1967475423.843598,24869337.741349805
2021-03-24,154.83387835977803,1972523249.053016,24661429.749901105
2021-03-25,147.72526413297746,1888484444.5614147,23218994.66052385
2021-03-26,146.6035325354095,1868904366.2861693,19678885.85518633
2021-03-27,156.29105380845584,1988892187.4126508,20059965.68267048
2021-03-28,165.49153597470414,2113572657.0057788,20757696.22982348
2021-03-29,166.54580681181,2119933062.5986605,25592969.99114671
2021-03-30,172.41092075221414,2198592868.299581,29684052.315687668
2021-03-31,180.338275863937,2302927581.466093,26503807.105488203
2021-04-01,179.6884571059085,2301335434.816581,31122881.53617648
2021-04-02,181.45724556083488,2317882806.5518,28396893.8313863
2021-04-03,182.74691053780364,2338558777.707633,30763685.3476482
2021-04-04,177.54355281522908,2269570253.8437834,26181624.018955667
2021-04-05,186.5393414249048,2385402271.696651,28203377.48317421
2021-04-06,192.4399880102055,2460922790.183528,28343793.468763065
2021-04-07,189.30650501071383,2425084236.2917747,34644428.90240792
2021-04-08,181.3476625345033,2326958141.0506616,35817863.13627212
2021-04-09,189.407596120304,2422635177.7648373,24120882.64176155
2021-04-10,191.1560921592689,2445341761.6900983,28802158.768195324
2021-04-11,194.38954378757663,2495332166.3710265,32416152.405588184
2021-04-12,196.98086520124727,2523165467.7882237,30802509.079827264
2021-04-13,191.1052128790724,2450130051.525382,47509681.54074638
2021-04-14,202.40937565337865,2594391092.485504,51188946.62889344
2021-04-15,206.78700624741327,2650870889.156104,39742848.90731323
2021-04-16,207.27554256170225,2656060611.6280622,39967692.15071864
2021-04-17,245.09835750368225,3148187477.132856,66612893.70457777
2021-04-18,233.15735413441155,2987264372.160134,53463686.48509391
2021-04-19,224.45084698500875,2890192046.230824,57435143.45681719
2021-04-20,215.80197431334605,2772404991.3239884,36321563.09778919
2021-04-21,214.65684902588916,2770053591.278569,102376790.47125018
2021-04-22,207.2779994798018,2662552085.3983755,31234360.60309604
2021-04-23,192.0789750480707,2468232718.5193505,32618443.12549974
2021-04-24,184.83965676348237,2375871811.827865,32173362.594999187
2021-04-25,184.97692218284996,2378308821.0121555,29524018.28240994
2021-04-26,186.1574700345637,2392659339.374041,68514446.88005522
2021-04-27,206.0603760285888,2650818918.691697,27838433.14677861
2021-04-28,212.68951178569165,2736857889.7936645,27131892.93283084
2021-04-29,208.05341770963224,2677949826.3296885,31099289.354121786
2021-04-30,208.77943263776947,2688072695.0896163,27848652.08493271
2021-05-01,206.3782987177178,2660914568.7843127,52836512.10369624
2021-05-02,209.87502663232763,2706938711.305017,27064188.779603656
2021-05-03,205.09654296267357,2642875350.9541364,20769938.53310596
2021-05-04,202.73315762659797,2613209614.106664,25511214.19132104
2021-05-05,189.27800538637976,2440498750.4603114,30165710.500811186
2021-05-06,197.33598112718573,2550199373.524272,33267805.01337412
2021-05-07,196.26838273644003,2530064544.476808,54943313.1564582
2021-05-08,202.2681070952584,2607912859.613653,64962032.72055256
2021-05-09,207.62696115364665,2679992064.4120283,57687569.42749278
2021-05-10,218.64504773016264,2831141137.145368,68865029.22163013
2021-05-11,210.3534211922404,2716439124.7044435,62676990.0555409
2021-05-12,220.3860779503572,2846679026.2314715,63883435.85653834
2021-05-13,198.9138160031648,2569934997.4941106,63797075.259016775
2021-05-14,196.07017845615556,2530352806.0160623,63489858.279236935
2021-05-15,200.1906592204406,2590562541.260985,68119901.09009133
2021-05-16,184.07552140028852,2379978401.436776,83564181.23903367
2021-05-17,182.82625113947836,2364369919.225393,65384992.32053466
2021-05-18,168.62094568140608,2181177245.792447,65612428.08193397
2021-05-19,180.15827302806693,2323624335.173389,76421871.09573771
2021-05-20,127.02399551507187,1643952830.5949457,56185361.73527119
2021-05-21,144.04869541671877,1864531211.2782228,64878582.43106336
2021-05-22,126.6840279967919,1640079563.018514,60452699.61768689
2021-05-23,122.01059659599414,1580233796.1999395,64299788.79499521
2021-05-24,106.11025485875874,1374648749.1245117,70421383.38822827
2021-05-25,131.56680117813144,1706326302.8322904,52826640.66780006
2021-05-26,138.93703054944422,1800853698.0558145,43353453.61121707
2021-05-27,144.54373152742133,1875460640.1423385,50878005.8172775
2021-05-28,151.36136768814808,1961571329.8011043,41393023.55163755
2021-05-29,145.33296422757425,1885181349.085084,31527967.625240587
2021-05-30,138.0332670355585,1794646035.4333034,46594765.42074672
2021-05-31,155.00861490985287,2010273948.5558145,42373781.21207743
2021-06-01,170.08741060584845,2222086401.184088,61113524.92044333
2021-06-02,162.15272524841927,2108842695.1558368,61401679.99015471
2021-06-03,159.12741819101103,2065853026.49024,46204704.29806116
2021-06-04,159.3507401837385,2071852623.812628,47589166.99622543
2021-06-05,142.17528830532189,1857743769.155368,41313205.99717446
2021-06-06,138.12253871388097,1789555781.2302828,39647946.79671867
2021-06-07,145.54667454111143,1892115206.678272,37189808.82704956
2021-06-08,132.0405592980998,1731701173.528907,37196450.943798736
2021-06-09,129.5637039822346,1685199069.5948994,37591248.10573768
2021-06-10,140.7758058665544,1831366097.4446027,57028641.3892049
2021-06-11,137.06956305785835,1787671866.4953854,32181548.420623604
2021-06-12,139.14702575539178,1807459657.645093,31108694.61874754
2021-06-13,132.18105612301258,1720809161.3100169,37101425.335241824
2021-06-14,138.7779073794231,1806857747.4212,39206525.97478464
2021-06-15,138.6484437072375,1804446137.595021,34623936.82853363
2021-06-16,140.9856596733827,1836713323.3638911,34771771.53514867
2021-06-17,130.80915422583607,1704564949.9028375,32349130.760754462
2021-06-18,128.83484853695148,1669867716.6523318,30837351.12211418
2021-06-19,116.00768207644252,1512473976.882491,35134021.065627635
2021-06-20,122.99610301651695,1604656911.8370285,33041392.651805986
2021-06-21,125.44013914956224,1632793092.5599008,36487111.86871352
2021-06-22,104.60176089323129,1368681274.9664226,39196910.834150925
2021-06-23,101.02034090142524,1317782527.8780105,39696364.039347865
2021-06-24,112.62104697476803,1469090781.389714,36255529.363179706
2021-06-25,107.03794598355128,1390558123.2894597,43944676.5548651
2021-06-26,111.22453309698383,1455241264.3968575,37398571.51752797
2021-06-27,114.19120487934316,1486035705.9244652,43046103.32239647
2021-06-28,123.67724156797868,1615739499.203743,40857036.35048867
2021-06-29,131.71921478721822,1717023048.1738942,39142500.335798375
2021-06-30,146.544467464883,1915425793.0508487,32875184.464160096
2021-07-01,144.05166727283824,1884353655.7885191,34219195.00724929
2021-07-02,135.17461892852,1765971444.588677,31638733.999728
2021-07-03,140.3289032023059,1827151020.8620076,26677497.094965976
2021-07-04,145.53657503164536,1901520697.329014,70413075.80472848
2021-07-05,139.1137143932652,1820039763.6354096,75771855.14666748
2021-07-06,139.00210104987084,1817660210.9031775,77589368.07455772
2021-07-07,139.79682261575482,1843585266.2670932,83581370.06758918
2021-07-08,137.39966670699528,1796303397.1719851,77692324.4620334
2021-07-09,121.5663761541628,1592302272.3162282,75623299.10062973
2021-07-10,131.7944871961756,1725755463.6000614,83153549.84720023
2021-07-11,133.94281044059002,1756292030.3802762,83205607.98581776
2021-07-12,133.90584125910962,1755526216.9673858,87040341.43763465
2021-07-13,128.19362986734845,1680538712.005139,84052818.87935041
2021-07-14,123.63565958130891,1626153207.1229277,58480816.61740468
2021-07-15,115.27866382732158,1512330873.8914258,11540981.816943033
2021-07-16,112.43277180853308,1483850239.319759,8703880.050230635
2021-07-17,113.29199141014874,1483283422.8493404,10613380.840998394
2021-07-18,116.42137504342122,1532105962.6111493,9552831.168055976
2021-07-19,115.31212461171626,1512382485.1494482,10014950.217177697
2021-07-20,102.47115598465136,1347052895.048472,9611802.046076724
2021-07-21,101.4094529194993,1330659808.7511225,10989944.44222086
2021-07-22,112.32076288133032,1471009372.447421,24269662.049711667
2021-07-23,117.18174652444904,1536565117.6068463,20982497.69965575
2021-07-24,120.4889966103214,1583812204.308328,21216496.785761178
2021-07-25,129.15506874018638,1698437662.8581486,21534726.368506677
2021-07-26,132.06611557556886,1731842926.354466,21051612.5123971
2021-07-27,129.36636114919168,1707343320.4699762,23455330.16466833
2021-07-28,134.852608764029,1773549321.2653463,18170879.19189008
2021-07-29,138.4143648822504,1825018480.208068,17222585.384919982
2021-07-30,143.71804783449068,1895305191.278167,19026391.969339225
2021-07-31,151.81498260902833,1997962734.3207047,24051821.791210588
2021-08-01,157.58986105631973,2078668313.025024,23447949.195348136
2021-08-02,149.3408001848453,1963907445.589976,17016789.369285345
2021-08-03,135.65373483540617,1789254363.411934,25389076.01037856
2021-08-04,127.43495792605292,1680172178.6892989,24348188.9964165
2021-08-05,136.20299059019152,1795546772.971132,25347569.383675236
2021-08-06,139.5380884144507,1841712691.6212077,29174368.988110177
2021-08-07,142.0534143410404,1873760663.909197,30531365.031219915
2021-08-08,145.3392447618421,1917615872.6666543,33733642.75785403
2021-08-09,151.2564881223492,1996835466.484825,34088344.00950068
2021-08-10,157.33343375939748,2080872628.1693923,33209555.91599681
2021-08-11,160.20445428078762,2102682050.8982944,27421013.65139068
2021-08-12,155.45677480491,2054476581.119861,24845515.78995869
2021-08-13,158.8907754736018,2098770684.681574,30791498.69852225
2021-08-14,173.9211529711324,2297277466.396694,60868740.67397701
2021-08-15,172.20867313955478,2274968498.380262,22487010.70336489
2021-08-16,175.18651004001725,2320964285.840638,17160924.403266445
2021-08-17,174.94609843827354,2313635781.794424,16870099.168008007
2021-08-18,164.56498812605963,2182587276.429865,16152806.768565329
2021-08-19,160.874538563883,2135083090.9222984,13814124.512601571
2021-08-20,163.30976310420309,2138558734.025808,17835162.221241202
2021-08-21,173.70573823090365,2300225463.8013506,22455437.23965011
2021-08-22,178.08136558120145,2358640909.3472896,18673875.88688066
2021-08-23,177.01220355104945,2343800032.3714404,18412536.074928623
2021-08-24,176.70123393857017,2341076188.388665,26573418.035291977
2021-08-25,166.6035455870665,2212586807.141956,19114834.067720536
2021-08-26,178.32016480755962,2357822375.038823,19706857.39137316
2021-08-27,175.62297901047862,2326116561.084567,18136192.59250563
2021-08-28,178.4552693348157,2365776815.9640465,20774442.16866179
2021-08-29,173.3191677388585,2276035199.8600383,17412576.36244706
2021-08-30,179.64871680468602,2368707926.091374,17690519.82491866
2021-08-31,167.90548587985313,2248572845.428604,21785488.028128445
2021-09-01,174.77979385162772,2317710264.361576,22702641.72458576
2021-09-02,182.09528042133184,2411786604.276276,18600367.200846843
2021-09-03,178.10778527438134,2363230842.8494062,16769965.256543469
2021-09-04,178.45780315217243,2369601318.585421,13765379.19771512
2021-09-05,173.29855209543305,2301580799.046427,17777510.82588103
2021-09-06,176.19921647896228,2331904310.037944,8757651.304241596
2021-09-07,174.329839710816,2319012707.7475715,19270122.723757926
2021-09-08,149.22530141262246,1980003957.7160523,24023650.65686869
2021-09-09,146.31228285990738,1946800992.768374,15201443.421600211
2021-09-10,146.47803050021642,1950824439.2269588,16835452.78835316
2021-09-11,141.99376093578553,1888209957.70423,16708568.319651978
2021-09-12,144.3222293991917,1919520454.3652148,13533663.794591753
2021-09-13,144.4640117631368,1922206748.4742036,10268866.85965016
2021-09-14,135.55770185447167,1803562913.855076,12874174.059081348
2021-09-15,145.30453857664875,1934462096.3449228,14332688.098254558
2021-09-16,145.10539567192887,1933243734.7627685,12815351.163451388
2021-09-17,143.49413981646774,1908195251.4379616,13649367.867854442
2021-09-18,146.38347754375246,1949914704.076412,17569561.4536744
2021-09-19,143.20576421907532,1908094591.6479623,14253182.635454508
2021-09-20,139.87303274458424,1864127237.4366248,13124708.438181676
2021-09-21,123.15215878733484,1630752982.145502,29504853.06617149
2021-09-22,105.03314727921104,1402965914.8963149,16313027.782628989
2021-09-23,117.6428844383632,1568940173.5842905,15025527.252823284
2021-09-24,120.56719168810758,1603690571.6272883,20668220.83124614
2021-09-25,116.20932276887496,1569706311.604384,13277027.762088066
2021-09-26,115.50529588822262,1541819513.125399,13790681.308642857
2021-09-27,113.09851024740658,1508531996.386195,12541298.0067025
2021-09-28,107.58457448818164,1428899149.5223813,17831817.87737759
2021-09-29,96.46857090453688,1293012199.1816716,19057321.23379165
2021-09-30,100.61433504618982,1340888994.5005455,14360098.786555666
2021-10-01,106.42024348024069,1422147846.8828433,14453430.59591797
2021-10-02,111.34811762758083,1487278753.918347,13720006.230655069
2021-10-03,115.554920478153,1539400239.1387205,10878458.61591188
2021-10-04,118.7742548025306,1589050415.953449,10330674.202327045
2021-10-05,126.40832124749456,1691727032.42476,12481387.750868017
2021-10-06,125.73744524181777,1681835351.3080196,11050427.257226087
2021-10-07,128.26586561939257,1716019304.3490906,16249800.201955538
2021-10-08,125.74570090373707,1682700585.8686273,9351944.700427417
2021-10-09,126.61705083260692,1696271639.5228736,9651089.642526738
2021-10-10,132.79470128322063,1778085224.0609436,12915967.474197317
2021-10-11,137.02933189402373,1837276602.7776303,13802466.831777675
2021-10-12,130.99808017992368,1753656064.937632,16402394.36731199
2021-10-13,125.98310063388232,1688269889.0732863,13991030.865416504
2021-10-14,125.34539998739272,1679968512.0029786,11556444.262164949
2021-10-15,123.54479675415094,1656109101.116138,9691349.878643572
2021-10-16,120.8548139985074,1624992541.452526,11061010.963808298
2021-10-17,118.56330349960017,1591854255.7724097,9059354.009350404
2021-10-18,117.54118144682336,1574214770.2600932,11616247.608916236
2021-10-19,116.8519280446817,1572991457.2910595,9436525.478029292
2021-10-20,123.8395220549596,1659424988.640953,17255383.4660396
2021-10-21,126.45489389431474,1703395523.6844528,12497001.545267675
2021-10-22,122.70734226104696,1647471776.101787,15302400.520462891
2021-10-23,123.07860466048386,1655253265.7188685,10576972.994165393
2021-10-24,131.6150511748764,1765376976.5001514,11374192.29502268
2021-10-25,122.13354118160017,1645736755.4866111,10391761.268858025
2021-10-26,125.62779330946904,1688032881.8157935,10756972.704275768
2021-10-27,119.48501998695868,1611134081.705116,15639068.930191178
2021-10-28,109.5352937597319,1471448122.1664102,14368991.50222534
2021-10-29,111.23264511569457,1492841487.031252,9531604.743395649
2021-10-30,117.56572532042163,1578230628.6488187,13738251.860441055
2021-10-31,115.969616977265,1577988372.070611,11022267.36292114
2021-11-01,114.82220703325666,1544924067.1298227,11228299.654787987
2021-11-02,111.98476485546657,1505465970.1102314,14048139.113221236
2021-11-03,112.80663321685032,1513863790.9391224,9381554.302751703
2021-11-04,112.11450660215968,1509501005.075147,11654835.144985393
2021-11-05,107.74866279760629,1447337443.0310595,9587166.448767737
2021-11-06,104.433971412266,1406843294.9012887,10356113.188307827
2021-11-07,107.22685155756191,1452168226.4292057,9974512.173234552
2021-11-08,108.34356048241156,1455386452.0099378,7913921.775105365
2021-11-09,108.578679997063,1469902052.768158,9674993.767797165
2021-11-10,107.37890294591466,1447845948.872013,10427258.838132111
2021-11-11,101.91661086231028,1370989162.307964,10293443.086626532
2021-11-12,108.167605061966,1457894623.3855023,9467820.474757409
2021-11-13,112.87959218808096,1520891272.4595127,16139714.92962566
2021-11-14,114.49214800099944,1543599970.648955,11614950.903688535
2021-11-15,119.05718656307096,1600505507.874976,17806313.055873603
2021-11-16,113.56517659812934,1533184747.8212693,15218365.934379475
2021-11-17,108.48292410980294,1465236017.310617,13082407.130954295
2021-11-18,110.60967932642406,1488271849.2514992,8852768.845069792
2021-11-19,107.20396009510864,1448076674.936332,10222671.451250888
2021-11-20,108.09027459598016,1457131619.1890626,7843270.423535982
2021-11-21,111.35802295074078,1503792882.7441518,7126614.563579859
2021-11-22,112.5735261786961,1522791147.388924,8240357.928884602
2021-11-23,107.59476457425936,1454113009.849876,8249433.391696082
2021-11-24,109.7577444007551,1483381282.783835,8266964.556919453
2021-11-25,106.82764036163805,1445105591.385002,8380400.893127576
2021-11-26,108.41166916670826,1468171436.395223,7993634.20243106
2021-11-27,94.0581145894754,1270531742.8403034,18862689.801554624
2021-11-28,101.53894669096476,1371663124.1767488,9720365.03078349
2021-11-29,105.7319770749222,1432048003.5329702,10412619.049553389
2021-11-30,105.6035938729413,1433333943.196775,8715289.156163763
2021-12-01,104.8265813454181,1423611288.581092,6402635.991900613
2021-12-02,105.83148519579709,1433649597.766746,7706290.818050403
2021-12-03,104.83784521655834,1419163731.7968626,8143155.59957172
2021-12-04,106.15104139470046,1438756492.7882707,9825777.85874536
2021-12-05,89.08439320944646,1209357528.723809,13853166.925822187
2021-12-06,97.27195137514263,1347139958.8713982,12367441.197026484
2021-12-07,97.03405862410536,1316070609.604618,16434344.143486151
2021-12-08,94.290630879061,1274943164.8203342,8437320.902930582
2021-12-09,91.43566892294648,1241291858.8465986,10320549.409827525
2021-12-10,81.31734128493706,1108337714.2943206,7273297.234848619
2021-12-11,77.60390518394779,1053481898.8754756,3684238.549533833
2021-12-12,77.45335963952648,1051597606.3675588,3250782.100679974
2021-12-13,76.10220027359225,1033083328.3418698,3812486.724278287
2021-12-14,61.666298599671336,840457675.7767624,9205882.999098783
2021-12-15,63.74061794318473,865251124.6091459,4792312.557512603
2021-12-16,65.59938759624451,890232311.8479718,4506823.2830105405
2021-12-17,67.05940124249031,910606035.8649478,2596781.178341008
2021-12-18,62.30432770077106,845859500.7047539,3962069.645995698
2021-12-19,66.52285934101214,892805498.9732875,2334017.1432396458
2021-12-20,82.87926731682222,1125529127.60641,85090354.38834445
2021-12-21,71.50962643212708,972849933.1204056,33225742.527632773
2021-12-22,71.34785775430761,971853532.6526002,8255597.087796589
2021-12-23,69.93735421878138,951651909.5750144,7027776.629636276
2021-12-24,76.80722272478067,1043771502.955676,10212575.295075543
2021-12-25,75.47438296898294,1027655098.2378803,5593867.246733587
2021-12-26,81.28535031746867,1107534130.436904,4176718.121589032
2021-12-27,80.25533108683878,1093210743.4839194,3983200.017095179
2021-12-28,78.94154737804094,1075572456.016976,4374354.173115602
2021-12-29,72.72325385977152,991320292.3228328,4907232.293065635
2021-12-30,69.13895686642543,939425783.0985042,2864703.7321601897
2021-12-31,72.4535318404456,986712611.4584508,3513441.00624688
2022-01-01,70.02268119047274,954861905.82773,2701815.799929436
2022-01-02,74.79665631581173,1020484733.4264476,3997953.3059366383
2022-01-03,73.89749252034495,1008769753.914298,3447346.474155416
2022-01-04,71.59200409668686,976854516.9831902,1876984.095714838
2022-01-05,70.03075001401254,959737682.2279612,4720403.767464959
2022-01-06,66.84622060540667,914737009.9217986,3400573.4464036566
2022-01-07,64.07384475909242,877874486.8636748,3786824.491040844
2022-01-08,58.81800637161549,803739552.8478229,3577663.360964596
2022-01-09,56.513061000655846,773926017.9860713,3001337.2654988314
2022-01-10,56.66728259630487,773407108.0291047,3730451.872412774
2022-01-11,54.04502278496618,738838051.8233192,3786036.2818134935
2022-01-12,56.810349019665296,777658830.1065534,3090381.9428421347
2022-01-13,62.294163156288654,850527947.3672853,2647908.872956292
2022-01-14,58.174958831419104,796744261.9079227,2761835.94398858
2022-01-15,74.26027091759737,1025506493.769115,44687628.58429217
2022-01-16,70.00491705789588,957676954.1928688,26426818.415381595
2022-01-17,68.3194066384597,937183428.4378912,6886702.099539424
2022-01-18,68.63721828066278,940240731.8779898,7061540.441680241
2022-01-19,66.7601024174551,912738667.2356508,4855772.77591503
2022-01-20,67.67906096903752,926532908.91996,4508690.090349147
2022-01-21,66.14167119359799,906841809.5258492,7654302.263006496
2022-01-22,53.90298316333372,739262312.5324695,6548672.47600846
2022-01-23,54.76630456133297,749946861.102477,7767871.4008431295
2022-01-24,56.45914465807953,774527498.575048,6505545.424148153
2022-01-25,55.05888406905365,756048847.7392551,6002588.36273334
2022-01-26,54.76853751587085,750016725.4226822,4200689.291372192
2022-01-27,60.597024315139166,821291864.5836806,10811954.815494692
2022-01-28,60.25993518012799,825148894.0865349,12299254.54508594
2022-01-29,60.63762937220866,832639076.5398434,2980119.205984854
2022-01-30,63.23888589062012,866672620.8466271,3700325.625789354
2022-01-31,60.56750501719557,831291079.2129918,3021735.6896290504
2022-02-01,63.86856990791295,875738339.3928804,3234312.7191288234
2022-02-02,63.00422734739481,865174340.9789966,2698581.314405295
2022-02-03,62.55476532636959,860396683.5850118,2301781.0984554826
2022-02-04,63.44941786879593,871420459.1194705,2588461.1121247155
2022-02-05,66.55412895406248,911259850.2918355,3478179.7143917778
2022-02-06,67.94750679401555,935458773.5031958,3375866.3397937724
2022-02-07,67.76866646571172,933506044.9529396,3646408.319103927
2022-02-08,70.79445519761767,973073153.9984822,3348818.2088940465
2022-02-09,68.9595507815877,948630957.730126,3792632.495198484
2022-02-10,69.20395298010922,952054729.4195164,4076230.062430012
2022-02-11,67.93981498743385,934866842.7814898,4009199.336849571
2022-02-12,64.9207396156185,892446188.5005543,4356912.721311095
2022-02-13,65.22845723259702,898438893.071704,3812892.337431741
2022-02-14,64.47148029932123,887403870.9046034,4211274.412005384
2022-02-15,68.97284085293694,948915501.0320096,10837519.898484854
2022-02-16,69.71578985896024,958644536.3824904,6303417.676067318
2022-02-17,67.91164068834784,936096008.3335274,2868433.4528827704
2022-02-18,62.08214287495237,855352238.0268008,3869693.3348643943
2022-02-19,58.603742231334536,808700224.8933808,4814737.214478382
2022-02-20,59.34629155275866,816897253.0603426,4622834.830682318
2022-02-21,56.4182134945918,778950565.3653655,2707326.776179373
2022-02-22,51.16103151173335,706554435.6537521,4387639.831376113
2022-02-23,54.88187521767506,755805248.2293072,2898766.4306414053
2022-02-24,54.31304318658583,748439021.671914,1628894.577671629
2022-02-25,52.07252597716162,719466146.9751015,4933077.723926202
2022-02-26,55.85242345691534,770416647.3449317,2750417.1888909354
2022-02-27,57.505446512781134,792496502.8204485,2155877.907917303
2022-02-28,54.81681860939276,757155373.0109823,2664271.235741363
2022-03-01,61.86730939568494,852941696.7735132,3505910.244455364
2022-03-02,62.5942460020626,863317202.4591926,4915092.388585875
2022-03-03,62.48992335909731,862525244.5039346,7006309.817403484
2022-03-04,60.00753673482104,828901249.1098986,5761161.750687894
2022-03-05,56.94526047284884,787490374.2687273,2014552.566703148
2022-03-06,55.53931313867097,767358130.2762012,3083484.911246111
2022-03-07,53.81112409506349,744373872.7290791,2740619.781099514
2022-03-08,53.13775689168223,738911248.617495,2627963.534531824
2022-03-09,52.26086492957584,723810610.6335007,3664034.077064904
2022-03-10,56.16567249733144,776562188.5351633,3393083.615331612
2022-03-11,54.28990072022107,751035036.212495,2616143.096036802
2022-03-12,53.1232013498523,736950432.7571825,3111288.563753399
2022-03-13,53.82371604756691,746223814.3242723,1775135.6923740385
2022-03-14,50.74856582103549,702758787.3973978,1826247.053330114
2022-03-15,51.15369027145652,708431194.7334441,1870941.0163072187
2022-03-16,49.40285230948293,683882452.293809,2060196.10842002
2022-03-17,54.45706330723114,787162796.6569089,27820745.77759682
2022-03-18,53.115263952888576,735950934.11569,8679848.6805023
2022-03-19,53.78329720544593,745594717.5134884,2532650.5426898543
2022-03-20,54.09117999148939,750033224.2249752,6956523.998320569
2022-03-21,56.031185228902125,777408135.3262951,5203747.763489223
2022-03-22,56.87976065376232,789704991.0278896,5762913.125389588
2022-03-23,57.63567351667963,800344521.8049803,3013791.604757529
2022-03-24,59.25553783688224,822299672.8021941,2947299.969544804
2022-03-25,58.56686462895095,811754407.355893,3623208.3922561617
2022-03-26,60.24443598345489,835397241.8991919,3354651.678097068
2022-03-27,61.171417145213056,848988988.9211488,2342055.8280716795
2022-03-28,64.93794336452746,901227752.0259082,4579573.637790501
2022-03-29,64.58515344544901,898430457.2457051,3694836.4112186735
2022-03-30,66.57532457844182,924166862.107582,3201237.019142778
2022-03-31,65.08221486381498,903417720.1647092,3450952.861188137
2022-04-01,62.23656836633506,864962522.5435908,4181764.829398488
2022-04-02,63.62277400741164,883948176.1834068,3616651.1561647686
2022-04-03,64.48824151924491,897652311.3541719,2869603.7466038484
2022-04-04,65.3048822112234,907508865.7494292,2823456.604273761
2022-04-05,64.2465977502163,891797080.3062259,3726095.298272312
2022-04-06,62.42395849760269,872125648.8267193,2275290.091041957
2022-04-07,58.835481380220834,818363895.3652669,2541271.10093248
2022-04-08,58.42370906385203,813320147.2043432,2696937.8371590786
2022-04-09,56.91540035350429,791686883.9806559,1773147.6845189712
2022-04-10,58.3693492033597,813428744.4643271,1943419.585057408
2022-04-11,58.864064710199074,820371218.0191811,2475530.6285592937
2022-04-12,53.19950485832643,743218577.0233319,3932395.6620142944
2022-04-13,55.573381900726254,769519547.4463787,2880435.831390229
2022-04-14,56.64912314959143,789434921.4618638,3064515.254418922
2022-04-15,54.491556287394495,758504348.0876106,1877699.0501865952
2022-04-16,56.23175341465665,783433487.2939543,3261414.9688345096
2022-04-17,56.71576598700244,790858424.3924819,2705173.9678568607
2022-04-18,60.39565174218181,843640264.5232357,5800402.050481099
2022-04-19,63.85752879974719,890568914.751128,98356854.42759234
2022-04-20,63.3734386800094,883874493.8544996,20054936.40265433
2022-04-21,61.47604857239806,858524267.3676251,10218358.603679482
2022-04-22,67.44726533509836,943366342.2175837,34218359.657813326
2022-04-23,64.16814201073298,895953021.220505,24642871.604424827
2022-04-24,63.0771778931794,880557414.1619438,5853321.431861565
2022-04-25,62.6921183037706,877022810.1903385,11342917.688728174
2022-04-26,62.228134156372086,867860303.8023406,6830757.437080808
2022-04-27,58.90044423697658,822737818.9177456,5335135.457123048
2022-04-28,59.26429572351454,826825896.211299,4046910.801533856
2022-04-29,59.14077002590991,826385437.1527187,3700283.125778189
2022-04-30,57.44258993543613,803651717.0149578,6472308.171943385
2022-05-01,55.44085397671603,774148816.8634079,3781136.364635273
2022-05-02,57.47852172103649,801462269.0042341,3149400.8778212946
2022-05-03,55.9078829238865,781887156.6913023,2815955.0223740125
2022-05-04,55.08331116461498,771435654.7232741,4342949.696006335
2022-05-05,57.95718821635757,811172320.457921,3690534.382395697
2022-05-06,51.892733757780526,726775141.5906628,5205888.130755357
2022-05-07,51.78040732969943,721081729.8640606,2587228.645274943
2022-05-08,51.1634952225968,718918114.704858,5972727.610144417
2022-05-09,49.15201918806297,686806722.2677382,2051543.3570551807
2022-05-10,42.0493893271421,588867225.3859923,3748031.488366452
2022-05-11,41.446485338516,579629613.1952481,2220231.5599425314
2022-05-12,33.62721075788037,448163965.05929047,4859742.936924194
2022-05-13,31.56350935621876,444296997.94376224,5167118.151565278
2022-05-14,33.23379275610011,468133553.356083,2755492.030953777
2022-05-15,33.9183834898082,473222892.3385957,1648621.7440311578
2022-05-16,39.70253736133739,556642570.5116315,7517729.874246172
2022-05-17,38.30319635871029,537955050.6595842,5092959.18604244
2022-05-18,38.5736087631073,540831663.1280612,2137169.561176955
2022-05-19,36.57616992578075,513695773.7133731,4450196.9261782775
2022-05-20,39.152337592924034,549360113.2781066,4508197.113198943
2022-05-21,37.73549363240407,528225210.7493596,3676742.947410401
2022-05-22,37.27498909529477,523209722.8281403,1288694.8728669407
2022-05-23,38.44769631767601,539473610.7531775,794053.2048595398
2022-05-24,36.77661044299604,516415057.79653513,1199254.2914960778
2022-05-25,37.27165296326489,523482539.10095865,1451160.3854772558
2022-05-26,35.72913821158307,502171307.4196232,3051992.6265776907
2022-05-27,35.900207284613124,503998266.4968112,2496278.779701855
2022-05-28,34.50581305481603,482695233.8909503,1582487.359889531
2022-05-29,34.198965984791606,481109136.4551542,1228054.388788334
2022-05-30,35.17280226118273,493120830.00316674,2677576.679679724
2022-05-31,37.65635787414475,529155233.2892509,1606996.855696129
2022-06-01,36.43161344024625,512383412.3581357,1863538.409036615
2022-06-02,35.3309738644987,498004387.283165,1109317.881455618
2022-06-03,35.9119466010715,506776809.5559068,1026355.3295396524
2022-06-04,34.545789114194456,485789559.41045135,1475972.2797458095
2022-06-05,34.78141258107927,490686779.7001921,732923.9940073768
2022-06-06,34.65329558927459,489355573.2845867,765514.8275455746
2022-06-07,34.96131504452356,492279250.95315176,1127435.402350975
2022-06-08,36.5812907729121,515190188.3525816,11806845.62628118
2022-06-09,34.03313283842125,479404507.9860895,1646466.7868737304
2022-06-10,33.8118158205573,476509915.4065639,6035350.8304522205
2022-06-11,31.768909824274097,449020018.3711351,1101080.4269553712
2022-06-12,30.23402243323128,424019741.7781451,1330187.6185190156
2022-06-13,29.42613066553044,424824137.3924216,1472996.216881173
2022-06-14,25.08221442690556,352783729.20486414,2271581.731356192
2022-06-15,25.514164171327483,358982962.8846579,1559709.8443539618
2022-06-16,25.628568582494157,361229777.2017901,1306828.0261586388
2022-06-17,22.607632056500645,318442426.4721327,1121975.9984232492
2022-06-18,22.949769639288245,324360638.9271825,1077216.118819818
2022-06-19,21.33825894858716,300665885.6062596,1032084.770806829
2022-06-20,23.035302854682115,324649150.7451167,1319748.1096204286
2022-06-21,23.10066224427297,325996356.0906123,1168844.111726294
2022-06-22,23.426929316386463,330539853.6722314,916645.8026371208
2022-06-23,23.05750529850646,325847227.1347184,967298.4589434052
2022-06-24,24.02339182756739,339690749.32694215,2252516.8446095185
2022-06-25,24.87976157091934,352705680.35934865,1236440.6997012289
2022-06-26,25.810521824425184,363660725.4602472,1304989.9529065192
2022-06-27,25.60735819962627,363196152.8512988,1557172.6402521587
2022-06-28,24.95965726867109,352976875.64529806,855656.7189316542
2022-06-29,23.419951137171065,331450460.95381886,792913.194476535
2022-06-30,22.775575561221704,322474045.8045519,907339.8479490188
2022-07-01,22.26854460036867,311070654.212358,977087.9019973596
2022-07-02,22.209884087545767,317413755.754101,1094684.0875742857
2022-07-03,22.47697591852619,318138767.30969536,1105523.3946473794
2022-07-04,22.64100112776349,320744925.81675786,1008299.341713312
2022-07-05,23.33288661154716,330307134.05398446,855116.5462699193
2022-07-06,21.959565863456557,311435671.9677279,1278245.785984428
2022-07-07,22.10992082099876,313760646.31058484,885036.9050481432
2022-07-08,22.981253816064964,325801759.8296677,2462044.724003049
2022-07-09,23.40643801817477,333200008.8639431,1576877.9341671604
2022-07-10,22.95877898467533,325233928.4443985,1159887.446034537
2022-07-11,23.11704576858681,327935067.9721055,1100858.2405248706
2022-07-12,21.74119033636508,308258976.4423842,1044597.4978609736
2022-07-13,21.037106042492887,298425003.2081045,802672.2287276955
2022-07-14,23.317913512771867,331247992.56966645,15966573.720918778
2022-07-15,22.547112178396475,319731713.34832954,3051396.282938736
2022-07-16,22.68045527705696,320890292.4247485,1273833.7057396215
2022-07-17,23.43852722875465,332789487.22827166,1246525.3197335687
2022-07-18,24.22671579195382,344405436.99787265,1615442.071814614
2022-07-19,24.98620844948641,354963760.2927382,2812689.6771603324
2022-07-20,25.420935443629723,361675625.4166658,2071686.845042404
2022-07-21,24.48908469567849,347702893.99293464,1661436.99566865
2022-07-22,25.051977896446896,356856024.05327547,1587080.2576274725
2022-07-23,24.481214950408063,347904106.84297127,864913.9784733388
2022-07-24,24.794495585958625,352641807.052344,901488.5831031072
2022-07-25,25.400343472019607,362113866.7699277,1160799.37388103
2022-07-26,24.14247459967697,343749080.3860559,1079301.9848506371
2022-07-27,23.65331665704268,335905409.6703081,1228237.2564374467
2022-07-28,25.45726773090564,359804360.5015601,887638.7063141448
2022-07-29,26.31101845976884,373969304.4126295,1531854.3653612994
2022-07-30,28.15403462741912,402985310.3110837,1900786.2718306931
2022-07-31,27.282416181490163,386545813.70094526,1240337.2398112572
2022-08-01,27.374130944085877,390942544.4009033,1232050.8323015557
2022-08-02,27.39633612413005,389286498.7884423,1481435.0800463024
2022-08-03,27.105368027706703,385590061.357972,1083616.694362617
2022-08-04,26.428341671784302,375697953.66200817,1131285.9136359794
2022-08-05,26.75943789096305,381039207.9524544,821376.7455711454
2022-08-06,54.58472818812375,777576018.4694974,126989517.11111814
2022-08-07,40.84606743656496,580846419.6901867,92745251.10405356
2022-08-08,39.530115171948566,563332991.5024918,16352400.247726588
2022-08-09,37.39721124991736,533480298.1176528,11208734.515470888
2022-08-10,35.18909803044081,501721250.0280479,7945370.043193535
2022-08-11,36.05921490567659,515259919.4330081,15877693.916272838
2022-08-12,34.94987227611229,499035854.7828015,5048365.460420596
2022-08-13,35.474729570377875,505810861.579783,2897479.573481597
2022-08-14,35.84977463841809,511630618.8706721,5474061.798060298
2022-08-15,33.901597440869025,484479013.8733975,2913150.788298344
2022-08-16,32.56371207258355,464627077.797227,2347679.611278165
2022-08-17,33.14582755930343,469904566.7609255,2671790.866693859
2022-08-18,32.18976742887815,459560552.35756737,10531718.538221585
2022-08-19,30.687427954733728,439035113.0986771,2998247.809850271
2022-08-20,27.74869109516454,396525734.0834902,3376928.2343506645
2022-08-21,28.4002191978918,405546054.7923222,3332426.968160931
2022-08-22,29.62912852923418,423228646.2171356,3564806.1091743107
2022-08-23,28.533047173687464,406953577.6978906,1570293.2969303518
2022-08-24,28.992904857138708,414395315.38559777,1482178.1177347277
2022-08-25,31.76758788939052,459268939.8014979,13696329.375473889
2022-08-26,33.62094468174239,483073016.8180056,29901829.290553357
2022-08-27,29.064713317983745,415375991.1075651,5456999.013408646
2022-08-28,28.110585863169327,401741663.4212954,2105380.831580052
2022-08-29,27.711293441736352,396320716.7489742,1954943.7358106887
2022-08-30,28.675511363640883,409659787.0091032,2030536.820579253
2022-08-31,28.167023882935187,403321057.6636261,1577278.490741256
2022-09-01,28.259881335333848,404677701.7813367,1152837.6405360268
2022-09-02,29.621925898144397,424488397.0092589,10444269.64374004
2022-09-03,30.27915208094528,433622192.8903374,8849673.160445293
2022-09-04,30.484999786362504,437071304.6905128,1659691.7946225551
2022-09-05,30.570695165747715,437667509.9514726,1258846.7292149705
2022-09-06,29.286579058184486,418936437.5910259,1240308.798015583
2022-09-07,28.14493470827703,403322184.66903245,2222428.087516645
2022-09-08,28.90611954782379,414194221.0290753,1169757.4933706473
2022-09-09,28.66633431233255,411428634.6713252,4124631.165254317
2022-09-10,29.95306367888564,429357426.81189007,2800972.091661645
2022-09-11,30.090699866929256,431423822.9497988,1826223.9181467409
2022-09-12,29.910853896569247,428905346.7296732,1323776.9227478432
2022-09-13,28.97921964455007,415533114.5784602,2364119.606804075
2022-09-14,27.81491900175954,398713158.6267028,2611746.396359899
2022-09-15,27.804366562530667,398316797.42426527,1656073.365563054
2022-09-16,26.20322848603062,376780637.8530551,1776493.1204439115
2022-09-17,25.680842430817485,368469257.8764096,1775872.8091825822
2022-09-18,26.80869938480794,384891418.5842689,1951506.0436949232
2022-09-19,24.69682861118879,354680286.7624246,2663644.609071108
2022-09-20,24.74995821274858,354805524.8975061,1655270.1017761058
2022-09-21,23.975801765800743,344992299.0561489,1595572.033966145
2022-09-22,23.7496290079981,340472583.94135296,2067806.9662602248
2022-09-23,26.358032766190743,378556816.44479305,19327695.297321603
2022-09-24,25.15174779651232,361289622.8134755,4079443.806567639
2022-09-25,24.36665768801539,350255225.6066652,1611400.686086852
2022-09-26,24.548876365438623,353392179.17707825,1170296.9164285352
2022-09-27,24.606972487419792,353884809.5382404,1205457.3008375638
2022-09-28,24.74248334741097,355397663.891185,2109670.7890047044
2022-09-29,24.980257391662416,359504876.879165,6101841.080869079
2022-09-30,25.6658181974622,369683319.4308509,6238972.90242491
2022-10-01,25.15848213378652,362670895.9683957,2298336.036018343
2022-10-02,25.58214786698567,367946178.8523193,3020647.934580515
2022-10-03,25.84124320529744,369999818.9129022,2883449.168358284
2022-10-04,26.063720368734216,375215080.03478026,1511660.6316477116
2022-10-05,26.529487156079227,382073217.1319508,2104269.4053276437
2022-10-06,26.33384082828059,379241410.0095531,3071835.006883066
2022-10-07,26.413150187605005,380436932.81892914,1533533.6530182268
2022-10-08,25.781284712544775,371583764.2678478,1593286.7339090223
2022-10-09,25.77396321802632,372069233.873228,935265.1622636598
2022-10-10,26.31807471677204,378585453.072977,1421216.8823180571
2022-10-11,25.29826911589552,364720008.2533407,1129241.8316299908
2022-10-12,24.88050312684288,359786263.5174855,1647219.581477159
2022-10-13,24.80441090655799,357595042.11561847,1039624.700757254
2022-10-14,25.20753049185868,363591984.9870962,2510286.015766004
2022-10-15,24.650980158388872,355396441.2066932,941707.8356943594
2022-10-16,25.372470668583077,366112821.660645,4029428.432065071
2022-10-17,26.26339664215763,378748494.79721713,3835354.403821045
2022-10-18,27.00569449173237,389837758.7385858,6933609.272756216
2022-10-19,26.085620618130832,376611306.74784017,1145872.864467442
2022-10-20,25.69756399114557,371463150.07251465,780421.2846912715
2022-10-21,25.424266305095045,367245938.82499385,817903.088925718
2022-10-22,26.7658097483221,386724562.85697937,1490664.2115417302
2022-10-23,26.187141756456235,378263798.2829298,4742521.299868804
2022-10-24,26.587361189001143,383903462.20785314,2317828.65207913
2022-10-25,26.213582918629346,378840004.28875047,1103342.3486201272
2022-10-26,27.1232142676976,391753492.0804343,1126820.143249614
2022-10-27,27.276915383912417,394009712.7518281,937747.3393112054
2022-10-28,27.271685695617897,394728017.7208834,1054862.8001380484
2022-10-29,28.750370428744077,415948444.377094,1725094.9835052034
2022-10-30,27.681107961993884,400212701.6584995,1687465.3733644465
2022-10-31,27.51327204392752,398091431.28148687,867561.641291424
2022-11-01,27.21306290911045,393601660.95514095,722785.5530993502
2022-11-02,27.15180852160242,393257400.3212832,28400825.763582997
2022-11-03,26.600752017750928,387387028.7347693,28230696.27338338
2022-11-04,27.0814977255824,387182868.7198987,29140162.604521677
2022-11-05,28.2355199946596,408570619.3310071,1365490.1220960876
2022-11-06,28.069009972673403,406709217.0831577,30167896.78316034
2022-11-07,27.604091363488408,397575416.2304744,29560543.2322675
2022-11-08,27.05210546422124,392642191.5096385,28108293.78753649
2022-11-09,23.31652883589867,338340400.72158706,3740788.295366633
2022-11-10,19.13105721004155,277123529.49916,3190741.7677242123
2022-11-11,21.98222767387408,318409272.93674767,2752167.5381051893
2022-11-12,20.97597365548484,303420333.92260927,833876.5447532363
2022-11-13,20.14594103734971,292090200.92521983,837432.2587036042
2022-11-14,19.765001714229445,286430685.1119251,664765.6880999305
2022-11-15,19.84899328728268,288030160.20145345,745286.507381638
2022-11-16,19.512934467770187,282993263.8281255,1329529.1377278927
2022-11-17,20.386656904279526,295415636.0176649,3543318.0434037647
2022-11-18,19.559004947289708,284251867.6376249,1130299.846225683
2022-11-19,19.53040098957724,283409215.7270593,617765.833207878
2022-11-20,19.559107258089465,283612415.18412185,806380.0200138943
2022-11-21,18.91520407654644,274917159.6351639,785629.1528731645
2022-11-22,18.54777537980036,270026006.9171651,820780.7789880759
2022-11-23,19.59922917076965,285359457.8549485,775233.3230790516
2022-11-24,21.21192932230389,308284899.85158247,3400174.046956205
2022-11-25,20.33742974572087,295682964.03590363,1834761.984442732
2022-11-26,19.90803101596308,289223590.20812845,470694.1568078014
2022-11-27,20.42817803375471,296972835.0788502,1020311.904300165
2022-11-28,19.861450895190444,288287154.1816048,1112343.7114062055
2022-11-29,19.428220397549136,282581497.63113475,844668.9600910677
2022-11-30,19.93373427502593,289689702.2426055,6119069.091230395
2022-12-01,20.65467209158297,300349124.28739786,1821299.110028576
2022-12-02,21.05411497452165,306327451.9140268,1890263.920414196
2022-12-03,21.94212495783053,319421697.6373292,4328188.092620971
2022-12-04,20.901815803291857,305962159.63458365,942372.3113847572
2022-12-05,21.509130345658704,313297531.5158218,736269.4862908946
2022-12-06,21.506575676709375,313232795.0389627,2479163.5590232145
2022-12-07,21.35095222133913,310066952.7436993,952801.0166723354
2022-12-08,20.41341465133372,299231660.6068902,659465.2257921433
2022-12-09,20.98901416690112,305510587.8774542,587265.0600033802
2022-12-10,21.169732699229176,308481648.9871765,976772.3003953348
2022-12-11,21.56282086066788,313805825.2957683,2525601.1823330773
2022-12-12,21.194905748278124,309185182.285208,1312571.7219634338
2022-12-13,21.046898528017245,306243433.75485337,939306.7154619658
2022-12-14,20.96568548936745,306016729.3121624,1163160.9503302674
2022-12-15,21.04858236760821,306900446.0255169,858544.0943034498
2022-12-16,21.710684888615745,316597702.759367,3362608.793696504
2022-12-17,19.57142446198909,284785790.417664,2531860.592122803
2022-12-18,19.753693566871068,287929607.8417292,861268.8245128065
2022-12-19,19.66712008538248,286872571.2496464,765513.943569934
2022-12-20,18.666208657246187,271642055.9013567,1000647.1174493128
2022-12-21,19.56990712321089,285861084.69680315,617118.2682109164
2022-12-22,19.62739956360229,286595069.2759106,2013032.4689467736
2022-12-23,19.50261748411316,284273735.2931358,552097.6998610462
2022-12-24,19.37898801884169,282403194.77114147,664912.7009562454
2022-12-25,19.353613126101816,282607878.2938389,655271.6504487143
2022-12-26,19.38618972593224,283277094.2532589,529783.9564538912
2022-12-27,19.363815647425803,283123344.5453685,462451.617864639
2022-12-28,19.34323979784303,282651411.79488635,487102.3799308744
2022-12-29,18.689203748838835,273254870.47041863,629192.2560109153
2022-12-30,18.80489935352239,274759391.3153082,596588.3230654334
2022-12-31,18.445390210616324,269934881.05847526,400921.72927269264
2023-01-01,18.46310122935538,269833437.56442606,516929.6090908615
2023-01-02,18.495920573471636,270595865.40535885,351273.09685773845
2023-01-03,19.0060907517302,278702446.31313163,626206.44671267
2023-01-04,18.610218151172404,272401025.9952504,474388.7658223272
2023-01-05,18.773753166077704,274501453.53937817,532445.2594911206
2023-01-06,18.63060668350568,272689677.3950181,524164.26462770446
2023-01-07,18.598219659444503,272814012.1205366,753140.916853455
2023-01-08,18.602648115825527,272478963.1420304,507941.7634766975
2023-01-09,18.9415828028597,277246158.18384314,661817.1285207332
2023-01-10,19.591456755055884,286136885.18234897,2047062.2007505735
2023-01-11,19.543205677509626,286016965.27378446,714983.8604239661
2023-01-12,19.825202009702476,290648418.89894325,783809.0741488269
2023-01-13,20.18917273735312,295797536.1146084,2147378.0525835208
2023-01-14,20.82004332340321,305232184.353048,1716141.191095139
2023-01-15,21.90206502097666,320838979.98382664,2152647.54450467
2023-01-16,21.583179212293945,316493730.77322626,1267008.5543399286
2023-01-17,22.00037952152701,322298156.01921904,2113097.7510376875
2023-01-18,22.01504105581463,322930326.6700072,790302.8193201328
2023-01-19,20.69042449935425,304310087.9949503,1181858.3218268603
2023-01-20,21.194614146619923,310656442.6042939,565257.5448852236
2023-01-21,23.83753707616061,349725832.92443085,2466381.795523541
2023-01-22,22.76458366960675,333704621.66535026,2035566.50231879
2023-01-23,23.00547481404684,337249991.5983774,936526.2525277868
2023-01-24,23.78570761715819,348087511.6242141,2163064.4703642307
2023-01-25,23.191254024520635,340904708.89196163,1666093.8780268915
2023-01-26,23.908880181887497,350547339.2690049,1436403.3836203774
2023-01-27,23.60148730036773,346912143.5363646,1763854.4765381138
2023-01-28,23.60331804095391,346566092.3877762,951763.5422042704
2023-01-29,23.80239865587404,350107047.03824884,1539984.8486694032
2023-01-30,23.89802663554281,350862373.6687028,1837178.6756603692
2023-01-31,22.417177968592863,329123554.21038586,1587548.3155797028
2023-02-01,22.800598256237823,335194851.5139584,867104.2523721732
2023-02-02,23.52393827699394,345529611.6143486,1487171.8832943614
2023-02-03,22.97088691074696,338907553.61799634,1788516.5749077252
2023-02-04,23.025482773826724,338510970.50885487,1387694.722240752
2023-02-05,23.83751400555401,351228158.5601223,2013513.029199334
2023-02-06,23.36396464665703,344114205.02697426,1059964.782254205
2023-02-07,22.89563690465799,336744712.8110958,891971.6027560394
2023-02-08,24.498452347733213,359788029.2081096,1712246.013646226
2023-02-09,23.74778032274451,349588716.1721431,1933176.3271838129
2023-02-10,23.84905550570117,350681700.2043674,8596681.290211791
2023-02-11,23.64490661799341,348245250.54884344,2838798.0182722323
2023-02-12,23.61579764784376,347744776.11106485,1270677.5986430172
2023-02-13,22.915300191693607,338797141.3057991,1359243.7152345353
2023-02-14,22.45473160185056,330809010.50607365,1355895.7529364557
2023-02-15,23.05771305111853,339945581.02939606,1196858.478178851
2023-02-16,24.34426189116077,358612084.13569283,1682801.792896886
2023-02-17,23.34613034747804,343670150.5762677,3332280.471611188
2023-02-18,24.79817369172138,366472956.3034716,2079113.563911551
2023-02-19,25.198364103158337,371563017.2526529,2056719.7062667848
2023-02-20,25.73442640787465,379323745.7918535,5845266.085302308
2023-02-21,27.095408212855517,401887743.0319038,5569639.2747598
2023-02-22,25.50632486149138,375678367.1129977,2949239.57566227
2023-02-23,25.071129449125117,371143713.690484,1931141.3787582032
2023-02-24,25.820253178789944,379487320.169416,4025464.568051772
2023-02-25,24.303025486489723,359152852.99988,1650635.77041896
2023-02-26,23.53447248300809,347491342.05456686,1216023.6704064673
2023-02-27,24.16304293131847,356946583.50811905,757658.6501164936
2023-02-28,24.31510456736312,358893669.573992,1609504.925167878
2023-03-01,23.529062424050363,346969758.4873369,1021927.304562962
2023-03-02,23.812878486902395,351933902.84222174,1320787.4709508915
2023-03-03,23.59055581032531,348380985.595174,1091151.4876184354
2023-03-04,22.473441814010695,331756411.4710986,1127512.081966935
2023-03-05,21.81949206394846,322456215.91230524,787654.9325980548
2023-03-06,21.497182953154635,317873751.29310226,1039159.8545296064
2023-03-07,21.68499813735505,320497196.9265111,818699.646872647
2023-03-08,21.18019845556358,312529499.0413462,795530.988337365
2023-03-09,20.150137305679905,298701860.9363126,958584.8968681946
2023-03-10,18.890025249682584,278473147.20310056,1754495.802634922
2023-03-11,18.656471392348728,276858061.3490018,2128520.181729394
2023-03-12,18.0773350088594,267510166.35026744,1500483.4873601212
2023-03-13,19.55899953002044,288456815.49373174,1511499.066366211
2023-03-14,20.28846656758406,300286878.20175785,1503560.1433909957
2023-03-15,20.01175256974891,296056000.1932498,4354086.728019627
2023-03-16,18.5061033728292,274084824.78721666,2035091.7989039589
2023-03-17,20.34153497612388,300918756.76898044,2660715.055969927
2023-03-18,21.55139393106378,318533316.91095483,2490226.074679682
2023-03-19,20.9037346912559,309708342.57096326,2073833.6578201624
2023-03-20,21.091847640560207,314120885.20431817,1799939.7764320977
2023-03-21,20.06583650375035,296634986.2805158,1823356.881914233
2023-03-22,20.275072226048096,300315701.2655233,1290192.6700050586
2023-03-23,19.40817418706009,287475105.0653866,1070109.370339102
2023-03-24,22.01428428582028,326199800.01732355,13560380.960828478
2023-03-25,21.034756181980807,313531318.2881189,8114590.78094328
2023-03-26,21.39395052963557,317198912.39214146,2753875.8108783728
2023-03-27,21.283477851693256,316120003.0690138,893787.881835664
2023-03-28,20.151450410195643,298789684.6022563,1128315.9369302818
2023-03-29,20.78572694945951,308149905.2298154,832291.5610338794
2023-03-30,21.355190318595483,317273928.2739939,956552.7951798496
2023-03-31,20.33158979220177,301629802.348152,941509.198746438
2023-04-01,20.39030956960593,303798994.01183367,1709299.600994878
2023-04-02,20.066637398878058,298667375.3634727,1234726.6749535266
2023-04-03,20.894946110985657,310460546.01733124,17016778.366813224
2023-04-04,20.153721485264267,299489223.013338,5255944.427162287
2023-04-05,20.53641201975425,303547539.0320743,1781949.4184814617
2023-04-06,21.072131878266013,312707842.88973856,6574186.903705473
2023-04-07,20.62675229602196,306819434.0859923,2296322.248398239
2023-04-08,20.764728376263687,308860241.6399694,3442571.552534633
2023-04-09,20.84051705551423,309570110.4801748,2670961.469472142
2023-04-10,21.1372205091318,314602976.2498888,1783461.7304180388
2023-04-11,21.27625034151239,317679605.816662,5269321.068144442
2023-04-12,21.151855356546907,314388300.0456774,2483159.3819424883
2023-04-13,20.88197200780285,310583105.7661662,1671478.21389139
2023-04-14,21.468201668614288,319109274.69133705,2584808.280452614
2023-04-15,21.434229857797277,318779046.26108444,1937241.6513058692
2023-04-16,21.6731079043682,322704757.0058927,2252902.4399921563
2023-04-17,21.79209903894084,324133867.7375415,1897635.736179362
2023-04-18,21.445699622947505,319611657.83088005,1714465.6658348446
2023-04-19,21.87611364481828,325558003.5204983,1449871.9928358102
2023-04-20,20.10412791340569,299489408.91479814,2035301.1286317676
2023-04-21,19.427608522288377,289149365.205186,1964342.7924325129
2023-04-22,18.514366509164965,276121107.33056366,1190543.708375589
2023-04-23,19.724725511445588,291304669.1598453,1351635.222104016
2023-04-24,18.88078578512666,280873011.78755885,3218533.910315812
2023-04-25,18.85782382458136,280934697.7954988,795863.0832129937
2023-04-26,18.9685312858976,283172401.51435816,782465.8366067628
2023-04-27,18.739691651515777,279432592.63482416,1529934.513964121
2023-04-28,19.037954232036306,283813076.0762359,1631381.0655972245
2023-04-29,18.76954633351632,279643312.2891131,982828.6935627174
2023-04-30,18.76796267164847,280318978.7139651,879168.3861939056
2023-05-01,18.233784074775805,272094089.72153926,1583544.2863285558
2023-05-02,17.62179342036616,262608801.91094437,1120874.81524516
2023-05-03,17.916112424089967,267160519.5813985,774248.944779615
2023-05-04,17.514043567758755,262177958.3250332,1424961.948144572
2023-05-05,18.98084051446864,284371348.80855703,9430778.38827482
2023-05-06,18.29779704804865,273138338.7494981,5913434.996678488
2023-05-07,17.575106539425185,263003512.7681796,1216094.1960281432
2023-05-08,17.995044733433282,268770989.35928404,1914521.46936876
2023-05-09,16.408626391555554,244953838.93719217,1645994.9747440298
2023-05-10,17.156497215438563,256201012.0141862,983124.182617849
2023-05-11,17.056953279182935,254790347.70678863,1182255.6720162774
2023-05-12,18.46719268056141,275492872.52411944,5047297.7693245
2023-05-13,17.368770123836143,259565375.5696273,8479897.220001219
2023-05-14,17.23426279559999,258340818.4663087,1511338.889585696
2023-05-15,17.360098084796405,259431736.37795383,734260.9171786815
2023-05-16,17.53888012256614,262109012.2021329,819366.4703833599
2023-05-17,17.50038753206379,261688864.38789207,612808.061604943
2023-05-18,17.561838682158847,262772069.6857104,602347.8334720212
2023-05-19,17.123251229132357,256446388.52020517,512451.9089520095
2023-05-20,16.86098435608997,252538852.17109257,393629.1686362962
2023-05-21,17.083559545084366,255649850.37263423,394113.0631106901
2023-05-22,16.611887193222366,248537691.9668978,317302.3381392847
2023-05-23,16.60160035761846,248590534.30427116,552836.0484597897
2023-05-24,16.796576617946467,251612769.3524139,882632.1168104247
2023-05-25,16.455119259445812,246557252.1375238,860382.7715186051
2023-05-26,16.472852124806078,246676856.66777653,246359.7756728084
2023-05-27,16.553048178211952,247990929.49322036,247617.96814116676
2023-05-28,16.420892215798354,245904586.5902039,211655.56381004848
2023-05-29,16.822008013396676,252263104.18042225,400573.9836628957
2023-05-30,16.621431273044102,248905694.55080527,351461.9803348166
2023-05-31,16.603961407985164,248799534.4170316,443732.4912586535
2023-06-01,15.832700681118654,236923931.8570045,1273046.6897459098
2023-06-02,15.512668160653284,232691527.9790433,884123.0453117434
2023-06-03,15.60757035157684,233969906.25594392,700304.7189766838
2023-06-04,15.483937872434442,232178570.6025131,758532.1502160603
2023-06-05,15.475718741494765,232131683.5789714,532262.8315620493
2023-06-06,14.124491714818047,211843315.39553928,831459.497320869
2023-06-07,14.009318902308271,210338457.1115437,1198903.7431128777
2023-06-08,13.304060364476475,199600093.9698846,773835.1485431435
2023-06-09,13.615795889256344,204426879.3582381,1279669.549190657
2023-06-10,14.762447643965263,221176133.429637,7583968.302123516
2023-06-11,12.958348488493588,194449309.75305116,3907015.1477149455
2023-06-12,12.404979536770444,186068649.78685892,758408.6126888625
2023-06-13,12.403612997985489,186174713.7862837,598171.6351768019
2023-06-14,12.383492695493624,185886950.36051548,485178.7583923563
2023-06-15,14.698157043193891,219211220.52431703,21168310.71371372
2023-06-16,14.100902543580151,211817092.35814,9820449.352250297
2023-06-17,14.029598948987005,214287763.36150435,2127101.2839100817
2023-06-18,13.818827479072056,211812908.2686025,1012221.38968841
2023-06-19,13.6913951102779,209077576.72753155,1085723.391521423
2023-06-20,13.706141792716537,209416396.6039968,719397.6752413042
2023-06-21,14.078181387724834,214099503.92874756,1277179.7412975302
2023-06-22,14.368623579115416,219470753.00555396,1677883.0797340237
2023-06-23,14.1771193044107,216571767.3720808,939336.8462899048
2023-06-24,14.28010416408121,218434310.6157817,849170.5184633194
2023-06-25,14.575365138575153,222301420.99192595,733347.592016041
2023-06-26,14.344837917303131,219269764.5167489,1543586.7775200133
2023-06-27,14.131675842386922,215820537.65264755,572369.4734921086
2023-06-28,14.641272521380683,223853545.52338365,4329782.283109014
2023-06-29,14.824261474396614,226871537.01728645,2208050.099600036
2023-06-30,15.859988711265208,242853515.8639241,3032382.62009984
2023-07-01,15.814377833605834,241896144.0695843,1182586.29586649
2023-07-02,15.698593720972273,239870205.87636635,367229.59677891847
2023-07-03,15.691966929944154,240336255.8179569,595015.1121812701
2023-07-04,16.87966057321817,257680744.61161333,2052665.7912423515
2023-07-05,17.922607352856904,274857676.77079004,3893290.571112361
2023-07-06,16.740014182013564,256603058.9356804,4377087.841295172
2023-07-07,15.91311735863028,244443994.40257967,892262.5787115793
2023-07-08,16.654615892408376,255137994.400818,689560.9834432125
2023-07-09,16.12082261190958,246920632.30409145,399932.3111712582
2023-07-10,16.02195217941948,245595852.54616365,312389.766676585
2023-07-11,15.500009806820128,237515524.511195,757171.1468323389
2023-07-12,15.387559272259312,236107508.87119088,460231.00845759903
2023-07-13,15.279462237878604,234156829.1953189,504702.4558260621
2023-07-14,15.652600136006908,239903707.49245536,8851084.701025568
2023-07-15,15.527304499672804,237869523.83926985,1106804.0633397975
2023-07-16,15.473303681880193,237163133.9307336,424515.5392010975
2023-07-17,14.772298008365954,226226356.21166453,878344.5418602156
2023-07-18,14.89910166219646,228578152.216187,519798.6331794538
2023-07-19,14.566627410145635,223447120.42056924,386352.4037073819
2023-07-20,14.838795162203803,227728619.43141863,386658.1353359302
2023-07-21,14.86226383229373,228252673.69800788,298804.70377981925
2023-07-22,14.899303573013144,228588114.0582107,253742.50468918905
2023-07-23,14.806298815143728,227320483.8699564,3015547.162794885
2023-07-24,14.806055249707835,227743122.63040403,506384.4942788502
2023-07-25,13.816887867305084,212156114.85182607,807017.7478157121
2023-07-26,14.552551609968798,223464737.7088927,849115.3799895371
2023-07-27,14.607267451625932,224489945.16027763,361126.9608780066
2023-07-28,14.65634133821344,225189937.85821357,300770.63848676166
2023-07-29,14.654370137259932,225207172.65243632,443911.9332830996
2023-07-30,14.62905766288722,224917758.406777,244989.73826953705
2023-07-31,15.019864024197307,231081006.9693764,2567107.160445104
2023-08-01,14.712505486939136,227193467.65078303,2952430.685797045
2023-08-02,14.446738916750048,221634151.2738032,839340.9314238003
2023-08-03,14.133455626003611,217477274.45655575,660787.4879353659
2023-08-04,14.69719090775039,224682187.7981884,1992569.4231419456
2023-08-05,14.390258568300194,221258656.38520703,686584.9510096961
2023-08-06,14.453147611325091,222409067.34868693,286381.58354903274
2023-08-07,14.60419480495334,224666935.961904,376756.5697787091
2023-08-08,14.474578786675188,222762562.75630817,407164.05829900026
2023-08-09,14.698508979310697,226343778.98141724,455934.872117141
2023-08-10,14.484432466949237,223008072.5684681,617117.7249661932
2023-08-11,14.76622371138947,227414969.22484756,528166.5864885777
2023-08-12,14.746069727311292,227201585.9280244,213373.0331581592
2023-08-13,14.662361858278048,226061358.21652743,978727.8204632498
2023-08-14,14.695124758655751,226390737.8098137,308490.8328696437
2023-08-15,14.740003512795942,227215957.6472785,365950.2865112841
2023-08-16,14.11898743190594,217644706.9667301,727387.5558894976
2023-08-17,13.387590673840304,205294748.49332952,782344.6677057259
2023-08-18,12.763918741374074,196945291.54192975,595478.6080125221
2023-08-19,13.09697469325877,202099535.516014,462656.6697841405
2023-08-20,13.078117754928408,201528783.31752512,184059.0487084314
2023-08-21,13.258506895061588,204397965.46386707,1585010.8584861753
2023-08-22,13.128994539002315,202581593.03690007,605179.074669966
2023-08-23,12.778538491131224,197456808.8383024,316761.0905117846
2023-08-24,12.882612865726806,198908864.82116643,201985.86829953967
2023-08-25,12.832443786392044,197818654.61087784,1690444.9111493088
2023-08-26,13.321672769302396,205583435.10747045,3062351.631347713
2023-08-27,14.02182697285724,214178535.3258792,3418304.410927371
2023-08-28,13.30615275069666,205578389.05916977,2295082.2043097685
2023-08-29,13.138213741935736,202847606.01124504,577293.5002503097
2023-08-30,13.875176527551284,213314521.99152705,1783903.239185352
2023-08-31,13.558910827282768,209463992.97599736,531957.2130656849
2023-09-01,13.133974641711896,202977187.6164718,688835.9617197523
2023-09-02,12.784514873748504,197383869.88587824,373027.53617977374
2023-09-03,13.202545286157232,204024343.89310807,831315.4061017581
2023-09-04,12.99391209760359,200669279.03405485,329435.1038386309
2023-09-05,12.972427327771548,200332473.5599548,925600.1125094153
2023-09-06,13.098461098358309,202429786.51172975,520713.5777029788
2023-09-07,13.07440875469422,202234519.6486326,256702.00032287557
2023-09-08,13.342106149877097,206736874.95000863,434058.5924331005
2023-09-09,13.304341921962791,205855848.66321132,501444.10585867567
2023-09-10,13.202353406947028,204312704.53457424,256858.30289030296
2023-09-11,12.85049197563456,198978938.6277475,891980.1988484217
2023-09-12,12.411309541933464,192088350.3898966,503330.7684180905
2023-09-13,12.607664599042662,195217151.82853484,435454.28687370056
2023-09-14,12.948531958102732,200907426.4641912,370452.2227393539
2023-09-15,13.063046342545404,202285518.8790883,426559.6685467361
2023-09-16,13.136457352531476,203745211.18157423,558991.8268443969
2023-09-17,13.605901928879131,210863155.13347453,879595.8537209898
2023-09-18,13.24708070125814,205217169.91186845,516580.5785387096
2023-09-19,13.372136048700211,207395748.212608,476373.3171939129
2023-09-20,13.57461332731392,210560251.32961985,467033.2319239708
2023-09-21,13.610592269557548,210850130.0884201,439606.3931138612
2023-09-22,13.070552071746532,202867472.5338503,607014.746994333
2023-09-23,13.1227874463846,203405080.71562156,436980.3129271278
2023-09-24,13.059210317874316,202707380.78787252,377044.47238183866
2023-09-25,13.414880751945969,208257594.02062228,5970940.329914029
2023-09-26,13.499304644408875,209618867.37592855,1892801.6703884536
2023-09-27,13.438437978476736,208652493.55734485,767159.1604990922
2023-09-28,13.173699300344309,204599942.36709636,581496.1756554118
2023-09-29,13.610801884251972,211273635.42080063,803780.7340598126
2023-09-30,13.651567326000364,212275107.11136284,503573.6252289779
2023-10-01,13.6977911470898,212663788.84308156,568487.9636506973
2023-10-02,13.975071005847637,216681259.0885681,686547.5518150802
2023-10-03,13.641535086648847,211691397.08140963,518296.7500358988
2023-10-04,13.08313755751365,203638271.8215505,743313.5743043685
2023-10-05,13.13979449623088,204127607.5780705,721604.1328391982
2023-10-06,13.042115738302638,202642532.5432076,468841.8024871768
2023-10-07,13.216503334906353,205402728.9230232,385912.0204474467
2023-10-08,13.253778541608463,206026488.12272385,375008.970698651
2023-10-09,13.128481011007787,204128406.8629893,710192.1861651676
2023-10-10,12.755394217037663,198360924.25054592,477465.12379749655
2023-10-11,12.654155911915453,196961716.447002,1036320.8158301872
2023-10-12,12.521558486815248,194910305.431156,684517.5661683873
2023-10-13,12.351842635189213,192282633.7510574,335298.86376325553
2023-10-14,12.264566533243768,191298031.48054263,1364855.79996859
2023-10-15,12.12574617648998,189064619.9534904,859530.7016756367
2023-10-16,12.190369905553146,190345162.44745925,899228.2431035668
2023-10-17,12.123573172559514,188629759.69412243,915868.5705461672
2023-10-18,12.018336871577008,187292488.82393733,756272.6037258309
2023-10-19,11.930036336132773,186165684.87877357,785990.859889834
2023-10-20,11.681645296344149,181431561.95258212,818145.6601128697
2023-10-21,11.947589670189217,186236767.3977748,515802.4593408036
2023-10-22,12.191910750747672,189921820.0836617,788538.4579606252
2023-10-23,12.207516527080667,189251439.51733547,458861.5324851098
2023-10-24,12.35156283668782,192508236.83023185,1306841.3826585745
2023-10-25,12.593179002097186,196312932.79462248,1294837.403317431
2023-10-26,12.74414128817839,198829981.8048391,936175.6508137562
2023-10-27,13.158891540995045,205397760.81249613,3323393.538616657
2023-10-28,12.842201865890049,200472141.17685565,715875.3542718624
2023-10-29,13.063181610143255,203762913.7555109,601889.456855153
2023-10-30,13.136781540921758,204699790.05021912,741302.5878610079
2023-10-31,13.306362125474198,207620797.9953577,975016.0112459884
2023-11-01,13.082683424736528,204043616.1483074,912830.47069331
2023-11-02,13.09250339048017,204431488.4935058,1031883.9318297014
2023-11-03,13.128439579330406,205034874.2266124,1087409.1629675676
2023-11-04,13.15380402834471,205203549.67613024,768687.004662089
2023-11-05,13.539004026962663,211571326.1558602,1260474.8604232324
2023-11-06,13.83278045397576,216157834.2866474,1655814.3509145326
2023-11-07,14.143295101844574,220594586.4525159,2439133.522635752
2023-11-08,14.975872900499096,234015960.6643383,5002415.909397754
2023-11-09,14.588724206341448,227956704.76781735,2120969.729117871
2023-11-10,14.105027167608757,220032287.93642828,2675110.4559655166
2023-11-11,14.262110406122153,222848054.51708108,1642751.932422088
2023-11-12,14.690775662467065,228120474.93271464,1655712.5597915526
2023-11-13,14.917182402350026,233520091.58318225,3136642.051023365
2023-11-14,14.54013931435446,226959031.34036523,2278494.4207823626
2023-11-15,14.593471584867508,227865737.5465928,1942654.577725827
2023-11-16,15.487080130015476,242265017.27690867,1473415.6247459757
2023-11-17,15.055217134840518,235318924.5592281,3647207.257617402
2023-11-18,15.021856333833552,235214961.44808435,1074482.544224807
2023-11-19,14.8597747375971,232479760.11179447,802741.8005918453
2023-11-20,15.393495213108164,241623682.54463613,1243118.0413025164
2023-11-21,15.258515156479296,238986818.51977012,1286814.5571253188
2023-11-22,14.16389942746384,221476226.08575,1134457.9004938032
2023-11-23,14.68017848398006,229639495.33808643,1224793.9953517343
2023-11-24,14.298781765614082,223899434.86904827,694839.8827687507
2023-11-25,14.386504782607007,225238915.1768649,1280151.2821392869
2023-11-26,14.442003252714596,226248015.83688387,1419031.399844713
2023-11-27,14.325665503841115,224548439.34815457,1774173.0441839364
2023-11-28,13.890419664919897,217455566.24326253,2744332.2323973263
2023-11-29,13.89936934672864,217668382.54779124,1633591.573330216
2023-11-30,14.33807214738582,224643471.75146627,1855460.8139938489
2023-12-01,14.386907361145742,225426561.2461352,1019144.733717389
2023-12-02,14.564660467983131,228630933.60056525,1636632.9205946263
2023-12-03,14.494717914377407,227407537.96976143,1854045.0187511623
2023-12-04,14.55582745178864,228404028.42694503,888697.307351041
2023-12-05,14.425554488593278,226334374.9681068,1843225.4426309508
2023-12-06,14.398266138182656,225894587.7013572,1285214.3920341015
2023-12-07,14.642044965127004,230185003.0992407,1596855.1927210016
2023-12-08,15.152055855157624,238197918.5676428,20118519.594534997
2023-12-09,15.675492402290734,245839373.0696823,3383127.200508687
2023-12-10,15.76044877028449,247415412.94030085,2577534.1014365284
2023-12-11,16.04779810835058,251891515.33236307,2348666.9779294366
2023-12-12,15.015031164979762,235821947.8598803,1719239.97346776
2023-12-13,15.212736358988884,239048642.4664563,1307171.6026809383
2023-12-14,15.015262994648614,236825618.49897844,1519806.5885954862
2023-12-15,15.11106941308352,237322767.6946978,1555537.906035795
2023-12-16,14.588554204466844,228186833.71904203,1375617.6346212432
2023-12-17,14.894632536315168,233650141.69136733,1239349.51554547
2023-12-18,14.989722210236534,234893499.4646285,3088500.46974948
2023-12-19,14.731179987266698,231499077.09747007,1294031.1991715317
2023-12-20,14.586081745071152,228895518.67613176,1219785.0434884273
2023-12-21,14.793243405004036,232927450.8906237,2015809.0778333317
2023-12-22,15.415976417078136,242269021.59239995,1950587.388229284
2023-12-23,15.846940175997636,249258857.4582888,1822433.7061584408
2023-12-24,16.16114633758811,255634004.3476836,3178274.838998069
2023-12-25,16.789970389668852,264809298.28114983,5169144.694655241
2023-12-26,16.54440301865592,260424964.699516,2709106.5782603184
2023-12-27,17.58971441216507,276972854.4525599,13861734.538738403
2023-12-28,22.44396599824459,359439394.7162334,35482833.43069469
2023-12-29,20.16153538500564,318977142.290509,11287763.159463886
2023-12-30,18.463774353367523,290396509.4881697,5283029.035103628
2023-12-31,19.20993529653538,304345936.9404532,5118147.40711409
2024-01-01,17.996863690297914,283228850.20268,5291674.681706098
2024-01-02,18.35732671411677,288716886.5545558,4064834.947845468
2024-01-03,17.827531647712973,280215473.0763397,2587966.1420918787
2024-01-04,16.71107309538384,263572607.07897133,2809262.900673028
2024-01-05,17.294907596977968,272518940.90652263,1455824.6566396926
2024-01-06,16.944723079373766,266880955.10739148,1713051.8903485015
2024-01-07,16.412166871648292,258333494.29562327,1212452.9840471155
2024-01-08,15.543299540581035,244588802.7723835,2415608.818025438
2024-01-09,16.163746233803554,254779661.7908403,1763689.652874146
2024-01-10,15.34360521928892,241339145.7681841,1534785.0147569927
2024-01-11,16.070342437746902,253455694.61000755,1549938.1855873829
2024-01-12,16.393604355982248,258793312.9021057,2162340.8317914875
2024-01-13,16.21465875897866,255538790.2151165,2082043.3791015632
2024-01-14,16.23567590089928,256198106.9285634,982336.4848970898
2024-01-15,16.189622663814237,256231260.01512957,1233575.0313462843
2024-01-16,16.274429798574346,257432836.49545404,1268473.377120849
2024-01-17,16.49910241465327,260724841.1403148,942891.5260262332
2024-01-18,16.060443204720745,253252913.6225337,1186939.666387285
2024-01-19,15.13739457584565,239040148.51723203,1390656.2385357586
2024-01-20,15.51573571015101,245060997.9744476,1618134.4649649446
2024-01-21,15.145865088143225,239558513.2675368,943388.0609026484
2024-01-22,15.11238642344795,239419586.0798847,776623.3022500118
2024-01-23,14.205558873266924,224612407.4215454,1725536.3096539965
2024-01-24,14.127454810084776,223010916.71883613,1387988.7319263252
2024-01-25,14.301128377587409,225946303.13540173,1118793.372081359
2024-01-26,14.139415305412438,223407694.85383135,798693.0210204351
2024-01-27,14.68806898089643,232209274.5830153,1240341.701542386
2024-01-28,18.31936964873581,289636550.6148976,54094334.38565876
2024-01-29,17.00464169683501,268720109.39373595,14232941.238803985
2024-01-30,17.09094833954993,269560642.7217208,4142967.109100687
2024-01-31,16.692932261304247,263336048.54682767,10566833.062025763
2024-02-01,15.783854606070664,250514284.25675124,4248455.134542299
2024-02-02,15.695921808094008,249092642.5560556,1725445.8834395492
2024-02-03,16.038084011745504,253940254.22496435,1211513.5745792598
2024-02-04,15.40852772614542,243568594.7525659,1259847.1865668383
2024-02-05,16.134680643970107,254917124.4548653,8171667.054608535
2024-02-06,15.77256171298778,249778487.3308345,3326455.4435537383
2024-02-07,15.577472082861595,246982983.8781567,1781112.4592342156
2024-02-08,15.740880816051988,249240136.74316692,1400505.4679972115
2024-02-09,15.84632959977884,251412321.4669384,1427896.6403270238
2024-02-10,16.456004790473774,259464935.95163736,2740732.021398916
2024-02-11,16.465910945380195,260832862.5887098,2093186.3402758744
2024-02-12,16.13579517340223,255919000.4374,1790243.733051653
2024-02-13,16.626636189581195,263404540.060394,2093447.829966256
2024-02-14,16.17895316939517,256220584.49638572,1913130.1745874505
2024-02-15,16.637311198422275,264029670.42288888,2261549.08638956
2024-02-16,17.427657388855046,276562978.28829986,2588167.693930317
2024-02-17,17.33792262314857,275627675.1567049,4511707.081454911
2024-02-18,17.565393836562784,278633835.9249476,2710659.2657013824
2024-02-19,18.07264754785373,287804726.4985924,2002112.2453689456
2024-02-20,18.1562256482411,288041312.2664341,1575465.472786595
2024-02-21,18.127000568893635,287744796.8798848,1963636.5495876884
2024-02-22,17.507803033691875,278089271.83578026,1337461.4832180983
2024-02-23,18.114263659722475,287499901.2062382,1791028.2958798644
2024-02-24,18.586268019488227,295488782.5793085,8060802.846947028
2024-02-25,20.602880154999973,327531754.7351447,10734176.86973133
2024-02-26,20.786792879783675,330288562.81130147,3888881.848011388
2024-02-27,21.00032462044759,333817850.009531,2864227.500902652
2024-02-28,21.74266577489748,345282618.55182326,5121256.794716086
2024-02-29,21.201994310753054,335198575.48156583,3635612.4851280833
2024-03-01,20.981178005716465,333634337.2307815,2757301.8343351707
2024-03-02,22.39136799823149,353878521.289529,3632473.806432237
2024-03-03,24.18120309640445,384055717.86656016,7973552.926951634
2024-03-04,26.020664781974112,419994036.555001,7547924.457730947
2024-03-05,24.89410661401091,395287101.3390258,5178693.362995901
2024-03-06,22.951407372183496,365127874.2224857,4728321.565871812
2024-03-07,24.605053314468908,390833388.879704,3000242.932972297
2024-03-08,25.579426473516847,407698157.6423354,3291485.497535445
2024-03-09,26.52030257773763,421809609.69378734,6401407.719297385
2024-03-10,28.230058725196955,448764132.3116872,5121602.360242824
2024-03-11,27.25413999159679,433392849.3100287,4480678.244803296
2024-03-12,28.849455631817133,459320280.01178783,5119776.879242485
2024-03-13,30.5323457091072,486121760.4220524,10800115.29369524
2024-03-14,31.32118922724817,498740301.09993833,9394737.554443708
2024-03-15,29.82437839181581,474882719.2310038,7686698.287654835
2024-03-16,27.931637039630047,444869299.4733677,7450112.340010635
2024-03-17,24.463443549124687,389240026.9519981,5259630.171222783
2024-03-18,26.10478478684882,416681746.5749815,4291367.43968776
2024-03-19,25.51631913607823,406673287.14174,4790409.645529871
2024-03-20,22.660680792592785,361392686.75605166,5380387.135680206
2024-03-21,24.58492309543239,391455745.5322872,3491066.325653792
2024-03-22,25.461532211290304,404821918.9129881,3704720.3941114848
2024-03-23,24.91131875499339,395948010.92996734,13718186.124856375
2024-03-24,25.642673727378668,409414903.68628114,3498465.067103538
2024-03-25,25.852277320457297,409685558.4365143,2412786.324726511
2024-03-26,26.64727062594384,423340082.3114857,2933259.7006680444
2024-03-27,27.7461643337182,441176701.206059,3697157.554849005
2024-03-28,27.08401273769263,431530515.1684151,3537081.194967079
2024-03-29,27.94745593160656,446710522.6554028,2568028.242645637
2024-03-30,29.10533497353497,464942421.7260853,4031077.600709649
2024-03-31,27.717240493169648,441771849.7464428,3977589.9428149294
2024-04-01,28.47254579730339,453977663.4664053,2329575.8091231235
2024-04-02,26.71201230972321,427069221.8965739,2708361.204109227
2024-04-03,23.86949251057417,382181420.3617421,2754519.0295492173
2024-04-04,23.138384650153995,369616976.8499197,2669815.2452447293
2024-04-05,23.902642853341213,381327761.5081811,1408837.3851576643
2024-04-06,23.28765230066957,372283824.40562695,1462912.231233904
2024-04-07,23.824871665759986,380086556.3219564,1403385.0963690614
2024-04-08,26.92095901173647,430118909.7810904,20266636.52179527
2024-04-09,25.915010689945355,413809244.95487714,6533886.987881363
2024-04-10,25.561896476066597,408700586.7827012,3021232.155083248
2024-04-11,24.678490548259163,394195688.7777464,2682312.3058323213
2024-04-12,23.35310154338399,373099676.2709967,2444373.2172855698
2024-04-13,21.222305206394907,339210953.5794893,2783564.349718667
2024-04-14,18.98389078143698,303744030.40420264,2588007.5387195176
2024-04-15,20.365224337742024,326033160.7552746,2285726.8910045275
2024-04-16,19.58595604109216,312472945.0210265,2406534.036224072
2024-04-17,20.370749138814908,326314400.6292225,2349698.8838641928
2024-04-18,20.32664386248837,325389208.3125949,2691174.9039705736
2024-04-19,20.512119922810296,328267479.856259,2140991.372655227
2024-04-20,21.030609255592086,337850003.44086564,2250411.780457318
2024-04-21,22.583205531654656,361560691.4208021,2459848.981917305
2024-04-22,22.364429357466346,358078421.50856847,2900532.950149181
2024-04-23,23.082163868945933,369914051.51559263,3171881.016667008
2024-04-24,23.2369929858974,371922585.9587397,3736604.2390482966
2024-04-25,22.90789354132812,366841379.5820709,3684283.012134669
2024-04-26,22.56892088235301,361207880.8502731,3362259.0598253
2024-04-27,20.88939097922703,334385226.3078302,3296921.875449898
2024-04-28,21.07602308397584,337561505.8729888,1889667.9214682989
2024-04-29,20.420720447315087,327074199.53831905,1510709.6765404355
2024-04-30,20.853456312859603,334428053.05947936,1739058.6146694294
2024-05-01,19.39651872715501,310129555.8232533,2021977.135672604
2024-05-02,19.499155608292465,313411014.1219031,1890961.7671589365
2024-05-03,20.75785864994071,331521984.4253109,2662086.167302432
2024-05-04,21.57455224781863,346584103.03898907,3090805.20861667
2024-05-05,21.418797996471724,344506456.4888633,3528113.587621418
2024-05-06,21.57991611367708,345962314.8594697,2749168.8408251186
2024-05-07,21.5308173223541,344787900.8601513,2531885.982036781
2024-05-08,21.298344187459723,341918419.30048794,1982855.2994239517
2024-05-09,20.30845684279632,325067070.3041191,2258913.1857764185
2024-05-10,20.13508970215086,322597777.59960514,1973660.5683578888
2024-05-11,19.200556338736668,307916705.27503633,1938039.517193728
2024-05-12,18.97802752008552,304593314.47031325,4846853.404481215
2024-05-13,18.80474978716619,301448011.96460086,1585706.546965506
2024-05-14,18.461119527003035,296728929.09216726,1870753.3006660084
2024-05-15,17.746353999193698,285443552.5847143,1609132.340566243
2024-05-16,20.243660002213577,319557624.5298407,3007236.5403970648
2024-05-17,20.192418004904884,320999594.1528871,1401542.0409281466
2024-05-18,20.72871831947308,333680325.1620932,2449037.0189084737
2024-05-19,20.804352970214783,334502832.28573,2587571.95612286
2024-05-20,19.279485384776496,309820304.23787385,3467508.9988076263
2024-05-21,21.179889222296524,339819528.1169579,2400521.964507156
2024-05-22,21.628170108720724,346904798.0554268,2947427.5141672376
2024-05-23,21.21004093980981,340491636.60189,2512273.703243633
2024-05-24,20.397071580359345,327484166.55809224,2673453.9728311114
2024-05-25,20.116781887031543,323415366.1152931,1799170.5409258616
2024-05-26,20.63845184318711,331765557.8829032,1666875.9624892082
2024-05-27,21.44646444147165,345419225.9431043,1693086.6072333455
2024-05-28,21.217830584168947,341138867.0077146,2477306.8236766555
2024-05-29,20.592002036142063,331792565.83922285,2434436.7779139555
2024-05-30,20.272343736081503,326480299.116607,1372854.482676218
2024-05-31,20.303462584954115,326501808.88399655,2255935.7157879896
2024-06-01,20.666854165744542,332890868.0765499,2121812.9926509657
2024-06-02,20.064768135625677,323052986.98814565,1690413.6815167028
2024-06-03,19.55097929693705,315058800.0439832,2508549.115478389
2024-06-04,19.40491899099867,312421257.7149911,1718451.1070761604
2024-06-05,20.28580151870834,326198081.8347619,2277120.766398546
2024-06-06,21.131776984827955,339958466.1297714,2808554.42881544
2024-06-07,21.79857713501122,351141681.7290093,2384621.790360587
2024-06-08,19.579882498684366,315956865.4680425,2926475.951530829
2024-06-09,18.947120041366187,305275337.64211816,1806555.2799706268
2024-06-10,19.38838238487395,311641579.26768994,1017494.2170954694
2024-06-11,18.56825086610773,299141737.0086929,1265708.0627074589
2024-06-12,17.8381414611535,287542439.7703513,2033178.1526679173
2024-06-13,18.471719170018464,297835370.1982323,1637940.7393733782
2024-06-14,18.099580474544304,292316276.0670232,1538857.549055553
2024-06-15,17.66946496645569,284781877.1238108,1855698.3464226464
2024-06-16,18.002777522043132,290440643.8256827,2094669.192934224
2024-06-17,17.908595014202987,289133079.46555585,1762177.1136357617
2024-06-18,15.640020399312506,251089551.11411417,2941336.271031053
2024-06-19,14.976522284481636,240804761.2422769,2278491.836789621
2024-06-20,14.889673536077684,239691255.7547269,1339077.945498797
2024-06-21,15.529208643429676,251016518.21901232,2019096.7335060744
2024-06-22,15.343789023256493,249208538.64148715,1829442.2788599385
2024-06-23,15.278880625418852,247086292.85845485,1721055.8232644012
2024-06-24,14.83005337650095,239592591.0389869,2894554.3516686666
2024-06-25,15.189317892213412,245482250.8234446,2303210.276924401
2024-06-26,15.6104898177255,252229297.18942857,1430853.6722435865
2024-06-27,15.195233738437596,245536008.89752805,1459424.3306188942
2024-06-28,15.614845092730205,252273236.43374017,1573219.7048529957
2024-06-29,15.444317861809884,249478822.67850628,1600669.223703227
2024-06-30,14.962443553512887,241704497.98674,960847.698068238
2024-07-01,15.205925345287325,245856036.11954907,1750319.9233481484
2024-07-02,14.748825874797811,238571395.75068167,2119454.457149968
2024-07-03,14.079290895308413,227408822.31934085,1233612.3109276434
2024-07-04,13.422486864777566,216766300.48282373,1808901.3722459413
2024-07-05,12.54016374871294,203496235.92408243,1655333.133650854
2024-07-06,12.810927557776155,207347832.11048523,2143605.267431727
2024-07-07,13.554099464800778,219486292.4849817,1197511.205204557
2024-07-08,12.50119584704615,201696205.125172,1159513.0786357515
2024-07-09,13.098355062982256,211339570.1046244,1712439.9573943089
2024-07-10,13.374151093815088,216373038.8214461,1406872.4154391014
2024-07-11,13.38520379794844,217075969.0553101,1286381.4442597928
2024-07-12,13.093721772858432,211411381.5100017,1315522.1421457313
2024-07-13,13.469728508675024,217902020.5162757,893585.6093549551
2024-07-14,13.59474556753533,219885321.5082928,788299.1806241138
2024-07-15,13.56239159553192,219684636.257552,1328194.1659908872
2024-07-16,14.051171770771257,227140631.5503526,2198619.8414037107
2024-07-17,13.949574368900322,226721412.61213544,1384214.8500839584
2024-07-18,13.98295162409471,226275743.81172812,1559793.3135638076
2024-07-19,13.04304947726555,211236428.5706152,3027061.4635836114
2024-07-20,13.300074252218348,215557913.62479225,1649978.5695390156
2024-07-21,13.013152673892952,211010515.14773825,1087957.7084138151
2024-07-22,13.129182573635386,212787974.64668065,4649561.110991264
2024-07-23,12.90636163127653,209164814.475666,132957769.09517856
2024-07-24,12.216622572844337,197827995.67679825,1704842.790985074
2024-07-25,11.917386597187052,193252557.43896425,1304538.199511695
2024-07-26,11.870430626551697,192456057.6382953,1316744.080654006
2024-07-27,12.508230948673136,202839472.5314402,911969.642036793
2024-07-28,12.354363546363166,200357991.8437482,1129927.5306169377
2024-07-29,12.655813191851376,205462258.40501508,1369812.7946470147
2024-07-30,12.242746196641484,198974605.6121428,1992308.7782531972
2024-07-31,13.10482273544302,212922985.44298,20838572.162542146
2024-08-01,12.578570753137267,203847303.4320489,10232324.22729669
2024-08-02,12.29272126752458,199533353.65376315,12612300.783491315
2024-08-03,11.55966842856289,188135416.4083473,3463494.0519677955
2024-08-04,11.21596884491438,181445868.02246347,2927713.4781814823
2024-08-05,10.79083949701159,175179339.1315022,1929610.6633370623
2024-08-06,9.751189754903274,158155441.1329803,2574929.159510959
2024-08-07,10.05822492524629,163326300.94043687,2641685.417478944
2024-08-08,9.891596473903148,160641916.67730904,1839680.78878938
2024-08-09,10.413910480422528,168890872.57365984,3959124.232866917
2024-08-10,10.158690846825351,164727086.2453508,3644070.741401441
2024-08-11,10.235394225735975,166225864.76841164,2337744.881886057
2024-08-12,9.548475446844831,155150989.01787975,3971660.7727638944
2024-08-13,10.010948670145048,162681110.96466723,2578808.1141063604
2024-08-14,9.89247710925074,160655127.19871917,2321500.7352618566
2024-08-15,9.80551612978616,159269798.96385124,3085656.3289359068
2024-08-16,9.69039319957844,157472336.8734414,2113172.3229008187
2024-08-17,9.796971334218227,159282881.21058744,1729566.9383056115
2024-08-18,9.916632347004326,161270990.44561434,2180182.648941467
2024-08-19,10.14826617785054,165036065.03810638,2932367.961077443
2024-08-20,10.213362462816692,165998331.59983125,3263299.8444642685
2024-08-21,10.494685867408911,170571456.10369307,2929417.07612814
2024-08-22,11.258612020587108,183034054.8099656,5574384.227820989
2024-08-23,11.435407506179116,186046113.34353575,2925820.4911221
2024-08-24,12.052532948055823,196468195.4651557,2444159.83026453
2024-08-25,11.599475695586392,188716549.69967356,2151965.500701275
2024-08-26,11.565788635283736,188470054.81969625,2141827.865278465
2024-08-27,12.068544375174296,196949343.77606207,8710194.178008752
2024-08-28,10.892030062173976,177614617.08761406,8070000.648275214
2024-08-29,11.126380451370675,181372654.85557145,3438374.4601711407
2024-08-30,11.075760547212932,180549004.2464777,1455290.3993322062
2024-08-31,11.034274827020589,179431209.04712227,1763119.4014782645
2024-09-01,10.626727565260078,172991653.54849792,1869717.876180468
2024-09-02,10.783393190260885,175548972.18857962,3195197.6054428974
2024-09-03,11.376427306875383,185285160.6799681,3471697.0355159035
2024-09-04,11.707766720774972,192155459.32096428,4705869.527126543
2024-09-05,11.413231977173236,186031936.64395124,6745500.439321624
2024-09-06,11.145346981352596,181672902.02399483,2710731.089028269
2024-09-07,10.95792651815591,178576270.88513064,2090784.2189118688
2024-09-08,11.01555911795933,179316017.37471563,1821367.6058316557
2024-09-09,11.381196924989784,185761557.4447753,1735455.3066380122
2024-09-10,11.861066249112316,193267834.55930117,2139213.7597566084
2024-09-11,12.034021344852484,196285237.53248677,2615120.2765173144
2024-09-12,11.96647594240819,195143809.51892883,2240984.094862188
2024-09-13,12.327608904856792,201233893.62664536,1664897.8204621065
2024-09-14,12.257156385500894,199995951.1039017,1472704.2744394722
2024-09-15,12.311387159833796,200733898.5370092,1135071.5860464517
2024-09-16,11.842217749828894,193142617.6416766,1150912.064890715
2024-09-17,11.415442113790158,186528955.9171923,1456711.6281315766
2024-09-18,11.825053118497932,192901613.42836893,1229717.4909608753
2024-09-19,12.04990810383093,196740191.9054673,1405636.392058372
2024-09-20,12.589343328957304,204966078.6905405,1758850.6045841908
2024-09-21,12.388717259749953,202190977.0567163,4717500.281496613
2024-09-22,12.70368965404684,207625513.7629036,1288112.8769152106
2024-09-23,12.23872042208884,199941241.79176784,1468526.2296697951
2024-09-24,12.564476541936465,205264673.0238433,1693892.1846771678
2024-09-25,12.579250067220332,205537554.90025556,1437126.7301579325
2024-09-26,12.37054608467646,201970342.3187499,1552731.8589230038
2024-09-27,12.611386115008235,206163339.0135599,1359789.9634377162
2024-09-28,12.848807079344397,210022760.8624444,1605935.6882175328
2024-09-29,12.419961410524738,203109580.17593372,2129893.845761301
2024-09-30,12.675042499138966,207273299.03964925,6895958.988845598
2024-10-01,12.067218872276156,197316212.364345,1647179.3098326272
2024-10-02,11.471627912719136,187605408.12814903,1829136.481230537
2024-10-03,11.273192004073444,184029541.48610157,1294802.6134388829
2024-10-04,11.327079150631796,185310407.1948846,1324883.2336274465
2024-10-05,11.67730276765624,190861436.73556376,1448457.6389272525
2024-10-06,11.819625947049152,193417563.957284,1004430.9135567693
2024-10-07,12.176979718501064,199291353.85557112,1392213.4476080905
2024-10-08,12.038776316776088,197345294.1813559,1738152.9666746685
2024-10-09,12.287885242099438,201132220.346025,1631870.030324168
2024-10-10,11.936500582947016,195429723.0754374,4652877.793693524
2024-10-11,11.94832552308496,195589256.64479312,1639840.5590151355
2024-10-12,12.4149285559142,203198711.4996712,1752240.2270233205
2024-10-13,12.648083201212188,207131765.1626328,1492482.2355765705
2024-10-14,12.561367136438331,205736361.09415835,2104043.547217238
2024-10-15,12.95558524224241,212350022.05148116,1542688.0244636163
2024-10-16,12.681000675195245,207690023.3882402,1730877.8712163002
2024-10-17,12.7008600632215,208066663.1911684,1364493.142659062
2024-10-18,12.477455633696756,204458783.57455632,1075273.3677225965
2024-10-19,12.69873980048335,208124100.22125015,1099095.3779715789
2024-10-20,12.578105918109484,206185019.6982138,839982.892197059
2024-10-21,13.101747932586518,214646939.23864263,1228921.3534308977
2024-10-22,12.76509581944311,209265986.3800555,1326727.5686269377
2024-10-23,12.893647015002598,211498511.956919,1195392.8854538638
2024-10-24,12.468242968651458,204362794.8341509,1506763.4752443624
2024-10-25,12.68854736788272,208109717.5399769,1214694.3025029814
2024-10-26,12.09209377524348,197453279.4072893,2043372.5226003476
2024-10-27,12.008364155556936,196849999.8347413,1712516.649697814
2024-10-28,12.088211338758796,198345817.10188463,1192412.1788908115
2024-10-29,12.280046590176926,201478371.9113946,1516508.5711294638
2024-10-30,12.717345510269418,208580211.29979,1870767.9385277643
2024-10-31,12.717629176994354,208843081.52439,1066167.524580867
2024-11-01,11.941765688437298,196146340.12470385,1477252.5639193845
2024-11-02,11.90636813539316,195499856.79695407,1360909.2679840846
2024-11-03,11.561985206705518,189845307.81152228,864480.8538189952
2024-11-04,11.168217660774948,183522279.9564013,1091774.749568391
2024-11-05,10.833512526838945,177571937.56257302,1337877.245134565
2024-11-06,11.481566141961116,188540552.0922161,855664.0670014553
2024-11-07,12.786571037782808,209896823.59638312,2273372.903826565
2024-11-08,12.520924394269676,205593434.4563528,1859825.10679755
2024-11-09,12.827852614956726,210691884.92204377,1716367.8502371383
2024-11-10,12.967291029275724,214080563.33095136,1959712.3564081537
2024-11-11,13.96602829766315,229531529.4865269,3581429.9308855734
2024-11-12,14.228364386195077,233785622.27883,2984434.43125108
2024-11-13,13.449770985465266,221121960.31476164,2789711.573988985
2024-11-14,12.646676089519335,208158938.6018605,3062627.952035005
2024-11-15,12.549431905277984,205962477.55086184,1631835.8368102391
2024-11-16,13.194467619353311,216893449.64294413,1714182.5004325684
2024-11-17,13.769961197060187,226049696.20505172,1908167.8645289368
2024-11-18,12.889293951095103,212107736.004632,5197421.581457134
2024-11-19,13.916416799449507,228949767.73736253,2642864.8404357024
2024-11-20,13.813596689211607,227268301.01679128,3387586.6064055213
2024-11-21,13.34690983478631,219638085.6436544,2417266.262362193
2024-11-22,13.90900351548223,228909761.28691605,2254755.905287961
2024-11-23,13.906262016453065,228896524.88343337,1986588.1606820328
2024-11-24,15.185291025597012,250010199.5907863,5092600.99324627
2024-11-25,15.64926266581866,257631581.70112103,6077277.64474565
2024-11-26,15.798741292642724,260249685.6501246,2870310.885277301
2024-11-27,15.986152079157703,263273742.9967449,3305997.0169366626
2024-11-28,16.97411606735994,279764922.3788984,3662366.231165265
2024-11-29,16.4167697746111,270494726.91510266,2706773.1577727115
2024-11-30,16.419413910315523,270387827.2725783,2454186.749381266
2024-12-01,17.56315528172102,289351890.1236072,3333918.260533357
2024-12-02,17.079458091574516,281437102.37937224,3938575.768074373
2024-12-03,19.88337020315904,327790331.31371075,25892364.63704493
2024-12-04,21.443604074559943,353507475.54916584,12812467.376041206
2024-12-05,21.48396892420791,353449396.78085995,10391499.821983738
2024-12-06,21.86444784034788,361205041.7114228,14281036.94603161
2024-12-07,22.22714186034987,366298388.6390185,7971083.541111726
2024-12-08,22.03587315638778,363194536.03849393,3766710.778840386
2024-12-09,24.982478329759385,411645260.9970478,15833691.36867402
2024-12-10,19.919545279155525,328297265.2053258,11285905.758092867
2024-12-11,19.64442964360605,324025379.40733004,7087849.289515617
2024-12-12,20.390042212651117,336572225.32878387,6354685.920017315
2024-12-13,21.96894102897242,362633496.1284795,5399120.063799789
2024-12-14,21.719180322872973,358250902.5557393,4423225.550096828
2024-12-15,21.02158273962254,347278428.3433621,4010332.8761964
2024-12-16,21.779445785978428,359715079.5748892,3164704.9580752016
2024-12-17,20.834761004551176,344450130.611757,4778472.485975526
2024-12-18,19.239360470890727,317253057.6245637,3370165.1751763565
2024-12-19,17.140400168304897,282629198.9279206,4745678.574992601
2024-12-20,16.194429614319105,267457685.0489675,4354773.381022327
2024-12-21,16.18743460398241,268194041.0071832,5130024.30796356
2024-12-22,16.190106792887857,267415913.88643783,2636942.344074699
2024-12-23,16.163262848689897,267868308.6292634,1888040.3683737507
2024-12-24,17.05336381209086,282157468.0366949,3090044.2706574984
2024-12-25,18.1834355582572,300109730.78818583,2586260.9785869936
2024-12-26,18.136366590723966,299648220.85073936,2090734.5567234647
2024-12-27,16.84083853761632,278542417.59133065,2255542.7668089964
2024-12-28,15.769511924585276,260610679.3662647,3976940.9589244793
2024-12-29,16.991603353258956,281047277.6618568,1605033.6776579148
2024-12-30,16.459894866413038,272120394.0335033,2062962.554635462
2024-12-31,15.509650517920578,256209789.44180244,3235114.0034473883
2025-01-01,15.24110435506886,252112534.60885468,2440697.264170557
2025-01-02,15.123515920222546,250136394.78674775,2093973.0080934572
2025-01-03,15.473392474386667,255899632.5734609,2578822.592038075
2025-01-04,16.50058826682781,273091141.40287226,1977584.791181872
2025-01-05,16.331857166933776,270367171.90589416,1425122.7626476882
2025-01-06,16.477926987107352,272670489.449544,1277909.093316357
2025-01-07,16.493557486359332,272858025.14210445,2135001.470885683
2025-01-08,14.838114289476747,245310631.97438052,2438835.507835889
2025-01-09,14.257546329336526,236011943.07890293,2931552.97130225
2025-01-10,14.0755946139441,233041309.12056816,2867457.80667378
2025-01-11,14.27255119817372,236066907.81886515,2671043.7712407047
2025-01-12,13.782595667418224,228907547.1877217,1319468.7108572095
2025-01-13,14.118140406092346,233425750.7562008,1746921.2349008487
2025-01-14,13.259860114491396,219559325.26922223,3832829.651958869
2025-01-15,13.760870507724253,227926622.33528656,2248436.5362126166
2025-01-16,14.802473334610758,245130956.96419623,2795179.253520087
2025-01-17,14.6583114795097,242688264.3622093,2525705.461986883
2025-01-18,15.420449706419484,255766445.9018176,3348022.899915678
2025-01-19,14.592186561447228,241756373.8144037,2486868.095762509
2025-01-20,12.919031851276443,214715018.7537632,3445523.9006929137
2025-01-21,12.694356989828472,210527325.5685441,5853975.274224111
2025-01-22,13.204241492342572,218307344.95076936,3526790.0624112245
2025-01-23,13.045475531878305,216312161.3763962,2270732.8260357594
2025-01-24,12.88155011391666,213649580.72961968,3613792.3509274935
2025-01-25,12.37303362138444,205179178.14240444,2480788.151961262
2025-01-26,12.435176261248577,206370323.94553688,1939945.9731483983
2025-01-27,12.168669845285704,201539637.4785532,1989206.7113091452
2025-01-28,12.24144806317099,202910726.07006449,4051879.267119461
2025-01-29,11.617518477346431,192405675.9320885,2092487.133502199
2025-01-30,12.160791284034689,201994237.19605863,2283372.637205983
2025-01-31,12.519491816554147,207751528.9674339,2265501.047919772
2025-02-01,12.592380771556872,208953560.3168848,2137285.0317375395
2025-02-02,11.951401246899914,198438216.9831612,1546811.0474310508
2025-02-03,10.619401058000356,176272543.01601788,3042639.3686401616
2025-02-04,11.044243176167493,183399083.28079167,6062110.296850744
2025-02-05,10.810880847945082,179315342.28372777,3165195.303212966
2025-02-06,11.324162939900823,187855468.5969633,2416010.0370112155
2025-02-07,10.869574308922124,180292106.060544,2324829.805184476
2025-02-08,11.06754354887511,183607868.4905802,2211954.589778287
2025-02-09,11.979954645191723,199009490.95745933,1525429.2990934893
2025-02-10,12.54450482922464,208362062.6034993,1952342.7753458945
2025-02-11,12.38675887746168,205808590.1931069,3780983.751989818
2025-02-12,12.560218499267664,208897519.9623363,2178327.115785499
2025-02-13,13.538293350381505,224800572.63595107,2945583.7106962623
2025-02-14,13.57595056249288,225446728.32048613,1979569.708050508
2025-02-15,13.885476503888633,230750448.2321371,1927186.6901096643
2025-02-16,13.60815674651136,226230745.28600025,1199640.0165520262
2025-02-17,13.641484688160372,226854987.8050169,1418703.6662113117
2025-02-18,13.576652615804202,225790629.3689597,2006775.5649359408
2025-02-19,13.234792541309062,220006024.8937892,2109164.388926124
2025-02-20,13.260550694014082,219914651.25118017,1497707.9093550935
2025-02-21,13.6915261195278,227749977.7480226,1626355.6560690925
2025-02-22,13.192668592473613,219306626.58321685,2271307.481940198
2025-02-23,13.95775078879598,232435461.9799052,1504363.9897042068
2025-02-24,13.588888676272544,226161560.4483225,1514844.1927384303
2025-02-25,12.461535298502744,207440763.7358116,2733076.283213397
2025-02-26,12.546220761590217,208827884.39819917,4634177.815196354
2025-02-27,12.608676187000649,209931242.28955665,3179366.343024281
2025-02-28,12.44169464473892,207136296.5627409,2488079.422058599
2025-03-01,12.135201285702788,202073710.70416763,4460095.884646047
2025-03-02,12.076753866127849,201112164.11831516,1781172.9895672298
2025-03-03,12.99533518118693,216289651.90136752,3668593.6299233777
2025-03-04,11.56379110598193,192622557.89604804,3481372.065658552
2025-03-05,11.56751209310451,192643348.10927275,3193746.2807514337
2025-03-06,12.015426593148318,200249070.5292352,2310970.652779942
2025-03-07,11.9553882417324,199203815.0046246,2284407.291484589
2025-03-08,11.658462518454373,194171835.61432663,3297206.4326796704
2025-03-09,11.560381894073084,191816657.39786515,1238626.5885555423
2025-03-10,10.764373712038418,179448691.09945688,1637106.3955203055
2025-03-11,10.47689192726762,174864889.924575,3690210.131776292
2025-03-12,10.974405452939532,182968007.31139204,4382816.0665529305
2025-03-13,11.376404562311537,189614019.9861548,4197698.788979045
2025-03-14,11.184980152367409,186386635.81583437,2854639.890825984
2025-03-15,11.501669044049782,191809705.94522884,2762327.1452804096
2025-03-16,11.724838094946811,195581511.2692952,1733074.033942431
2025-03-17,11.413400912941905,190225242.9387606,1796542.3187772196
2025-03-18,11.990437542436544,200056965.3931826,2122586.797113507
2025-03-19,11.971283777861672,199341374.19349435,2585025.283932007
2025-03-20,12.155041909663716,202083561.88705212,2998618.156707891
2025-03-21,11.963175320445467,199498097.2112798,2509558.2685399936
2025-03-22,11.874237052543474,198211093.6408204,2804946.640640122
2025-03-23,12.04744306910112,201102168.7723564,1826094.7532361625
2025-03-24,12.155963748821971,202961633.87056604,3038414.406731587
2025-03-25,12.448613435268104,207386767.7551352,3035493.9270254923
2025-03-26,12.542986645928512,209589231.1041439,2237890.1011620658
2025-03-27,12.466592887941555,208111502.99525115,2388261.715188125
2025-03-28,12.253195584003423,204652352.02436432,2930067.641234868
2025-03-29,11.450061285375876,191177267.49422923,2967011.2904008967
2025-03-30,11.05278385365307,184579699.16864303,2410360.8365377625
2025-03-31,11.114339365202214,185942595.94877243,1947923.51221658
2025-04-01,11.361940251422636,189692391.84585705,2534879.171626536
2025-04-02,11.42880965020367,190935297.70561385,2543572.29179566
2025-04-03,10.763453234928358,179891960.8484446,2702472.5083555323
2025-04-04,10.890891095502552,181988808.2701865,2583584.613960739
2025-04-05,11.406039935554071,190526901.99328297,2476938.736661165
2025-04-06,11.593558947569116,193831990.40227747,2489207.7853908525
2025-04-07,11.07761665126928,185366212.6644844,3808777.605141796
2025-04-08,11.043844068577284,184823656.44816437,4383464.819593768
2025-04-09,12.632733654885334,211307125.23160475,14573152.900154296
2025-04-10,12.70687952929562,212597490.586478,5829515.14426758
2025-04-11,13.85095682759505,231716394.75450596,6591019.02616008
2025-04-12,13.00692595215163,217738921.6546061,3467577.990855686
2025-04-13,12.715707374996352,212884117.96979207,2523806.5414097374
2025-04-14,12.029938424558036,201310851.8748729,2667814.5841693594
2025-04-15,12.144776845598216,203216515.7851717,2402528.868221053
2025-04-16,11.974119638522009,200285020.68887883,3847146.858066535
2025-04-17,11.545147808630675,193246741.51108348,4272956.317355753
2025-04-18,11.14679487117965,186753577.96470103,6749547.559275148
2025-04-19,11.819134733030042,197925879.48588535,4057094.908465109
2025-04-20,12.24894283501829,205103379.41873163,4357072.766517516
2025-04-21,12.722795819976374,213101536.9108856,2238559.5404193937
2025-04-22,12.519498768629717,209714595.17689568,3034772.937424506
2025-04-23,13.274189310046056,222330833.37725195,4209303.906650721
2025-04-24,13.729171493670838,230039497.8284655,3055360.7837970075
2025-04-25,13.608291405709243,228017544.81243527,3886848.7376098055
2025-04-26,14.27750155708888,239270708.03109747,3514303.6990347
2025-04-27,14.11728442767786,236651130.3638756,2493084.7958025187
2025-04-28,13.74679828691518,230707286.36096752,2535572.8642669003
2025-04-29,14.017380246897012,234988662.79963928,2630964.640900244
2025-04-30,13.877390590987403,231942962.28479075,2278770.469884739
2025-05-01,12.668831797591526,212380238.0799592,6125327.785197865
2025-05-02,12.93684409998854,216951015.8503839,6509877.73303153
2025-05-03,12.732010418075694,213340772.43039045,4180271.4547705953
2025-05-04,12.258239581817758,205671369.9048127,3536173.4135968043
2025-05-05,12.333490760690651,206899447.3371692,3077178.845034601
2025-05-06,12.534346260954814,210448205.87222195,2458991.9420196144
2025-05-07,12.487937105635984,209524478.80044237,3420884.983758396
2025-05-08,13.08680655560704,219639220.739703,3533129.7818385093
2025-05-09,14.09889088240932,236534475.9856785,4696688.6465145545
2025-05-10,14.698865428052075,246717460.629896,5076576.685527857
2025-05-11,15.484621997955449,259891039.80406737,3759233.789031841
2025-05-12,15.207748775631842,255313535.20392376,3044729.5649968763
2025-05-13,15.10632842023506,253330762.79622373,4066438.806893166
2025-05-14,15.26404314763548,256224074.93683183,4514458.056609825
2025-05-15,14.849509891856624,249050635.6653972,2729412.1323148534
2025-05-16,14.18959346640314,238319986.0557258,3688562.1104326807
2025-05-17,14.11454195852932,237080865.78005448,2970225.430128176
2025-05-18,14.062933416249583,236148990.3836914,2763691.389261219
2025-05-19,14.634190495196354,245720655.44637397,3692032.76647601
2025-05-20,14.810776863024682,248659852.3039852,3907657.518253376
2025-05-21,15.290931515390184,257472042.79579,3370484.245282085
2025-05-22,15.257640504014644,256652020.82178003,3933523.6916502886
2025-05-23,16.053321618740217,269796402.784605,3934801.9272808745
2025-05-24,14.91737612792172,250767613.21828255,3963580.109216819
2025-05-25,15.397524199821206,258837651.76542,3747676.695212893
2025-05-26,14.796606439511532,248744364.82044792,4068937.072762295
2025-05-27,15.249246109368736,256405131.34525844,3317497.516220087
2025-05-28,15.69196830813567,263797320.5872924,6348161.681476658
2025-05-29,15.565034157355418,261690738.47411785,4994610.972871688
2025-05-30,15.195690148418846,255614546.68591225,3922684.374483869
2025-05-31,14.496595197163822,243857833.6177121,7235068.186474126
2025-06-01,14.595213586140767,245526313.83689213,3429730.074020318
2025-06-02,15.297342887810496,257597900.5053576,2529488.6822917154
2025-06-03,15.999137729432992,269197170.78394467,3558690.4309696737
2025-06-04,15.239330246976309,256478538.9240504,4522385.879499124
2025-06-05,14.99861982853951,252959031.07077888,4081922.562084913
2025-06-06,14.525669597635584,243757462.06588405,5130152.59914391
2025-06-07,14.84093009896191,249850465.1912356,3791888.776601164
2025-06-08,15.233393462572208,256750536.25393543,2438636.92914198
2025-06-09,15.200923035620642,255980072.03108996,2423414.669315794
2025-06-10,15.502576298146034,261047094.7678041,4852544.506536535
2025-06-11,15.691942434526691,264223550.21456715,5267053.893749015
2025-06-12,14.888842039997677,250651880.3618063,5646108.966383011
2025-06-13,14.848581802787374,249857599.10935035,2994450.947318852
2025-06-14,15.162393618164025,255358540.6467287,4374161.918833195
2025-06-15,15.182204926234489,256324196.08013013,3191514.169729521
2025-06-16,15.15900721090266,255655501.05911437,2802600.5039707324
2025-06-17,15.228252882885457,257906017.79924655,3559314.364327911
2025-06-18,14.188183493133634,238993466.8004465,4392631.09261924
2025-06-19,14.540458212558368,245041138.384484,3860843.475015967
2025-06-20,14.212695487782833,239902118.75295,3816575.193052207
2025-06-21,13.935781650868195,235075740.3179272,3607667.1421883535
2025-06-22,13.664034463893683,230281606.7767663,2773504.182754944
2025-06-23,13.538809554456998,228220994.4674717,4351346.918662209
2025-06-24,14.75715139731996,248914946.0873685,4888841.769430537
2025-06-25,14.66482896356077,247377531.17556027,4878527.288527319
2025-06-26,14.554137342081374,245817938.5369453,3068675.666292971
2025-06-27,14.225968735167834,240079276.668848,2924929.038407579
2025-06-28,14.568359265144789,245968909.74482015,2575198.666789159
2025-06-29,14.5890558156774,246876149.34254047,2323267.480021463
2025-06-30,14.752243240986258,248989988.86392015,2691627.485258083
2025-07-01,15.016813986716503,253485177.5098085,3269240.409879364
2025-07-02,14.72536444469201,248625290.59446824,3754944.504902318
2025-07-03,15.39936845990925,259771052.6383569,3888139.146120326
2025-07-04,15.63342729057878,263731768.4970393,3879334.156988851
2025-07-05,15.57932132103758,263030567.8828496,3030939.800157972
2025-07-06,15.580744417964214,263751793.4518644,1849310.1000878245
2025-07-07,15.726167537349433,265605551.7249664,2467405.968212225
2025-07-08,15.75634174677136,265695218.09962487,2894854.149258506
2025-07-09,15.93128146051203,269128661.6329782,3018515.781563422
2025-07-10,16.38448816804409,276954571.7757163,3880356.337028869
2025-07-11,16.762749560715076,283643277.3483884,3905726.0654268647
2025-07-12,16.602867380452796,280272121.4794738,4894160.441170702
2025-07-13,16.686293962706078,281462713.40126795,3380551.1140423683
2025-07-14,17.03865157142667,287965738.3737019,2940859.901179427
2025-07-15,16.739767040644615,283011121.546489,5799843.821799993
2025-07-16,16.457025577870244,278126472.89286506,5410154.730581779
2025-07-17,16.24863521868687,274924550.5361665,4684148.388673221
2025-07-18,16.55779546519889,279994040.41121733,2832847.126200993
2025-07-19,16.760635716547817,283508012.700717,3535808.640215973
2025-07-20,17.094000305669617,289320501.6083124,2952031.562417016
2025-07-21,17.58389578301548,297424310.69513965,1973276.4222995008
2025-07-22,17.614332677132843,298475934.1692765,2107141.560084125
2025-07-23,17.539798874678514,296294611.93591136,2270132.416980057
2025-07-24,16.59913806595866,281433314.9274475,2836064.2946784594
2025-07-25,16.32273446632219,275941799.3087097,3710710.869210804
2025-07-26,17.251345565393315,292045187.1445399,3133528.4449825194
2025-07-27,17.1340412543859,289532704.61168164,1722788.95024353
2025-07-28,17.621043357505187,298205084.7831882,1820157.9864614848
2025-07-29,16.492486489006012,279247249.8578171,2032299.681971885
2025-07-30,16.061070023754926,271575773.85818726,3172642.344813261
2025-07-31,16.41946893365365,277886725.2087134,3721341.735385651
2025-08-01,16.273534412722498,275388105.4987044,3420467.695783252
2025-08-02,15.855680701224236,268571620.2368264,4332428.397571497
2025-08-03,15.855083971187906,268544567.3446984,3484683.0077756187
2025-08-04,16.425662699034977,278505205.09030896,2811418.498555858
2025-08-05,16.959204243294078,287305400.8934378,2228224.8527969783
2025-08-06,16.647449227213315,281548437.89907336,2828679.8292152863
2025-08-07,16.896507565218588,286139240.62461406,2067793.2557690155
2025-08-08,17.22795803427649,291980776.125002,2171190.9049272104
2025-08-09,17.50044409543786,296587054.44768786,2946078.088196165
2025-08-10,17.75913444786109,301413836.95158595,2185180.3288354333
2025-08-11,17.481187001189195,296544600.6875314,1741511.2820252243
2025-08-12,16.947102019501717,287345495.3480481,2686797.7009308017
2025-08-13,17.928644373151513,303614654.422229,3230551.130011505
2025-08-14,18.10154855180108,306785942.4974522,2315134.633194557
2025-08-15,17.08605763445125,289792000.92094505,2823091.1237880723
2025-08-16,17.191134220054934,291479081.38882244,2019420.5694373453
2025-08-17,17.48285129560124,296803400.3052412,1771620.105345239
2025-08-18,17.591137359581573,298475419.78553885,1661042.5995673295
2025-08-19,17.085936326567804,289797641.8838332,2649469.9147617053
2025-08-20,16.676071718185074,283906338.91000885,2374534.37404022
2025-08-21,16.96393843661579,287681205.6002177,3863939.650752391
2025-08-22,16.571614693242584,280884065.86921424,4432583.212405261
2025-08-23,17.381076083471445,295172707.8802015,4066722.564104292
2025-08-24,17.08409467921239,289845797.686395,2010013.9814085
2025-08-25,16.84438739920221,286379046.3704931,2933967.546447365
2025-08-26,16.009722871724907,270813167.5196508,3268306.2490138933
2025-08-27,16.680279067657136,283266219.8193055,1906943.5510056603
2025-08-28,16.596181147299298,281760231.62448806,2043969.8446981804
2025-08-29,16.752669014076265,284778589.82143813,2524037.1363439085
2025-08-30,15.945020463132424,270873975.53973377,2790639.5394658013
2025-08-31,16.247518026069034,276102617.5286497,1846465.492043376
2025-09-01,15.880134353612766,270316942.938332,2616670.4138345746
2025-09-02,15.858690195401328,269711659.51296014,3060324.313705244
2025-09-03,16.347185690032216,278139242.54756564,2416820.16796092
2025-09-04,16.5778130130867,281756958.27928513,1814061.222234235
2025-09-05,16.155966473375127,274719957.3540504,2331265.2134484225
2025-09-06,16.522041906364407,281066543.5290506,2463559.5672863824
2025-09-07,16.403324075209408,278865432.46141404,1694361.9399921834
2025-09-08,16.555154208516253,281108479.66070545,1771939.533919498
2025-09-09,16.924086339365388,287407027.6791504,2585691.8657381684
2025-09-10,16.952944348664772,287999586.18775636,2711509.8065518443
2025-09-11,16.973329584960155,288726971.8144651,2868953.520587464
2025-09-12,17.039456380335814,289888986.1943336,4313430.2883918425
2025-09-13,17.162465806546425,291868042.06198764,4522203.0973183755
2025-09-14,17.040635138345348,289761399.64972407,7335587.694302563
2025-09-15,16.683464119605762,283855174.13354415,6897562.30071569
2025-09-16,16.528568412155057,281034701.3942324,8349943.037422706
2025-09-17,16.83679293018431,286318727.0836638,10959472.834425228
2025-09-18,17.196016463652374,292615983.69177747,9400767.184378624
2025-09-19,17.231419750978393,293202988.86900914,6415098.359688464
2025-09-20,16.93842584524902,288357376.9645153,4912925.568569225
2025-09-21,17.057303447491233,290533303.70764285,3879293.4876631834
2025-09-22,16.930490092496726,288304742.2809878,4433940.398704023
2025-09-23,16.45082587140976,280219326.98455894,6628590.086962911
2025-09-24,16.503884628585034,281179603.4320383,5094377.701689105
2025-09-25,16.654107019189517,283516846.5415914,3804152.634570292
2025-09-26,15.838384965877731,269856044.6924928,4661016.510354942
2025-09-27,16.273872785915508,277252062.1655806,3860503.08706709
2025-09-28,16.303141443835468,277777464.55556613,2582028.655574744
2025-09-29,16.4862458621535,280944917.3626212,4115675.757993601
2025-09-30,16.474910704344936,280620867.9712045,5883013.799864829
2025-10-01,16.47908935974953,280843915.6283,5718508.960718778
2025-10-02,17.69932234833046,300760162.8191187,7037316.653188905
2025-10-03,19.21449283442588,327045720.75993836,21608289.84932271
2025-10-04,18.46855192396931,314808974.43147767,65378229.053339414
2025-10-05,17.666743683324135,301235740.22429836,13210139.771264356
2025-10-06,19.071308755086843,325138420.3727117,18950148.26248814
2025-10-07,18.561225420777244,316569906.4551172,5263223.943000435
2025-10-08,17.982410291682786,306655344.7306185,5933726.092582184
2025-10-09,18.20776380731287,310407618.0704037,4152330.462209006
2025-10-10,18.02263032775183,307550605.745081,3751671.300556671
2025-10-11,15.455795831647633,263736527.80870497,19473000.965854153
2025-10-12,16.525605982935716,282062307.3854234,6046493.246190271
2025-10-13,18.29139369761743,311518855.73394907,18639146.93258052
2025-10-14,19.350230785458212,330151073.1472613,8729410.548562944
2025-10-15,18.232586834682017,310797426.36574423,3433250.979632361
2025-10-16,17.873285096475335,305258987.4067042,3199850.9015013375
2025-10-17,17.19303329029323,293518508.9804947,3061717.694994738
2025-10-18,16.774924692987256,286737999.5319474,5227233.103815393
2025-10-19,16.684807344640404,284952301.4017078,3430034.9037706866
2025-10-20,16.65738197905668,284568454.91586834,6842684.54157028
2025-10-21,17.040738872476417,290778335.1270034,5148265.545412478
2025-10-22,16.202445635365837,277205642.16611284,4751394.826796955
2025-10-23,15.962743925665848,272709217.6240882,5162063.311214933
2025-10-24,16.23228037657909,277226104.5841885,2559812.594904523
2025-10-25,16.478483559611696,281314165.77003175,2485449.779377531
2025-10-26,16.558694313433634,282999762.3329655,4044868.604596007
2025-10-27,17.20770557475793,294204364.8425627,3791480.2194526778
2025-10-28,16.782533403561636,286560657.31733114,2934954.133968112
2025-10-29,16.728849298374712,285916282.1493066,2423848.0790391127
2025-10-30,16.49597624345128,282124713.02269924,1851919.5305692616
2025-10-31,15.97903788966355,272680981.25247204,2307959.9701877153
2025-11-01,16.268792482445544,277773167.19107425,2287201.0029904824
2025-11-02,17.942253709556216,306428018.47590464,8712288.283018015
2025-11-03,18.327158975464528,313208626.4249317,7799329.882238868
2025-11-04,27.019711655914747,462102275.90715754,54680628.8090892
2025-11-05,35.29950161922157,600868547.8868994,191889667.31106192
2025-11-06,43.88279726115845,753081499.13502,78081601.35432506
2025-11-07,36.62661066063116,626563024.9529374,45991004.208629504
2025-11-08,29.673824144118395,508636015.23351705,36751542.30021342
2025-11-09,25.401549270052396,434392613.8245309,21759905.858168192
2025-11-10,36.49281496133569,627916999.8805299,97053424.95417672
2025-11-11,30.77914486607842,526852366.9519862,41584127.79328741
2025-11-12,29.877775322080904,511558879.0083843,20186726.465141974
2025-11-13,34.30113556282103,588329444.6634246,45575294.091050774
2025-11-14,31.66998139260522,546478245.810469,18195066.27995221
2025-11-15,28.135930484521765,481219977.87464327,16834628.555148225
2025-11-16,35.27683578726965,603797767.4048641,33724182.966154456
2025-11-17,36.32016402578803,627657288.9414696,40449649.74855598
2025-11-18,31.507485351195,539142757.920307,18536229.23863205
2025-11-19,33.5433336784603,574318583.6282178,20659035.692789342
2025-11-20,31.4153202192379,539663577.7326201,13697194.799428364
2025-11-21,28.98052468494198,499772435.0227776,13697427.229245534
2025-11-22,24.00490598900884,413412243.6038658,16458463.636480223
2025-11-23,22.574081102734908,388041339.44755346,8939506.953331945
2025-11-24,25.601539206634857,439507945.2753571,17881059.417286996
2025-11-25,23.789934324918935,407432897.7965313,8983554.356899804
2025-11-26,22.73751508926598,389651678.6972516,6231314.256216669
2025-11-27,25.457760450777776,440362240.078432,13742399.840364968
2025-11-28,23.91793589074856,409636380.46235055,7947964.575782759
2025-11-29,23.314980600804827,399508197.8536657,5374156.790667335
2025-11-30,23.512729540669685,403152239.0425524,7557765.704915924
2025-12-01,22.7187344593044,390337234.5929752,4333782.682596299
2025-12-02,18.98701422566492,325781891.5593346,9010597.35115953
2025-12-03,18.997932305984666,325856326.36207956,5282966.512206579
2025-12-04,19.480144575394277,334206251.352434,4785583.1535418
2025-12-05,21.75498691261429,373640563.93251085,16424408.629989725
2025-12-06,20.399983627857495,350137286.54357785,10226769.171831124
2025-12-07,20.43534341962918,350308567.00223964,7499111.346464247
2025-12-08,21.71845756750625,369075821.0229806,5396541.017117661
2025-12-09,22.350256364583704,382786024.9182432,10223390.02990898
2025-12-10,22.90167306234785,393007324.2483406,7689484.358555241
2025-12-11,21.278094870427715,366377948.418997,5447639.624742328
2025-12-12,21.038318976599324,360610316.9183857,4852172.577212183
2025-12-13,20.799422580409058,357293717.0276734,3257789.101592705
2025-12-14,20.588034070765328,353511550.71081746,1964930.788123192
2025-12-15,19.24162176744123,329650174.6973059,2273118.4541018405
2025-12-16,18.82260770023901,322888679.62991226,2328052.7623585714
2025-12-17,17.98753005435852,309326469.1803264,2205755.6930042277
2025-12-18,16.376613771420978,281553072.9838282,3375502.112188732
2025-12-19,15.615527911089409,268332281.106503,2792060.974163125
2025-12-20,16.633831005809775,285631526.81934863,1340648.2670376152
2025-12-21,16.76067126177781,287991716.12109834,1970103.8362689551
2025-12-22,15.9269522966942,273770935.73769486,1711076.2894755811
2025-12-23,14.838701241344085,255256412.514038,2721144.2467516665
2025-12-24,14.760083754232388,253674956.08001775,1594647.3527356205
2025-12-25,15.239274092242422,262084455.02768376,3057332.322605945
2025-12-26,15.443691673881856,265727491.2170111,3503525.0915000285
2025-12-27,18.329159133679383,314910069.2987804,23853505.735604458
2025-12-28,20.40605091132972,350959918.56859964,11595050.675414342
2025-12-29,19.01866740595105,326923520.2632517,6543111.7125816615
2025-12-30,19.00518463242722,326834296.67156565,4829010.736349557
2025-12-31,18.712979470686022,321703899.43405247,2871200.2460034406
2026-01-01,16.719269020769485,287724855.782334,3295828.74789052
2026-01-02,17.381995381923932,298930011.63530844,2904085.0520492727
2026-01-03,17.72888408829646,305021751.72718173,2291234.3348898333
2026-01-04,17.446194612940722,300251464.00649256,2288681.5180131136
2026-01-05,17.572957411889035,302386088.1300553,1740414.1351022157
2026-01-06,17.542861119813463,301541484.47857726,2114164.6283220416
2026-01-07,17.5660462542973,301808859.1097508,2920004.3475665115
2026-01-08,16.72678644749367,287830588.99038225,2175087.2430037004
2026-01-09,16.401727856402548,282130823.35727733,1983228.5292228365
2026-01-10,16.168540147141325,278427602.2699428,1660952.765906215
