date,prices,market_caps,total_volumes
2020-09-16,0.0015504293006271,0.0,15827.251535262989
2020-09-17,0.0015504293006271,0.0,15827.251535262989
2020-09-18,0.0021911767731156,0.0,56114.94917635116
2020-09-19,0.0015665260794873,0.0,65498.653940880125
2020-09-20,0.0015448084787848,0.0,26741.42133378026
2020-09-21,0.0016968399560357,0.0,23004.25621099296
2020-09-22,0.0012891821669573,0.0,94241.4902723659
2020-09-23,0.0014261995033646,0.0,110096.78864946996
2020-09-24,0.0010891405031497,0.0,99030.58990213776
2020-09-25,0.0010719476999757,0.0,122013.96684994176
2020-09-26,0.0010598792584865,0.0,53956.99552723144
2020-09-27,0.0010355195467878,0.0,52512.70421485463
2020-09-28,0.001005805317442,0.0,44768.93166722241
2020-09-29,0.0010399503519587,0.0,37227.99209965213
2020-09-30,0.0008064585090374,0.0,39489.79583977423
2020-10-01,0.000834381705134,0.0,71635.21294620911
2020-10-02,0.0008997766883595,0.0,86781.61368703506
2020-10-03,0.0008547012980242,0.0,118385.41459076748
2020-10-04,0.0009328663222545,0.0,62422.689374615606
2020-10-05,0.0009910525161237,0.0,148100.1822237439
2020-10-06,0.0011467083964139,0.0,192475.26368716385
2020-10-07,0.0009921021925863,0.0,177142.45457861593
2020-10-08,0.0008901532120564,0.0,140928.54976600947
2020-10-09,0.0009044385395599,0.0,147024.63257579092
2020-10-10,0.0006913355713767,0.0,64754.82619014968
2020-10-11,0.0006433945369027,0.0,141806.50474000184
2020-10-12,0.0006521903523487,0.0,132628.46556997905
2020-10-13,0.0007024057640394,0.0,154311.12701098563
2020-10-14,0.0005652452539098,0.0,122617.76369496016
2020-10-15,0.0004487470909146,0.0,210898.1152889551
2020-10-16,0.0005035609116539,0.0,245134.65511129485
2020-10-17,0.0005598333557423,0.0,209173.84031974227
2020-10-18,0.0005034833790171,0.0,190051.67528357613
2020-10-19,0.0004451041285991,0.0,220692.4624227124
2020-10-20,0.0003899067829987,0.0,218814.19729298088
2020-10-21,0.0003093638945923,0.0,186680.8307840577
2020-10-22,0.0003185568516369,0.0,51455.56815163885
2020-10-23,0.0003263863105332,0.0,223990.5346515621
2020-10-24,0.0004020859100739,0.0,235028.36600198696
2020-10-25,0.000340886076081,0.0,174157.93887555733
2020-10-26,0.0003471264984169,0.0,193685.73232625212
2020-10-27,0.0003080890233618,0.0,172820.80704847543
2020-10-28,0.0003150171635491,0.0,189466.72640399012
2020-10-29,0.0001979945832911,0.0,4306.667849208225
2020-10-30,0.0002794295212705,0.0,11385.951451248264
2020-10-31,0.0003016085561836,0.0,6302.256692405631
2020-11-01,0.0002902252396333,0.0,8479.145781173002
2020-11-02,0.0002679201413078,0.0,6856.845647340965
2020-11-03,0.0002960112861301,0.0,8897.675784242518
2020-11-04,0.0003131173795741,0.0,10540.964226853475
2020-11-05,0.0003816257651667,0.0,19913.96776382993
2020-11-06,0.0004160147263632,0.0,8777.431244670615
2020-11-07,0.0004495972170392,0.0,11092.705843415504
2020-11-08,0.0004017282586009,0.0,19639.285585059995
2020-11-09,0.0003781246847227,0.0,16553.013648813027
2020-11-10,0.0003931250406448,0.0,8166.811574535859
2020-11-11,0.0003603671840177,0.0,7907.361351165861
2020-11-12,0.0003474687146453,0.0,7366.047744064987
2020-11-13,0.0003545707623224,0.0,7661.883710418152
2020-11-14,0.0003827384627853,0.0,12452.68173171884
2020-11-15,0.0003772092150185,0.0,12038.129500412408
2020-11-16,0.000326665394038,0.0,9322.482356571172
2020-11-17,0.0003300267020876,0.0,20010.9048928296
2020-11-18,0.0003264831931597,0.0,46780.40205965034
2020-11-19,0.0003185498951376,0.0,11943.582974525732
2020-11-20,0.000335830472994,0.0,7967.858903327938
2020-11-21,0.000290856053986,0.0,7339.522306477604
2020-11-22,0.0002293440728761,0.0,13153.536874134126
2020-11-23,0.0002061362511743,0.0,9156.031275663225
2020-11-24,0.0002407703080569,6680625.241443439,12764.708168562527
2020-11-25,0.000254728977849,1872805.616946117,8383.625844573442
2020-11-26,0.0002571606874361,1919205.1650889984,14109.942824180232
2020-11-27,0.0002384889346458,1787075.2268230016,7099.062804251893
2020-11-28,0.0002664125349547,1943582.8121808155,8846.608897800066
2020-11-29,0.0002639909230576,1948748.562529512,15196.193377045973
2020-11-30,0.0002543588910911,1863304.247865607,7492.904051235272
2020-12-01,0.0002903602251529,2149999.52552082,14489.026726524004
2020-12-02,0.0003046295733401,2223075.709016629,13049.694516827782
2020-12-03,0.0003093305429252,2316552.4958914164,12491.894574108692
2020-12-04,0.0003011763321662,2230270.928058241,14975.16661794834
2020-12-05,0.0002960992484223,2193253.8726383583,7648.726723550458
2020-12-06,0.0002842671617868,2117158.2814522083,4265.618372499073
2020-12-07,0.000280383716936,2052951.9063055436,7744.008263297054
2020-12-08,0.0002814737398438,2081927.74940929,14281.954564197946
2020-12-09,0.00027964745506,2071803.255918841,14111.146984879348
2020-12-10,0.0002847088015013,2085617.908945187,11026.124887515083
2020-12-11,0.0002794141883258,2124388.575271564,9107.150905872146
2020-12-12,0.000270704983339,1977336.0646797651,8426.47313396823
2020-12-13,0.000257014292847,1912308.1933088144,7772.380094230657
2020-12-14,0.0002637287420502,1962446.848129988,10607.83941907986
2020-12-15,0.0002791764217432,1998778.8524872416,8406.60358697013
2020-12-16,0.0002665564917961,1998125.2995118997,3878.795223423872
2020-12-17,0.0002660410035537,2075329.3348917176,5047.38229589574
2020-12-18,0.0002645133704616,1810364.1053878712,3014.281178113888
2020-12-19,0.0002472443936182,1833943.29275827,953.2109269138372
2020-12-20,0.0002855052263529,2134801.828761625,140.0018274216033
2020-12-21,0.0002691365513964,1980125.3833699808,1057.145400389327
2020-12-22,0.0003121699349395,2338994.618929709,9555.435946044585
2020-12-23,0.0002701359694517,2018363.5585850931,5117.818205446469
2020-12-24,0.0002328040181994,1772259.3652218191,2672.591653375552
2020-12-25,0.0002436261354153,1831870.1156969464,1412.8750112695434
2020-12-26,0.0002739581399507,2046518.964138138,3064.1565435885386
2020-12-27,0.0002537282223025,1952689.268865749,1578.301907877347
2020-12-28,0.0002424550473278,1788554.936892606,3066.023015982795
2020-12-29,0.0002421991392995,1757762.5862787203,688.5592925094288
2020-12-30,0.0005758731759367,4346611.568271445,259791.1835453556
2020-12-31,0.0016391285461647,11563549.845348584,570795.4124661456
2021-01-01,0.0014946914209338,11278526.072849406,419675.2352938316
2021-01-02,0.0010264793301679,7740600.174539501,172817.07675631758
2021-01-03,0.001113563071079,8372406.320785664,117907.45869741506
2021-01-04,0.0010929861005924,8115968.507983185,53479.56203325554
2021-01-05,0.0013790534608687,10301208.068797462,43389.19813192885
2021-01-06,0.0014616064808522,10984026.24927125,83439.8980098667
2021-01-07,0.0013214100600718,9939132.693837626,39019.07876158076
2021-01-08,0.001246518657262,9152770.268822882,29419.69223033969
2021-01-09,0.0013177069084153,9843244.063610457,33193.9159936615
2021-01-10,0.0014867443572307,10448590.283255626,41847.85738452324
2021-01-11,0.0013093021170876,9953507.931074984,54301.47016836304
2021-01-12,0.0010626930895594,7969624.718913012,13003.211257783398
2021-01-13,0.0011125425468427,8343470.173532372,26524.725563810443
2021-01-14,0.0011223998842736,8431464.40509428,22418.01695249011
2021-01-15,0.0011772042994478,8887820.002679672,21032.010259178773
2021-01-16,0.0012037864298038,9095859.084775995,37653.14186109832
2021-01-17,0.0012009723137922,9070006.561011182,12441.217296093237
2021-01-18,0.0011436910865509,8691796.488058064,23722.20544564491
2021-01-19,0.0011314170247375,8569188.062175203,17786.586104290367
2021-01-20,0.001137606997042,8583806.29371179,23636.01903326057
2021-01-21,0.0011514917105113,8751212.669195252,26933.580688983708
2021-01-22,0.0012124033301581,9197224.97505972,102626.59776070937
2021-01-23,0.0012290720149262,9264339.04738936,30530.361097499877
2021-01-24,0.0011747052790375,9192699.179878289,55363.56834074413
2021-01-25,0.0014182218525575,10200249.057477688,58138.81523408533
2021-01-26,0.0013866436325191,10410369.465470375,28669.31733329149
2021-01-27,0.0015432673481573,11808482.392097684,73991.46826102975
2021-01-28,0.0013853245724208,10382770.732717607,31789.006077064736
2021-01-29,0.0016222584736935,12458668.51984702,72004.38329301783
2021-01-30,0.0035700054394563,25919461.33488779,839087.9099746073
2021-01-31,0.0030040122546844,22543100.4354868,421426.2927096064
2021-02-01,0.0031066724237365,23281823.01687124,181792.73623195203
2021-02-02,0.0030475218031447,23057199.888343625,209058.43211800832
2021-02-03,0.0043321040136764,33026935.753519192,392457.6721638236
2021-02-04,0.0071193419951771,53174811.55310005,1799328.7940022517
2021-02-05,0.0064184231005479,49267598.68687681,2013795.2372284376
2021-02-06,0.0073440108561863,53886086.54911686,615044.5093311393
2021-02-07,0.0090534380572322,68266851.694542,857621.7164116062
2021-02-08,0.0115622104447229,95879052.840347,3042267.3008527183
2021-02-09,0.0170996471798679,130889054.45932086,6635203.078846816
2021-02-10,0.015240862579152,112548519.1366859,5497331.176622023
2021-02-11,0.0157270530107945,120008251.25248632,2589101.77266066
2021-02-12,0.013626094495337,103884612.48582862,1508820.6807731905
2021-02-13,0.0130202220115711,99851687.0901306,1655757.4354729643
2021-02-14,0.0137812210677762,105868825.21143544,787093.3319139766
2021-02-15,0.0140948444086211,105763189.14568228,1025110.3953234229
2021-02-16,0.0136263000427742,105023098.45582272,534666.47895846
2021-02-17,0.0156253815998434,118478701.90564597,1144971.126074222
2021-02-18,0.0166152348463059,122549764.87232088,1362670.62295452
2021-02-19,0.0181966627628634,136783393.04176462,1289811.8332454024
2021-02-20,0.017712461837352,133437458.9287378,1174631.3753098196
2021-02-21,0.0176998102803283,132509763.23547782,566635.0276021444
2021-02-22,0.0169806929665999,128365276.15548764,582797.6199874602
2021-02-23,0.0161352469236859,120817762.04418153,511602.3824146944
2021-02-24,0.0154563596218557,116579539.4683807,617533.3134401435
2021-02-25,0.0225305983666047,169936960.95241746,3129544.804363737
2021-02-26,0.0244099854826192,185709727.14465183,3818981.170369181
2021-02-27,0.026872770737096,202672621.78231335,1849063.8623738496
2021-02-28,0.0327200727120193,244624261.7516132,1701153.3839659733
2021-03-01,0.0289966571616298,217988716.08992887,1473803.359707123
2021-03-02,0.0276893996427497,208300772.4454777,1259151.8316034588
2021-03-03,0.0261779760134158,200315646.5030335,984970.7852711312
2021-03-04,0.0303441706787475,228970416.1979714,1045947.7982693173
2021-03-05,0.030511144958546,225633760.8472238,1035759.9839327964
2021-03-06,0.0321230714497492,240712770.0141023,789267.7947958269
2021-03-07,0.0321519106485229,242686310.92696983,979096.9206528122
2021-03-08,0.0311423326731085,234556643.0816731,657844.5559594876
2021-03-09,0.0303135058177067,231231770.91596004,669363.4259303836
2021-03-10,0.0289526574137011,232923200.91309932,786192.6301268899
2021-03-11,0.0322890764909619,242880695.23323235,996886.4997889668
2021-03-12,0.0313358883386896,237130356.2551351,756712.3835994222
2021-03-13,0.0299754675480317,226002249.6999889,887293.4017922875
2021-03-14,0.0304964728467539,232310703.94117188,674570.8822233807
2021-03-15,0.0293565913908926,221421989.94078407,862759.7196008821
2021-03-16,0.02895001961625,218564042.67377025,812077.9579687573
2021-03-17,0.027353481728842,207711553.36195692,915536.4417811822
2021-03-18,0.0259386049251236,195519532.5874923,999515.0708224928
2021-03-19,0.0256588041177902,194244093.1200434,764756.3101999373
2021-03-20,0.0256329153116128,192550015.2689148,567077.4027937658
2021-03-21,0.0259701827586841,194192773.6399283,742512.1864632033
2021-03-22,0.02466170880051,184370607.8241357,402558.42378760665
2021-03-23,0.0228004551649143,166754262.10665888,420248.89897115866
2021-03-24,0.0241116755504689,179571349.2633092,406626.18560004496
2021-03-25,0.0226943609186594,173956247.28710023,828755.0643551266
2021-03-26,0.0236420822626658,177299736.31889918,423536.16213880485
2021-03-27,0.0268557090718041,202646053.5629069,793551.3275151757
2021-03-28,0.0281318517740914,212533078.75712264,876180.2130485894
2021-03-29,0.0287336547230817,211663795.2967553,856965.1674355676
2021-03-30,0.0279507233015075,205968752.0471533,854302.987225696
2021-03-31,0.026284812659476,196898355.48355752,738584.5559096405
2021-04-01,0.0258215655211555,195028330.50209484,453875.88339570136
2021-04-02,0.0238571448780722,179942433.46818373,603072.4084140938
2021-04-03,0.0250401314214113,188871897.1493784,624376.128919828
2021-04-04,0.0247067506516694,186951565.8830121,629546.075210843
2021-04-05,0.0243160269579663,182924281.15426368,357180.9353075316
2021-04-06,0.0230860183277778,172811355.23898783,471962.24703634175
2021-04-07,0.025889854110812,194576421.5201212,1643452.1990222274
2021-04-08,0.0251481174325524,184832562.17405352,860787.6970004136
2021-04-09,0.025049554938411,187981462.7986889,855565.2970542186
2021-04-10,0.0272940008152959,205647347.32754835,737106.0380045514
2021-04-11,0.0268953791436369,208033131.9315744,564772.1491017945
2021-04-12,0.0265192374020887,197806504.4370783,483667.9749100247
2021-04-13,0.0262635980662694,198403325.82672316,314002.07858048094
2021-04-14,0.0260002786395233,194212234.50503775,525238.8938081082
2021-04-15,0.0261439432208178,199490602.8671889,609945.4905957249
2021-04-16,0.0264299140736745,197910933.84010425,542249.530888189
2021-04-17,0.0245740914521229,186475669.50869,669639.3310377436
2021-04-18,0.0256064593228937,193136631.6721585,384386.299480882
2021-04-19,0.0249247315601417,184332470.19412032,803767.5301946667
2021-04-20,0.0246946544607716,186318505.65242824,288751.4493014864
2021-04-21,0.02650153883336,199748005.5185926,1133390.4393870514
2021-04-22,0.0244500390888822,187924078.99772504,495546.37724789575
2021-04-23,0.0230270836435191,175372209.55616933,295601.0054155968
2021-04-24,0.0231080751633799,170733769.1440702,482691.8580880925
2021-04-25,0.0207431856041922,156304372.0695929,304072.3752949272
2021-04-26,0.02125898960425,161370652.4882524,358188.72965965484
2021-04-27,0.022290923739295,167343817.70763016,433410.937039784
2021-04-28,0.0207263004864165,159187840.60692787,661156.432126244
2021-04-29,0.0200004934912298,149265656.55310127,1015575.90089621
2021-04-30,0.0189592393788693,140860681.54269353,384240.0070495633
2021-05-01,0.020842823144437,157457274.1107344,1737385.328520032
2021-05-02,0.0208463896938134,154129049.86659315,1043915.4166591776
2021-05-03,0.0203318455218226,153327982.48129103,837859.5522863212
2021-05-04,0.0199314991640345,150732818.72855902,422913.7256082321
2021-05-05,0.0201039587502237,148186410.7741777,929551.60249092
2021-05-06,0.0194021512512442,146903579.24203995,421782.6107631836
2021-05-07,0.0184780320646033,139587399.63845223,524355.9193152261
2021-05-08,0.0183999950718932,138461723.77103567,339218.6077484596
2021-05-09,0.0181563248363242,136003765.61763933,487471.5041086997
2021-05-10,0.0175058174486773,131884647.9792118,398791.9462283158
2021-05-11,0.0154991191243621,116247327.9558682,325238.2008055884
2021-05-12,0.0150082258273045,112405064.3638604,556243.0093849024
2021-05-13,0.0133519237919883,105540141.79936671,379149.4022628234
2021-05-14,0.0136217684497715,102162891.81400728,381260.2111835218
2021-05-15,0.0139432610082493,106347765.84234212,749571.0889824567
2021-05-16,0.0138752018803548,104640269.5383708,260684.4655191164
2021-05-17,0.0160969065382761,121120061.84960768,445319.77991867
2021-05-18,0.0155036182373416,117511286.42352907,1064080.0026477482
2021-05-19,0.0176155608973416,134287197.9871817,412185.9977049167
2021-05-20,0.0135552545052403,101838493.99928232,390722.8248276609
2021-05-21,0.0124980768253123,93588932.61535038,256291.89763633453
2021-05-22,0.0124401081796487,93601533.59102696,292389.43538821803
2021-05-23,0.0115290698878953,88500554.49155058,345609.8394400314
2021-05-24,0.0100372265627904,74820021.386227,272540.28775861906
2021-05-25,0.0124413188288697,93822437.3608318,223731.6494822523
2021-05-26,0.0119817185849045,92441614.95625602,194175.9598388285
2021-05-27,0.0133120820942337,100334536.77407284,318008.7139152147
2021-05-28,0.0116109036871737,87575201.26203713,175769.72043044344
2021-05-29,0.0109716754417345,82752700.80193825,139720.65862654362
2021-05-30,0.0104831774219979,79299370.8881239,70618.0761828045
2021-05-31,0.0108742643581883,81950100.23620586,73699.94304694579
2021-06-01,0.0124386736903215,95004732.9130554,238595.82539048156
2021-06-02,0.0129401926121676,98470350.58895834,234519.95988301293
2021-06-03,0.0125533572886804,94677695.28841352,108231.5189312116
2021-06-04,0.0131702753734123,102730134.5177784,118326.65539932252
2021-06-05,0.0121821103967409,91958369.0058537,153729.63527157504
2021-06-06,0.0127255730950465,95012896.65629108,279438.4488998759
2021-06-07,0.0145284637597748,112350691.96494256,744050.8280318785
2021-06-08,0.0122615194721563,95110747.48992965,469994.6325124965
2021-06-09,0.010963656939017,84353561.1776413,965456.6084023468
2021-06-10,0.011161352525425,84287233.66502193,559919.6810646105
2021-06-11,0.0109266941789151,82335980.45487975,521611.3988071609
2021-06-12,0.0100734215376533,76507743.30390516,518331.35774389375
2021-06-13,0.0098811177187254,74875941.3006312,588449.6331856158
2021-06-14,0.0102081292318871,76994779.74130043,605456.0113608834
2021-06-15,0.0100290919451763,75601785.8626141,620422.1031197251
2021-06-16,0.0098386765822051,74319389.73207325,571862.2531841376
2021-06-17,0.0095520123838038,72073648.58345991,335103.2151268888
2021-06-18,0.0092648887062765,69880391.31001033,531128.0529385379
2021-06-19,0.0096192147944391,71991525.1846576,598898.8882792696
2021-06-20,0.0097025189185391,73641263.15961592,665908.2500836567
2021-06-21,0.0089279598103213,67345802.69182639,378641.5759502307
2021-06-22,0.0069455846253417,52655408.51255612,440647.7579757584
2021-06-23,0.0063712048549921,47966639.81227051,521904.7321570083
2021-06-24,0.0064939260176445,48421450.09473968,543813.5256872871
2021-06-25,0.0065324503106821,49258736.54234678,560427.3350513158
2021-06-26,0.0067383358296881,50881580.297756575,383908.8599128421
2021-06-27,0.0070180259594179,52681484.07498718,304257.26038330974
2021-06-28,0.0073919251878149,55875509.276461214,278500.3452618714
2021-06-29,0.0086090860064225,64727413.96014038,670512.7364018406
2021-06-30,0.0084749312789271,63712827.7386769,422335.76397220977
2021-07-01,0.0087195219420333,65813740.1735744,494148.1870495756
2021-07-02,0.0087750001873552,66185408.83522768,427459.7267294126
2021-07-03,0.0082892735284762,62453792.13650006,361585.5498023127
2021-07-04,0.0091404869893692,68907118.54959247,451475.2668194422
2021-07-05,0.0088739042025542,67195077.7796122,870982.2067037269
2021-07-06,0.0084716109814382,63718494.65445273,743709.9713679174
2021-07-07,0.0082773218608616,62456568.71073034,684399.0954049903
2021-07-08,0.0081220325529881,61291259.72532626,779994.4324491092
2021-07-09,0.0075192815981045,56679354.28915715,625095.8186255835
2021-07-10,0.0071287057639921,53758702.55211625,616833.6495395838
2021-07-11,0.0080823858941081,60961367.902472176,813169.4639336043
2021-07-12,0.0084302643605726,63595901.87885918,724505.1575026651
2021-07-13,0.00809175664018,61010237.94495481,641690.5011831389
2021-07-14,0.0135311014511299,101458708.59909289,1777546.5478427974
2021-07-15,0.0145525802632623,111724798.8427228,1740023.620682643
2021-07-16,0.0146499449462951,110553474.94671851,1511151.7633593492
2021-07-17,0.0128238363633258,96585808.02910613,999998.0921449198
2021-07-18,0.0122851651276565,92903553.19099782,856682.809045269
2021-07-19,0.0134516883358106,101131541.8331925,1033061.142901566
2021-07-20,0.0116953703367198,88219179.02676055,876524.121777175
2021-07-21,0.0111209264420341,83841049.76349486,782731.7266958158
2021-07-22,0.0119609844749458,89986833.50860901,801352.4696432606
2021-07-23,0.0098874173536485,74521905.45792226,632124.2103944619
2021-07-24,0.0108569847350096,82033110.18861268,1152067.2709114596
2021-07-25,0.0166493081412011,125407877.96631607,4238568.307045356
2021-07-26,0.0189492908583569,141731791.00307238,2431405.494563787
2021-07-27,0.0191288843013983,144351605.1757971,2608189.0767823844
2021-07-28,0.0253620940719543,191069468.9572709,4256723.136830191
2021-07-29,0.0282995336914638,213387807.1408154,7204232.345476636
2021-07-30,0.0247979224086961,187430940.7402042,4119836.608627718
2021-07-31,0.0216133087360278,164838860.52199468,3052837.960347083
2021-08-01,0.0255740724277896,193812886.1043016,3566934.827534528
2021-08-02,0.0228025768646641,172438095.08492666,2745179.694424652
2021-08-03,0.0197608891498959,147667698.08298185,2358542.3645411334
2021-08-04,0.0182353363777956,137185697.36899397,1381572.020572211
2021-08-05,0.0203007815722945,152154825.58635056,2058141.6914327615
2021-08-06,0.0198164549568298,149641858.07325038,1357688.4475851946
2021-08-07,0.0175955490081496,132714368.082044,1551243.5153968397
2021-08-08,0.0175261736458855,132110989.08258966,1399668.506571375
2021-08-09,0.0184850475317314,137149560.03744456,912732.6979665692
2021-08-10,0.0182073532891152,139013663.10925442,1053170.816839598
2021-08-11,0.0202627736257536,152097036.65540117,3165808.445423327
2021-08-12,0.0246661733766147,186195741.1494673,5246049.209723116
2021-08-13,0.0222434466538205,167601163.64747208,4838369.6522522615
2021-08-14,0.0207007636889388,158528116.69375068,6692762.502777597
2021-08-15,0.0189236210570562,143556294.66038355,3225393.813519519
2021-08-16,0.0185814822781092,140143445.19790488,2056334.8604012823
2021-08-17,0.0186269548692415,139840024.56474194,2155294.661190518
2021-08-18,0.0202153980523256,153473962.56231612,3406662.375969762
2021-08-19,0.0199038846159622,150147601.8740146,2765484.4030362824
2021-08-20,0.0206401785797979,154165512.39678696,2729778.628083116
2021-08-21,0.0211498635473934,159484251.6042497,3439883.0870597907
2021-08-22,0.0207070828418345,156974410.25989217,2205999.954811841
2021-08-23,0.0255192584715236,194171749.22220868,9089096.314674886
2021-08-24,0.0271609954462328,204869290.29043156,14918514.19080273
2021-08-25,0.0274681001341983,207178051.1103125,9091577.61840452
2021-08-26,0.0289091573724599,217601650.58359447,6064625.315267449
2021-08-27,0.032585702095787,245421877.1484708,16474706.996409468
2021-08-28,0.031045769617399,236541266.2596895,9944160.280405397
2021-08-29,0.0298937575660692,225602867.47186136,4012408.164301125
2021-08-30,0.0286336087425579,216637928.05961475,3691325.34076146
2021-08-31,0.0266178833922456,201185192.22742188,5887679.651946771
2021-09-01,0.0251882680389454,189989752.61087272,5926899.449810312
2021-09-02,0.0262216523468325,198237891.25216576,3254809.055798832
2021-09-03,0.0256704896109938,193652246.54112065,4172681.337622288
2021-09-04,0.024116382942498,181660185.88919932,5251223.6418906925
2021-09-05,0.02372073746981,179287840.36724246,3088230.087607716
2021-09-06,0.0239499523269904,180582508.8909473,2744470.794870852
2021-09-07,0.0241214273696508,181709976.22942123,2719218.8419085154
2021-09-08,0.0230781833799257,173034750.44225562,6623036.324324288
2021-09-09,0.021205720774815,160272755.51345742,3997228.953442816
2021-09-10,0.0221434077997762,169879752.441655,3510411.326919644
2021-09-11,0.0212797388196793,160463801.0579465,2449641.156105003
2021-09-12,0.0213141488655834,160792363.20489553,1971667.291523625
2021-09-13,0.0212073653666696,160163914.21183258,2636551.8047039537
2021-09-14,0.0477257170670722,362430327.1121747,835254266.3657734
2021-09-15,0.0444984656556057,337834814.8633946,154256632.81985673
2021-09-16,0.0527939850129373,395917602.4801794,102342249.77695584
2021-09-17,0.1025318646833474,768504820.9329096,2569968802.206285
2021-09-18,0.1133727701218584,858722311.33295,949570071.5707002
2021-09-19,0.1171406479047103,881795922.6297032,1206219127.6504045
2021-09-20,0.109507266798964,825972965.7925472,514498109.6705582
2021-09-21,0.0894465854663847,668068382.6073717,457530490.91783154
2021-09-22,0.0984396802424394,735154436.9504008,592074587.6892601
2021-09-23,0.1079852311884756,810222696.2971723,345550503.8017017
2021-09-24,0.1135746153054026,857433647.8816172,350469168.46087545
2021-09-25,0.0972148830925705,734047140.8171502,289185267.1361244
2021-09-26,0.0928590490712449,700807648.4066186,151418016.3642175
2021-09-27,0.0871338803452319,657024571.0498147,186586067.41574425
2021-09-28,0.0841787998816822,641213758.6715168,145203040.55168763
2021-09-29,0.076594279221747,589107429.4453189,98286243.1478558
2021-09-30,0.0829552185799038,623455964.7718034,148758610.48826593
2021-10-01,0.100395307810005,754570580.393295,271343762.8696591
2021-10-02,0.1010801840437989,763015751.5916281,308724247.94546485
2021-10-03,0.102125133846553,770375398.9679626,233101368.8918964
2021-10-04,0.1155087469310329,871813791.2105494,444981434.8781384
2021-10-05,0.1122314634581071,846670596.7088197,297192319.4953962
2021-10-06,0.1051899419914748,796345727.3990829,158730377.62714964
2021-10-07,0.0993987781165105,750151977.9405525,164585938.91028774
2021-10-08,0.0964864672656223,725760572.8033113,125934260.53872676
2021-10-09,0.0988633404011451,746408462.6986694,122507432.607888
2021-10-10,0.0992986753682927,750652746.6008961,109843363.48167096
2021-10-11,0.0910134026321899,686524202.8050562,84577181.64093731
2021-10-12,0.0886766064128932,667923475.7781395,92118098.70559914
2021-10-13,0.0852863850623096,646144290.543189,131331735.85093172
2021-10-14,0.0849320909127677,641072213.0987328,124235549.71208335
2021-10-15,0.0916162843375947,692204590.7974099,190238127.62097847
2021-10-16,0.0897603934795406,676892495.1630894,148096673.50312036
2021-10-17,0.087003024482479,653745406.0624654,83524026.21757077
2021-10-18,0.0837820592203795,636344543.6173116,71884555.00057371
2021-10-19,0.08346576841124,625276203.5969352,43089526.36789314
2021-10-20,0.0835409139051652,629076243.5495276,33014166.47930023
2021-10-21,0.0867900807978047,657314738.0893306,77419107.08670321
2021-10-22,0.0833122190544499,629168518.9598261,66809963.53951334
2021-10-23,0.0841744597481628,635046046.8681555,43036034.50200884
2021-10-24,0.0847187822405173,638779304.2231354,31815461.20369096
2021-10-25,0.0820702676910119,619049319.9450924,45823063.89266931
2021-10-26,0.0848160577807878,639746151.778661,39794992.98177944
2021-10-27,0.0901350072599272,677592660.8213415,87541352.90996602
2021-10-28,0.0751935683431238,568136438.2588679,212312992.61605683
2021-10-29,0.0804496767927731,605609639.1258929,108141645.307013
2021-10-30,0.0923626502344823,698952254.6733154,233441286.60602012
2021-10-31,0.1047641376892677,790271079.8762411,378863801.3796418
2021-11-01,0.0958726942332583,724307461.5716559,189590858.3581473
2021-11-02,0.0910454661092659,687308022.5726336,101467526.50608192
2021-11-03,0.0968365286968696,728303620.7331318,196158033.3470613
2021-11-04,0.0955335888096277,720619212.4249704,117896774.76494776
2021-11-05,0.0922720338143908,689552166.4850048,74391750.8664234
2021-11-06,0.0916714579052945,689730720.6784073,57015220.08509453
2021-11-07,0.0907667098700615,680068244.1034139,56404990.06879717
2021-11-08,0.0909725400796606,686537787.561507,35573999.29807686
2021-11-09,0.0916651909236511,688217075.4019926,47684068.30657125
2021-11-10,0.0891913392451319,675591865.7515426,50761096.75594135
2021-11-11,0.0821653567798222,619608730.7061794,90834776.45890737
2021-11-12,0.0862600697686338,651246114.5977428,51789641.59014589
2021-11-13,0.0842873738724524,635158980.3262197,60780486.41705555
2021-11-14,0.0946598395313961,713041680.007798,217321925.45439684
2021-11-15,0.0937324640474858,702625898.4371475,93531256.57624494
2021-11-16,0.1205727272289682,895218431.8364831,435932284.7851341
2021-11-17,0.1164227845875588,889318286.551937,1059744039.1236836
2021-11-18,0.2323826833872001,1797855126.4883,2795114944.050799
2021-11-19,0.2318513356708589,1766358772.5921867,2437943676.9237804
2021-11-20,0.2338780157375898,1747706239.1907623,1320483069.840377
2021-11-21,0.3521752285782423,2647569475.723996,3309560197.826333
2021-11-22,0.376002129404344,2842322386.793068,3159654473.0890827
2021-11-23,0.3918088813135474,2955726236.610836,1787529952.1875825
2021-11-24,0.3778654202273405,2849805300.8119903,980498167.461778
2021-11-25,0.5725774888668089,4286043844.9583225,3498878713.286837
2021-11-26,0.7192389817668723,5417820442.161443,6304469382.316181
2021-11-27,0.71451771634628,5389033211.406183,4744263036.584365
2021-11-28,0.6576820398662881,4903671570.801777,1959714377.526024
2021-11-29,0.7125621556884096,5368027154.697147,2232526608.4831457
2021-11-30,0.6501129839244285,4979988632.197703,1517910708.865083
2021-12-01,0.6174510506945615,4649327087.355495,1067047667.9522206
2021-12-02,0.6477830936120582,4885795068.117836,1052206726.1544912
2021-12-03,0.5839835120195281,4405153142.464162,914336349.8788564
2021-12-04,0.5071279978958644,3815029651.2107606,948475840.1406091
2021-12-05,0.5681845476211382,4305631072.975868,1971131506.3487809
2021-12-06,0.4854219926499564,3667304136.395257,1368407328.4559617
2021-12-07,0.5118613655427736,3840597903.622725,1136388333.595561
2021-12-08,0.4778461049520137,3597295849.0568347,826962947.5265871
2021-12-09,0.5006658371720806,3775188723.185308,538544747.9277902
2021-12-10,0.5004742103794065,3821908600.122712,1467687462.988341
2021-12-11,0.4808236277433014,3653005758.948408,724721315.2363092
2021-12-12,0.5568947509538761,4185057652.3752537,1204081702.1752093
2021-12-13,0.5938740881106457,4485522857.150501,1540489126.6846075
2021-12-14,0.5058863309524845,3817573165.80955,990850687.6144586
2021-12-15,0.4988525288476706,3756491742.4136944,798972720.2002606
2021-12-16,0.4982060625807192,3737616757.095029,771775574.7310526
2021-12-17,0.469070188452619,3534385189.862954,507225861.7718066
2021-12-18,0.4525895892664442,3413674008.769592,586559315.8722444
2021-12-19,0.462201740696453,3481067627.5408087,485854532.5992914
2021-12-20,0.4451202424694965,3373263220.541753,372957946.4530802
2021-12-21,0.4322350288945087,3271519491.3210664,427870479.732048
2021-12-22,0.4433686754189974,3374266359.560679,321149664.02783114
2021-12-23,0.4400715930122748,3318708830.7734246,368528859.0332481
2021-12-24,0.5154388031835294,3872738623.4300265,907732104.9734728
2021-12-25,0.474810801343992,3581296448.3260465,636715859.400707
2021-12-26,0.5017056553500218,3789360682.842389,521710143.7102414
2021-12-27,0.5125987781540995,3865006860.834739,568962089.583819
2021-12-28,0.5406761126163893,4100949703.7055016,736023702.6566778
2021-12-29,0.4689434702172818,3556136032.31434,717939424.5386068
2021-12-30,0.4490689218195798,3346954199.072029,509234222.1274876
2021-12-31,0.4618834116307956,3478234690.901935,527172893.8102054
2022-01-01,0.4545585010349548,3436332243.1991854,392620147.4449648
2022-01-02,0.4629421606202472,3492596283.4390497,286519312.5769544
2022-01-03,0.4571911266237284,3450877966.31372,306742351.54118
2022-01-04,0.4421018061690265,3347419609.396079,351178964.2522926
2022-01-05,0.4273915508585159,3248723470.910738,429908244.16586834
2022-01-06,0.3798435227439377,2843865596.756956,635582537.2118604
2022-01-07,0.3846431965276512,2911154396.7724743,710068929.8162148
2022-01-08,0.3428450872416008,2578665592.590036,657658353.8242143
2022-01-09,0.3159030830000239,2392973385.089991,438704643.1402596
2022-01-10,0.3273496376151032,2473647062.258141,384450426.28180987
2022-01-11,0.3071267448533954,2314491831.2069163,440719134.7832672
2022-01-12,0.3210544771708984,2423444132.0768576,334332113.655098
2022-01-13,0.3594803655996665,2714666151.081882,556878266.4310143
2022-01-14,0.3266709844446083,2475507828.36191,534288366.4218065
2022-01-15,0.3243525909250315,2433354922.456366,384159661.1837042
2022-01-16,0.3371162813232524,2536508159.6190534,430798602.1788108
2022-01-17,0.3283323736981146,2476865739.372928,371689070.5575908
2022-01-18,0.3050964729298812,2305238271.062279,364741414.6988868
2022-01-19,0.2999560140836984,2265268188.207019,500377364.7022755
2022-01-20,0.2786502680240276,2110749516.8347623,357979836.5408154
2022-01-21,0.2611494404081228,1978118947.4825091,320461108.9334563
2022-01-22,0.2164957026073738,1634359958.060767,628593861.4737957
2022-01-23,0.1810720566282519,1356384801.7476804,760071579.9583914
2022-01-24,0.1972093959201242,1487525337.1314485,522227639.1477929
2022-01-25,0.1849273993759198,1395421703.6521258,520019074.5508665
2022-01-26,0.1876766287830547,1414095096.6729238,355547578.0017713
2022-01-27,0.2110088731956028,1614589399.7911615,719463199.2265116
2022-01-28,0.1896875180090276,1430717454.3948345,526722647.0714919
2022-01-29,0.1903158209998659,1437237433.092337,329173828.343679
2022-01-30,0.1927569804472514,1448685503.757407,305941856.4849975
2022-01-31,0.1904036827911956,1437691024.3520594,507733742.71250176
2022-02-01,0.1982193645174937,1492785269.7110865,367228795.2564876
2022-02-02,0.2045976438438324,1543649461.5221624,439075329.91238827
2022-02-03,0.1871890254826567,1396122252.0963404,362833936.4489824
2022-02-04,0.1862842629423245,1400186539.44811,353186406.7941763
2022-02-05,0.2031312022297005,1522776596.944556,359214770.44067514
2022-02-06,0.2926284513614126,2220397848.360652,1616346990.458083
2022-02-07,0.3213843831471574,2432694671.658761,2206321253.431986
2022-02-08,0.3486452825120891,2638452636.2518907,2009297140.905149
2022-02-09,0.3794964548057142,2804950965.474757,1617899685.7924275
2022-02-10,0.3577052374547659,2688514166.6313705,1362535018.9072952
2022-02-11,0.32761550725498,2490098118.625252,1027641931.1990876
2022-02-12,0.3071236360520916,2316130037.46762,877019281.3599112
2022-02-13,0.3083971206701909,2330553985.882712,751371327.4656703
2022-02-14,0.2822788093881673,2130694917.8617184,565043089.1067317
2022-02-15,0.2956701973012137,2213669232.1987925,757523561.2748095
2022-02-16,0.3545002463411859,2688047189.9521,1378573259.5027368
2022-02-17,0.3342414134814878,2532997138.2756977,986637211.2497064
2022-02-18,0.300939355553499,2282612179.823167,922275417.473278
2022-02-19,0.2901912103106656,2198204590.0609074,793021628.6568207
2022-02-20,0.2821246614753575,2127530756.036363,561162801.6367297
2022-02-21,0.2525385334742727,1914503392.098896,725737387.5490403
2022-02-22,0.2254869351442908,1701022738.9015756,1010703588.1845073
2022-02-23,0.2420436527365861,1822661669.4886923,935638603.2627076
2022-02-24,0.2195339007600897,1658881372.0216117,920448652.6282
2022-02-25,0.227894026686121,1716836261.4009912,1482158905.0292714
2022-02-26,0.2585873324890027,1954169493.8862133,1235871916.3666852
2022-02-27,0.2482671105013488,1871597815.7471173,772934507.6509513
2022-02-28,0.2323443464450029,1750034197.4821389,685899677.9675035
2022-03-01,0.2602413059542975,1949694823.728336,852777934.4120483
2022-03-02,0.2589657253472994,1953609897.1651623,1180849603.9020934
2022-03-03,0.2540757706313695,1918605257.9264324,837378612.0995513
2022-03-04,0.2437024454900494,1840285549.2495067,575396140.5381007
2022-03-05,0.2226331754977265,1682118181.6442757,558887530.2432119
2022-03-06,0.2320062977032965,1748186293.3833468,395910954.615751
2022-03-07,0.2173614438855574,1639058287.5099142,428508495.4700129
2022-03-08,0.2156015644900976,1627036768.7936666,529633334.6175041
2022-03-09,0.2197502660925585,1659705706.819178,548677831.2371173
2022-03-10,0.2334516402449815,1753617055.351377,569583228.5712752
2022-03-11,0.2172014697540915,1641051592.407791,427349993.8341652
2022-03-12,0.2122969589413427,1605754745.6020622,397730777.23905903
2022-03-13,0.2142489082376313,1615219531.6711884,261786237.96080396
2022-03-14,0.2167378112316387,1626360915.128989,803117432.5402324
2022-03-15,0.2195117932789834,1650135707.175081,487604543.3243418
2022-03-16,0.2156139406503942,1629834069.3570766,373244114.7597564
2022-03-17,0.2389170348452965,1727139729.6291273,652820470.9873734
2022-03-18,0.2277694203173747,1719236058.8942957,515594184.5308648
2022-03-19,0.2310998836810421,1751259786.6640875,445674261.9722917
2022-03-20,0.2493569732404544,1882318830.4988213,744467120.3011242
2022-03-21,0.2333306497839816,1760019284.4609275,592266328.4544011
2022-03-22,0.235959247491724,1772710695.7737672,517954953.11109126
2022-03-23,0.2410434334198709,1815488914.4860368,724432866.3234537
2022-03-24,0.248972904705773,1870666558.7263465,610433621.2570127
2022-03-25,0.2524230102947013,1908380907.498139,784491622.1552268
2022-03-26,0.2449013632392053,1848733362.4219728,854378644.832905
2022-03-27,0.251288330358992,1902819896.214948,388064125.7298325
2022-03-28,0.262686972938112,1978738308.086564,459941486.54807127
2022-03-29,0.2628686740300964,2005190394.226715,1095087263.4033458
2022-03-30,0.2714533167989664,2036435192.1139407,805258593.7655228
2022-03-31,0.2722673140123051,2058255603.7773852,715008079.4296753
2022-04-01,0.2540569251630521,1904534004.696117,806940085.9135445
2022-04-02,0.261746794190399,1972488716.2630131,714675699.6122295
2022-04-03,0.2550938603839195,1933232190.691019,609292261.2253602
2022-04-04,0.2644911869326179,1991900487.107098,431592388.5823898
2022-04-05,0.2565207626744771,1935631313.362553,441594128.2087467
2022-04-06,0.248951567901961,1892086478.5910487,399944021.8681168
2022-04-07,0.2204461984068395,1675363695.8880825,577631972.7381203
2022-04-08,0.2285621777736002,1731466975.8891027,353037227.4814604
2022-04-09,0.2135217533029456,1600022881.4086685,306293216.73747104
2022-04-10,0.2260001011676378,1703539728.9908464,212868107.44342712
2022-04-11,0.2160734750956177,1636922568.8509138,206997020.49159467
2022-04-12,0.1927427103629977,1457628746.8612733,424964883.9967494
2022-04-13,0.2025028042890137,1527376707.2349195,350809135.3980122
2022-04-14,0.2072711588709421,1564685307.2007258,268927310.41861767
2022-04-15,0.1979117499237528,1494752287.40792,329308018.61544794
2022-04-16,0.2016895118456701,1521284093.2932715,203937821.4262492
2022-04-17,0.2030852783180227,1535195612.44388,163932212.17737654
2022-04-18,0.1924861105717636,1450585344.673659,189891826.0466316
2022-04-19,0.1952300204486742,1473055226.8396647,366613102.9245156
2022-04-20,0.1995770370357693,1504645860.6216433,364334336.3950619
2022-04-21,0.1958110874384812,1475837237.942473,515883102.8979436
2022-04-22,0.1894101980764086,1425379632.8741386,391918343.3112045
2022-04-23,0.1924080312080023,1452977563.7218869,296758125.5825705
2022-04-24,0.1883152722518096,1420489914.045469,187162734.97424185
2022-04-25,0.1868847990481675,1416344138.03965,172759110.3412569
2022-04-26,0.1825063258985912,1378919948.6170812,372985001.6004732
2022-04-27,0.164041624683194,1236236213.048269,259711691.8701124
2022-04-28,0.1732621691637186,1302691055.8783882,216768944.56353277
2022-04-29,0.168605566866249,1270945887.7964988,246426634.89085945
2022-04-30,0.1552000291805181,1168874763.354102,263341750.37313965
2022-05-01,0.132268147817289,988891941.4802614,288530805.3922688
2022-05-02,0.1431208358989129,1078673822.4925654,346071261.6263142
2022-05-03,0.1358612765342849,1025055720.9042164,270313708.58378386
2022-05-04,0.1358912897606488,1024819348.2149248,246142642.10899612
2022-05-05,0.1617385266641565,1217811291.726227,501420820.86739856
2022-05-06,0.1391155785879671,1044472424.3228716,470392598.22811294
2022-05-07,0.1441944882773488,1088510301.7648892,407487915.6362807
2022-05-08,0.1358561974206995,1026650056.2759992,252712604.443808
2022-05-09,0.1304118288153812,984760025.6263032,229718040.0761245
2022-05-10,0.1056113123953723,809074187.0618608,395720095.71262246
2022-05-11,0.1091540129162796,821281148.4806844,576536576.097235
2022-05-12,0.064542439282505,507721620.3945098,609495180.3122652
2022-05-13,0.0687885721080539,522629505.4726195,494860072.4561338
2022-05-14,0.0916929214615611,693259931.4223529,1095908787.9707007
2022-05-15,0.1002919923655285,733926858.6809511,533991838.02702487
2022-05-16,0.1001447960071341,751282887.4712465,362542524.6274002
2022-05-17,0.0859671809860816,648868195.3914294,335834377.69859725
2022-05-18,0.0896836114311391,676016219.8025955,238409587.7082128
2022-05-19,0.0774452709498488,584780272.7169762,222359227.59928632
2022-05-20,0.0862839415736297,650124365.4975853,282643455.2922705
2022-05-21,0.0822391690356164,622628676.7592688,283088473.6854223
2022-05-22,0.0858606520489382,648961713.8102801,187479979.4769735
2022-05-23,0.0852295125314185,645224543.7958708,180736147.07262903
2022-05-24,0.0800350158286128,603015829.3821417,235434766.84135875
2022-05-25,0.0835117368700576,628866526.057898,174320416.17048422
2022-05-26,0.0801628264869203,605424546.4720157,173963275.48025697
2022-05-27,0.0736815097405436,555623121.4715482,243353123.4786389
2022-05-28,0.0699662090132445,527387223.7543257,201234520.69385144
2022-05-29,0.0726397510270793,549241943.5140768,106614798.38006473
2022-05-30,0.0785953542853422,593134501.9535882,130189850.5656068
2022-05-31,0.0841705884985699,635538777.7085732,224367363.39793536
2022-06-01,0.0831089932414927,630174818.7391249,235012236.64404035
2022-06-02,0.0739392272471835,558109681.4122103,220663074.08110443
2022-06-03,0.076529384788585,578686066.362055,151837386.87048385
2022-06-04,0.0735814877259068,553989511.7183518,138003209.30015028
2022-06-05,0.0746605308454007,561570586.2774802,108675301.73178284
2022-06-06,0.0745469596962013,563442723.2640997,95311318.76529709
2022-06-07,0.0880562607014983,666589853.4007926,251878835.03177807
2022-06-08,0.0785884198804562,597979944.1496595,477752833.59352
2022-06-09,0.0751701208269011,568472411.7543311,212374123.71531293
2022-06-10,0.0758865468406852,571265747.0128655,125570743.39723554
2022-06-11,0.0691437057867571,520491114.6589505,172407560.81549224
2022-06-12,0.0626098491194649,472093671.74147314,146323773.79428715
2022-06-13,0.0576251668164659,438803685.32287365,175450403.13217387
2022-06-14,0.0587025686624127,439194791.351225,391756879.39862674
2022-06-15,0.0612392627337031,461675968.83278495,407994878.96972144
2022-06-16,0.0650157690777446,490706146.8061729,364807712.7803984
2022-06-17,0.0551639168297044,415087002.335102,212446706.9978206
2022-06-18,0.0570942815511659,431928092.1781469,127259762.0006427
2022-06-19,0.0535274127118097,403506697.68831664,183725960.58251053
2022-06-20,0.0560336267286503,421576351.7889552,169622975.87914032
2022-06-21,0.0566527752270133,427785465.6507421,159409431.36032557
2022-06-22,0.0561026013898391,423119224.1733749,183549517.7303375
2022-06-23,0.0542278726746192,410346170.27075577,153273610.25201517
2022-06-24,0.057861104514882,437331065.943252,157133479.0236922
2022-06-25,0.0622104822216679,471189089.6599362,187193843.60911465
2022-06-26,0.0692146021084227,521126229.2146926,272939605.8705046
2022-06-27,0.0608399128381483,458540744.2684959,211454394.56742856
2022-06-28,0.0599667135952805,451564975.753137,144820508.35628325
2022-06-29,0.0567135018537847,427162809.8193829,143807444.4962475
2022-06-30,0.0563195994851343,425518133.24044496,141487435.67228827
2022-07-01,0.0542411271664069,404412298.6096385,175726372.21171048
2022-07-02,0.0519462751070348,395532736.4725296,160287553.0074947
2022-07-03,0.0533843092679291,402800101.3499017,112624249.04051304
2022-07-04,0.0530908164191968,400173683.7753451,79876236.87134124
2022-07-05,0.0553488557089682,417572291.0774215,120276498.7207353
2022-07-06,0.0532445004464397,402040337.79342026,163288040.83647838
2022-07-07,0.0542203728114526,409864158.3440762,142913396.00500986
2022-07-08,0.0571326117358877,431650344.6330905,167078644.60789987
2022-07-09,0.0548262377290826,415266840.1164916,175921616.2846423
2022-07-10,0.0555251837641949,419362815.6226861,119105901.58302034
2022-07-11,0.0531978487629044,401271439.8470167,113942983.26390652
2022-07-12,0.0482105616660477,363385799.3472739,156964581.02777618
2022-07-13,0.0475922851074557,362530932.41673696,137039033.21409762
2022-07-14,0.0487654862501138,367500999.9027919,208475181.4419006
2022-07-15,0.0496114101452052,374977905.8191353,163911244.70630014
2022-07-16,0.0495169684158209,372970347.1596295,167306026.96486068
2022-07-17,0.0509161815698356,384511607.85414326,130896881.30259472
2022-07-18,0.0510093771212078,385371256.4302973,170595423.318167
2022-07-19,0.0558305998607485,419560127.9984256,296843056.5473185
2022-07-20,0.0584785025709163,440923871.85886544,447436394.1266051
2022-07-21,0.0538937189934379,407260230.4410375,338532602.7415461
2022-07-22,0.0541580361846869,408710949.2455807,225458183.91773817
2022-07-23,0.0522142442902925,392940692.0276851,203467548.3206984
2022-07-24,0.0539967467755992,406348502.1582183,177263580.7201034
2022-07-25,0.0529547599594174,400645511.71775246,138194851.9505004
2022-07-26,0.0477964973644874,365184017.20661217,174793625.94953203
2022-07-27,0.0475531884354143,358560940.9933087,153745761.94889516
2022-07-28,0.0511982542410132,384555240.7364301,183975339.8663296
2022-07-29,0.0532736214126156,400240207.0289312,244003725.87410104
2022-07-30,0.0551381058636264,419835566.1254407,336292183.2123362
2022-07-31,0.0554956713935923,416481449.8783101,381625960.9458373
2022-08-01,0.0571558238819625,432462945.4345336,386027437.8911065
2022-08-02,0.065210126231176,485493849.640649,571491693.7587099
2022-08-03,0.0600338519302326,456278880.6498193,457227088.1808565
2022-08-04,0.0582635475102457,438838449.3546329,298419060.0112855
2022-08-05,0.0591915185841107,445865699.29064375,260945139.0247849
2022-08-06,0.0609683255537581,459408702.40011007,225844629.24897727
2022-08-07,0.0601891031085023,452992410.4645459,196921289.22077948
2022-08-08,0.0607064503338764,456954988.95581305,144458906.4464067
2022-08-09,0.0621479817872046,468504452.9056003,214890619.41192716
2022-08-10,0.0600606829299457,450084130.1271386,3298931018.5034747
2022-08-11,0.0634850201161125,478214990.4319107,276369913.1134637
2022-08-12,0.0620146550373479,467782396.60811687,278944470.46080226
2022-08-13,0.065968804082854,496836062.90425575,211425426.4232489
2022-08-14,0.0670680408745545,505473528.1370435,292141641.5906612
2022-08-15,0.0706767792618559,535083228.851462,373946469.4654245
2022-08-16,0.0669351643612477,504745853.897477,318014585.44636065
2022-08-17,0.0695634515939563,522833341.5643728,306045231.1529496
2022-08-18,0.0630448303985791,475426904.1228792,299752685.46558493
2022-08-19,0.0582647627070298,439566117.6043199,197985611.2732849
2022-08-20,0.0530600317814582,399966063.3011021,363064688.6627271
2022-08-21,0.0521586975820767,392400258.2014756,237120265.1024661
2022-08-22,0.0541097988637825,408354090.4474597,184281727.85525176
2022-08-23,0.0533590474924841,402154697.3729645,183343106.80453688
2022-08-24,0.0543474204727275,410257671.24835575,171437104.60362944
2022-08-25,0.0549016799363937,413991026.4905442,219282991.68381795
2022-08-26,0.0548689745577362,414163424.9583892,165215710.23168012
2022-08-27,0.0497254656613583,372465378.86430895,197020483.16878632
2022-08-28,0.050947684590177,384349132.4433127,136642608.53957006
2022-08-29,0.0497482746166329,376569608.5920813,105855921.66667536
2022-08-30,0.0524053569261621,395445622.5256116,137402068.3349276
2022-08-31,0.050674854575259,383508116.5140573,129979215.92405435
2022-09-01,0.0503173303143005,379499136.7643194,108124379.73204143
2022-09-02,0.0505618007072427,381113600.86660326,114889245.66573416
2022-09-03,0.0497971172466141,375406807.71347713,122989514.76898116
2022-09-04,0.0504419383896091,380839996.0643513,70018815.14129269
2022-09-05,0.0515865825464151,388789808.07364535,86812399.76499856
2022-09-06,0.050962487774926,383572805.59092623,91641187.4487122
2022-09-07,0.047413101239159,357676053.90732366,185126242.8977557
2022-09-08,0.048794512656362,369863611.22601086,116475880.08705749
2022-09-09,0.0489765554084233,369006827.69526273,110598269.84558272
2022-09-10,0.0520317051037315,391747802.014879,158546876.94496426
2022-09-11,0.0522034189342061,394446432.88485616,131663320.65219074
2022-09-12,0.0519668960160052,391695665.2508685,123688637.9751195
2022-09-13,0.0512158592925596,386515934.97503614,151400181.3229705
2022-09-14,0.0479369864321094,361368373.0724839,166412534.26899257
2022-09-15,0.0488150649303466,367212457.36895454,102167023.73265135
2022-09-16,0.0472093668729907,355973755.79121315,101838547.7870932
2022-09-17,0.0475981487610099,358949347.25702006,83202182.74446182
2022-09-18,0.0491307040968056,370352244.5488427,61850927.896803126
2022-09-19,0.0421594984835641,318444690.4791092,109066686.45714857
2022-09-20,0.0434793987213808,328437583.2877628,148359141.25691003
2022-09-21,0.0414696952277388,313351321.3997824,92320025.82361256
2022-09-22,0.040535329232821,305079993.96889573,130069450.8302909
2022-09-23,0.0425106854266667,319392184.108089,104962311.97970857
2022-09-24,0.0420744720989202,318680045.3925621,118435289.68277349
2022-09-25,0.0413816474423311,312094174.3329497,76994923.4551022
2022-09-26,0.0406078040991571,306344330.76877904,68623938.72264056
2022-09-27,0.0408047161167366,307310330.72910804,95203195.0627767
2022-09-28,0.040340069821114,304592905.4891982,116747816.73472726
2022-09-29,0.0402655993755454,303579365.6574764,97405527.3392994
2022-09-30,0.0408723204131291,308148271.75725013,85576893.03781745
2022-10-01,0.0406303098389362,306616203.9420194,104733381.50304464
2022-10-02,0.0403058860765934,303894664.2976608,59680464.75049994
2022-10-03,0.0395572770240658,297073294.2931188,68301439.54334457
2022-10-04,0.0405736969366347,306050785.0447527,81164939.85208619
2022-10-05,0.0414341348845953,312851553.6786541,66214214.74351117
2022-10-06,0.0411776408582629,310465711.6648095,72638653.72972743
2022-10-07,0.0408325205263488,307958252.29988444,79621710.78191766
2022-10-08,0.0403724147595779,304519469.019273,57946593.34285995
2022-10-09,0.0407086249663937,307121763.44614834,36558008.83569418
2022-10-10,0.0422688569350921,318130276.2617117,135389418.75635666
2022-10-11,0.0401027297128052,303374794.33677715,91732133.05995771
2022-10-12,0.0394779099864363,297115360.22716063,81546332.63530426
2022-10-13,0.0392110611636843,295674223.72301793,57625137.15528066
2022-10-14,0.0379626706233998,285967290.17442966,171294490.20945123
2022-10-15,0.0367222543432564,276223684.0167998,106759786.07573517
2022-10-16,0.0366425500322081,276935902.35341305,104701054.04713324
2022-10-17,0.0371745903445247,280447493.038423,114908413.96420996
2022-10-18,0.0369450855436433,279029581.4925131,105654149.19214486
2022-10-19,0.0356940037785344,269113477.39712566,106200560.31542476
2022-10-20,0.0329530170521282,248489786.77206388,115418775.2914846
2022-10-21,0.032884534586058,247960280.76631665,94058833.50785662
2022-10-22,0.0332808650116214,250834868.2811162,85528371.89130005
2022-10-23,0.0333835005998049,251718556.7833891,49226488.58908466
2022-10-24,0.0339927688851775,256103643.8094556,56783916.83645523
2022-10-25,0.0330463781472872,248999020.13523796,66404746.46971177
2022-10-26,0.03411792002502,257230676.46222797,77367684.59250091
2022-10-27,0.0349939381670522,263747054.4302944,81060338.23443188
2022-10-28,0.0346012815197579,260914741.23466367,101475240.7242832
2022-10-29,0.0352414522472903,266048356.7338871,73750185.56942816
2022-10-30,0.0365015420900813,274813331.6091074,127282087.15982814
2022-10-31,0.0440122541820959,330431290.2797911,736424639.9656049
2022-11-01,0.0420643860872871,316967907.8632388,242588505.0404268
2022-11-02,0.0399938003705285,301827028.09063244,177430087.34177712
2022-11-03,0.0383917663831069,289874043.35699564,171580905.28207153
2022-11-04,0.0334426355750276,249720605.10510597,516385507.6270464
2022-11-05,0.0382839391517464,289062830.7468053,765813156.6987537
2022-11-06,0.0385219060701693,291113167.17706305,448842928.4786646
2022-11-07,0.0359461028926174,271123357.8558016,184661631.8212641
2022-11-08,0.036168042277985,272688833.4048077,146320265.8995384
2022-11-09,0.0326872027248754,246907395.56565535,251977975.80916044
2022-11-10,0.0255416091352149,193969981.4011404,235784897.36480448
2022-11-11,0.0317277341719606,238579228.3757513,174901053.83466762
2022-11-12,0.0321845640552637,242353737.177574,164702174.61314714
2022-11-13,0.0294662645206837,221766058.10333303,85111357.10876358
2022-11-14,0.0294961721452095,221490109.7699256,111019772.02990732
2022-11-15,0.029593316434598,223904804.9247721,96766121.39977412
2022-11-16,0.0293219393084059,221650641.0328101,77669552.14554235
2022-11-17,0.0282426902377851,212528040.9629252,66831517.29773972
2022-11-18,0.0273994366150123,206718186.7669997,54926127.6914527
2022-11-19,0.0275610320256399,207578732.4379927,34745870.36877067
2022-11-20,0.0276193620959961,208269249.76007935,43020124.46588251
2022-11-21,0.0257803141327411,194396730.72192264,54103931.18203887
2022-11-22,0.0248277097628383,186887680.5770524,91531617.105577
2022-11-23,0.0254562022244392,191986371.1954932,64761082.94919755
2022-11-24,0.0260467808731322,196091070.22062248,67622135.20533776
2022-11-25,0.0253352810069558,190834265.6252004,54075126.22484504
2022-11-26,0.0250784895255638,189266043.71178785,49137207.57017434
2022-11-27,0.0251427354478379,189397148.3712946,54459570.10305197
2022-11-28,0.0253072489972783,191268849.70829785,53435912.07648678
2022-11-29,0.0247919023375219,186807927.6187113,60474647.79612173
2022-11-30,0.0252333578017119,190444192.17692327,53801738.31390336
2022-12-01,0.0260716423731684,197529795.13998783,102127496.28829277
2022-12-02,0.0252913990182059,190696369.769732,88809365.31350161
2022-12-03,0.0256162359077251,192182364.9259064,67214078.4341915
2022-12-04,0.0249793001538504,189017362.31721464,56359851.56132478
2022-12-05,0.0252430556859512,190467285.76096195,54799699.02774213
2022-12-06,0.0258970375628325,195717443.78695577,110898780.10539414
2022-12-07,0.0271136809974561,204225966.27035755,188592008.1268212
2022-12-08,0.0256432233862039,194037645.0217189,86738638.34386446
2022-12-09,0.026457766367339,199774446.6693987,72162336.5831047
2022-12-10,0.0258499000640875,195097153.5347156,61835684.416826464
2022-12-11,0.0255935434738935,193004443.0155477,41827200.0208253
2022-12-12,0.0252604367512724,190289161.8482474,39749588.739129096
2022-12-13,0.0252167298287204,190387692.77665415,52249341.33728223
2022-12-14,0.0251645964409978,189898307.60734496,62101820.00936332
2022-12-15,0.0244646696942339,184526026.83164835,51794932.16614571
2022-12-16,0.0240390744526765,181512736.1314236,50417200.40672815
2022-12-17,0.020334737350361,154005330.02318117,89073295.56916219
2022-12-18,0.0208488195154426,157035727.27700034,77439266.40729153
2022-12-19,0.0204850958378461,154609034.9692125,36957322.733830415
2022-12-20,0.0184918140770443,140388638.40173948,95817942.99225296
2022-12-21,0.019536834600253,146688281.4878665,61991412.20113623
2022-12-22,0.0190173044890398,143501152.30687463,53830735.46078537
2022-12-23,0.0189965744952922,143155283.70496434,60204091.39222706
2022-12-24,0.0190059612904633,143284532.7706642,51400201.001744896
2022-12-25,0.0187690375320801,141630139.63904816,47679808.09222253
2022-12-26,0.0184799471360846,139359789.11609507,47161952.97733858
2022-12-27,0.0183547234041428,138237455.69930035,38552343.58977432
2022-12-28,0.0178638494604721,134703275.3469329,37483379.88499138
2022-12-29,0.0169095810885298,128025372.2254639,53256933.263283074
2022-12-30,0.0161929630326149,122326589.84120324,44690424.27960233
2022-12-31,0.016514792483233,124350983.74793968,44036435.454805136
2023-01-01,0.0166889222347151,125728567.25960012,30567724.5163802
2023-01-02,0.0168615446798371,127244082.4950214,25637351.428702705
2023-01-03,0.0177147646754243,133434826.81484628,41749039.52142689
2023-01-04,0.0176388690730197,133055294.2340865,33119397.58520356
2023-01-05,0.0178978014957321,134838778.86299843,42585996.54768901
2023-01-06,0.0180358847236562,136097339.93642497,51372982.976611294
2023-01-07,0.0233650986107445,175366498.80930206,276650283.1990004
2023-01-08,0.0233243481316133,175901931.43769482,268530728.7445036
2023-01-09,0.0347593658052124,264786943.87482485,712349887.8595452
2023-01-10,0.0408626467911517,308234082.6331456,1582974858.1263375
2023-01-11,0.0415328254092496,312456699.9591286,883091005.4286963
2023-01-12,0.0384398526226261,290476123.7644737,584147089.1612936
2023-01-13,0.0405735378007509,306931862.4148979,719501027.0176616
2023-01-14,0.0508651548573149,383349876.5597276,954199736.2064128
2023-01-15,0.0498821913747581,377532070.8854977,995958339.2761894
2023-01-16,0.0490146322817401,369782716.05686337,539298352.7600639
2023-01-17,0.0467462588441628,352139022.9991879,371414698.0262322
2023-01-18,0.0501711916008704,378329156.7286024,654860120.6092944
2023-01-19,0.044797283460085,337452376.95724857,510140307.4863496
2023-01-20,0.0456140306425816,344323750.19866985,250672345.3670811
2023-01-21,0.0490906305961926,369759849.4845783,377625680.2754617
2023-01-22,0.0470692740152281,355125365.5004109,451563581.758127
2023-01-23,0.0487116976533278,366974996.9750452,351247527.93281406
2023-01-24,0.0532877128961527,402737583.9046311,767333927.725009
2023-01-25,0.0477535815325534,359047397.6706143,344629766.3529091
2023-01-26,0.0497555081193322,375363904.47682935,304997778.1522351
2023-01-27,0.0488393882566469,368950761.41351736,263197529.0573956
2023-01-28,0.0530357458565012,400223856.6225737,376476104.2026098
2023-01-29,0.0571261117590988,431597311.91737074,962558419.0203178
2023-01-30,0.0593563330106047,448204425.283385,521730654.1169603
2023-01-31,0.0534988974709831,402784572.92209166,388499308.2727819
2023-02-01,0.0543549816041436,409024933.0039485,236930884.9550382
2023-02-02,0.0570479648579844,430363970.63032967,364402569.5571736
2023-02-03,0.0542072687224775,408662891.7953688,314641719.6147241
2023-02-04,0.0561792286529252,424002751.5021891,322114621.880839
2023-02-05,0.0557877249246539,421065060.0530714,206403680.29724064
2023-02-06,0.0542213144049384,409635419.7617123,374566353.0853387
2023-02-07,0.0519087493320474,390807527.08117485,187373623.07512733
2023-02-08,0.0559232883228839,422490802.6123624,286181970.4662911
2023-02-09,0.0521663254808689,393422166.2317936,284378244.8315087
2023-02-10,0.0442390714059337,333488553.17950815,298708487.3094617
2023-02-11,0.0443548303238334,335387157.74603873,187201194.20527667
2023-02-12,0.0457857721839275,345441190.48361266,142489566.51963854
2023-02-13,0.0435464088725966,328847291.9152978,116650824.40046312
2023-02-14,0.0421780336225474,318661771.5556548,174474575.63339508
2023-02-15,0.0443183404084322,334449546.4184661,181842080.6578708
2023-02-16,0.0495699217549924,372337598.67311287,256126910.27094996
2023-02-17,0.0460521631888816,347601577.0247169,395721819.24265474
2023-02-18,0.0481190616565571,363840527.711641,231499082.46708995
2023-02-19,0.0478236895660156,360076319.8228314,127295727.45020902
2023-02-20,0.0472213613495037,357505502.99288213,191248208.86165357
2023-02-21,0.0481056000480617,362901415.0320582,271203459.22961694
2023-02-22,0.0460976410153841,346827575.3114358,221289104.26962855
2023-02-23,0.0451944325944928,341467080.8981828,173080890.21275672
2023-02-24,0.0442032176168001,332730682.35783994,139486722.37867802
2023-02-25,0.0411976084744668,310474580.4064274,175446446.22777006
2023-02-26,0.0402680303332342,303122764.97495705,139203407.91985834
2023-02-27,0.0411879997332336,311040169.421194,104985794.04145288
2023-02-28,0.0407485240350547,307385303.7403573,124413036.73220128
2023-03-01,0.039558433508227,298161068.0599209,106748219.4868031
2023-03-02,0.0415797549021111,313817165.85293376,126412983.32958984
2023-03-03,0.0399983452462081,301456046.71999955,101884324.84598687
2023-03-04,0.0374587666140516,282183809.1654454,150537761.72435287
2023-03-05,0.0350529454702211,264370328.6564217,94732372.25260577
2023-03-06,0.0363795065013851,273820360.2246182,117541181.92003275
2023-03-07,0.0390453048920189,294644453.1592789,217004727.3084353
2023-03-08,0.0370388798564542,278442166.84256333,165356627.88367498
2023-03-09,0.0336998125398912,254993936.2897157,146337119.58042055
2023-03-10,0.032354650125468,243006266.70081645,167603028.0244724
2023-03-11,0.032845349165264,248704266.3148389,168431235.42196032
2023-03-12,0.0314015065398483,235749421.45325184,137668552.7841262
2023-03-13,0.0348387830912022,260857872.39358965,149130362.72600833
2023-03-14,0.037595233636811,283832810.64081645,290420550.71718705
2023-03-15,0.0431937505852461,325503929.77910155,411316778.9661211
2023-03-16,0.0381019628020096,287127261.21182096,395031278.4146642
2023-03-17,0.0402480542120761,304029175.9424244,616641435.4944241
2023-03-18,0.0441130503924737,332132143.1850122,277399379.2420052
2023-03-19,0.0459826615206664,347227546.7403721,548248105.322283
2023-03-20,0.0468370448250069,355502705.2691404,363325826.3819221
2023-03-21,0.0430877273101416,325478350.99657613,346081861.7679593
2023-03-22,0.0437424616412483,329587317.53859645,233724210.478494
2023-03-23,0.0408571816026076,307820281.4650984,358444561.4684409
2023-03-24,0.0427059974692748,321578009.64389,172281611.950971
2023-03-25,0.039698682007596,301061902.87501216,186405649.0000227
2023-03-26,0.0385604246045212,290387352.3484693,148818278.64202878
2023-03-27,0.0400242979754901,302701098.205081,137469732.33212385
2023-03-28,0.0376905462357676,283538858.1058514,173856728.1354198
2023-03-29,0.0390932557612923,294730451.0082451,146653124.9233759
2023-03-30,0.0419002760208815,316149093.47087973,205617974.14923745
2023-03-31,0.0407608485156126,307385522.9288337,205341011.83088145
2023-04-01,0.0414737386391315,313265422.13868165,136529722.89202067
2023-04-02,0.0415062839483126,312871698.2713705,103086774.57720616
2023-04-03,0.0406757544367728,307111039.9534514,136175192.82682902
2023-04-04,0.0400845399279734,302879341.9272158,192028649.4425588
2023-04-05,0.0404235617902298,304738597.4716052,127388406.26185268
2023-04-06,0.0415099788571935,313443329.932796,157077507.46707478
2023-04-07,0.0403145251397615,304281964.758563,131671038.15546224
2023-04-08,0.0399841898423599,301494720.8351441,111862889.0218554
2023-04-09,0.0396418901830156,299260092.93714875,95361785.23301968
2023-04-10,0.0401041920711961,302707199.74061835,100181213.90313046
2023-04-11,0.0415132773604324,313452845.5983046,111913634.52987552
2023-04-12,0.0416889009898106,314423740.940337,137052649.1587595
2023-04-13,0.0437822413979504,330118950.51041514,219425868.1659214
2023-04-14,0.0432504782122181,325938807.2924493,149327769.29050866
2023-04-15,0.0433503204545464,327126333.6725263,212855209.23007932
2023-04-16,0.0429605490726018,324803642.43113554,129647897.42783366
2023-04-17,0.0442091571733857,333183613.3568371,182227223.9581557
2023-04-18,0.0439735602760501,331863682.414767,159607954.99829444
2023-04-19,0.0472403897097464,356001146.3667852,480995527.2821945
2023-04-20,0.0433012550762407,325762279.90808433,359672551.04783446
2023-04-21,0.0424299909542003,319740079.5078932,287486399.2029577
2023-04-22,0.0396171411518576,298780642.67333394,224412052.18507773
2023-04-23,0.0411206815929183,310413724.45393986,111848630.75904222
2023-04-24,0.0402984186197267,303215464.779721,137656224.40500903
2023-04-25,0.0394763182026401,297954024.8465686,138057619.08787432
2023-04-26,0.0398161005858314,300394564.6794408,159027742.40278807
2023-04-27,0.0384501847778764,289643739.1983504,188421550.09173596
2023-04-28,0.0394733583296489,297327065.5336648,136078068.8074297
2023-04-29,0.0390357254137941,294508950.62489665,87768118.80350521
2023-04-30,0.039406124985053,297368099.65866536,74374109.62217748
2023-05-01,0.0385564738055577,290840260.91451395,77189024.52157511
2023-05-02,0.0373022744438958,281240367.682727,92978791.15968744
2023-05-03,0.0375572700341352,283217432.9040268,72927979.77402273
2023-05-04,0.0372364351551587,281065439.89803416,123524580.4219852
2023-05-05,0.0349482573940461,263732032.31256375,135453812.74549636
2023-05-06,0.0345922576737403,260939580.01923984,142709980.55514804
2023-05-07,0.0324043523692094,244243484.2964557,130441235.8281242
2023-05-08,0.032015914958848,241229169.72416523,81858221.68699425
2023-05-09,0.028501967368405,214259203.22500503,170251033.53322926
2023-05-10,0.0284174107909698,214369305.9666617,90519586.36598484
2023-05-11,0.0316200269799311,238428974.9199741,259448192.8517168
2023-05-12,0.0286681464828607,216299492.9295102,157187959.9411624
2023-05-13,0.0302378872805013,227979067.07607156,154942180.56867293
2023-05-14,0.0296160447846908,224277038.8421404,72304319.05729674
2023-05-15,0.0305090351853194,230042674.73730728,98987748.69811971
2023-05-16,0.0303546866295822,229154760.52647677,121459718.92818634
2023-05-17,0.0326417824637449,247006325.9356152,159121798.1543899
2023-05-18,0.0326092155490983,246367055.90437272,296635934.76313084
2023-05-19,0.0318487287961256,240759979.766222,164333466.83055067
2023-05-20,0.0311659020478618,749274323.423497,86305063.31401214
2023-05-21,0.0309077453051706,741970056.980339,57214821.04538961
2023-05-22,0.0295361397572552,709459584.9879931,80383913.34037417
2023-05-23,0.0300251555123899,720701339.2674257,68335704.03961426
2023-05-24,0.030688251516826,736769425.2534736,74322815.41640957
2023-05-25,0.0297708107578691,716879118.2491397,98428006.35636772
2023-05-26,0.0300476456417678,721488149.330373,100571575.04120909
2023-05-27,0.0301972367005586,724748165.0411683,70954797.70116442
2023-05-28,0.0302241148430468,726655664.9453739,63720628.69839908
2023-05-29,0.0313250044939234,751031244.8137742,87914392.28735109
2023-05-30,0.030145951608901,724499489.3453715,69709108.53082596
2023-05-31,0.0300169010707729,721601395.5106225,59159910.22277404
2023-06-01,0.029489975867338,708487684.1736587,59053847.42432254
2023-06-02,0.0298019088726499,716132779.9113209,53661387.844325535
2023-06-03,0.0302408721272922,726278288.8010136,47466585.03434024
2023-06-04,0.0301164998182928,724311268.0087461,41666074.98003526
2023-06-05,0.0297643640841621,715727103.1403476,63815278.50088024
2023-06-06,0.02651055118749,638176064.6912483,129885445.69009584
2023-06-07,0.0276272417064181,663996150.2998233,85719376.14544006
2023-06-08,0.0258637957438839,622278675.684045,60643457.15795306
2023-06-09,0.0260451846194436,625987917.7716275,47674277.23283246
2023-06-10,0.025526206821325,613136627.7529701,52582275.70744793
2023-06-11,0.021222203504004,510679889.4335022,169271402.12944654
2023-06-12,0.0215727818086061,519247717.5373138,66322572.63374704
2023-06-13,0.0217416065451479,522417899.5459005,63733423.472346015
2023-06-14,0.0221207457497772,530982143.3161162,59494962.60870387
2023-06-15,0.0212236537751829,515003484.42739606,66184933.124817885
2023-06-16,0.0221072768855317,536109101.2225485,56752009.45742692
2023-06-17,0.0222031588695673,538058483.6749822,44247168.79714273
2023-06-18,0.0233662000435512,567273152.6622165,71027100.95074338
2023-06-19,0.0229555109133626,556457794.479867,49180491.16351173
2023-06-20,0.0232031483494422,562661769.2832673,34977137.65046853
2023-06-21,0.0241809393835323,585946011.057956,39194828.22875124
2023-06-22,0.0256017438709823,619194908.0189574,53339715.28501944
2023-06-23,0.0249102408305728,605957655.4032477,62874800.74794881
2023-06-24,0.0261441191887681,634495663.7116783,58685957.93307608
2023-06-25,0.0266042599564611,644566704.2460462,71493855.59521642
2023-06-26,0.0268121502471234,650633565.7808725,58883096.163457856
2023-06-27,0.0255980784758258,621184944.2488858,45146240.73047202
2023-06-28,0.0256182733450077,622401216.6677048,36467896.96427872
2023-06-29,0.023386481841989,568610689.9848607,48514365.63540529
2023-06-30,0.024143894250567,588603887.2354913,45023274.097957775
2023-07-01,0.0245912124562944,597207682.011413,73382676.09138581
2023-07-02,0.0254007061013205,613195761.3875645,46701429.022820674
2023-07-03,0.0251359543563199,610195194.7603981,48042618.92821642
2023-07-04,0.0257503276622281,627057008.8935256,50480055.96660025
2023-07-05,0.0252794934763585,616889221.0657392,36257234.96676885
2023-07-06,0.0242442354473704,591006146.3255045,220490442.0690457
2023-07-07,0.0234779382050363,572983550.4277608,239726959.90067065
2023-07-08,0.0240875937678696,586822005.1700641,200364497.73520625
2023-07-09,0.0240463145602271,585766673.6698534,184987244.29895788
2023-07-10,0.0240214925903008,585417345.004566,189810286.88264716
2023-07-11,0.024299489079877,591863256.9391106,33295446.153867543
2023-07-12,0.0246783400300133,602901565.9624033,226838812.4912435
2023-07-13,0.0241448960167944,590649761.748323,194013173.58335736
2023-07-14,0.0261664971575912,636299632.2502718,343763803.72374785
2023-07-15,0.0252673206060829,617280753.1260314,395139072.2064181
2023-07-16,0.0257181805312211,629753704.4937419,246141525.28496245
2023-07-17,0.0249308667956662,609970579.8144879,232797200.0507381
2023-07-18,0.0279039155746655,685465031.2454175,465016317.5947375
2023-07-19,0.0262618730265783,646046096.3551099,393732455.1665312
2023-07-20,0.0257625799081682,635002675.4128289,272397106.08505565
2023-07-21,0.0263453355890228,650102951.6016511,279692697.2882467
2023-07-22,0.026786569327451,661409521.9388703,313476243.66022456
2023-07-23,0.0260834280115876,644288962.011932,37986421.61170808
2023-07-24,0.0265837087289116,657107887.2653427,214145399.24006575
2023-07-25,0.0246161630270535,610008846.6132454,256443971.2774076
2023-07-26,0.0241162365717798,597098750.554627,246353442.81888843
2023-07-27,0.0234252006396067,581566069.5015477,290037361.91587335
2023-07-28,0.0236512331840857,588356821.0141922,278023774.08622473
2023-07-29,0.023618223852895,588168461.1160551,188128218.80447832
2023-07-30,0.0234962668490674,585156322.268736,202941778.8410768
2023-07-31,0.0231728999663123,577133192.081792,202614471.94546303
2023-08-01,0.0230067686196173,574568560.7466342,321303629.1706581
2023-08-02,0.0235098534606496,586657637.7214763,529786307.14306486
2023-08-03,0.0232273658754643,581626637.8430047,595995402.6069304
2023-08-04,0.0228138059795848,572223233.9663802,463376680.9921646
2023-08-05,0.0222350567502974,556813758.5259024,585665965.2338217
2023-08-06,0.0244038564967727,611672134.7522945,677527955.773759
2023-08-07,0.0234748462633245,588634524.0644895,821070575.5258026
2023-08-08,0.0230929327643059,580565629.8765905,572282020.6547002
2023-08-09,0.0235195170807584,592163004.7518557,447052416.0332067
2023-08-10,0.0233368605986765,587671701.6591727,412537217.3005495
2023-08-11,0.0227957478071591,573727295.1752119,415868627.3436445
2023-08-12,0.0228941266610135,577307458.540448,381303409.3430782
2023-08-13,0.0230682631713811,582313381.2137257,349454223.1221559
2023-08-14,0.0229063578403621,578352989.825531,364383262.5154414
2023-08-15,0.0231484943281438,586647597.0542641,375116010.5995994
2023-08-16,0.0215925445271457,547413043.1196095,432233531.5340756
2023-08-17,0.0205495354759726,522056224.45567584,571489710.3585372
2023-08-18,0.0191120427810229,486024885.0885186,539870771.2720498
2023-08-19,0.0196513550833205,499753724.7441924,704581453.17053
2023-08-20,0.0200914821069529,511601585.296833,462051794.7619536
2023-08-21,0.0200183245755062,510119205.06165975,437090518.7023341
2023-08-22,0.0193730807996511,494787978.58887565,485762921.5142384
2023-08-23,0.0193312102593713,493648969.2853163,487684129.2922043
2023-08-24,0.0198646346678736,508428076.5444963,488359522.2328114
2023-08-25,0.0195391478565051,500652469.4397991,433435596.7978256
2023-08-26,0.019289549660543,493610231.5389512,464962030.7604432
2023-08-27,0.0190956617323944,489956185.042335,327216900.9010405
2023-08-28,0.0191903792109829,492511200.46547294,319506634.2084213
2023-08-29,0.0194553106132895,499626625.7682365,31065756.22100716
2023-08-30,0.0204228511834836,525078388.39779663,319212760.62342274
2023-08-31,0.0199419233189425,514821422.03114384,451000332.7726188
2023-09-01,0.0187822101761286,485445520.5338087,513306716.33102405
2023-09-02,0.0185973762387178,480998920.0975919,500527160.4785898
2023-09-03,0.0184992567736075,478487950.2056594,354026792.79542184
2023-09-04,0.0167268883406134,433120344.2656441,724133982.0485134
2023-09-05,0.0158867045020973,411572716.1094896,960362585.8147788
2023-09-06,0.0164417302811843,424681773.0034753,630027925.2592751
2023-09-07,0.0160468360269082,416528513.48823416,558222435.0329276
2023-09-08,0.0160560972734626,416607887.70795095,619898809.8055607
2023-09-09,0.0159735348718026,415493205.3505104,385821338.2590405
2023-09-10,0.0159507526596377,415492997.7059042,328476309.75429416
2023-09-11,0.0146488986772154,382061727.6940028,579894496.7390274
2023-09-12,0.0140266069381466,365756823.033379,519689273.0476911
2023-09-13,0.0139213324491889,363073085.7506039,496632723.16939807
2023-09-14,0.0140926372921304,369140318.54369086,574208592.4884006
2023-09-15,0.0143616445455097,376049468.662216,580311528.7905593
2023-09-16,0.0147256308788217,384250209.7998327,372492372.9124789
2023-09-17,0.0148242739850074,389138819.8312238,365224010.5407122
2023-09-18,0.0142218260192082,371354752.2806881,333480163.35018206
2023-09-19,0.0142882483428538,375698815.6784134,335540153.19785875
2023-09-20,0.014309555164586,376520475.8010854,239891691.5785643
2023-09-21,0.0138933675212953,366555860.4291108,369052772.6326224
2023-09-22,0.0131282235198802,346448939.6262342,410953573.57257205
2023-09-23,0.0134516198663405,355120259.8853636,346081553.0695813
2023-09-24,0.0134192270914744,353837346.4280175,248193066.1065214
2023-09-25,0.0132493103524711,349227573.6488328,242358369.64674684
2023-09-26,0.0135185791415494,357843034.73197085,396809755.8254966
2023-09-27,0.0133345837186464,353099810.0731176,394880993.852367
2023-09-28,0.0132821131518736,352172019.481872,442543005.9967159
2023-09-29,0.0134462231401868,356986241.5092518,728970042.3585905
2023-09-30,0.0143615010006704,381493853.3495484,620444192.8410221
2023-10-01,0.0142089995327037,377081673.49207366,434593412.6152052
2023-10-02,0.0149865375359056,398843739.7973951,420318125.54942673
2023-10-03,0.0147901475109401,393779032.1802179,512465344.5303598
2023-10-04,0.0154127835725511,409019740.5131968,848063727.7003701
2023-10-05,0.0156878502357044,418158248.80546975,993260059.9471892
2023-10-06,0.0144884956277255,387382074.9431853,441503298.3443664
2023-10-07,0.0146126803978346,390974725.0302863,344189231.4285861
2023-10-08,0.0146250660852015,391322898.1532307,285907955.3499666
2023-10-09,0.0143678182719462,384482144.7604751,430733272.9325872
2023-10-10,0.0133825255375561,359517998.890231,526885099.4522636
2023-10-11,0.0133735037941917,359735692.11816394,440420588.4792608
2023-10-12,0.0131942576397126,355274477.16224414,484923840.72262585
2023-10-13,0.0135043789895984,364470166.5144857,569113810.2637266
2023-10-14,0.0136234734202535,367386056.1887914,448879301.4295559
2023-10-15,0.0135229821126746,364299487.2585357,359224825.15308166
2023-10-16,0.0136386907077695,368379429.0556136,394554345.7768962
2023-10-17,0.0138183559252412,375133672.1526101,737222793.7613332
2023-10-18,0.0132030481335998,357280806.8338028,407504246.6979536
2023-10-19,0.0129478122619958,350660425.77166,400098329.22068894
2023-10-20,0.01268632136297,343561325.7312675,374559036.3989056
2023-10-21,0.0129167058862819,350437678.4772347,440845918.4417724
2023-10-22,0.0134923563390483,365624588.4124192,450771512.9273913
2023-10-23,0.0142464365433898,379740705.4796797,587904869.2703719
2023-10-24,0.0146539308014192,399086545.0881105,739681597.7784743
2023-10-25,0.0150569186435154,410932565.9919912,921416574.74419
2023-10-26,0.0159306180626339,433584282.4064861,797338072.8233168
2023-10-27,0.0186158910520895,507879404.2078757,1559241845.970525
2023-10-28,0.0176087601027809,481988743.0427194,796129062.4032081
2023-10-29,0.0180727967291204,494464658.43788856,644043125.3264781
2023-10-30,0.0208422587261742,570903653.8675401,1236703418.6699514
2023-10-31,0.0199316692506562,546526895.2674663,1089263837.3322525
2023-11-01,0.0191668187689199,524076278.0928192,854458247.6332918
2023-11-02,0.0196296184379706,537503716.6624515,915986133.084208
2023-11-03,0.0182870672549464,504381426.46254265,807323042.6449629
2023-11-04,0.0186167713229953,513125696.6417048,685661088.7998025
2023-11-05,0.0195509858341517,539586884.2701554,691674129.500562
2023-11-06,0.0204478245733764,564318044.8043431,833415459.3115411
2023-11-07,0.0212275032746939,586053774.5808626,776194073.2066435
2023-11-08,0.0208393616332274,576035055.188205,792386469.6052538
2023-11-09,0.022768632473031,632682041.2825979,913877034.2409872
2023-11-10,0.0237317191521766,658610319.5126667,1644580328.7175665
2023-11-11,0.0251144700804905,699592718.7107016,1277944028.7999623
2023-11-12,0.0245560377974303,680661185.1871841,1161064461.5085838
2023-11-13,0.0243499780402398,675323043.1272186,932308133.6212956
2023-11-14,0.0221913692662986,620594685.0086901,911804401.1742254
2023-11-15,0.023011333683815,641962338.3153669,824672950.6388766
2023-11-16,0.0241947492170315,674342377.0461972,1079766025.8105764
2023-11-17,0.0235057814300532,654005509.5366069,985857249.3471384
2023-11-18,0.0260261801952077,733748403.3623044,1341799185.5716286
2023-11-19,0.0234126929827802,655704344.6155194,887906949.8174188
2023-11-20,0.0245732316242099,691011310.7544565,754756999.9757808
2023-11-21,0.025536351721175,717764822.2211224,1119468401.1919744
2023-11-22,0.0228660066974632,642581501.2353855,1040016402.1011806
2023-11-23,0.025286820791058,708759208.8848948,918568585.8546488
2023-11-24,0.024028327208674,676733731.0995332,695738267.5980159
2023-11-25,0.0244859604889034,693746127.8616017,757427778.8145412
2023-11-26,0.0262989112955157,747405706.7511641,946100620.770554
2023-11-27,0.0272564227191667,767971129.168457,1026846290.8162313
2023-11-28,0.0273208221768877,779834419.9628475,1331463634.5477915
2023-11-29,0.0262665662477812,751870937.5232143,1010049980.0659564
2023-11-30,0.0250406324342298,718211742.8885053,783015134.0777837
2023-12-01,0.0251423197646598,724682322.1097547,706175972.6082557
2023-12-02,0.0259954654585363,749053337.7786443,706514395.106774
2023-12-03,0.026544978734329,765084639.675364,645282477.4241608
2023-12-04,0.0267145708714359,771592325.0980874,708937958.1685063
2023-12-05,0.0294106689581321,854506011.4250857,1150772949.0295355
2023-12-06,0.03032265597994,883468137.9621898,813160516.4014016
2023-12-07,0.0289401024088596,846590240.4749228,540882246.8972172
2023-12-08,0.0315069706183299,922940166.8561294,837817796.2240682
2023-12-09,0.0330140718430277,965840923.2799832,782458767.4665811
2023-12-10,0.032444743755722,952494018.5318328,1052557629.886298
2023-12-11,0.0343179360029919,1011840588.7781092,708023653.5713336
2023-12-12,0.0306107256201959,904639442.1037912,181067782.9815958
2023-12-13,0.0306634791374365,909577726.6017824,347262428.127253
2023-12-14,0.031533963560535,933235506.976729,248438691.020902
2023-12-15,0.0321135058120787,953539024.4835649,306324575.3366266
2023-12-16,0.0295427344231796,883617291.5630106,109816629.0004904
2023-12-17,0.0304330814248439,904236116.187926,97498777.7558845
2023-12-18,0.029703860037657,884519164.9434344,150462461.9763385
2023-12-19,0.0291924350417156,871930933.1740518,159087946.12825382
2023-12-20,0.028484010217236,852015013.3575948,84622278.27017182
2023-12-21,0.0304822509047562,911938240.2587156,219714879.3580155
2023-12-22,0.0314432409507824,946276548.7531788,121216859.44748428
2023-12-23,0.0321717399805241,972187432.3888288,245132455.87670207
2023-12-24,0.0315518318459114,954004416.8687989,172570774.57253936
2023-12-25,0.0310182898474781,938157637.0117464,289739203.0316347
2023-12-26,0.0356117187271714,1078066921.4832757,340381972.46061873
2023-12-27,0.0330751684804273,1006425838.161985,295533871.1653991
2023-12-28,0.03344052024724,1016682633.0345814,186272109.57528147
2023-12-29,0.0313187168978274,958725617.717536,324695152.8250776
2023-12-30,0.0308075291760148,941138904.0402024,160203495.92823175
2023-12-31,0.0306941952450614,940054495.6532036,142721736.8643524
2024-01-01,0.0303100933300666,930414836.7263912,68380721.53375919
2024-01-02,0.0322314321271081,990206335.800552,159882068.9270537
2024-01-03,0.0309602223708541,954326704.6279684,261666080.51561624
2024-01-04,0.0268693581468376,826930444.1780738,560911728.1341012
2024-01-05,0.0279481259512247,866980128.7423416,374706203.57871926
2024-01-06,0.0266408742876806,825736202.5511855,441945094.8876312
2024-01-07,0.0262591038129117,816221412.9599355,310977739.6201511
2024-01-08,0.0246308291723342,763934084.6019785,336851327.23107475
2024-01-09,0.0265518135118214,827475678.8871546,426739610.6057962
2024-01-10,0.024651285451443,768826539.4746916,472689510.2180581
2024-01-11,0.0273329965235177,856675329.3506706,551800259.209748
2024-01-12,0.0280168188673108,879779905.7429198,503677755.0882024
2024-01-13,0.0259978993466201,815474572.204386,458755195.42818505
2024-01-14,0.0267160047397128,840343219.1114111,270832405.5692351
2024-01-15,0.0252456553494517,801532822.9029279,286596238.3764832
2024-01-16,0.0252870173700857,797871893.9423856,235320567.16319543
2024-01-17,0.0258507696845459,820694116.6445305,212138311.7085551
2024-01-18,0.0255097683347968,810774531.7358943,139961358.03362545
2024-01-19,0.0238813977462615,761333959.5083848,169082544.21511102
2024-01-20,0.0237431995217524,757128414.7053051,124287668.788589
2024-01-21,0.0237181561003375,757503257.6627305,33335576.31682556
2024-01-22,0.0241055321786491,771032360.7318953,39487844.33072175
2024-01-23,0.0222699985456121,710006603.7603062,77775441.34618865
2024-01-24,0.0218249895652475,700054933.7327219,78369555.17688699
2024-01-25,0.0224419634999563,722492990.8348317,59487498.21369958
2024-01-26,0.0220828345100302,710885963.651578,50215740.28945201
2024-01-27,0.0229965885737336,743637223.265955,48434660.28243915
2024-01-28,0.023230194022062,751761300.7356774,40465180.69984815
2024-01-29,0.022765749277011,737139261.776542,51995688.70080638
2024-01-30,0.0234741306043097,764784836.291631,55609026.97534144
2024-01-31,0.0226767061795165,737269125.7527976,49782440.22336546
2024-02-01,0.0217363398660693,708999027.5705192,55882502.01734558
2024-02-02,0.0216884825433178,706356381.190197,43046638.96125331
2024-02-03,0.0218545651609543,711781165.9076666,35429797.985441804
2024-02-04,0.0216686208561755,705655877.5085603,25955525.214875527
2024-02-05,0.021137767863332,691531237.0532665,30517868.67814539
2024-02-06,0.02179421571618,714380627.9290615,37007870.95020269
2024-02-07,0.0217578892038774,717036581.9283321,40405253.30851973
2024-02-08,0.0229178045184602,756090687.9796225,53854887.28709871
2024-02-09,0.0225725989686206,745361679.1797916,44213576.974605486
2024-02-10,0.0241814941423216,801789265.5415484,61182377.68389832
2024-02-11,0.0239452613613618,794786449.3747346,43630250.89524018
2024-02-12,0.0237735330705721,790381903.4208434,40904985.94016898
2024-02-13,0.0245942090987016,818888505.4750625,60693440.58002721
2024-02-14,0.024925379043598,830416106.7345815,68803680.0271704
2024-02-15,0.0258421505793669,862917274.5319922,61741142.19204291
2024-02-16,0.0270708963489447,910986533.5205128,89112726.03381264
2024-02-17,0.0265320665993678,894196604.6327924,66455018.99510027
2024-02-18,0.0264544855642019,891019990.4448198,51501440.62418027
2024-02-19,0.0275517180660733,928979811.065242,64613930.54306424
2024-02-20,0.0282610878295359,953403865.1669033,76265119.149765
2024-02-21,0.0279598411765885,944129303.418219,111501841.87572417
2024-02-22,0.0273063415552634,924173839.29952,107423453.50755982
2024-02-23,0.0287002187358927,970545405.0615716,114667934.7152222
2024-02-24,0.0292518401037301,990346727.0837924,123079249.41522762
2024-02-25,0.0298679587410373,1020638576.0721571,116244832.96007095
2024-02-26,0.0304357935643656,1040238355.8529856,79804596.39671601
2024-02-27,0.0335680396822919,1150530921.6127129,279694388.9872065
2024-02-28,0.0409862037515034,1411815007.764529,461778282.5489656
2024-02-29,0.037783469046637,1294513112.4495285,405611240.7895327
2024-03-01,0.0396728307579937,1370023726.5898693,296901085.4332625
2024-03-02,0.0416725227605887,1434131463.660086,200271126.60153255
2024-03-03,0.046356901412207,1603541255.1856835,356027218.3521113
2024-03-04,0.0447564202693046,1542001412.751108,242728940.1524777
2024-03-05,0.0457488911939472,1595656234.9006696,283366200.74686617
2024-03-06,0.0401193145288809,1401151903.7607994,328749488.5387829
2024-03-07,0.0424698720702321,1481248836.2789018,210135937.7860356
2024-03-08,0.0441490440421609,1545577882.127827,202138150.80038732
2024-03-09,0.0438898746149247,1537567809.6668303,160491349.00219047
2024-03-10,0.0568652658345561,1999086271.723984,659080072.2003908
2024-03-11,0.0819151569165308,2880784480.7847624,1777115827.296243
2024-03-12,0.0740926841531829,2618664496.5361185,815070036.0544555
2024-03-13,0.0699444314705354,2493134811.8974104,571627858.5757962
2024-03-14,0.0728743769287628,2597674293.1565185,452495307.91058606
2024-03-15,0.0702838476827458,2509762996.2640066,348950761.1980909
2024-03-16,0.0647194289179153,2316082517.87633,380377081.2000229
2024-03-17,0.0597194998572803,2139340713.5866344,453242850.0649677
2024-03-18,0.0628736741410956,2253152938.778305,279956671.0832213
2024-03-19,0.0588472391335,2114430491.6178837,221997030.20269495
2024-03-20,0.0532450091360136,1933141664.2809136,321423656.56143904
2024-03-21,0.0586369399208515,2123920555.077808,303527204.4073687
2024-03-22,0.0569119194320985,2080162526.730369,222420024.40569115
2024-03-23,0.0558816247408848,2040813021.656122,225047281.78475025
2024-03-24,0.0640798222721029,2374198315.377649,477853505.0036084
2024-03-25,0.0628652677523878,2328146142.744192,245753534.19588923
2024-03-26,0.067799218915822,2526943120.025126,455603312.21978927
2024-03-27,0.0682434283678719,2533048234.0095725,369823857.7039054
2024-03-28,0.0654383837244427,2425838472.906608,275757144.2219233
2024-03-29,0.0679333061136562,2534308560.719373,200845675.418923
2024-03-30,0.0653691266984914,2433352298.948518,141269085.16925496
2024-03-31,0.0675875414015815,2515439064.748233,249514506.99736896
2024-04-01,0.0690377180945591,2574170040.9877744,155505074.3653167
2024-04-02,0.0638024811251294,2399634469.815508,209656520.8699761
2024-04-03,0.0569066023374244,2143292524.761448,207756425.18261424
2024-04-04,0.0557254761297763,2104362776.1049545,165074342.30521467
2024-04-05,0.0575253295634794,2160682819.339075,128953624.59325825
2024-04-06,0.0560874471505578,2113403473.194105,122813869.9168171
2024-04-07,0.0573106869931853,2162649921.589389,107928947.7070862
2024-04-08,0.0614689861032426,2319568974.4152784,224403458.04998845
2024-04-09,0.0656998208070649,2475661897.2277923,212346483.13927045
2024-04-10,0.0608263778987397,2302942893.692984,331312754.935619
2024-04-11,0.0599482444174074,2271207536.445412,219669270.2047217
2024-04-12,0.0587420151334483,2217869115.7440133,143698204.5675213
2024-04-13,0.0477068598707775,1804776999.692459,292180822.82072985
2024-04-14,0.040795434518886,1559581371.2350683,378290826.39654815
2024-04-15,0.0440558103324138,1678154516.0210464,298970840.5121849
2024-04-16,0.0411602444290724,1560906572.0115848,224658716.9226848
2024-04-17,0.0417060317540335,1585291665.873937,168995152.14616707
2024-04-18,0.0403737603095996,1531550349.8272092,162613930.9188235
2024-04-19,0.0444935214639977,1697134250.7472131,182276840.3234627
2024-04-20,0.0444140121975292,1693872097.348766,210717045.78612164
2024-04-21,0.0495845401416143,1887055647.9077003,145510478.29846126
2024-04-22,0.0488536120952295,1861510534.134368,130181761.44639672
2024-04-23,0.0499841851795952,1742617862.5469708,129538026.32466702
2024-04-24,0.0499172753569388,1741283789.0600936,158164467.9332177
2024-04-25,0.0472674367551217,1645634629.4559088,187183878.02614465
2024-04-26,0.0476789295613625,1664155103.592492,140866881.43338057
2024-04-27,0.0460238099785873,1605146100.3956995,112124654.56617904
2024-04-28,0.0456102177192679,1591657364.365455,113983786.73225844
2024-04-29,0.0455877533432536,1595110346.8345122,119129426.84384704
2024-04-30,0.0450786333607965,1577743131.7379577,142948592.8320394
2024-05-01,0.0412104737454402,1446153162.9042268,150446223.32529968
2024-05-02,0.0421850103412942,1480213449.9254322,193851171.986792
2024-05-03,0.042982047593391,1506879327.2444744,117031937.62874728
2024-05-04,0.0451636987385779,1588816996.1856992,112452387.2582114
2024-05-05,0.0450629120211563,1582925225.1165586,94764933.94240956
2024-05-06,0.0463066651065905,1626547103.7185094,115559704.22314651
2024-05-07,0.0455913075476967,1603675783.009914,143087613.90970802
2024-05-08,0.0439518241878852,1548179944.822945,120352121.05055591
2024-05-09,0.0430447827425957,1512522709.5357027,106892589.94346084
2024-05-10,0.0445836642411341,1570034881.7161798,93444388.64125624
2024-05-11,0.042191892599544,1488164096.164551,107582472.34346652
2024-05-12,0.0423117237107519,1495100756.3745697,72259159.81251544
2024-05-13,0.0415506696258593,1468203252.9347427,57684800.64632671
2024-05-14,0.0409317065505359,1447999242.68491,129038908.73344634
2024-05-15,0.0395356089632959,1400881824.5061636,99109607.92952412
2024-05-16,0.0433440331145701,1540155738.468768,120549507.6182453
2024-05-17,0.0440745503696116,1565583279.4980068,114426259.17039284
2024-05-18,0.0454704691032281,1614245809.8727038,122516490.22374748
2024-05-19,0.0456571164231365,1624130355.94356,97040561.98591262
2024-05-20,0.0431159094712047,1532941438.6257434,88449994.81639296
2024-05-21,0.043108736810725,1753373552.091046,492917311.596805
2024-05-22,0.0429810460861658,1747642180.575251,424616144.1730843
2024-05-23,0.0459255075611683,1807711465.0844667,516239435.2250128
2024-05-24,0.0436810041528119,1727176427.6406913,247983042.87049317
2024-05-25,0.0438243114847373,1535608694.5718713,118879421.3634322
2024-05-26,0.0446484974955329,1566835965.3310456,115365566.04776406
2024-05-27,0.0439033202035965,1544436984.7322838,89165209.55494833
2024-05-28,0.0455717563975429,1599324482.899828,145651358.15018108
2024-05-29,0.0457380853109222,1613179335.996318,206361200.79836613
2024-05-30,0.0435983984504464,1536138930.4823017,151338607.27305663
2024-05-31,0.0427155793277217,1504522125.3628545,134371598.56807023
2024-06-01,0.0435907184610931,1540140997.9277184,116775231.43693238
2024-06-02,0.0429387273194473,1516619389.5555768,72966701.99056657
2024-06-03,0.0436419178054188,1543331742.7263565,173427455.5961663
2024-06-04,0.0453961112927194,1605805187.4563856,250430917.76523635
2024-06-05,0.0467765176407506,1656788596.4935107,140204928.0645976
2024-06-06,0.0469344310726,1661228002.5296545,167970236.1741184
2024-06-07,0.0453517026169658,1608925162.9034462,110304545.09478794
2024-06-08,0.0399794427243012,1420574391.4679642,223508197.75599223
2024-06-09,0.037988127242356,1350853096.2241378,134148562.86449152
2024-06-10,0.0389574102524651,1385364707.1527653,79987690.182615
2024-06-11,0.0368690446191923,1313090152.642521,91434377.0372276
2024-06-12,0.034433511393048,1229219187.175966,124949112.81938656
2024-06-13,0.0358018107299068,1278517461.6823363,119800790.57414356
2024-06-14,0.03390943614517,1215609132.646101,104519522.07707173
2024-06-15,0.033046093614851,1183307693.8019598,98533481.37994562
2024-06-16,0.0328892798880961,1176933615.8364563,53567893.18235526
2024-06-17,0.0330826940789922,1185068762.1660852,52242352.915196925
2024-06-18,0.0294018799262206,1052736696.6839436,141667716.891315
2024-06-19,0.027010125668019,967309783.2440792,158704664.93914
2024-06-20,0.0279703839508061,1004624540.7065104,98308355.4040069
2024-06-21,0.0280687719993507,1011595431.0796764,91858640.97689477
2024-06-22,0.0279029639146795,1004553090.0300884,100848531.97573744
2024-06-23,0.0284504894253625,1025643482.979623,55399941.54420704
2024-06-24,0.0271126034181201,976227175.2161824,63224897.58000571
2024-06-25,0.0280521320103884,1012077558.4260578,112051756.73593415
2024-06-26,0.0285573830229956,1031716716.417451,76300892.19913892
2024-06-27,0.0276854257545401,1002209111.1497228,67831897.14252546
2024-06-28,0.0280331215763779,1015014466.5948888,71260579.22983497
2024-06-29,0.0266998306620373,967430041.0374036,66621572.57947536
2024-06-30,0.0264446914456731,959330295.5147408,42552301.59522033
2024-07-01,0.0276541448319076,1003122563.6577028,60469946.42968502
2024-07-02,0.0268836095315137,976852547.5858996,58718704.58952648
2024-07-03,0.0274096463947762,990745871.3605332,74643312.18966572
2024-07-04,0.0254924555941096,921935549.8405128,92307022.15251358
2024-07-05,0.0223975055401191,812427668.840074,118259911.08329658
2024-07-06,0.0210808789664945,763050961.4549096,176890702.9886479
2024-07-07,0.0224829855415117,815022288.204344,75366033.48159675
2024-07-08,0.0209283685217391,758650819.1870638,69886486.66082564
2024-07-09,0.0214835641519478,780892569.4414806,112833821.76837358
2024-07-10,0.0218732114434041,797010762.3261997,63619122.46071851
2024-07-11,0.0218130698430285,795307087.6454108,58802682.19605717
2024-07-12,0.020935500959879,761787126.6397247,70360864.66622591
2024-07-13,0.0214524896191572,780603584.8478059,49026707.20820469
2024-07-14,0.0216751291094715,792964306.8426915,38588861.365763634
2024-07-15,0.022312261228025,820632342.3535819,65380264.55262376
2024-07-16,0.0242542281712628,889252165.1569221,111487301.55817662
2024-07-17,0.0245885251934796,902067888.415121,111092261.2421246
2024-07-18,0.0253743674795266,933411023.257706,110726080.44181156
2024-07-19,0.0239094808199049,878873323.0842416,110352436.39363158
2024-07-20,0.0254095426043796,934300320.0452936,90530622.835008
2024-07-21,0.0260292907256705,958500797.959783,70844932.28099732
2024-07-22,0.0264094021755132,972487672.229593,80115184.38113031
2024-07-23,0.0245933512222828,905814772.0226628,74239910.24660213
2024-07-24,0.0238029113210995,876792700.8156016,65912617.88645032
2024-07-25,0.0234483538858088,864595314.5494319,47922026.28095036
2024-07-26,0.0224927635643524,830470120.8962512,67018791.628755584
2024-07-27,0.0237175186872576,876169349.4231893,51795820.162116185
2024-07-28,0.023612313618271,873160314.3081309,46280306.68223401
2024-07-29,0.0230129776735817,851506448.5401075,31438802.408276897
2024-07-30,0.0232064149516616,859547100.2819599,58925269.79700188
2024-07-31,0.0226602021940403,840022230.9056253,74197408.27285174
2024-08-01,0.0219077219554616,812842832.5253357,66145533.56546941
2024-08-02,0.0219566768693673,815322790.1037663,98969300.35445182
2024-08-03,0.0198402704560751,737674873.35197,96729574.0261233
2024-08-04,0.0185824414342324,691398163.8871521,81537283.84287618
2024-08-05,0.0175176972505421,653990307.5824602,97422581.58852068
2024-08-06,0.0157533209654801,584414904.7090745,344381554.8029591
2024-08-07,0.0169966194293241,633792969.4455038,121664618.6516542
2024-08-08,0.0160922274046772,601952326.095837,81039817.09801601
2024-08-09,0.0175492843307047,657066287.5245901,97077848.57895894
2024-08-10,0.0168299328832961,637386729.9760362,108417966.11625312
2024-08-11,0.0168661655057132,640669697.61597,56917380.60021673
2024-08-12,0.0156608186946084,594902887.2114444,76597887.6450314
2024-08-13,0.0167492210288793,637041276.8168203,96054527.38289373
2024-08-14,0.0168145540468969,638181945.6358294,74809572.95057602
2024-08-15,0.0166046892173253,631618365.0775573,91723835.05294038
2024-08-16,0.0161913231467781,615675726.8006356,123482360.7303405
2024-08-17,0.01589466253483,605241259.2983235,88284835.76076914
2024-08-18,0.0170013320673401,646577829.9469329,53524773.73720048
2024-08-19,0.0170435508918764,649511341.6191496,111040830.40671912
2024-08-20,0.0174125694786928,663810273.9693705,85853725.300374
2024-08-21,0.0179565394553008,685047086.6148509,136837928.81343484
2024-08-22,0.0183714452128851,700710217.0187935,100881363.87268303
2024-08-23,0.0185788433622891,710032376.8723646,77517221.32113601
2024-08-24,0.021354620140186,815849308.771188,178606008.0260188
2024-08-25,0.0216569678987168,827426338.5736144,106459353.26490152
2024-08-26,0.0215961754079345,826306044.8144,109376065.93573014
2024-08-27,0.0201766041584535,771525712.1608616,81148638.74628235
2024-08-28,0.0189213680114024,723805007.6449704,116849926.115498
2024-08-29,0.0187568198831797,709971823.1295688,112890917.09422109
2024-08-30,0.0187917979995632,719869477.4763981,86765032.18617994
2024-08-31,0.0200266353882685,766678214.0735765,142743061.5333366
2024-09-01,0.0190242857193904,728639199.6225455,73297542.03922091
2024-09-02,0.0176318892518247,676189280.1436368,92415858.80702004
2024-09-03,0.018467442066233,707777799.2738746,74189892.45009376
2024-09-04,0.0175689984522386,675441768.9455607,72205220.00708568
2024-09-05,0.0180373151796198,692379878.447315,88207738.22955307
2024-09-06,0.0173800592946827,667461218.168855,61892513.44731294
2024-09-07,0.0173824977641392,667400485.4638104,102162915.42844206
2024-09-08,0.0184129540745712,707229584.8475827,86005672.39286287
2024-09-09,0.0186640407428219,718152132.7309765,74728254.04514275
2024-09-10,0.0186096604803573,718556078.9349136,87296125.08250901
2024-09-11,0.0186384926656336,722903268.1302605,88933910.0688625
2024-09-12,0.0179832343148807,698576034.2279707,95064619.09513187
2024-09-13,0.0182606033313818,710577046.6491274,62981738.97738573
2024-09-14,0.018475558230088,722072687.775284,91576834.0010119
2024-09-15,0.018265655757672,709853885.3377901,61424676.37663527
2024-09-16,0.0175433899680932,681878774.3293014,58993748.9671876
2024-09-17,0.0172788311717165,672783770.7722744,65625537.86348729
2024-09-18,0.0181111779525508,705529357.3049204,75701356.41953695
2024-09-19,0.0188434796637805,731577038.927304,127152938.84963755
2024-09-20,0.0196541145178621,766127063.2159679,118276323.06036186
2024-09-21,0.0199936950362424,779515312.1389598,106669898.98606367
2024-09-22,0.0208854758679071,816478549.1583942,89608994.40533073
2024-09-23,0.0203020392747352,793720069.4258277,77865672.42326984
2024-09-24,0.0204672850016212,800514258.9809701,112038345.87402606
2024-09-25,0.0219635453920177,859404064.2756664,138904484.72413602
2024-09-26,0.0213886651585198,835177163.6660266,125167642.5360911
2024-09-27,0.0232394982075946,911696355.7014734,148431327.94270983
2024-09-28,0.0246620893881095,967124497.165342,154148244.04023224
2024-09-29,0.0242237470011947,950208575.9413048,126848370.67254208
2024-09-30,0.0243308131836369,956018135.7351128,152928875.08767855
2024-10-01,0.0224393990163948,881441522.7862751,179644135.27792063
2024-10-02,0.0202980870013755,798214943.4621438,221649795.20988497
2024-10-03,0.0196680574776573,774014294.0526952,178652095.976966
2024-10-04,0.0191082381835863,752091781.811186,132732625.0984516
2024-10-05,0.019814559419251,780276872.3250782,117934642.70916814
2024-10-06,0.019494148292593,768187521.397983,101293622.41969298
2024-10-07,0.0208846113230179,824018838.1705248,111656519.61669676
2024-10-08,0.0211900832369363,836868001.490724,163527972.4733669
2024-10-09,0.0204827290015239,809563146.5104293,117394124.10280584
2024-10-10,0.0198210224852672,783769686.4121782,116959931.75665228
2024-10-11,0.0199170757360696,787054834.9935238,97335005.5403643
2024-10-12,0.0208587825118062,825709388.081294,112661065.7155109
2024-10-13,0.0217653977808524,862244315.3856851,107334791.51943
2024-10-14,0.0216887244632377,859653227.1017641,106666680.24535964
2024-10-15,0.0232584938304442,922568060.3377128,156498974.06729618
2024-10-16,0.022718701779847,901297345.2812388,162012535.37944335
2024-10-17,0.0223052984647555,886261162.6008273,113927802.091928
2024-10-18,0.0212362109393048,843566903.4251583,106727784.71564429
2024-10-19,0.0228330155991452,907891624.7952366,157616772.02494022
2024-10-20,0.0231786800330269,921721781.6334212,138574541.98787028
2024-10-21,0.0240972608388172,958077402.3392012,205675754.27769563
2024-10-22,0.0235421536033665,936558762.0421456,190889343.33900988
2024-10-23,0.0240326040155587,956377558.0726572,180154830.56031668
2024-10-24,0.0224407852782068,893271939.6354656,216079449.05819997
2024-10-25,0.0231545224089704,921581468.8414816,124510934.310149
2024-10-26,0.0202231820146947,803736049.7683208,148669569.0291352
2024-10-27,0.0203483546285127,811135614.4039127,143352893.4232454
2024-10-28,0.020679661312086,824794392.1199744,86377017.33687699
2024-10-29,0.0203544082719301,812636007.3620857,132141932.94176283
2024-10-30,0.0211521207142735,847409783.4411985,167259351.52385804
2024-10-31,0.0206839926614421,830181235.7461059,114588117.43603228
2024-11-01,0.0196030322432558,786457131.9200157,122018308.20635316
2024-11-02,0.0192045818529725,758026614.3856164,108210052.86021106
2024-11-03,0.0189253059462581,747799616.7933904,78938451.53799616
2024-11-04,0.0179692846690507,711176997.860338,132761866.772552
2024-11-05,0.0174157822852258,688823024.8762193,94590242.93913224
2024-11-06,0.0188680046042997,746798010.0871875,111147776.3834736
2024-11-07,0.0213609298412094,845823676.2421416,202114230.87231755
2024-11-08,0.0216785342241512,858066605.4904996,151313176.03826627
2024-11-09,0.0219662988707551,868944474.4621294,126194680.11118364
2024-11-10,0.023368213609164,924840463.0397508,155986246.79055876
2024-11-11,0.0251642286624156,995452503.2477694,350696794.41003746
2024-11-12,0.0274919214889784,1091493235.015282,359652440.27091783
2024-11-13,0.0274922009963666,1084317574.624652,534036252.4339743
2024-11-14,0.026741716320878,1058164866.8723449,427230915.6335515
2024-11-15,0.0246046628556951,971061357.2798444,278299016.418408
2024-11-16,0.0263776096646439,1043679800.9041756,208868693.02236548
2024-11-17,0.0306175904072172,1210293889.082108,388553825.4458133
2024-11-18,0.0281170320497587,1113208309.8246486,291418732.54920703
2024-11-19,0.0314554058724667,1239857758.8043091,378996799.6085936
2024-11-20,0.0293979470973266,1163407078.4007623,257559572.8790122
2024-11-21,0.0280008612581099,1107904555.613019,248415323.0254965
2024-11-22,0.02902690388529,1160740758.7454827,297985280.43584
2024-11-23,0.0296298715263567,1187326459.9675198,286486280.14385176
2024-11-24,0.0349882357250288,1400964777.0674956,681559506.8409702
2024-11-25,0.0396257084688268,1586365271.6651926,1257167334.2688808
2024-11-26,0.0366152478355956,1465359162.0052967,682534267.711036
2024-11-27,0.0364342122513119,1456766918.9420488,509644382.21598655
2024-11-28,0.0372957931156384,1551422762.9689865,399273228.2599912
2024-11-29,0.0397572078246452,1649432281.2698314,451489107.0396712
2024-11-30,0.0400055135222316,1666016544.204899,384757039.3245412
2024-12-01,0.0448928558991181,1861532556.1376483,605416401.415896
2024-12-02,0.0440486772180185,1835907552.1122613,478003861.7375892
2024-12-03,0.0466089533952002,1938943389.3337576,772633569.4366653
2024-12-04,0.051711121131918,2158063182.7471666,1273193435.2627888
2024-12-05,0.0600715253502068,2506058944.2966385,1630738927.8778186
2024-12-06,0.0603674532992107,2528474814.2300115,1312811141.6910207
2024-12-07,0.0595723936816569,2489584184.7805905,755717393.8865519
2024-12-08,0.0613683984160052,2568133330.557308,487071654.3150072
2024-12-09,0.0610229566937979,2549184746.771755,625028316.9881454
2024-12-10,0.047999847121897,2008544484.770565,917278176.0123068
2024-12-11,0.0455692947305874,1907695769.044316,796359513.7527363
2024-12-12,0.0516235661670189,2162210253.4724555,646012437.1688802
2024-12-13,0.0507559130668227,2124098616.023924,581189818.0749987
2024-12-14,0.0517708754362723,2168108173.54218,420171293.7700571
2024-12-15,0.0491981376127858,2063622319.068506,325664332.1195454
2024-12-16,0.0510240798154888,2140151499.8146343,330880560.1822889
2024-12-17,0.0481379263550157,2024722794.1580555,389408900.9242461
2024-12-18,0.044498001449908,1867551954.9226768,469919267.4702398
2024-12-19,0.040097423155184,1680330699.406497,433587288.99134177
2024-12-20,0.0354430096174136,1490923701.197358,489069022.85232633
2024-12-21,0.0374022781235741,1568653023.1788847,529557985.552365
2024-12-22,0.0349640863810516,1467984871.063301,364312634.8993337
2024-12-23,0.0347987667031168,1466156275.109442,262028464.7673813
2024-12-24,0.037727038234591,1587258883.8005586,297194348.27951336
2024-12-25,0.0395003762345263,1658531058.6885238,320467808.6432411
2024-12-26,0.0384610812656483,1622007294.31688,226937067.24371412
2024-12-27,0.0352759164965627,1485909299.8445115,192977116.12024784
2024-12-28,0.0347430306123758,1463406725.5283716,212399501.4564801
2024-12-29,0.0366932092115116,1548079153.4212976,155501877.46889803
2024-12-30,0.034748925715949,1466146506.6526637,156796192.64254197
2024-12-31,0.0344444644317421,1453105333.7983549,255202790.9114756
2025-01-01,0.0343165437813704,1448101008.2679808,150022241.61355883
2025-01-02,0.0369615940763236,1561311869.0498714,225442086.52484635
2025-01-03,0.0391543694368635,1654329278.8428326,320374433.0018574
2025-01-04,0.043188782110898,1824152617.1080232,396341221.79889095
2025-01-05,0.0424912803236587,1797750496.812807,264318310.8507225
2025-01-06,0.0418703450959497,1776843133.7379837,208527210.2305641
2025-01-07,0.0426823860102999,1803472716.714519,354956155.2284155
2025-01-08,0.0372723826466661,1582543680.2638428,368089971.1227794
2025-01-09,0.0347598392995378,1474619822.0237513,353548792.23754823
2025-01-10,0.033712003463808,1429917243.927472,263989723.8549264
2025-01-11,0.0354158114078904,1501719055.8461337,254602323.44641477
2025-01-12,0.0362987008919915,1542212913.6324182,204366238.76192635
2025-01-13,0.0347592513281045,1473382690.1290998,138851824.3562349
2025-01-14,0.0335519134962203,1422033732.5869694,320022485.8234276
2025-01-15,0.0365831352595494,1555543222.8835206,224364505.328973
2025-01-16,0.0391009917236468,1661748425.7349937,278662688.08303136
2025-01-17,0.038509629010077,1636767764.2917864,232229365.5599283
2025-01-18,0.0412706922673113,1754294413.2491045,290459336.5210125
2025-01-19,0.037344396451123,1587942306.761934,245790692.82666928
2025-01-20,0.0331750478701269,1416420345.1931202,358835002.8717738
2025-01-21,0.0325692813483852,1386713170.9438715,397031933.07114697
2025-01-22,0.0341434709656777,1452116647.4127798,213617690.17513984
2025-01-23,0.0328629041065132,1399864332.0859685,153956699.1481773
2025-01-24,0.0329670015074366,1405455527.5288494,173233084.02217427
2025-01-25,0.0323927349116497,1378944976.3307483,128970172.77025582
2025-01-26,0.0322883961084403,1376453603.7425344,73583559.43506931
2025-01-27,0.0307911314232969,1312830766.6454587,79797470.28305703
2025-01-28,0.0302294608777607,1285213412.290445,261538936.212316
2025-01-29,0.0273986265413906,1165812131.653037,169488018.5817219
2025-01-30,0.0290693003449077,1238399011.2863278,187635931.35089704
2025-01-31,0.0310826679990152,1331865863.8496978,135103854.08174565
2025-02-01,0.031782025003499,1359574131.443109,211633580.95598245
2025-02-02,0.0284090945521259,1217552446.199519,111902957.50761476
2025-02-03,0.0238160833947448,1019320706.6888456,222723479.2837448
2025-02-04,0.0243212216795011,1042215036.2807624,418609621.2920876
2025-02-05,0.0225119188749604,963102445.341334,210558633.7995559
2025-02-06,0.0224980704086523,964608734.592793,136626686.09972742
2025-02-07,0.0208386222878924,892745282.6914321,132052422.14521852
2025-02-08,0.0212203599157845,909848589.977693,138382229.4911957
2025-02-09,0.0221266272282894,949098439.0554852,82468919.1929691
2025-02-10,0.0218134076002492,936772141.0733624,98777955.47155412
2025-02-11,0.0230348413025692,989204232.0933756,109693470.225754
2025-02-12,0.0226974013512125,975232954.8592178,125467924.01541398
2025-02-13,0.0241193446229104,1036446826.6277264,151426796.30275255
2025-02-14,0.0233077003131058,1002856298.5430614,104985061.43762743
2025-02-15,0.0243866814930938,1049101512.3979174,102934148.27461964
2025-02-16,0.0237384437995651,1021506178.7553828,76666313.79300652
2025-02-17,0.0223508542141319,961926124.8515786,79396241.76657236
2025-02-18,0.0224554471265251,967329851.2177924,92612396.94099256
2025-02-19,0.0218866363508871,940879811.9839244,95422203.04239728
2025-02-20,0.0221532955595333,955082089.4756364,78835499.06844798
2025-02-21,0.0229453671022883,989577764.1128908,73827607.65896371
2025-02-22,0.0223083038124774,962907472.6427472,132083098.37345798
2025-02-23,0.0230881043241228,996553872.9059908,72296535.23838553
2025-02-24,0.0223492376398792,963999739.5540808,52974126.585646346
2025-02-25,0.0187087739417479,807496996.4656506,123062174.2751638
2025-02-26,0.0197824778980986,854413187.7803075,143674534.40718797
2025-02-27,0.0196686740477266,849911348.8031617,115058195.93588194
2025-02-28,0.0199105446745991,861099644.1443892,86029062.44668142
2025-03-01,0.0200132397116222,866548355.7009906,132623288.85529138
2025-03-02,0.0196887408924026,852405272.4060332,73775619.10488173
2025-03-03,0.0221297393659504,956858991.2871076,144060524.0870694
2025-03-04,0.0183971827900118,798019784.0730715,152340994.9192165
2025-03-05,0.0176844706235628,765639333.1237382,130842439.0887086
2025-03-06,0.0188397416754981,816983695.7002718,71695745.73712453
2025-03-07,0.0185593879213646,804733766.9001988,77433990.45913887
2025-03-08,0.0185032528761432,802882991.7195048,94883187.84785213
2025-03-09,0.0176706199679485,767194397.2608643,53626999.77837235
2025-03-10,0.0158509817739569,687190716.200747,71237963.85546903
2025-03-11,0.0151257637554487,658199345.3719331,103128881.44315426
2025-03-12,0.0158357192006574,688200318.5196395,108621785.03283736
2025-03-13,0.0166769493632567,724501373.579217,75483485.67478642
2025-03-14,0.016211680385918,704885319.2693383,77862144.41303335
2025-03-15,0.0165829412851146,721392540.5939298,61403731.60187562
2025-03-16,0.0171535623590279,746248252.8315009,39653684.77801806
2025-03-17,0.0162946226288359,709415009.3549135,53919519.78109026
2025-03-18,0.0173020533957547,753634368.5640604,68271316.50143571
2025-03-19,0.0172851380791309,752297227.100895,58274144.03409679
2025-03-20,0.0177770691028183,775335620.7741048,83210397.54175773
2025-03-21,0.0170815448734615,744711284.2231863,50228673.38655639
2025-03-22,0.016657235427299,726606646.3812891,54626339.03562672
2025-03-23,0.017118757675258,746767689.8342344,41301056.0924196
2025-03-24,0.0171991870917145,751999834.8446901,53236449.10590842
2025-03-25,0.0181232445920323,788361107.6244162,75206076.95945473
2025-03-26,0.018560454842298,810354873.1131651,53640562.85694386
2025-03-27,0.0183374660980255,801083337.5602126,63163785.2363457
2025-03-28,0.0183554954648757,802720910.4598007,58510935.57849654
2025-03-29,0.0166807301096427,729244076.2309048,71583549.24532682
2025-03-30,0.0154246207246666,674080764.5281808,75570891.40570359
2025-03-31,0.0153555583803611,671375701.6171261,49277731.634054966
2025-04-01,0.01524081223948,666617564.1111602,65622773.28583894
2025-04-02,0.0158920015538845,695874484.0137593,61088372.72484546
2025-04-03,0.0145417547903086,636767090.4135888,89203621.09278354
2025-04-04,0.014939353997795,656494603.4102072,76084673.05392209
2025-04-05,0.0149999896908454,657381454.5609846,64565953.49594904
2025-04-06,0.014880314429265,651792930.1539959,28802066.226038016
2025-04-07,0.0129685338484562,568770912.065438,74683670.97424403
2025-04-08,0.0132713234087202,582642295.3522288,154776910.4671254
2025-04-09,0.0126753283970845,556115892.7300775,63346295.82205724
2025-04-10,0.0142404952988131,626261378.8735824,110401776.16483618
2025-04-11,0.013906132682072,610247933.5222359,70461954.96608269
2025-04-12,0.0143087538284573,629078658.3097178,60944570.59284641
2025-04-13,0.0152141006633742,668653185.1815772,53803350.37319766
2025-04-14,0.0143571739453917,630628514.951634,58217831.59671546
2025-04-15,0.0146471326698138,644170958.9461374,74383179.60421862
2025-04-16,0.0140431915084628,617586914.105279,58949711.43823606
2025-04-17,0.0137335226455473,603959248.8713164,66024539.56944049
2025-04-18,0.0137751005967119,606223854.387313,53240087.24050304
2025-04-19,0.0142370506987856,626822506.6558592,48278066.52396223
2025-04-20,0.0153253588541314,675101567.522226,60444877.22233308
2025-04-21,0.0155676688775106,686015323.2382135,75669673.17363602
2025-04-22,0.015591598752008,686898402.7858739,136217467.24937448
2025-04-23,0.0168047303910541,741098949.1100136,84731962.27921511
2025-04-24,0.0170634189125181,753130609.2986858,81022896.7242846
2025-04-25,0.0175053573822749,772450937.7447566,83477039.83589192
2025-04-26,0.017356795109127,766653500.030976,81241834.74253286
2025-04-27,0.0177565961239002,784040083.3165116,68227394.56322926
2025-04-28,0.0165039149380512,729431865.1066219,50562235.18717877
2025-04-29,0.0172849492771765,764043299.1508995,64562209.183161736
2025-04-30,0.0167611433129126,740607098.8561898,45202235.6438349
2025-05-01,0.0169018843901587,747297827.8518573,58860668.63905875
2025-05-02,0.0171280800963501,757407792.5691817,54200303.21569267
2025-05-03,0.0168403929517627,744817897.4060141,53766048.98636666
2025-05-04,0.0156725653679535,693945264.0560297,54927350.10136624
2025-05-05,0.0153412367349944,679178432.0468369,42367669.79078835
2025-05-06,0.0152654312685986,676020308.3978556,45843699.95537819
2025-05-07,0.0150445100290759,666380541.8139746,60341267.89735267
2025-05-08,0.0152004836087505,673825085.6933019,51514999.59464096
2025-05-09,0.0177576463694478,786908143.5607368,97478588.20118684
2025-05-10,0.019492589707734,863794450.761554,148262523.06154
2025-05-11,0.0223114276380186,990692501.6072924,147720376.7714544
2025-05-12,0.021928230104536,973431933.304278,193557991.40720677
2025-05-13,0.0220363415835279,979152971.480165,184033379.6943719
2025-05-14,0.0225992827521075,1003345500.7482754,150798293.16837934
2025-05-15,0.0214882054134984,953071392.88357,120979856.20724931
2025-05-16,0.0197630098924979,878711892.639935,131847306.2138194
2025-05-17,0.0194675097670229,865577189.933144,101909469.96198252
2025-05-18,0.0185249974941022,823451554.6984369,118687566.30881684
2025-05-19,0.0196353072758399,872198006.047034,137403076.79699463
2025-05-20,0.0189639371593903,841977171.6399184,126303588.19032362
2025-05-21,0.0194888769938091,867609416.8239574,106099765.24970986
2025-05-22,0.0200147344508655,891432667.3386785,162953192.31466988
2025-05-23,0.0210012654845841,935133470.2816772,148594111.1548265
2025-05-24,0.0189052356465101,842763821.4486132,179743648.380892
2025-05-25,0.0188472888766243,840185706.922806,87919562.25586912
2025-05-26,0.0190354418496725,849333548.1899498,96410687.07579188
2025-05-27,0.0190507453012121,850158226.3046017,97678985.37572768
2025-05-28,0.0193256962498953,862604317.550382,100863453.00785407
2025-05-29,0.0195031583434747,870480845.7024666,103712459.96331792
2025-05-30,0.0186149365699381,831625857.0307286,108899952.24297732
2025-05-31,0.0164520410299676,734310602.3764049,164278136.09209198
2025-06-01,0.0165990583448997,742144908.559228,102335193.83275646
2025-06-02,0.0169348526743635,757056974.1175416,68789965.02161147
2025-06-03,0.0172883603170417,773238619.286265,67920284.06342815
2025-06-04,0.0171051063600768,765434529.3291284,70390165.61756475
2025-06-05,0.0164885959099345,737904893.5821178,58081096.81171453
2025-06-06,0.0153176338903883,685540620.4825205,106830064.12714791
2025-06-07,0.0155736177895854,697357968.1086336,60418805.29723245
2025-06-08,0.0162609594106291,728316626.9936253,57247580.37878627
2025-06-09,0.0163248613837434,731298212.6881499,48571340.21671115
2025-06-10,0.0172553533899412,773574162.0519718,67399095.77825561
2025-06-11,0.0178251624661922,798059187.3597014,108855838.62745504
2025-06-12,0.0171038057722101,766911644.0419052,118919328.3286435
2025-06-13,0.0157528296581162,706834885.8484217,127369612.203391
2025-06-14,0.0152132083670226,682955196.2774241,155809103.43774182
2025-06-15,0.0150475924435311,675775001.8809336,66791184.82243331
2025-06-16,0.0149931405141667,673548708.3051168,56859561.4049423
2025-06-17,0.0150215628382747,675186248.4642754,99504808.47916812
2025-06-18,0.0143168923155272,643107593.3568411,104293817.82030284
2025-06-19,0.0144660101219051,650030710.0813066,77523834.76886666
2025-06-20,0.0141843373526608,637396780.9886608,50045798.804411925
2025-06-21,0.0137267359574787,617423087.0281591,73291361.176707
2025-06-22,0.0129011033080015,578535345.0739317,60463442.88615184
2025-06-23,0.0125285902310079,563830650.2986482,111936810.02362166
2025-06-24,0.0139945023279974,629730927.1154191,104834336.3016236
2025-06-25,0.014199548602164,638605985.7349855,90915123.58594516
2025-06-26,0.013498853944988,607709882.0957235,75080591.41287558
2025-06-27,0.0133023906125184,599700609.7202762,80755884.01509531
2025-06-28,0.0135425603531998,610224338.4528033,63954151.66492525
2025-06-29,0.0139858257755191,630063357.4246329,46736853.95240341
2025-06-30,0.0149891975817261,676714175.401404,68889950.2149191
2025-07-01,0.0142008929731436,639969919.1785865,81668566.86149651
2025-07-02,0.0133896989798728,603522111.4451696,67847277.85979098
2025-07-03,0.0147323483120967,664794099.5127678,98233665.04094829
2025-07-04,0.0148014639047475,667647111.0559272,81568022.46916617
2025-07-05,0.0138704904783252,626191207.7406926,77773870.19311742
2025-07-06,0.0139064189356049,628094258.8884729,58090789.1766196
2025-07-07,0.0142473952527398,642647339.871534,51144345.85451157
2025-07-08,0.0141178307177737,637868792.3229697,59551827.73430608
2025-07-09,0.0143675262294911,649357532.1355724,69362741.89097291
2025-07-10,0.0153736321632295,695108656.1815032,100931534.89051968
2025-07-11,0.0169027342899496,762075248.1480478,134177351.02510913
2025-07-12,0.0170522978571878,770893965.7228212,219864392.92316735
2025-07-13,0.0166316925259787,752311283.6774895,130696961.31936158
2025-07-14,0.0172213529803196,779306260.9601316,125245071.36769192
2025-07-15,0.0170399012813488,771097470.9417765,193070653.1504264
2025-07-16,0.0177851626236948,805796201.7819837,177607879.71404636
2025-07-17,0.0181834560851301,824843340.7191072,191412831.81965655
2025-07-18,0.0187291224959431,850182265.7379504,201866088.47628915
2025-07-19,0.0186628124805526,842812248.4284312,293401128.5200829
2025-07-20,0.0192727901606218,873642041.5019286,172136373.47603968
2025-07-21,0.0200149623516867,908203805.7990712,222283880.78586972
2025-07-22,0.020352570536463,923820992.2301774,218349385.75246865
2025-07-23,0.0201208771139147,912277617.8704568,234782793.3993373
2025-07-24,0.0178297781107162,808842527.3922561,222897134.56325445
2025-07-25,0.0172358972327878,782275691.9934058,181810003.31140876
2025-07-26,0.0175966782683592,798477910.6683389,144917227.9326556
2025-07-27,0.0176729903250145,803124921.635058,70825130.02498867
2025-07-28,0.0183284989244422,831455490.8798012,93372261.24334884
2025-07-29,0.0168813674912534,767202953.6250819,137652168.00642753
2025-07-30,0.0168220579236224,763303740.6777081,101831961.77283952
2025-07-31,0.0164117208570527,745990735.8735771,116674963.96501172
2025-08-01,0.0154725752047092,703460833.33655,89228568.22347356
2025-08-02,0.0149723553589015,680647000.6610558,147580940.61661968
2025-08-03,0.0146394522810235,666813585.0935581,90096175.69961092
2025-08-04,0.0151598021157122,689800854.0178555,49116090.16906733
2025-08-05,0.0158255754139183,720347621.8855743,68686602.08818199
2025-08-06,0.0152199985670163,693318557.8916922,85936627.76575409
2025-08-07,0.0154226568003549,702350256.0679053,60413371.361872256
2025-08-08,0.0164172734578391,747990586.8671769,82957196.93909572
2025-08-09,0.0169804401255054,773806515.4979298,160064863.281751
2025-08-10,0.0179527343545835,817326823.9991968,116190455.6884085
2025-08-11,0.0177186060634116,807895895.9477808,114989512.0924516
2025-08-12,0.0167306899684568,763425756.8807955,130198711.63397056
2025-08-13,0.0179649518248165,820926946.1840826,129100623.25017156
2025-08-14,0.0189355124881069,864745304.438876,162598201.71195465
2025-08-15,0.0167027925795188,762223899.6459249,198928494.7933929
2025-08-16,0.0165419877042125,755003977.9785914,136612969.19975162
2025-08-17,0.0172365551377266,787089436.6526169,95638752.99167868
2025-08-18,0.0173206626192822,791752055.1003823,86396098.26875369
2025-08-19,0.0166287303681671,759561763.4180882,119664455.62013796
2025-08-20,0.0157236564526325,718170979.1249521,112800476.51094276
2025-08-21,0.0166644969420512,761546487.9221184,87759603.21895686
2025-08-22,0.0161936991813104,739475616.4874923,62307646.537568815
2025-08-23,0.0188597013068938,863337110.681385,153339147.44476727
2025-08-24,0.0184025422566294,842180881.6334728,125527333.08680472
2025-08-25,0.017988247451238,823735898.2073275,138428353.41963536
2025-08-26,0.0160225135998519,733615823.3893292,143987574.36015186
2025-08-27,0.0167503180685051,766488960.1416963,92116000.70143786
2025-08-28,0.0164443143401366,751909548.2744933,84242699.06084393
2025-08-29,0.0172816483817596,790768079.2029074,78654435.10986371
2025-08-30,0.0160477656540558,735367695.642986,106677635.9238259
2025-08-31,0.0161623542453786,740105716.6740541,47526467.149835005
2025-09-01,0.0161291174984307,738715641.0336925,63430933.47977439
2025-09-02,0.0155687213568003,713874036.1738341,109076126.28549431
2025-09-03,0.016116440777023,738543310.9685236,77289743.62457557
2025-09-04,0.0162463571806225,744701274.7757713,57305218.36533677
2025-09-05,0.0156346331852339,717132148.7507122,59214766.46215382
2025-09-06,0.0161532056216086,740968045.88518,74491326.20219703
2025-09-07,0.015968421500559,732907992.2649238,34578105.9556208
2025-09-08,0.0162582003303577,747410554.8444297,50002493.88622348
2025-09-09,0.0169046143430078,776140374.5845925,80140789.36190274
2025-09-10,0.0169313197103734,777490992.7308935,87362645.61257115
2025-09-11,0.0172818877952949,793626970.2038381,66390279.269839615
2025-09-12,0.0175561953674945,806686775.567701,83545218.930152
2025-09-13,0.0180368140348808,828685972.8731843,103282181.13286008
2025-09-14,0.0184053702687296,845906380.7224134,112916576.1223419
2025-09-15,0.0174591857492006,802655345.9706687,66513483.7333364
2025-09-16,0.0166620080014422,765629179.2069321,88757966.01160531
2025-09-17,0.0170279776662044,783109148.175707,73486088.79375659
2025-09-18,0.0180077386024803,827026595.7597377,97476201.05373392
2025-09-19,0.0183422324001683,843565472.2953393,103743175.48105147
2025-09-20,0.0171849709952298,789589626.2736983,100151760.01590829
2025-09-21,0.0175075112932064,805693437.3629024,57690108.68849263
2025-09-22,0.0172870063226898,796032573.9293858,67623473.81627531
2025-09-23,0.0153220347346217,705625379.9000387,156186819.0849738
2025-09-24,0.0151281412504567,697104413.7708539,73548596.85562149
2025-09-25,0.0151916408318902,699373648.1809938,73388814.92129375
2025-09-26,0.0141477194265122,651888280.5865042,109329802.64678492
2025-09-27,0.0146495442422771,674682121.3994695,62355296.14158003
2025-09-28,0.0144613248121989,666663920.1965119,33410360.40243825
2025-09-29,0.0149674171079051,690218236.2274736,50580176.38858506
2025-09-30,0.0145033042089613,668383130.0769097,68613851.59419411
2025-10-01,0.0143874385686954,662328449.1291198,62677017.14628248
2025-10-02,0.0154230829035354,710638613.1242986,76810993.15837833
2025-10-03,0.0161771229033013,745384523.0782508,90295281.789026
2025-10-04,0.0163173407784424,751851437.8926042,80286101.57439642
2025-10-05,0.0158800515219587,732083806.3470622,59654466.132371746
2025-10-06,0.0157403818400145,726317070.1384923,70496166.4920497
2025-10-07,0.0164384700724559,757545670.0017353,71051687.81668292
2025-10-08,0.01533539165107,707141260.6536608,94344970.62230095
2025-10-09,0.0158959098003172,733118851.0429934,61233234.675614595
2025-10-10,0.015433610857003,711885833.4022952,72397806.6939481
2025-10-11,0.01020529026935,471985480.4210337,170191648.26207823
2025-10-12,0.0105586449421709,487989535.0553632,159063096.58840424
2025-10-13,0.0119653809265114,552028009.0979048,115547218.02513802
2025-10-14,0.0125013211433819,577575411.7830843,145951606.57684368
2025-10-15,0.0120371945904268,556208522.8967364,111576796.01867302
2025-10-16,0.0114143504766244,527316866.4382454,82752881.19810402
2025-10-17,0.0110898301613563,512652956.2028629,95612971.63235028
2025-10-18,0.0106891436313389,494629439.937079,103942378.5411052
2025-10-19,0.0109655578171104,507000869.64708227,58424442.90979397
2025-10-20,0.0111605306119975,516352661.109557,68581517.74412555
2025-10-21,0.011337122877331,524836284.1368472,69915165.6864907
2025-10-22,0.010931015136529,506005935.00194615,88709362.12140198
2025-10-23,0.0104788089175735,484958164.8249081,71624302.0775749
2025-10-24,0.0108840942640299,503982369.94001895,55496153.78054543
2025-10-25,0.0111637255471954,517082731.58249336,51320446.79981123
2025-10-26,0.0110580465927568,512444829.87517715,39531506.06420644
2025-10-27,0.0114563218062829,531774128.11240005,49798407.89955552
2025-10-28,0.011206449751479,519297597.1329222,56414269.38270049
2025-10-29,0.0107826882950039,499595617.7751524,76541209.5069483
2025-10-30,0.0107807119710909,499728240.0572168,69418775.29508325
2025-10-31,0.0098857737641992,457725255.3068252,83040815.08774616
2025-11-01,0.0100526223981464,466924626.9413605,59696530.16752378
2025-11-02,0.010437238526959,484200620.7281974,46464789.550889246
2025-11-03,0.0105052147005789,487355882.5564495,47641705.35105225
2025-11-04,0.0088368741363066,410485825.8101893,106683980.1965904
2025-11-05,0.008531369536884,396376986.8769816,112816993.94402936
2025-11-06,0.0090546638824353,420913807.7520732,69476976.88018128
2025-11-07,0.0088294367198741,410033663.6201763,67770412.30880365
2025-11-08,0.0102866816097857,479597577.8093988,111245294.7595318
2025-11-09,0.0102798776761854,477608510.6618496,102687981.2958013
2025-11-10,0.0101868171200729,473987516.2515563,72095563.30583765
2025-11-11,0.0106251189822311,494898934.541874,82004830.49515742
2025-11-12,0.00988391675352,461244136.7380325,73464127.50603768
2025-11-13,0.009607647806792,447408901.9225045,75108924.47711095
2025-11-14,0.0093671092377249,436834667.197297,79644783.4966743
2025-11-15,0.0089720831056739,418969446.8864661,89139957.66430476
2025-11-16,0.0091107026293011,424679656.8885098,47999292.63921935
2025-11-17,0.0086057720336689,401492495.7849771,108560358.65525351
2025-11-18,0.0084290124062822,392549782.2797337,82672846.8425531
2025-11-19,0.0086761732421245,404516999.9974847,66970961.98003204
2025-11-20,0.0083413437214026,388768183.19307625,64344873.8175953
2025-11-21,0.0080106927280543,374163338.479775,82811408.68689062
2025-11-22,0.0075638885125756,352905514.58492166,116598368.7018172
2025-11-23,0.007426584222296,346773587.0204464,47000313.52533392
2025-11-24,0.0074183673405597,346988278.1830491,36801195.38770322
2025-11-25,0.0077118018893283,360139633.24307233,59251598.17828424
2025-11-26,0.0078063141183706,365195991.13276494,54634585.1041753
2025-11-27,0.0078355217080797,365924591.9152734,47140250.45375915
2025-11-28,0.0079351888564048,370515740.1934087,42703552.20419504
2025-11-29,0.0078525691864096,366872939.54978967,50359948.52543706
2025-11-30,0.0076639863425445,357957916.8454131,29875414.12154572
2025-12-01,0.0075472646044686,353357449.7899318,32430760.360405304
2025-12-02,0.0067770551675972,316970712.305963,71750739.08185636
2025-12-03,0.007414730660387,346545712.1333574,56722316.07166972
2025-12-04,0.0077676996458707,363462122.3087488,59783485.77636283
2025-12-05,0.0075125208822444,351249629.88702285,39138697.51487099
2025-12-06,0.0071290043354348,333338039.88661015,45856397.40721685
2025-12-07,0.0071807401185317,335878712.13061845,28201325.712666977
2025-12-08,0.0070370888764781,328607211.1410579,46128964.95764883
2025-12-09,0.0072987217011917,341456514.3590963,46852729.56869528
2025-12-10,0.0077981900800986,365192707.5153584,54883406.9913224
2025-12-11,0.0075243834160336,352876287.04342115,48281946.27312078
2025-12-12,0.0073895568216177,345939867.40237147,47784061.21541075
2025-12-13,0.0071213871393097,333621222.9806225,36112695.43167223
2025-12-14,0.0071526570025972,334954150.7371134,20436802.979012694
2025-12-15,0.0068137349883404,319028367.0427705,29414014.965402573
2025-12-16,0.006519411268654,305576769.68821275,35061377.89768034
2025-12-17,0.006588828997093,308673181.19967693,32194480.82617997
2025-12-18,0.0062153034829677,291227565.59469706,39854226.96657013
2025-12-19,0.0058976094900676,276562172.1226201,42669033.12112439
2025-12-20,0.0063252821926731,296804464.98674256,31931626.81598956
2025-12-21,0.006305758350101,295612574.87110806,17942078.330804747
2025-12-22,0.0061385397227852,288037842.24752545,22733835.324609727
2025-12-23,0.0061978608420648,290545430.50703496,26992869.17645501
2025-12-24,0.0061304294571073,287569575.57927746,22304379.963042933
2025-12-25,0.0061313501290858,287663325.9459796,18069722.08965671
2025-12-26,0.0059659992426257,279821722.7303461,16931477.01189774
2025-12-27,0.0060838601869378,285501069.9205321,22396121.43540604
2025-12-28,0.0062520929351862,293280504.8068285,16880605.88634409
2025-12-29,0.0061997055317069,291025864.5339263,19518063.33133248
2025-12-30,0.0059989194317706,281572332.37235,28351679.846571542
2025-12-31,0.0059868098927058,281145048.0551635,23086434.17797205
2026-01-01,0.0058429545481196,274343327.43077594,29815681.29264937
2026-01-02,0.0062837430312176,295778514.3933799,29062160.152757976
2026-01-03,0.0067797959279469,318542534.1024927,52011833.59596997
2026-01-04,0.0068309580723397,320932605.7765529,34426274.759224795
2026-01-05,0.0074389116909362,349446520.2521828,55853020.034662046
2026-01-06,0.0075460576982234,355162398.9125505,42399083.72474708
2026-01-07,0.0075936349440542,357025789.3612553,48618259.13389057
2026-01-08,0.0073039847670548,343508665.2769874,34587759.623417765
2026-01-09,0.007211845035627,339122714.85323495,36944254.728000745
2026-01-10,0.0071846215847943,337914521.43369275,31735999.057147816
