date,prices,market_caps,total_volumes
2017-05-01,74.8162,82641226.0,13002600.0
2017-05-02,92.9842,102709417.0,24678400.0
2017-05-03,79.2777,87569354.0,9085780.0
2017-05-04,86.4518,95493793.0,6064050.0
2017-05-05,87.5449,96701221.0,4506690.0
2017-05-06,113.225,125067202.0,7570580.0
2017-05-07,104.029,114909393.0,3322160.0
2017-05-08,117.271,129536373.0,4818100.0
2017-05-09,98.4011,108692871.0,2771490.0
2017-05-10,106.228,117338386.0,1311680.0
2017-05-11,107.029,118223163.0,1452080.0
2017-05-12,108.417,119756334.0,932227.0
2017-05-13,110.345,121885983.0,713002.0
2017-05-14,112.407,124163648.0,699278.0
2017-05-15,120.261,132839097.0,2140420.0
2017-05-16,120.656,133275411.0,1785210.0
2017-05-17,121.27779822697504,133962243.14353436,667863.6474974944
2017-05-18,135.95663099878882,150176335.03495213,1060538.928617047
2017-05-19,177.53672306235563,196105288.9274474,3515378.3618388427
2017-05-20,179.4530542660457,198222049.21173143,1484559.0404523625
2017-05-21,217.9124004984036,240703858.46653163,2320720.4606756023
2017-05-22,232.5756207479796,256900704.9220108,4366106.636844337
2017-05-23,233.94461437908848,258412881.59699732,2596763.394672156
2017-05-24,265.7722457889987,293569364.97607005,3073900.2213455443
2017-05-25,234.2315726759263,258729852.86210144,2575509.9652835154
2017-05-26,208.46772619882304,230271365.681958,1652697.9849399473
2017-05-27,195.88115036378343,216368359.88033155,1368098.5508288934
2017-05-28,215.14942255734363,237651900.6626162,732808.8756637388
2017-05-29,226.2312439916881,249892769.80077875,590970.790414591
2017-05-30,257.67235730587527,284622309.1564968,1459258.855841451
2017-05-31,265.5043069836772,293273402.45110005,2194367.658479509
2017-06-01,255.26004181229845,281957689.5854467,1554437.2946806897
2017-06-02,258.6440726623995,285695656.2221598,1187265.1885785772
2017-06-03,262.5353538321502,289993926.4894548,1024661.4974557422
2017-06-04,269.1549674062867,297305885.4473102,973619.251398177
2017-06-05,262.78040596860194,290264608.628858,1556035.2665525605
2017-06-06,273.5486175983371,302159067.5129472,2299168.877371787
2017-06-07,252.48430068825044,278891633.6972346,1218196.080875698
2017-06-08,263.59490694771233,291164298.2653735,741144.6815124956
2017-06-09,258.62110060233766,285670281.5143361,609131.9701415494
2017-06-10,267.9822525625459,296010516.35806257,1947368.9044940737
2017-06-11,275.9838289991106,304848977.6741276,1022979.5058468068
2017-06-12,275.2253272290824,304011144.2039721,3227706.9596347613
2017-06-13,273.35829145860583,301948835.1622614,2218327.7364031523
2017-06-14,249.47554187075448,275568188.7950167,1063620.5565517894
2017-06-15,238.58482276533323,263538409.37835944,1249266.445460091
2017-06-16,246.5482578750492,272334740.16620064,1091838.312908041
2017-06-17,256.6138457895125,283453087.9206376,532550.4856257995
2017-06-18,247.44849948068352,273329138.0413682,524598.1514928124
2017-06-19,251.2185376719035,277493484.5270079,1417564.834170116
2017-06-20,250.9896537715924,277240661.65956324,1987072.6141144056
2017-06-21,234.39509937334773,258910482.8168062,1181297.0087570313
2017-06-22,231.00510673234308,255165930.84547883,1010087.8708784448
2017-06-23,234.3031644690889,258808932.4409109,450849.9920663554
2017-06-24,221.22833078237576,244366601.89890444,522282.0348804794
2017-06-25,212.39659313899887,234611152.81540683,1250806.5683154971
2017-06-26,197.2378016460329,217866903.32019147,1808844.019176146
2017-06-27,202.41781963757805,223588699.39347237,662364.0971413421
2017-06-28,220.36346955326695,243411284.8338432,971368.2096276482
2017-06-29,271.3888765103043,299773439.10451704,7736789.990245677
2017-06-30,341.8708416567573,377627112.9856376,35100503.693140134
2017-07-01,306.1738350962146,338196556.50892764,6401771.110206866
2017-07-02,324.3531248107228,358277218.13467634,5223331.945534248
2017-07-03,336.56158180924524,371762557.6506742,4938567.940664989
2017-07-04,317.3798008742425,350574554.24767953,2491975.8622209374
2017-07-05,339.1883712635963,374664083.0140559,4697219.168238867
2017-07-06,336.42987128281146,371617071.5202807,1929985.1949616573
2017-07-07,296.4381660183889,327442633.80225223,1416950.9292561545
2017-07-08,301.0110802545181,332493829.13833815,1263791.5802643066
2017-07-09,278.2097984640815,307307761.2854397,505328.04777808144
2017-07-10,231.37562653774776,255575203.3173308,1319525.871721524
2017-07-11,208.8227950412569,230663571.174622,857471.2041605846
2017-07-12,221.64264863513927,244824253.2558885,1169348.4548715346
2017-07-13,204.74881581980247,226163494.4663956,706993.5692526527
2017-07-14,181.340957236693,200307407.9540788,350442.2030070913
2017-07-15,167.5193116421988,185040156.4468564,389147.49453157606
2017-07-16,157.8025973221786,174307170.97610527,1005289.7737327992
2017-07-17,180.44652843534635,199319430.8443992,455375.4529552499
2017-07-18,196.5820192602942,217142532.65472835,879025.651231272
2017-07-19,200.79809875824608,221799571.907371,2056609.130622932
2017-07-20,220.2135031169724,243245633.40797657,950562.9738627292
2017-07-21,220.07499213045853,243092635.55738324,619530.9036356662
2017-07-22,232.79071121656497,257138291.70270556,534349.6837599821
2017-07-23,230.34887514475557,254441063.99614552,319099.34488523926
2017-07-24,222.7040538339933,245996670.82449067,300337.68169650703
2017-07-25,203.3265995395388,224592528.58537915,585100.0670126897
2017-07-26,195.2923821388855,215718012.38679156,515518.6444228309
2017-07-27,201.4052719293878,222470249.3204825,451028.1750960728
2017-07-28,196.78615869895796,217368023.037282,1942151.68557032
2017-07-29,193.76031067740047,214025701.5711498,495437.435414399
2017-07-30,183.94343167804217,203182075.1972486,418966.9330303393
2017-07-31,197.9404190715304,218643007.5022218,395472.52831204905
2017-08-01,200.95324513658105,221970945.04541603,622835.8763306892
2017-08-02,197.5550139869032,218217292.89979336,674454.092126838
2017-08-03,200.1020627004069,221030737.4382424,748961.841441802
2017-08-04,197.3606594613996,218002610.8344674,559849.7958848174
2017-08-05,205.64664880800103,227155231.80682987,1034736.2286843986
2017-08-06,208.589182423348,230405525.013006,836446.6863521163
2017-08-07,202.6707264941496,223868057.77817267,867978.8021068497
2017-08-08,209.43672748676124,231341714.8146016,1230987.9363606656
2017-08-09,215.6076511218896,238158055.35272804,1524796.6843656418
2017-08-10,210.08823708328703,232061365.799828,672950.7283774659
2017-08-11,196.4205692751032,216964196.6155862,2596485.4390594866
2017-08-12,194.0910697642925,214391054.7509399,1159918.621838823
2017-08-13,190.85136772489773,210812512.2752448,1829357.560603337
2017-08-14,176.22116685165267,194652138.692667,948242.6789889364
2017-08-15,178.92428476578127,197637975.70943436,1306834.2606108317
2017-08-16,183.12413989727756,202277093.6891338,1482232.225394243
2017-08-17,183.77050376527268,202991060.75408256,1465941.4813026448
2017-08-18,155.83576120733792,172134623.47201338,2518326.980634102
2017-08-19,159.84605187682968,176564350.4426273,819850.117031549
2017-08-20,170.31494846824373,188128188.9285373,872980.0407944728
2017-08-21,169.19260853389235,186888463.46045217,1206712.5056618708
2017-08-22,160.53863717969756,177329373.24232215,1367365.2044169924
2017-08-23,155.9209767797348,172228751.74112728,2034517.2359965497
2017-08-24,153.89614248505177,169992140.02756333,790124.7309950736
2017-08-25,151.26102138571372,167081411.6124455,586096.7603377927
2017-08-26,167.34631418092172,184849065.1811043,3439129.999622104
2017-08-27,200.11892874970292,221049367.5076344,3334501.431899574
2017-08-28,189.91966472729877,209783362.4611269,1443683.031866249
2017-08-29,174.80090078611656,193083326.99933648,1169694.8851368583
2017-08-30,178.3654266617512,197020666.63630372,1439581.3658618403
2017-08-31,177.35297494716477,195902322.59688875,1341350.709716767
2017-09-01,183.8622373256343,203092388.7275224,936990.4694686692
2017-09-02,170.4603604143253,188288809.51005957,956533.888076494
2017-09-03,173.25721230215706,191378184.1368397,432895.5427525678
2017-09-04,146.7197523403265,162065171.23760122,882559.3207335648
2017-09-05,144.82282706857058,159969846.55167237,586300.1611482756
2017-09-06,158.93178940243735,175554465.25603825,700557.3872675175
2017-09-07,153.35196732552632,169391049.58810312,596428.4774437796
2017-09-08,141.3285664032562,156110121.16337276,786975.4493689922
2017-09-09,137.56834186174555,151956614.7370655,264705.070073626
2017-09-10,129.01885364600886,142512935.5488449,269357.30202519574
2017-09-11,126.72762029155682,139982062.09785074,427017.9687110601
2017-09-12,124.55241502800286,137579352.1157817,480701.2662700265
2017-09-13,117.92467466262973,130258416.38559416,288146.0030105901
2017-09-14,86.79483815987736,95872710.28301892,546553.6737586502
2017-09-15,110.76793236152844,122353150.40722068,748866.2211657658
2017-09-16,108.76980210234224,120146035.7042262,190858.0317796274
2017-09-17,105.39852918698084,116422161.35464716,265350.71065228345
2017-09-18,119.25693511034449,131730017.9535354,592728.4837728776
2017-09-19,112.2405161726155,123979751.75910936,432932.93836193474
2017-09-20,106.04800882240072,117139570.06513564,251891.41297666496
2017-09-21,95.0198327820965,104957957.092776,385307.3000577539
2017-09-22,91.99658415925646,101618506.89647308,663369.3890680241
2017-09-23,94.9502979403869,104881149.60197195,267863.13177056995
2017-09-24,90.96870634738907,100483123.34426253,192976.4041718461
2017-09-25,90.81803058895215,100316688.40825067,539454.8157420413
2017-09-26,91.99348075967714,101615078.91233176,598947.0902986528
2017-09-27,121.44848778591076,134150785.12343916,2357720.3443316747
2017-09-28,125.2177286339996,138314250.8718296,2878680.8424319
2017-09-29,130.05447282416233,143656870.13684148,652188.4988105085
2017-09-30,143.9707908529436,159028695.86825296,714959.0141930004
2017-10-01,134.93221185933635,149044771.89770433,551944.4390274824
2017-10-02,123.01305079406735,135878985.77661884,539628.4724315001
2017-10-03,114.05170991720472,125980378.25744516,379083.2927001801
2017-10-04,116.78071491551476,128994809.88852844,401098.9843300142
2017-10-05,122.9969745439988,135861228.1115556,819831.2711806587
2017-10-06,125.90002341832196,139067906.86764425,357822.6205818479
2017-10-07,121.99475709640716,134754188.7411204,255175.7456170736
2017-10-08,114.24987882113196,126199273.64703415,420043.9584820758
2017-10-09,107.29225594073591,118513952.9895775,719204.897223824
2017-10-10,111.95019921480085,123659070.55067688,342973.3410113866
2017-10-11,116.02341357015769,128158302.39546049,287740.7309636589
2017-10-12,101.67034385404666,112304045.1177414,798646.145277767
2017-10-13,101.21300437842912,111798872.50636904,762502.6689075266
2017-10-14,93.36148944484914,103126167.62588592,701350.4044178228
2017-10-15,88.58885665556362,97854365.17316902,608780.4624317598
2017-10-16,109.4257675624752,120870608.59183446,620823.4556050411
2017-10-17,87.16645203169489,96283191.24968986,457894.7314275776
2017-10-18,86.76256623592926,95837063.03854509,942707.3872779004
2017-10-19,80.20592591254608,88594663.70373927,643500.5897282262
2017-10-20,80.62296856700155,89055324.84942424,572743.5075311027
2017-10-21,86.06372689872235,95065132.09505972,618604.0990064973
2017-10-22,79.56486932973614,87886559.01293325,338060.0126704633
2017-10-23,73.66487817193645,81369487.77993928,2617691.79310548
2017-10-24,79.56290688263286,87884391.31348743,1385271.63863392
2017-10-25,76.76655592008666,84795570.00376853,452081.08207577845
2017-10-26,71.28181301513526,78737177.83838825,264637.1290449258
2017-10-27,72.04115055421752,79575934.49068312,365424.420451311
2017-10-28,69.84170555204624,77146449.53573476,190159.4898710632
2017-10-29,73.45753902072356,81140463.02690104,5688901.873878062
2017-10-30,74.52068858273874,82314807.40160738,261774.4215789888
2017-10-31,68.30836036487396,75452731.77543613,249939.0099190572
2017-11-01,66.52880117002054,73487048.484393,535889.8110773042
2017-11-02,58.55961098054368,64684360.692998745,1084782.7513534825
2017-11-03,60.660300452663606,67004761.27700769,616934.8134205568
2017-11-04,61.7409280730694,68198411.74023172,249973.45979879616
2017-11-05,63.25278213313074,69868390.61643489,810554.8928387342
2017-11-06,61.30729218342699,67719421.87289162,336926.4675385061
2017-11-07,62.01330538923877,68499276.99989925,307191.0891315957
2017-11-08,71.630708820194,79122564.65569809,3119160.9545023264
2017-11-09,82.76932353818758,91426167.0870466,1725073.0564677117
2017-11-10,68.47022723386998,75631528.30026044,1119701.0767291929
2017-11-11,67.43747398285352,74490759.38672017,503982.7740045177
2017-11-12,55.13917008945872,60906175.889115214,1448639.771619247
2017-11-13,60.26392382835117,66566927.62155842,455988.0736496563
2017-11-14,63.224885232908,69837575.9794178,392130.437193149
2017-11-15,65.3163679886671,72147806.9166017,496862.40786031
2017-11-16,66.1804792879832,73102295.6167133,648510.289404376
2017-11-17,63.9264379811951,70612504.1296483,523658.511511094
2017-11-18,67.462594654897,74518507.4298527,584231.800050138
2017-11-19,68.1931492760598,75325470.7588429,492781.497176159
2017-11-20,69.5172830709472,76788095.7073375,539560.619652362
2017-11-21,68.7704288157627,75963127.9656034,316299.219551971
2017-11-22,72.3845902133624,79955294.503778,522800.469755924
2017-11-23,81.1520540062395,89639747.3347521,1035452.90186511
2017-11-24,129.801228567164,143377139.063004,11717974.0936887
2017-11-25,113.87066253123,125780395.125371,4863886.77776252
2017-11-26,108.684291218438,120051581.236974,2195016.09319288
2017-11-27,126.133541461703,139325848.563182,3505311.23364705
2017-11-28,121.749068314372,134482803.369372,1808869.44111004
2017-11-29,92.3815464360024,102043732.377744,1299043.2400874
2017-11-30,106.101270955283,117198402.884496,1525126.86990623
2017-12-01,114.199309596655,126143415.387369,826000.21161824
2017-12-02,110.785918137121,122373017.315083,670111.536150879
2017-12-03,115.02183945952,127051973.648591,1238966.99622286
2017-12-04,128.134592273194,141536189.279047,1085718.13500722
2017-12-05,145.646317764125,160879466.139075,4067275.28150873
2017-12-06,127.185234886334,140487538.603095,505.618056181278
2017-12-07,122.341425426149,135137115.11147,1452849.09329106
2017-12-08,122.749931628546,135588346.977575,1278144.53853028
2017-12-09,120.712987211818,133338358.544302,971743.907487058
2017-12-10,109.481258453006,120931903.274605,819594.335651676
2017-12-11,123.129967369055,136008130.656185,2224737.23236673
2017-12-12,139.694899709826,154305589.270477,3238875.1505176
2017-12-13,143.771157087063,158808182.406799,2464784.57923851
2017-12-14,149.189556618793,164793292.345553,2299166.60557274
2017-12-15,199.680863073683,220565484.54256,4677309.92262062
2017-12-16,184.645034841525,203957059.0356,11991871.2678665
2017-12-17,195.106643987564,215512847.882223,4118155.6861945
2017-12-18,199.255503025836,220095636.087308,5548857.16545786
2017-12-19,212.563501032373,234795517.605349,9579821.670052
2017-12-20,224.711460218726,248214031.843002,4813643.53636662
2017-12-21,214.01969585136,236404015.840454,5396309.75247492
2017-12-22,161.617585732904,178521169.024709,2448400.05716992
2017-12-23,174.551243952214,192807558.557176,3143796.46395476
2017-12-24,197.617377982886,218286179.546116,6945976.88129386
2017-12-25,241.65303649778,266927527.585083,11293204.8504918
2017-12-26,222.951652679145,246270166.032857,8528566.01984252
2017-12-27,222.096398581198,245325460.908805,4372911.03505592
2017-12-28,216.75462984314,239424996.578434,3727652.82207329
2017-12-29,227.945256738587,251786051.140876,3835348.73759665
2017-12-30,201.519803830665,222596760.113314,2729122.76024657
2017-12-31,221.637077150191,244818099.049329,2566066.59049617
2018-01-01,238.405859944778,263340728.836403,4981461.49738214
2018-01-02,271.272106234395,299644455.82545,10639014.8339161
2018-01-03,274.60952516881474,303330935.40622103,6173496.457504156
2018-01-04,315.509032400135,348508122.09886515,8048734.851392954
2018-01-05,441.9918722458566,488219802.1640507,26202766.419194832
2018-01-06,424.12588319409554,468485209.317366,12129144.581569342
2018-01-07,382.6670195917713,422690163.17087466,8258560.72706091
2018-01-08,378.4463651318029,418028070.4609381,6697091.734331774
2018-01-09,427.1855544016522,471864891.5365211,9911411.689971665
2018-01-10,417.4417018007004,461101929.39203566,8999236.008632833
2018-01-11,339.3827528938697,374878795.0190395,2972218.485381351
2018-01-12,394.39209853337695,435641568.11898285,4077997.5933171376
2018-01-13,398.86304820755646,440580134.4195848,4711584.340573542
2018-01-14,368.16052997139,406666439.8010976,2630872.8577412656
2018-01-15,338.53853614183475,373946281.6369093,4298545.43790512
2018-01-16,213.58563053503144,235924551.6326904,5888894.193274428
2018-01-17,219.84317221912664,242836569.6015251,4295334.184654641
2018-01-18,237.05955906173355,261853618.34400028,3302914.1143186875
2018-01-19,262.34124334826686,289779513.9900621,5318122.014908168
2018-01-20,283.3411769964502,312975830.6985089,2554101.5567914965
2018-01-21,234.6004475865744,259137308.3996542,3314674.885935428
2018-01-22,206.5574287064077,228161270.1748109,2573703.331897785
2018-01-23,211.38670492602512,233495640.39423808,2444870.502750324
2018-01-24,240.134224923406,265249863.50814503,3693512.212957535
2018-01-25,230.3288385565116,254418931.7811371,2745967.804577904
2018-01-26,217.2749967302533,239999788.6382705,2046240.03850532
2018-01-27,225.4009297670308,248975613.01136455,923355.6556384278
2018-01-28,239.88353109580257,264972949.6131125,1748931.532839171
2018-01-29,228.2236074365924,252093514.5383856,1541883.269312758
2018-01-30,228.41256708388727,252302237.4751911,1513397.5162760683
2018-01-31,196.1155449436933,216627269.78935415,1397769.045101172
2018-02-01,201.89264326876915,223008594.8282497,1164390.8293557174
2018-02-02,176.66098852968693,195137961.3200069,1388982.2021324756
2018-02-03,161.510662320259,178403062.4923349,1428717.9346940103
2018-02-04,170.74901497886574,188607654.4555053,549163.0615454506
2018-02-05,144.181410612834,159261344.34883034,754808.8424051224
2018-02-06,109.90329914887566,121398085.20685656,836265.0679401156
2018-02-07,135.1305820680722,149263889.64657187,1133918.8825907018
2018-02-08,132.77627166368424,146663341.91698897,399463.6808930385
2018-02-09,138.26641539879157,152727699.7853512,349471.37705972244
2018-02-10,145.0462652597796,160216654.14329994,449060.962843604
2018-02-11,143.34946501978143,158342385.56620038,722975.4160180915
2018-02-12,137.4281431444342,151801752.63591057,173267.79711398558
2018-02-13,147.24337829645714,162643563.2324836,335660.2803420682
2018-02-14,141.34605316643453,156129436.86711192,277991.0501950314
2018-02-15,157.03578962127426,173460162.85776332,491326.2821770173
2018-02-16,157.92939980085666,174447235.72602826,417693.2706253111
2018-02-17,160.21513838701267,176972039.71091035,466892.284732716
2018-02-18,170.12315866742784,187916339.83245412,520034.78714147327
2018-02-19,157.36981084051834,173829119.35632813,676314.9306764314
2018-02-20,159.38625281974447,176056461.00216153,428854.0346552028
2018-02-21,143.46835107932415,158473705.91871065,959362.3223219664
2018-02-22,122.86603265037488,135716591.0052776,435751.70052628807
2018-02-23,123.37764970158834,136281718.08387747,440091.3648649135
2018-02-24,145.38111295481482,160586523.5587589,901591.1142578886
2018-02-25,131.351170766404,145089189.7168622,599457.3214709291
2018-02-26,130.49428658876903,144142684.0230884,416239.8353624479
2018-02-27,135.15693682657425,149293000.84926566,294668.1904141508
2018-02-28,132.99684558007425,146906985.65929422,422980.8769778905
2018-03-01,134.4061264312305,148463663.19467288,366097.74901085993
2018-03-02,139.85046273892215,154477422.636786,627106.0797826133
2018-03-03,142.73563159071793,157664351.2987911,795226.0091807116
2018-03-04,137.17539810310683,151522572.9907108,548068.730455653
2018-03-05,144.01864924736572,159081559.7721477,3106214.7898779134
2018-03-06,143.9001669415419,158950685.40195775,796413.8319972247
2018-03-07,131.2918217296853,145023633.3643931,405335.8130239551
2018-03-08,124.5866873298302,137617208.95765716,646937.967160248
2018-03-09,113.51642584771632,125389108.82712898,481256.73248803854
2018-03-10,106.61437327393728,117765170.57465838,622171.3030042157
2018-03-11,103.42053964343248,114237293.88473909,323122.2605083917
2018-03-12,106.7486843339232,117913529.22840825,347730.239746374
2018-03-13,103.79627105488944,114652323.04452032,515160.6526166645
2018-03-14,101.1224896351953,111698890.82614036,434381.6292078052
2018-03-15,86.41906434601553,95457634.2859653,504196.2082102208
2018-03-16,86.34776956670868,95378882.78569074,482994.05811344617
2018-03-17,87.05132999619079,96156028.60049236,430675.4309531088
2018-03-18,82.70492871581885,91355037.21020634,742281.9936605818
2018-03-19,80.94526237844326,89411327.37060463,764306.6168044981
2018-03-20,86.58261156588074,95638286.9095562,449939.4487457363
2018-03-21,89.61906257399545,98992320.32860965,415845.4050395041
2018-03-22,90.92820685885604,100438388.0142238,529546.357697459
2018-03-23,85.16147662636098,94068515.46671209,415401.7237933687
2018-03-24,81.41566812806687,89930932.85758138,412603.9750565173
2018-03-25,78.44083499647354,86644961.9287547,524437.572220105
2018-03-26,82.01668192537889,90594806.68795426,10804374.89600811
2018-03-27,74.48211465766214,82272199.02970703,2736076.515094523
2018-03-28,67.62354891932803,74696295.90080054,1381719.1020768925
2018-03-29,67.22730957783274,74258613.88657826,555131.3269737335
2018-03-30,56.27191952378063,62157399.58677285,739669.4828000636
2018-03-31,55.45811648873604,61258480.89229294,547616.7241351766
2018-04-01,58.264728133357615,64358636.04882549,464410.3302483185
2018-04-02,55.08870611987679,60850433.8929547,407071.031720302
2018-04-03,56.41043391287516,62310401.19582277,361798.04700940126
2018-04-04,65.98395412503668,72885215.88697426,930292.4665992876
2018-04-05,62.4850169447499,69020324.8670013,1916439.6203169716
2018-04-06,61.169800214315615,67567549.61873089,506043.8862161912
2018-04-07,56.326943891863,62218178.953512944,428585.0115277252
2018-04-08,58.72556965605709,64867676.9863841,353204.27055323246
2018-04-09,60.07789736007034,66361444.6449601,474376.4554771058
2018-04-10,58.95671396827202,65122996.68221359,662374.2362445192
2018-04-11,62.667759550157136,69222180.52150807,692179.8070983201
2018-04-12,68.06075683372235,75179231.39096138,1016762.6968460288
2018-04-13,74.9661767909347,82806889.22149856,3871898.420854144
2018-04-14,76.63980977439311,84655567.47869688,1097164.3586758478
2018-04-15,77.67523962301556,85799292.93518676,781013.7481622315
2018-04-16,80.6731441525384,89110748.2994524,679633.1924979358
2018-04-17,87.22596664259571,96348930.4937448,3877309.525898428
2018-04-18,97.40932523607546,107597366.56251658,5161191.829703587
2018-04-19,100.6309975590973,111155993.59380329,2259980.8896150566
2018-04-20,109.66574751760498,121135688.05047128,6223086.300919511
2018-04-21,111.20686220868572,122837987.92709216,2620313.1567505808
2018-04-22,108.23643223467384,119556880.68209836,1111575.7863166817
2018-04-23,106.23926724559628,117350832.2068132,803294.7036921757
2018-04-24,107.64985252259544,118908950.5979337,872138.7960139655
2018-04-25,111.8818150524812,123583534.0888202,1240935.5291105218
2018-04-26,94.96944693198137,104902301.38659728,1187477.544287471
2018-04-27,102.1510295596044,112835005.74124342,574717.7445948333
2018-04-28,104.7994747103918,115760451.7703517,1314735.9457540284
2018-04-29,108.85047393399414,120235145.0027506,688253.536765332
2018-04-30,106.71188708596338,117872883.35628428,860972.1406280975
2018-05-01,114.90263697803324,126920303.77956574,2101355.5197582506
2018-05-02,111.58137821215158,123251674.55936052,858669.0402800707
2018-05-03,114.22343439775864,126170063.4014202,831782.2194943795
2018-05-04,119.3397077078496,131821447.7370136,407881.2341307647
2018-05-05,119.66154704456328,132176948.24995416,980645.3962476688
2018-05-06,119.170819042427,131634895.00607444,1067010.4896570735
2018-05-07,113.83200957108762,125737699.45212768,868856.8956693014
2018-05-08,106.584500120699,117732172.98832291,1015590.6237001223
2018-05-09,104.03216851287964,114912893.01764172,843503.3166217481
2018-05-10,101.25825266225146,111848853.30819634,973422.7040772972
2018-05-11,102.77832025644236,113527904.77206369,1139096.2144869987
2018-05-12,93.49650091503555,103275299.94573912,1088357.890748439
2018-05-13,95.07353913675782,105017280.59507132,762861.4216579311
2018-05-14,96.41601529083346,106500166.33010171,624450.412799541
2018-05-15,94.10521308443798,103947677.32093936,1667506.027582932
2018-05-16,96.36192324946292,106440416.80212426,1640334.9009007355
2018-05-17,92.27577275892185,101926895.83177748,1000473.0467062554
2018-05-18,87.23242546595536,96356064.84543964,859990.0023165628
2018-05-19,89.35238932921504,98697755.72915764,676961.1095601557
2018-05-20,89.72062932062983,99104509.9412745,858038.4468413786
2018-05-21,91.82665845972478,101430808.6680274,855973.2553714755
2018-05-22,88.71012635350466,97988318.46881773,855007.1874074503
2018-05-23,84.11249042114935,92909815.79429737,929996.0554646214
2018-05-24,73.8985879046802,81627641.2136307,1089633.9439654597
2018-05-25,73.233732552721,80893248.6404101,831362.73744808
2018-05-26,70.89151045933407,78306053.53827582,718503.2063720097
2018-05-27,71.41606651741667,78885472.91447328,546183.3622517358
2018-05-28,69.76453506380999,77061207.78613387,542292.189886621
2018-05-29,62.58160706490683,69127017.34782544,701296.8270256441
2018-05-30,68.54734553862738,75716712.40851241,469614.9675226536
2018-05-31,70.28082624845428,77631497.86578012,677815.6681778975
2018-06-01,72.23832886060171,79793735.67613205,711715.2299967874
2018-06-02,71.42698443053054,78897532.73211972,589620.1161973878
2018-06-03,72.01892414713329,79551383.42368196,621423.2430728655
2018-06-04,71.79005189745298,79298573.4254076,662311.1295957854
2018-06-05,71.69786280642091,79196742.27734448,527201.3258357364
2018-06-06,70.68947430397299,78082886.4214255,541019.7464728939
2018-06-07,70.99947834447661,78425313.78452542,343152.0607901682
2018-06-08,70.08530288015677,77415524.70839237,320084.7950049724
2018-06-09,67.9920743131936,75103365.36561051,427834.6995222924
2018-06-10,66.72783466126636,73706898.8884882,381432.24227718415
2018-06-11,58.86829017247759,65025324.64161703,529790.515341551
2018-06-12,58.72147999077825,64863159.58301374,3870929.3597471393
2018-06-13,54.22667133766535,59898238.89287177,2451780.961498678
2018-06-14,48.74344907010085,53841526.40834269,1827806.0819483043
2018-06-15,54.43248110202097,60125574.30048134,1278967.4660956608
2018-06-16,52.46994556960183,57957777.17672649,1135117.0483469784
2018-06-17,52.34606592902442,57820940.964541085,1023976.0596665052
2018-06-18,51.24480769259316,56604502.12916148,913309.1116925356
2018-06-19,52.726182406739056,58240813.82465989,1084770.162629502
2018-06-20,54.63360847389051,60347737.58417472,1138702.0704790575
2018-06-21,55.0379449894501,60794363.65589669,1117233.991063481
2018-06-22,54.23644976389455,59909040.04470028,1058013.0387585836
2018-06-23,47.51791639233102,52487815.26780491,1498839.3971251645
2018-06-24,47.61170920036879,52591417.865635365,1833179.787002305
2018-06-25,45.25017623731965,49982892.169980906,1889361.8118857709
2018-06-26,46.30746415592657,51150761.83199492,2035572.7498904744
2018-06-27,44.21720025328967,48841877.22778124,1501606.8938314726
2018-06-28,44.34598484250552,48984131.39718318,521795.86851899145
2018-06-29,42.97443833567271,47469134.84120072,770854.7878215244
2018-06-30,41.172819147564,45479084.30220772,1115040.276228401
2018-07-01,43.766906643508,48344487.409352496,1347124.159041628
2018-07-02,44.13968005442442,48756249.19131666,1231535.4617706963
2018-07-03,47.04872631629738,51969552.601718925,766236.7629858904
2018-07-04,45.87485222292631,50672903.01692217,814039.9739973518
2018-07-05,45.67499031043664,50452137.54700521,1000681.7135179142
2018-07-06,46.05139539885096,50867910.843616776,533565.4245790722
2018-07-07,50.70856850127505,56012177.68082341,2604874.047357004
2018-07-08,51.07742727880827,56419615.39789883,547252.5646058159
2018-07-09,50.680862095934,55981573.46254773,384834.1929032711
2018-07-10,48.337666006361246,53393302.49396657,640594.5749550794
2018-07-11,43.58351628772152,48141916.25625432,1138500.1386285096
2018-07-12,42.31005899395142,46735268.0641288,976736.3291877506
2018-07-13,40.083662067994574,44276012.28368613,1491492.6476900396
2018-07-14,40.09578179210085,44289399.60973668,872869.5820570089
2018-07-15,42.78440896219553,47259230.29555156,1334915.1806474794
2018-07-16,50.3189979084318,55581861.89967468,2701054.6963576423
2018-07-17,51.29997984412452,56665444.736021504,1281561.6343377156
2018-07-18,52.91832590223929,58453053.608354494,1704690.2310634283
2018-07-19,53.17361929606935,58735048.13824524,1807851.37883513
2018-07-20,54.46455103046856,60160998.42274527,1682212.8736511548
2018-07-21,51.68147697572893,57086842.65262042,1409183.2340865815
2018-07-22,50.84503866171533,56162921.25534413,1663325.2620282394
2018-07-23,50.03003178145725,55262672.80547986,1283158.9133669585
2018-07-24,53.83008478838369,59460173.356400736,1312846.0188371334
2018-07-25,53.94624393461318,59588481.58773437,1419288.9342857006
2018-07-26,50.32295126216247,55586228.73467204,1027815.5859859834
2018-07-27,47.77362574083096,52770269.25706447,992996.6964909728
2018-07-28,52.52683191148557,58020613.26110785,572530.5174483233
2018-07-29,52.23586238434024,57699211.23111838,241653.49591414764
2018-07-30,52.06327807066279,57508576.32407341,1145129.018278594
2018-07-31,50.2789125591187,55537584.023676924,1211497.1209875003
2018-08-01,49.31280290055594,54470428.95592508,1422378.3547189103
2018-08-02,47.13947721151367,52069795.13306589,1593950.8084580563
2018-08-03,50.34190362120534,55607163.32094721,948915.5727661984
2018-08-04,44.84809874808293,49538761.39614493,234146.09012425976
2018-08-05,41.88683387293569,46267777.82770603,849784.6524658534
2018-08-06,44.02133239535485,48625523.55058502,881373.298745208
2018-08-07,48.40916572225128,53472280.36514153,1015579.0289529692
2018-08-08,41.71017782087888,46072645.3191646,440979.2598853509
2018-08-09,36.486332691836,40302438.22807512,808798.154292804
2018-08-10,37.792296986383015,41744993.328188814,755368.1569561117
2018-08-11,36.31694186824032,40115330.81823957,384063.6506192938
2018-08-14,30.854476177627017,34081545.84104502,379638.08489093074
2018-08-15,30.85477691889401,34081878.03684114,445952.8909281647
2018-08-16,30.19535975245151,33354440.707122818,264887.4057392101
2018-08-17,29.517598161940924,32599692.35101987,799576.0097540279
2018-08-18,32.4685847105473,35864473.985423446,709646.9002978024
2018-08-19,30.628556410469827,33831997.12544087,725929.7879933651
2018-08-20,30.999357185402303,34241579.95342353,151482.86532100098
2018-08-21,29.338118492525933,32408576.24490028,291565.09107890923
2018-08-22,30.76581532426026,33986076.92108738,318792.94264448347
2018-08-23,30.22754223786961,33385758.792237066,225144.0811962629
2018-08-24,30.237911525111286,33400494.69152268,159278.07827326283
2018-08-25,30.87517255337474,34107851.36139087,148965.01790800077
2018-08-26,30.89303598800917,34125195.15474788,157466.21313642393
2018-08-27,30.32607586168114,33497880.13605437,139552.95768158732
2018-08-28,31.384572282259896,34666311.54171637,180968.310279719
2018-08-29,34.10606141154726,37673214.37458099,1407000.8178711964
2018-08-30,33.88281248531828,37426532.83392263,1945877.110451581
2018-08-31,33.981709434933045,37535771.60092951,1446882.226096594
2018-09-01,33.2884593084511,36808140.83999311,920681.1289692238
2018-09-02,35.15975376628148,38838728.49372924,1105120.2546232897
2018-09-03,34.99779948480939,38642259.96204075,920096.9334574926
2018-09-04,34.22407114620928,37799737.12935506,1007910.5692213016
2018-09-05,36.72210004227186,40562864.48569308,321255.7202017737
2018-09-06,30.9272330318849,34193427.00091381,1168395.069261131
2018-09-07,30.672766485444665,33888209.316138715,1272635.0091815428
2018-09-08,29.45162804401811,32534256.65562578,1170647.275098744
2018-09-09,29.04323020591192,32080753.73366989,1459334.5970133804
2018-09-10,29.614196372802564,32711545.17143398,1271554.4824636525
2018-09-11,29.68279088712129,32787313.986005303,1185277.2165001582
2018-09-12,28.317612135205884,31293559.701301392,755702.8506347535
2018-09-13,26.09029359734481,28818679.64133318,976659.1044723744
2018-09-14,28.095640263329265,31034163.27847088,1222916.5509445146
2018-09-15,27.646219013932186,30547638.62675056,1005816.4691708536
2018-09-16,27.873040882075657,30919604.206962444,326021.0378666204
2018-09-17,28.25150083450971,31206325.30679108,1130502.8434923815
2018-09-18,26.72345416390847,29518892.251595978,937381.1767061136
2018-09-19,26.917840056442053,29735510.936787546,1442276.9636834515
2018-09-20,26.278451565978884,29026914.81526461,774035.0345221427
2018-09-21,26.11050140893065,28841398.751290705,1336970.7777654305
2018-09-22,27.370256455572136,30232911.57826043,1217886.316970478
2018-09-23,27.22202692549095,30069178.721628048,1486024.7961130885
2018-09-24,27.21628398879611,30064150.33173493,729330.6984711548
2018-09-25,25.58656038744929,28219982.511908565,344967.87782497244
2018-09-26,24.6919469520056,27274477.683715865,383415.4986125512
2018-09-27,24.15483327472889,26676347.502852585,538600.2315465836
2018-09-28,25.471177658887488,28133289.31943779,835612.2929922821
2018-09-29,24.810069159927608,27408435.759410635,527779.7192749027
2018-09-30,25.26680919645433,27909464.77031149,537028.1955219064
2018-10-01,25.71037826054572,28399426.97576058,936313.5851971336
2018-10-02,26.118770257635155,28851166.901038703,1414533.1063865544
2018-10-03,25.175657854783005,27808291.53894401,905963.0411960508
2018-10-04,22.58722161244244,24985405.934943218,925115.214426019
2018-10-05,21.73853374494225,24012166.98932576,1201474.283542012
2018-10-06,21.835567493274997,24113186.46960696,793551.1583414047
2018-10-07,21.73975964401073,24006564.97777297,811817.2373960349
2018-10-08,21.49738599285273,23745797.5938452,576705.6994611081
2018-10-09,21.57043234348541,23826355.93237802,555685.0687505177
2018-10-10,21.1108993983116,23422808.36915605,597002.5523830868
2018-10-11,21.18498094874206,23200524.75807409,833373.6492177043
2018-10-12,19.65274364828016,21713315.352556977,1110390.9095696963
2018-10-13,19.614898011030046,21667473.9405276,896212.4331748425
2018-10-14,19.837252998593723,21912031.28971664,734757.6517744708
2018-10-15,19.107111988038813,21105524.83086779,761394.5841116959
2018-10-16,20.655947207580702,22773954.8663466,534781.925268912
2018-10-17,20.34950793290224,22475553.278114773,370113.8988063288
2018-10-18,20.2035966714254,22313988.829735752,306075.67875467107
2018-10-19,20.189463415060537,22301079.39364172,561721.1611054916
2018-10-20,19.363111176985036,21390286.47365206,483968.1382298959
2018-10-21,19.94289385033137,22008877.220338155,168668.99639115814
2018-10-22,20.115644783327944,22228032.49371059,233953.8827603226
2018-10-23,19.82089545347302,21893962.908951763,267592.3194922599
2018-10-24,19.430373457766024,21462596.21771377,244412.1131835154
2018-10-25,19.746419076037032,21811697.047199745,363848.2895558058
2018-10-26,19.866233702145053,21946955.658898808,565488.84280143
2018-10-27,21.867960816703683,24155112.96188803,532099.0923903717
2018-10-28,21.68107132496593,23949851.04793302,384534.1016419293
2018-10-29,20.51029127645723,22651478.908615503,330420.17189200246
2018-10-30,19.157003318917035,21160516.88747773,348131.23621256376
2018-10-31,19.254049561927093,21263403.77276941,260667.0150075197
2018-11-01,19.37492492468056,21400218.366078515,249221.53777642336
2018-11-02,20.166597342634216,22276205.371329285,520797.30577632494
2018-11-03,19.264335659295075,21279393.34571218,330352.5726785166
2018-11-04,19.137888098572127,21136996.406598262,472953.86234425113
2018-11-05,19.248595390339123,21260202.554697577,363846.2266963247
2018-11-06,19.883782801822555,21963427.64506518,443346.3179625496
2018-11-07,20.203312999216248,22283936.53892124,432745.7123144101
2018-11-08,20.50502547186007,22644704.07592365,416327.9071557028
2018-11-09,19.992547603829017,21961631.67363551,663368.404844215
2018-11-10,19.70223767901306,21580402.18151449,619959.4149753306
2018-11-11,20.163286119428307,22212816.20990425,626537.4793389258
2018-11-12,19.52082073447418,21562503.37509283,657510.6350154226
2018-11-13,19.299636536339825,21318185.521675613,449888.2756151236
2018-11-14,19.25852563175159,21190826.294190235,248538.68563916456
2018-11-15,17.044673128456985,18827375.490962308,329259.6463082357
2018-11-16,16.19494443710435,17888773.675781094,273080.60836126114
2018-11-17,14.759408868250924,16265441.611489886,560937.3699811212
2018-11-18,14.24408286482216,15732741.3384543,231810.0939963859
2018-11-19,14.258257008701928,15786284.8960785,228903.41179264488
2018-11-20,11.902613404561844,13166140.431692408,308302.47439921123
2018-11-21,11.958562854853213,13085244.436904036,591551.155343833
2018-11-22,12.298565668155211,13612906.843551368,286204.3162009605
2018-11-23,11.414501198141414,12665191.23864211,159088.3610224841
2018-11-24,11.975323864974438,13226656.077868195,506807.5097165595
2018-11-25,11.44807352522383,12645427.53522699,184145.04036659817
2018-11-26,10.85541214189965,11998056.279002417,250271.1225662552
2018-11-27,10.291361310068766,11414575.29680021,130439.7017419595
2018-11-28,10.410779105751852,11505293.952521812,140806.44994787264
2018-11-29,11.691491180838604,12917882.890533175,188598.04728668684
2018-11-30,11.430756191113812,12628708.988820514,230210.20461731992
2018-12-01,12.32457150288458,13315697.256637383,556336.3848900966
2018-12-02,12.479911513243302,13822374.34040725,549434.0793976717
2018-12-03,12.05193644483263,13295049.28581864,544702.0013001505
2018-12-04,12.012948809737054,13298242.920784246,442643.4220340396
2018-12-05,12.637513503419845,13746456.286107805,406137.7416633179
2018-12-06,12.165011982310167,13468346.161794776,259772.98006850088
2018-12-07,11.203624677520306,12365804.735366851,469343.5245064097
2018-12-08,13.031095339038286,14367874.944870582,341758.31886943354
2018-12-09,13.673982173737928,15134274.884365138,406863.65034200175
2018-12-10,13.937977328743484,15404886.065234384,533253.8242875151
2018-12-11,12.167301670470566,13441224.535927756,589602.576473035
2018-12-12,11.796872993422582,13031990.928706955,467874.0732047206
2018-12-13,10.513587532166028,11594611.705014866,558420.6916958488
2018-12-14,9.421222623009982,10397358.117806092,425259.6014406032
2018-12-15,8.70857559621307,9615848.37799604,372921.2771276152
2018-12-16,11.024677485702146,12187094.151132649,451089.3055552232
2018-12-17,10.909858048725606,12078857.664342374,125218.13272587572
2018-12-18,11.24881287730368,12203277.416585043,189738.3913038873
2018-12-19,11.514851599549898,12719189.928346824,107566.82804104788
2018-12-20,10.540203139755448,11642602.986142471,651257.2902565296
2018-12-21,10.78068854544704,11888428.428587902,472988.9927171658
2018-12-22,10.169943983993535,11220309.06390107,312613.29737504595
2018-12-23,10.412707815777956,11491656.33136616,262725.9249912923
2018-12-24,10.344126319909098,11400476.383764058,355761.82291104016
2018-12-25,11.771578216483508,13097907.100986972,824825.3325222249
2018-12-26,10.339912992374606,11423770.909157246,297189.0382587592
2018-12-27,10.289452550405858,11365626.39265281,485052.5272879092
2018-12-28,10.074239681660472,11158590.375421235,362630.81899103685
2018-12-29,10.763892464964377,11892692.103638586,182060.8724141276
2018-12-30,11.142192585264189,12307554.50775697,160842.04796070597
2018-12-31,10.926911020757217,12069756.644418215,117205.36700508752
2019-01-01,10.54282274383038,11634624.422246952,108022.96247220502
2019-01-02,11.144536381070903,12299261.404723233,145377.3307500487
2019-01-03,12.39045319263162,13686370.69204896,236139.93111260651
2019-01-04,11.836186296938402,13072138.973965174,97486.38604642644
2019-01-05,12.489948291822646,13796172.974910684,185131.53197462132
2019-01-06,12.452574742316637,13757820.276658572,141468.06596938218
2019-01-07,12.698734061108595,14042128.76876202,89564.70498191392
2019-01-08,12.504363206583552,13762045.733507728,105234.38063279074
2019-01-09,11.874851273067785,13117366.94263093,123140.04088785424
2019-01-10,11.942176209324394,13245111.762939634,94170.30358038156
2019-01-11,10.848939427782913,11983630.002534725,101109.23206804851
2019-01-12,10.770393144368578,11848380.780862672,53360.33765639208
2019-01-13,10.90248092624921,12043554.777648138,33610.65214356896
2019-01-14,10.386289781646571,11510434.582763838,41337.97205818706
2019-01-15,10.998236224166616,12169849.652246743,41917.45722076734
2019-01-16,10.582369348491412,11685995.80507183,37017.04556247149
2019-01-17,11.07009434287445,12226356.003241789,42938.37287144913
2019-01-18,11.156106718713888,12320918.392782887,33206.20706464584
2019-01-19,10.95544693906266,12153374.218141291,26151.948867934803
2019-01-20,11.299706933129084,12483607.398232186,38433.908284870806
2019-01-21,11.373161970461874,12549998.909646897,91092.6316602824
2019-01-22,11.452614776728153,12652023.833709495,47965.67314277101
2019-01-23,11.403090238739336,12602487.28392628,53291.66710914081
2019-01-24,11.404952832162802,12597796.848878708,33676.09112087987
2019-01-25,11.310703574299016,12493763.286787098,33077.27184678738
2019-01-26,11.454739290485575,12652790.472877469,34085.07012037304
2019-01-27,11.406260977597418,12598719.899637412,43859.88731737679
2019-01-28,11.441679283010968,12640830.177869298,42714.32491256642
2019-01-29,11.411823035346206,12605385.60661307,88784.59011732042
2019-01-30,11.184452418447112,12353392.746133978,53302.11945869879
2019-01-31,11.51817582868608,12722861.838608356,22315.142828423504
2019-02-01,11.4061379436347,12599105.911159454,56253.08674737774
2019-02-02,12.144887750767502,13428985.119279465,131698.06292428632
2019-02-03,12.064764152144088,13254496.700902771,24720.83242813525
2019-02-04,11.693509867743847,12902250.413901413,22838.2464646626
2019-02-05,11.468293240071528,12667762.030050611,21445.48033532062
2019-02-06,11.532082054356897,12745046.688886369,22801.31771233008
2019-02-07,10.794189288643826,11905896.351292964,49061.91646542774
2019-02-08,11.49347201150132,12691369.17332226,81252.55235590144
2019-02-09,11.606688321501233,12750820.728930544,46259.829240298
2019-02-10,11.626044095899784,12838750.470706671,29065.68357370048
2019-02-11,11.766352351047672,12939495.494854346,23098.153544784516
2019-02-12,11.5169565946402,12991420.521884335,24445.49437928847
2019-02-13,11.481635005981747,12681713.866182553,187157.0973060397
2019-02-14,11.34308559351972,12530853.221297264,20907.09052306274
2019-02-15,11.357600470929302,12552120.406380646,26476.5109789343
2019-02-16,11.525381660639963,12730821.328526294,30224.48019197337
2019-02-17,11.701281546548246,12925118.583501732,17118.292057547027
2019-02-18,11.843815754070723,13088555.52374238,30615.45521330055
2019-02-19,12.333669844337305,13623086.78263131,95089.09710805504
2019-02-20,12.380727181840337,13668347.272489136,51705.2613368968
2019-02-21,12.990412774677848,14330690.190534815,74880.3439731527
2019-02-22,13.607851863141963,15031097.089507988,175038.06192276152
2019-02-23,13.956485392308082,15416194.199489582,98088.5866052228
2019-02-24,14.270060499640286,15762566.127297668,64543.5700048969
2019-02-25,13.040502595030825,14486034.368845796,90802.32985524836
2019-02-26,13.330838845730373,14725111.280605309,109694.55121277044
2019-02-27,13.32982466713468,14691963.963453935,36094.700630700325
2019-02-28,13.11782020073433,14465529.003224568,46122.6750972598
2019-03-01,12.807310113832012,14146826.6786377,18887.714377092983
2019-03-02,12.95158905386181,14268615.008988729,27874.94710414937
2019-03-03,12.872830689480478,14219200.051293245,28491.95222161006
2019-03-04,12.984967400335089,14340428.6999174,40651.78963378261
2019-03-05,12.004117260158866,13259627.884398889,226326.4677072594
2019-03-06,12.616378745126225,13915609.158500563,83561.91619139942
2019-03-07,12.545258593475376,13857056.04228134,68939.51089454982
2019-03-08,12.900349669754222,14245802.836156685,74255.66988951739
2019-03-09,12.929625520808376,14262733.962501468,43080.47962606239
2019-03-10,13.270618485030726,14658592.472380094,78846.78473164035
2019-03-11,13.1180286474425,14481851.195216816,63379.58373608486
2019-03-12,13.616084564507052,15087417.87435002,257857.74421692992
2019-03-13,13.679178471388813,15143323.12575111,121426.12455987696
2019-03-14,13.038181098715553,14409402.39472094,241137.86168066657
2019-03-15,13.256000937386402,14622780.357068958,139776.56314400386
2019-03-16,14.310321722953544,15819425.650849007,268870.87335588544
2019-03-17,14.880300561495083,16402222.957043665,188881.3194635901
2019-03-18,14.284050478322513,15781297.53898448,108105.32574546408
2019-03-19,14.443583386334051,15949551.473768689,150720.63324134142
2019-03-20,13.882845179382937,15334851.9566946,200199.55061043496
2019-03-21,14.06555100989876,15532640.255327962,94776.88837909325
2019-03-22,13.990524775691592,15453793.761981172,302124.903947373
2019-03-23,13.98050424898591,15440443.841787577,88141.10035935433
2019-03-24,13.935924491584524,15393482.834159344,63891.37022575992
2019-03-25,13.76487317939228,15213249.03197054,40116.745636781176
2019-03-26,13.78083771734882,15222175.534206333,36712.20849001539
2019-03-27,14.595283071574528,15951571.32296389,202194.12262501055
2019-03-28,15.00216906018956,16565671.102129322,249635.1075493176
2019-03-29,15.24108271404866,16833759.46744165,319884.92197374784
2019-03-30,15.416190211129864,17034758.36896335,313140.58527630294
2019-03-31,15.338038985471284,16942244.48296172,274038.469807654
2019-04-01,15.364511205009364,16971485.43194129,168606.43134054245
2019-04-02,16.475564316765027,18198743.588655483,227471.8930048665
2019-04-03,18.31788984105833,20233757.93953463,1237959.9279281278
2019-04-04,17.334858043596928,19147910.84637673,750756.9109233428
2019-04-05,17.224173162952056,19025975.49340412,682225.6591185147
2019-04-06,17.66805983616814,19511463.27997669,283687.2947095935
2019-04-07,17.519017575403584,19389990.92541894,103204.11885770282
2019-04-08,19.568573885247503,21534672.908458658,452110.7685469086
2019-04-09,18.00249482566484,19914776.44740836,2075505.6565999065
2019-04-10,17.801346561944438,19680633.56567184,139409.55551336895
2019-04-11,17.40706625783311,19226047.797590222,606636.2323625986
2019-04-12,16.036123351688026,17826497.94083309,826661.2586547901
2019-04-13,15.882543191255376,17504372.525034122,645108.3256627369
2019-04-14,16.061726196241644,17757252.436016064,120787.9711919272
2019-04-15,16.03627581511013,17707150.843115255,585183.3191184642
2019-04-16,16.51087752490767,18353815.85339123,320588.2239771992
2019-04-17,16.645265053321275,18360634.160791177,689888.4269645183
2019-04-18,16.816676227138924,18649843.11368747,103755.22036227932
2019-04-19,17.13290846699825,18892007.15638548,99355.9017626179
2019-04-20,17.31155589279971,19141589.97611638,137717.13953460148
2019-04-21,16.84011422108289,18598751.53184479,67743.95861508317
2019-04-22,15.853312601402669,17505892.63452638,136030.693879117
2019-04-23,15.95011297147615,17655647.925885215,96293.2478790138
2019-04-24,16.908623980725878,18712760.162749976,316638.6128280832
2019-04-25,16.119704776653034,17788859.039155096,67582.15015674896
2019-04-26,15.406722290145904,16989472.77705998,67901.14683028513
2019-04-27,14.828751987180915,16378074.278563963,86816.44362962559
2019-04-28,14.932371910320116,16494148.6884205,28990.698417529045
2019-04-29,15.173497556201427,16755507.797836462,66607.14490497128
2019-04-30,14.480066966089115,15990698.709304243,92039.90836502668
2019-05-01,14.714954659670775,16243140.325586095,44130.20900686604
2019-05-02,14.56087998432236,16110044.219050404,55881.13244740931
2019-05-03,15.030726214185242,16600469.873339772,80222.76507702928
2019-05-04,15.366890914734942,16969613.224216595,111331.39533078791
2019-05-05,16.20728658401354,17839494.74915396,127046.92523895904
2019-05-06,16.24229698201683,17942990.44888135,114418.51431925622
2019-05-07,16.71629250694995,18478019.837285902,75155.866922456
2019-05-08,15.811649347777315,17593390.551413424,97061.70651125153
2019-05-09,16.015702513887273,17690784.83981474,86305.61616700176
2019-05-10,15.85499176132818,17513265.349645495,70227.68498509414
2019-05-11,16.051959697030416,17731482.84855048,101552.15491841434
2019-05-12,18.332701965388683,20338083.44441956,166277.15131128227
2019-05-13,17.528978969921564,19348276.07960889,138224.3322519476
2019-05-14,19.519198648593616,21560711.63525003,285148.5865373114
2019-05-15,19.228620104755745,21213483.322350755,264134.4581570921
2019-05-16,21.512438505890227,23777045.336083427,371642.9375983417
2019-05-17,21.773713338846708,23964839.237714577,437114.3218536295
2019-05-18,20.11492561501328,22182597.86866232,141246.5548783844
2019-05-19,19.891855067444386,21972344.18894839,59394.00544990601
2019-05-20,22.040549630288456,24345770.71612033,293285.78557011974
2019-05-21,22.17370705738333,24492855.078515053,483729.8221006571
2019-05-22,22.593603852413636,24959746.4760712,449688.8300560172
2019-05-23,21.38528297331742,23621969.71949669,148203.48608414162
2019-05-24,21.49040380329027,23738085.1370764,130414.16159106318
2019-05-25,21.434390052762428,23676226.717429936,86838.4707417472
2019-05-26,21.62298761219758,23916347.101501808,50933.56708313339
2019-05-27,22.36077776028935,24699491.506238017,159924.1238769077
2019-05-28,22.780377609561167,25327088.4468341,131337.4729624458
2019-05-29,23.31965941323839,25745994.79240366,174013.38218357452
2019-05-30,23.37670850806327,25821678.450921606,184307.28784537688
2019-05-31,22.807466317676298,25192899.219842065,180274.29416407325
2019-06-01,23.86133985213714,26442770.99913126,132165.38509112908
2019-06-02,23.738347806620443,26221141.603714872,252312.80457736427
2019-06-03,24.269123955688865,26809095.86566917,114143.34081997882
2019-06-04,24.185949517974223,26712125.39935589,447182.4171208994
2019-06-05,22.82351501598944,25210626.45151177,125197.7154599456
2019-06-06,22.497334558238247,24850330.779684387,85476.54871862367
2019-06-07,22.86151444563349,25260430.085285377,108062.78602932728
2019-06-08,23.26796551033058,25701562.023056056,55481.25305749582
2019-06-09,22.73591704502361,25113866.60876263,29129.08500941693
2019-06-10,22.647518189784428,25016222.117253985,247778.54688954545
2019-06-11,23.3923630811622,25838970.33582095,53747.000245695934
2019-06-12,23.419637339030253,25869097.208319426,65702.2299231057
2019-06-13,23.81064585598606,26301001.30606364,113129.05040083655
2019-06-14,22.996793804976253,25402028.46903872,101609.50806277976
2019-06-15,23.380773738996098,25862225.389267497,79655.65949081344
2019-06-16,22.996682030811844,25394551.221791487,146131.09645849498
2019-06-17,22.849913018534743,25302894.12052484,82293.05838491944
2019-06-18,22.86447675105569,25255872.374448605,77213.70017547034
2019-06-19,22.41010194212141,24753974.50424789,96362.8078010142
2019-06-20,22.41498971201805,24754434.45259035,91787.86712827953
2019-06-21,22.482389986344884,24833823.15501669,118780.956585659
2019-06-22,23.435791552472423,25785260.728112984,141222.17142608308
2019-06-23,23.46816433222053,25922699.63972748,219143.1016311931
2019-06-24,23.39066490871999,25824677.540397804,132040.83061630308
2019-06-25,23.13172545771497,25551072.623337377,79400.14278196127
2019-06-26,23.029450756769258,25438101.01141976,118769.49508251256
2019-06-27,23.63655381273371,25986464.414078426,279878.8974411547
2019-06-28,21.96871448883469,24251127.43860935,412702.7010499276
2019-06-29,23.225180687613012,25604364.760113817,86329.28830461456
2019-06-30,23.22952785201539,25696531.06310942,165485.80958155156
2019-07-01,22.54598019967752,24894185.066731837,147134.61225621658
2019-07-02,22.47240981288252,24817911.904041585,126354.4704954109
2019-07-03,23.198305563418018,25578360.755480472,101447.92858334097
2019-07-04,24.01811326719707,26530167.73381321,72431.12683028136
2019-07-05,22.67591684430722,25047590.987053312,241982.45926524565
2019-07-06,22.912486872753025,25302500.583289955,66308.02373193619
2019-07-07,23.09781920600497,25541483.54192027,22041.28339252811
2019-07-08,23.77157744967495,26241864.60901152,41472.82342665357
2019-07-09,24.021361114633947,26541276.422461964,108807.26784386332
2019-07-10,23.40341681260958,25851180.177040417,134264.85919582378
2019-07-11,22.610025118497997,24974807.645641696,94721.42909504162
2019-07-12,21.526189385229127,23777613.533030245,52966.56953787786
2019-07-13,20.28835381649249,23212611.49457269,184200.09292466025
2019-07-14,21.56902989087286,23824934.72715925,118737.95291051944
2019-07-15,18.42866172325615,20364451.378224105,130258.72216595836
2019-07-16,18.404229576790467,20394075.151623223,75168.84854555946
2019-07-17,15.336370433669314,16940401.417326782,97431.4129360682
2019-07-18,16.862756574821287,18626432.28498185,79587.40020991302
2019-07-19,18.24083048082877,20184439.12294651,105581.2934394795
2019-07-20,17.505421510433266,19325804.655761864,75084.04900842457
2019-07-21,18.33851780287774,20256543.379880723,37239.657082961385
2019-07-22,18.33024526387813,20247405.616027143,61844.59128845624
2019-07-23,18.298725924674457,20220673.609710246,45331.85529978918
2019-07-24,17.57856409635239,19417106.115189888,45555.78297583827
2019-07-25,17.478679877489416,19276475.11385389,84865.49198765992
2019-07-26,17.556219944002887,19406699.95656162,42165.6171787836
2019-07-27,17.481815020879676,19310238.053913485,31949.583750797578
2019-07-28,16.86649848987139,18617006.783408552,63365.165490947664
2019-07-29,16.780124493443857,18582454.863317966,33544.37615086565
2019-07-30,16.75643652966765,18508758.35543272,42202.55523642769
2019-07-31,16.767806232636634,18521551.08650809,115380.90323306518
2019-08-01,17.121393344660696,18900241.967991803,59408.7092736867
2019-08-02,17.147155602306505,18964917.71573372,42481.96031073888
2019-08-03,17.2755916301641,19082984.75750335,20817.97074853696
2019-08-04,17.78657058194186,19646867.99910716,49601.47011439206
2019-08-05,18.104120581446505,19994822.38639601,18505.60983651298
2019-08-06,18.562554543236377,20501944.96272789,68657.50391001225
2019-08-07,18.28144451707931,20185073.75999653,52234.75031867372
2019-08-08,18.24103291068201,20148862.542810243,64608.953988252746
2019-08-09,18.205274274940248,20109363.91135625,30967.799273382847
2019-08-10,17.43747827536683,19246001.554500517,32551.33570230454
2019-08-11,16.980781264661395,18756801.17713233,19793.404081785226
2019-08-12,17.259509033140827,19064681.08291703,39540.26808725558
2019-08-13,17.033772925046797,18815335.235277444,13230.76628211444
2019-08-14,16.59934001002661,18335464.981675293,28024.213766485245
2019-08-15,15.169670198313655,16814031.790091492,58317.76166784229
2019-08-16,15.18323546223517,16771250.059230346,53606.36993160736
2019-08-17,14.741704896440645,16275865.072264647,30327.653073144196
2019-08-18,14.812699524591636,16361959.76786868,10328.184594300654
2019-08-19,14.907620509357102,16454744.771010991,47358.04375563904
2019-08-20,15.962126063383929,17631604.828353256,78956.00749501884
2019-08-21,15.821000188780689,17475718.598525263,26397.79542813486
2019-08-22,15.508320308175737,17130335.52920784,68584.20577672079
2019-08-23,15.364411038383505,16971374.78888803,123545.68104299495
2019-08-24,15.402609650740276,17017320.84223938,66832.05365891787
2019-08-25,15.177703892238895,16783313.729961693,50552.31495455062
2019-08-26,15.11873330629199,16711643.228620736,34082.04996949049
2019-08-27,15.203784631464124,16793948.466068953,53483.72031354551
2019-08-28,15.30325445997859,16903821.84394775,31196.120294910947
2019-08-29,15.035521521618868,16623591.853312198,75061.80365011831
2019-08-30,14.51138055866393,16029125.85129459,45160.53313933446
2019-08-31,14.335315728566162,15834646.400616895,9223.795921355571
2019-09-01,14.269520490725158,15774748.467949197,13714.928178818356
2019-09-02,14.255057104673847,15745993.527251689,6174.40603843048
2019-09-03,14.02244270499306,15486412.06203074,70624.71541726725
2019-09-04,14.138025892800588,15618202.885006648,69865.81023004216
2019-09-05,13.789226742783674,15219354.241299242,43414.7780896468
2019-09-06,13.65300001552174,15080967.287145158,28394.97542802102
2019-09-07,13.553118011868223,14970638.624729518,44804.66024522369
2019-09-08,14.011479032012293,15478024.43201109,17074.384213142635
2019-09-09,14.343349646022,15843520.58549944,31009.84271549547
2019-09-10,14.464538068155198,15985879.628103752,50340.25894220005
2019-09-11,14.24516927518681,15729789.045893677,22451.25338544694
2019-09-12,14.207799495980156,15693793.245264726,10231.104772435056
2019-09-13,14.43745697722551,15947470.602473523,41577.566621328006
2019-09-14,14.470811980779663,15984314.205849404,14757.770765242463
2019-09-15,14.943487113344974,16506426.43052972,42515.63868195698
2019-09-16,15.059497721795124,16634570.588517684,25851.61954789004
2019-09-17,15.655958428074264,17295170.446252,87167.76970495738
2019-09-18,16.696375647612378,18444989.092553444,132124.22675940665
2019-09-19,16.998469441105705,18786798.09930536,47972.83837224555
2019-09-20,17.62618789924921,19446595.498633973,65786.8055250743
2019-09-21,17.35748299149505,19173387.0778754,32165.26358854971
2019-09-22,17.218544886275616,19031722.96381444,21425.890346018976
2019-09-23,16.737793174984407,18489239.89999081,20861.33749626879
2019-09-24,16.628834686084396,18363696.131989583,30447.42430798432
2019-09-25,14.706902962679164,16238213.107953869,81613.28631506288
2019-09-26,14.25091412983486,15741417.238674289,52612.13415607074
2019-09-27,13.955595321629938,15421790.507980913,50032.36263612752
2019-09-28,14.372282268709904,15875479.271194268,27606.746071463607
2019-09-29,14.349289316791662,15840415.774217283,22382.49234473777
2019-09-30,14.041288079444078,15543171.834516369,22689.757210722564
2019-10-01,14.47892149803594,15993271.89751552,35580.819750730654
2019-10-02,14.710314618879432,16246921.033054054,7601.132319483312
2019-10-03,14.710314618879432,16246921.033054054,7601.132319483312
2019-10-04,14.264165988841691,15756055.109614642,30588.770326783277
2019-10-05,14.30460935476679,15800728.447181849,30460.13541060885
2019-10-06,14.463458470833512,15976072.205606705,12630.314131253634
2019-10-07,14.457733693172456,15969868.060141368,29229.930381312428
2019-10-08,14.733170625354983,16287798.898065085,34557.34546206702
2019-10-09,14.640072892399646,16171278.11621573,7734.494258702751
2019-10-10,15.344264750005046,16949121.40020808,47484.67778575051
2019-10-11,15.36442887130976,16967979.989717837,20603.18604966518
2019-10-12,14.766678542099546,16311125.45081774,35042.75231225095
2019-10-13,14.759857445667253,16303590.935909588,74144.1207748149
2019-10-14,14.963551774528096,16491917.793089118,17355.797428931255
2019-10-15,15.25783061270782,16823717.019231845,30892.217016392624
2019-10-16,14.817514290606084,16367278.11026057,48007.31985867382
2019-10-17,14.709543256193037,16246081.595847229,23599.95024606722
2019-10-18,14.63636491693008,16153005.779189425,22627.02858936985
2019-10-19,13.879590088279706,15331256.415612886,98514.62233180828
2019-10-20,14.01734693752251,15483421.253717989,88834.72013190892
2019-10-21,14.81349791337648,16361253.533220202,115865.39676037
2019-10-22,14.517422088430736,16028364.60296614,111873.81330178746
2019-10-23,14.543918799181975,16058839.10140405,76893.63061005273
2019-10-24,14.157360553882729,15642801.99064944,264948.64538763784
2019-10-25,14.525558905589476,16038782.562135328,60404.15772794835
2019-10-26,16.130313587136715,17787616.917335793,65006.93366202574
2019-10-27,15.808274663295752,17436729.77593303,64728.42018356982
2019-10-28,15.905901963523288,17569500.24988819,71578.77525620931
2019-10-29,16.166765153560487,17863939.979575053,40144.29004888186
2019-10-30,16.531582838608838,18266366.29403073,32698.01660860689
2019-10-31,16.15028006527179,17839437.857298568,45210.005133567065
2019-11-01,15.820812314550755,17461909.00391877,67605.80382848221
2019-11-02,15.906280255545278,17569918.107472762,41719.011482611655
2019-11-03,16.03040933922552,17716563.766947247,9694.085919789057
2019-11-04,15.89060537554954,17552603.791778266,25012.19019061281
2019-11-05,15.903782564456066,17567159.18287253,48646.32308549139
2019-11-06,15.937207901646843,17604080.476080082,38329.916395438784
2019-11-07,15.817278182617978,17472567.091217626,78513.94426995948
2019-11-08,15.832681534672416,17488621.696383808,37309.584918152206
2019-11-09,15.309003986577254,16910172.713533364,77886.79971401907
2019-11-10,15.158651676991594,16744095.05588814,35088.7902816866
2019-11-11,15.94575893502889,17613525.862043563,120100.67941343752
2019-11-12,15.956044260753387,17642096.305588286,44503.82761607935
2019-11-13,15.946860282598031,17611478.696917858,70970.47194061046
2019-11-14,15.905574296986895,17590041.68140878,17007.03208223822
2019-11-15,15.59986518139544,17238969.368114892,25187.993601910788
2019-11-16,15.029895429627112,16594810.446355917,46306.43203152384
2019-11-17,14.997635301397274,16533323.127865177,23381.11298977416
2019-11-18,15.139451904384172,16679585.470252285,11093.964409647371
2019-11-19,14.851254025882646,16375121.384274123,70626.648408926
2019-11-20,14.781597944626505,16328759.756739782,21009.56892803246
2019-11-21,14.63149056310601,16158594.782221803,62555.228282182754
2019-11-22,14.359524995380331,15862303.395634172,53956.18201771247
2019-11-23,13.498346163812254,14923585.144537788,201300.08415306348
2019-11-24,13.800048975097708,15244087.980937868,132911.87182552522
2019-11-25,13.52521281651009,14978612.173312604,44581.65999763679
2019-11-26,13.608122225981331,15016322.47205942,92737.3113534305
2019-11-27,14.07679554261682,15525284.98516235,85870.33348606619
2019-11-28,14.125608015751151,15612976.103149386,51014.87388840375
2019-11-29,14.173424157232922,15668954.12233458,55726.33390628442
2019-11-30,14.511933816778129,16003001.378927317,36781.33107385805
2019-12-01,14.13658232743806,15633857.214284437,42563.26352515841
2019-12-02,13.946430651353246,15405087.833178286,49410.59149717068
2019-12-03,13.727974305747288,15163783.138385398,48309.158125693946
2019-12-04,14.053451094026316,15542697.096679945,118426.26082316242
2019-12-05,13.390300479814012,14832468.503334504,66501.9699743271
2019-12-06,13.352926907397222,14762388.549196916,77243.59439121097
2019-12-07,13.410930684133325,14835334.269206751,28985.488536015484
2019-12-08,13.19099796038177,14572977.57563828,8313.560614877912
2019-12-09,12.997189803598497,14366303.615651434,72190.43812179807
2019-12-10,12.885178146976752,14231258.067690602,29729.17152007884
2019-12-11,12.477072277978865,13782119.256026449,33432.022917737966
2019-12-12,12.30475636386723,13587725.724025415,24661.32556139615
2019-12-13,12.304843803155434,13590959.845656987,30434.35535422323
2019-12-14,12.498092391997428,13797943.652974533,9924.644461836107
2019-12-15,12.510735639608768,13811577.29062658,15148.966618318083
2019-12-16,12.637256051674749,13949896.09024038,15596.404145066772
2019-12-17,11.607233718036118,12824274.08489598,25892.04260495008
2019-12-18,11.160297746661485,12316495.391420934,50666.800217297896
2019-12-19,12.038649575046149,13301399.280322572,107317.59875306729
2019-12-20,11.754676018569882,12945778.587464789,48308.15252532893
2019-12-21,11.915714666769151,13172829.647371368,23648.193032573206
2019-12-22,11.853129873937508,13098287.990859212,6001.96057424655
2019-12-23,11.731208303424772,12904733.840853645,40985.80554166986
2019-12-24,11.665327655632888,12882499.379746323,56198.77362556088
2019-12-25,11.441405860094582,12620487.35512056,28634.14027484072
2019-12-26,12.394622833675085,13687294.516118895,167834.16489101126
2019-12-27,10.994162725441766,12146457.640094869,43389.70079262308
2019-12-28,10.988504358686496,12139761.8182018,24953.403565433586
2019-12-29,11.124848316181714,12297849.886596425,23014.878128212567
2019-12-30,11.685403267301242,12896574.080928735,37855.65104603032
2019-12-31,11.452313938357678,12650248.010284772,22393.59922443416
2020-01-01,11.260204142221411,12437908.893456347,23579.516817211435
2020-01-02,11.245956023651004,12422170.56416466,16480.979741843254
2020-01-03,10.693701803106643,11848737.508695818,31614.46791791077
2020-01-04,10.99440433917617,12148498.474269154,57522.49450690641
2020-01-05,12.094987765339946,13343358.726006836,163745.68259852548
2020-01-06,11.14412561113205,12333881.570044698,22363.04041148952
2020-01-07,11.59080979305594,12868994.455254266,58180.24199799587
2020-01-08,11.505983625907689,12764822.67259962,37886.86150573704
2020-01-09,11.351982227273815,12548812.348077992,78407.00534678651
2020-01-10,11.099279317458429,12249192.029416736,54761.13038264559
2020-01-11,11.594814896732858,12787881.29933487,71260.71005035647
2020-01-12,11.528109187841146,12735164.401440818,49467.33923584336
2020-01-13,11.943539433530129,13191346.284091758,25776.269446249797
2020-01-14,11.8950581761576,13136905.265383985,23951.436376148737
2020-01-15,13.016832953166745,14301161.877396556,160572.45135595073
2020-01-16,12.946541903460862,14285100.420375828,116034.72434035435
2020-01-17,13.266470813122494,14654010.995466972,65999.42293762679
2020-01-18,13.25820632812674,14698303.242713084,141891.65910859138
2020-01-19,13.29939741360364,14683911.242083436,62816.45233973262
2020-01-20,12.279004981775689,13563266.11281961,69597.91781162456
2020-01-21,12.337558226431645,13632369.184086848,114491.53248158425
2020-01-22,12.665842204920883,13977462.618411168,24079.426889054117
2020-01-23,12.601138125079547,13914730.298889214,22443.10233883194
2020-01-24,12.54787603750814,13783750.781306166,31342.756901788787
2020-01-25,12.441248259828887,13730126.547375323,29857.684427520213
2020-01-26,12.294151977340777,13596429.384381495,19907.296679781324
2020-01-27,12.71338691197814,14043080.049101934,20358.811983080795
2020-01-28,12.993594497031982,14331356.08124392,14719.955955557523
2020-01-29,13.380160883591008,14758986.870256854,50124.83967224292
2020-01-30,13.390382119599431,14879422.65389736,56902.76153565419
2020-01-31,13.834504103760397,15221357.67104148,40605.76522390525
2020-02-01,13.334057537943131,15110598.651317963,91268.78949709532
2020-02-02,13.940129722527598,15366377.745985296,17643.02809972799
2020-02-03,14.119479689096956,15596236.06977961,51511.43926023063
2020-02-04,14.373125567464864,15875053.493603166,53989.61889027479
2020-02-05,14.288253494704826,15787720.47991547,47818.7605028308
2020-02-06,14.748412345749726,16353018.340233654,75956.13851520763
2020-02-07,16.1436290563743,17825024.71345778,202206.86385802677
2020-02-08,16.864236072477695,18611641.844073504,103738.7549479752
2020-02-09,16.9819628214391,18758106.31293341,66345.47568172992
2020-02-10,17.50593181684251,19321956.63034084,44926.08577625798
2020-02-11,16.912567535189403,18681452.97369486,72606.3806772543
2020-02-12,17.112676371990734,18909001.26133493,68168.47479333715
2020-02-13,18.7229713352472,20678004.953078065,161267.0281114161
2020-02-14,19.173407609717177,21145302.459694885,182341.83170481093
2020-02-15,20.3504273331412,22502059.103629477,165278.23012229957
2020-02-16,21.64920735757168,23835425.154695127,259623.6866402758
2020-02-17,19.118158064236887,21120737.457093976,203813.30386767964
2020-02-18,19.303494325806703,21115280.83854553,110522.25495693964
2020-02-19,20.7195438565075,22909146.65340775,82921.57106492812
2020-02-20,19.2080816992497,21220447.05345769,44312.37717561511
2020-02-21,18.776026260878297,20762679.82344742,111473.87057068766
2020-02-22,19.02719929529407,21017254.06958888,119129.86730422606
2020-02-23,18.74605293663296,20706819.537249543,60827.25629695575
2020-02-24,19.62106711940701,21779533.967203915,115122.74620973416
2020-02-25,18.96659771412999,20937879.045602072,54231.45284738576
2020-02-26,18.03692464398465,19971309.49565464,63970.8698549332
2020-02-27,16.619586966649873,18366798.58437106,76543.34775831526
2020-02-28,16.466022301461518,18286875.65317307,120756.18198126288
2020-02-29,16.72074430868656,18561578.899329077,76217.09906447111
2020-03-01,15.84151039860245,17558258.239337873,187677.54867458687
2020-03-02,16.029983263031912,17672223.043685857,79861.07779637811
2020-03-03,16.728429532723617,18436633.830760825,65076.93067095312
2020-03-04,16.580941440741295,18295466.87751783,29791.119167821293
2020-03-05,16.608003095842307,18338123.04959146,48411.45153027686
2020-03-06,17.18222497718114,18979313.88754452,24281.42900036106
2020-03-07,17.767917932382257,19627988.08944418,40307.4553016576
2020-03-08,17.2105030389871,18982188.712917943,59366.68240648776
2020-03-09,15.164921132290926,16876569.087476857,50999.00419241509
2020-03-10,15.045774638640513,16554983.015476244,85680.17290094683
2020-03-11,15.225618565771038,16880580.573603883,69229.04183400857
2020-03-12,14.210803663686402,15683811.45076202,67367.66297670815
2020-03-13,9.348050813764347,10225844.121854557,49691.97186224568
2020-03-14,9.906789880347253,10763517.397503857,48691.31496091196
2020-03-15,9.254962848248525,10176380.984443974,29835.09735553821
2020-03-16,9.976314608362268,11020129.100578943,65041.48764562378
2020-03-17,9.314609742197984,10313411.881732669,74177.70355213615
2020-03-18,9.509190130669248,10569529.599915473,45486.63700196438
2020-03-19,10.316273113961008,11395252.118950192,58994.623673043134
2020-03-20,11.167592268557458,12375370.1092077,92794.01709038643
2020-03-21,10.970135979859812,12097395.666492876,111713.2104086271
2020-03-22,11.094669293471812,12249451.481457071,110294.42783592572
2020-03-23,9.856790217869548,10894012.993418526,90007.13006717895
2020-03-24,10.616510465920198,11726891.295550792,50600.08775004026
2020-03-25,10.338956539683842,11424339.592015138,79561.34460298126
2020-03-26,10.008441614711147,11033030.7593736,51334.89204763712
2020-03-27,10.53117820701896,11633148.304421656,32701.03006906635
2020-03-28,10.127125180421714,10970458.142322194,43166.32784569905
2020-03-29,9.880519966865906,10881235.469794711,46758.84818842108
2020-03-30,9.385981233813586,10378723.657275643,21535.98958767361
2020-03-31,9.724252022403428,10803612.8755528,38320.93967172856
2020-04-01,9.99881606996464,11029933.089723352,12267.874396562738
2020-04-02,10.09894266592156,11134610.487668457,43544.67975554013
2020-04-03,10.274176792123928,11288547.953128755,66498.74535493585
2020-04-04,10.064407171784673,11113622.74473525,34247.94713299636
2020-04-05,10.328756342669635,11382046.814922294,21263.58704743897
2020-04-06,10.375344110244573,11460501.35073505,13511.515185067492
2020-04-07,12.021005600552142,13278282.576313889,99518.10142286
2020-04-08,12.363843672024531,13656978.081681576,73529.891653721
2020-04-09,12.79887781924458,14137512.45035937,37511.64159243403
2020-04-10,12.884645617524953,14232250.702661883,28049.44151272218
2020-04-11,12.556639357674335,13870660.31925068,92430.3761814056
2020-04-12,12.752176701954468,14087387.010629049,17338.10612212849
2020-04-13,12.922081567275294,14384710.462340591,28909.179697910145
2020-04-14,13.014200465666049,14424896.581570571,40441.73561346843
2020-04-15,12.817324374845546,14145759.054384667,33290.19489558953
2020-04-16,12.64668361669641,13956287.992333015,36943.373263278496
2020-04-17,13.230836131219906,14654418.069605052,96630.81757737466
2020-04-18,14.606472196504264,16134163.123536652,73570.22828204124
2020-04-19,17.235338371370638,19080990.727298018,183487.93239106663
2020-04-20,17.388073030800278,19224988.743239976,74298.71106171467
2020-04-21,16.585016217915125,18367987.988448724,106122.61357239976
2020-04-22,15.546425335469694,17175445.290407177,129127.63486383313
2020-04-23,16.67455868626847,18413908.178691663,111762.46815106916
2020-04-24,17.354600735552644,19183168.10915163,91568.23498594666
2020-04-25,17.699734501334653,19558903.54140379,31741.79784685829
2020-04-26,17.760143817335138,19561784.395681623,33296.20492813321
2020-04-27,18.052024958711687,19912634.008409448,71565.85701936985
2020-04-28,18.218145665269805,20102256.388336413,45301.4944749807
2020-04-29,18.160438108457463,20062005.490772724,33151.9803402086
2020-04-30,20.04836239293421,22145220.6156112,109154.54842996877
2020-05-01,18.656918669911605,20647074.06559903,97432.2860341473
2020-05-02,19.23670750684033,21320324.499183152,70989.14084103201
2020-05-03,20.05005241604604,22121128.81156191,20578.29580606985
2020-05-04,20.12726479001965,22213921.491904728,56336.75133248793
2020-05-05,19.47416815675737,21437068.26420364,60332.11450485295
2020-05-06,19.41716236961679,21379768.669647302,52074.34221876312
2020-05-07,19.19437280593936,21321583.032510787,49195.403226744456
2020-05-08,20.35408695753984,22529854.27251985,78769.4483195534
2020-05-09,20.047255289680056,22199762.07535688,57017.98579525466
2020-05-10,19.81070616226679,21899717.37275016,37592.09406989925
2020-05-11,18.445977559363165,20444091.387329508,115792.41519675447
2020-05-12,17.711558838178856,19607770.63240159,91726.98849984873
2020-05-13,19.11120032808837,21064005.29210856,74148.23794406668
2020-05-14,19.874335485500502,21966244.700927053,57564.97929161447
2020-05-15,20.945315164761524,23175902.570205048,64999.28847986787
2020-05-16,20.20768071154714,22332527.65174732,39942.54306292977
2020-05-17,20.56952913354833,22713482.51081747,31240.79365919184
2020-05-18,21.144556367513804,23383418.98955487,51346.53784406794
2020-05-19,22.28196545167704,24614469.070161283,82536.50865169842
2020-05-20,22.67083714167477,24993280.54757218,117092.7751952504
2020-05-21,22.14765222124327,24464075.167063106,83585.36563013421
2020-05-22,21.214402785663832,23485130.976872586,172249.82631905618
2020-05-23,21.948557577519026,24243610.45917995,61847.58641111129
2020-05-24,22.02109350741324,24357622.72549703,93230.68670844212
2020-05-25,21.73897095984129,24138385.67249993,96135.05761173628
2020-05-26,22.45953599885436,24871765.07385373,72365.87987060592
2020-05-27,22.750325646058247,25094966.918076195,102204.33240936443
2020-05-28,22.9391637133652,25338370.846146066,103395.10069078392
2020-05-29,23.817880212139197,26234030.14660045,108740.7212156659
2020-05-30,23.810144934171177,26247700.502019364,37551.07913307952
2020-05-31,25.36969428348009,27580603.80851479,91720.28598584708
2020-06-01,24.19068111945016,26774719.833066616,74165.51253485246
2020-06-02,25.3789281163092,28107498.51508259,57845.93360948379
2020-06-03,24.740711857350757,27302906.186785456,87733.09750768877
2020-06-04,24.748229668894883,27290961.651060816,25185.728050357528
2020-06-05,26.50100311313772,29272743.028740797,90974.27448479252
2020-06-06,27.30738920842464,30345855.863999527,111459.04015531678
2020-06-07,30.70124594758718,33912289.261245325,172187.94696831773
2020-06-08,32.445982678826894,35741004.57272282,242834.30643738335
2020-06-09,30.94968409940024,34193115.06051602,113339.53648766648
2020-06-10,30.486846091944766,33710759.640874594,95851.7511726722
2020-06-11,31.423846830989152,34676044.9721226,69123.47782660867
2020-06-12,30.029654493444436,33104973.75707081,167980.8318235302
2020-06-13,30.84180378839767,34070766.7774149,48005.23751396866
2020-06-14,30.17152398508737,33351324.318135157,74509.92633825532
2020-06-15,29.088968631158,32138366.67745837,65305.4796394316
2020-06-16,27.901598815287784,30819827.035378728,123552.05470445924
2020-06-17,28.803581818241508,31825148.64781402,109725.65817996032
2020-06-18,28.9578642090931,31979621.13623478,51496.2219345171
2020-06-19,29.856641913141765,32991710.92503208,73655.98099627077
2020-06-20,30.94406707119026,34155157.46314814,189632.9010057801
2020-06-21,30.29229831446313,33471970.13063164,54042.61506063893
2020-06-22,28.86238640277117,31858074.31373588,87106.81533752012
2020-06-23,29.301146935134803,32353941.9771734,202880.87568516
2020-06-24,28.85372038129649,31895009.855005912,229599.39648377945
2020-06-25,27.62329489948116,30574924.692776185,157174.38091296976
2020-06-26,27.17466522698639,30016863.463076897,63930.44226599017
2020-06-27,25.164511118937007,27825843.68073843,148401.954570437
2020-06-28,22.906980750582772,26705019.87983658,240827.43960426527
2020-06-29,23.709357297989037,26180613.893188108,208694.36769719576
2020-06-30,23.31028371077977,25750950.87041385,89176.50626084383
2020-07-01,23.425383423522465,25875487.30063896,136843.6014669244
2020-07-02,26.961863770687977,29642889.78879344,598771.4339807954
2020-07-03,25.852461676858056,28539038.819579016,352196.4791069543
2020-07-04,26.18955026433587,28908433.392823827,248119.82519383985
2020-07-05,25.55712581311886,28222004.697650485,343188.4402243104
2020-07-06,24.93037141742809,27518706.308574203,200532.2722653028
2020-07-07,25.592169157870888,28268854.13009261,230303.7015195653
2020-07-08,25.91506222967002,28611504.0960024,219801.38348091135
2020-07-09,26.811687903444696,29600724.69027254,322177.8332485077
2020-07-10,25.905750994082283,28615233.490553346,322188.11240902374
2020-07-11,27.103913540155265,29829656.31432253,334673.2929967717
2020-07-12,27.426739470336795,30295302.151539315,273526.71336627635
2020-07-13,27.41119506155873,30414540.159006447,228391.1243806914
2020-07-14,27.15703107786806,30022985.620251384,261852.06861906024
2020-07-15,27.80532046192124,30713478.92903358,243132.1062716528
2020-07-16,27.22675581491889,30074402.205601256,175202.70241795637
2020-07-17,26.26547733688625,29039326.485552825,216315.96900699945
2020-07-18,26.563300806734983,29324600.07261001,228607.4676006952
2020-07-19,28.06102830113153,30995931.251146875,278007.1424569936
2020-07-20,31.99711077769335,35343688.5939323,638445.2247586774
2020-07-21,29.911336338362485,33035893.808923773,395059.9186605034
2020-07-22,31.72362598412484,35037515.8597815,198240.3033928908
2020-07-23,32.28664433442163,35619269.02134235,229274.8605153267
2020-07-24,32.1711435919957,35528675.82930957,203400.25100930483
2020-07-25,32.49758253769024,35710103.76946266,243392.2608066524
2020-07-26,33.32975197533216,36851338.25880369,261948.485719416
2020-07-27,30.893881565733,34125072.63869301,370733.788992638
2020-07-28,29.79983913188089,32854270.59349165,355303.3279877085
2020-07-29,29.30751860393322,32372791.9747186,249273.9391739143
2020-07-30,30.189426854060173,33346939.008726325,354682.112792881
2020-07-31,30.58243388066971,33809568.93604327,307966.35866416444
2020-08-01,30.92983337704868,34183374.42866472,237531.7040413119
2020-08-02,31.947773887723987,35227429.086390145,268595.4731565846
2020-08-03,30.03730604880462,33195355.370912805,375954.3822092325
2020-08-04,30.593709038692,33533335.77887141,190287.70659498585
2020-08-05,31.067328685404256,34342731.21879302,203332.60576347416
2020-08-06,31.83471839874797,35145467.96883953,258982.05253844225
2020-08-07,31.751698808698144,35031536.02500707,298516.3243873693
2020-08-08,30.981474038878893,34217785.60018219,223653.07969619572
2020-08-09,31.69126874235577,35008143.7310653,180709.8840961808
2020-08-10,32.79008878423107,36057072.91878629,332377.52031255147
2020-08-11,32.119036964229586,35462550.56993042,298747.0640026468
2020-08-12,30.080675796875116,33266759.71781064,278262.86601065967
2020-08-13,31.791751910992893,35001664.66397956,328363.88293894933
2020-08-14,40.45594995522577,44670808.72295636,981026.8134831368
2020-08-15,50.56942862381107,55858485.16357547,1641417.6386863028
2020-08-16,47.72616413756902,52427168.35212476,778497.2029409393
2020-08-17,50.02609237629665,55186743.36843078,1312046.4995081737
2020-08-18,47.02906541088671,51947835.36221136,412317.5767932093
2020-08-19,44.22736333811341,48879533.200050525,389402.9602685582
2020-08-20,42.99704337496243,47458319.66175829,490007.2039814324
2020-08-21,47.318146815629625,52269038.34299994,564461.592188177
2020-08-22,44.62934781065099,49297836.86302234,420990.4200169555
2020-08-23,44.89238477939743,49677185.51435152,268109.81682057446
2020-08-24,44.73812530916489,49489069.03836998,217746.4284946136
2020-08-25,44.97872616843595,49663919.93297511,234686.10877495556
2020-08-26,41.121544668805214,45386648.61510854,381323.1139323329
2020-08-27,40.079326787068894,44271223.57572842,244750.7029844355
2020-08-28,37.35241301575258,41259101.89307014,295583.99289515195
2020-08-29,40.631088041391024,44922390.95402492,332130.7109154222
2020-08-30,42.60466162653552,47007386.77905247,311496.6356494385
2020-08-31,44.82213472631018,49439993.719688445,552962.4252113168
2020-09-01,44.63196424512747,49364928.864728086,492306.258429501
2020-09-02,61.648951074654114,68180398.32748127,4130833.53518212
2020-09-03,65.41213050658686,72251714.98425528,1333085.953330831
2020-09-04,53.557943760931785,58574996.10357286,1277668.1549675837
2020-09-05,51.60658168647603,57004114.06506456,922019.3869813216
2020-09-06,48.65715153501682,53746203.01406423,700457.5816487306
2020-09-07,49.3960818070432,54562418.00324185,348606.6677967211
2020-09-08,47.54172216724695,52550539.0158585,284017.9989491348
2020-09-09,54.682291681389145,59453779.70536221,814812.7864364767
2020-09-10,60.86802847751081,67606003.60600545,1006888.2925625189
2020-09-11,69.26481910750257,76500600.37270136,850926.0580030954
2020-09-12,66.13787776729289,73092691.25964682,701378.1832466418
2020-09-13,63.50749103119119,70242253.75567465,450008.3724712122
2020-09-14,57.87012800377188,63889964.55921227,264210.439501652
2020-09-15,60.09636559384201,66293071.8685322,708848.3030114111
2020-09-16,54.107631611728,59702901.63366557,885877.09636138
2020-09-17,54.41956539225355,60119934.501621366,525770.4852669387
2020-09-18,57.98574881311895,64093380.67792553,622192.3600018193
2020-09-19,55.34916209056834,61147734.48687735,410102.3868191157
2020-09-20,56.02747685244629,61927996.23963874,363421.1973225927
2020-09-21,54.009248298463504,59666542.71524338,375370.50659070606
2020-09-22,47.908767815613714,52997326.83190758,570119.1438230949
2020-09-23,43.22468625373024,47709257.42184711,589416.4679406129
2020-09-24,38.3192250143445,42580959.37342164,460890.3551911645
2020-09-25,41.25798528259013,45565992.99203408,509207.7233556581
2020-09-26,43.32456854593059,47830057.43359943,517761.1554110573
2020-09-27,49.40484614251325,54699378.87635018,562840.2516421183
2020-09-28,46.5001738564489,51342391.58493191,448015.3112244416
2020-09-29,46.08813819909543,50834461.36611848,348520.64484740054
2020-09-30,44.33883353659907,49049028.80008255,342462.5254446269
2020-10-01,43.183424987569616,47703157.688474186,387396.6108622349
2020-10-02,42.83645348528527,47265586.37439545,328255.066902404
2020-10-03,40.00423928645628,44163204.46362198,337891.1378296899
2020-10-04,40.26441184576129,44501969.03764311,289963.2124800888
2020-10-05,40.853973749408496,45119890.17538751,330242.88996712334
2020-10-06,43.03520457538222,47516994.33331232,434384.4268929455
2020-10-07,41.44345056443375,45816935.79738541,420125.31423431926
2020-10-08,40.44262850480276,44682430.46123925,314542.63007452706
2020-10-09,39.69542549810264,43755302.50425186,399778.0768042384
2020-10-10,41.15501624428567,45452112.27488309,314548.8465899421
2020-10-11,40.90532663043924,45176629.274918415,350809.8806528094
2020-10-12,41.91077661672984,46329846.91010951,330711.84427496005
2020-10-13,42.19574509089769,46659359.49573578,269873.08498650265
2020-10-14,46.53711209854698,51431076.95877029,622222.5186481061
2020-10-15,45.639644667779336,50424881.22811718,387548.2934174455
2020-10-16,44.43458824562491,49072878.90663975,277994.6285950717
2020-10-17,43.7166416730925,48339539.90171689,293911.1470498976
2020-10-18,42.18547043445875,46596425.16849271,279374.3394591654
2020-10-19,42.90358443401464,47340159.88940974,276948.91702006874
2020-10-20,46.21107699294005,51038910.65234335,788255.2589139235
2020-10-21,49.37477162415973,54503170.44325044,723048.4014158623
2020-10-22,60.34432861174255,66919678.009823225,1399593.6467995576
2020-10-23,59.555710947229855,65852550.55326878,638108.5597163523
2020-10-24,53.30404619431509,58885481.58053995,646129.6187442224
2020-10-25,54.98619149611292,60777189.29538838,554870.306961298
2020-10-26,54.06473651577941,59688677.53869286,324681.2368872367
2020-10-27,44.25801387552483,48127011.82588597,1847847.5498269573
2020-10-28,44.49757532446143,48680686.99366698,1451679.564366924
2020-10-29,40.96720069444836,45192777.40857546,1069587.200050931
2020-10-30,45.622580771790666,50340387.079052255,1012090.3196016684
2020-10-31,48.44087463270261,53571537.26686376,653104.7276612713
2020-11-01,48.68441906295772,53836257.33621829,398737.4283584441
2020-11-02,48.59129141012047,53645119.68307395,423238.1951452263
2020-11-03,48.51015539691395,53617413.25173737,417534.5047450551
2020-11-04,52.90095649310803,58434827.12518553,652799.0373070142
2020-11-05,51.58679801054095,56948325.9860551,518289.13779932016
2020-11-06,57.16918230071261,63016550.78797253,596879.5714850863
2020-11-07,59.06923977311325,65273746.81852972,1024111.0870505314
2020-11-08,56.49792799798327,62514024.78057175,635688.7331191511
2020-11-09,58.169650134521,64253613.84209056,111227.41275716506
2020-11-10,58.23437392580292,64265749.8642011,786307.038359191
2020-11-11,57.55226094000263,63499069.36879355,776154.1751281313
2020-11-12,58.12719219986827,63986086.96561992,848709.7146884315
2020-11-13,57.32283376395672,63427440.70633358,718899.5149025617
2020-11-14,56.92975171788736,62871022.76226499,765473.8687184304
2020-11-15,56.58886261539072,62555970.61107766,735495.4693134286
2020-11-16,55.209974498319134,60966656.1211716,604252.5088497087
2020-11-17,55.28823114728359,61005598.24093808,738483.1361638182
2020-11-18,57.81621642674862,63863214.50282226,1016241.4956558712
2020-11-19,56.97494177137876,63028060.25124639,671766.809626803
2020-11-20,57.01064302361082,62992578.3648543,602662.015095094
2020-11-21,59.883491648419664,66127103.59292968,924113.5277548844
2020-11-22,64.7378281654782,71095994.28720032,860995.91324026
2020-11-23,66.85996383449955,74349263.39402248,917881.4398107792
2020-11-24,66.41693564976917,73278580.45593372,2510425.1717762407
2020-11-25,70.26487306980758,77293403.01238243,2466642.906711344
2020-11-26,67.56364327659045,74593041.34550379,1209209.0925684888
2020-11-27,59.17294987391105,65229168.17846908,1030098.2661822026
2020-11-28,59.20628617025526,65329669.74398613,620088.8008040752
2020-11-29,58.1105814643001,64099578.31837306,1649337.2986196831
2020-11-30,61.99286450731379,68204115.37482755,749514.0066145185
2020-12-01,65.6947158775523,72804648.72789814,2102987.2511799685
2020-12-02,64.2098413790542,70801266.66609038,763192.1425644975
2020-12-03,63.33758622276397,69998760.77423337,728686.507956097
2020-12-04,64.26268209279402,70985596.30287442,677907.1212738112
2020-12-05,61.10927064449645,67500689.26120433,706596.8687633221
2020-12-06,62.05558366919005,68545977.16515064,556362.873291769
2020-12-07,62.8647577886407,69158099.38867988,531124.3908166717
2020-12-08,62.22923614945714,68734642.82181327,514927.6617844801
2020-12-09,59.83098785005305,66119931.373259656,620690.9440105647
2020-12-10,61.4484446808185,67880590.05181697,528772.2308414847
2020-12-11,60.24527458474316,90779766.72231431,592473.6474921221
2020-12-12,58.53709298991984,88259119.67609791,428599.538194694
2020-12-13,61.08594221151931,91851269.22248484,432264.329288064
2020-12-14,63.06756169070093,94972158.47994173,492165.9900302517
2020-12-15,62.98503338912592,94768375.06765704,447551.40404085966
2020-12-16,63.46918531221929,95426883.14872116,472630.5077323833
2020-12-17,67.47188959609585,101563295.4722932,764424.5276563176
2020-12-18,68.38683816154912,102645258.6961063,812872.5403125596
2020-12-19,69.89115188260912,105047269.03705584,594259.7527935526
2020-12-20,70.61593498027878,106379688.57343791,620806.7743943657
2020-12-21,69.01351346100658,103892541.7050943,960117.4221479348
2020-12-22,66.09409393712211,99572991.82728912,672437.0324857715
2020-12-23,67.73688296479703,101773323.92471129,492278.3507094824
2020-12-24,63.43179858404803,95365667.04590872,693591.329405298
2020-12-25,65.89813057657516,98961396.98180673,640239.6610529985
2020-12-26,66.52059429553469,100085007.27463588,582204.9245220883
2020-12-27,67.59327982938153,101957962.91526528,581164.7944715074
2020-12-28,71.62699776147659,108151737.70280488,774813.3594466641
2020-12-29,75.6385482721918,113884692.2277219,887231.6644163094
2020-12-30,74.41236025058019,111807232.47048952,731261.198908073
2020-12-31,77.5019063868122,116800506.14511617,778549.4768349316
2021-01-01,75.76898524544167,113806550.39861584,745659.2917097214
2021-01-02,73.98078770015381,111135382.72625092,560541.0050831147
2021-01-03,75.99861370384016,113833893.33878563,842519.7006907787
2021-01-04,90.41672138949784,138024048.8523005,2426338.955067716
2021-01-05,94.5095273651502,142443413.06181067,2486922.5206824765
2021-01-06,102.43887394584252,154059216.34079087,1555564.4558206068
2021-01-07,109.38577962879984,164369630.47322124,1173507.3770465208
2021-01-08,111.616940460574,167052815.08171168,2178320.5568342004
2021-01-09,110.51591748308486,165197659.41934016,1918238.8936052984
2021-01-10,114.6391859375093,172836050.9717786,816018.8884983589
2021-01-11,117.07983965595773,177180759.1657898,1754850.2680599687
2021-01-12,99.4538460314246,149888248.10808545,1101625.3585923745
2021-01-13,96.01293992107745,144375979.2711302,442707.3494169584
2021-01-14,103.05061589690835,154563425.2670697,727613.2356035133
2021-01-15,110.86263826120351,166386578.16704643,912239.4733675186
2021-01-16,106.76200260045135,161250702.41507876,785969.9709128235
2021-01-17,114.14367584996052,171676592.31452972,1044698.635548652
2021-01-18,110.52874512162325,167433964.50459856,1083779.0026693847
2021-01-19,108.96161583314266,164199679.22172365,887554.7682365599
2021-01-20,121.15926223656017,182514271.3577975,1869145.116469084
2021-01-21,118.2655079327312,176320667.54441258,899285.6277329632
2021-01-22,99.41924422840243,149584902.54151505,723622.4501211187
2021-01-23,108.6091772892775,163238417.0416758,1037561.1318757504
2021-01-24,106.26459835233486,160087293.56977454,1080893.5072782305
2021-01-25,116.41925194724578,174439227.20792425,1152221.874731394
2021-01-26,114.37871776935216,172522805.78151408,1794223.8294432089
2021-01-27,115.06250120679688,173148411.8093289,922364.5547068738
2021-01-28,108.53807673626238,162855928.45673233,1078454.1127982754
2021-01-29,113.03339291594187,170608027.30505663,1098961.8322294503
2021-01-30,114.78668049458548,173873075.92965406,1239048.5306249617
2021-01-31,114.55860698824456,172451081.36280856,862902.9466570104
2021-02-01,111.01396865476951,166664975.05201793,916198.1009242265
2021-02-02,112.20761649353796,168265277.82375273,988384.3194210026
2021-02-03,122.68113272855504,185015132.33810657,2307527.2833920904
2021-02-04,139.82885870592102,209686919.75456667,3154824.315620819
2021-02-05,139.22387887969205,209945663.14303675,1526735.2513193325
2021-02-06,144.8945108769452,218006397.6199129,1828374.321299043
2021-02-07,140.34340343359364,210711206.8990766,1650855.9344096212
2021-02-08,131.40700873046123,198061834.12663963,1257456.1923427857
2021-02-09,143.75697196004882,213406048.43406284,2474046.7909753458
2021-02-10,146.48355439521916,220308338.79601,4771179.158170879
2021-02-11,142.17293768693713,215072283.37826267,3119476.805791902
2021-02-12,149.4440616203272,224717682.54740053,1747685.7734122856
2021-02-13,153.28656173826857,229712696.42170137,1738187.481636492
2021-02-14,150.2645672594148,226207826.4496102,1834690.2903442064
2021-02-15,151.28339114270292,227484761.78746584,1109566.0070815254
2021-02-16,148.2369270336779,223553014.90666792,2728875.997859693
2021-02-17,147.26507595988906,221745707.84368452,1583765.7745986271
2021-02-18,151.96068312402392,228406086.5679789,1411041.9863379286
2021-02-19,154.67312580860775,232461127.36488807,1670975.7769581997
2021-02-20,162.89981480335445,245096943.8613904,1733692.3829458498
2021-02-21,161.99254161523297,242317192.8040963,1884198.5553642856
2021-02-22,161.3340003011764,242830819.6961668,1336685.4655624805
2021-02-23,149.3854077734422,224236648.18605796,1649311.7205199562
2021-02-24,128.69204358229163,193691553.8106161,2772617.599580774
2021-02-25,136.2520565973833,204725073.4133137,2052173.2387533544
2021-02-26,128.55723557128405,194376248.57620293,4370087.79992625
2021-02-27,123.51812652036917,186058044.38403732,1496771.7658143556
2021-02-28,127.75674910522277,191400553.9014488,977289.417808402
2021-03-01,121.53570544198266,183743786.17340323,1864674.591344405
2021-03-02,131.13854678818709,196945180.0076288,1301338.1862024043
2021-03-03,125.22395996615724,188488549.9476205,1424199.148015834
2021-03-04,134.028883211517,201988989.69136897,1403310.3017945003
2021-03-05,131.48810035643464,197390631.36064804,1562933.4059445611
2021-03-06,127.63546022899644,191807115.7463463,1229118.3551942084
2021-03-07,138.23661120779423,207989008.32199064,2058349.872773632
2021-03-08,138.9867024758415,209144424.0959248,1062651.3907622872
2021-03-09,150.13299921602203,224746432.2309495,1886819.018344252
2021-03-10,152.3409381580287,229210195.3128865,1081654.5849281845
2021-03-11,149.74279378470567,225718990.6699211,1680916.1505167957
2021-03-12,149.12969237103002,224062573.44878697,2163715.289364517
2021-03-13,144.8868995867788,218484201.2878037,1035634.0747140464
2021-03-14,154.2098978541224,232244875.1434612,1390309.246196356
2021-03-15,152.93259343660307,228839400.04893655,1020650.0901045458
2021-03-16,148.5299460257253,222720116.11549345,1904339.7253650369
2021-03-17,151.61441705179098,227577433.50375137,1710331.6603426524
2021-03-18,151.1878162127466,227027937.3467264,1562016.5506895522
2021-03-19,149.89423096607905,225630202.4422848,1310004.0054078638
2021-03-20,149.67448572830503,225067596.7477739,1208315.960341682
2021-03-21,150.2997882860595,226292579.5130121,955467.6174475548
2021-03-22,148.16500027489477,223124399.5376745,984219.4472222668
2021-03-23,141.54413995820116,213848659.4910508,1488223.282396555
2021-03-24,140.04457912522554,210175602.2607833,1075913.6996210478
2021-03-25,134.96862576339754,204686315.77084768,1300635.2117499027
2021-03-26,131.8173912663996,198248635.38376075,1163893.6875752036
2021-03-27,141.84352310305758,212390908.1409992,1080912.660434008
2021-03-28,141.42045139200434,213345850.6389112,1320682.6490615455
2021-03-29,140.72531687347993,212423197.41807213,997181.1263109056
2021-03-30,148.92296556584242,224261540.88524047,1549422.7969111784
2021-03-31,149.9861984820665,225647730.8898592,1004138.8911676522
2021-04-01,157.8291936373714,237626049.91840395,1678863.243579452
2021-04-02,160.62507687219727,241714577.98809245,1451224.8521464728
2021-04-03,171.1864882344057,257412259.82662484,1649443.6807593077
2021-04-04,167.61902387959773,252159546.4165657,1843098.231934098
2021-04-05,170.1368539050166,256009842.02616215,2034565.490268035
2021-04-06,172.42619490922652,259356663.1181328,1527717.4479498384
2021-04-07,172.06218992666948,258986206.296844,1913209.8714035456
2021-04-08,161.39571639204007,243149200.48489347,1879424.588345366
2021-04-09,168.0230954580211,252480738.25207943,1539315.5718451317
2021-04-10,167.85942671078743,252170280.87387168,1311954.7685520574
2021-04-11,174.263242426126,262343504.78254533,1880632.0488637933
2021-04-12,174.68958381107413,262379118.84732628,1722646.2155039415
2021-04-13,174.96373887128215,262580311.84430408,1681073.8302848437
2021-04-14,184.66283047369177,277351608.06500685,2207234.4261905914
2021-04-15,190.3795791785473,286248915.4036574,1948281.562872366
2021-04-16,194.35711312752963,292242754.84075993,1644401.7010276178
2021-04-17,190.983715018818,287373553.82421136,2005360.7791511947
2021-04-18,181.92866842742717,274244166.2009791,2888230.260080563
2021-04-19,169.50776905236225,255309269.1982246,2943609.416421311
2021-04-20,165.49754846219014,249005460.15721977,1747542.7844799636
2021-04-21,174.89837284984642,262796946.41097367,2245082.5056802784
2021-04-22,179.67615605297448,270338408.8343328,2024403.157647772
2021-04-23,188.8939930153895,284207446.5077504,4333362.805224814
2021-04-24,184.4891656805296,277580000.5569092,2817232.916858295
2021-04-25,173.1725828486808,260553217.1293856,2040248.014658204
2021-04-26,177.0867050061326,266648080.9848597,2447453.761273383
2021-04-27,189.71639751525703,285444825.628032,2164559.903319187
2021-04-28,204.32200569074084,307420233.8344155,2419623.868910587
2021-04-29,216.49964822666385,325178977.8136116,5154097.45961556
2021-04-30,218.8614838325313,329507078.1296154,2641679.7542766514
2021-05-01,218.83395300955544,329717023.3309144,1851963.6407414624
2021-05-02,228.78615823491288,343960344.4957069,2095549.0315108008
2021-05-03,222.40833419144676,334561177.3650694,1859367.20352557
2021-05-04,248.65447910620685,374377643.3095772,2659763.5451557324
2021-05-05,244.09510972810256,370016348.1155633,3458479.8666746747
2021-05-06,254.53408933385745,384196873.3464294,2512188.5810481976
2021-05-07,255.42554189361255,384054048.38386494,2076029.014520778
2021-05-08,256.94072648934275,386275497.3194488,2448520.009197512
2021-05-09,289.82933888882314,436083046.5106852,5801975.427212832
2021-05-10,275.8850565602697,414820744.8178504,6265432.464819355
2021-05-11,277.58056045858865,417420426.6643805,5129696.205701777
2021-05-12,269.6771219365276,403761568.67532885,12945991.9524135
2021-05-13,264.05474085059143,397293330.7058536,8517373.06264435
2021-05-14,247.2986087509265,370093171.7915276,4519315.392089762
2021-05-15,261.5233176170936,393383717.8289647,5118391.161799248
2021-05-16,237.76293326464608,357913615.00837,2460529.4605439296
2021-05-17,227.65376019466848,342524888.3777008,2998461.636601441
2021-05-18,214.9135868109701,323903163.74852407,4085680.215236702
2021-05-19,234.2068349784177,351603790.27380395,5085914.331414474
2021-05-20,171.73441639643244,261656931.8073406,4107400.749204237
2021-05-21,187.9877566834402,282544959.3215191,3825422.5983032384
2021-05-22,162.59132766186775,245687264.26757765,3170670.496227193
2021-05-23,154.57163128353784,233993269.27529088,2740429.391721014
2021-05-24,138.94546208364008,207929651.82850665,3113216.943684645
2021-05-25,179.88857921258744,270867244.7674884,4520331.119519506
2021-05-26,192.34546856475131,289240692.7813932,4267042.169327344
2021-05-27,199.0494372057936,298667008.16956383,3391124.940580049
2021-05-28,194.1812384477428,292289284.9777612,2688634.2171264114
2021-05-29,171.812146610895,258506322.44996497,3412490.972522759
2021-05-30,162.9105609662345,244899561.92811632,2579249.6864596936
2021-05-31,169.50053024372093,255437231.63177335,2424364.367475496
2021-06-01,185.679431684247,277967593.0192605,2901256.144517684
2021-06-02,182.65208655392792,274853068.9441366,2522216.325567622
2021-06-03,187.36997180822357,281914424.0097982,2915373.25257509
2021-06-04,194.89159224263912,293667520.9875187,2524651.553695339
2021-06-05,184.82274452708077,278392678.2995452,2812089.957723437
2021-06-06,182.42737260713105,274071053.8865886,2317461.3300088174
2021-06-07,187.5841858472722,282236727.6684391,16997379.249345176
2021-06-08,180.2254694262257,271968391.0393114,13758787.104634294
2021-06-09,176.2326492260785,263032650.21273285,13844320.507056477
2021-06-10,181.69254860648732,274632143.8234354,12209036.343293412
2021-06-11,176.24240610841724,265226287.6586013,13216983.21517275
2021-06-12,167.9669979108739,252947267.30793616,13689581.86846983
2021-06-13,172.52639295531606,257033459.4904509,13036412.309683112
2021-06-14,179.06054118144573,266989159.7441384,16719493.1236764
2021-06-15,182.8870186346834,274605391.6853435,15241932.472905722
2021-06-16,183.67822836063425,276359874.8065549,14216675.78031854
2021-06-17,171.5285020999887,258079554.60587555,11656219.952061296
2021-06-18,178.15278593479604,259311347.607464,16734823.87386245
2021-06-19,164.92863653404268,250027819.4662113,15468447.32735246
2021-06-20,160.3200471632287,241617370.98216155,11993211.288324757
2021-06-21,163.50589663328986,246095930.03226095,12909677.101149077
2021-06-22,143.45700880773575,217190752.25915515,12040920.235727102
2021-06-23,141.0651992989011,209673447.5667541,9978269.880439622
2021-06-24,151.51711770536537,225903874.2441832,11459961.931442918
2021-06-25,150.24335279792368,226169180.95860964,12197781.206411324
2021-06-26,140.3459761936784,211162731.46067265,6116714.745164745
2021-06-27,136.1126310508341,204583481.24790564,5301435.248137998
2021-06-28,145.55872008187848,218930037.254558,5219088.407654137
2021-06-29,153.6465948174277,230665646.1669376,7187176.683221129
2021-06-30,162.06223338128697,243939750.20735,6495216.65883533
2021-07-01,174.16104128995454,262147771.9514196,5979973.532544561
2021-07-02,165.33563795878828,248474910.0804403,6238279.716742955
2021-07-03,166.92598426658225,250474758.28862852,6143449.509252148
2021-07-04,176.11637576734958,264458402.08511853,5769612.511162564
2021-07-05,181.39742483634592,271274436.9624988,6793109.272247717
2021-07-06,173.50359552426778,261291274.90532684,5947630.501658378
2021-07-07,181.15791714956853,272567847.31924635,7256539.362048315
2021-07-08,180.2042937087028,271153500.72456044,6880123.01118643
2021-07-09,170.34825497238276,257472867.52135447,5294503.005110014
2021-07-10,175.7872550037799,264432806.9093116,6456851.370191014
2021-07-11,172.01594433970243,258968401.3025616,5553378.150771854
2021-07-12,176.8714498096785,266123098.56347865,5485542.281648726
2021-07-13,169.3996101549494,255488835.8968117,6305457.4859628985
2021-07-14,159.579304387057,241230556.20606345,4809977.273765131
2021-07-15,164.7874583444326,247829024.9287469,6650735.163672611
2021-07-16,157.535237003104,237036802.43314955,6164647.909094316
2021-07-17,158.83133995505028,238989048.50596905,5812315.546026717
2021-07-18,162.68260584424615,244756374.0002842,5515662.682149745
2021-07-19,160.29509043210612,240480524.2870989,5823780.349023861
2021-07-20,156.59674543160637,235988854.02217963,6475278.748058534
2021-07-21,153.90995597060936,232302630.6515383,5794612.739668128
2021-07-22,176.7133535346989,262244819.5810305,7303055.115067582
2021-07-23,176.2604790238829,264950001.9361278,5709809.660697621
2021-07-24,179.81901372980403,269086014.0447934,5790215.33569862
2021-07-25,187.66021275458985,281777782.9600102,6828438.000728518
2021-07-26,188.74810644637347,281664791.1024624,6259983.438330434
2021-07-27,187.4830095462625,282246147.7235571,6449988.708980436
2021-07-28,190.35210293725143,285629988.5862027,7005883.79321279
2021-07-29,187.99581063371485,282569252.1480267,6007960.564804335
2021-07-30,182.521352523754,274619254.4603089,3982798.8847825886
2021-07-31,186.6741797777861,280478973.0299475,4045136.525488184
2021-08-01,187.84862688633763,281828823.30222774,4282856.065454758
2021-08-02,186.8544404243812,280830394.11257666,4158945.533850752
2021-08-03,195.83809253202705,294954826.8454072,3882255.6230964223
2021-08-04,191.21998680190592,287744681.1345234,2962693.676516363
2021-08-05,205.5290712959068,309676093.9808832,3222250.7968384456
2021-08-06,208.69396434532996,314327619.2063254,3876884.257286573
2021-08-07,213.4850351630213,321086542.3265763,3808901.566982709
2021-08-08,234.2228894801042,352080142.4384921,4327196.245513648
2021-08-09,223.47793120970783,336380786.4547248,3571977.626446415
2021-08-10,230.5112496923472,346157780.02480656,4038611.205091623
2021-08-11,232.5902685186247,349952294.6335553,3735336.798185068
2021-08-12,236.78967195073056,356232962.73654366,3753829.352404173
2021-08-13,229.7554519800837,345399166.7688664,3535848.7150956783
2021-08-14,226.81821850243392,340624238.94821346,6132347.781867855
2021-08-15,225.74261944361052,340024711.7741882,5026180.24213944
2021-08-16,227.0734551118042,340388262.4478632,4321013.860567301
2021-08-17,220.211846685656,336004299.76160675,4722539.164163957
2021-08-18,211.28715727646812,319803048.3322503,4904011.903656378
2021-08-19,213.8446837930628,322457290.51371896,4083742.341209698
2021-08-20,217.9873155569852,323607657.67203104,3538450.3582727658
2021-08-21,234.29413306203307,351906186.00577974,4237688.856142707
2021-08-22,232.4394703671488,349064085.99032986,3391902.645063375
2021-08-23,235.2009505230513,354273296.7060637,3562831.654030469
2021-08-24,254.26970980666923,383096746.9340912,5179200.358307072
2021-08-25,281.79946995305187,424107859.8595298,9159790.843621032
2021-08-26,339.6992772713182,511162544.7704541,10634542.523056917
2021-08-27,312.4791703598439,470198093.0897389,5077694.832357761
2021-08-28,297.3616716147424,445154875.5553926,5934780.232377199
2021-08-29,290.5821570375289,437593022.12044674,4562755.491362958
2021-08-30,295.67254958055,443453238.0333268,5108516.093752598
2021-08-31,310.3742178456724,462528306.1857319,84869100.88407077
2021-09-01,287.4903022940337,432367230.1949176,23034826.333442397
2021-09-02,297.0120885505447,446684001.959504,16955023.872491326
2021-09-03,310.4531356849908,466509428.4643831,13635817.733483309
2021-09-04,311.88107492209707,468885859.9460085,15116125.699295616
2021-09-05,303.5390739584273,456595086.9670955,4023287.515285051
2021-09-06,308.20755921663186,463764731.3610264,2553153.017473705
2021-09-07,313.22394668064965,470283769.262431,3330639.0696846037
2021-09-08,263.5972511163009,398604039.7578171,5438979.7671440905
2021-09-09,268.4935000617241,404768976.5640445,2595296.8339327117
2021-09-10,294.76055973342045,443984011.6833494,3820595.9449394974
2021-09-11,275.44775562078075,414257358.4828277,2681201.9640394603
2021-09-12,283.05040753396304,425977812.84786886,1132983.5254783842
2021-09-13,285.0458006673639,429890462.0644904,1360742.0971111008
2021-09-14,274.7521108925661,413398348.0724836,1124836.698002268
2021-09-15,287.0232482874067,431905959.3059121,4935672.488794954
2021-09-16,294.72563583102044,443510182.21580887,3230471.53257147
2021-09-17,287.54683177277207,432712669.0615687,1461757.9528987657
2021-09-18,278.0940479862806,418261400.0607536,1833425.4629804257
2021-09-19,277.95467418166686,418155969.43101805,2411178.550843796
2021-09-20,266.8561571496626,401508305.2545644,1538955.0361812802
2021-09-21,243.8724458082467,365458833.4968534,4421520.8670095615
2021-09-22,234.2612858402605,351638076.97067845,9003067.369980663
2021-09-23,257.5747735711201,387426095.0899862,4649673.78897837
2021-09-24,270.00615062856764,405299958.1863985,2190225.693314051
2021-09-25,247.6562019006833,375068636.5032026,1643573.991823875
2021-09-26,245.86863321306475,370338640.8650159,2033764.626630567
2021-09-27,248.9150837655864,378288345.2946818,1627398.9718961443
2021-09-28,244.31251057450368,367416050.168856,2742696.4324378907
2021-09-29,233.94710272860385,352732460.11877614,5707268.866167356
2021-09-30,237.5291613456201,357341322.28366405,6866174.565037823
2021-10-01,249.78469784788595,376281704.461571,3038138.987569408
2021-10-02,267.5128520123946,402584512.4691869,2931277.9731239253
2021-10-03,273.5789385406139,411669613.70060205,2700941.654978666
2021-10-04,279.9820846604514,421459188.1267605,1771734.9538540768
2021-10-05,275.93605405981907,416878873.3543671,1473908.665245197
2021-10-06,289.683956622239,435793781.70330507,4043503.636889408
2021-10-07,298.26057141187886,447145935.7833123,7563130.885420901
2021-10-08,298.0460371724581,448226806.71561295,3997035.067633082
2021-10-09,300.6257763929525,451682296.68226737,8179490.743401057
2021-10-10,304.2216508056851,458403922.4259575,7367188.736994707
2021-10-11,297.53454393584,447756777.0929133,5755236.039198915
2021-10-12,302.4778574313327,456134852.77636206,4292394.93940152
2021-10-13,302.4454405543887,458330415.7598432,8214274.313378868
2021-10-14,309.90025391985506,465987443.603787,2910269.3975868565
2021-10-15,325.43203417338856,490128316.96671206,5980446.274944044
2021-10-16,332.8202572731884,500653843.6119414,6849811.162721063
2021-10-17,328.6506672477392,495114479.7826021,3198247.117452567
2021-10-18,336.5941518388662,506435185.5581368,3981593.6020835047
2021-10-19,327.28941583928565,494336428.6333743,2920530.907376311
2021-10-20,338.6634339683588,508015788.2381664,10649167.877010126
2021-10-21,365.24874592338114,549667517.0576582,8548244.200811354
2021-10-22,369.81979014819376,555795376.4434427,4975894.471606656
2021-10-23,358.0520250549624,539101619.508283,878893.4079237692
2021-10-24,370.5000478262659,557518750.673009,1093161.453517267
2021-10-25,379.1997202223086,569828292.8263663,1454034.632644718
2021-10-26,398.1402628961412,598740950.5090497,3424868.6735985824
2021-10-27,411.7764855138751,621619753.7096491,5764435.608976502
2021-10-28,396.7349266209182,596907344.470465,3549463.391119857
2021-10-29,420.3180397969385,630137069.390456,10008793.285285143
2021-10-30,463.2974285127849,695064801.305931,3358052.428099044
2021-10-31,450.80693926509696,677373177.5730625,2364452.141149339
2021-11-01,448.3872796861588,676224818.465785,2343461.706017149
2021-11-02,464.0853242825557,695208333.5720574,1862279.4032323156
2021-11-03,484.9449839118756,723489091.4023477,1713308.5354852956
2021-11-04,490.9404814925765,737779051.1073346,3454060.908740513
2021-11-05,489.19154443645147,729109103.4117672,1012629.4287814936
2021-11-06,490.4105558619995,738082416.4022014,2377576.556345828
2021-11-07,493.2589686788154,739408404.4814626,1459040.246537567
2021-11-08,541.3919035961748,813520867.8294071,6837887.514881749
2021-11-09,584.4105851763924,882457961.6353159,35822128.31502671
2021-11-10,512.8622222102479,771670913.4011139,17841076.714677405
2021-11-11,482.250979150743,718233004.9770039,8160860.338749473
2021-11-12,481.7148896326268,725544045.3932078,1831113.8459504745
2021-11-13,474.8507494252361,713157958.5482169,2497290.4061183734
2021-11-14,468.8662073875019,704745368.9905088,1718882.807880821
2021-11-15,465.12471132401,695823981.6731534,1232538.9840305264
2021-11-16,456.20507443317234,687073029.7330129,2652071.292049066
2021-11-17,412.2186817405265,620287799.4241114,5047035.963385115
2021-11-18,411.1970408156964,618209791.7524858,1343103.9687728093
2021-11-19,381.2713497695816,572910129.8512895,911648.0109598164
2021-11-20,415.26110547192286,620816708.0092106,823974.205610086
2021-11-21,417.362963290537,627927336.5942289,1035354.3008870942
2021-11-22,411.1534952810441,619284379.6139736,836547.3258382126
2021-11-23,397.61348263997735,598736205.9674647,2902263.8968984787
2021-11-24,425.8145518287339,641349540.7815084,1310127.296504273
2021-11-25,408.53811411610906,615000746.5129077,1137196.8470237446
2021-11-26,440.7427779530808,663743476.1047502,2086102.6293112088
2021-11-27,400.56408940805534,599792185.9034121,2188924.590108673
2021-11-28,395.74782810402553,597862322.7026012,2967594.05611274
2021-11-29,408.8996731789626,615456650.146437,1177901.9727307467
2021-11-30,421.8796883498426,636489923.3567445,8725705.191713005
2021-12-01,472.4578223096976,711512908.125554,9262302.535006508
2021-12-02,444.600055336889,668958137.2233272,4846837.177807551
2021-12-03,462.2812061334093,698829143.1986841,2771068.930141092
2021-12-04,427.1238013693345,642584351.8958538,3315823.0306369653
2021-12-05,411.1287756420308,617678491.4720213,3507572.2134832325
2021-12-06,422.63387919227495,635907191.5492741,1338621.75896239
2021-12-07,431.487951323725,648980936.6128075,3188632.905769317
2021-12-08,431.99436616373424,646686180.3147267,1135082.760937585
2021-12-09,443.485108021618,667292274.4689262,2055195.288786379
2021-12-10,452.6141819236892,684435271.2965747,3774281.096648391
2021-12-11,417.0454364351804,632475296.0974926,1646388.135460625
2021-12-12,455.7612122801505,815824876.1101445,4897058.081828805
2021-12-13,441.62059631879646,795140247.3239832,6414070.476916245
2021-12-14,364.2773590534499,654357508.9260297,6745601.753211715
2021-12-15,401.2928467113994,745849750.3922088,10306226.45422732
2021-12-16,456.8138885200695,851261229.7735498,18218683.18648994
2021-12-17,450.44184178859246,841617707.941905,3708502.1444243584
2021-12-18,445.7788734254928,830301574.058183,7255081.203104865
2021-12-19,452.2870837109141,843563725.6482614,6138215.916797709
2021-12-20,448.966846464349,839159169.6352473,1459289.1292760049
2021-12-21,460.8226337157579,861034599.3131713,10630483.143906835
2021-12-22,456.905956724879,852903264.2545979,2124365.9356664666
2021-12-23,446.8689664059208,836082599.7317846,1064719.822537784
2021-12-24,454.4099925079076,844827619.7612891,1738642.9868370108
2021-12-25,448.00590155744254,836042162.2050997,2458829.778011705
2021-12-26,456.2905855999353,852571333.5506904,2440793.246892026
2021-12-27,475.408872778009,886650384.371324,2150793.721000999
2021-12-28,461.9174378083938,861488493.8671983,2484219.5641750027
2021-12-29,426.98398579478896,798318572.1018211,2811626.29709456
2021-12-30,485.0481645549339,901267680.8608296,18964813.54935346
2021-12-31,558.7484166250504,1042080883.919056,31094710.937194828
2022-01-01,532.3537593769586,995703339.9909632,11462743.874032324
2022-01-02,531.6984017085285,991631875.7151568,4444834.6712717
2022-01-03,518.420722139963,967344198.644046,3894614.292062187
2022-01-04,505.9878996117439,943947003.1970062,2148343.702526957
2022-01-05,529.1237521603803,989611136.9610816,2809274.65382461
2022-01-06,486.2767038799362,908849988.1447916,4215817.8789778445
2022-01-07,480.3163422825402,896778658.3321471,5516323.339861145
2022-01-08,447.6299711066616,835844011.7494687,5796075.953382742
2022-01-09,464.957977693958,868284811.1718305,15255476.294431826
2022-01-10,476.0320045361578,884256186.9543724,5227631.323136221
2022-01-11,402.2950304550729,751319887.0507735,10423118.45875828
2022-01-12,402.0643875173738,751186559.4791296,1814455.8941956572
2022-01-13,408.7399158139407,761892884.7681769,2407516.317416123
2022-01-14,402.55889489486543,751887876.2329144,2901152.6964196675
2022-01-15,399.0230716536133,742944866.3094089,889777.2483663012
2022-01-16,398.1061263964741,744903582.7436808,961570.89431215
2022-01-17,391.2871758619784,730436319.7552361,1355469.5781181562
2022-01-18,364.0084700277895,679068081.9437478,1442434.0834148298
2022-01-19,338.6132932159839,632273789.124178,3699829.077135529
2022-01-20,329.19279335097406,614825956.9976721,4246593.464121697
2022-01-21,335.6469727952078,629179671.2966107,4340431.589228697
2022-01-22,279.8979220541904,524873030.8267854,2427928.94296689
2022-01-23,241.5031254186906,450193429.1930108,3753141.605064725
2022-01-24,271.07371821459475,505472571.3525038,3507056.548226625
2022-01-25,265.3256957615168,494604421.987396,3184055.24765461
2022-01-26,264.6100070028524,495336287.7141712,1012363.3763057096
2022-01-27,270.9691949633314,506392234.7454769,1369283.918202383
2022-01-28,258.61549030889574,482375055.39981925,1845252.2238083773
2022-01-29,270.1676609401605,503295793.129541,1238858.1970145411
2022-01-30,278.46375207932994,519000369.9579292,804348.2971280515
2022-01-31,277.9693728785326,518285734.88771147,633581.9847328876
2022-02-01,284.82964077902085,529927432.7151457,781051.2806654798
2022-02-02,295.6667892848072,551426545.393109,1211119.679764754
2022-02-03,286.3259996245681,534012292.38218576,655200.1531328317
2022-02-04,284.93981248364946,530959444.3233,784122.279400236
2022-02-05,323.1254684811193,598782724.5381556,1859806.6385802515
2022-02-06,326.1355965307316,609382169.1120908,1707607.2098422174
2022-02-07,329.659563266878,614968125.5501375,1382802.2159282034
2022-02-08,340.1350021183884,634286765.6793131,1837134.698019212
2022-02-09,340.21214809564344,634474365.7629356,1746896.3246106876
2022-02-10,357.88476075567144,667456365.015149,1854936.414924546
2022-02-11,348.75090929994417,650004538.2643577,4948348.65037569
2022-02-12,336.0009049629692,626186471.1362189,3436853.613324642
2022-02-13,332.0583827822934,618872205.5175711,1442490.989983915
2022-02-14,339.1412019531173,633328610.4726768,10851410.418050082
2022-02-15,351.2700297165864,655063963.6783185,6022486.312883792
2022-02-16,386.8865429950154,722603690.9870659,5412306.858965242
2022-02-17,379.7179639727537,708727971.3273205,1676041.192720089
2022-02-18,364.98588065174494,681778002.8940872,3265314.714415635
2022-02-19,344.39140784611726,642299274.6362265,1737677.7032004783
2022-02-20,340.72817091027053,634981295.1749407,902335.0843090208
2022-02-21,323.6831755459005,604792428.5186095,1567562.6815977118
2022-02-22,319.9144052527248,597365857.8493828,1737334.328197352
2022-02-23,322.803630891756,602557365.4363537,1149990.7696507182
2022-02-24,319.953995761761,597442200.1178162,1186299.0778344371
2022-02-25,318.8140655219259,595370669.8675692,3205844.1712481272
2022-02-26,340.8071783045407,634482190.9830269,2015889.3189216915
2022-02-27,340.7409390590354,635403353.3335984,1073930.242472893
2022-02-28,320.7653704575728,598844583.0758219,1685514.7159679218
2022-03-01,349.9861031493806,650690189.44908,3720086.052991573
2022-03-02,354.6119186158666,662870342.5356526,1875527.1598611248
2022-03-03,354.69316342695714,661512326.9549118,1996299.5194773767
2022-03-04,337.46829936496385,629713856.8725547,3789723.027424093
2022-03-05,310.9754527098466,579911414.2298535,2953521.3201989345
2022-03-06,313.7788255258824,584755713.8748685,1695036.461174972
2022-03-07,305.4775655426589,569925151.5062511,1460184.7699870858
2022-03-08,291.21584652487854,545425342.7137079,2106699.261827569
2022-03-09,299.63125284783257,558614705.5132226,1893086.6051308184
2022-03-10,313.9140968875721,585363717.4448049,2426127.9599448303
2022-03-11,299.8763531052223,559626555.3922426,2688342.949721616
2022-03-12,293.71047312824686,549180187.1343815,1035060.1650520668
2022-03-13,294.2925263177125,548618950.0037924,775760.5262657356
2022-03-14,286.95976430395217,535187708.7031369,1128478.7933690755
2022-03-15,295.4502097780936,550415565.374347,1640497.269028384
2022-03-16,287.6377556027868,536243462.1697288,4898443.855585718
2022-03-17,301.49233944963004,562952415.5087833,3061216.989518911
2022-03-18,305.4155408959875,569588872.6346068,971638.2012472936
2022-03-19,321.2749940427835,598793125.7856681,1642611.4785471947
2022-03-20,321.70770024825003,600646610.9918052,824925.1824089242
2022-03-21,311.7241145089924,581483171.9582616,2344885.925506255
2022-03-22,317.6937467993775,592244072.5646358,2125728.496308182
2022-03-23,327.85682015393303,611709272.7129728,1584656.0475949747
2022-03-24,326.8940558988611,609242779.9576625,1408008.9776166028
2022-03-25,338.22424703796634,630372360.1060753,1874811.0773472704
2022-03-26,337.73925944639046,630420921.2424555,1525695.2694340986
2022-03-27,339.68024430392427,633567023.9818554,1453577.951863992
2022-03-28,403.6610472030413,752184886.1919825,23465836.510530017
2022-03-29,456.8787737969117,852091249.4354886,121819106.45700967
2022-03-30,477.1236539569757,889182902.2649273,74059671.37212028
2022-03-31,465.6238001873581,869221723.3279495,19128685.63064004
2022-04-01,422.35733691389066,787707837.526234,16793739.703159537
2022-04-02,435.4800650160416,811816073.2713875,10655057.677351246
2022-04-03,424.0827074000539,791896115.68992,6405344.603245495
2022-04-04,433.9550517276693,808914361.1920115,4639498.39661257
2022-04-05,427.5337540130329,795900172.4353459,3309403.247967738
2022-04-06,419.485491320258,785837286.4055271,2923680.92229076
2022-04-07,390.95970893336215,729269631.2686385,5483895.583147056
2022-04-08,393.2725708987248,733463963.582513,2257011.551939587
2022-04-09,391.7621575833964,731206307.9222785,6437040.357742347
2022-04-10,396.960493423533,739077414.880518,2863082.783107212
2022-04-11,396.9294616670956,740718025.2379208,3601313.659580328
2022-04-12,335.3900956759168,626116291.1242785,14834901.889863426
2022-04-13,346.57558654440726,646385632.9437295,5588799.593414779
2022-04-14,357.0169409694577,665487175.275412,2797381.031141863
2022-04-15,344.3295922817495,642025448.0115236,2898740.886758119
2022-04-16,348.78776552812,650211210.1258806,2955679.83223855
2022-04-17,347.9549816057227,649251646.246568,1720801.6892668265
2022-04-18,346.81399974641784,646817473.9433297,3504209.40689153
2022-04-19,349.7787224145407,657840386.3848803,4430132.885022007
2022-04-20,352.38233668682824,662861444.5547663,3801690.628675944
2022-04-21,346.1862883723006,651083977.1267762,4059307.056480985
2022-04-22,337.23297286292143,634245181.1775607,3948529.099615079
2022-04-23,333.35968338005944,626737581.0309592,1995363.1701854751
2022-04-24,329.82067072916794,620343167.3621721,1032333.1464909448
2022-04-25,326.9985568344187,616095148.7655607,838945.8544754661
2022-04-26,335.0182429145982,628765492.9737296,2296268.0050847577
2022-04-27,315.39855525031555,608950399.1726754,2434118.1486222483
2022-04-28,319.2378006459519,616290549.7454718,823862.8994832769
2022-04-29,330.6372986411457,638097095.8716846,3923881.701736536
2022-04-30,316.30556688808593,610563474.5667127,1677252.8108511865
2022-05-01,310.0964762215328,596953638.815882,1204457.468973605
2022-05-02,314.8078969572288,607596228.0168672,1718247.004566679
2022-05-03,317.8691450081355,612956150.5282046,1763317.646354528
2022-05-04,305.60977387321884,590198402.2818623,3200926.8397073457
2022-05-05,320.03445902608235,618168438.1248713,1683752.2018949655
2022-05-06,301.69609405182433,582165226.9337113,1557824.685995617
2022-05-07,296.2972019611243,571993711.0953989,2202942.874839133
2022-05-08,290.1611908238931,561269458.9556451,1302349.3046950633
2022-05-09,277.2099485960198,534774701.660165,1391333.6638180704
2022-05-10,244.34487409699227,474897764.2445134,2897034.9611705584
2022-05-11,254.5924970229006,656886852.7379795,1828272.221741001
2022-05-12,233.34748609227475,590979906.3793759,7252877.716365601
2022-05-13,219.54107140220145,566439849.3379052,2661322.1939911693
2022-05-14,224.7284423899552,579277352.8081868,1633012.6693396508
2022-05-15,229.17755074189884,589794305.6703286,938682.8487615054
2022-05-16,239.50607786013816,617393266.5765952,1212692.581800972
2022-05-17,224.81405882034795,579927873.1783227,573158.3030749329
2022-05-18,231.2943044186528,596558744.1479219,842132.9256943995
2022-05-19,206.3241573119827,533160234.90173626,2387605.6761157336
2022-05-20,216.10648138485925,557795957.1606984,1103319.623197345
2022-05-21,209.85646952039528,541302592.6291454,776310.3180811324
2022-05-22,210.95626053064012,544148064.6466902,516825.1444928674
2022-05-23,216.2312452927048,557787741.8133631,723798.4892352537
2022-05-24,211.0843609714212,544781400.9017752,909619.024051893
2022-05-25,211.3881502945697,545574157.9518934,710532.2133797838
2022-05-26,205.80594356045808,531615653.5936698,725700.9831072773
2022-05-27,193.39690249828396,499953948.490166,1624810.7546725294
2022-05-28,183.853123198891,475838911.1803878,1055643.630989701
2022-05-29,189.76343062407653,489511658.2401309,597561.6133392631
2022-05-30,192.86427781456047,497198591.6363994,402300.7401498319
2022-05-31,209.0242948271043,539147967.7724377,1042195.1738727338
2022-06-01,205.34694482602035,529673795.4728578,939105.761683175
2022-06-02,193.7489119634528,499654893.070245,1143525.218028712
2022-06-03,193.68822827934733,500416202.1474637,694116.9474151226
2022-06-04,187.5822262357164,483670147.6299026,722330.8076070352
2022-06-05,189.1470679362044,487606489.037087,587523.7558633039
2022-06-06,191.29263987341037,493456389.5984106,748401.621081058
2022-06-07,196.91819434809844,507968008.0402168,1839198.1007034665
2022-06-08,190.87909736145576,492389619.8835404,2805744.717961632
2022-06-09,188.59782477387807,486504874.2106234,2204290.135129111
2022-06-10,189.1710290355696,487653290.3745262,2303624.0202864744
2022-06-11,176.89319801687972,456372905.2123194,2605372.790959976
2022-06-12,162.24818973453063,418506467.1673048,3311020.321646847
2022-06-13,153.15800987585723,397308007.9038009,3357834.050277382
2022-06-14,127.88716527829494,327735043.1132792,12577559.06062796
2022-06-15,128.05499984014168,330077792.2443978,3955420.513711021
2022-06-16,128.4726462568308,331015142.508795,4345282.2651465
2022-06-17,113.68104030603844,293045709.37762463,2708438.5263794167
2022-06-18,113.88934422143528,293955384.81919336,3758361.4996545976
2022-06-19,104.23559282195949,268736844.5413854,5369339.549655964
2022-06-20,117.83576382243646,303513124.0454986,14548071.463973256
2022-06-21,118.03448578558849,303738441.6700444,6611395.846985806
2022-06-22,116.88578779183628,301436812.9291357,2061609.6833827985
2022-06-23,109.025129518372,282101180.1133654,2521378.592159697
2022-06-24,118.36786641214724,305506896.6023265,13867466.904185005
2022-06-25,127.67960429864924,330177560.4982781,3323999.503324517
2022-06-26,127.56519764912676,328767969.70644337,1728167.9155990873
2022-06-27,122.67739489059824,317343161.31240755,1905722.5198770645
2022-06-28,122.63114903197238,316698618.927503,3205000.375703949
2022-06-29,117.64132995270025,303219380.85563016,2077920.634963188
2022-06-30,114.4298567731249,295410200.2759348,2309614.4045043094
2022-07-01,108.12912415833664,274183918.2695185,2065496.540447484
2022-07-02,110.07526594714705,285304714.9712101,3175150.916973841
2022-07-03,110.10911727361128,283796495.66801006,1379479.9532551037
2022-07-04,111.02547231274072,286623204.07283634,1486167.2654118184
2022-07-05,117.15943053422994,301447221.3829597,1560851.9805011963
2022-07-06,115.991449046388,299559824.0836664,1399380.6939516806
2022-07-07,119.90365209114896,309188281.57118493,1153203.6927512905
2022-07-08,124.45319778338656,320713990.38371307,2122925.334667501
2022-07-09,123.56199097273236,320434146.4572575,1615602.697765284
2022-07-10,122.63434888457938,316517316.0907919,3003172.053572022
2022-07-11,117.6358046703309,303183816.9380266,1502984.0622828656
2022-07-12,110.54576925567756,285222974.4091644,3740780.503199237
2022-07-13,105.23420278927556,271624641.20804334,3147000.8553296826
2022-07-14,111.3621930538847,286952570.26363885,1661875.9252683062
2022-07-15,120.43371016206576,310483177.9463644,1997821.5127063903
2022-07-16,123.86210085923076,319219833.90191925,5777437.490268115
2022-07-17,134.1412731045287,346252786.0299506,3672821.584743395
2022-07-18,133.5356589607456,344811732.2528614,2194513.376408748
2022-07-19,153.8991272784605,396275976.04556346,4896170.844502864
2022-07-20,153.14222656669725,394953729.0580745,12736921.551954577
2022-07-21,149.94957067061503,386808263.0566411,6118144.971297504
2022-07-22,153.2595686936424,396272302.1107194,4087823.3040599423
2022-07-23,148.41912689816942,382958402.232409,2316643.180927488
2022-07-24,149.59215758103056,385223129.5710019,1750916.1763251857
2022-07-25,154.55423713218914,399934927.7055635,1828445.6532441047
2022-07-26,142.05662192650522,370167844.4805164,2042395.1343992876
2022-07-27,138.83422922050943,357561333.36934304,2511534.2922414728
2022-07-28,155.67694438028414,398849161.86596817,4281270.938445131
2022-07-29,164.70059123408012,424924325.0373712,3132743.4063141607
2022-07-30,165.65366555658207,429884486.3124508,1946638.728412577
2022-07-31,162.08268310972707,418032061.7319163,1845952.776572804
2022-08-01,160.9426785909395,415165963.323723,1395784.0498234334
2022-08-02,157.29682403918096,405975948.4399116,2045851.220087102
2022-08-03,158.76324430551537,409176255.92303807,2989104.435795335
2022-08-04,156.9709018189035,405131805.66717696,1601082.9653493287
2022-08-05,154.79595585516591,397846518.1727868,2150343.463242625
2022-08-06,164.3773349170449,423450423.6258186,2686406.9176467885
2022-08-07,163.52151556476798,421636860.1921985,2155671.703470818
2022-08-08,163.07345486107693,420384285.8226428,1731559.594377632
2022-08-09,168.79113825783236,435547206.0778736,2780340.072959921
2022-08-10,163.9632406375025,422162600.3229535,3181637.08250326
2022-08-11,179.34071100285703,462525391.4038988,4809232.730185564
2022-08-12,181.17052541224285,467848538.77353865,3394232.3030246664
2022-08-13,186.52052478639908,481237304.9134178,2199034.3881261344
2022-08-14,190.8082602169853,492390940.8105026,2337956.27439955
2022-08-15,184.74426651419077,476380113.23877615,2443023.972809572
2022-08-16,180.92631886568756,468236115.5578608,4800590.683246995
2022-08-17,178.75936462151122,461592320.5912116,2220222.5533527737
2022-08-18,174.34830486248077,449733572.22708136,2690252.93973718
2022-08-19,198.4023487018931,512535624.2782661,17065026.44958005
2022-08-20,175.93345138639577,454550570.4321123,8603000.94381997
2022-08-21,163.56524455583053,421563144.74749744,12219150.08894363
2022-08-22,167.7170189237462,432598560.6605646,4573220.161823141
2022-08-23,164.81598689954615,422476251.05622745,3484835.5139602595
2022-08-24,165.37365454911114,426527686.5647318,4030707.155476005
2022-08-25,165.94538903543454,428183224.7831088,3295781.008172427
2022-08-26,169.067811103478,436150799.169394,2056083.1076661455
2022-08-27,154.4644743476628,397826280.23532766,3618410.2153007817
2022-08-28,151.54047329745254,391116505.82177,1802521.3722478177
2022-08-29,148.90283912225354,385503716.6153157,1521793.1191775575
2022-08-30,157.87668845301724,406969631.49527967,1780748.0186059552
2022-08-31,152.517339657631,395592117.6459802,2892735.7245774483
2022-09-01,154.60435235482268,399142378.1533384,2219394.015567722
2022-09-02,157.20529028553824,405020111.1358341,2119501.926869852
2022-09-03,155.69519665786137,401868789.5001902,2385085.3706263606
2022-09-04,153.73902562224347,397203568.4339274,1685015.594852659
2022-09-05,156.18896402105264,402612565.3203404,1400718.3135955422
2022-09-06,159.0235296880858,410474979.0581936,1388205.4334936196
2022-09-07,153.46452864082187,395963943.5098174,2877337.9928199323
2022-09-08,157.34743210814688,406068715.8722106,2358277.0932840304
2022-09-09,160.32146922836654,413413710.9901137,1909449.2435609624
2022-09-10,167.24145280264085,430880766.8271835,2930120.97894987
2022-09-11,172.6759829116961,444797006.768164,1389121.5080665285
2022-09-12,171.69665532677064,441621740.3890407,2431979.4792947457
2022-09-13,167.76749855568275,433038933.2892803,1833814.83755901
2022-09-14,150.34558306535996,388037389.0223687,6170452.262181203
2022-09-15,154.54876963451898,398759032.857132,3774924.5059080487
2022-09-16,139.63135350215987,360270212.34053874,3049928.4715291043
2022-09-17,135.71787183955982,350422682.92734903,2521533.888066715
2022-09-18,137.79452563056424,355386382.85749125,2394079.5806111083
2022-09-19,126.70400883386772,327100724.26509506,1586521.002042187
2022-09-20,130.63960575292705,337126387.92974734,2414435.178353512
2022-09-21,124.93493921007564,323050776.01216704,3695742.944078514
2022-09-22,120.0345877767826,309407481.94129205,2914668.687145899
2022-09-23,126.19807211205276,325179516.2374287,1837788.4777772937
2022-09-24,124.54038718950758,320596132.8732448,3263498.42088884
2022-09-25,123.11178549113733,316475152.32444143,1205147.6369355903
2022-09-26,120.15658531937709,309823307.79049045,1181810.9644588954
2022-09-27,123.21339234057022,317874276.531275,1647165.6141130675
2022-09-28,122.97267264106962,316993283.5945591,6269740.171378361
2022-09-29,120.24500088911591,309961411.2883463,3412445.108080364
2022-09-30,119.63411806785776,308189920.54549843,1948126.7948434595
2022-10-01,120.14013124319048,310139615.0659139,1335370.5770952783
2022-10-02,118.1798732093956,304793046.917687,1119084.8086399632
2022-10-03,115.51113556370132,298237716.28329736,1420441.2303799242
2022-10-04,119.04543611621872,306883498.28957605,1146178.6027502967
2022-10-05,121.45086015889244,313429719.9680252,1296179.6296112728
2022-10-06,116.0037256580717,299389857.54478574,3838543.178338797
2022-10-07,115.09027093476352,296714277.33762485,1776514.5670944774
2022-10-08,113.33388703949544,292410935.686502,1417823.5020234892
2022-10-09,112.7688395238888,291017279.7858497,1411178.7140447758
2022-10-10,113.04040384391216,290782173.7494808,1602990.4787045072
2022-10-11,110.27227052067754,284289330.7291182,1965127.8994972764
2022-10-12,108.61343030733195,280017231.9548772,2943786.2867688555
2022-10-13,109.82215055693872,283506796.9960796,1602807.8998893488
2022-10-14,109.08726985419186,281206403.3599564,2504802.868482768
2022-10-15,110.1007370380009,283713137.37580484,1733707.2693113703
2022-10-16,108.36270245158626,279271622.8067115,1273841.1376351404
2022-10-17,110.13599699057896,283861295.67149377,1451228.2208097442
2022-10-18,112.45509237337828,289752132.2183634,1798642.0261521456
2022-10-19,110.36593701919924,284911173.6516718,1345134.706503279
2022-10-20,108.48703141123136,280259277.1812825,1422178.7785636408
2022-10-21,108.10353481823012,278338799.19668853,1286802.025409903
2022-10-22,109.45615495604244,282428466.9480809,1902819.7526327684
2022-10-23,110.06140505975412,283692014.0671341,5982596.530891678
2022-10-24,113.42619891920228,292622922.5459962,2972624.5071211103
2022-10-25,113.13364709750412,291865288.26612663,5688096.209450946
2022-10-26,121.49424786256417,313438615.315538,7534242.639331788
2022-10-27,128.31547007310868,330819977.5039809,9740285.791539932
2022-10-28,125.14248224017004,323111355.78708655,3647943.853644736
2022-10-29,127.5500967768084,328973805.8252566,2977425.8955614697
2022-10-30,130.55387472247455,336695946.16092265,4868716.079251172
2022-10-31,128.6014362446422,331656673.9661503,2662364.0462905453
2022-11-01,126.93349364781496,327351929.589152,3353749.8810229567
2022-11-02,119.42787356789302,307403635.24409586,13300854.748757748
2022-11-03,113.8466025248626,293622998.5289205,9626845.990310766
2022-11-04,115.15419022191004,296759653.70587564,4248964.58225896
2022-11-05,123.56262038882754,318696521.1125808,7084537.952944776
2022-11-06,120.87452977706803,312184235.7823252,9876213.172486369
2022-11-07,117.56092368307912,302437786.14024866,4486710.649862876
2022-11-08,117.3616674582496,302544560.76942897,3734422.2194035137
2022-11-09,100.47781852448531,260410369.72087,9409258.402448466
2022-11-10,82.5422782168204,213324687.2422104,5709284.851056492
2022-11-11,96.5666467069018,249329083.47012672,6456079.418085071
2022-11-12,94.86085968357617,244337393.9650596,5139468.574119333
2022-11-13,91.80908687758736,236774880.2050173,4099074.992594566
2022-11-14,89.22879392775421,229994256.5906076,2176048.308360136
2022-11-15,90.67600686661314,233833415.3985313,3153547.444295445
2022-11-16,91.57887787318732,236308464.0171328,1696297.5331203644
2022-11-17,89.04506434107184,229117849.4503414,4391758.056946471
2022-11-18,88.74969815158285,229582859.7408149,8103941.91931357
2022-11-19,88.4917476258122,228247037.8789068,6698530.3095484255
2022-11-20,89.38522858467434,230700720.38195628,2626076.4214305994
2022-11-21,82.96316334967318,214635203.188938,5827486.505792322
2022-11-22,80.22150337416801,206774276.1529161,6461321.478208118
2022-11-23,79.70896236114316,206067614.9847575,3904794.009191775
2022-11-24,83.42511903665091,214787439.1647942,2541594.383070372
2022-11-25,84.53191012787636,218267268.74197352,1772428.1771587045
2022-11-26,84.30950162216699,217021557.93147215,1668783.1684476808
2022-11-27,84.48813590904442,217909475.6264714,1636595.928122051
2022-11-28,84.36189143576252,217378681.84289488,3374560.138289528
2022-11-29,81.85820847424397,211092317.09586173,2184077.108664814
2022-11-30,85.21165999860504,219729029.2597572,2247581.259884074
2022-12-01,91.74155184555045,236849524.8130852,3326761.98851322
2022-12-02,91.7003332112971,236447600.6296725,2065814.2189641336
2022-12-03,93.8090080714045,241865590.349312,2355084.2768875663
2022-12-04,90.00275471179995,233202314.0453944,1778322.5549569044
2022-12-05,92.10761865477086,237715659.99507657,1340183.9139214049
2022-12-06,90.63145581453604,233814370.905377,1724385.3045892683
2022-12-07,91.04491385484005,236070570.51492208,1400084.195253144
2022-12-08,88.78947926645901,229835138.54314432,1357917.5690727637
2022-12-09,91.68545446061614,237107369.7753041,21211130.049633984
2022-12-10,89.61185923028822,232100811.49566823,3181428.4827963444
2022-12-11,89.66305013023563,231722020.9600025,2084474.6814681664
2022-12-12,89.15743390156427,230786380.8514309,1845180.358999884
2022-12-13,89.55603455513183,231971253.48117808,1638781.518470704
2022-12-14,93.00887713657067,241019978.43010613,2939160.297430166
2022-12-15,92.60938462438696,239719250.6090036,1924881.9053070664
2022-12-16,89.92126205276838,233029890.463906,1317182.4646655472
2022-12-17,82.66823595372279,213646910.31724212,2545452.076897843
2022-12-18,85.69608406160856,221673257.1633868,1858106.876249093
2022-12-19,85.77159652000829,222005067.1713197,1194265.600624149
2022-12-20,84.40388897972316,218499901.8655579,3786707.039302532
2022-12-21,87.3435268698718,226180615.78722203,2519896.063597758
2022-12-22,86.78690950301113,224498443.50430125,1141048.6340601468
2022-12-23,87.82504915005543,227241568.28203192,1472817.3856678596
2022-12-24,86.7505177362002,224536064.0168965,1910111.7475026543
2022-12-25,86.91019541873673,225246282.4556647,2626989.0376540874
2022-12-26,86.54031916001381,224061878.5957658,2648221.39787216
2022-12-27,86.32716606956683,223305863.925134,2301750.0681997915
2022-12-28,85.62394742364,221786621.98970225,1539807.868470362
2022-12-29,83.58176780353816,216415666.89807573,1334868.3657512765
2022-12-30,84.32577827805649,218345954.74344203,1621936.8507547858
2022-12-31,83.98589817221244,217686433.7503636,1334484.350382513
2023-01-01,83.38874091667432,215914337.50656357,1280792.7092172308
2023-01-02,83.93919142959034,217294518.02406228,1432657.5587740184
2023-01-03,83.74989220321079,216457554.0730728,1413952.7867582224
2023-01-04,83.30559416601945,215763452.9191772,1245136.583741591
2023-01-05,86.19485216978204,223112764.34321064,3204250.053056517
2023-01-06,85.7507263717577,222102642.50286955,1324845.8104704488
2023-01-07,87.61009232340218,227034052.95604023,1306657.2246838214
2023-01-08,87.38873935197053,226317875.9536371,1056925.9088131653
2023-01-09,88.21244348974093,228432491.9480102,1393047.3227030905
2023-01-10,91.27037961729712,237609964.0277824,1179411.865277179
2023-01-11,92.29432032126144,238866865.1307908,1560400.9012158343
2023-01-12,94.88076816465548,244943255.6322136,1981875.1992272497
2023-01-13,97.55840642578607,252386291.64185745,2640985.9046639525
2023-01-14,100.10548317447964,259523528.34310687,1586554.9195507376
2023-01-15,105.72297117116852,273779922.238477,5060984.560938115
2023-01-16,106.47734547213796,275722987.6418213,1484346.216102073
2023-01-17,106.75820465606172,276225258.65419096,2798986.9948979574
2023-01-18,104.91266036661294,271820256.6155358,3243768.245910844
2023-01-19,101.41336989660508,263123391.9860637,2368578.0016698497
2023-01-20,102.46917453382466,265399283.23122683,2009544.4748667963
2023-01-21,108.96954900594274,283038283.2526108,2841037.8653108035
2023-01-22,106.92365140027194,276788741.53083533,3873160.596187576
2023-01-23,107.81926491487164,279027039.4436426,2082222.0603866463
2023-01-24,107.12853527583732,277485771.04798955,2532231.575696955
2023-01-25,101.95499057174338,263507736.9446644,2250155.3525279625
2023-01-26,105.61074900131342,272845616.12253803,2726704.8535746587
2023-01-27,105.63487957539677,273208512.29849267,2088069.499930009
2023-01-28,104.9951254179479,271554493.31736815,1845376.76052444
2023-01-29,105.22844468241443,272552117.4189598,5560097.973849732
2023-01-30,113.07316846857766,292339396.1621728,5363338.311794853
2023-01-31,109.56302314020589,283347682.8673394,7079529.271815247
2023-02-01,113.98979293546684,294856238.5214475,3869007.323600688
2023-02-02,118.18377416216408,306091303.950952,1898920.5283390288
2023-02-03,117.38317459158364,304211978.2491689,5755251.630365171
2023-02-04,119.36447995360824,309009456.4122247,2312029.938578513
2023-02-05,119.40610187992276,309352205.4149154,1662185.9029063394
2023-02-06,117.18539747133404,303257381.6862832,2303561.718889001
2023-02-07,116.73648707977117,301449674.2690602,2305486.130601467
2023-02-08,121.12347289070232,313789765.7733199,3085064.210225441
2023-02-09,120.35080871649984,311617246.6686045,2699446.400325356
2023-02-10,110.71675827316317,286254735.06629294,3939737.779792801
2023-02-11,108.9396225531894,282172637.16167897,2244021.167443505
2023-02-12,111.28227442201693,287934885.3472622,1909084.9513519588
2023-02-13,107.74396996337114,279036431.38641185,1433386.6793586523
2023-02-14,106.594053911843,275873282.3051707,4228545.510559971
2023-02-15,109.91853458111358,284896320.168824,1943111.9368320997
2023-02-16,114.3631610403322,295936602.20382166,3816411.832939728
2023-02-17,108.9680912862187,282085883.58481205,3747990.292084974
2023-02-18,110.91155310462918,286648390.5852165,3780853.404064008
2023-02-19,109.69048194986377,283807013.8899373,3941929.023430403
2023-02-20,109.7592749918513,284952681.83369803,5039798.808279852
2023-02-21,111.51037014891943,289042671.6995301,3561977.193214009
2023-02-22,108.39182407845476,280618103.7190503,5267246.169432017
2023-02-23,107.23715651444188,278950127.90532434,3638733.867822501
2023-02-24,107.85483256457614,278999048.28854287,2200415.476570044
2023-02-25,106.1473059346524,274687454.24176776,4047963.72753251
2023-02-26,105.5804740649986,273375932.1421999,4273488.223167883
2023-02-27,108.22454400136166,280310407.5153282,2261381.609262305
2023-02-28,108.11487821484504,280056099.9807809,2906245.98567923
2023-03-01,106.1311493422645,274392834.1098897,2253182.139385761
2023-03-02,108.7387359705308,281736967.51730263,2675814.9264249764
2023-03-03,108.20806096016712,280283737.0209154,2208655.102009635
2023-03-04,102.91591959136542,266473594.9270488,2436422.3880549325
2023-03-05,103.00518970790458,266867348.70939627,2203626.323363452
2023-03-06,102.95851128979436,266597369.2707167,3897406.8954562
2023-03-07,104.63777908089064,271080408.4462054,2198220.115541143
2023-03-08,104.12705062192757,269064515.86564565,3434304.200264289
2023-03-09,102.12212235219503,265101572.08405316,2624763.527901707
2023-03-10,95.75585543212804,247632234.37766644,3399585.433344255
2023-03-11,95.04369337064566,246318075.0630738,2823103.45410174
2023-03-12,97.20653259548858,251179986.1597585,3148293.0885915845
2023-03-13,104.0059888126595,268591158.8178021,4569197.897917096
2023-03-14,107.4080553100462,278453537.61116546,3647522.869020428
2023-03-15,110.12376985468616,285317443.9264431,5122849.579024093
2023-03-16,105.80992643988192,273975476.88222206,5046277.584546908
2023-03-17,108.08573750818734,280134159.8840133,2515437.992340825
2023-03-18,114.770888648183,297901695.29263884,3001042.574285965
2023-03-19,112.59387957572552,292287106.5238883,3698250.395977758
2023-03-20,113.65554626030644,295241227.31606764,2516082.8746267194
2023-03-21,109.692788797303,283785080.3168795,2744993.93059108
2023-03-22,113.53079294719944,293649535.4581199,2002890.6439267676
2023-03-23,108.56915599503256,281112049.8282023,2675232.100250952
2023-03-24,112.75253157714312,291896995.7874435,2465130.2083279626
2023-03-25,107.65710116927552,280124772.1779745,4171014.530857316
2023-03-26,107.39631594420474,277840463.8011485,2228856.921062758
2023-03-27,108.43439655901037,280997717.348972,2597693.0794269657
2023-03-28,105.43318349238304,273110023.310231,4343768.604121516
2023-03-29,110.59644067925817,286291170.85690635,2334370.004813736
2023-03-30,112.29592127375382,291106028.81740546,2621552.086627869
2023-03-31,111.7416204968978,289251573.55339146,1907231.4003918516
2023-04-01,113.89635111390908,295053423.12843794,2175750.740801801
2023-04-02,113.01525270450992,292667063.6329031,2073551.08732188
2023-04-03,111.27689646662256,288029880.8676061,1886530.7210661224
2023-04-04,111.81483371018476,289650334.0262405,1903389.1852409851
2023-04-05,114.7928208096298,296809469.88293684,2068237.0417290044
2023-04-06,115.89971169048488,300152765.49766165,3332427.3043897827
2023-04-07,112.7021540393703,291913519.410958,2751161.837489035
2023-04-08,111.78012985022164,289381855.1046924,2716114.984040178
2023-04-09,111.78531609127708,289599386.66352046,1851693.159126672
2023-04-10,111.91886234064118,290070642.87834394,1914393.936694784
2023-04-11,113.71659537916148,294452864.914062,1872143.570970864
2023-04-12,111.93470600332984,289919924.09548235,2598450.3621248817
2023-04-13,111.56091711467792,289211678.8438217,2169064.9470440163
2023-04-14,116.77849931573655,302901751.6283289,2071527.3852892767
2023-04-15,123.12578113819218,318734281.7787642,4598750.247801544
2023-04-16,120.82988063780938,313140735.2685012,2815957.777444167
2023-04-17,122.91764866345342,318194155.5886696,2369803.904854817
2023-04-18,120.83324664055807,312770925.3261515,2029728.3157343392
2023-04-19,119.5266138306738,309581386.30394083,3104279.005408587
2023-04-20,110.99885210605584,287972007.0565821,3147892.098274517
2023-04-21,110.49924014858668,286196846.9931894,1910196.1915395532
2023-04-22,106.4128625391606,275690125.97864014,2291091.4005062035
2023-04-23,108.5373816532331,281067209.6180143,1465713.2215449768
2023-04-24,106.79850427000284,276269652.77714145,1632587.2747792655
2023-04-25,105.44957785912204,273100392.44600046,1900140.916601009
2023-04-26,106.73257401224068,276519946.9665486,2039877.7976166855
2023-04-27,107.1519174537727,277572743.661332,2038599.5012495308
2023-04-28,109.3345207244078,283332811.34709936,1757075.498768863
2023-04-29,108.5614046209539,282220191.47619355,1483395.205984447
2023-04-30,108.29959368852698,280960991.576611,1508112.457269386
2023-05-01,108.1969710347432,280389225.8530874,1562832.9769162878
2023-05-02,104.8807444020606,271688974.09618497,3083805.5904281703
2023-05-03,107.55065797301134,278681371.11666685,1906989.0174816847
2023-05-04,110.88825510374706,286806364.32892805,2640201.278584415
2023-05-05,111.6201669223542,289176121.7921224,1832359.818751713
2023-05-06,119.59091572829406,309219546.07490224,3208209.1014614142
2023-05-07,115.29541490162708,298427240.26694244,1980082.5562405523
2023-05-08,118.0353988767223,304557085.2560683,2378315.428609384
2023-05-09,113.30245272584148,293227198.58990747,1758859.5093566566
2023-05-10,113.7697207717273,294137151.47147346,1356211.7489405903
2023-05-11,113.94921255022436,295693719.33885694,1615874.7137409896
2023-05-12,109.86608370732657,284097204.40969366,1534420.3374054418
2023-05-13,111.8552899143492,289289968.4439705,1548290.0762136818
2023-05-14,112.1270766633776,291353040.1525793,1133962.5735116429
2023-05-15,112.3408777392223,291117848.88165903,929987.4119613336
2023-05-16,114.4662035730293,297585151.2489019,1772064.4371047888
2023-05-17,115.83920591504106,299949672.3091084,1846919.8420382803
2023-05-18,115.47710901957508,299329256.95233494,1216494.2263223135
2023-05-19,113.89877678198222,296152624.712764,1039994.1891577494
2023-05-20,114.926622276957,297532021.96927947,913484.980148321
2023-05-21,115.18571699364423,298340631.6008952,862994.6381503667
2023-05-22,114.38001125852614,296286086.5753744,776726.9036549093
2023-05-23,114.4879100838516,295488800.99814063,1031524.194889763
2023-05-24,117.43594524911651,303924397.62849456,1370963.3173237578
2023-05-25,112.13527775489383,290163675.75242275,1549131.3346883173
2023-05-26,111.97540891024434,290033026.0435565,1291214.4688234776
2023-05-27,113.4473173607484,294099418.6595895,1057163.233856188
2023-05-28,114.25799721893785,295161211.6717007,994374.128783794
2023-05-29,118.38659780562588,306615902.17928416,1272666.9042696438
2023-05-30,116.935455724523,302868186.5408525,1071975.8044743072
2023-05-31,116.95849077036644,303151842.6182121,1381301.138394959
2023-06-01,115.15994895118403,298208302.62756974,875251.7358210533
2023-06-02,115.341085812113,298582815.0204518,889869.7911524883
2023-06-03,116.9741460915041,303730584.4401222,1090201.2740422608
2023-06-04,116.3572444021802,301595322.9570653,866841.9468561664
2023-06-05,117.3400001230917,304208996.17863894,807560.738591877
2023-06-06,110.72318265084655,286784022.9043838,1452551.864258309
2023-06-07,114.85578563248964,297434205.7347989,1317162.233333173
2023-06-08,113.31257942701303,293905386.803432,1305369.2772453032
2023-06-09,117.21685537988108,304369505.4647939,3702456.7466334407
2023-06-10,116.30827301195562,301287381.6435481,1905839.912686916
2023-06-11,109.57689382078064,283624125.9802212,3218835.2508410844
2023-06-12,110.3091409503908,285384193.0988817,1267077.529798559
2023-06-13,109.55816866928268,283932169.89379835,1377321.3231051185
2023-06-14,108.8671004706136,282268243.7620665,1457118.4033812014
2023-06-15,104.95148424084029,271700979.72335947,1466876.430103746
2023-06-16,104.02951087151092,269289965.64923924,1267164.650787175
2023-06-17,105.87180068552142,274563057.18376285,1127479.2823468328
2023-06-18,107.553420380578,278151361.88060224,874859.2220979359
2023-06-19,106.9234889633878,276536822.28240234,755918.1960664527
2023-06-20,107.13820109741326,277376938.9917026,852797.4533537606
2023-06-21,109.84873487514416,283508982.19712144,1094727.8551915255
2023-06-22,114.6456980150101,296859263.6188974,1306779.0435447416
2023-06-23,115.18103676832962,298337706.9214379,1084378.853914659
2023-06-24,116.47424490340002,302371124.97085124,1302163.426093547
2023-06-25,114.8159806649191,297475207.21025896,1160951.8709585497
2023-06-26,116.63253584849096,302222444.0850049,1436498.5267657973
2023-06-27,114.47502497593928,295624148.63193715,1329995.43520873
2023-06-28,116.2692273231302,301883567.9240663,1191129.0966445855
2023-06-29,113.20822003801612,293534238.8437121,1008756.9666436854
2023-06-30,113.43625293749754,293016567.52853703,982669.190025346
2023-07-01,118.03729800620788,305623691.7093651,1441324.6168511563
2023-07-02,118.36421885807636,307003307.5796009,987690.1659447788
2023-07-03,117.16979811239368,303345772.3774013,1877389.054433109
2023-07-04,118.54171818263634,307123475.4624217,876632.732003332
2023-07-05,117.6130322235188,304972863.39211595,925347.226349922
2023-07-06,115.05979953150415,297947695.38642603,796020.8731887711
2023-07-07,113.61031021949262,295223780.05522066,808924.3619412658
2023-07-08,113.14763550441546,292512917.8660301,823730.4886711533
2023-07-09,113.29613825183088,293893308.0677375,766753.4083241354
2023-07-10,113.7066320427393,294418997.1884294,747019.1855118742
2023-07-11,114.78964632783372,297120215.2490645,805725.1906560423
2023-07-12,114.2072078112467,295764407.4480925,998612.233435286
2023-07-13,115.17610177443386,297466240.22901946,918274.5742112126
2023-07-14,122.16987409378058,316238723.42228097,2043369.989069159
2023-07-15,118.99159467867352,307695612.00040936,3202130.4800192327
2023-07-16,118.09971557680772,305592360.4502608,2195263.703449224
2023-07-17,115.72290377735284,299452300.5962728,4608678.017498111
2023-07-18,119.13845476363043,308191901.7987049,6020689.519523085
2023-07-19,117.13683940072208,303776570.8265685,3314233.81131538
2023-07-20,117.81798554582556,305043895.9105419,1751454.917845491
2023-07-21,118.42715061651272,306975051.77161074,2021793.221481993
2023-07-22,118.91438104427569,307917211.72180694,2351080.4041408086
2023-07-23,116.02362363020016,300713588.7326601,3188777.923414281
2023-07-24,116.34027278270152,301331332.1095608,3019858.765654722
2023-07-25,113.36664768631512,293497365.59523165,2219502.1003703275
2023-07-26,115.94228148215026,300267245.91628355,2168711.6279501743
2023-07-27,115.84709961619248,300043987.47874427,1296856.0450097343
2023-07-28,115.47631292787509,298444921.1947084,1302417.6122575917
2023-07-29,116.90388108869918,302222008.35368013,1606863.6245646342
2023-07-30,117.46508353944418,303876533.71778154,1643211.2146237472
2023-07-31,115.14936705082546,297968646.6851256,1878167.8948823607
2023-08-01,114.56951807661086,297180840.02317095,1447072.773269209
2023-08-02,114.06881643880229,295302086.3603298,1438147.4429638663
2023-08-03,111.73277853631544,289909981.4845584,1549717.945070022
2023-08-04,111.64587932206724,289082398.2433647,1467702.1316590377
2023-08-05,111.31068578269718,287965320.9370362,1477623.903590028
2023-08-06,111.23596160268151,286823196.45074964,1419632.6068822262
2023-08-07,110.10419601117565,285481548.52222013,1288195.5822307596
2023-08-08,109.7801128616684,284019874.9761905,1674367.7542454782
2023-08-09,112.15038333130656,290262773.9372174,2130591.3585776705
2023-08-10,111.45624918362232,289143466.4380892,1436713.4547009957
2023-08-11,111.12466215850606,288264540.07141584,1630505.3244062138
2023-08-12,110.5879071965617,286623153.56265527,1528789.9003933915
2023-08-13,110.34481100062251,285623661.1363302,1535379.9946158277
2023-08-14,110.09860420952108,284549725.47527254,1573895.2133542716
2023-08-15,109.49560191355424,283935882.14317393,1938742.9049179335
2023-08-16,108.67475014892364,281464839.22143054,1991126.0919845435
2023-08-17,107.01834897629632,277757001.7405696,1479824.5028783658
2023-08-18,101.35216996341909,261387594.53965464,1732569.6877985762
2023-08-19,99.9661844384024,258597017.7136323,1215926.0528376417
2023-08-20,100.29724782595892,259357330.31042528,1240244.330408464
2023-08-21,101.30303181480411,262003836.80411184,2090756.9882639728
2023-08-22,101.51699913220725,262775040.871058,1767981.5522466183
2023-08-23,99.52161611670115,257702833.98907948,1289034.2147833833
2023-08-24,101.02077830150158,261605870.2358174,1360675.7098444223
2023-08-25,100.5453766059686,260125140.1725138,1091511.553632622
2023-08-26,100.12829747870558,259370970.3340571,1082929.5008448877
2023-08-27,101.18518237310282,262008920.44545105,824926.7938137086
2023-08-28,101.78820845615756,263185933.27602276,1104327.219803698
2023-08-29,100.4962190897162,260503389.1289345,970169.2841150288
2023-08-30,105.19662874253808,272351914.86833453,1073210.301417987
2023-08-31,105.06166277830168,271992739.50486904,1361431.5422846426
2023-09-01,101.15078132511536,262206116.0148821,983878.3401935896
2023-09-02,100.17737599846214,259894779.190638,683028.8975990148
2023-09-03,100.73482243323608,260732689.5628006,1027410.431667106
2023-09-04,101.09667728648088,261761801.9569856,952221.6865835104
2023-09-05,101.12155038863892,261142575.2599846,1549707.235421304
2023-09-06,101.61455362198954,262886413.9685048,864353.4250270069
2023-09-07,100.70896456413398,261010304.5866624,823413.3410146557
2023-09-08,102.50960590925853,265730801.38910672,1064215.6321222417
2023-09-09,101.05661761464836,261727772.48225543,889263.924606644
2023-09-10,101.2348758753284,262123390.983493,687909.2945841687
2023-09-11,100.40677649020338,260147270.72768712,1237149.571367736
2023-09-12,95.81492295007108,248182177.7819402,1143587.8044086143
2023-09-13,98.10291878855,254092257.38855723,1069741.864235344
2023-09-14,99.35153644042944,256935911.8753833,907904.4264646552
2023-09-15,99.88739848380756,258866323.46529937,948667.985570148
2023-09-16,101.0531308347546,261675589.88663948,882009.8147345268
2023-09-17,101.943830442919,263831266.871387,1093006.394254618
2023-09-18,99.8450053865558,258700319.78570795,764244.4056784766
2023-09-19,101.7779317917008,264091408.86822876,1151037.0525102683
2023-09-20,102.51689619710154,265531045.63167745,1639106.3284340668
2023-09-21,101.13410593592964,262104639.83673868,1275743.940950029
2023-09-22,98.35931512113407,254461939.13600695,648070.211990092
2023-09-23,99.85155385082992,258579086.9631716,684886.5341852565
2023-09-24,98.94345105830266,256119195.77881905,522672.7773546338
2023-09-25,97.92297087703707,253887948.1311032,549808.2157150998
2023-09-26,98.11205290730298,253993051.7098775,997305.122075034
2023-09-27,97.84115506475526,253461892.6574156,1150732.6405998045
2023-09-28,97.63861722825403,252802336.2190593,1392226.8632346173
2023-09-29,100.98472242907884,261621771.7916596,1398110.231357156
2023-09-30,101.7517797040121,263567218.2256073,1470595.8153506631
2023-10-01,102.03799740539672,264009805.164751,1195478.6940401671
2023-10-02,104.91676048722398,271193477.493874,1459057.126907598
2023-10-03,100.538983885338,260320608.923082,2135696.61475153
2023-10-04,99.06607144971814,256408597.85665315,1535957.5327212303
2023-10-05,97.7750986174866,253136992.992362,1475997.492129634
2023-10-06,96.0965190983132,249031108.79358816,1338562.1249535002
2023-10-07,97.3285002619466,251866980.4076333,1415991.8508873277
2023-10-08,96.59671992267792,250062982.4359578,963743.174533571
2023-10-09,96.52485706716276,250054995.56852844,746155.6345619366
2023-10-10,93.39381078601131,241840218.42550093,1374217.6371460736
2023-10-11,93.01814497856157,240956962.9761947,905654.8312542546
2023-10-12,93.0089147005664,240935685.68548167,1067527.2062414463
2023-10-13,92.26289630380106,238662797.9147057,2879493.417693046
2023-10-14,93.04028127877986,240925068.80884516,1515334.5978608285
2023-10-15,93.57869125492068,242635354.71649203,675409.1069631069
2023-10-16,93.14836053526425,241402132.1387427,1136610.8917610573
2023-10-17,95.9018130568432,247763511.02980644,2132058.8308229046
2023-10-18,93.97760228726196,243293250.67572984,1465461.4264846407
2023-10-19,94.7151193604289,245469120.10708767,1560840.011330843
2023-10-20,95.16540760728316,246643590.03344652,1198370.9355112768
2023-10-21,97.33947514923577,252341624.35260025,1602938.2532747225
2023-10-22,97.703190038774,252982951.94835487,1277847.9330433705
2023-10-23,101.02750619441602,258592746.2922213,2049831.4858287368
2023-10-24,106.13094760414842,273970943.50301176,1651784.784371024
2023-10-25,103.01555625172804,266830745.93616173,4846784.267018171
2023-10-26,105.11036283491532,272165260.2901754,4229644.526817151
2023-10-27,103.33077708883876,267587957.80315304,2724039.816831225
2023-10-28,102.43900120422306,265205725.24355692,1419640.4802408516
2023-10-29,102.82965226635612,266416960.03270176,1340134.2962018223
2023-10-30,103.2620918079114,267345187.98100832,1020515.3735746632
2023-10-31,109.9555755150518,285190416.22686404,3862978.294529182
2023-11-01,109.24304651840627,283013159.5773864,5605002.643607614
2023-11-02,108.82114611431076,281735940.0910692,2313586.697362046
2023-11-03,108.23725962007956,280401800.1879659,5412431.368261433
2023-11-04,112.36022077946186,291228151.62027,4021042.632836923
2023-11-05,113.7541916698686,294879355.7529294,2111561.336351553
2023-11-06,109.9537961439335,284514691.5122609,4456496.896585265
2023-11-07,118.46352988684902,306537761.6953408,5936631.907314449
2023-11-08,141.68112351383726,367463025.42203456,36511197.95361844
2023-11-09,147.11063753227106,380304377.3097322,8098801.4033549875
2023-11-10,161.99785650280498,418123363.3350993,7381269.2032687105
2023-11-11,155.4668107136983,402656815.9903503,4683807.186598117
2023-11-12,148.74982056524246,385615763.90810347,4819620.768180597
2023-11-13,153.87224380210753,398256595.3817059,3286314.70175804
2023-11-14,162.10151938325367,419036728.26394415,6004591.2727117
2023-11-15,170.7682874967885,441596406.68962646,15359628.380072763
2023-11-16,173.30606379931686,448131554.4767805,5614860.8086857
2023-11-17,170.84333556180454,442296234.3453245,6375577.606193859
2023-11-18,172.95275904047585,447659871.7058578,4303690.324697077
2023-11-19,175.1928159961965,453695813.7150041,4137415.8754536337
2023-11-20,180.31969442727885,466547897.24338025,2873915.958705273
2023-11-21,189.71170558467725,490887388.32078725,4965218.141752803
2023-11-22,186.5841336798269,483360358.734464,5627196.416597209
2023-11-23,198.11690180548345,513598660.1794772,4074109.792970376
2023-11-24,197.41594928958105,511761523.4050112,4294722.654601631
2023-11-25,203.8179516452456,527693951.09980905,6170478.874046607
2023-11-26,202.1983497292247,523764580.0947226,5229871.936282312
2023-11-27,199.2155417642253,516028242.123822,4753209.119469413
2023-11-28,192.9019735247497,500697239.9173116,2985527.2152900365
2023-11-29,197.14186544619125,509485403.7239808,5588859.191773856
2023-11-30,189.9617472750858,491636448.6619385,3651504.595828741
2023-12-01,190.0496706010652,492482561.66424,3398268.6602612664
2023-12-02,199.6906761527509,516703198.6184186,2769685.2384813013
2023-12-03,208.7372757737197,540404439.1621245,2485364.235103007
2023-12-04,204.1757930822807,529611967.45549816,1572719.468697849
2023-12-05,201.0744034878004,520887081.57057786,3487862.1685059387
2023-12-06,199.4396867283077,517510316.6716244,4900005.32274673
2023-12-07,191.5436224168252,496746675.1609215,2899294.1521812286
2023-12-08,231.74072359439305,603875651.9477925,27505022.207160287
2023-12-09,240.50478204098755,622945451.7502782,10707690.416311022
2023-12-10,240.2538417957456,621922092.6196429,5097077.06934061
2023-12-11,242.9433077636504,628736963.0427794,3141933.0756075
2023-12-12,225.69715069040416,584508921.2053524,3028982.020930497
2023-12-13,223.52104830837948,581702804.5634719,3111414.7588743423
2023-12-14,226.9385366457348,585768559.5949523,3711391.896715295
2023-12-15,224.03038436161145,580228687.3785626,3117880.9834288857
2023-12-16,215.5393924960024,558170347.953258,3953492.288717045
2023-12-17,223.4081326929276,577875536.1876382,9271167.111810954
2023-12-18,218.3429968248488,566006444.9407796,2495164.648614913
2023-12-19,221.2361849061498,572654188.9676925,2501110.7267325995
2023-12-20,207.28210567653065,536675756.8871747,3619507.1730305934
2023-12-21,192.73101517060164,498684955.61581,7099348.240677912
2023-12-22,191.29346128761043,495009425.6759457,5133409.249539535
2023-12-23,196.27453376901636,506868553.8231096,1997237.1840373888
2023-12-24,196.4069313005521,508376429.14731634,2659502.8888980206
2023-12-25,191.5301964731628,495809575.8543878,2958373.437932339
2023-12-26,196.10179122667253,507804641.0197769,2586645.7520406027
2023-12-27,188.8155750540589,489302009.0084981,3121787.7528856
2023-12-28,199.5643943960789,516447276.099584,4399404.078790718
2023-12-29,196.65555327284383,510102568.6133543,3129254.4401969886
2023-12-30,196.42367900767871,508328374.58348686,2332554.5278144884
2023-12-31,196.31385511481665,508961445.8030481,1302077.452537577
2024-01-01,194.9259421645876,505489656.030437,1125816.54745761
2024-01-02,202.22518615704212,523032653.8973692,1551589.575718109
2024-01-03,204.84048466937804,530479571.94079167,2747035.3741554683
2024-01-04,188.0468553973952,486403533.2025075,2854123.135454551
2024-01-05,190.4177324359133,493006726.4731472,2936536.044160728
2024-01-06,187.73377156095611,486001000.9898439,2883666.353816119
2024-01-07,185.20290067011305,479644752.88037056,2974718.613226488
2024-01-08,182.92974296040524,473527932.6321105,2525916.06406306
2024-01-09,190.5902449379111,494549681.9396886,2644477.553150435
2024-01-10,188.23663925053225,487456246.0469957,2331548.3775724154
2024-01-11,207.10242019607944,536363099.3825651,3614544.348783184
2024-01-12,208.21388907965743,540324384.8480012,3141126.199045672
2024-01-13,206.259223081905,533240882.55244553,5933736.147901201
2024-01-14,212.21915795466168,549331895.3368462,2816364.042612268
2024-01-15,204.9612712371828,533487410.3953818,1899173.2649956192
2024-01-16,207.04223867691948,536705643.9910159,2092279.7570156388
2024-01-17,218.32933653678427,565496600.3747113,2490403.3928589304
2024-01-18,215.2348559726492,557380461.56346,3008665.533458444
2024-01-19,208.0254856307703,539030389.6710461,3172333.2644454064
2024-01-20,210.22316854961903,544845625.2557813,2782712.4632615126
2024-01-21,211.05994479578868,547446019.4584119,1947300.871296076
2024-01-22,214.7264441917426,555983938.3313498,2177472.0946239345
2024-01-23,202.34120253208587,524154001.3771138,2294156.2474702164
2024-01-24,197.71590027507236,510891135.75452656,2672838.990306307
2024-01-25,201.1664359685056,521209593.2485137,2777126.1231948547
2024-01-26,203.08481295882487,526252199.36522686,2453979.297300931
2024-01-27,210.7944539494505,545622786.7783809,2169260.827235299
2024-01-28,210.9692895995288,546569234.3952891,2044619.1748379956
2024-01-29,209.26952416701707,541606758.7507256,1804317.321612075
2024-01-30,220.1908523372825,571145027.6744509,3345263.64026651
2024-01-31,229.4399694932636,595687240.3968687,11781230.272029549
2024-02-01,214.2797460847446,555106779.1549431,6153531.857913106
2024-02-02,214.7159452756472,555818293.1133817,3442364.9268528605
2024-02-03,213.6364998088112,552802967.8709635,1988347.5866392616
2024-02-04,216.2928253823813,559203869.8779013,1667481.8923698673
2024-02-05,217.85424418188717,563914325.0542289,2456934.6882998985
2024-02-06,230.9405723623736,598096356.575518,6015990.046543277
2024-02-07,236.3001162080536,611776798.4363421,3223605.667955508
2024-02-08,244.2308839568107,632952236.7713083,3153269.042333247
2024-02-09,242.2540907197532,628444304.0402153,2985933.4843408726
2024-02-10,246.4592021176357,639061386.2106106,2558931.362365997
2024-02-11,246.27287365730396,637803078.0561475,2005757.0606085977
2024-02-12,255.2251700277017,661221689.5648284,2653273.237958597
2024-02-13,270.604914545503,701145332.6816643,2821569.650856885
2024-02-14,284.14273842247746,735951173.6645235,9033475.070780212
2024-02-15,286.74200320526614,742569850.2666467,5582919.228668695
2024-02-16,280.1340112358489,724161322.1077327,6866393.202200544
2024-02-17,285.4115436848134,738893453.785105,3243708.7027453724
2024-02-18,286.13446042576163,742133319.3938072,3346914.056046004
2024-02-19,298.5040318803752,773618950.2261791,5304986.088432149
2024-02-20,303.9327042065227,787034217.0921783,4387960.791496705
2024-02-21,313.24925652709794,816040248.6013342,4149784.406416063
2024-02-22,309.9783449839094,803537768.2608994,4887668.694733632
2024-02-23,313.9749848755544,813027698.8694446,3242098.046054892
2024-02-24,310.614955029158,804762531.6846323,2989409.7281769016
2024-02-25,330.6035743643997,852951330.9715823,6568109.32343945
2024-02-26,351.2829523058168,909422906.2776892,7301211.244618576
2024-02-27,356.1283780306316,921806954.5687984,4040249.3798808046
2024-02-28,364.6433445801736,943168651.347054,5056461.666709737
2024-02-29,383.93518170056296,992243112.2300212,7828232.266974281
2024-03-01,387.2413978485693,1003728103.947999,6435457.951426521
2024-03-02,401.0906064115404,1039011891.6944778,5033271.897685
2024-03-03,398.47949974034657,1032416696.7790184,4612642.053125127
2024-03-04,400.6341346365569,1036462126.982662,3829201.58769288
2024-03-05,399.63992744993146,1033640839.1147465,5102053.049650218
2024-03-06,372.7055753688968,965128962.2647012,8550003.047435766
2024-03-07,395.5005417979255,1023636038.3632288,6152963.478922671
2024-03-08,396.14167482109934,1026095815.4121764,8977265.374037595
2024-03-09,421.2561140408249,1089818706.9230149,8328489.435815017
2024-03-10,427.4137142883309,1106954636.2096455,5360068.675232108
2024-03-11,410.2170617226177,1061946089.5417776,4476822.515266235
2024-03-12,440.8175277913929,1141124882.344879,9226149.943872089
2024-03-13,434.688319272582,1122582447.3719385,8280951.46264332
2024-03-14,427.26018221681375,1106683383.1898348,5222928.1775299655
2024-03-15,400.52333831738247,1036827163.6123942,7016858.013607858
2024-03-16,383.6118164430301,994960624.9367085,5614294.214172136
2024-03-17,351.7048522664883,907561201.018323,4354511.154311094
2024-03-18,363.15548320387,941468638.6981202,4979870.385122732
2024-03-19,330.0577218564442,864810804.9822694,10258161.141161794
2024-03-20,305.3017959404179,790821423.521029,8905526.902087186
2024-03-21,343.720624139237,891716230.9308549,7235432.970593536
2024-03-22,345.0357965218035,892796230.7314936,5709241.636388792
2024-03-23,334.4342652800308,862963965.4722185,5087980.093090424
2024-03-24,336.8255316236722,874357249.7848531,3851561.152061421
2024-03-25,351.1628549479973,910333520.3693024,3882988.991816261
2024-03-26,364.9125767400779,943901033.9986593,4566548.835494559
2024-03-27,362.3686669028296,936591741.8690584,4394998.170087263
2024-03-28,360.2785196996642,930676931.94327,4255504.421280517
2024-03-29,367.27516527711646,951305831.2324204,4389619.974403973
2024-03-30,362.06474609895326,936745317.653906,3851993.417216424
2024-03-31,345.6165087920876,893433806.5095959,4994383.296142406
2024-04-01,355.9138827182952,920488117.4020028,4754947.408713386
2024-04-02,344.2371370033103,892946534.9269235,6105448.383998493
2024-04-03,325.1936416830515,843223885.9778916,6221798.29309011
2024-04-04,333.4722601158256,864385475.0861131,4809953.707742079
2024-04-05,347.22602466763254,897804015.5790602,6048331.744105352
2024-04-06,343.32472972386887,891111901.5580956,4793963.382046661
2024-04-07,348.69670331828496,903786228.9455272,5489500.391368779
2024-04-08,352.6259272443532,913491128.4350448,4809332.849829566
2024-04-09,377.7893301216064,979166577.6412408,8449793.582926214
2024-04-10,363.38800713982505,941957813.2062109,5613350.955340777
2024-04-11,366.4416321051315,949277879.3533156,4639434.463134444
2024-04-12,370.1116875856276,958133398.6090924,4932040.773689937
2024-04-13,344.9214478082222,893101236.7630506,4670052.855751531
2024-04-14,325.4057464107017,844914958.6399364,6479079.67614307
2024-04-15,336.80107396416486,873532345.2279408,4837976.139017652
2024-04-16,330.6513540454793,858045979.3504722,3942571.963367392
2024-04-17,333.20194956524466,864440482.8316238,4173672.254676996
2024-04-18,323.53087088957574,837762653.8953968,4176282.351731392
2024-04-19,342.83146457405485,887035667.9367079,4492964.375502927
2024-04-20,346.56112048311667,898768691.5843935,5054461.755186463
2024-04-21,357.5651174511085,924527755.0828552,4060026.7262417935
2024-04-22,360.4173671107839,933759789.854583,5938374.716277547
2024-04-23,392.4306937309504,1017160119.8918192,11316341.533502089
2024-04-24,386.1809678842259,1000030188.2670864,11179004.656311726
2024-04-25,338.6190575715057,877106599.4832456,9402387.57962004
2024-04-26,333.71388670296903,863739937.0336397,9269855.351375572
2024-04-27,328.16889978174925,849482086.7252953,4291301.559663745
2024-04-28,338.32073531161006,874119227.939097,4293747.433995142
2024-04-29,338.24128236133095,876603881.6003301,4638555.077506849
2024-04-30,331.1104865236353,859193149.1928003,4886893.035232584
2024-05-01,313.14763284354785,810509608.9934951,6979768.248859634
2024-05-02,313.2632082101637,813577235.1173239,3899574.3870255
2024-05-03,303.5024330294115,786217039.6284158,4956228.108622739
2024-05-04,308.6677560498538,801057236.4312818,3687812.171121688
2024-05-05,311.5169376574875,806595339.9857042,2921238.9281222345
2024-05-06,316.7358590234935,820380821.496846,2988432.946781035
2024-05-07,312.4987892237758,808927129.2501378,3997745.857330976
2024-05-08,307.3265164636857,796187244.671762,3150877.5880720173
2024-05-09,303.1165003546868,784268884.1964157,3513263.738712796
2024-05-10,303.782475718039,786304041.8982463,3716409.829728718
2024-05-11,285.69003794860004,740273934.7812971,5198415.621161364
2024-05-12,283.90427248209625,736030734.3926638,2755555.6001644675
2024-05-13,285.39801592443706,738580219.6369505,2163682.303060149
2024-05-14,284.2320870200668,736370428.3243573,3192166.6730493456
2024-05-15,273.5990585776412,709364713.9952137,7276995.966099213
2024-05-16,280.4764347060031,726106290.2259285,5869588.178742364
2024-05-17,268.29980976664746,695687359.6085191,3969216.852179752
2024-05-18,304.54980199118745,786599310.6362518,10408417.33915262
2024-05-19,301.34176265637086,780166271.4338169,3594260.141259812
2024-05-20,295.34842444444223,765078543.6023347,3775324.9633061793
2024-05-21,352.0908914034544,915113695.2116004,11365418.033870555
2024-05-22,338.1767278970963,877112533.1345563,7081680.052483953
2024-05-23,332.4289226989817,861358063.7602829,4228319.327057304
2024-05-24,347.6386114789961,898902938.1694758,8650341.281608673
2024-05-25,365.7075114605662,946695320.4519207,9398691.388290558
2024-05-26,373.597783983594,966903102.144515,2455326.8663898166
2024-05-27,361.5967304715069,936502622.4808089,3993861.1783631993
2024-05-28,355.04884776988297,919049635.4078434,3436709.5960872937
2024-05-29,347.0281378471197,899330163.9299239,2949017.513578351
2024-05-30,338.5991133008604,877268420.033753,2667206.4475912917
2024-05-31,335.0722678547731,867612805.9053662,2902899.1874461244
2024-06-01,338.8038078829044,876956533.233407,3517777.794981628
2024-06-02,339.5378115384514,879323176.0501864,2985330.463991916
2024-06-03,339.04044551636895,878112580.9987592,2460106.319787872
2024-06-04,329.04196078254495,851255446.8173838,4295029.047506956
2024-06-05,332.2865607566076,861133859.0186781,3427035.4242498702
2024-06-06,340.12016057759274,881080891.4129211,3723821.547999701
2024-06-07,343.1450116315952,889616101.1423748,4131359.988821725
2024-06-08,329.95608339294847,854670904.3051738,5229205.351912704
2024-06-09,324.427028213373,840336122.0071753,3518927.359254288
2024-06-10,326.0371222081995,844086880.0429982,2245948.2713447087
2024-06-11,353.3360130729608,913774764.2253592,12642914.918390652
2024-06-12,335.6530727728609,869759193.5315636,9048364.283129662
2024-06-13,335.2246556889378,868561305.9667994,4993929.991155258
2024-06-14,316.33093454092227,820119082.0149397,4312895.065121438
2024-06-15,319.11845453891345,826490570.8092895,4634751.543624351
2024-06-16,326.9414937967482,846529496.3233434,2253486.1727154767
2024-06-17,333.49361623411994,863510415.9323229,2072519.2039585456
2024-06-18,320.14685769429553,827653255.5898889,3090387.419293249
2024-06-19,316.09369258379513,818529388.5883812,7583384.965731389
2024-06-20,327.7712899899233,849083844.6512383,3666662.400042855
2024-06-21,324.6729363574351,841423469.5340348,2599502.489715117
2024-06-22,320.9669752659736,830132626.0936817,3299897.360519018
2024-06-23,321.12156041366046,832177346.5026954,1927450.1808121628
2024-06-24,313.09987883289085,810477526.6594322,2162240.300401992
2024-06-25,293.4476197209445,758669290.5630312,5729723.930729287
2024-06-26,287.4203840283825,744935838.9720689,3616534.436899093
2024-06-27,283.7879808131572,735071405.1963694,2586483.237595241
2024-06-28,298.0015265555204,772322139.8311051,3979730.1869995543
2024-06-29,275.2191352484403,713151551.2048583,5048557.947362923
2024-06-30,276.4593058369205,716223409.5659941,1584268.4974407328
2024-07-01,285.7542596543614,738992055.0166965,1937659.23361199
2024-07-02,286.56900940255207,741463061.5839459,2058553.6465784248
2024-07-03,284.88186858565206,737535007.0693023,2033225.105693678
2024-07-04,273.9275520112556,708975861.0439594,4028260.42700283
2024-07-05,247.62168419609188,642150816.7195967,3522381.3588668387
2024-07-06,240.88783402832416,624428757.3555979,4786789.542925313
2024-07-07,250.898686023654,649542297.9765159,1714409.1416090466
2024-07-08,238.31400373022865,616403688.1187421,1890887.5120677357
2024-07-09,253.5332686338348,656519443.3232996,2785509.254210446
2024-07-10,257.9855308793878,667450098.378379,2167821.1029827613
2024-07-11,262.54173644080254,679027603.3584479,2060784.406675472
2024-07-12,262.2242319191705,678172391.5790287,1894699.4873790424
2024-07-13,262.5421230188431,679081277.3495152,2501045.710143175
2024-07-14,263.84357127838206,683733527.7604388,1866362.8133204684
2024-07-15,269.09349039071253,698725730.5708308,1868225.591648158
2024-07-16,281.26723248341955,727771898.6301855,4173285.134838965
2024-07-17,271.5383316433841,703482458.3241371,3715475.338383149
2024-07-18,258.9792240232962,671801904.1907467,4517398.487815301
2024-07-19,258.8704291824445,670561627.5847287,2689443.093573844
2024-07-20,265.65552897520024,688221010.7397698,2472341.808912413
2024-07-21,264.5768731357812,684665672.422682,2623109.774756261
2024-07-22,264.67536426640885,685066219.6753194,2601657.361279126
2024-07-23,246.3021099802893,637928919.2249517,4834041.087694883
2024-07-24,240.9240698750247,623830461.4123423,3369818.870102096
2024-07-25,229.87865778018823,595585171.3627278,3136118.2065672586
2024-07-26,218.2435820763912,565385930.4917575,3327313.906237461
2024-07-27,215.56066666189133,557863607.8362455,4711562.304804367
2024-07-28,214.3578359795256,555114630.498086,3032573.036831329
2024-07-29,217.84926954454212,564029969.0291923,2224782.9085747497
2024-07-30,214.38608038579795,555976931.187638,4277471.806503388
2024-07-31,206.4189565922859,534913966.48050857,10765253.560148489
2024-08-01,201.8351754378789,522336030.7014762,7413679.896000414
2024-08-02,191.77007522747385,496814916.0716655,15572316.552463638
2024-08-03,180.963216218922,468594466.8880462,14733520.25456071
2024-08-04,180.7352346970359,468029975.6838625,13415842.72413965
2024-08-05,166.5733049424831,432115830.8412429,11766878.570126386
2024-08-06,151.87234419391032,394146368.7662383,36652270.51535703
2024-08-07,152.99496377049198,396269002.4669208,16763397.467422975
2024-08-08,145.16519810727775,376000165.8102294,15018979.6350236
2024-08-09,167.6221412892687,434072453.239136,20516339.865282647
2024-08-10,168.10939161661045,434662759.8878258,13720151.0223783
2024-08-11,169.3679053452076,438718762.5514461,14445598.622592367
2024-08-12,168.1705780374713,435492679.00947726,12782454.954682244
2024-08-13,182.8009340287212,474134619.28656,18375181.194107503
2024-08-14,180.33711332499817,466999004.9581688,10856905.496864293
2024-08-15,175.78623745992388,455214106.87760687,10833381.84824549
2024-08-16,167.19304005139747,432013439.7770437,12163899.03680604
2024-08-17,169.1411240357492,437394119.20264494,11867190.775202855
2024-08-18,169.55439000515722,439076183.259065,11626075.654526262
2024-08-19,173.65965153655787,449707123.3629034,11558790.475990158
2024-08-20,170.38831983631997,441309028.8892437,13090472.10339291
2024-08-21,166.53398150908046,431252680.97990286,12529885.192005174
2024-08-22,169.03937439497523,437656918.44104457,9758902.251103364
2024-08-23,166.60168640378097,431429894.4926809,9607523.14809619
2024-08-24,178.84231758041605,463128098.3407521,13227358.050906084
2024-08-25,181.30173979014356,469444960.4883849,10367102.669952268
2024-08-26,178.2506805826871,460750842.3829418,10756805.189369751
2024-08-27,169.94274746469551,439824253.8711844,10535651.780981654
2024-08-28,155.69346582912496,403695562.5202628,11824001.491276763
2024-08-29,158.56727900017535,410396650.20009226,13567322.918602686
2024-08-30,159.02892439328275,411943558.7335003,10107457.17957976
2024-08-31,153.44083375821302,397750119.7317367,13838271.40469976
2024-09-01,150.97805267246275,390971104.4420303,10641788.9221341
2024-09-02,142.48030512455972,369954748.65051234,10766962.667376844
2024-09-03,149.6792529504752,387085774.3630021,11016022.878401926
2024-09-04,147.4504444376899,383273954.63737977,12826493.29678146
2024-09-05,153.78616547884275,396858892.59319377,18080971.435239557
2024-09-06,146.89346087436888,380605592.97276056,8602058.997628124
2024-09-07,139.98652629939346,362459233.5222504,7444783.099173533
2024-09-08,142.65470230618226,369337614.77207017,4408322.020175463
2024-09-09,145.34824342726864,376591919.7231706,4953678.888106924
2024-09-10,151.63515415855284,392749058.1179977,6033133.749091252
2024-09-11,151.4625199766119,392225675.6437144,7079788.170631445
2024-09-12,148.0166272240749,383363303.8278108,5961700.506511663
2024-09-13,149.89507391136442,388166634.5550562,5593180.215894513
2024-09-14,154.26153658716345,399275390.79966176,5625648.602079108
2024-09-15,154.3559025871789,399277087.7184552,4207331.670739417
2024-09-16,149.54434448173478,387130279.3729807,5006756.321165735
2024-09-17,145.98642349880734,378044836.44185287,5319391.101113518
2024-09-18,150.04831819201308,388728997.6396763,6070110.044593523
2024-09-19,149.9928813944036,388175220.2223875,7596317.994866629
2024-09-20,158.85989994325584,411019754.96732754,8305796.803133187
2024-09-21,165.3472082156153,427876833.2185223,7032285.182627955
2024-09-22,169.5807666720173,439447672.37521297,5352289.422863415
2024-09-23,166.4991618864794,431258885.64897394,5891208.379705903
2024-09-24,167.64463415591615,434176112.7604436,9214494.843813771
2024-09-25,167.74830576869203,434399167.38724136,7321939.12241731
2024-09-26,161.10825427823667,417117138.2155185,7466365.447065067
2024-09-27,161.80263291087272,418874236.68304425,8780593.800532913
2024-09-28,170.66505047148812,441952337.3854104,9664346.02470044
2024-09-29,167.94296028627852,434687453.9161629,6851543.545030185
2024-09-30,168.6588947254624,437084791.06572944,6950381.467016937
2024-10-01,167.23632972029526,432295275.5795044,9202980.896786118
2024-10-02,157.30856336576912,407371476.4308622,9374661.938094871
2024-10-03,152.65928781555272,395059474.7844287,7221238.586701037
2024-10-04,150.0055571471285,388452740.72707534,11521221.985029126
2024-10-05,157.17562616166427,407115878.9046958,7859552.826343024
2024-10-06,158.8462582310606,411312192.3378147,6504672.383181006
2024-10-07,162.95011390356152,422082420.44363856,8273655.959005453
2024-10-08,167.20307983132557,432987256.2973226,10297038.233610976
2024-10-09,166.43781316917938,431126345.6419148,11953306.235228244
2024-10-10,164.3428445759297,425539553.275982,8994215.187325519
2024-10-11,164.67294845089387,426014779.35118,8139270.353931603
2024-10-12,171.69926548908566,444796036.8817595,7393888.767741165
2024-10-13,173.93701150590474,450391612.1587006,7792186.523980095
2024-10-14,175.0705990322923,453342404.0890203,7955795.978337967
2024-10-15,186.30163648863348,482475056.6667084,10592290.693206113
2024-10-16,179.1453633939964,463727726.305046,12671270.294508712
2024-10-17,184.0385078805775,476584095.5839568,12532710.997057203
2024-10-18,182.77815970420025,473322663.3137052,6953490.375985554
2024-10-19,187.49684159457087,485597231.68593246,6078134.110148045
2024-10-20,187.3983479933851,485306907.0686947,7419076.947317564
2024-10-21,193.4901536411458,500569645.6904961,10074971.447680006
2024-10-22,188.51125198238165,487939499.40262026,8770370.275741383
2024-10-23,194.82146655319565,504149756.8820407,10314636.188928038
2024-10-24,192.08710756096005,497280077.4438818,13592588.56225935
2024-10-25,208.68457466764164,540069448.9488889,30941123.97962985
2024-10-26,225.40767857269893,582637612.3564507,37596416.74691592
2024-10-27,231.5767541155525,599662702.3717338,22145552.668858647
2024-10-28,226.0631635339296,585431184.7121775,14397419.833629146
2024-10-29,212.31152122988132,549928420.8057344,14778385.530222071
2024-10-30,214.190795308,554320295.4793607,12368158.884804277
2024-10-31,208.48377024717607,540050802.1947225,10352949.083153533
2024-11-01,198.2597692422003,513815258.61081165,10667014.660794435
2024-11-02,204.1688192093181,528710386.8425405,8223034.081814287
2024-11-03,204.9407575782969,530913887.2001755,5615812.73032076
2024-11-04,207.70948839451376,537979678.5171615,7558307.293859691
2024-11-05,205.90292214200065,533137053.5211609,6512192.830794264
2024-11-06,206.9330855012583,535609216.9166146,7334793.704812884
2024-11-07,242.6722826108778,628344632.2802836,47655409.08748384
2024-11-08,255.5247757811854,662536069.8194832,17187849.456270885
2024-11-09,256.59673459847727,664341130.2904708,10375533.36980142
2024-11-10,273.8329624474726,709117247.2250307,9721530.06514146
2024-11-11,265.27124448232865,686556753.9187243,13909244.748085229
2024-11-12,270.9151799643823,702573547.2973756,17545913.222982023
2024-11-13,260.2956529856161,674585581.8614448,15086134.54039396
2024-11-14,253.28903343240907,655874973.7986995,14012366.386607371
2024-11-15,245.66686242661808,636580195.7691463,11717420.734203717
2024-11-16,250.07536318299088,647065058.8401594,12507001.843168885
2024-11-17,259.8000210558414,672338025.158043,8937687.819671039
2024-11-18,253.77890658277343,657175106.0787114,10391957.32335893
2024-11-19,267.3118852312016,692039190.0901426,13485903.128081843
2024-11-20,258.7049887746017,669721195.3630881,11987472.248366904
2024-11-21,250.0763877108414,648413712.4474611,10631136.931175573
2024-11-22,267.81028347598016,693629978.1306653,11695253.3468103
2024-11-23,264.693665219288,684902722.975772,9505901.528871449
2024-11-24,273.6293037316148,707526577.5276103,12010734.408617944
2024-11-25,270.514368972734,701381221.5299413,10711230.57024482
2024-11-26,268.149088339047,694394414.3418311,12932398.038379608
2024-11-27,261.5322560493588,676734217.5751145,13315893.867386188
2024-11-28,272.0888456793552,704922741.8340037,13101363.122203674
2024-11-29,267.91399336271206,693598386.0631173,8859684.306949764
2024-11-30,270.0371432338718,699515766.8057266,9181623.169575684
2024-12-01,278.6953829961178,722085392.1095545,7900675.744168272
2024-12-02,281.3978922190244,728719959.1057266,9006224.14924471
2024-12-03,272.7484841583273,706269511.6347685,15104275.184308356
2024-12-04,276.01936857184234,715055309.9810443,17613491.59142295
2024-12-05,284.7044325524888,737285668.9285599,19160820.507696327
2024-12-06,281.9155271216966,731365816.7559808,25843214.52974991
2024-12-07,297.37008391983903,769841528.5623008,17493230.243811257
2024-12-08,297.15680031444464,769331826.9258783,13318149.11299664
2024-12-09,302.21437913732603,782852199.1917281,10497854.379290126
2024-12-10,268.7308933068929,695046435.9824679,18897522.46373948
2024-12-11,259.55428312921043,671714818.5016055,20699035.593858887
2024-12-12,276.7115371176545,716366905.4834765,13227733.636560526
2024-12-13,287.3058072304302,744005904.8559618,15487385.508892164
2024-12-14,291.2025857456428,753420362.7990235,13984333.580467036
2024-12-15,282.8707019406606,732348868.0409296,9287658.202515624
2024-12-16,300.4514815638244,778045851.6913822,22285942.87997932
2024-12-17,295.6732168043914,766047994.0101514,19560857.878251445
2024-12-18,284.6218647244158,737255000.5651304,14142271.250406576
2024-12-19,260.3817103284392,674520310.7575458,14052599.982038984
2024-12-20,250.141146152138,649362301.6790291,13866942.951745886
2024-12-21,272.1840738835726,704890860.7995496,20842231.20971379
2024-12-22,262.038697180312,677752660.4006987,16847635.68722905
2024-12-23,258.0822578587571,668698864.699971,9165177.013613502
2024-12-24,269.127341127468,697004220.5768917,10829394.051301757
2024-12-25,281.1023691665802,728010341.103192,10929994.55151738
2024-12-26,287.7117351043022,745002959.726637,12424300.843329698
2024-12-27,276.6935440432652,715867136.7910047,8434277.655759629
2024-12-28,275.57158163607323,713655864.5301632,9610141.351464393
2024-12-29,282.8816632638179,732555458.2324932,8229961.679050478
2024-12-30,275.3860370020661,713394516.965764,10346810.439117605
2024-12-31,273.48392894695485,707837314.204837,9971955.186893454
2025-01-01,266.09883525866246,689193193.4599928,9264137.356138352
2025-01-02,272.1849290656675,704815335.9431711,9210059.242655814
2025-01-03,280.4162863396631,726162930.5260419,11745029.172759991
2025-01-04,285.92721410199675,741098237.8577989,8974270.128726173
2025-01-05,287.7941314383563,746476267.1948929,9123838.821335835
2025-01-06,286.72744696668985,743282525.5721371,6138902.520235622
2025-01-07,283.825017579478,734973163.6598401,9704403.962841785
2025-01-08,262.282019063822,679627661.7847098,6641118.036971342
2025-01-09,254.6133533705542,659342785.9557675,7975597.409232844
2025-01-10,246.61815558214963,640070697.8802735,7612397.587045723
2025-01-11,248.54912383938748,644172752.5392745,7220129.293135487
2025-01-12,248.95781004864568,645209572.5381817,3772481.863389901
2025-01-13,246.511517932278,638155845.7600752,3737181.745791184
2025-01-14,236.4818373128633,612182448.4178032,7637605.238619156
2025-01-15,245.60497298413424,635955649.3759482,7232644.602278223
2025-01-16,256.2754755119924,663474637.4796724,9035917.701631725
2025-01-17,246.1889187505791,637132806.3605858,6187611.3118135445
2025-01-18,254.56140309315288,659210515.1897395,8321344.147709869
2025-01-19,239.2174785422789,620001410.0602962,8096116.520326516
2025-01-20,231.81614757207,602875561.0700505,14027960.183692353
2025-01-21,231.81004056795115,600024414.9832226,15344176.272389758
2025-01-22,236.31762447378264,611728458.9021692,9033927.116285743
2025-01-23,227.5696807206734,589452757.9576269,11307000.015379157
2025-01-24,231.19465715776835,599381453.6027719,10144487.81122143
2025-01-25,226.239892943541,585809276.9143779,8122204.7855773885
2025-01-26,226.49639715743237,586044160.0824139,7768989.118030154
2025-01-27,221.94474807721252,574362387.1342026,8261896.15930446
2025-01-28,214.1744735023217,554362787.4233406,12050743.660252731
2025-01-29,204.20517155730883,527075672.3654826,8524785.839495335
2025-01-30,207.8183639511862,538173914.3526038,6220698.97097531
2025-01-31,214.8847977522179,556236181.5139201,6911673.597990961
2025-02-01,218.65871707360583,566211026.5394819,7742811.175040588
2025-02-02,204.212201498966,529604227.3927731,6790281.6438164525
2025-02-03,187.97865227285865,486843692.8548592,11286173.56367294
2025-02-04,186.59282598037177,483478307.52540886,23998073.57996747
2025-02-05,179.20042969034995,463964107.189056,12635765.578856297
2025-02-06,180.01001426896048,466126724.0406675,9379939.413415622
2025-02-07,174.40469049680084,451489418.5667805,8017193.809904534
2025-02-08,170.88951050917856,441940458.7996956,8534741.05788257
2025-02-09,175.19966262651002,453895683.0262194,8799327.082717147
2025-02-10,175.3835056750164,452932514.66245,6428574.212708474
2025-02-11,175.91340667803047,455914165.5338666,6578199.442654285
2025-02-12,174.51374942754134,451916517.94767696,7261855.064073543
2025-02-13,179.21364329841603,463319684.2564181,10440762.525684888
2025-02-14,174.46664318196304,451190379.8552191,7445210.916358133
2025-02-15,176.39029468036654,456758616.4008843,6874109.314639041
2025-02-16,172.11228882524264,445815362.0078558,5118768.6120096
2025-02-17,170.0310899285278,440098578.3485933,2560431.7699848926
2025-02-18,172.89396861110308,447510455.6977617,6419691.651670264
2025-02-19,167.2808912456594,433454846.2307358,7388416.5333878575
2025-02-20,180.4954584570765,467820176.9229015,87432060.82526453
2025-02-21,180.8234848707755,468416794.7372502,16270637.47399456
2025-02-22,172.26708672755947,446109839.1704674,14838306.67962742
2025-02-23,180.2830860294327,466607966.4322026,8137111.058901734
2025-02-24,179.7773996514336,465369764.9575533,7284998.138411021
2025-02-25,161.76075662412205,418452775.936534,26833391.731335267
2025-02-26,163.1580533650601,422800544.090358,32790359.246610485
2025-02-27,153.721241320902,397544143.8352041,13824900.578176262
2025-02-28,153.19002978037958,396678212.2211285,12979754.332342451
2025-03-01,149.4812731238993,387065813.6457661,51821845.103784926
2025-03-02,147.32524228269517,381208104.1098046,23794047.74897703
2025-03-03,162.24254000094712,420491594.57584697,66652093.04254022
2025-03-04,139.46976741262787,361275622.6553725,50453406.30552545
2025-03-05,138.24776748144447,358191542.0261145,47744509.43596996
2025-03-06,142.46354518614314,369201305.2809017,35541516.17149791
2025-03-07,140.88681080542025,364841373.91648257,31445819.601822883
2025-03-08,137.63905366238004,356425881.9971746,37056051.68089015
2025-03-09,138.90214448558544,359674761.50610405,16729249.50291035
2025-03-10,126.66577495068762,328264396.33353674,28951309.69643104
2025-03-11,117.5736072600457,305275431.3341642,47625793.03475688
2025-03-12,124.16841364601396,323137684.1021748,42650255.53455757
2025-03-13,122.81048595139283,318364714.16087353,32253308.32160917
2025-03-14,119.63970201408956,309734049.1790166,35716346.35604718
2025-03-15,124.66563006627857,322906038.61324733,24559622.7012465
2025-03-16,127.26171603545892,329537148.3269034,16045619.7879189
2025-03-17,122.3603802524781,316887019.0331972,18111464.06293327
2025-03-18,127.90679847814978,331070372.06500584,26412118.9148614
2025-03-19,124.9999237092658,323698120.17910284,25156691.473495267
2025-03-20,131.55289276525727,340559567.0321541,31187692.985657543
2025-03-21,126.48922680931406,327649059.4589117,25281518.10881529
2025-03-22,125.26488796177397,324372818.70479965,20129659.60390656
2025-03-23,127.70343221395495,330697574.2715868,13696677.148905838
2025-03-24,127.27190030421708,329255668.4964532,19268995.68414332
2025-03-25,132.36880065732672,342650067.055727,26568530.25847002
2025-03-26,131.9641372012832,341732926.72244406,26447652.88492651
2025-03-27,129.90682128477513,336383901.40493804,25714816.410847493
2025-03-28,130.32808003709775,337517773.12910855,24009108.416149806
2025-03-29,124.62440541845942,322662094.2958742,27476892.171363235
2025-03-30,119.50851999980156,309492053.5576152,24627436.12035927
2025-03-31,119.1259024543799,308373940.236533,17920686.150439292
2025-04-01,118.48749953571324,306767272.4808077,26030458.7754608
2025-04-02,122.07148088238246,316001676.1370621,25789027.54639137
2025-04-03,115.46974489431597,298872298.09467083,33407143.91414177
2025-04-04,116.79577373120664,302751528.62366474,25117094.636159312
2025-04-05,116.09377670577923,300315405.93280345,27193267.42317065
2025-04-06,116.3654129296464,301080545.0400329,11688186.223848991
2025-04-07,101.4475321465804,263002847.25434467,25903000.3825132
2025-04-08,99.66595439004608,258580367.9305294,52785220.53783356
2025-04-09,94.73756003241724,245364094.54694483,30605844.238858007
2025-04-10,104.57072844816044,270772753.960218,43880596.294094205
2025-04-11,98.6334652696728,255591510.87096816,27522031.85242471
2025-04-12,103.07868955145992,267090395.84505376,23938882.14873588
2025-04-13,108.9288358654624,281920430.1406356,20017794.059971277
2025-04-14,108.23534531913504,279547295.76120937,28177745.60092476
2025-04-15,109.01599716345972,282232329.4619596,28990705.893442687
2025-04-16,108.12692683020954,280007954.04195154,21846396.35561671
2025-04-17,107.8783202430807,279340634.8526211,23149211.501343746
2025-04-18,108.15765668396668,280019487.0802933,18135156.53470617
2025-04-19,107.72590974419356,278979905.4355958,14671999.63607664
2025-04-20,108.6681220733326,281419102.5848272,13794991.801967455
2025-04-21,106.87962728911344,276746199.57359326,15215859.604758762
2025-04-22,105.3778622996146,272876098.3020177,23917186.26563996
2025-04-23,112.67951087174654,291793656.51255447,33892273.53273643
2025-04-24,114.15377300190256,295646730.7160875,30319930.153280698
2025-04-25,112.59589713156014,291599282.9204737,25008934.710896477
2025-04-26,112.86942206091685,292326036.6052996,28668700.32376068
2025-04-27,114.40412372982198,296035184.0528887,20928220.70789295
2025-04-28,112.10652063559073,290465242.48270684,19126353.234828666
2025-04-29,113.37948084659142,293577179.0150104,8011315.223044935
2025-04-30,112.88719523759922,292346382.61888707,21719830.30181584
2025-05-01,111.48701484106913,288716192.53818816,9025808.40586218
2025-05-02,113.09813651894385,292851116.7585778,22168949.15532622
2025-05-03,113.35708239871568,293545240.9816014,19373419.021879315
2025-05-04,110.99531291544088,287478212.0129809,6333052.816678472
2025-05-05,110.07249572496822,285042467.48809546,5992662.093381658
2025-05-06,109.47211294612087,283678954.33271,6698184.534769425
2025-05-07,109.73683854626398,283994178.6806456,8125467.644150041
2025-05-08,108.52915895643498,281221741.7438232,10134899.676573258
2025-05-09,124.20171995977508,321427394.7423296,15462742.832135323
2025-05-10,131.40551552100894,340295962.88869774,16836872.331084922
2025-05-11,143.31774469896922,370980004.36803406,12433605.235729735
2025-05-12,137.5420496494662,356114702.0885698,13355094.257865593
2025-05-13,137.37362518276913,355741228.66342187,13701482.229483476
2025-05-14,146.10584602900985,378273842.7019579,11347033.124855844
2025-05-15,139.7412163687818,368849997.6739235,11552837.9372746
2025-05-16,134.32786451578633,354805909.2928275,12939584.726501074
2025-05-17,135.75004145057338,358324413.2915647,7918415.486360766
2025-05-18,131.86204765214407,348082120.7962355,7291964.308832977
2025-05-19,131.68709105210706,347573663.0245681,9540488.717319982
2025-05-20,132.86848310131813,350736121.4217321,10880759.603838392
2025-05-21,134.65286951664078,355428233.1945601,12108901.5520107
2025-05-22,138.20212939613086,364747889.7554563,15255037.48850162
2025-05-23,141.3825040601447,373191702.5096133,12387714.431491794
2025-05-24,133.05847285259986,351219681.29852104,10790290.836294573
2025-05-25,134.13783196979156,354252368.6624674,7470172.353886671
2025-05-26,133.97739100739898,353635789.11272347,14700015.887040297
2025-05-27,132.66330986144038,350150251.7372197,9606680.821968315
2025-05-28,138.28506772402818,364976001.7628936,9416499.630421717
2025-05-29,136.85439188894173,361247522.7929826,8433576.052282466
2025-05-30,135.92403859776104,359124302.4633911,10959162.392703207
2025-05-31,127.35025328210186,336154512.6808832,11977776.673799574
2025-06-01,129.0745241264957,340671500.91107553,9297094.50715778
2025-06-02,130.79716697681533,345251511.0173062,6871762.54682154
2025-06-03,131.88869134984222,347912236.3636683,9340882.660964202
2025-06-04,131.48649832122138,347070314.6172142,9309776.077867754
2025-06-05,129.59042452789993,342065473.5853116,8732955.50659977
2025-06-06,121.41634009080694,320498781.6832574,10713764.519914608
2025-06-07,123.74905400575558,326645434.8003864,8828130.793928025
2025-06-08,125.97463586676268,332517801.34852684,6564593.087410033
2025-06-09,120.05098143772707,316967193.6878897,13856573.129647996
2025-06-10,125.96923689995496,332197682.8310929,12018690.948154312
2025-06-11,130.66472208295778,344750988.9711564,12360477.663946196
2025-06-12,126.2419566403065,333222768.2381974,11046204.222714407
2025-06-13,117.61823654117332,310399798.3622858,12320768.530314384
2025-06-14,114.5705997390775,302358865.9188364,9731409.986115525
2025-06-15,113.0133689907341,298308833.4439745,5474290.857875027
2025-06-16,115.14908030333972,303929909.5251111,13752140.85010667
2025-06-17,115.46908905781982,305189493.0584117,8823229.195826534
2025-06-18,111.79117826297804,295091560.2841318,7919970.293559575
2025-06-19,111.6009383486521,294432642.1023585,6888209.703020511
2025-06-20,110.75271272939956,292413643.1714133,6322032.380882149
2025-06-21,106.92282782265406,282254294.67195964,5789759.58323122
2025-06-22,102.3340865545432,269937788.3428066,4869432.925730827
2025-06-23,100.96344324200663,266502054.7582154,7535573.618564117
2025-06-24,109.45111978220244,288814727.93829024,7007834.325899879
2025-06-25,110.00319268493672,290362812.9591128,6040473.568656978
2025-06-26,108.33952682744412,285953645.4749533,5274755.690723591
2025-06-27,107.44299242950642,283578130.52976567,6763039.011784293
2025-06-28,108.28523010765548,285815170.11521685,6787088.878073823
2025-06-29,109.0871150462505,287911294.6097331,5793206.489181862
2025-06-30,111.57111455201772,294454325.4637942,4927290.154109072
2025-07-01,110.49395292569122,291732199.11393225,16930901.06376441
2025-07-02,105.6351791403784,278833747.0152211,6340778.26269785
2025-07-03,112.24007689480985,296295839.6574171,7159705.195996888
2025-07-04,113.22947801540846,298879124.8830261,5854601.300970171
2025-07-05,108.89314497429868,287556380.9635508,4199639.754298584
2025-07-06,109.8000996625028,289827147.609705,3095905.716548009
2025-07-07,111.49994913066506,294188694.05288374,3868892.865271396
2025-07-08,111.04267979366902,293009880.8331771,4804515.624241202
2025-07-09,113.90171322316348,300543187.932156,5533926.459522672
2025-07-10,118.7756569456532,313884578.0303331,6215640.984296491
2025-07-11,125.43274538974784,331098265.27281225,8542770.797916414
2025-07-12,127.67837322609584,336938257.00047386,8821493.69347701
2025-07-13,126.8799654217273,334909076.5746345,5113786.875990953
2025-07-14,127.16099123385844,335346562.88197523,4192615.104724026
2025-07-15,128.11108699967872,338192490.50128806,8445331.496054495
2025-07-16,132.18897464118913,348907679.91321844,10229936.589075193
2025-07-17,139.59316362351973,368851120.3426449,12952954.154829085
2025-07-18,142.57994189137978,376601806.6801063,16501586.444544174
2025-07-19,144.9367110134576,382573348.0873016,13876222.848539973
2025-07-20,147.00333518409303,387996049.5848124,8413529.87616198
2025-07-21,151.61602273461645,400035887.2118108,7669434.217920927
2025-07-22,152.84865744411258,403535976.05046463,8283257.522854123
2025-07-23,150.49393814865394,397273236.7894594,9212426.02609494
2025-07-24,143.99290843214544,380155183.420625,9560978.592454078
2025-07-25,144.0215655426994,380153301.8427561,9910729.17074261
2025-07-26,145.24855626836546,383544208.9019391,9847918.7729408
2025-07-27,140.75567088549602,371560056.4307312,9252512.115109945
2025-07-28,144.9293881296457,382378204.1065796,7819809.369248646
2025-07-29,139.9558117289973,369468035.2217268,9041756.215615977
2025-07-30,133.64684400003955,352779090.5443551,10464902.29184873
2025-07-31,130.9918079980913,345967601.5883312,9333987.57028
2025-08-01,126.20384446517782,333160293.26378465,11680720.704597518
2025-08-02,118.49083722687908,312759449.0546696,14534363.998220854
2025-08-03,116.12400109259184,306536094.78898394,7742068.026281162
2025-08-04,118.91526183005276,313630254.47042185,8511356.666891519
2025-08-05,125.06111217618856,330035155.79910094,7936535.44224041
2025-08-06,121.07158598918072,319612586.581618,8052938.628168123
2025-08-07,122.33093341104,322868778.7588415,7444473.004440869
2025-08-08,128.22534690156166,338434778.59740376,8791786.982250623
2025-08-09,130.80530815911442,345223557.5216321,7645628.796801765
2025-08-10,138.94795100327087,367076424.9429879,9227105.69538558
2025-08-11,135.89216657307563,358536433.2258818,7628014.87004642
2025-08-12,132.3141765158021,349257722.32195294,9633338.159123585
2025-08-13,140.6819681850554,371342663.17261535,11556279.10025276
2025-08-14,147.82361438588316,389572148.47670937,10721317.88113719
2025-08-15,142.60773068115972,377245451.6864976,21579759.19308201
2025-08-16,137.19812734550854,362118094.657078,16028663.367483629
2025-08-17,137.78854339715502,363368040.7529689,8858615.422476063
2025-08-18,138.19962515263595,364816249.9053127,6716098.147283404
2025-08-19,133.31483126868142,351897936.8853775,9232076.126539843
2025-08-20,127.25908520867527,335895805.65601265,8787268.654031606
2025-08-21,132.4809567570038,349708920.5125027,10572652.190597575
2025-08-22,129.48366629927273,341985492.3981157,10034600.91224704
2025-08-23,142.30793950421565,375802687.47672087,12256960.884051029
2025-08-24,140.33451381067354,370431930.6856798,7504211.409526581
2025-08-25,139.10321822882014,367130897.3522648,8369953.927722217
2025-08-26,129.49894667748325,341563267.4880513,9336778.924168464
2025-08-27,133.98735750968163,354148914.60236984,12057543.80253276
2025-08-28,131.82001367689824,348182253.19030803,8943542.729240837
2025-08-29,132.430093823311,349598344.5367659,8265331.031176818
2025-08-30,128.80153825088857,340013276.0260468,7857341.3485051505
2025-08-31,129.25405746003747,341134681.92672163,4890552.1216111
2025-09-01,128.23462755177968,338519373.9342507,5369891.105022237
2025-09-02,126.20824802490698,332443808.516363,7541021.347518656
2025-09-03,127.80799057147034,337359021.42289275,6127025.266025779
2025-09-04,132.7570037377533,350226782.6761898,7689996.183763602
2025-09-05,131.56857541616785,347416240.0328089,8054796.231797642
2025-09-06,133.981597378452,353746748.7204258,7143098.393344314
2025-09-07,134.04845633276614,353912915.4211873,3114080.869522359
2025-09-08,135.05538160143118,356506143.1783874,3371323.511911176
2025-09-09,135.9370823626249,358577044.425903,5824662.781707269
2025-09-10,136.8930353554104,361186300.7345341,7290405.933040416
2025-09-11,138.12658288586968,364827104.1290557,7049932.390505865
2025-09-12,140.76794408024554,371718199.7513731,8202563.001802185
2025-09-13,146.65029291249726,386944133.5495688,9253234.3447125
2025-09-14,147.79040125509255,389985573.58562654,9420678.028467778
2025-09-15,144.91767922891245,382285527.333271,5933770.356116818
2025-09-16,143.6109967055458,378866367.5695896,10672323.32035995
2025-09-17,146.95730377650517,387907730.1341794,8576241.182654906
2025-09-18,150.5141804794563,397106797.52182055,10933879.318083754
2025-09-19,150.19251486776673,396440302.2533549,12325177.13955278
2025-09-20,145.85951186920585,385028953.2886283,10456592.560389752
2025-09-21,146.68900490169406,387281702.69303966,6094051.012758806
2025-09-22,146.6570126125138,386810294.99385667,6074543.050365613
2025-09-23,138.5298400440745,365565960.97196937,13130345.101552732
2025-09-24,137.10186814065642,361923247.0999587,7288116.378138977
2025-09-25,136.5852242950571,360535610.8521235,6459870.827209929
2025-09-26,128.30720889610615,338734095.965009,10216808.543605844
2025-09-27,136.13867542016413,359338219.95742357,13751599.006491449
2025-09-28,136.82095383406738,361151632.98823893,5462105.406244003
2025-09-29,140.3626789954144,370209043.2770353,7508794.571459609
2025-09-30,147.44752416624104,391465120.78956264,44524498.85688163
2025-10-01,145.93333117472517,384748839.59112126,27391451.344520956
2025-10-02,150.7651167781125,397869006.9060801,13608788.690394305
2025-10-03,153.61774968812742,405431583.1999346,9552074.74104282
2025-10-04,154.388309716001,407438824.00431633,7419115.322050265
2025-10-05,151.69283994911885,400498901.22351253,4502309.120339261
2025-10-06,152.51356561313196,402700481.6081895,5585882.1165666655
2025-10-07,157.30444578103507,415219630.28218746,6672224.554505356
2025-10-08,151.30618082926287,399390716.83788794,9842996.458331645
2025-10-09,151.9050679136693,400717014.4849089,7809450.282159309
2025-10-10,145.1042575189382,383231741.52919614,8943259.070391206
2025-10-11,124.79138097677767,329731611.4716489,23435865.701591175
2025-10-12,123.9961436825721,327209358.08323014,19127357.62217289
2025-10-13,135.41081283552637,357281662.4356972,8529893.731085835
2025-10-14,139.73540760165506,369419847.0889237,9934332.055029295
2025-10-15,136.4240291705742,360143507.74120486,13688069.031558031
2025-10-16,131.54566353090067,347340559.9150754,10013441.487644631
2025-10-17,127.15756850838784,335596704.7810226,11208336.709149938
2025-10-18,124.15675623401214,327681895.79517406,13724453.027788132
2025-10-19,124.34491955090414,328170854.6537127,4571138.842187778
2025-10-20,127.04043616417545,335350965.85099876,4774304.198995686
2025-10-21,126.68521018158071,334396887.2579884,6450662.0484415125
2025-10-22,125.57204833309036,330417570.070688,14190270.665968709
2025-10-23,122.87530721532254,324308090.9377293,8915648.2309714
2025-10-24,126.7113641334232,334465922.94157815,10756384.586348703
2025-10-25,129.9960145365683,343155770.6532276,6830440.01826894
2025-10-26,131.57655700110507,347188439.0503966,3342807.1855224343
2025-10-27,139.72356100886287,368853945.4036734,6759368.588638588
2025-10-28,137.68492407777256,363214405.72213334,6731560.566708551
2025-10-29,133.98445407576122,353357544.77279747,4845243.786602511
2025-10-30,130.8313394885284,345340964.5691852,6978916.929347503
2025-10-31,127.53880066449322,335591552.98407155,11467456.575882824
2025-11-01,129.70912387351473,342307298.79486823,7888753.290425637
2025-11-02,131.53927960971345,347862030.4700052,4513597.05796987
2025-11-03,133.77577002495192,352753757.49821407,8148241.130126778
2025-11-04,123.72912221291934,326556836.57485175,9252346.261730576
2025-11-05,115.44493440085049,304722665.1716808,11558293.873611616
2025-11-06,119.50589337404573,315806064.0993392,7641380.341480612
2025-11-07,115.51151959991908,304577976.28322643,10058738.661548847
2025-11-08,122.40940436797516,323162497.16159266,7754635.712391996
2025-11-09,120.84441080764182,319062469.8131741,5142976.634546386
2025-11-10,125.7715896797825,331985304.6312674,5345925.834290712
2025-11-11,126.3768790937389,333631242.91531414,7059974.123080185
2025-11-12,121.00006967929023,319390452.3355478,7707544.769337767
2025-11-13,120.62409573819058,318369666.1449546,7025931.562651911
2025-11-14,117.43179221972557,310165012.99384063,8355567.415709244
2025-11-15,116.83177005947245,308446324.827589,10338642.69272017
2025-11-16,124.16384087229456,327786644.60488397,5585308.656801471
2025-11-17,124.16340230064436,327632275.887883,7250461.901749862
2025-11-18,124.2503863869304,327824760.3658851,9005457.034944303
2025-11-19,135.54004028670045,357459060.3264843,9125132.83842708
2025-11-20,137.33978563549317,362338551.1648646,26927505.72973426
2025-11-21,129.95511473719378,343333425.85942817,10171394.790910944
2025-11-22,127.1504152377634,335664076.46924007,12138247.865011718
2025-11-23,126.9007226401828,335139813.84345824,6160103.31015236
2025-11-24,128.2131340450783,338395565.8549588,5718097.868092873
2025-11-25,132.1802432030294,349043168.98127353,9331833.897156175
2025-11-26,132.61773667542684,350463567.903017,6756259.3448082125
2025-11-27,134.9457009701477,356202031.7600381,7475042.239413073
2025-11-28,134.58360023122302,355141294.36436194,6045481.844388061
2025-11-29,135.68768282859875,358034163.45060605,5324875.032537801
2025-11-30,131.65518802324544,347603544.586702,6577737.813976547
2025-12-01,129.76758875541103,342550682.2789322,4891259.673245088
2025-12-02,121.54911682945372,321061631.78345895,12295697.690414812
2025-12-03,126.50858764848245,333899720.1359256,8996457.024568934
2025-12-04,132.78733378478896,348796556.8120378,7213685.82043746
2025-12-05,128.90257428072653,340250837.95248866,6693360.583729697
2025-12-06,124.8025911500381,329407865.9115994,6253896.112637326
2025-12-07,124.6738272247499,328854324.97596824,5401648.340602625
2025-12-08,124.99280391231196,329449919.33706546,5065646.133568816
2025-12-09,126.35035342742118,333565168.2061259,5729203.816140983
2025-12-10,132.11403632427945,348748257.37697184,8342791.633036491
2025-12-11,131.28611210155347,346514516.6450371,8012517.381749183
2025-12-12,129.367671778092,341541192.3085186,6610194.785701812
2025-12-13,125.57473033154332,331260483.6249022,6232896.174289628
2025-12-14,125.87927480835776,332131190.86969763,2797139.1388478675
2025-12-15,123.18686586004466,325133499.14242685,2971995.460875984
2025-12-16,117.15470037849984,309025433.6489406,6611666.697635473
2025-12-17,116.15262907955228,306613759.94683087,4276802.2432467425
2025-12-18,113.37936570907397,298412443.1502705,4238276.222284407
2025-12-19,113.83535861336628,300485901.8860824,6917080.528145872
2025-12-20,119.7063889633316,316075419.167631,6477777.029896791
2025-12-21,121.1920285389626,319766734.49045795,5118953.73913584
2025-12-22,121.52008967033754,320692292.00370693,7520213.038124816
2025-12-23,123.501008186827,324439480.23157656,7261625.829009498
2025-12-24,122.22701902192284,322674427.01322323,5502120.826396116
2025-12-25,122.1691489114017,322726549.65797186,4594422.28777239
2025-12-26,121.71537955418717,321328077.00504756,3778298.015467256
2025-12-27,122.59268248482353,323607475.09665674,5062102.343919565
2025-12-28,124.26672464128168,327944882.23073554,3053124.5415694644
2025-12-29,125.49777180292942,331263912.56632817,3470609.201304389
2025-12-30,126.09809160187402,332778430.404288,7126789.24796476
2025-12-31,127.20527265914416,335773268.6234766,6963978.40628114
2026-01-01,128.08444811600123,337913414.46264094,11039916.624034531
2026-01-02,130.80448708904746,345244623.3680188,4058495.613339839
2026-01-03,135.88529312220734,358718846.1274103,6026143.93242994
2026-01-04,137.7640631367442,363639429.80737007,5107096.493251059
2026-01-05,139.4359824942835,368252934.44014424,6943757.624309109
2026-01-06,141.9467137663886,374598055.5714737,7719495.646013968
2026-01-07,145.1236276491535,382909974.7571104,7105585.9203436505
2026-01-08,139.30539522762507,367700680.47010994,6319260.963117441
2026-01-09,137.79485987173015,363774499.45085216,7083321.248397012
2026-01-10,137.4808821111599,362658106.1200876,5128410.309045389
