date,prices,market_caps,total_volumes
2019-09-18,0.1144031556191624,181921868.8926456,51190435.93994769
2019-09-19,0.0782093621657847,122042999.7157996,4343889.00895705
2019-09-20,0.057816042038081,93471509.82404302,26900818.2774817
2019-09-21,0.0525699761918529,86997867.69222786,15858286.671405315
2019-09-22,0.0479905218140346,82197489.87433445,13092025.652961418
2019-09-23,0.039744693976009,69517033.7414375,10537901.511443356
2019-09-24,0.0378187991163208,67114068.60201465,11326591.125456944
2019-09-25,0.0295297295137601,56377440.58075029,11941167.765984274
2019-09-26,0.0301421871099427,19441751.30503756,8920159.193790764
2019-09-27,0.0289428055214688,18701589.194600083,5182540.970721739
2019-09-28,0.0369949041195271,23862367.92990303,11947097.85567545
2019-09-29,0.0399360922673301,25542872.673248213,11221529.12416104
2019-09-30,0.0356741055141367,23060906.27947901,13674976.964697983
2019-10-01,0.037943657661578,24493870.34086961,20867801.366431225
2019-10-02,0.0376091782813182,73395606.78132702,5643608.633288588
2019-10-03,0.0376091782813182,73395606.78132702,5643608.633288588
2019-10-04,0.0381718560127541,24332545.85295131,5450297.808694491
2019-10-05,0.0386801308377213,24531330.387781058,5624962.663130261
2019-10-06,0.041882663703918,26679335.97620821,11887635.411776828
2019-10-07,0.0380173160135739,24198772.522648383,4223206.935569445
2019-10-08,0.038136294602974,24252607.23102387,4891488.448047395
2019-10-09,0.0386748548914875,24619379.46072205,3913386.309080131
2019-10-10,0.0390783131551204,0.0,4652610.458871537
2019-10-11,0.0381358187195321,24274049.749892708,3249050.602357329
2019-10-12,0.0358094908856281,22788598.94091064,2989456.064439865
2019-10-13,0.0350114195199589,22285320.40945974,2189144.4469848294
2019-10-14,0.0330769085103794,21167879.459191088,2449780.267740424
2019-10-15,0.037218016552009,23765408.661552977,5511079.714062539
2019-10-16,0.038085700542189,24404838.626859576,5766685.4501610445
2019-10-17,0.0373461524879033,23643017.38712567,5247251.939613227
2019-10-18,0.0352776635535806,25038002.732321247,3691756.499943716
2019-10-19,0.0338926456732684,24073226.7739702,3261469.0549417054
2019-10-20,0.0335529012128491,23853814.15846948,2210655.2935017087
2019-10-21,0.0332483492609292,23515393.153852224,2199985.798265821
2019-10-22,0.0333690490295443,23777212.507619053,2529723.130071328
2019-10-23,0.0316104544714587,22486874.52495283,3341576.973397691
2019-10-24,0.0280389032066778,22573277.068144828,4742153.771767817
2019-10-25,0.0287999620051489,23388580.24291997,3074024.874698936
2019-10-26,0.030693857879365,24666552.38368136,5030346.358621036
2019-10-27,0.030797277384291,24682622.588861264,4389404.814605432
2019-10-28,0.0316806885626734,25495879.58334712,2867553.1434227177
2019-10-29,0.0317906589104679,25753935.15840184,3907690.536098134
2019-10-30,0.0340092877222447,27524030.174453605,4667984.8727204455
2019-10-31,0.0328077047863836,26402875.96605991,3008995.487508796
2019-11-01,0.0332312939898546,26846745.04662592,2901998.012241939
2019-11-02,0.0348543017596184,28049929.497804016,3084632.44014781
2019-11-03,0.0344203500811542,27688840.564177115,1928301.2589129957
2019-11-04,0.036838570438937,29595582.353731755,4272690.951160766
2019-11-05,0.0363929185769756,29288172.44263918,6649138.93246646
2019-11-06,0.0362087242110345,29139937.11105309,2576523.4268634226
2019-11-07,0.0341857963879471,27489639.540962763,2844160.4831793844
2019-11-08,0.0328085047833755,26403519.7849886,1862545.2932419607
2019-11-09,0.0328939340533364,26475045.74672625,2674477.639287933
2019-11-10,0.036926277633659,29717407.377258357,6626390.935962148
2019-11-11,0.035445131213929,28525415.26862612,2727611.057123906
2019-11-12,0.0344987947339294,27790997.45879201,1511065.9935806002
2019-11-13,0.0352161181050456,28264740.42009032,1348671.8737775888
2019-11-14,0.0350423346792157,28180901.067286685,2917463.4891661177
2019-11-15,0.033968828217886,27366616.361839235,1717787.6459313736
2019-11-16,0.0324654123948273,26109494.33631449,2165901.769739597
2019-11-17,0.0328395377800314,26404336.9350342,1147700.45338635
2019-11-18,0.0327192497186473,28471608.852255,2115294.0681082387
2019-11-19,0.0307246018125559,26783577.805387184,1538133.2015815475
2019-11-20,0.0303200200162405,26535260.43138929,1711549.1938324054
2019-11-21,0.0293905101237924,25575326.59881244,1561251.158784722
2019-11-22,0.0273904158851751,23879940.561355654,1306476.1307206356
2019-11-23,0.0263415054042624,22966206.773129188,1843105.1860342536
2019-11-24,0.0256089873802938,24980826.915572677,3990318.796342124
2019-11-25,0.0241882150023511,23467178.17919216,1342665.4094966576
2019-11-26,0.024142781676896,23400220.130891982,1841030.163982037
2019-11-27,0.0243810339161156,23552517.327893168,1355422.8830214648
2019-11-28,0.0262564791210595,25452149.29744317,2444389.7956182663
2019-11-29,0.0250843995001995,24219799.713143896,1286161.3162261732
2019-11-30,0.0269742694981141,26065900.193054207,2190530.3922270644
2019-12-01,0.0253986709410528,24540922.594457813,1952655.151252906
2019-12-02,0.0266747679126737,25135948.25512648,2020152.8483333413
2019-12-03,0.0250871666021978,24213058.28977616,500614.9975175186
2019-12-04,0.0243001101603649,23494437.108704004,2053988.6666058656
2019-12-05,0.0231654038956776,22519410.68141784,3620405.937338261
2019-12-06,0.0225766209588527,21836456.055998977,3329129.889388953
2019-12-07,0.0236054339654144,23048249.9853224,3263509.805330828
2019-12-08,0.0245970654710314,23637173.743139625,2610764.612219587
2019-12-09,0.0272994384500362,26021073.486914165,4358528.778279698
2019-12-10,0.0252164001671566,24413422.509571742,4374063.811662763
2019-12-11,0.0234922167147007,22710723.548862927,4176643.440099737
2019-12-12,0.0246528354609148,23823240.50349459,2911589.759485206
2019-12-13,0.023242753061933,22579161.671595465,2429059.912487675
2019-12-14,0.0234262383931401,22811228.162292637,2246395.400542817
2019-12-15,0.0232711716726303,22461393.010295283,1934359.0299909457
2019-12-16,0.0228523339362701,22115367.22028836,2323296.49725475
2019-12-17,0.0209490553217462,20563186.35128217,2955516.8374095685
2019-12-18,0.0185577133083017,19433528.703919835,1499481.6163431038
2019-12-19,0.019520274712221,20063789.69809288,1642558.903203778
2019-12-20,0.0182214026626319,18828192.13528054,1161561.0659922266
2019-12-21,0.018836295707907,19476485.703500956,1318349.8262751866
2019-12-22,0.018430442476022,19065680.98618365,1170842.0501553402
2019-12-23,0.0186105826677871,19322092.268108413,1956119.1771936624
2019-12-24,0.0157050727452358,22471121.380005658,6196876.36413418
2019-12-25,0.0150924685475494,22959548.41486905,1228667.0919758354
2019-12-26,0.0147175130615416,22261108.512155853,1570008.996804924
2019-12-27,0.0147010886538306,22237252.35806408,992777.1557218388
2019-12-28,0.0142112752815295,21499219.33972068,1320540.086071014
2019-12-29,0.0142508027899176,21803945.28911159,864973.7090338852
2019-12-30,0.0130905897932044,19803814.62430729,2418897.856919979
2019-12-31,0.0111269763204223,16953330.23361225,2702438.276074264
2020-01-01,0.0102242012128104,19852758.6379392,2376819.472251359
2020-01-02,0.0103008677578968,19963620.926689222,1917176.9144327631
2020-01-03,0.0100773589246663,19494402.41817173,1689575.1744687066
2020-01-04,0.0103791629652167,20164091.21827738,980792.4171340076
2020-01-05,0.0111111621190304,21557864.053482037,2621999.416715054
2020-01-06,0.0115282054765642,22405749.964255515,3382955.49305512
2020-01-07,0.0110764086693314,21532418.920176417,1795981.631412614
2020-01-08,0.0106454551385,20805287.83983009,1677199.7793832636
2020-01-09,0.0102012818863197,19841843.696504965,1129825.8385155117
2020-01-10,0.0100934579648213,19625007.066496707,1094521.2505302634
2020-01-11,0.0106812989406066,20601217.89529873,1794320.2693131296
2020-01-12,0.0113700722795485,21989039.17764542,1167321.3978455768
2020-01-13,0.010980733639471,21327323.539400533,763501.8791671519
2020-01-14,0.0104875949680219,20328195.96743604,622074.5436945164
2020-01-15,0.0102545251944781,19888930.40014602,1430703.1359212657
2020-01-16,0.0104159160542905,20225507.886051618,1284378.742815974
2020-01-17,0.0115305267709788,22298970.356434077,1538866.641121294
2020-01-18,0.0115328956061346,23244372.420624625,1837483.3512372305
2020-01-19,0.0118744263580345,23934981.77523992,1119569.5817665078
2020-01-20,0.0108401488222229,21776597.67646956,1128925.0782856394
2020-01-21,0.0105405404299433,21205295.014758527,403883.42331760505
2020-01-22,0.0104102786944756,20850150.25017946,587308.0951447026
2020-01-23,0.0107311752300842,21505866.311395165,954266.5285679572
2020-01-24,0.0102028538618269,21179627.64688308,685183.0968685539
2020-01-25,0.0110694660682206,23000950.904283974,938020.8092229458
2020-01-26,0.0120753702271674,25058589.27897578,2695288.8976247697
2020-01-27,0.0116676713968927,24201000.66301814,1564564.8326121955
2020-01-28,0.0113614954075718,23626575.95535279,1389718.105346376
2020-01-29,0.0114710947465904,23905947.11803108,1195426.060008963
2020-01-30,0.011568631155736,24115242.02270768,745246.5242748801
2020-01-31,0.0119505119317566,24734323.09527232,656498.0144382815
2020-02-01,0.013151703030393,27533008.024842866,1282942.185183416
2020-02-02,0.0133758508908815,29966413.46940697,1149260.441398812
2020-02-03,0.0130814450869673,36869017.845035255,862419.4992352673
2020-02-04,0.0155509998425699,48973252.71355289,3696187.25299477
2020-02-05,0.0181080360809285,55817202.23204944,11255328.421998443
2020-02-06,0.0228003373706692,72181273.3851106,11287284.54245044
2020-02-07,0.0206412604692768,66067858.7167518,7599163.181698471
2020-02-08,0.0213648922417155,67948210.15181893,4558523.901814389
2020-02-09,0.0184807106787319,58391710.18494592,3877808.8475440554
2020-02-10,0.019611428323992,61936129.22511659,4356409.144444956
2020-02-11,0.0188977290632781,59813033.935171954,2138704.317057532
2020-02-12,0.0338716445668487,107431734.67392448,60999857.37277321
2020-02-13,0.0693236899472167,221132401.43898717,245374467.6563405
2020-02-14,0.0545757870844717,171990941.724765,92383801.84931028
2020-02-15,0.0544874974372818,172905162.94468617,55029682.22110416
2020-02-16,0.0480549464143088,152207254.3849805,22334331.49201415
2020-02-17,0.0519403684655855,169351121.2589972,26985696.56460849
2020-02-18,0.0518092748543514,165419042.60337257,49491346.57431997
2020-02-19,0.0509523405754511,165963809.66879,15619139.550084468
2020-02-20,0.0465530872289904,152667945.28573307,13046176.566518422
2020-02-21,0.0462340928158391,147871262.12318918,10484106.08433441
2020-02-22,0.0463239870868851,149613497.69103184,10870392.652925773
2020-02-23,0.0454873524275037,147119612.6941288,8460662.47711497
2020-02-24,0.042750466658591,141808273.3437385,10362277.810817102
2020-02-25,0.0380350502339355,125700918.75277196,10022815.770442637
2020-02-26,0.0356736951505896,117842067.16795574,9440738.650044626
2020-02-27,0.0326911863248481,107609453.78477244,10430061.623411013
2020-02-28,0.0358215966069679,117577133.35267746,13414761.208678868
2020-02-29,0.0355149499152876,118651944.30562297,10122044.042088838
2020-03-01,0.034508566521258,115042803.260293,7264831.798349558
2020-03-02,0.0343921424754065,116018339.0826242,5854067.847203262
2020-03-03,0.038490684143183,129049501.12330872,11942248.34685155
2020-03-04,0.0413997119627758,139410287.009269,8628223.881221052
2020-03-05,0.0415707663713044,140304635.32029325,10720672.461684655
2020-03-06,0.0456476647048673,154567874.08533424,13623533.526114725
2020-03-07,0.0583927933639927,194240184.5511369,41499425.06926135
2020-03-08,0.0560445866688133,189433562.35712495,39298066.23624297
2020-03-09,0.0504066543361966,168693161.0342976,32778179.095868766
2020-03-10,0.0452685984737208,153793437.5955552,27462369.09928308
2020-03-11,0.0449399264826868,153573120.48435214,23057997.97026816
2020-03-12,0.048151367103693,162718424.99437135,58105496.01478238
2020-03-13,0.0266623004294281,85917455.748436,37560661.827678144
2020-03-14,0.0356584125449947,119928778.5872097,52895245.3089978
2020-03-15,0.0422670208679632,141433403.06339842,112392010.69295096
2020-03-16,0.040745934703676,137966129.15352148,38783830.114981934
2020-03-17,0.0365021400771244,124208802.31135917,39311892.06876917
2020-03-18,0.0378718817020867,130601792.99796563,26319670.75580856
2020-03-19,0.0364400814776399,125234393.99421978,26621879.232509736
2020-03-20,0.0405817346967157,137451078.64090827,48920607.017278135
2020-03-21,0.038108912236177,130602577.9917066,31842941.51967833
2020-03-22,0.0369505598826047,127039549.40593264,15076377.992096169
2020-03-23,0.0336074373515103,115473741.15773048,14379567.993811537
2020-03-24,0.0341554830927303,129589111.08579256,25540993.870480184
2020-03-25,0.0336943439844599,129133534.69016992,16230166.946247851
2020-03-26,0.0329718451193229,124920131.56433988,7525097.948635111
2020-03-27,0.0341369638731314,130681109.5411674,4506732.140343824
2020-03-28,0.0321179184806055,121659454.17593686,9593266.052976536
2020-03-29,0.031064579479076,118413163.60846904,8783854.804234274
2020-03-30,0.0308847087422951,117997981.36399664,10727933.19895264
2020-03-31,0.0316740801730587,120882258.62162128,7843030.659031002
2020-04-01,0.0318917375327265,121625755.58876117,7265689.837454793
2020-04-02,0.0324337292937674,125089443.54327723,9542678.288920024
2020-04-03,0.0333203809685736,128999427.7928823,12057990.718892513
2020-04-04,0.0337156325580179,130442288.60237284,11194226.201110892
2020-04-05,0.0333152276423448,129543143.62240624,8802977.305798732
2020-04-06,0.0330812952894981,128010789.79923414,5403371.775112373
2020-04-07,0.0346282314954004,134013473.4539218,8690906.61767484
2020-04-08,0.0342314278393541,130173596.36260484,10198934.618332224
2020-04-09,0.033702950850384,131165821.59702124,7830298.904592305
2020-04-10,0.0365496339813375,141466716.6716048,11848636.331348095
2020-04-11,0.032897004821262,127528758.26730108,19772708.64537341
2020-04-12,0.0328799974455642,127636613.19711196,6781600.089965853
2020-04-13,0.0332857975293236,130590283.68481769,6739718.453946791
2020-04-14,0.0325010578273009,126325045.61016127,5702246.2814224325
2020-04-15,0.0330261559299215,128345264.43366092,4334315.280808701
2020-04-16,0.0321360983264242,124450990.5660728,4005007.216914456
2020-04-17,0.0327413070905139,127293232.8629773,6180486.726006256
2020-04-18,0.0324662438353407,127300979.54872148,5335194.490959564
2020-04-19,0.0340874574297947,133757930.3548673,9386043.60239685
2020-04-20,0.0328549505321956,128597486.31568886,5442297.731469192
2020-04-21,0.0309259380411618,121844301.33037291,6586084.9429305
2020-04-22,0.0310110294526453,121118755.0435196,4780765.182388604
2020-04-23,0.0325652282458593,127478320.48129147,6988395.674716506
2020-04-24,0.0325079400513967,129574133.74512148,8445368.068257656
2020-04-25,0.0329139195114961,130908332.45819518,6718348.015582203
2020-04-26,0.0331220575780935,131733499.82576652,5412148.582599221
2020-04-27,0.0341863830514794,136126251.93774045,7030261.132504799
2020-04-28,0.0340182953943165,135529068.058801,7447790.248958665
2020-04-29,0.03366968320809,134281335.68303782,6015740.444364741
2020-04-30,0.03507875383038,140169282.86375427,10811432.160051089
2020-05-01,0.0353274947168824,141171634.5978613,12165879.100447295
2020-05-02,0.042044247928324,172085721.18694466,43744096.02127388
2020-05-03,0.0437384064819056,178970384.11159354,41616777.06686663
2020-05-04,0.0393233543865914,159392063.40523738,19194334.44527041
2020-05-05,0.041639465146177,168070175.91264415,24859708.469001956
2020-05-06,0.0401901297857354,164006831.7766652,16523048.81084175
2020-05-07,0.0386448341695708,160034984.73124728,11212565.639152415
2020-05-08,0.0395824151555287,161399880.65533227,11030878.244843816
2020-05-09,0.0393839651009681,161437531.9483145,10861745.588806763
2020-05-10,0.0389997855267927,159241609.05415195,8615938.82642581
2020-05-11,0.0343450088432866,139893350.96815577,10421978.684954666
2020-05-12,0.033767179703819,137758648.02217025,10539021.925959803
2020-05-13,0.035327791388676,144250668.65318426,9134504.93560022
2020-05-14,0.0355818341233971,145044910.666589,8596407.429980697
2020-05-15,0.0379035644288011,154607526.36486474,12597744.98402112
2020-05-16,0.0357928595486934,146366241.24523652,10388890.16050516
2020-05-17,0.0359417535601003,146559141.74606612,6735009.979738306
2020-05-18,0.0359383735083484,148473615.96408984,5365946.604645192
2020-05-19,0.0361204620138736,149856534.3801631,8737016.71175321
2020-05-20,0.036086857587807,149327040.24024737,8514553.295056988
2020-05-21,0.0382248838828536,158174170.74525985,18965879.641533192
2020-05-22,0.0360180279526812,152060383.81763068,12854921.778715529
2020-05-23,0.0389661934218599,162245066.06467977,14766956.417291349
2020-05-24,0.0367623637358346,162531903.17130658,11937634.763240336
2020-05-25,0.0378766600529735,166787982.8009457,15884508.298199384
2020-05-26,0.039467976808741,173547798.84158745,18969730.162335336
2020-05-27,0.0447391525107655,198813694.2464948,65427687.084390186
2020-05-28,0.0487444237531558,214643638.04023176,45670397.18785038
2020-05-29,0.0451776764262606,197901650.32346085,43400147.17940897
2020-05-30,0.045033871673401,198356580.26531368,21937116.87710623
2020-05-31,0.0455709940477626,200368226.0871139,13978107.621734183
2020-06-01,0.044096144738736,190208318.57936516,14863153.16831147
2020-06-02,0.0436756001786443,195504629.7007953,17389705.253984865
2020-06-03,0.0427189741283906,191570719.2170128,16155214.261408225
2020-06-04,0.0432930361977966,194445667.8915158,13817935.721553523
2020-06-05,0.043880560738147,196921750.6287329,12432908.214320514
2020-06-06,0.0440390974521254,198195665.14152437,7924287.565821216
2020-06-07,0.0440689457083663,197371655.62787575,5719985.715793368
2020-06-08,0.0438305676926188,196754903.09766212,6762736.802379367
2020-06-09,0.0440437778837674,197790297.82564703,4718119.509359085
2020-06-10,0.0434555056243195,195162115.59916785,5171174.251436354
2020-06-11,0.0450626534990718,201848628.8224175,7108947.324002511
2020-06-12,0.0401269737615735,179730494.62122276,10965485.19015112
2020-06-13,0.0421539607207674,189528440.1884064,9332704.327455211
2020-06-14,0.0423851383861726,190144704.9735151,6159235.985395679
2020-06-15,0.0409871910717778,184038916.42018983,5879566.416810385
2020-06-16,0.0407191141626711,183065062.2275976,7663139.624770716
2020-06-17,0.0415811522243368,186586908.7385739,8453679.862554466
2020-06-18,0.0425958795536783,192441673.03213805,8203003.844003027
2020-06-19,0.0454643808523228,205817480.95742,42163052.61373165
2020-06-20,0.0441804415370382,199091398.4722144,11864346.273915607
2020-06-21,0.0438357161289114,197295805.0680178,7789595.467774632
2020-06-22,0.0434485819372639,196166018.59761867,4899758.670921868
2020-06-23,0.0438325946884107,197741981.9400845,7129136.4721743865
2020-06-24,0.0421175047734145,196427108.65494508,10026150.53825343
2020-06-25,0.0416002300713474,194014305.37214804,6391023.698851589
2020-06-26,0.0407018441161874,190732484.95837405,6658093.303708158
2020-06-27,0.0394123800798136,184112229.9829441,8138622.730115524
2020-06-28,0.0373028364743631,177468973.40456408,6298542.379757287
2020-06-29,0.0383094084733473,179492339.48367828,8957466.308372864
2020-06-30,0.0384407062795957,179876980.82815927,4568123.294187393
2020-07-01,0.0383959881339322,179729168.18543762,5226776.367419197
2020-07-02,0.0388355939044888,184843974.660262,5349212.821171409
2020-07-03,0.0379551902864329,180073131.89380813,4412121.775309482
2020-07-04,0.0396908252605362,188443513.8800263,8057420.109537469
2020-07-05,0.0412060740042375,195705255.74649465,9062254.882364905
2020-07-06,0.0395479766803188,187066840.4811509,7490821.941581855
2020-07-07,0.0402288621654853,190942329.1046548,8309300.16284443
2020-07-08,0.0405355563181875,192386158.27676103,7503385.019626507
2020-07-09,0.0419382229164451,198858510.4046725,7748110.165237775
2020-07-10,0.0406826706339838,193308815.3341653,10110130.324214583
2020-07-11,0.0412127143321876,195859349.13901663,8045438.5187976835
2020-07-12,0.0413775798324471,197095812.78775316,6561183.775594248
2020-07-13,0.0427035306018146,202767736.1111759,10872477.331219949
2020-07-14,0.0411300009355544,194920089.2803896,13080980.581496714
2020-07-15,0.0407306576960661,193264816.33722493,7601153.68639304
2020-07-16,0.0405120958694789,192584080.8114776,6663772.498246315
2020-07-17,0.0389919437631558,185432267.70557228,7984365.548696719
2020-07-18,0.0395796950882348,188438524.01868767,4798769.908694098
2020-07-19,0.03992889371065,190636961.1282408,3990474.490304781
2020-07-20,0.0399383135345277,191257405.4157533,4633667.618594026
2020-07-21,0.0407208930417306,195343866.3940183,9608041.508354995
2020-07-22,0.041511035866478,197909130.25584075,9999785.502614085
2020-07-23,0.0421012627642123,201470277.2963169,11641830.317802552
2020-07-24,0.0422541762547803,208828001.79275036,14335146.66225321
2020-07-25,0.0427638379301625,211438028.20904872,8673554.644515991
2020-07-26,0.0428669997394526,211765507.2189806,7123203.503911458
2020-07-27,0.0410565266653213,202903124.9164868,9985469.24519396
2020-07-28,0.0400198649944073,198237060.2280296,13539042.03282641
2020-07-29,0.0423474754193636,209657370.0102752,16166229.132780395
2020-07-30,0.0436674112645897,215674900.0964167,17211377.890208617
2020-07-31,0.042618295205791,210839841.66944677,15780720.77475448
2020-08-01,0.0442974455655394,218422818.2119713,21317547.052461743
2020-08-02,0.0457187498721747,236616253.46950927,19075955.8467323
2020-08-03,0.0438646998947933,221496487.72834203,21527528.540846217
2020-08-04,0.0449292581296508,220559561.89089623,11282386.378408626
2020-08-05,0.0430958809959138,216692414.2411137,11008468.908236433
2020-08-06,0.0433949733268748,218413174.62582505,8286117.614023006
2020-08-07,0.0442383887092611,223025132.70569465,10932832.867562348
2020-08-08,0.0435990513142036,219361265.9085292,14150357.27321091
2020-08-09,0.044918513412207,225712587.39189327,8256889.774510026
2020-08-10,0.0449223905492259,226359277.37661752,11148191.66961056
2020-08-11,0.0525443648201242,264051037.31301403,45187216.58629679
2020-08-12,0.0515672452487206,259364838.25233412,63755169.62343661
2020-08-13,0.0521718245043984,263397936.40533644,26962762.69238332
2020-08-14,0.0506532252127164,255247791.1644669,20488809.71077163
2020-08-15,0.053788433331399,272398589.8312624,20045994.115842827
2020-08-16,0.052299644184171,263658025.2019563,13429970.621126007
2020-08-17,0.0533683972814447,268391140.50782257,10938619.131281797
2020-08-18,0.0561083067417996,282432085.1687823,29344999.97613531
2020-08-19,0.0529117957273047,267464299.7267337,25500592.385941356
2020-08-20,0.0501203479908086,252752477.51370448,13426667.19907596
2020-08-21,0.0520343390791814,262059035.34874475,9338636.240785472
2020-08-22,0.0488949911547211,246878310.8029714,12303215.14185994
2020-08-23,0.0498324474295547,251513144.41880804,9683311.401736742
2020-08-24,0.0487314567410064,254064962.64771184,6300121.251715407
2020-08-25,0.0496229157618457,258612716.94670185,8998159.545433236
2020-08-26,0.0466034734362915,242622486.54110408,14125588.917378971
2020-08-27,0.0464283806974372,242228736.51186308,15751150.117881147
2020-08-28,0.0439570129780313,230138630.0611508,15625112.170985552
2020-08-29,0.0449429889996874,234392191.79162392,11075798.495851653
2020-08-30,0.0454706147076385,236160862.504824,13327184.457110602
2020-08-31,0.0469819677698938,245179307.9214582,10612287.054114403
2020-09-01,0.0455778298799959,237473130.23977435,10078887.546450188
2020-09-02,0.045303877823178,240260116.64221135,10946344.050952332
2020-09-03,0.0426772117387032,225558078.14896396,8549435.18098303
2020-09-04,0.0390015393634174,208489182.2800457,9823912.980942488
2020-09-05,0.0391253265707442,211284654.1815304,8556197.358509976
2020-09-06,0.0364655125030511,193398416.91446555,7659339.847454973
2020-09-07,0.03668817637822,194001419.3952152,4888141.298582068
2020-09-08,0.0368319452660599,194793234.43849853,4390944.075000915
2020-09-09,0.0363502786670299,191870459.33830896,4955687.093973862
2020-09-10,0.0372619230896579,196564458.27381197,2490637.760892048
2020-09-11,0.038912540894834,205407821.41619143,4777157.03009519
2020-09-12,0.0384678407751065,203453225.49254388,2804344.4210747243
2020-09-13,0.0385219581672545,202993141.3335729,2353314.7517094417
2020-09-14,0.037092694403394,195761558.2918197,2602889.233526896
2020-09-15,0.0374031446375213,197720836.69983184,2422537.383273524
2020-09-16,0.0359274746482023,190004424.6821546,3072470.654787823
2020-09-17,0.0361494374931743,191872213.5383685,2923659.173589887
2020-09-18,0.0345381983731299,183599558.08152828,6709583.645920827
2020-09-19,0.0344913748534441,183229090.05978572,3407192.055754669
2020-09-20,0.0344818861597119,183284895.975428,1498219.0721650464
2020-09-21,0.0336233230087345,178419098.46553427,2245845.230749428
2020-09-22,0.0317513097684366,168903548.7333423,4189189.646831874
2020-09-23,0.0320872153427705,170392795.04991522,3009829.0910761487
2020-09-24,0.0296182429760585,162631932.93372458,3702383.70174986
2020-09-25,0.0320248111029754,175976481.91381505,3070123.265039685
2020-09-26,0.032285888830869,177742564.3127572,3123654.8947861725
2020-09-27,0.0322514009312964,177338605.4893064,2515708.07116104
2020-09-28,0.0314882416557545,173341576.7399575,2292247.7121089776
2020-09-29,0.0318800821056404,175489523.75424245,4540520.662444091
2020-09-30,0.0319820321673862,175757661.05379534,2502539.586212158
2020-10-01,0.031736680799602,174649037.2666282,2092520.2218280688
2020-10-02,0.0310799813162285,172758521.26220912,2612506.825147528
2020-10-03,0.0304657795842473,169197106.16634184,2727107.755551055
2020-10-04,0.0309645981349924,172498146.26148814,1637654.2582918885
2020-10-05,0.0309911894933232,172843351.67613986,1413324.5679144298
2020-10-06,0.0312033488631265,174079647.581521,2115042.368196544
2020-10-07,0.0299772889928079,167449909.19958836,2464497.7540979343
2020-10-08,0.0303796842556197,169619804.52015063,1479076.662494755
2020-10-09,0.0321090133426016,178949423.0024049,7075973.653103114
2020-10-10,0.0343282280823039,191521998.85130292,10298844.916839885
2020-10-11,0.0342658426017263,191558096.52191925,4133695.6432867297
2020-10-12,0.0339891532602127,189507224.5456312,2754799.824129645
2020-10-13,0.0343486348342569,192147676.0192012,2799326.9695419334
2020-10-14,0.034114498909576,190467994.1371258,3344661.2239786866
2020-10-15,0.0348669866162505,194532533.3452716,2788400.097715605
2020-10-16,0.033594834478142,186983427.9543853,2744352.9226569138
2020-10-17,0.0315201755498328,176291881.29659188,3707178.766040847
2020-10-18,0.0314496180331264,177802360.35730374,1974249.646399356
2020-10-19,0.0315213267201559,178092257.92916203,1204696.8528037637
2020-10-20,0.0315611787161917,178141673.24360034,1607913.3582789083
2020-10-21,0.0302726960197903,170798605.8865656,2353839.519796398
2020-10-22,0.0312213682237252,177358139.25319064,3261122.723127377
2020-10-23,0.0324353895821898,182812494.66046175,4755206.100659923
2020-10-24,0.033028657307379,191269507.57956368,4885603.562504142
2020-10-25,0.0326481545289816,189608030.21673244,2141246.228329642
2020-10-26,0.0322745177070553,187515474.6222928,2092330.7503586088
2020-10-27,0.0307960398284427,179482142.75100365,2861999.2809689296
2020-10-28,0.0311699622357063,179895195.95256698,2668084.9068787806
2020-10-29,0.030025701427279,174385002.56406364,2002878.893889352
2020-10-30,0.029523605963402,171404045.23176748,3411671.646638216
2020-10-31,0.0293620117416664,170670907.57227767,2457762.915815
2020-11-01,0.0291128295370075,169054781.42104897,1316296.9438902803
2020-11-02,0.0292843969056811,175915828.4346452,1206003.2281636393
2020-11-03,0.0300025434297025,180348159.56838205,6320794.056746865
2020-11-04,0.0285320885438069,171639763.01268852,2358623.88903296
2020-11-05,0.0286116876799626,171985020.68670186,1945182.0614282468
2020-11-06,0.0294187688452895,177432560.01632583,2500314.7170731034
2020-11-07,0.031249272438231,188045355.98800483,3869184.103776439
2020-11-08,0.0298704380094419,179790069.50163463,4323625.947715443
2020-11-09,0.0304423005366362,183074872.18539807,1708234.5765212025
2020-11-10,0.0311369193222615,184642118.9706879,2507427.616051814
2020-11-11,0.031311453927957,188056687.5029489,5146447.334978609
2020-11-12,0.03311259831297,198788355.2389225,15473745.3447235
2020-11-13,0.0310548306761249,187221252.03662,4484888.351125335
2020-11-14,0.0322145209857401,194140545.7505372,2893749.3509939406
2020-11-15,0.0318853082402088,191636423.0595732,5159608.9365514
2020-11-16,0.0313176827184361,188228948.93707705,2447420.634427616
2020-11-17,0.0318275176938113,191479120.7099017,2648426.129479933
2020-11-18,0.0309862758473567,187843241.19983637,5849110.511313877
2020-11-19,0.030363096878053,184122456.1700987,6271009.001125683
2020-11-20,0.0301532190824554,183237118.160208,2896216.594115739
2020-11-21,0.0306067632374491,197129213.05171657,2823811.765207529
2020-11-22,0.0327304846574881,197907670.39251655,7210070.969940226
2020-11-23,0.0336785898174109,204116751.5941331,7411621.624447623
2020-11-24,0.034884928869155,216022422.781897,9563088.470444089
2020-11-25,0.0362538241793655,226130457.5061877,18653782.391639657
2020-11-26,0.035963826056106,223588452.1896804,12323920.876405977
2020-11-27,0.0327677510968217,203574762.82555723,13284104.440768236
2020-11-28,0.0335378825088551,208978828.8289329,5791059.104714101
2020-11-29,0.0339964987469153,211237223.15837583,4227364.444301864
2020-11-30,0.0336488950966206,209178314.02411065,3262297.681926144
2020-12-01,0.0343891293928387,214362279.54748476,7554112.788793392
2020-12-02,0.0345241919537001,219399159.2699901,9845953.844369063
2020-12-03,0.0379141352533612,242607060.44259897,23300306.92101682
2020-12-04,0.0389829139554625,249723778.6505,15699750.883631496
2020-12-05,0.0356459975625552,227571930.81926325,6529743.36172365
2020-12-06,0.0372734877754387,237112252.8408333,5884566.2023298
2020-12-07,0.0369956800229865,236245044.18135,3208979.636040263
2020-12-08,0.039561014799036,253388615.68420428,13604835.319732193
2020-12-09,0.0363617748071253,232413600.25705665,6896110.264820851
2020-12-10,0.0365863749057004,234327123.05121875,7012630.904549183
2020-12-11,0.0357760826855053,228566132.9904489,5546189.114441874
2020-12-12,0.0332882064013541,213047359.82296568,5911480.5387453465
2020-12-13,0.0348041612901234,222176875.3070832,4304219.663933977
2020-12-14,0.0349070254616795,222573148.0816323,3358188.7299157344
2020-12-15,0.0345234790854072,220465241.68243963,3088642.138961689
2020-12-16,0.0346308149155723,221129239.4888314,3760133.839359439
2020-12-17,0.0351827393205257,225338983.03110155,7506821.186889219
2020-12-18,0.0346785279476204,223381378.906689,11252705.229690516
2020-12-19,0.0354530579691702,227589736.3898327,9307872.731028106
2020-12-20,0.0357691687069523,229609846.1298265,13201871.315372322
2020-12-21,0.0369862669073921,239295541.79915315,14835926.835026773
2020-12-22,0.0367091470163972,236079292.4217096,21680426.71242319
2020-12-23,0.0371102368774206,238095353.26549143,16306639.663845282
2020-12-24,0.0306217730594286,205695873.54859516,13399335.187010571
2020-12-25,0.0331338414140627,219708840.48956105,9059176.169874365
2020-12-26,0.0323769691433083,212183960.8356971,7454087.790533745
2020-12-27,0.0325023070268242,213955846.6633037,6559580.165481742
2020-12-28,0.0318900340515642,211058001.9076384,9259839.416061012
2020-12-29,0.0340156212153753,224548193.33875757,15609608.452354446
2020-12-30,0.0328771339882755,216108984.4079249,10595513.42905442
2020-12-31,0.0326881267176124,215679998.4295929,7981192.036366182
2021-01-01,0.0319204299055481,210675131.6503049,5104654.652857307
2021-01-02,0.0331032518246726,223019620.24925745,10290073.194221435
2021-01-03,0.0334924418071761,227112267.33461905,10395813.130796108
2021-01-04,0.0333545391913065,229056151.35709223,11018438.267490158
2021-01-05,0.032467820972836,219456931.1943363,15043994.868128965
2021-01-06,0.0379311884462547,257377092.6118197,62093690.62782882
2021-01-07,0.0387821405378408,261911024.35372752,49376427.305448994
2021-01-08,0.0389539861704918,261502708.2281533,45477882.948849976
2021-01-09,0.0622227061990753,417452348.5670472,426191032.425873
2021-01-10,0.0518901612735221,351086503.9186216,107906834.1944294
2021-01-11,0.0498178050903317,336553113.5752076,60952843.825886
2021-01-12,0.0434955512673859,295125277.5975349,39178756.71116037
2021-01-13,0.0467503760897495,316433372.3931572,40580482.774766296
2021-01-14,0.053226180726098,361688863.4519635,53633796.129984215
2021-01-15,0.0570952205011349,382876774.29453087,74784999.7003303
2021-01-16,0.0550874884456326,370460953.47237295,41870482.440725006
2021-01-17,0.0597509323067477,409129705.84425545,88581958.7440586
2021-01-18,0.0611362682781868,416633534.9389981,76832898.9360891
2021-01-19,0.0644386890525836,434751463.4168708,51413216.69589271
2021-01-20,0.0700676924474285,474133893.8683697,79357708.56565294
2021-01-21,0.1027920851010836,695969383.5068411,749123277.5225568
2021-01-22,0.0954951926370288,658033748.4221905,430926072.7757632
2021-01-23,0.0961074681390247,650186320.7426428,246937168.4286593
2021-01-24,0.0961806122328271,670057967.939738,110815020.7429704
2021-01-25,0.0937903364359329,651090130.2825193,68732711.84189014
2021-01-26,0.0917433248440362,638631973.4482638,71426732.65116468
2021-01-27,0.0906545551468304,629217200.9710594,74491995.8432027
2021-01-28,0.0806210943244972,557272057.4559212,55320071.045945406
2021-01-29,0.0917946429802088,638937654.6490558,117914824.00344609
2021-01-30,0.0869366440034213,604627649.1892451,84215022.38520803
2021-01-31,0.0810546875276072,564213016.1193473,62638828.66095505
2021-02-01,0.0819822765882408,557256607.3515441,96525302.66291834
2021-02-02,0.087700243957596,621436598.137093,91478220.28749582
2021-02-03,0.0918275326605096,661111097.866694,124683176.15421784
2021-02-04,0.0949004288878222,674715946.4310398,81673507.82495144
2021-02-05,0.0898040769221611,644356785.1302782,67357808.02822803
2021-02-06,0.0981403931217568,695657806.0414748,79957322.43233794
2021-02-07,0.1019372017867742,718986608.5183371,130354496.9636237
2021-02-08,0.0963352404910308,686890382.8868144,76335352.39042975
2021-02-09,0.1001790632766948,710705483.3512194,67277163.7345518
2021-02-10,0.104657362601315,748153969.8441501,103888419.85394707
2021-02-11,0.1074908833973255,770554250.4220605,99652802.86422804
2021-02-12,0.1343896207275018,956149869.92508,279894653.5537568
2021-02-13,0.1371715785528197,976114303.5947852,127904942.67008206
2021-02-14,0.1373446861116226,988166084.1603673,119884643.50240847
2021-02-15,0.1267856728968043,905450497.3476542,71686094.1452371
2021-02-16,0.1445221264448145,1029954363.7897264,163284898.49389252
2021-02-17,0.1373162233040988,982444584.541471,96585261.62081
2021-02-18,0.1391487789525723,993677239.4039936,78367406.35662532
2021-02-19,0.1497614735053025,1069981832.162602,108067774.51025014
2021-02-20,0.1542418889736911,1094891273.981753,116010305.63758115
2021-02-21,0.1426324778049151,1013472392.9656596,108097698.5339014
2021-02-22,0.1476990757294774,1057806696.034196,91269524.12650228
2021-02-23,0.1382051807260766,989731812.1283424,123690064.00164583
2021-02-24,0.1192305942501295,864485418.151848,148418942.5840342
2021-02-25,0.1291186669672716,945661620.2219828,159167327.9251974
2021-02-26,0.1187103067499928,891286949.1717527,128380990.90489186
2021-02-27,0.1194705544296355,879487953.3529094,90062558.53278741
2021-02-28,0.120461921444801,883385090.320802,51925260.81547242
2021-03-01,0.1166384213872505,860705808.047814,64877057.81986554
2021-03-02,0.1254318312997044,938990896.9999171,149289246.9607091
2021-03-03,0.1237798846095561,928811546.3862544,56321712.93506447
2021-03-04,0.1282715406513924,964114814.8238552,67822493.16579384
2021-03-05,0.1619564088631379,1221724888.7845583,558681047.1294694
2021-03-06,0.1499621248595943,1128820054.8199935,159185257.36666343
2021-03-07,0.1454003479705823,1096220129.639248,89740335.74931708
2021-03-08,0.1528716932344584,1149291091.3774202,86915095.63347507
2021-03-09,0.1748775229179366,1323204860.193982,264804169.77534837
2021-03-10,0.2080549047167101,1539421466.1166854,375899323.7118838
2021-03-11,0.2184728285007309,1645069022.4514406,374751275.9652402
2021-03-12,0.2690921988853849,2019377243.8698356,690883921.5879449
2021-03-13,0.2709559875045815,2040201910.3142283,388481470.8516696
2021-03-14,0.2761458904775439,2053449070.1605768,245220723.50925487
2021-03-15,0.3683876706017407,2801685264.585073,1091495697.2660384
2021-03-16,0.3981136899996753,3029209805.410769,967288778.542118
2021-03-17,0.3461417146663573,2592363382.555427,555461651.1793578
2021-03-18,0.3640553810116982,2750224827.6486583,640311670.9712228
2021-03-19,0.3473715568543999,2622516675.995866,250592647.03236052
2021-03-20,0.3470425425114712,2620001691.768255,188017672.3692006
2021-03-21,0.3205769967384591,2430601154.1514115,181114311.7674691
2021-03-22,0.3448865588136677,2579729228.953464,217053115.2257018
2021-03-23,0.3191055870979273,2424285636.866367,216707572.6387085
2021-03-24,0.3264337699658213,2519655155.467413,189323723.37287903
2021-03-25,0.3085603803114623,2395422511.421393,176487525.48533726
2021-03-26,0.3010270607565986,2360968132.2130394,109210811.82962766
2021-03-27,0.3444616718343641,2655208724.70082,110761994.65893516
2021-03-28,0.3420342072138396,2645841445.0223656,146966263.8146772
2021-03-29,0.3431942132652795,2641719466.923042,105449777.0656448
2021-03-30,0.3775553969691076,2852791336.335628,754195934.6246734
2021-03-31,0.3946263007864592,3075166491.018589,406057657.2871917
2021-04-01,0.3686393011829175,2863001316.414102,280316413.0483985
2021-04-02,0.3536339021704083,2799081807.895977,209045094.01957476
2021-04-03,0.3648102739542587,2776575966.719794,187776132.899118
2021-04-04,0.3121993886585971,2561663396.770814,136893288.2597422
2021-04-05,0.3341723990891673,2653130373.951369,123198986.58288378
2021-04-06,0.3291701748101425,2606349306.671771,217170614.8180831
2021-04-07,0.3375550812533063,2592657023.345568,277900929.59695435
2021-04-08,0.3132212045059783,2487387738.1029468,213725823.6596261
2021-04-09,0.3344501597715898,2638673138.784513,147835702.3254944
2021-04-10,0.3486861392270855,2771168942.901946,271498187.2541985
2021-04-11,0.3387660254607645,2688764445.594081,165357075.0343718
2021-04-12,0.366275192494864,2737231164.775709,431384689.06742734
2021-04-13,0.3562964570433651,2869456977.506342,192652656.10933492
2021-04-14,0.3999399485780835,3090361996.4048867,223624731.2078297
2021-04-15,0.3849778116666072,2972153814.8706346,493206991.86701566
2021-04-16,0.3868323936607179,3056957853.040168,263494689.37987196
2021-04-17,0.348809405267741,2768385675.640156,243343575.5380925
2021-04-18,0.3500464258638221,2781167676.4450207,200163759.78270775
2021-04-19,0.3216676482059229,2546701418.256916,290156856.1048722
2021-04-20,0.2930132848193654,2316377742.405134,218742318.86843207
2021-04-21,0.3207464124729584,2577802787.167301,367839331.6312689
2021-04-22,0.2941331325770598,2388806789.433233,185207011.93801
2021-04-23,0.2608822860029455,2083062064.090911,179193935.3440491
2021-04-24,0.2692680677332139,2140139024.096472,310275220.1868773
2021-04-25,0.2450006436452562,2016188692.8072689,95332415.8419596
2021-04-26,0.2474916089594741,1994786035.027812,118506741.74721175
2021-04-27,0.2866367942141069,2315452763.137595,158479341.2040465
2021-04-28,0.3046916774496398,2471000039.791819,165386953.55014852
2021-04-29,0.2889491310427364,2329077480.581651,120041969.453919
2021-04-30,0.2880198166626596,2332215838.4251637,166605705.87684295
2021-05-01,0.3019509027884143,2447556024.381147,112237368.78497668
2021-05-02,0.3268776460926394,2684561593.599938,171973297.77415657
2021-05-03,0.33295745288291,2749776251.164733,205396750.65567705
2021-05-04,0.3273689382158052,2700301268.188375,158419512.2060365
2021-05-05,0.2802041609262722,2369674858.924777,164291809.52192765
2021-05-06,0.3170647928662865,2611839832.175146,167550682.78328365
2021-05-07,0.2997018484020362,2486721208.7546334,155761132.04484618
2021-05-08,0.3084688241644359,2541875467.3747344,164195901.1338746
2021-05-09,0.2995035512841115,2467008620.747119,107026115.35974868
2021-05-10,0.2933657410722863,2423907404.9807563,115390679.7448332
2021-05-11,0.2673380877013595,2215969640.857091,162958215.15071836
2021-05-12,0.2854062079953805,2332531833.30149,116692522.7428254
2021-05-13,0.2464647896125437,2073193575.235548,112486895.05858669
2021-05-14,0.3375390150290582,2782237570.6155376,973100828.8665044
2021-05-15,0.344138137331599,2830498934.202223,1006402154.709764
2021-05-16,0.306354933167257,2538874499.152464,431373878.6139755
2021-05-17,0.3286366208385756,2719819702.62764,553338529.9273398
2021-05-18,0.2954136973443187,2488561158.6193256,382302069.2222876
2021-05-19,0.3343567299932946,2770632590.4386888,245513308.1640656
2021-05-20,0.2192441060883017,1837885151.973416,416474857.7092686
2021-05-21,0.2730164363036589,2299103586.845496,278659736.0511137
2021-05-22,0.2412162874712736,1990853715.988642,252209843.0782139
2021-05-23,0.2788001588120333,2308106579.3019767,476559719.92755777
2021-05-24,0.2347028572792573,1977862464.1719265,232081445.7341736
2021-05-25,0.2549850210771132,2149165505.0396314,194323572.70935312
2021-05-26,0.2543252616637743,2146423687.9622028,146478215.97818276
2021-05-27,0.2750408009152128,2303585325.8740654,163792190.88208818
2021-05-28,0.2554835996548492,2156675580.561502,116426785.71943702
2021-05-29,0.2200736143830302,1854688681.5885303,154281504.11234248
2021-05-30,0.2117858525003052,1791253224.3763058,99826691.28191952
2021-05-31,0.2196517888252942,1851266143.0195744,74460610.01865813
2021-06-01,0.2343465285687253,1971812532.8792567,88766120.03925565
2021-06-02,0.2269065236300076,1947741751.4183748,69667678.25542587
2021-06-03,0.2336139308280956,2000590221.1284096,79170089.45115417
2021-06-04,0.2596661093104793,2231974653.4227777,127789370.5858048
2021-06-05,0.2337187459953914,2010457734.4756052,112920625.54735692
2021-06-06,0.2227347264847916,1907714314.8026223,73183582.87550579
2021-06-07,0.2296141345955627,1961661649.805909,42692366.33574987
2021-06-08,0.2076136863743582,1794888644.860062,59906254.53958201
2021-06-09,0.2171064529448755,1863794174.128376,122485044.84914082
2021-06-10,0.2189907708051706,1891985970.8562543,102908470.92831732
2021-06-11,0.2069883723867314,1779916302.3109324,74072543.86602333
2021-06-12,0.2004939169762712,1722417437.0413702,57756150.64441159
2021-06-13,0.1902872567000893,1650291387.1209884,73620325.28770429
2021-06-14,0.1973155616786505,1688097685.6686,53633854.29712589
2021-06-15,0.2079166891917228,1777551035.100177,80384614.4533693
2021-06-16,0.2114589742062192,1815949797.9361649,82729815.89588109
2021-06-17,0.2034545223940739,1746544636.016025,74410057.77893716
2021-06-18,0.2090608870806515,1801707157.526062,68765273.45934696
2021-06-19,0.2066762327715779,1778903966.9298692,126859051.5237712
2021-06-20,0.1964401560280279,1692101752.3085818,45617651.79214525
2021-06-21,0.1944166655520368,1672250538.9738932,48015352.06671574
2021-06-22,0.174986869340021,1527290326.0694556,136740784.36571953
2021-06-23,0.1666495937292708,1446295753.6763504,135735792.73706266
2021-06-24,0.1826784835363888,1605735100.1927197,85464200.42608331
2021-06-25,0.1926149293966594,1696454879.9697149,54990394.64239051
2021-06-26,0.1684243084001802,1484135428.0669744,94031632.43625824
2021-06-27,0.1781920152647846,1568234197.133469,134136926.67510994
2021-06-28,0.1825240995515327,1604224146.4020145,43991691.32265264
2021-06-29,0.1836130902499279,1614489167.202498,55379925.991622604
2021-06-30,0.1908687710193984,1685275129.8837202,65795731.51769783
2021-07-01,0.1957895754091013,1722217648.9603882,76608546.14380857
2021-07-02,0.2149277258162771,1920066237.9982836,185757295.6126209
2021-07-03,0.1959093074424026,1750346050.6728628,74677280.7055837
2021-07-04,0.1946820122493421,1739256805.6715431,46577645.84078193
2021-07-05,0.1956177461865335,1753253538.3061762,41122931.97548363
2021-07-06,0.1868434908737023,1674026139.49335,45578669.42045672
2021-07-07,0.1851280570847548,1655354483.8310142,49686316.9627208
2021-07-08,0.1864298446210051,1669986026.53544,41880568.09229918
2021-07-09,0.1732976044067641,1550835518.4205403,42236119.27368453
2021-07-10,0.1773011801577668,1584528258.0122075,49364056.79169079
2021-07-11,0.1705693612991704,1528181554.8149445,28510678.59791168
2021-07-12,0.1729786622807133,1549536746.3665285,19448361.04417236
2021-07-13,0.1698806066718647,1519380223.9466548,32010887.39098795
2021-07-14,0.1770036073217493,1589360595.9279904,113258141.0274762
2021-07-15,0.1709245793417108,1528955805.9043844,38956183.509100445
2021-07-16,0.1751750353454714,1567131871.3603134,88071084.24283566
2021-07-17,0.1820534872847981,1630722771.5603647,143121415.8136597
2021-07-18,0.1887863070081033,1690856445.4217846,88244652.67337391
2021-07-19,0.1836093327454644,1641311404.4262,39171742.61725024
2021-07-20,0.174796185148864,1574781916.534244,30424431.821103822
2021-07-21,0.1602682738017226,1433942891.3131976,49046895.331028834
2021-07-22,0.1708281631855067,1523015888.9814136,47283447.91332191
2021-07-23,0.1745717097197734,1722928995.1439452,46844203.063350655
2021-07-24,0.1738980106942599,1583861041.6331244,35218252.965760864
2021-07-25,0.1807315180469374,1645855160.6240506,38304503.557608366
2021-07-26,0.1778667395103555,1622903063.4381204,30882720.56879204
2021-07-27,0.1836113846383906,1678399382.479851,137781221.55750084
2021-07-28,0.1965917844815422,1787121661.4167857,93564100.01932365
2021-07-29,0.1972907536622281,1800243459.0574052,58988128.312598296
2021-07-30,0.2039553654269675,1872515139.102078,38704774.89940536
2021-07-31,0.2161751757884903,1972702548.8159423,81698491.72306138
2021-08-01,0.2148669414715689,1966699611.236444,48012742.83292977
2021-08-02,0.2048487623829531,1900058804.195236,44238860.31754735
2021-08-03,0.2100294076239803,1955422464.0425656,44918669.423258446
2021-08-04,0.2164994139551802,2025598986.248871,106820874.01955472
2021-08-05,0.2178749692267387,2026005092.9928684,50717068.98852869
2021-08-06,0.2192174779058463,2041140161.031947,60433570.826646425
2021-08-07,0.2182404164432303,2027565798.56489,53070910.64778595
2021-08-08,0.2253025744252076,2092510697.6263824,78286936.7844702
2021-08-09,0.2137534162530416,1986798283.0263383,49069123.79246343
2021-08-10,0.2217381044277355,2054022209.955351,46824628.35928054
2021-08-11,0.2252201859355057,2085458335.668992,66768371.19168304
2021-08-12,0.2286499586927058,2120146222.9439876,98907687.57178731
2021-08-13,0.2186351200124845,2031423074.1006644,63306106.21543382
2021-08-14,0.2309614755928088,2142629281.6159897,62569930.3938102
2021-08-15,0.2598334336217373,2443882851.955322,256057171.7514326
2021-08-16,0.2521493652900064,2341008741.8424664,123551224.66929556
2021-08-17,0.2436515175332489,2304580146.9792614,95541557.5837294
2021-08-18,0.2268613872372737,2139521621.9019327,98906126.07187332
2021-08-19,0.2269112820797098,2117170116.2685127,68960916.54952155
2021-08-20,0.235923189243297,2174575218.3107204,76024275.15862128
2021-08-21,0.2453674860974457,2280696172.822411,96344724.86090904
2021-08-22,0.2425660997200922,2257280173.755949,62854195.30072265
2021-08-23,0.2423706722220595,2298406256.18431,59237329.0755624
2021-08-24,0.2594435514821289,2455683517.7644925,125625919.1359494
2021-08-25,0.2542372275363659,2431716117.6519246,238280946.83025867
2021-08-26,0.257253904645621,2437707618.9148445,105940158.72973669
2021-08-27,0.241717729939738,2296454014.637659,85024381.46766736
2021-08-28,0.2522595675144108,2378956703.350323,75384127.88418806
2021-08-29,0.2615228675071471,2472956996.241496,84664117.20001166
2021-08-30,0.2528173905118229,2397278329.7934227,67890764.0463123
2021-08-31,0.2451706300667508,2321410310.6771603,62971327.643455766
2021-09-01,0.2524700267531332,2390529215.413597,159980156.38673052
2021-09-02,0.2639060717894396,2538920246.46876,107321088.68099056
2021-09-03,0.2737865715755491,2633377668.674646,179364713.00244153
2021-09-04,0.2841438785939645,2738438844.4105663,140076039.67357963
2021-09-05,0.3142919536126568,3031127941.418388,215001500.55345932
2021-09-06,0.3054029736077619,2936575083.829045,152342687.53922755
2021-09-07,0.3126437452280356,3010190618.9793515,134837522.465438
2021-09-08,0.2736709970465988,2631269053.544196,377432857.8770839
2021-09-09,0.3167730838918963,3052753764.263536,264166166.9914716
2021-09-10,0.331601902843638,3218971194.046212,431732051.2935006
2021-09-11,0.3142140722825231,3021478821.072685,196854711.8605925
2021-09-12,0.3618136033568249,3481404561.4129868,405469855.21017134
2021-09-13,0.4214527484118327,4063707171.549014,528294583.6733081
2021-09-14,0.4320748946552396,4131816507.4794974,896071442.666405
2021-09-15,0.4608442845706343,4449645539.4916935,717928652.4868809
2021-09-16,0.5088376840865344,4909713321.981607,1226610156.258398
2021-09-17,0.4787095423445827,4605779511.648638,1044390778.4309216
2021-09-18,0.4228022344025816,4131425281.8467774,377496419.93957937
2021-09-19,0.4255740499499192,4110852962.161264,275849946.7007914
2021-09-20,0.3989045665458887,3857140459.034033,222132076.42971408
2021-09-21,0.3417029933588456,3283218602.5417504,482497165.4698911
2021-09-22,0.3035801116736248,2914645986.2734103,361446199.0739437
2021-09-23,0.3677846019744772,3821541765.113066,334879308.3095963
2021-09-24,0.3847604132940142,3946434341.074256,327249900.7595365
2021-09-25,0.3511304925358746,3623252541.872656,364749754.93636125
2021-09-26,0.3453834440003408,3542655378.799325,173670971.26485583
2021-09-27,0.3372046142328158,3464920448.388182,179021442.91121554
2021-09-28,0.3219300896719378,3289045349.3259363,137539028.8315349
2021-09-29,0.3039421463871216,3140882748.2882795,126220149.16795436
2021-09-30,0.3131307606153218,3213816611.6085787,137855990.42461282
2021-10-01,0.3393428457236566,3536901030.529355,152023688.02672583
2021-10-02,0.366343327326547,3819327305.129705,165964938.03045675
2021-10-03,0.3887258828248686,4053733178.914851,207515033.22479823
2021-10-04,0.4021507653486987,4193824733.732685,253807067.9388589
2021-10-05,0.4086437206749864,4274063960.6342106,290225159.2166308
2021-10-06,0.4015480029645516,4210685364.5737247,202753155.7345372
2021-10-07,0.3813734299890457,3983199812.35205,207654971.9793706
2021-10-08,0.3792756314838682,5611759414.656277,204501509.29058447
2021-10-09,0.3724870214156864,5532494024.027723,143042737.17063904
2021-10-10,0.3740482343615848,5540219352.240336,111008901.93145368
2021-10-11,0.3431043591549568,5040033573.641277,99408039.62552547
2021-10-12,0.3452214801109743,5102469327.412875,110494121.67002062
2021-10-13,0.3506649838540812,5208181214.176597,140928026.16106153
2021-10-14,0.3594459336286636,5326729633.632502,110116039.01419504
2021-10-15,0.3863120997561362,5689881580.551437,168304987.97707126
2021-10-16,0.3680384680340244,5462511478.488896,161279707.83417985
2021-10-17,0.3754402547363084,5560539160.228103,96640194.09439762
2021-10-18,0.3569805827042817,5294356881.023504,96817728.07925913
2021-10-19,0.3563707038322847,5297433010.403274,117982180.88364652
2021-10-20,0.3762950334460347,5591945496.656439,124350838.05404532
2021-10-21,0.4031498147190467,5987404757.998808,243703988.87748316
2021-10-22,0.3814262567997593,5673549317.344099,143958151.97520265
2021-10-23,0.3796193185259931,5701111715.310015,93467722.24909976
2021-10-24,0.3802463377507302,5707488629.137536,72808998.92746493
2021-10-25,0.3684737986950133,5526964210.641533,89160480.73518275
2021-10-26,0.3896615541475612,5855047106.710093,120532002.96621802
2021-10-27,0.3920792462729037,5884142756.0495405,182545758.3676265
2021-10-28,0.3529559376664506,5287142422.411411,226583976.45724088
2021-10-29,0.3726479201464082,5604813982.113712,156078376.99423933
2021-10-30,0.3917444772365067,5881955545.369097,147640585.61347926
2021-10-31,0.4200741093854441,6294651000.216297,445078531.8916077
2021-11-01,0.407591636641167,6124763656.920664,371366581.3503142
2021-11-02,0.4026696044124381,6093829865.557369,203132901.2623906
2021-11-03,0.3965462306796346,5987305498.668835,124278179.04304709
2021-11-04,0.3924444523827187,5937389077.19462,120608587.92723516
2021-11-05,0.3937128747376226,5918865406.63691,110702350.89961872
2021-11-06,0.3944695161575907,5962641671.576636,117677215.43832284
2021-11-07,0.3874950732169178,5886861383.866377,78164290.74333893
2021-11-08,0.3961334913084901,5972071537.426299,68131910.77800776
2021-11-09,0.4223326668426661,6434390205.604328,415208112.41867846
2021-11-10,0.4289479886896499,6513001608.942322,202490132.746878
2021-11-11,0.4085805744235429,6192845044.370635,232721680.37131336
2021-11-12,0.4329495802028675,6584652355.120198,204694410.8667845
2021-11-13,0.4592177902467646,6895650491.635693,358639272.03364646
2021-11-14,0.4422095219613178,6711333977.146684,159655355.835797
2021-11-15,0.440530494045303,6683437788.755029,74908777.61006835
2021-11-16,0.4305584593180825,6531972248.014423,104864123.61543757
2021-11-17,0.4030383270360652,6185787591.664275,182730699.6665717
2021-11-18,0.4073432867778918,6187371823.92755,115929032.78311202
2021-11-19,0.3595695505431843,5523652219.885397,189451600.1469619
2021-11-20,0.3841898359852672,5902260739.216686,104169114.61549576
2021-11-21,0.3914729398605904,6019936609.084964,84002471.99376813
2021-11-22,0.391499837620348,6044075681.84367,85537945.51617323
2021-11-23,0.3665141830479926,5696265690.079446,104245700.98119543
2021-11-24,0.3720713226079281,5789520669.451227,89675915.13398556
2021-11-25,0.3544193241822916,6432162133.772228,108307804.51965652
2021-11-26,0.3593210513611796,6473280618.570287,105982237.54157165
2021-11-27,0.3229809211223882,5865511401.154142,124129702.8728422
2021-11-28,0.3330962149910179,6023708676.420145,56339794.19376602
2021-11-29,0.3326612270049436,6019397866.339552,90407137.020339
2021-11-30,0.3554094987721729,6505901184.618147,83168334.98125131
2021-12-01,0.3512317012871304,6422516979.945514,138335048.12377897
2021-12-02,0.3521883336867179,6413048891.983574,72181247.7986899
2021-12-03,0.3413263415382474,6242380812.141871,53603035.13171593
2021-12-04,0.3198925165006177,5845687130.335589,91377798.7322848
2021-12-05,0.2865354703820887,5218688117.526608,180780126.39342695
2021-12-06,0.2743385217489257,5013521516.03882,70738215.60274267
2021-12-07,0.2812222944265534,5133966877.855458,88759400.6273265
2021-12-08,0.274994942261481,5029148426.946349,69783246.57320052
2021-12-09,0.2819982667454504,5146041183.258348,78010758.54392979
2021-12-10,0.2556657879199134,4712619045.5384245,77874936.36472169
2021-12-11,0.2380025997225222,4389198534.4620495,59530992.04831615
2021-12-12,0.2541829084328567,4644145411.600951,39613384.85374359
2021-12-13,0.2564001235814079,4684444855.439172,32677327.063423555
2021-12-14,0.2269970062135617,4141622361.740488,51813453.3587095
2021-12-15,0.2346201094566663,4288774187.637639,55057395.42119096
2021-12-16,0.2575410138324388,4694906439.251084,79302230.33379221
2021-12-17,0.2631327123644067,4785235480.784773,92553066.73176353
2021-12-18,0.2533355231584326,4624037681.772633,66507523.98033362
2021-12-19,0.3078503307782474,5622761590.417489,265814767.8503202
2021-12-20,0.3278294561792428,6012106683.411292,211520143.2215993
2021-12-21,0.3077097396567329,5674499969.193513,139891385.2352773
2021-12-22,0.3103245251107389,5690805686.560766,69284201.8330363
2021-12-23,0.3215956734774871,5955159475.675818,163332603.30462694
2021-12-24,0.330649218554537,6122274154.102251,93906598.79935062
2021-12-25,0.3109323880868032,5748271667.084862,85634891.87183556
2021-12-26,0.3170671741891992,5876625560.832637,51463786.791193776
2021-12-27,0.319906496728715,5902561849.483268,69513377.59756431
2021-12-28,0.314895878875633,5832140971.016724,69084338.90933642
2021-12-29,0.2917318644671499,5397182403.674379,104903836.6770398
2021-12-30,0.282239524922808,5179910059.320685,66331278.403255634
2021-12-31,0.2993613135264384,5525315114.79425,100468371.14735992
2022-01-01,0.2911793194792918,5448936261.518896,72791677.98162825
2022-01-02,0.3021268066759141,5615159721.340395,47235770.90597444
2022-01-03,0.3129485683647038,5860917106.058299,89135975.89204684
2022-01-04,0.3074271804282295,5732532453.766203,74324069.73017667
2022-01-05,0.328272222438435,6235540413.525833,200598910.41058135
2022-01-06,0.2901378661547374,5414349270.032179,182113783.89079443
2022-01-07,0.2950236224946863,5510442037.758961,129951359.06907284
2022-01-08,0.2721275835056521,5083131308.188686,147090971.05369318
2022-01-09,0.26669951465745,4993373400.425405,94812142.4556052
2022-01-10,0.2722977432535025,5072143947.369764,58916358.71064831
2022-01-11,0.2613879325532678,4876672031.115753,79844026.61818922
2022-01-12,0.2751881399111993,5130063215.756833,75051417.96146433
2022-01-13,0.2967420916909419,5534656599.452655,89701507.22230278
2022-01-14,0.2786987551352283,5210336072.072495,82682192.99489298
2022-01-15,0.2818766472283908,5228268020.650883,59497740.85037033
2022-01-16,0.2805873934160124,5227419046.226479,41988990.44817931
2022-01-17,0.2798762352209419,5213834382.628946,42584159.7968575
2022-01-18,0.2712586585361721,5061214794.290508,65988664.12237855
2022-01-19,0.2665581224309669,4968736927.676743,59322695.35631191
2022-01-20,0.2678511333208741,5011103034.755612,66778574.187346086
2022-01-21,0.2608048657085011,4901488193.375493,109719283.61213955
2022-01-22,0.2351449802108186,4391370044.14395,132811850.74496137
2022-01-23,0.2225840912654611,4186442554.294643,124445432.7263814
2022-01-24,0.2218109302188888,4170076949.724064,79771178.47311136
2022-01-25,0.2072692595155014,3909856768.745437,124561456.08738008
2022-01-26,0.2132022212560342,4015019064.4627137,68226752.18033446
2022-01-27,0.2122633526334045,4014130947.055165,79274072.79851694
2022-01-28,0.2095589940871869,3953823974.282947,60223908.824258834
2022-01-29,0.2167713651153529,4086706973.793946,41404652.40211163
2022-01-30,0.2229448169120137,4188116323.439179,39329558.98349252
2022-01-31,0.220305295117052,4151789034.6795807,37164469.437413655
2022-02-01,0.2229532763543604,4224013686.859711,45912050.60030618
2022-02-02,0.2305583881085341,4391495776.502715,51513710.46601251
2022-02-03,0.2216679748029687,4201280842.439429,42945594.50307805
2022-02-04,0.2370706254092071,4509357392.823289,153570751.828719
2022-02-05,0.2502182199046851,4716849694.523173,97044628.32802828
2022-02-06,0.2608988990808717,4957734338.008694,73161064.15038712
2022-02-07,0.2587942592010343,4903893845.253759,50321746.59956661
2022-02-08,0.2624446304222722,5093622997.598932,90617028.33070822
2022-02-09,0.2546384826519053,4929107936.364837,96786792.22857197
2022-02-10,0.257768333804162,4999010367.996442,55513548.34986524
2022-02-11,0.2481086507923286,4817803813.23831,75596500.63633372
2022-02-12,0.2343810088151681,4543614035.728011,64324097.96257938
2022-02-13,0.232716706923736,4508894313.922587,53297856.64773722
2022-02-14,0.2279971107230607,4421350006.543625,39557784.31786003
2022-02-15,0.2424953288088988,4710422738.681565,72391319.22079062
2022-02-16,0.2590031112546674,5008052688.512666,140233240.9875806
2022-02-17,0.2624101131730347,5117347155.063509,78376521.50537309
2022-02-18,0.2348559717745025,4568452735.898679,83545716.79694223
2022-02-19,0.2303270624910208,4471659720.957837,57520836.74824965
2022-02-20,0.2332932169340634,4520722968.775381,38233816.55104008
2022-02-21,0.215866107705489,4209015904.197793,58364567.72378327
2022-02-22,0.1994803428196025,3869882555.1411376,71947121.9215528
2022-02-23,0.2351919996878653,4580860663.360492,201273312.5085725
2022-02-24,0.2198020090444878,4307111067.246675,115585029.17034423
2022-02-25,0.2160782968530595,4221338369.0509553,147771359.36210945
2022-02-26,0.2252163848407868,4406742237.113285,83068153.4673948
2022-02-27,0.224065358765986,4361375383.117292,47327941.79700763
2022-02-28,0.2105958027495264,4113215868.125498,54628825.68221864
2022-03-01,0.2304472425994173,4520274087.612623,69111379.888463
2022-03-02,0.2266607801869504,4456849771.658528,87440838.05948807
2022-03-03,0.2231636458849974,4389267257.38017,65043680.53898899
2022-03-04,0.222034924712369,4374093030.49271,54803285.60800631
2022-03-05,0.2060221985189766,4048902587.1831503,49338361.34363791
2022-03-06,0.2108081744675954,4141415407.3083806,27841673.49769935
2022-03-07,0.2028119598079751,3982003059.574935,27666684.40453199
2022-03-08,0.2069426250536439,4068215484.7603393,51179287.31849752
2022-03-09,0.2048783832777439,4031684019.354031,44591228.94854978
2022-03-10,0.2130499259627826,4195214534.544986,49509981.88861884
2022-03-11,0.2167684141637225,4261040854.486364,81555854.06695826
2022-03-12,0.2058394205613004,4072597238.773262,45022786.32605686
2022-03-13,0.206211530752211,4070938589.3972473,28517682.16663092
2022-03-14,0.1994447602210614,3939151375.387042,29174692.40618071
2022-03-15,0.2036004442897798,4010506476.5436993,37340586.96731146
2022-03-16,0.2003621517947512,3966123478.448321,46225063.96321806
2022-03-17,0.2046009635472988,3985490762.2028494,72676495.47350064
2022-03-18,0.2058168386223555,4064005112.862358,43615761.99553203
2022-03-19,0.2082837145267304,4116662635.54248,46090132.56085464
2022-03-20,0.2102823593646789,4154268116.909548,43909890.91190962
2022-03-21,0.209159803470356,4125763424.5117154,46241346.57656583
2022-03-22,0.2113728998571539,4175654839.4561486,57645118.13202019
2022-03-23,0.2144504372963393,4278969943.456427,67075771.87619522
2022-03-24,0.2188028588182196,4366763780.929453,62754804.90982451
2022-03-25,0.2200321650743008,4393369904.223154,80837762.18108742
2022-03-26,0.2232842889374331,4443951421.630451,74802451.94379647
2022-03-27,0.2267737227857987,4520109792.488771,39762595.45318154
2022-03-28,0.2417419005231128,4814823563.235355,105695752.12408508
2022-03-29,0.2353976183996751,4734121650.387166,117836384.25395574
2022-03-30,0.2540018481136215,5063005583.014604,189430219.35699815
2022-03-31,0.2537862682232509,5062509656.093236,111663513.30360249
2022-04-01,0.2361384287873004,4713112554.82758,124308901.90696536
2022-04-02,0.2461238476337719,4931391405.2714,96767053.88734156
2022-04-03,0.2450988634412479,4922210281.823333,76020649.57709213
2022-04-04,0.248511608540542,4977895087.191955,57513774.66398998
2022-04-05,0.2386879667001842,4787931626.282526,66763461.53634395
2022-04-06,0.2274880686767862,4596272340.05111,47577654.1728447
2022-04-07,0.2107611046505889,4235485315.495732,72628833.75015712
2022-04-08,0.2241725274894712,4500896545.019096,109877402.45110342
2022-04-09,0.2087584374881453,4165371076.206389,51678370.487051874
2022-04-10,0.2143271309262204,4292523622.324776,32144920.512971785
2022-04-11,0.2100404919616681,4230199596.298788,33442021.674567185
2022-04-12,0.1954794175502173,3933271510.584345,65777926.25394697
2022-04-13,0.1996515191736924,3999267861.946214,51558293.32709154
2022-04-14,0.2043360920478493,4091993796.88202,49049638.71773186
2022-04-15,0.1968783125943602,3951200647.2312994,41576468.71881892
2022-04-16,0.2006048747546352,4017735121.9480033,34953905.302836835
2022-04-17,0.1992404625662538,4011987281.7108016,39833899.59355449
2022-04-18,0.1932798965938406,3858168507.61512,29052370.47932075
2022-04-19,0.1949940559041487,3904004932.07658,57358552.79720603
2022-04-20,0.1994774069961736,4005472354.423382,41120971.89485095
2022-04-21,0.1963397020791629,3937287139.79792,50136606.43230826
2022-04-22,0.1912961694428218,3824435180.487842,53239046.11068855
2022-04-23,0.190178933183921,3846641797.411921,35838264.59563021
2022-04-24,0.1880087713277129,3812161878.811279,21990094.10149944
2022-04-25,0.1858862566290249,3770768670.098854,23760533.51562777
2022-04-26,0.1819300063857437,3680248654.973121,64871864.110655695
2022-04-27,0.1677743095519618,3387798159.591778,46544625.62513848
2022-04-28,0.1694553099023234,3431938889.0777235,40693776.075079255
2022-04-29,0.1695235737507955,3435007552.123084,37710658.06836651
2022-04-30,0.1597562368920062,3242715836.935267,45391512.56466296
2022-05-01,0.1421067888539316,2882713441.312418,82272381.37641594
2022-05-02,0.1463045024627154,2977868371.9993334,57360482.51131897
2022-05-03,0.1401472171623508,2902968282.8501544,64887238.17532428
2022-05-04,0.1390653070503466,2886683905.0618443,45065147.23682759
2022-05-05,0.1515751265574252,3135772934.975625,55009256.92469358
2022-05-06,0.1360687640833295,2821636588.4801927,67404642.97085863
2022-05-07,0.134537906479307,2788972908.6936083,45784344.76822128
2022-05-08,0.1306763187287299,2714729210.357672,31150178.856282648
2022-05-09,0.1277021011685217,2650964345.817822,37444294.92015716
2022-05-10,0.1077162091118782,2272450406.5335536,74737559.03797445
2022-05-11,0.1150701897983537,2385888751.8317385,94180888.45527823
2022-05-12,0.0906983612044125,1946785984.077551,146499858.33865604
2022-05-13,0.0870955998433779,1786570619.321941,149992019.13633606
2022-05-14,0.096707029363166,1975341832.907448,66738128.01200543
2022-05-15,0.1023719913578056,2081432183.8466356,38235561.72682798
2022-05-16,0.1079294297219275,2194451256.815543,26542534.37612393
2022-05-17,0.1022667569331352,2087175589.586439,34193188.419856235
2022-05-18,0.1089258141031822,2224061217.071657,29419589.596052725
2022-05-19,0.0996378331821567,2041688523.957798,32268102.589430142
2022-05-20,0.1042676325571959,2128326614.5806277,34273279.69621247
2022-05-21,0.1002434946446478,2044831283.958288,28352376.744789485
2022-05-22,0.1018409269427035,2078788894.373108,15922964.805087684
2022-05-23,0.1046113763722412,2150615385.28522,20536183.05814671
2022-05-24,0.0986047046740662,2031335760.2318416,32967661.67619896
2022-05-25,0.099413255191949,2084521339.976017,41946611.78215416
2022-05-26,0.0976932637587812,2051645896.234244,28404144.20012973
2022-05-27,0.091368797792762,1914292561.4619448,42491278.75956112
2022-05-28,0.0872118322205806,1827915116.965933,42402631.40242452
2022-05-29,0.089455355429883,1880226758.3214183,21323733.10435884
2022-05-30,0.0905665812541578,1900705961.9474475,15813659.322270226
2022-05-31,0.0975180185284086,2046062573.827149,27005911.26749422
2022-06-01,0.0946552475992664,2005552739.080152,32536793.81814241
2022-06-02,0.090193057805705,1903933214.0446312,37819295.21830751
2022-06-03,0.0927317094170561,1957659963.1176655,34843153.152423024
2022-06-04,0.0890566139515713,1873849617.2382295,19498141.80285372
2022-06-05,0.0906335653119738,1903448379.8931265,13504058.731981272
2022-06-06,0.0940294048447875,1991968050.939432,45885044.61131382
2022-06-07,0.0968448229749158,2047461788.8240125,32452992.970520347
2022-06-08,0.0913269820021612,1933604102.9227335,30246046.551284004
2022-06-09,0.0882588504934113,1860917261.560852,27181849.82470872
2022-06-10,0.0867599235665855,1834451471.887533,17552594.100017954
2022-06-11,0.0812730096452445,1712530786.862825,24313953.95383571
2022-06-12,0.0779645961758277,1643113923.606856,23441961.79296467
2022-06-13,0.0699344955379364,1488974732.467446,35642808.5796856
2022-06-14,0.0651633127665423,1366997558.2933774,66432291.85025474
2022-06-15,0.0675772495218897,1422332538.6623054,52355086.45540652
2022-06-16,0.0717998444157493,1511907346.8387997,53368410.57915454
2022-06-17,0.0653317988615231,1375286820.6969094,27307217.329738557
2022-06-18,0.0686473646136907,1451259664.9852293,27568475.185597703
2022-06-19,0.0624070968135335,1312528514.9952598,41491193.15459231
2022-06-20,0.0663848893835681,1397999738.5966012,31120902.74040376
2022-06-21,0.0712155739690616,1502689259.8384347,57957237.8478053
2022-06-22,0.0736839971353956,1554474626.145317,66083700.14735039
2022-06-23,0.0700687067751082,1493663047.967041,60688455.43208285
2022-06-24,0.0733640307521067,1559115908.3555653,26482012.692901388
2022-06-25,0.0741074215580493,1584986977.5358355,30226265.29595261
2022-06-26,0.0741424735789675,1575556010.1670463,24938928.43073077
2022-06-27,0.0690480069185005,1469419342.0523424,24898647.46690885
2022-06-28,0.0702455904138163,1494356930.7721791,27318623.560991712
2022-06-29,0.0660763759105316,1399278509.6373494,24308652.278059497
2022-06-30,0.0645139617587628,1374182504.0561342,20936396.26594551
2022-07-01,0.0630425229195503,1332442654.3716855,24931876.00640311
2022-07-02,0.0621016444545825,1338738490.4605894,21420211.508837976
2022-07-03,0.063702126914739,1363316158.931356,14665258.069466831
2022-07-04,0.0626483025141449,1340625137.402388,12800537.838715956
2022-07-05,0.0638405604823295,1365173322.8233197,15588126.722178765
2022-07-06,0.0617988588964784,1323547094.5901108,31466530.94611793
2022-07-07,0.062607947114653,1340209322.17903,18031976.486540265
2022-07-08,0.064960901149925,1392508720.3778155,16410501.11024811
2022-07-09,0.064915577473867,1390720427.5312784,18022863.388343938
2022-07-10,0.0689344337769022,1483874857.6504538,25604930.09263929
2022-07-11,0.0650383602751147,1392887216.5384529,23151670.88028306
2022-07-12,0.0608939098027491,1303619592.189854,17834295.769504953
2022-07-13,0.0599098600037931,1290139771.5904925,14413375.338196654
2022-07-14,0.063240216925467,1352500003.3510296,19297290.426269066
2022-07-15,0.0641224144333268,1374619435.4651222,14730326.387330784
2022-07-16,0.0651688776141129,1393547818.6299407,21061683.811741468
2022-07-17,0.0664836686927078,1420365441.4562025,13574728.548715737
2022-07-18,0.0650809002946408,1397852334.148383,13863089.163911875
2022-07-19,0.0707035686654837,1510273407.8672204,34628291.5976351
2022-07-20,0.0734672523493225,1576878306.94049,43798022.61440376
2022-07-21,0.0707450592526784,1517528882.086471,43133891.36137609
2022-07-22,0.0713611739109758,1531446534.123447,22081491.21310618
2022-07-23,0.0697862361465673,1505652545.181863,25037199.67272355
2022-07-24,0.0689673031513144,1486203563.3657522,18715886.616427865
2022-07-25,0.0723351011892924,1572865914.7215614,47562159.75945393
2022-07-26,0.0656176045003902,1425694622.273465,31093273.267953888
2022-07-27,0.0658320801932946,1420843157.6539335,18601533.46308559
2022-07-28,0.0706094258227708,1517852195.4470356,25480681.2699288
2022-07-29,0.072370846255477,1559056199.7657824,31508984.97607108
2022-07-30,0.0720784916747178,1636752597.0736244,29674526.32533583
2022-07-31,0.073015948633822,1636416463.981208,34154358.6080094
2022-08-01,0.0762195146094507,1724905814.99959,67164504.47662787
2022-08-02,0.0772168472130706,1739871478.9249456,34409443.007193685
2022-08-03,0.0734230611014957,1669576835.165151,51889874.11376933
2022-08-04,0.0711892903307148,1611732050.7736695,36025219.96733457
2022-08-05,0.0728826195372665,1647341424.788644,29455891.28634967
2022-08-06,0.0761204352135077,1720295539.4293935,25492902.8639395
2022-08-07,0.0773086446404082,1749558765.018001,27646213.39443061
2022-08-08,0.0772139542574705,1744984569.41547,21226997.68260663
2022-08-09,0.0802471005428708,1805771756.6384864,26244633.961104576
2022-08-10,0.0750875963460666,1698521366.517491,43994202.90699272
2022-08-11,0.0789066016528841,1781884472.7652342,29795991.21635646
2022-08-12,0.0810472453876428,1833002645.4282515,47103634.44865442
2022-08-13,0.0831769979416728,1886362207.704906,35503182.69120775
2022-08-14,0.0816702021195251,1848315078.7239664,25276965.154199053
2022-08-15,0.0795334934287345,1797571261.0015054,26171669.5595062
2022-08-16,0.0782548076358229,1769296582.211901,25943313.64508508
2022-08-17,0.0773333398559198,1754841425.4782174,23458938.387743566
2022-08-18,0.0741954784598195,1682439676.2058527,25784897.322587248
2022-08-19,0.0713927878761527,1618343151.7144003,22027138.673217908
2022-08-20,0.0658045380465366,1488650531.13555,33263451.90323786
2022-08-21,0.0680619004620814,1539021698.4933608,20037187.17550336
2022-08-22,0.0696945051930358,1579806778.3358288,14292780.303230789
2022-08-23,0.0666656478086437,1519248826.441685,22471172.155532293
2022-08-24,0.0674490778444941,1538564203.4782248,14083569.33706924
2022-08-25,0.0675971953521036,1544345854.5606778,28257606.24329376
2022-08-26,0.0698337520054595,1592772480.0151222,27032764.502165068
2022-08-27,0.0627930541448503,1427364192.9682658,42301705.58579857
2022-08-28,0.0633963616503086,1446305590.5143888,17386292.512480494
2022-08-29,0.0632278662907927,1447222914.6836832,17855409.030301243
2022-08-30,0.0661570968487455,1510596545.3230517,19696955.787147578
2022-08-31,0.0636975332854943,1459477743.5520856,18883600.398371648
2022-09-01,0.0634639498757924,1453049254.2206843,28087747.532227814
2022-09-02,0.0636766740917212,1459672223.986347,22686006.25728236
2022-09-03,0.0618781207267876,1422254479.3452008,24720412.168612286
2022-09-04,0.0611214613534023,1404797426.412743,16990181.603181064
2022-09-05,0.0616823429956425,1415836550.827556,17727791.339954406
2022-09-06,0.0624706480969257,1433697501.387622,33550429.66300628
2022-09-07,0.0587029594080069,1355215852.2630842,41135454.76301084
2022-09-08,0.0609644524954919,1404398918.181932,24709830.66901652
2022-09-09,0.0613812957319328,1408316319.5157423,24370734.94078568
2022-09-10,0.0636889396200931,1462863915.4420009,29280198.65263696
2022-09-11,0.0639172028294259,1468659664.2515247,23474891.90994141
2022-09-12,0.0640099180330414,1468517342.7371168,22113977.968832903
2022-09-13,0.0731851480654064,1673198840.3729303,160172924.57077768
2022-09-14,0.065052881450313,1491760270.9307897,112203861.14978738
2022-09-15,0.0643867355196412,1477959144.7973845,43375931.40853159
2022-09-16,0.0611795213355879,1406118824.4555173,43460455.04297065
2022-09-17,0.0607445937149863,1399450569.1791031,37710131.152007215
2022-09-18,0.061960063096583,1426121630.8861692,30977405.208879665
2022-09-19,0.0576054794579833,1326637030.763243,35545494.901266865
2022-09-20,0.0593261339131344,1366730812.3810687,32480499.741510853
2022-09-21,0.0575588777851056,1327460595.1029544,33126422.938720416
2022-09-22,0.0569293843658848,1309485261.3962667,40241118.60475584
2022-09-23,0.0603711348768141,1401566742.4251337,31802809.722959623
2022-09-24,0.0612358183133276,1431842337.6510355,48571037.55191085
2022-09-25,0.0612950995129449,1425638031.781546,42796646.01215252
2022-09-26,0.0591337225829668,1375115791.460965,27369173.90476716
2022-09-27,0.0600749866359545,1394103215.9769878,43316834.78627057
2022-09-28,0.0584450496440932,1369703242.68743,40268079.16714649
2022-09-29,0.0582305427319635,1359973963.4155843,31211771.177344244
2022-09-30,0.0579616142878625,1399632376.1441023,29335743.182355423
2022-10-01,0.0574353025870769,1395562288.305524,30681049.23190379
2022-10-02,0.0577480210991938,1405390800.2916603,18780055.59092645
2022-10-03,0.0565987914081355,1381538340.9169097,19433670.649109792
2022-10-04,0.0579833770094774,1413791862.1442134,29914814.399138022
2022-10-05,0.0584723942750594,1423361063.4900231,29269489.088572264
2022-10-06,0.0580269996070386,1411621896.2014427,29968927.095936883
2022-10-07,0.0581554262071653,1415524397.3673975,32438103.94997508
2022-10-08,0.0598049202489282,1452379197.2776558,43082059.08088754
2022-10-09,0.0604155598846305,1471172482.0920603,24000243.02541381
2022-10-10,0.0601376491351617,1462695685.590112,24660204.01169823
2022-10-11,0.0585140949449289,1426417682.987065,32105361.55716194
2022-10-12,0.0609946316508023,1485841993.911404,84235779.39807025
2022-10-13,0.0659118070150577,1605281543.451757,168907492.280578
2022-10-14,0.0650469286076396,1585083925.186443,141494172.05890018
2022-10-15,0.0616806015985799,1501799972.4609451,57625179.89424642
2022-10-16,0.0605463976464376,1474900273.6979623,36040871.84728028
2022-10-17,0.0614459574253234,1494375893.1357362,31047024.635965195
2022-10-18,0.0625973481865403,1523962008.5650818,34276237.96056381
2022-10-19,0.0625468174063218,1521770007.9992232,46626037.94795181
2022-10-20,0.0594596401495592,1445584149.958983,39942736.77377352
2022-10-21,0.0586705793546794,1428043859.037233,32624634.61512659
2022-10-22,0.0597667344732159,1455520297.5692964,33410783.972396035
2022-10-23,0.0599063389000865,1465042400.782268,20672158.746502023
2022-10-24,0.0607628354556648,1483412819.62879,22040790.81097803
2022-10-25,0.0586464145656217,1432208573.1040828,34420509.57369333
2022-10-26,0.0599034687036738,1466145213.767625,32056769.73687813
2022-10-27,0.0606293568118235,1481734844.7885928,39170020.502054
2022-10-28,0.058851755875751,1440523705.2325916,45071206.968397975
2022-10-29,0.0600795465212212,1470615839.7543404,39783796.619367726
2022-10-30,0.0611748265140505,1494895442.0208294,53787461.21565278
2022-10-31,0.0606470093057763,1482832516.31464,46230165.81075084
2022-11-01,0.0596944518113852,1463639249.222934,43140455.93609393
2022-11-02,0.058495127946583,1439374961.9760473,30977922.593505677
2022-11-03,0.0588636252738722,1449831607.9926708,56294207.50312147
2022-11-04,0.0600065004638643,1478877996.4561005,57798423.13672578
2022-11-05,0.0632739309301124,1557439084.5051785,79831601.35341984
2022-11-06,0.0621669494065412,1531861115.6941774,59359897.906215504
2022-11-07,0.0592983298037868,1460956422.6219685,45880663.30654507
2022-11-08,0.059230066680926,1457655742.049248,49646560.92172652
2022-11-09,0.0523131065531689,1291465936.23676,127783245.62114118
2022-11-10,0.0439501586219181,1078409575.1822517,99807996.1440934
2022-11-11,0.0503313417753396,1238262517.630443,82671428.63524842
2022-11-12,0.0486110454085436,1192287929.1456888,38332598.26333158
2022-11-13,0.0473400778241552,1159521403.7628102,22293770.17307511
2022-11-14,0.0457200115031521,1122154762.3069322,34544827.04012718
2022-11-15,0.0473468189914434,1166286635.7672975,44073561.2448593
2022-11-16,0.0493518973043314,1219308544.529952,30242771.21218644
2022-11-17,0.0484133712340608,1191722552.379463,18378421.82796363
2022-11-18,0.0488611584956968,1204042130.1261668,38067534.6324622
2022-11-19,0.0487772276117415,1200593266.846141,16003868.840558669
2022-11-20,0.0491728282667495,1210715595.5816195,13619599.522137107
2022-11-21,0.0465108911610062,1147312334.235171,16580323.36310522
2022-11-22,0.0453346470135012,1115775634.7048206,21124560.18130115
2022-11-23,0.0467225164291878,1158583839.9429536,22587627.27773534
2022-11-24,0.0487666413916502,1207743653.5902748,17475688.49593424
2022-11-25,0.0499743446949141,1236956378.0071473,16310249.397755776
2022-11-26,0.0492894850722146,1219560125.97306,12936971.48442681
2022-11-27,0.0497397221405314,1230089948.070351,12716258.837363409
2022-11-28,0.0494552492731225,1225270854.336192,10306480.493576849
2022-11-29,0.0486728248787498,1203775520.8862407,19600778.421575453
2022-11-30,0.0496232680311045,1227099066.8079908,11801299.37458181
2022-12-01,0.0510270110036159,1267104219.8497336,12924253.657707196
2022-12-02,0.0493415331075362,1227181064.9891558,14871964.311077656
2022-12-03,0.0491323796973596,1222820963.6489315,15380840.401274096
2022-12-04,0.0478303107791926,1196759385.3472247,11573994.36980321
2022-12-05,0.0482877430682605,1200398223.931707,15978237.699273637
2022-12-06,0.0488058775435794,1215744737.0883574,13973216.812713904
2022-12-07,0.0485076381822177,1206704626.7895048,10942781.373266472
2022-12-08,0.0472921086372456,1176392075.396584,14158755.316459524
2022-12-09,0.0481029472764232,1197979844.4376678,12891717.346325325
2022-12-10,0.0483668536638754,1204093477.5852828,11700464.220536891
2022-12-11,0.0486160846653175,1209440859.8444593,11684069.897559583
2022-12-12,0.0481589998998464,1198069836.8860958,9930280.745596144
2022-12-13,0.0475282445506389,1182510758.5377116,15009576.312033514
2022-12-14,0.0478293855751137,1191992794.744882,23024163.689481072
2022-12-15,0.0468303934711584,1165405015.5175374,17615568.057597227
2022-12-16,0.0456211012926292,1137740523.817529,16779045.393170364
2022-12-17,0.0421626585410557,1045115285.9600596,20991710.70061819
2022-12-18,0.0433300930502896,1079929832.36597,12590451.448349224
2022-12-19,0.0441567165336287,1100738048.8914213,11899316.347675689
2022-12-20,0.041011047499434,1022294236.0794338,13240349.649091477
2022-12-21,0.0430346751835096,1071757828.5259898,12451571.57884771
2022-12-22,0.0428276862797106,1065686330.2424968,13227077.122019095
2022-12-23,0.0435249524329117,1088729935.3537872,13058582.228053749
2022-12-24,0.0437009605577078,1093843573.530773,10165352.96986831
2022-12-25,0.0440048269318445,1101828517.8453617,7891623.03433563
2022-12-26,0.0437528660808998,1094590771.6898525,8133337.179767578
2022-12-27,0.0441283833624917,1104827692.2524614,8529711.098445738
2022-12-28,0.0422489556136897,1056841814.0222448,16030399.402948506
2022-12-29,0.0407399553683963,1019784487.8131934,17650395.803070314
2022-12-30,0.039410067055306,988173713.8746438,22194999.174336
2022-12-31,0.0374825357928774,943176428.8690948,26930019.83494656
2023-01-01,0.0365189341351214,916276353.8374563,27501902.285922628
2023-01-02,0.0382304176935432,960850254.0611532,18414209.120904826
2023-01-03,0.0389972604264728,980606368.4489156,20763168.409646574
2023-01-04,0.0382475797268195,961390087.4874114,15048478.48316827
2023-01-05,0.0385575700711902,971408206.98719,25118279.542610943
2023-01-06,0.0383995800332576,966923478.260686,20724645.87471079
2023-01-07,0.0392859684618406,988041045.8444824,19039313.087746028
2023-01-08,0.0397602102016563,1001540986.9685868,12798427.636730876
2023-01-09,0.0418914716524149,1055090698.709041,22221374.520071782
2023-01-10,0.0447822669183222,1130660818.784152,46615850.71249258
2023-01-11,0.0447680117687847,1128543385.8002856,33875192.81059316
2023-01-12,0.0459121462591727,1157996355.310539,26969752.36700156
2023-01-13,0.0477461503578054,1204297992.164338,43940197.92181561
2023-01-14,0.0506309552157225,1276759461.1427152,33801647.43340414
2023-01-15,0.0532349429315657,1341944713.639755,64083413.98804061
2023-01-16,0.0522275938777958,1317685502.193018,35897477.87707963
2023-01-17,0.0538023504332736,1355107064.0705729,40973435.55171172
2023-01-18,0.0543606400100816,1374148913.075277,35201716.245265186
2023-01-19,0.0543358651811149,1365449359.5576649,81670726.30240783
2023-01-20,0.0617563582038982,1562726964.2515745,85057947.68421851
2023-01-21,0.0725966212735342,1833238729.6250672,199773431.98570368
2023-01-22,0.0713655328843969,1801211414.4273338,119618657.7757516
2023-01-23,0.0692766170814445,1753324923.9285586,64970775.93374384
2023-01-24,0.0686657329953932,1737109802.7946138,48610805.78397615
2023-01-25,0.0628520362477579,1590290557.3798883,53708114.62586646
2023-01-26,0.0673512882835328,1705461731.426636,81035791.55500267
2023-01-27,0.0671455269097177,1700973607.3662422,47135781.98212633
2023-01-28,0.0696858155838177,1766449411.9396496,47800107.87158144
2023-01-29,0.0671138479858447,1698148747.9231346,26844477.16594878
2023-01-30,0.069727598499,1765068054.2114131,34344782.12329371
2023-01-31,0.0641694667912567,1619667515.0884326,44268271.053687625
2023-02-01,0.0647602618934577,1644613344.8441648,38253101.52287387
2023-02-02,0.0697676707176341,1815108053.1397696,65483785.86522064
2023-02-03,0.0672316879321089,1750608567.7280798,53697849.210814185
2023-02-04,0.0724820279786134,1889627978.1428576,77094969.67345528
2023-02-05,0.0735162708926569,1917946002.5769448,74333736.09219056
2023-02-06,0.0701273881451811,1829336198.0858855,64084543.83520568
2023-02-07,0.067643905629284,1761743135.1462352,38142512.15549838
2023-02-08,0.0751125103591832,1956881795.7371688,182676364.9690854
2023-02-09,0.075313095383966,1963515205.2674503,114831232.6201342
2023-02-10,0.0716595885052318,1866666546.5927303,89010074.70180891
2023-02-11,0.0765262252069972,2002702135.2440145,156471684.24252412
2023-02-12,0.0890442830130247,2315332000.717828,270897633.64143467
2023-02-13,0.086567495665971,2260436725.6523547,245979655.83716092
2023-02-14,0.0854781890343574,2216617893.9413133,181676353.5970769
2023-02-15,0.088053204192429,2290149856.325042,159661483.54523948
2023-02-16,0.0914527091623212,2385010430.6600537,108359462.28790812
2023-02-17,0.0841944537814809,2203019307.274822,120403901.84439392
2023-02-18,0.0854424535197261,2246990795.603566,71054927.94003378
2023-02-19,0.0868178865940481,2274591023.38081,44386404.85604309
2023-02-20,0.0875023540819583,2303409212.2325115,85262484.8930224
2023-02-21,0.0864940688867554,2269681012.2190905,66593093.82533764
2023-02-22,0.0823889596438802,2155728693.304537,68501397.20732714
2023-02-23,0.082366628925222,2169303410.843391,65192490.47089808
2023-02-24,0.0808284215682845,2125562426.8705304,39975330.55807355
2023-02-25,0.0772438373284434,2036333517.669301,59991332.049545735
2023-02-26,0.0751889619898903,1979736287.3604555,40685215.52522382
2023-02-27,0.0750011307851901,1976971534.521611,36273461.06698199
2023-02-28,0.072492890122001,1911590754.3099403,52332227.93446097
2023-03-01,0.0694302547336835,1831965657.255059,48130536.179303415
2023-03-02,0.0706767459295425,1975743748.99072,56786355.12150724
2023-03-03,0.0691087508678205,1928681487.003905,43203595.304466575
2023-03-04,0.0641226369422913,1794236297.357067,50863724.38280346
2023-03-05,0.0650970977071057,1820682440.694364,37615093.302078046
2023-03-06,0.0643743996610441,1798460442.0158708,26507813.16375988
2023-03-07,0.0642215324173775,1800424336.658531,29444199.805753443
2023-03-08,0.062983631613109,1765003828.0977976,29382236.535602912
2023-03-09,0.0607211975411434,1708904191.526708,34912499.916959964
2023-03-10,0.0575177396201206,1611076667.189004,58361426.567115135
2023-03-11,0.059271216442548,1671796727.333202,56532714.45877399
2023-03-12,0.0584332938295002,1636560922.723822,46513550.32795138
2023-03-13,0.0621408747553525,1734081951.9195845,38830772.14404765
2023-03-14,0.0645290276232796,1811609468.1066935,64139688.39925741
2023-03-15,0.0661678660177027,1855239435.3525023,78219782.45531303
2023-03-16,0.0603706532809085,1696474120.6472464,64582310.51529526
2023-03-17,0.0615324070422685,1728708838.1871402,47773320.5850773
2023-03-18,0.0654616270400396,1964250741.990443,57056231.8174729
2023-03-19,0.0627487464116264,1885845692.990572,58344963.55575544
2023-03-20,0.0654362209784377,1974324055.2920277,51546922.817305
2023-03-21,0.0622208150347689,1870632023.655642,59261078.78762531
2023-03-22,0.0645161157702458,1936409009.6414511,47916380.31549131
2023-03-23,0.0608335001922107,1832727251.1309288,56978194.44894297
2023-03-24,0.062914155968555,1895815349.7547305,30042053.02479637
2023-03-25,0.0601089526525154,1822654940.151444,34848261.17130422
2023-03-26,0.0608521241330636,1835898964.8109255,28969435.428723805
2023-03-27,0.0624110795027145,1884897308.1964164,33675648.27586502
2023-03-28,0.0595847463650789,1795540006.8372345,37087576.21447507
2023-03-29,0.0598842622646638,1805787065.6810963,34729934.543864526
2023-03-30,0.0679431824273496,2043531225.99742,79781607.05295059
2023-03-31,0.0650388989592251,1962056605.9891024,92067375.52280603
2023-04-01,0.0738422530255306,2259164301.2330465,331486241.0979536
2023-04-02,0.0706454962048749,2164096450.7259126,90056014.30214755
2023-04-03,0.0735004086175171,2247121642.1749907,157461940.99176165
2023-04-04,0.0681561111501674,2085595994.5965252,82965603.55186614
2023-04-05,0.0675133539913063,2064772392.1362944,65491154.96054948
2023-04-06,0.0671810319500867,2054775313.7191648,74165529.38607034
2023-04-07,0.0656604686562689,2010883744.333907,47322946.52945753
2023-04-08,0.0651117153643315,1991060797.3675408,40333444.08349042
2023-04-09,0.0649737930640177,1991289577.627129,31346908.670144096
2023-04-10,0.0647579027102639,1993342282.4823835,33583243.22346013
2023-04-11,0.0661900846936665,2031391586.1656876,53096832.90785382
2023-04-12,0.0653955285071366,2005659011.1715791,47359952.32519484
2023-04-13,0.0642092948932749,1968727118.9411063,57683318.94195054
2023-04-14,0.066782498230649,2046515107.9294057,43930996.80441301
2023-04-15,0.0674799502810911,2067650635.712569,65069292.64762638
2023-04-16,0.0683646962491924,2124215849.8163695,66043713.14784392
2023-04-17,0.0691631886459585,2146875691.90028,41342429.99422696
2023-04-18,0.0666820782282533,2068657667.0014584,35852844.32961322
2023-04-19,0.0680358045904137,2114300878.24906,45062492.66678459
2023-04-20,0.0624228726871167,1937923284.7693472,59201613.21402808
2023-04-21,0.0620266869767781,1922921573.954446,40536178.325597495
2023-04-22,0.0597189388857262,1852581090.4568024,45135022.72603248
2023-04-23,0.0613760415694984,1912224387.3185067,21655877.15817948
2023-04-24,0.0604891132190552,1881691558.593112,24929480.63267496
2023-04-25,0.0599993254912102,1868890392.141574,29121094.29910581
2023-04-26,0.061073939868277,1903057548.7131224,31555628.40306944
2023-04-27,0.0603837172394005,1881363693.5168252,44756176.409667976
2023-04-28,0.0613922712717891,1908170850.4741964,29527743.767662544
2023-04-29,0.0609175068910761,1898023503.4132304,17449039.78993519
2023-04-30,0.060894413126038,1898961606.1200764,14812492.40799782
2023-05-01,0.0639052548506226,1997962101.967585,141378268.95828235
2023-05-02,0.0594966034226067,1862796700.4865289,50200253.04719858
2023-05-03,0.0589660217122966,1845638592.444451,29036081.94715732
2023-05-04,0.0586622717665192,1835507740.2659256,32453825.301227886
2023-05-05,0.0577585532269921,1808761384.8167052,19942929.289281417
2023-05-06,0.0585117851240288,1829497781.312926,20097911.84821467
2023-05-07,0.0573145067057142,1790088178.5356133,18270908.82832393
2023-05-08,0.0570578183546062,1783885247.484467,13681798.19518602
2023-05-09,0.0547285585854866,1711444831.118913,34695953.23956338
2023-05-10,0.0543374287087923,1703297475.5481377,18122919.366810717
2023-05-11,0.0545905206476362,1711462827.9771976,24566548.78798817
2023-05-12,0.0515493479871233,1616318150.771595,32369126.947011787
2023-05-13,0.0524858676666964,1644201399.8835926,23527338.43511917
2023-05-14,0.0516494610121778,1623438930.8562737,13888163.527196962
2023-05-15,0.0520700236601066,1633335444.8710096,14316545.674401293
2023-05-16,0.0526543863047787,1649770446.792252,18899180.484467883
2023-05-17,0.0525469435461981,1647810440.7009602,16655157.388020456
2023-05-18,0.0534820055741197,1674680670.5562053,19541625.76593021
2023-05-19,0.0526553615254686,1651715807.7120523,16976011.231699947
2023-05-20,0.0531502392663479,1667776033.9131784,12419569.274928844
2023-05-21,0.0534404093371572,1675726532.9627993,8297944.752951263
2023-05-22,0.0526883671005251,1653753616.1250813,10687324.349512918
2023-05-23,0.0523558990201117,1646230192.1983523,14168135.811401503
2023-05-24,0.05248962445818,1650982042.478998,16235105.12575318
2023-05-25,0.0510555370406794,1610070491.5156355,20178642.940012027
2023-05-26,0.0507884750844351,1596821387.2748263,16208781.685582858
2023-05-27,0.052349663556921,1643786823.4931445,16977738.735199675
2023-05-28,0.0522878006489344,1645263987.5887773,13866816.386818765
2023-05-29,0.0536118537932492,1688915551.1803443,20101323.02208455
2023-05-30,0.0529812673899934,1667802246.52397,17480839.754041944
2023-05-31,0.0530287823868792,1669613030.4074006,17919416.189300425
2023-06-01,0.0516215548278523,1624761988.3000188,19177043.98290342
2023-06-02,0.0504707233738718,1593588543.2591207,22343793.10161707
2023-06-03,0.0510423784392767,1612608576.567786,21862650.753702365
2023-06-04,0.0504943966837679,1595533701.9270303,16095246.10554578
2023-06-05,0.0504720946369515,1595480716.19509,16022321.418505196
2023-06-06,0.0490405487702726,1549783451.113768,41988078.74251002
2023-06-07,0.0496721910149806,1569479978.1309285,29884465.917233247
2023-06-08,0.0485687937780051,1536254826.457312,26054074.900618657
2023-06-09,0.0488075920535765,1542643004.5659192,18446001.585782025
2023-06-10,0.0485393670093339,1533434128.2225757,20603047.78132117
2023-06-11,0.0456239512185623,1443668359.137648,60634045.02870946
2023-06-12,0.0443250257438303,1399834826.4316294,26508517.021402404
2023-06-13,0.0453108938752215,1433777306.7418318,27407092.52210312
2023-06-14,0.0468145229925506,1481317341.5373387,25456880.406834707
2023-06-15,0.0454508205190184,1436988430.008326,24712076.31589249
2023-06-16,0.0429271934274031,1362267996.872194,34237558.0845032
2023-06-17,0.0444362010936991,1405728387.9323983,28821388.99098111
2023-06-18,0.0457490082037816,1448946684.3097875,18922041.82215353
2023-06-19,0.0452559322668953,1431794358.6725965,16301422.617080403
2023-06-20,0.0449588983962355,1422693272.5073092,12073835.3895315
2023-06-21,0.0489509943550763,1551128218.1982012,141392069.66949338
2023-06-22,0.0504299547311445,1593409157.76753,36105998.13833293
2023-06-23,0.0502363859617257,1590930817.1520004,31387588.11100622
2023-06-24,0.0520182989300085,1652745345.1840708,22597802.843953565
2023-06-25,0.0512073400589951,1625414869.62063,15753086.416005844
2023-06-26,0.0517336923614351,1639965427.388041,40430649.460022986
2023-06-27,0.0496012912895699,1571461972.4858274,22199265.54077381
2023-06-28,0.050536299905321,1605220199.5994446,15148676.956711048
2023-06-29,0.047581486259941,1510431457.7687812,18531561.69652548
2023-06-30,0.0483318876278337,1536024989.2944057,14574717.891095378
2023-07-01,0.0504081157945027,1619468707.2566698,31738766.89827113
2023-07-02,0.0507321559458072,1633921462.6479435,18461589.42892502
2023-07-03,0.0500409522575404,1612321124.6685896,15949387.877693515
2023-07-04,0.0501353106457174,1617309762.8046796,20880295.038939383
2023-07-05,0.0484987132420957,1567003078.0202525,19842792.04499975
2023-07-06,0.0472460738294401,1526559829.2927248,20284405.07764133
2023-07-07,0.0462823493145877,1497536011.6739376,20332330.91225601
2023-07-08,0.0471072007089599,1521026344.5610466,14680699.447463144
2023-07-09,0.0471596470765683,1523021045.3919466,12894458.628038034
2023-07-10,0.0471392315325387,1521038334.6127443,11111407.694536371
2023-07-11,0.0475586125368306,1532200372.260693,18441150.795332454
2023-07-12,0.0483427655086372,1561972744.3616512,14278221.025544427
2023-07-13,0.0483448949539127,1561595833.379409,15998336.508503934
2023-07-14,0.0523394137742193,1686186706.6479452,34911315.97375027
2023-07-15,0.0510499039763862,1645844869.549456,36824845.26135358
2023-07-16,0.0520303992167489,1680782436.122639,22927790.274368327
2023-07-17,0.050805930637307,1639710499.771562,21020902.504970305
2023-07-18,0.051898877820685,1675037877.0099714,27650708.981653687
2023-07-19,0.0525985044359361,1695806802.6275609,60859471.3987816
2023-07-20,0.0563151571169661,1817893009.311639,90719525.25982338
2023-07-21,0.0572078053609189,1841751182.494169,153348671.0721595
2023-07-22,0.055504954077451,1795062658.5978303,55227878.636506565
2023-07-23,0.0534144669896833,1729328353.952746,41833464.58499044
2023-07-24,0.0534399753817883,1731170193.268755,40381795.56815112
2023-07-25,0.0520545614705131,1686008437.6940386,57675254.0368064
2023-07-26,0.0522825591150959,1692264450.3108842,37354211.48913639
2023-07-27,0.0524784610604522,1699167782.232868,36889591.81617371
2023-07-28,0.0518298279803025,1680535193.5536642,42098910.81287945
2023-07-29,0.0526495126007985,1706184917.2818394,35764120.933419384
2023-07-30,0.0538663294227897,1745226628.279183,29535744.963659275
2023-07-31,0.0529456396350453,1715826943.9420953,18378189.097167045
2023-08-01,0.052354140821362,1700444715.08121,16622947.37025245
2023-08-02,0.051730066519712,1679883440.5921116,24601962.14388576
2023-08-03,0.0526099374816266,1710830738.2673385,46606173.92642557
2023-08-04,0.053328247288851,1728170945.961728,46081717.58133359
2023-08-05,0.0532830543564373,1731078964.9016397,30835517.626023475
2023-08-06,0.0525168901690779,1711538296.1895928,23021422.36170542
2023-08-07,0.0573806127539616,1867008672.6130607,84423372.73900087
2023-08-08,0.0563709282917051,1834187702.815389,40257875.25917263
2023-08-09,0.0617531634037083,2013161678.4212503,161909091.44734502
2023-08-10,0.0597854426017572,1947680154.560583,66096994.55875576
2023-08-11,0.0576459428679018,1876536319.9494216,42634063.24254734
2023-08-12,0.0565681229056522,1862973325.9023132,29430411.742106803
2023-08-13,0.0562126678926842,1850953537.5173328,22351522.989426788
2023-08-14,0.057050390265061,1882397409.110298,18212981.736651476
2023-08-15,0.0656498850208691,2157963739.3189154,284337792.8153015
2023-08-16,0.0679712769495843,2226631474.2415323,358839371.820954
2023-08-17,0.0631129518405183,2087213616.0276809,264388659.45564044
2023-08-18,0.0576290799579829,1905494746.4653008,100522417.5454269
2023-08-19,0.0590580508762103,1946858911.3816447,67714011.9120005
2023-08-20,0.0651939015196197,2150082185.8230004,140302285.9820759
2023-08-21,0.0613465194739693,2021585196.5544865,62422974.80318589
2023-08-22,0.0611487410194828,2019300510.889673,103441592.0664788
2023-08-23,0.0588930880629712,1946577020.775866,77259917.57938437
2023-08-24,0.0618400022411821,2044968155.8121836,81129970.29129009
2023-08-25,0.0591738925592566,1956701358.6395795,58824921.51886469
2023-08-26,0.0589105860875658,1946644626.316564,56243995.11759606
2023-08-27,0.0578660134438118,1911376263.0384357,37266403.40578986
2023-08-28,0.058144427066176,1924897398.8016884,53117562.32122821
2023-08-29,0.0561039500756392,1855106771.827964,43011066.48747072
2023-08-30,0.0562686824165897,1861304196.2265177,72349591.05742005
2023-08-31,0.0536102000948955,1773725081.7133,46222013.22975588
2023-09-01,0.0524152809443946,1738373835.5944035,50014017.76958713
2023-09-02,0.049950678319483,1658508859.308385,56336331.590194784
2023-09-03,0.0497230446679615,1650424289.6683683,56549047.93645088
2023-09-04,0.0486270266411085,1616132104.2847433,38214069.125639744
2023-09-05,0.0484691675074074,1606821732.0519283,29030803.813500736
2023-09-06,0.0494136045613414,1639204143.5019507,28112021.36704179
2023-09-07,0.0491612085024801,1632228904.542698,30200533.08778797
2023-09-08,0.0499331041967519,1657163174.311458,20150614.4210146
2023-09-09,0.0498587717516783,1655043700.9038966,22819979.65880871
2023-09-10,0.0490027978333746,1627507472.3808072,12073482.012115505
2023-09-11,0.0478202503151628,1588545483.7882564,24906957.97106694
2023-09-12,0.0463770228374537,1539134921.5320048,35214606.62799764
2023-09-13,0.0470585639328097,1560476993.7882445,24777776.320771657
2023-09-14,0.0496932014463462,1655224872.475145,30719938.464357533
2023-09-15,0.051493796964647,1711031147.099804,87702333.87332755
2023-09-16,0.0519785059807152,1722916713.8622634,28645341.67322844
2023-09-17,0.0516745393973445,1717762231.574921,20895843.81892993
2023-09-18,0.0496170486742468,1646709084.9121368,16301627.911810838
2023-09-19,0.0500231284784883,1663330890.081282,19960166.31882792
2023-09-20,0.0509645377163635,1694970386.817546,17758503.45738755
2023-09-21,0.0505488548856562,1681550732.4998229,17053416.360885136
2023-09-22,0.0504130497753396,1678091568.835543,17412955.466378026
2023-09-23,0.0504141851431643,1683153234.9585805,12817147.81259186
2023-09-24,0.0519055667938153,1728883194.0086763,16741801.342698622
2023-09-25,0.0498295163064719,1661568668.907019,13455114.778285189
2023-09-26,0.0505101747006275,1684051408.8289795,23074563.94896355
2023-09-27,0.0493893003842739,1647336917.1408453,26150202.25694016
2023-09-28,0.0494372501124722,1648990573.1998303,30450095.6596279
2023-09-29,0.049871211221488,1662014485.7981317,40069573.82589915
2023-09-30,0.0495185672423867,1652785308.6027455,32050096.415409453
2023-10-01,0.0497730019034862,1663996876.237829,14614654.921287552
2023-10-02,0.0507640939874105,1699847087.510585,34390398.41955455
2023-10-03,0.0499909498955261,1672042955.128188,60732622.54591724
2023-10-04,0.04934934957406,1652457757.7936633,63434045.51984562
2023-10-05,0.0488384019442253,1633920440.570886,48831185.06259336
2023-10-06,0.0480854155720453,1611701680.6618364,36082954.99302542
2023-10-07,0.0485016604344221,1624416307.2117178,39722309.39930469
2023-10-08,0.0482739512365781,1616351310.3552358,26474035.30901379
2023-10-09,0.0480693818796008,1609576500.6528916,18296956.649329305
2023-10-10,0.0465005643352775,1556576501.467077,33007507.12358506
2023-10-11,0.0469219669651046,1572151865.839604,26652080.391713344
2023-10-12,0.0466085269075554,1561428864.1023395,27999569.894201223
2023-10-13,0.0455508757899615,1526312643.217461,30529257.917298
2023-10-14,0.0466133361580789,1561642608.610896,25091668.038711376
2023-10-15,0.0468180404909425,1568660423.7155883,19687016.441804085
2023-10-16,0.0467688832394184,1567299312.3523662,21223630.49350565
2023-10-17,0.0475082527862083,1595125440.3882337,34349168.80216687
2023-10-18,0.0467592462943115,1565114838.0156229,31844727.881990463
2023-10-19,0.0474365419279029,1591772436.512258,57045741.12569414
2023-10-20,0.0458212086974384,1537554021.2788212,42156980.165231295
2023-10-21,0.0474306341404464,1591950695.4716902,43082407.97107127
2023-10-22,0.0490013614158895,1641088372.399335,36001515.03150688
2023-10-23,0.0499899404282529,1665048767.3863535,42818215.33073911
2023-10-24,0.0517062713347892,1742053518.4319258,64293128.950309455
2023-10-25,0.0513687381485991,1724525060.1059651,90460558.24301828
2023-10-26,0.0520111724805702,1738421662.2430537,45761045.22339385
2023-10-27,0.0529581673423323,1779315949.9321394,95475552.81960689
2023-10-28,0.0509747117363917,1709171535.862075,65554352.303224295
2023-10-29,0.0519133499905905,1740928138.7220173,29613647.417957477
2023-10-30,0.0524830074017541,1759254651.0821152,31963005.44543679
2023-10-31,0.0537548317526264,1800369449.8790617,60091391.122534014
2023-11-01,0.0525027451902804,1759839734.9120026,61633980.50243777
2023-11-02,0.053621167830845,1794621486.392338,81582770.80480543
2023-11-03,0.055450288022776,1860537594.4398143,110392380.07438847
2023-11-04,0.0547853482710615,1836513603.7774727,43764003.496265374
2023-11-05,0.0556706636454824,1869986806.2314253,22695065.16874133
2023-11-06,0.0559300528439377,1873736674.4682136,29555063.66898277
2023-11-07,0.0586443126568276,1964947217.3098304,32434331.07584887
2023-11-08,0.0575475876731545,1928411354.4632103,94358465.50022247
2023-11-09,0.0606325385359522,2037952956.564187,67098093.11945689
2023-11-10,0.0597940421449596,2001275108.3781965,92300407.40031236
2023-11-11,0.0629448495057352,2112859724.8125744,70500630.27875814
2023-11-12,0.0619641928940784,2074858568.5923407,85046488.89881217
2023-11-13,0.0623221330005702,2085431675.067547,74166342.51827684
2023-11-14,0.0592050597197408,1991048339.263216,60848966.81351609
2023-11-15,0.0585658155774164,1966993648.794176,58454058.65576736
2023-11-16,0.0618490845706722,2075083276.655452,61084742.5266831
2023-11-17,0.0607698754419513,2032261464.3692915,74327017.05062425
2023-11-18,0.0636367716162502,2139800109.2126017,109245195.02703048
2023-11-19,0.0616153382612882,2067099796.4440265,63381778.03128787
2023-11-20,0.0625895128748636,2104659865.026197,39008165.31191056
2023-11-21,0.0659701872815135,2205317193.3199577,87425945.67313851
2023-11-22,0.058731065735694,1979170542.0883863,82633113.35069753
2023-11-23,0.06246325357371,2096135685.038788,57314115.014916845
2023-11-24,0.061466439435729,2065534047.7600996,45677146.51429512
2023-11-25,0.0623150765452853,2092309527.3227613,41491992.74809209
2023-11-26,0.0635333886831579,2134509607.9058857,34785931.07219218
2023-11-27,0.0628937790461336,2110323471.5648477,38889844.695308864
2023-11-28,0.061594282861011,2066229699.883656,45486225.08610431
2023-11-29,0.0609843735617222,2045062269.4570005,42998756.5190936
2023-11-30,0.060005985585809,2016535918.6420991,41099069.45114344
2023-12-01,0.0601290060813832,2018835439.528697,37845829.32494299
2023-12-02,0.0607595151944622,2038829062.8550143,35854910.50419561
2023-12-03,0.0623689392890781,2090693621.6573231,38500715.09846616
2023-12-04,0.0621914281484214,2088440048.6215236,35778782.21386216
2023-12-05,0.0639120019681363,2147799921.5923448,92088790.04248916
2023-12-06,0.0658317687452761,2207949535.035968,63801629.17339428
2023-12-07,0.0686448432895386,2306904258.0637574,103644913.11402814
2023-12-08,0.069179081384263,2325838260.4919825,59962926.261767626
2023-12-09,0.0742447005380275,2499002950.260696,73601341.24091232
2023-12-10,0.0744535761748342,2499783762.5469804,84204136.30383216
2023-12-11,0.0750573658056176,2519711290.933321,61394824.15382736
2023-12-12,0.0709980581616229,2381452030.0491304,90034389.90026975
2023-12-13,0.0755450136879053,2539341975.742582,76025810.40529524
2023-12-14,0.0767350460421992,2577182427.326562,116291056.73130384
2023-12-15,0.0836598374834907,2817063585.966789,108908923.82326429
2023-12-16,0.0799748942067103,2690524699.796011,115948220.42024052
2023-12-17,0.0798084258267351,2674762707.851696,69095900.9258258
2023-12-18,0.0784071497050189,2628842663.2858105,58112681.62276511
2023-12-19,0.0793322522131156,2665514310.31847,85971233.02951105
2023-12-20,0.0813760853744432,2734033286.714458,74211565.56181365
2023-12-21,0.0871633733544821,2928182147.0038805,144579887.59886777
2023-12-22,0.0912219019143931,3063734073.226693,108688619.34164478
2023-12-23,0.091036345690604,3067546230.5654964,106496914.261585
2023-12-24,0.0914878201878305,3080794504.7166348,64033854.64282776
2023-12-25,0.0902276822004118,3033158627.3653154,106150889.40103494
2023-12-26,0.0926002164559235,3115759331.071359,75708727.61326261
2023-12-27,0.0895317645328806,3010577186.3579626,103381297.93804248
2023-12-28,0.0922069616395318,3096742037.567885,84137738.62511928
2023-12-29,0.0894001116741334,3013160513.6901364,87391928.26230147
2023-12-30,0.0891003679620252,2991898840.605998,72137940.6250865
2023-12-31,0.0871748171530591,2932910136.4633923,49930221.23336971
2024-01-01,0.0856978125552551,2881964275.112576,53692019.55190571
2024-01-02,0.0920568719051912,3100002922.566464,65280024.35701413
2024-01-03,0.0971515455189926,3254233718.1745405,194731273.37392884
2024-01-04,0.08845176008682,2967460879.713096,191505300.7974901
2024-01-05,0.088131765124585,2964687917.4447403,99282035.61110744
2024-01-06,0.0846532184312447,2845549293.6814837,102643689.64109352
2024-01-07,0.0795320110127784,2674322592.4558606,81117443.54509684
2024-01-08,0.0752419302546404,2526393371.938727,66126927.09053858
2024-01-09,0.0816580578345911,2749659190.002714,105693280.58296542
2024-01-10,0.0773219477635872,2590734117.717795,80995991.7444491
2024-01-11,0.0837515616189339,2825339673.533925,108531886.55859312
2024-01-12,0.0840344443033426,2832259588.791985,101410193.0291049
2024-01-13,0.0801010304284544,2687747723.41858,99499671.74604176
2024-01-14,0.0812783292408021,2740277686.50118,68478853.74205577
2024-01-15,0.0770549404219308,2604288957.536625,54741837.76675001
2024-01-16,0.0777075914722272,2617174853.867659,57679580.60701749
2024-01-17,0.080611216072757,2713349708.962194,58982171.896983065
2024-01-18,0.0788110070316253,2652708925.748909,45918932.533875495
2024-01-19,0.0751878029267184,2532461099.599726,46747644.05149762
2024-01-20,0.0756306849672432,2548853236.163738,55786214.76150815
2024-01-21,0.0763051856344071,2576738698.8904333,28648949.9729578
2024-01-22,0.0755414335109896,2553677914.4442205,28173135.05102249
2024-01-23,0.0709075501126717,2386080083.5597787,51178287.74386586
2024-01-24,0.0706608767202042,2377751634.9497986,55878492.67993341
2024-01-25,0.0722472306790935,2437424843.075874,37734611.63225632
2024-01-26,0.0713586537497255,2403974019.9186206,28579984.281642392
2024-01-27,0.0744291972884742,2508168351.964272,31949833.62680157
2024-01-28,0.0744282727724592,2505524750.0821304,21712909.543058924
2024-01-29,0.07335236750112,2468939085.904658,29753355.950045437
2024-01-30,0.0743804655259509,2510778823.221529,32834972.87938969
2024-01-31,0.0728930947717594,2451304082.1376734,39483247.38511482
2024-02-01,0.0694853434095924,2341327325.9127235,54436475.00114689
2024-02-02,0.0702403356111971,2363860782.39793,41326827.88788946
2024-02-03,0.0691919814774977,2327403360.7802925,40742065.60226761
2024-02-04,0.0693166468668729,2332503515.2252526,23767962.87243274
2024-02-05,0.0684700656819122,2302357555.3298264,22007028.55182932
2024-02-06,0.0693560933935095,2333843305.636074,28219338.284312893
2024-02-07,0.0748959115817324,2520920312.430493,127611428.06823002
2024-02-08,0.0759526584646514,2557909461.808804,86327593.51322438
2024-02-09,0.0760697035655774,2563329613.846073,63726396.070257984
2024-02-10,0.0794231899300072,2673500341.90016,61819831.64003126
2024-02-11,0.0788329829022819,2655297964.3668427,34845404.172734365
2024-02-12,0.0781911808831283,2631582007.7411847,32003751.16219757
2024-02-13,0.0798992214999702,2690260699.50542,38974761.229092464
2024-02-14,0.0815551210337372,2744566437.5155506,60817447.45654355
2024-02-15,0.0823459782861103,2774946966.578618,57790474.41658104
2024-02-16,0.0827144834496595,2783832874.6834903,60878536.52335178
2024-02-17,0.0855187816287286,2882072957.9948025,62025122.77251891
2024-02-18,0.0834441762231991,2809179994.6904984,43465381.34912496
2024-02-19,0.0897399220472425,3020125473.9401736,94509303.14253148
2024-02-20,0.1107411302209925,3727280840.041813,459533058.4741395
2024-02-21,0.1075503373108509,3636600965.913309,332907880.124454
2024-02-22,0.104605062838527,3534858035.4685807,233804504.11391655
2024-02-23,0.1174957963883717,3954736602.208495,296254658.6427159
2024-02-24,0.1095636653113076,3695425252.026871,158733192.9670389
2024-02-25,0.1099504602547415,3702312218.346637,86810267.21031925
2024-02-26,0.1094625617674585,3684258354.004929,69231224.33713312
2024-02-27,0.111755758816013,3767463086.4160023,114231806.54619984
2024-02-28,0.1081730975242188,3641354608.264624,99492048.06497034
2024-02-29,0.1130960765513087,3795491045.677426,226151600.9994699
2024-03-01,0.1141759781030559,3846518363.5697126,186399357.67569655
2024-03-02,0.1164840182728907,3912783190.6822,90309364.5714571
2024-03-03,0.1153965869802223,3887455335.6492105,123423664.6048791
2024-03-04,0.1128823986797485,3793682118.090729,92739728.92654644
2024-03-05,0.117751710462014,3966236907.362199,160009817.82524505
2024-03-06,0.1120964414051574,3781306016.626858,357300760.9676081
2024-03-07,0.1259412684227012,4241968293.738246,169410499.1602156
2024-03-08,0.1339265353660576,4515714596.963495,194183070.9777619
2024-03-09,0.1306112980670133,4397399993.327821,143489825.54590783
2024-03-10,0.1305859729797528,4397821351.601759,62382131.8452389
2024-03-11,0.1258769551729348,4236665488.6234503,81221525.93960626
2024-03-12,0.1326319776450429,4467087140.479539,120942086.48717344
2024-03-13,0.132956319885049,4472383233.311926,127468778.00259516
2024-03-14,0.1323952394814665,4459365363.44421,146933274.50563794
2024-03-15,0.1270151702268773,4277747900.4676514,106275599.9802858
2024-03-16,0.1203734812854737,4068188289.668871,132254502.78615418
2024-03-17,0.1104458698399283,3721626281.131808,100429703.13092332
2024-03-18,0.1164193753673384,3920382180.8350687,79123752.05549453
2024-03-19,0.1118716460694147,3763535380.163753,87785189.57190251
2024-03-20,0.1013455690301162,3420918721.312353,138747965.0283168
2024-03-21,0.1113970485037122,3756048552.553708,101899174.97122829
2024-03-22,0.1099765365589269,3704339634.254418,77342181.27210328
2024-03-23,0.1061512584897641,3570072476.187556,56917323.54114917
2024-03-24,0.1069130391051994,3606435632.685123,41643115.44040267
2024-03-25,0.1098422014019793,3704112126.408229,42197104.99278313
2024-03-26,0.1168460884970622,3921212048.080751,72947172.74223734
2024-03-27,0.1201536374146919,4040300032.9650383,133740928.50164208
2024-03-28,0.113682658558078,3821574618.751045,102349189.41053528
2024-03-29,0.1161773357959688,3915280621.580746,62511462.18556858
2024-03-30,0.1162782764110854,3917858458.21095,53459995.46336598
2024-03-31,0.1136327341615184,3822495232.028636,45819852.02170389
2024-04-01,0.1157164432863866,3901911898.607996,55521491.26406386
2024-04-02,0.1100022393065746,3711108183.399105,75455253.63436651
2024-04-03,0.1036003881902588,3499111489.6460004,74787399.37909368
2024-04-04,0.1029520716974181,3473256914.3830314,59328811.17128433
2024-04-05,0.1052680189703819,3544167616.7418485,55640661.96736934
2024-04-06,0.1048679693662843,3537766333.826199,47290851.25959464
2024-04-07,0.1059905107386865,3572283407.4490786,28272482.94088379
2024-04-08,0.1057833095880384,3570983766.642532,30207118.92131436
2024-04-09,0.1094521147569984,3690737062.226883,72308196.03130078
2024-04-10,0.1034775464599136,3493847487.842257,64424866.01262141
2024-04-11,0.1021372066337603,3652951087.179512,63261270.25987693
2024-04-12,0.0998822242511084,3569695708.651772,49892080.27268211
2024-04-13,0.087771707872839,3132780032.844291,126742056.13774715
2024-04-14,0.0792242231248028,2832820250.5250487,166894931.61070725
2024-04-15,0.0836198872810127,2989173542.5493917,118403577.9134784
2024-04-16,0.0795623829068195,2835026057.778236,86216956.26658545
2024-04-17,0.0798589680634683,2853890205.44747,67135305.04061536
2024-04-18,0.0781237773498386,2794416589.7844524,51554466.630471766
2024-04-19,0.0821889585400875,2942895855.7147164,50705569.03357125
2024-04-20,0.0806046982735043,2884987290.6146955,66891420.41533472
2024-04-21,0.0868277928502458,3100745647.312807,40597705.091082335
2024-04-22,0.0885255259499982,3163809082.135156,49986016.85030314
2024-04-23,0.0904415550816212,3233961342.959237,47880040.22539063
2024-04-24,0.1564923880949026,5525825585.525875,927171755.2026936
2024-04-25,0.1239816946922753,4405799567.475582,1934739048.954384
2024-04-26,0.1191267684197771,4254638680.2287297,515087487.62220144
2024-04-27,0.1109055858206828,3957088054.2345023,246885221.66815287
2024-04-28,0.1066929310226393,3811815777.158613,163593194.22954273
2024-04-29,0.1036196815629014,3706197532.727886,103027728.1250747
2024-04-30,0.1032241519651346,3690106112.936389,186676605.1196437
2024-05-01,0.0935805530402309,3359328768.602755,242084697.03906572
2024-05-02,0.0997293054807459,3573825249.16815,293360781.29342806
2024-05-03,0.1005268051692969,3604723290.631393,148774770.24351394
2024-05-04,0.1114702805999318,3996032617.780282,271429812.19901323
2024-05-05,0.1089852345766516,3899102018.281245,107905083.108656
2024-05-06,0.1100504200716718,3930068241.175675,90377682.81189574
2024-05-07,0.113949684804775,4070137423.868779,242378553.8384456
2024-05-08,0.1079410526359828,3876729663.439383,92316773.37986092
2024-05-09,0.1062063891398518,3789735426.8596287,76247960.67655511
2024-05-10,0.1106222583965811,3957260639.315972,82913780.93930623
2024-05-11,0.1057540300909039,3779692521.7642617,76556091.94704786
2024-05-12,0.1065397204807602,3809903710.27438,48306197.62362248
2024-05-13,0.1085896716579326,3877507669.133034,53394857.37499924
2024-05-14,0.1075020641616053,3842805478.740324,84973110.8070546
2024-05-15,0.1051686171276361,3758378428.627444,88234698.4589069
2024-05-16,0.11106729277686,3981901510.817729,87521922.52802795
2024-05-17,0.1124383663468245,4014753144.742388,71619127.34101391
2024-05-18,0.1149414335488088,4100348482.676616,128827860.40514068
2024-05-19,0.1146030719284051,4098965328.131007,67643948.47886924
2024-05-20,0.1109396682905456,3964093193.67692,49501002.03342007
2024-05-21,0.1175725964410198,4210642481.5870337,102413803.3609893
2024-05-22,0.1151701411826971,4114828502.131425,82354607.74883372
2024-05-23,0.1132579778587337,4051033014.2747097,64636529.06502982
2024-05-24,0.1087616315948218,3889451659.203555,93818484.86768933
2024-05-25,0.1079156137362058,3858743768.170451,51392114.53707927
2024-05-26,0.1085028117823492,3876013063.535958,33331907.946885064
2024-05-27,0.1067714950173321,3819305223.449315,32717456.52228668
2024-05-28,0.1067792307433327,3814982166.908482,47264168.6215374
2024-05-29,0.104319611445902,3728600034.244745,65820836.25581958
2024-05-30,0.1030931529594418,3684776476.822744,67056257.63454244
2024-05-31,0.1006566007688695,3600428869.549116,60195943.699521184
2024-06-01,0.1002732358939484,3586320648.3773923,53178239.49803344
2024-06-02,0.0998774386082975,3566126233.3014364,29180565.7738878
2024-06-03,0.0992006757285067,3546126183.46074,53121545.78533887
2024-06-04,0.1010762224361475,3606028421.6523614,61561981.6807406
2024-06-05,0.1025177875852085,3661515062.491069,54358083.78098147
2024-06-06,0.1044839217463101,3731641067.109528,58379338.71665476
2024-06-07,0.1014250383499408,3627616715.6561913,51330226.297923535
2024-06-08,0.0939330453376932,3363373168.2969594,119645947.22956376
2024-06-09,0.0903323029848189,3226413498.820533,58996974.98441594
2024-06-10,0.0914968050653635,3270325339.683701,40542400.7757761
2024-06-11,0.0891867477249553,3188287475.52062,61824829.17704917
2024-06-12,0.0873656373910493,3122645824.504674,86969460.84058386
2024-06-13,0.0917198852831335,3280118347.902062,77772665.91375247
2024-06-14,0.0883118387194755,3160405576.146113,61836726.618721165
2024-06-15,0.086335618319729,3086093056.81058,66465242.93227606
2024-06-16,0.0847616110293943,3029633096.253034,31026645.985903144
2024-06-17,0.0863808455034843,3086071812.304575,30927230.364913955
2024-06-18,0.0801353009667355,2864463545.11413,71476715.97007437
2024-06-19,0.0776782527874115,2773191494.637623,113536533.326824
2024-06-20,0.080460904044596,2863313663.510952,54012486.371042304
2024-06-21,0.0803848278879779,2874150324.015042,50845784.19577043
2024-06-22,0.0786742579413143,2813110065.0964327,46465837.68475876
2024-06-23,0.0778870281986583,2784741456.98786,23891564.718453955
2024-06-24,0.0761274805284478,2716206249.456088,28774374.52085636
2024-06-25,0.0776173921509512,2771935578.813267,65595821.76769325
2024-06-26,0.0787184098441497,2816604715.356894,40695085.70101064
2024-06-27,0.076085626796625,2721308571.0652795,33095388.485059205
2024-06-28,0.0786433857225475,2811149425.4610486,36573295.4640747
2024-06-29,0.0768021933147443,2745075515.8731246,34748636.04066673
2024-06-30,0.076045819782482,2714185081.5832143,23456247.40471743
2024-07-01,0.0765038978340176,2730568914.1656384,33598546.46913295
2024-07-02,0.0766108632676136,2737176655.6478467,45780901.1763578
2024-07-03,0.0780263118654334,2789173367.2881384,44882565.477750674
2024-07-04,0.0721604639206398,2576692028.412002,59389666.74306074
2024-07-05,0.0663459046222497,2374822631.868708,64185792.77400373
2024-07-06,0.06707934687547,2403125449.904533,117533832.8781693
2024-07-07,0.070066299951616,2506510618.842823,45497211.086276814
2024-07-08,0.0644675106880352,2296264107.8728147,31854841.359003466
2024-07-09,0.0663702047048979,2369090798.384345,57024276.91661684
2024-07-10,0.0677891897758462,2428458304.783163,42208674.123890914
2024-07-11,0.0663646262563199,2374418291.4190497,37331592.4526316
2024-07-12,0.0657275015964128,2348531539.282098,42569602.30460202
2024-07-13,0.0673416572083932,2407338256.077658,35385626.80588311
2024-07-14,0.0713319432216584,2557974941.679003,39966651.81403831
2024-07-15,0.0722669265669325,2586555701.390263,39608899.97624241
2024-07-16,0.0783489797289804,2803445907.93254,61468980.72329633
2024-07-17,0.0766814343603247,2744406410.0755687,60813422.54302535
2024-07-18,0.0752974784042709,2699565962.286207,51995009.753055125
2024-07-19,0.0726626073101336,2599851204.491014,47304182.676823415
2024-07-20,0.0747526614565219,2675929020.902702,52031732.87852599
2024-07-21,0.0746519662607871,2672061193.1995277,33841128.40186647
2024-07-22,0.0746821315428778,2673344064.9092917,43815754.190603845
2024-07-23,0.070909104572624,2541871449.7198706,37666132.66837824
2024-07-24,0.0683125309915272,2450184853.964075,52024734.982624814
2024-07-25,0.0665627216671255,2387070662.170892,37633568.76326488
2024-07-26,0.0660603175452639,2370185234.397318,59327999.49256853
2024-07-27,0.0682357941521516,2447070135.357602,40651267.51881459
2024-07-28,0.0688543336709232,2470238370.7263885,40545880.5370119
2024-07-29,0.067529838038618,2421424489.3195424,24392983.989412867
2024-07-30,0.0670288831703961,2402666796.33535,40810596.20183095
2024-07-31,0.065930390053134,2364084075.794743,42696383.61494635
2024-08-01,0.0629874613055507,2256814304.6492834,58535604.61208577
2024-08-02,0.0633841848960119,2274406018.680852,86843319.46111858
2024-08-03,0.0593514883144597,2125919803.3457248,76631735.70616142
2024-08-04,0.058249383289674,2086215935.043183,65332152.32279383
2024-08-05,0.0552094995890772,1980079011.171844,74212744.05130912
2024-08-06,0.0521731163735608,1870546257.5692828,281268071.67926025
2024-08-07,0.0549066782401143,1967955401.5816543,96590318.54015712
2024-08-08,0.0512978360696521,1839704828.42234,76675462.29508759
2024-08-09,0.0591376276579071,2119803168.9949305,76202201.89485393
2024-08-10,0.0563001240311365,2013780339.8781888,66741452.950114526
2024-08-11,0.0558656590529685,2003793985.2049043,34095645.39877163
2024-08-12,0.0526529651995685,1888159123.1795485,36384319.06809351
2024-08-13,0.0538604473176282,1930592682.914568,45325282.78701259
2024-08-14,0.0542766199503873,1946806609.195924,45419713.65184484
2024-08-15,0.0536151742011587,1921879867.921348,41333291.258918144
2024-08-16,0.0519274925764583,1862132882.785705,54416321.28265887
2024-08-17,0.0519621759014162,1863302877.518721,46885129.65986229
2024-08-18,0.0526316348317071,1886487696.071264,23487973.047972493
2024-08-19,0.0530055601101706,1904422594.427266,33827078.72396626
2024-08-20,0.0543540344342698,1952446532.49291,47459120.23515235
2024-08-21,0.0536576027719665,1924639960.4100296,43231215.3575222
2024-08-22,0.0547545776243407,1965443987.7301407,57159254.30866376
2024-08-23,0.0552767661021621,1984011281.780343,55863582.306380615
2024-08-24,0.0594325244481191,2132231352.2020447,76641367.13982324
2024-08-25,0.060428813659017,2167289989.960375,54365681.86957264
2024-08-26,0.0589145791322994,2114948596.0083628,49455535.04276759
2024-08-27,0.0560413217669201,2010538041.434196,50078864.99412032
2024-08-28,0.0525175712739895,1881298377.068624,63516523.44950405
2024-08-29,0.0513162305998439,1847410762.012722,72560407.31939013
2024-08-30,0.0510926394352796,1832521934.0689948,46822487.50154
2024-08-31,0.0514013431652766,1845114933.928536,40801942.32688488
2024-09-01,0.049917252974467,1792653851.7131023,21272518.816622496
2024-09-02,0.047980503073798,1721002284.6633584,34488211.77018916
2024-09-03,0.0507675864026928,1820515622.468097,37913977.876008585
2024-09-04,0.0488225588515287,1750985576.5397537,35466020.019273564
2024-09-05,0.0493401871876413,1769716009.2251425,45720415.17768094
2024-09-06,0.0481227890598837,1726525658.2392604,34115281.46203294
2024-09-07,0.0471785039382012,1705896335.0683632,53200963.48510032
2024-09-08,0.0483724866710888,1786668113.495113,23407331.307565443
2024-09-09,0.0493786414453383,1826086238.4396253,26555608.05253009
2024-09-10,0.0510845315428946,1889433244.1059248,33435954.795520853
2024-09-11,0.0509430728445736,1881834656.6350343,31128891.55676517
2024-09-12,0.0499880540455662,1850128081.457409,33217219.097414836
2024-09-13,0.0505303535761678,1868948241.5637996,26380615.761492606
2024-09-14,0.052416343027049,1937530525.4414644,33221018.49994247
2024-09-15,0.051658001173495,1908670776.1254067,18424555.47370444
2024-09-16,0.0501349130732461,1851745552.7199984,21785336.530447006
2024-09-17,0.0494042971529393,1829551329.4273112,27504727.250766862
2024-09-18,0.0498426966275462,1845239011.6376808,30873388.358916137
2024-09-19,0.0505426770648062,1867302089.8535564,35635017.85775075
2024-09-20,0.0516368567855953,1910044533.9388883,69875363.24121748
2024-09-21,0.0526124890175794,1945747720.189134,61872693.00119928
2024-09-22,0.0560201207581245,2072689786.8872447,67583857.84059207
2024-09-23,0.0537398365348965,1989163317.006312,46620171.90384241
2024-09-24,0.0579527207602466,2178796082.294557,81740579.19878529
2024-09-25,0.0578207781674497,2175949102.29737,62347884.02454224
2024-09-26,0.058443066420312,2199006791.255336,89434223.04380204
2024-09-27,0.0616571451644274,2319166093.441972,73485700.3581115
2024-09-28,0.061931510165787,2328285849.1950445,63551168.05478829
2024-09-29,0.0612946453441412,2305404205.2989697,53830982.91374361
2024-09-30,0.0614175027598402,2310797146.8422093,52242272.60747045
2024-10-01,0.05745541966254,2161412391.190792,66132813.86244049
2024-10-02,0.0528783549251127,1989681865.0080476,91697453.88178784
2024-10-03,0.0516322830224708,1942633678.0909405,63224563.85831482
2024-10-04,0.0515692691865031,1942004029.565208,81181133.8234137
2024-10-05,0.0546759749952044,2058305068.793612,63058336.667875946
2024-10-06,0.0531551758726403,2001269434.1262963,35935185.767106734
2024-10-07,0.0541052863855801,2037405661.8729796,32954057.911007933
2024-10-08,0.0525195313142378,1977128293.284012,58184312.23649374
2024-10-09,0.052316531866026,1970885396.8832407,50465993.242071815
2024-10-10,0.0501939727715165,1889761691.6644905,46398615.79193133
2024-10-11,0.0502632471980128,1891267450.9951923,50296854.45398702
2024-10-12,0.0513882259020063,1934904432.2906969,38856293.4146742
2024-10-13,0.0515318626175148,1940581704.5594592,28596763.23577264
2024-10-14,0.0510573468722315,1921940150.471881,29504955.40002889
2024-10-15,0.0533375580874512,2011771517.529312,43983825.96646403
2024-10-16,0.0559305816720726,2108167865.771428,167563953.7678661
2024-10-17,0.0535247573315205,2016190601.5725205,85343275.88445869
2024-10-18,0.0510775065322248,1924504394.6636567,62859077.33310569
2024-10-19,0.0517913401187892,1952298635.8727405,49475382.65942777
2024-10-20,0.0535513254921189,2018368290.8582137,54549975.11969103
2024-10-21,0.0557878571044357,2101110378.286328,62314754.55447018
2024-10-22,0.052908414686453,1994128132.2709253,75061479.09814471
2024-10-23,0.0525167326639151,1978821958.847603,53388114.087350026
2024-10-24,0.051367538765235,1935835262.276344,47779712.76514656
2024-10-25,0.051159825330325,1925845819.968497,35283739.34749554
2024-10-26,0.0473913964403499,1780810674.0748074,67406008.65303572
2024-10-27,0.0481230728699753,1813424793.33344,41702372.32123958
2024-10-28,0.0487637798084451,1839459927.338188,23270920.72550497
2024-10-29,0.048769643898432,1837667988.3671756,46704378.50414144
2024-10-30,0.0495870752729904,1867749879.19647,56126806.0361655
2024-10-31,0.0486605266371042,1834792430.1793408,46314722.29439335
2024-11-01,0.0462668851522994,1745047832.3853493,51601318.3247476
2024-11-02,0.0456028803844685,1718209952.2169344,53025366.706313126
2024-11-03,0.0448136168487416,1687233324.2426772,28375052.222974613
2024-11-04,0.0428895281853927,1614899713.3012242,63061198.35767812
2024-11-05,0.0425193124085505,1601719233.730548,88687432.43071651
2024-11-06,0.0459849841191872,1732689796.8951104,73859108.65414788
2024-11-07,0.0490185814794718,1847010405.2631128,113576415.04438198
2024-11-08,0.0491997784364922,1855310975.5827649,62421176.18743647
2024-11-09,0.0522502136675495,1967161064.712679,108219801.02121864
2024-11-10,0.0525713911078047,1981402625.0468757,68545712.8117349
2024-11-11,0.0549035455629407,2068379684.2769787,193392761.8399081
2024-11-12,0.0583317592720194,2204531212.070465,186008011.7312305
2024-11-13,0.0650071040343331,2447371889.245644,644431123.8732437
2024-11-14,0.0595985512208323,2247581557.771324,328977442.1158324
2024-11-15,0.0637585155710483,2401051726.35298,405216651.2860108
2024-11-16,0.0719492700537761,2706643474.8374686,536148736.8048593
2024-11-17,0.0910121883319331,3455601623.9374776,1091556746.7952285
2024-11-18,0.0902001124422915,3402768558.7934,456461734.054558
2024-11-19,0.1427295871083163,5377396281.7246685,3189460907.2052364
2024-11-20,0.133725958582084,5040536998.284695,2044522255.1133995
2024-11-21,0.1224225778468539,4622186759.499016,968690318.5672928
2024-11-22,0.1266066220427744,4831384327.21995,1099214179.4618297
2024-11-23,0.1470385059713827,5622604390.2529335,1630475905.9387252
2024-11-24,0.1544224456125209,5889930083.005451,1921486372.9829648
2024-11-25,0.1472916609210657,5626457993.168741,962812633.509948
2024-11-26,0.1347268924420303,5139216100.8883,588348413.653215
2024-11-27,0.1387828380751271,5300397455.702319,543806170.476463
2024-11-28,0.1418947272098123,5418833428.045591,436061516.82054704
2024-11-29,0.1450743193007747,5550978328.914299,387517930.00113255
2024-11-30,0.1806230011080213,6933544821.429475,1456765861.140397
2024-12-01,0.169046962569314,6458357635.932893,1048410226.7774792
2024-12-02,0.2096835356658977,8030988431.627354,2218938695.505119
2024-12-03,0.3101639358431129,11904259058.285442,6319122913.580338
2024-12-04,0.3186500122198401,12178495335.774158,7439143734.010873
2024-12-05,0.2865299104615163,10911711028.970917,3438420442.98299
2024-12-06,0.2891730153080827,11033729042.295015,3131940482.2853923
2024-12-07,0.3693920143213086,14108096934.29104,3402282084.5983787
2024-12-08,0.330684056162451,12654548573.188911,2603110256.067974
2024-12-09,0.3312813987816883,12663272031.446917,1441595737.503309
2024-12-10,0.2816425257331536,10769744844.879627,1974862835.7608075
2024-12-11,0.2879004013263195,10968473220.356607,2690501161.8607903
2024-12-12,0.2993402750676988,11441557217.092464,1681426273.793198
2024-12-13,0.2917317296312836,11153012879.26616,1596369429.8141918
2024-12-14,0.314144445572345,12008494054.387278,1796518366.196272
2024-12-15,0.2942068385045459,11243251726.21824,917155501.1448736
2024-12-16,0.2958536058089075,11319752327.664137,709643882.6064204
2024-12-17,0.2826827809170946,10812229593.832668,937043116.1608528
2024-12-18,0.2841767596029622,10852052012.045624,1047211000.5825504
2024-12-19,0.2731032251608937,10421267145.813145,1864747666.5688317
2024-12-20,0.2699440193169914,10351001315.965902,1824527295.116592
2024-12-21,0.2699053708619187,10312085340.664288,1967691713.9097247
2024-12-22,0.2536367128050957,9679117524.84751,984992093.223948
2024-12-23,0.2651548798385338,10171709942.706524,872526801.3385632
2024-12-24,0.2911095595228941,11138403073.580853,1070029751.5721836
2024-12-25,0.3318202447289554,12689592953.212772,1743823768.3156483
2024-12-26,0.3135501264162223,11992325229.62344,973551813.9632026
2024-12-27,0.2846895209111105,10910710692.969145,789667108.8017625
2024-12-28,0.2759644370245501,10546076952.899172,753115374.8341856
2024-12-29,0.2947432126983489,11268188005.1355,725047669.478578
2024-12-30,0.2794837871874405,10693744826.804825,584698645.2989699
2024-12-31,0.2772694607817013,10568775253.313765,711572953.6779847
2025-01-01,0.2685249995596109,10279821933.58234,433593518.37717664
2025-01-02,0.2940556999141082,11279048016.009916,861395311.8233802
2025-01-03,0.2919426549282268,11168332571.389874,728563253.2291886
2025-01-04,0.3124683120965359,11951759340.468224,1059606159.725006
2025-01-05,0.3063222275454269,11720729907.920094,659799928.3018606
2025-01-06,0.3014409087402522,11532145781.342068,530808887.5139488
2025-01-07,0.3079061469125759,11773407475.266336,716499424.4898412
2025-01-08,0.2904791499215713,11127799009.0316,1045162050.0192704
2025-01-09,0.2844337221243987,10889639965.36773,733304811.4713639
2025-01-10,0.2690620483253668,10299601501.226805,552688867.017066
2025-01-11,0.2821520115973146,10802864594.633984,543139433.7891439
2025-01-12,0.2922148719410539,11182048789.739038,423754449.7904248
2025-01-13,0.277811185100328,10622212890.294044,364269546.5091028
2025-01-14,0.2750218896553254,10520550346.611317,532999272.12383074
2025-01-15,0.2871064923180715,10977879256.521685,394657192.9786917
2025-01-16,0.3273734983532271,12533335872.340366,1037129566.082284
2025-01-17,0.3627010728206814,13884402483.232143,2289560464.983381
2025-01-18,0.3754320385233813,14366468223.869017,1616577341.5423534
2025-01-19,0.3552649010360006,13583397500.91328,912784092.6326996
2025-01-20,0.3267805382967423,12512786409.083948,1040871341.4550653
2025-01-21,0.3404730333145176,13031094300.710402,1237242635.8251412
2025-01-22,0.3372501169079603,12893882321.23201,742062040.4362838
2025-01-23,0.3243323886275653,12418340693.599249,450600734.3835492
2025-01-24,0.327001154743462,12513816146.531277,621054742.4565306
2025-01-25,0.3269378335078322,12498337403.237003,589566810.8463181
2025-01-26,0.3323452838520661,12727389768.00309,345937615.7289033
2025-01-27,0.3236519848986628,12405002395.962831,526348130.2481804
2025-01-28,0.3139699828323121,11992915567.327335,724849781.2678255
2025-01-29,0.299111272410564,11447044734.331984,452078447.0494893
2025-01-30,0.3091291486462058,11847202372.61863,445200873.5341777
2025-01-31,0.3164725982150523,12112933847.417048,344345195.38005126
2025-02-01,0.3062922668230955,11716940250.055258,323918299.1515377
2025-02-02,0.2865811996068728,10973639581.8121,278176374.72588974
2025-02-03,0.2517862455754579,9623226123.04289,663335813.1562841
2025-02-04,0.2744196880126037,10501351358.311712,1620372678.4941094
2025-02-05,0.2513168834902872,9596484221.294275,699033425.3442123
2025-02-06,0.2386208834859677,9130534151.08231,376143015.981341
2025-02-07,0.2279584528588896,8705694485.727226,383244110.1451822
2025-02-08,0.2326981477652519,8904781767.713533,363056112.02969694
2025-02-09,0.2345678102014703,8979421995.109825,215361039.09580952
2025-02-10,0.2289485071770536,8758497297.747967,227406810.73628476
2025-02-11,0.2317247609328601,8871433550.299803,284695798.8132776
2025-02-12,0.2288755860183723,8764977287.695555,323477572.4417711
2025-02-13,0.2340297933248756,8937528647.208538,366647318.3521741
2025-02-14,0.2251081772873121,8616238234.022537,248207697.64551225
2025-02-15,0.2310198310890288,9643991179.48582,323211485.6850873
2025-02-16,0.2289030471601091,9558027179.152609,221493730.18810463
2025-02-17,0.2195612678101699,9196438386.690643,162841175.13640234
2025-02-18,0.211876511793297,8879773526.553595,206335582.1501128
2025-02-19,0.2067207068628674,8662752504.454731,243423171.71712065
2025-02-20,0.2157419709869392,9042465315.951136,222093853.7249201
2025-02-21,0.2224492663316698,9325154488.088652,260504873.90475735
2025-02-22,0.2132311170403374,8947752981.181835,363457204.2855411
2025-02-23,0.2166186872423274,9076558930.096111,213223231.84507853
2025-02-24,0.2117223004183928,8873317545.619104,147195272.7975732
2025-02-25,0.1965410100124383,8235845939.132363,722949447.4686997
2025-02-26,0.1980505809475242,8322644576.820255,635373059.6371566
2025-02-27,0.1955652769458286,8202035321.337396,396792077.8645492
2025-02-28,0.1993945761310644,8352069138.092846,292200599.2214753
2025-03-01,0.2127829489058083,8926188864.404451,569202877.7547634
2025-03-02,0.2533633718946548,10631537818.637438,1016424979.3402108
2025-03-03,0.2644727792643359,11100529329.504875,1051361816.674526
2025-03-04,0.2234964143773013,9371325789.135897,806501952.177105
2025-03-05,0.2410881757057343,10084463613.97342,875634247.24891
2025-03-06,0.2498125129120885,10476062230.6491,576539902.5161384
2025-03-07,0.2378292735456059,10024942382.701376,375113081.00688535
2025-03-08,0.2331534500606256,9846883725.51911,683827080.097322
2025-03-09,0.2267963108908071,9582804672.180664,248573544.3657836
2025-03-10,0.1996564877880596,8405255441.862658,331716447.33862895
2025-03-11,0.1905294084369998,8070408702.727947,449307320.3009543
2025-03-12,0.1957447736663197,8264746280.559269,599274849.3202188
2025-03-13,0.2007529740749823,8455040869.342003,566847489.8218938
2025-03-14,0.1892165363582746,8003028045.200939,392771206.662097
2025-03-15,0.1922653756889625,8117417552.681399,288188596.0130218
2025-03-16,0.1924571815442111,8122909679.930481,200210037.9250392
2025-03-17,0.185139232342461,7803190622.151776,254079517.6662696
2025-03-18,0.191484390471187,8075451524.004559,275804520.7064964
2025-03-19,0.1887964314400141,7972431094.202847,176481182.16892615
2025-03-20,0.1977586247013566,8350405673.983468,320186144.2752752
2025-03-21,0.1899194061439585,8018066430.135539,231542167.60726544
2025-03-22,0.1842242350122329,7776667449.538471,155006392.5267894
2025-03-23,0.1821703897232807,7687858695.647979,139180834.93073398
2025-03-24,0.185531622726701,7846153718.59188,158129763.39416355
2025-03-25,0.192501661658069,8125168955.200482,223387401.4942238
2025-03-26,0.1948849462496668,8220142316.996049,211760378.89819255
2025-03-27,0.191683922278684,8088093858.552423,209526649.2042239
2025-03-28,0.1934702973332369,8163070860.510695,163436691.6762723
2025-03-29,0.1819995458325715,7678777474.143069,203089284.73349357
2025-03-30,0.1719049234867418,7248363991.448722,217600893.042016
2025-03-31,0.1677668441444135,7082498133.617979,133669514.61211854
2025-04-01,0.1633113082164455,6884922146.077809,247660859.5391976
2025-04-02,0.1701198690097252,7188153490.481838,219195649.6282925
2025-04-03,0.1614682035406572,6818706806.46166,347253253.5412868
2025-04-04,0.1626017264275879,6876977991.047408,281040175.3016338
2025-04-05,0.1642723230605668,6936615336.813738,311208851.65258074
2025-04-06,0.1622203768262066,6842142083.438059,102912365.3566763
2025-04-07,0.1395556380332455,5874606223.637283,230332313.86597797
2025-04-08,0.1526363758204958,6442867567.873216,553450371.8366199
2025-04-09,0.1459642571514067,6154495546.649791,475412425.2645356
2025-04-10,0.1684835357286774,7116539665.766842,658004708.6628594
2025-04-11,0.1677139659546845,7086309397.64072,385546750.90555006
2025-04-12,0.1676528652765986,7077931934.160389,374760296.6019659
2025-04-13,0.1773635764935564,7479770018.26527,240645543.87537095
2025-04-14,0.1651322839224746,6969515505.701553,219749893.3559338
2025-04-15,0.1650461146863286,6968765046.375406,250212122.33697864
2025-04-16,0.1569888670119157,6629053844.68644,173333437.6766305
2025-04-17,0.1573192168278055,6645423179.810232,207169472.75725
2025-04-18,0.1630145068663629,6884196230.93007,167161054.59364104
2025-04-19,0.1649664804598177,6967308837.959271,110832986.0404965
2025-04-20,0.16686101230856,7046816125.773552,84875027.07907401
2025-04-21,0.1659258523082331,7004188447.193966,92834770.36544216
2025-04-22,0.1692298844692005,7137241891.080906,177176190.6486964
2025-04-23,0.1816491284140734,7671957003.395332,208621527.2712989
2025-04-24,0.1802976866355953,7613406244.939973,262764144.89914212
2025-04-25,0.18815717690059,7943888090.305465,269451353.9895854
2025-04-26,0.1924746303785195,8128095702.970263,327911220.94891834
2025-04-27,0.1917287740295556,8096629430.777102,150974976.27067697
2025-04-28,0.1906269943125657,8048789900.370372,161980301.22087142
2025-04-29,0.1908283965820701,8059648170.028132,240292098.5146041
2025-04-30,0.1862585514731657,7865315519.817879,146560365.90348023
2025-05-01,0.1821891439915829,7695697187.222051,201100852.07181725
2025-05-02,0.1861549622373491,7862968687.01175,160869139.64874253
2025-05-03,0.1867413170416827,7884902473.293041,151747729.6834552
2025-05-04,0.1805183130309198,7624366758.81667,98238026.66866052
2025-05-05,0.1767218201787458,7463448139.088312,109910841.4225948
2025-05-06,0.1735452587325126,7329998850.938656,132698208.13729943
2025-05-07,0.1770135578707084,7480293700.226322,164030245.0131664
2025-05-08,0.1756818794814501,7420581001.258745,121290145.614233
2025-05-09,0.1947250920417533,8225175077.137638,257954477.7419837
2025-05-10,0.2021541975558874,8538757743.730518,341515996.359496
2025-05-11,0.2190995904322087,9253272730.8387,331015771.8033258
2025-05-12,0.2062246106259581,8714678050.056337,281451384.9108127
2025-05-13,0.2158695002684629,9121356477.205254,595915957.0693891
2025-05-14,0.2167616162169945,9151860892.13184,318871981.27066433
2025-05-15,0.2060306456865069,8701375466.906452,272932798.49791855
2025-05-16,0.1972976697091579,8331147946.272797,268727083.95217496
2025-05-17,0.1954647010370909,8257053097.530516,173984174.98558903
2025-05-18,0.1907554592754609,8048377425.0894785,133442100.2335307
2025-05-19,0.195337245959884,8248452787.669682,176344433.70189655
2025-05-20,0.1936574758920656,8171659699.66542,168357736.52767184
2025-05-21,0.1949561325337659,8236774706.899549,148553270.25072804
2025-05-22,0.1985901935878364,8395496769.176214,216705356.0138008
2025-05-23,0.2045686839246477,8641827790.486885,219549832.57724857
2025-05-24,0.1904236415911595,8057948456.306211,256189257.99911028
2025-05-25,0.188364202195271,7955731036.453593,113383168.60073715
2025-05-26,0.1881981603100744,7949652369.470952,123773927.5795332
2025-05-27,0.1855477859161882,7831557663.363046,124460608.98581313
2025-05-28,0.1874252638957411,7916393953.62727,155385915.4072449
2025-05-29,0.1857825823792459,7847419883.170427,104885310.16080417
2025-05-30,0.1796625312332994,7600353638.656728,158896040.9795651
2025-05-31,0.1672954934537366,7066385180.638119,206517571.22381148
2025-06-01,0.1675787227646148,7079087793.380219,171727974.1434914
2025-06-02,0.1687249793536453,7128148508.789165,102968700.09814084
2025-06-03,0.1716477491137222,7250506133.326792,120470762.36823817
2025-06-04,0.1720479220346093,7267262938.583782,107971250.9322744
2025-06-05,0.1673753516443111,7070343559.139193,97333465.32779612
2025-06-06,0.1598721550661955,6753146363.251134,144414698.91485065
2025-06-07,0.164816142822077,6961611649.137429,113022813.83173151
2025-06-08,0.1688693194084005,7133221490.84685,81311107.89468576
2025-06-09,0.1691968204027386,7146579580.471496,84258808.90680873
2025-06-10,0.177756449886129,7508288424.476027,121137586.7536144
2025-06-11,0.1800168415156634,7603247637.275394,132258677.88073264
2025-06-12,0.1729907379049932,7304521646.582808,141266780.00168264
2025-06-13,0.1632847425099433,6899464528.958658,170367703.03514946
2025-06-14,0.1588370797752141,6709389246.709938,230783843.61253157
2025-06-15,0.1552947673985143,6565853937.140411,91470743.958423
2025-06-16,0.1545761330380895,6531821277.932328,102323309.2804541
2025-06-17,0.1543155746701812,6521663416.140964,174140979.16049358
2025-06-18,0.1491680614226202,6303533683.581122,170441844.18511742
2025-06-19,0.1476386482402398,6234682536.410047,135294506.44005004
2025-06-20,0.1478020579386794,6241211732.017363,78696270.39525916
2025-06-21,0.1444737106809242,6102910293.000787,103823372.95234628
2025-06-22,0.1369793683379436,5762941562.7592745,113075546.70887972
2025-06-23,0.1336156737705193,5644230664.48111,219961353.97630003
2025-06-24,0.1517632690390628,6431411104.53188,216564850.4842275
2025-06-25,0.1536753306470348,6504461238.374601,183638084.7302448
2025-06-26,0.1497569394801312,6347166564.559709,148963910.2997943
2025-06-27,0.1426867696796177,6046399018.970037,174792686.46016505
2025-06-28,0.1461325870954513,6195960461.040496,132001350.71637002
2025-06-29,0.1478832009809815,6266719092.518955,88525796.84431091
2025-06-30,0.1526096476837922,6469933163.107657,99407373.84376688
2025-07-01,0.1500492428681673,6355895118.508092,157196265.9192803
2025-07-02,0.1446776796328122,6130196247.796395,137381848.83181134
2025-07-03,0.1555103147393098,6594174670.997018,189197371.8555839
2025-07-04,0.158795436411423,6725270612.718632,214915756.77788723
2025-07-05,0.1530202239710198,6486662993.82519,161644886.92074668
2025-07-06,0.1542550085802677,6538935024.838367,116517858.80698708
2025-07-07,0.1594320770115438,6754493303.003212,137357849.71999517
2025-07-08,0.1583679385198959,6711203436.784783,171186020.20908037
2025-07-09,0.1608366117214844,6818145320.609768,172857730.5333724
2025-07-10,0.1708678071832224,7243750821.520475,283209008.7668471
2025-07-11,0.1900184334348669,8046969495.93977,354606391.6295727
2025-07-12,0.1938221621589291,8216282839.007657,785306424.8396274
2025-07-13,0.1971333135079601,8366202228.9633665,606666106.2933438
2025-07-14,0.2404678240544013,10189915404.7764,1554043130.6818016
2025-07-15,0.2362817197527072,10018699689.902004,1199788785.9233673
2025-07-16,0.2323079130371416,9846841816.025375,748757905.5856566
2025-07-17,0.2354573990084069,9977230033.21712,662361231.7945098
2025-07-18,0.279639905871423,11890312445.39464,1046110918.8015506
2025-07-19,0.2593922384749462,10989511958.293957,1145672731.632366
2025-07-20,0.2679186074497568,11372910257.574593,526420556.4597467
2025-07-21,0.2711432996653849,11494164389.672668,587445139.4496373
2025-07-22,0.2713043291252789,11514221023.404608,758734802.548739
2025-07-23,0.2748390621583129,11641666151.677578,640812947.4144654
2025-07-24,0.2450479024028577,10410598021.347878,654950531.9647325
2025-07-25,0.2391951773049887,10140862792.600954,555819541.4371731
2025-07-26,0.2591445895946295,10972978137.695944,887032792.7949865
2025-07-27,0.2794257942074228,11834191611.930016,779110381.3108505
2025-07-28,0.2907552110619207,12311184758.291586,908926463.6650631
2025-07-29,0.2706633898332734,11506055262.570663,557856278.6209048
2025-07-30,0.2636963801729072,11174895730.803286,474947780.9823992
2025-07-31,0.2562851920764009,10857594393.67642,478800240.28584486
2025-08-01,0.2514001120588691,10662151016.95315,647295553.9438592
2025-08-02,0.2423075526588164,10271604227.723932,701789343.0980045
2025-08-03,0.2304411564036322,9774947757.098269,433302935.29492587
2025-08-04,0.2487428469671386,10547155609.006878,379300475.4000032
2025-08-05,0.2504947701774537,10618425669.88814,437898806.171963
2025-08-06,0.2390497507961981,10136761728.77682,344778181.6584308
2025-08-07,0.2448058779449716,10377069733.634363,357082296.28831726
2025-08-08,0.2597288997857905,11010794999.597696,369723515.8682748
2025-08-09,0.2620035335829078,11110734224.007126,444420596.53077966
2025-08-10,0.2667504931164717,11300029219.44402,318259672.77855027
2025-08-11,0.259119728931811,10982492801.160786,246027577.98706308
2025-08-12,0.2471027638192417,10474307416.186808,364523690.26823753
2025-08-13,0.2607144462547798,11053242254.603737,353546621.5228859
2025-08-14,0.2666819301364635,11300421276.61364,420545628.6927011
2025-08-15,0.2492041166429119,10563753127.614485,633645071.3421026
2025-08-16,0.2474602429053265,10491804794.754604,389007044.9911944
2025-08-17,0.2523719831209543,10691008260.63068,230265976.7614575
2025-08-18,0.2526329087810141,10710410940.647108,233634332.47412175
2025-08-19,0.2449357983873062,10382613375.412098,344257601.67820853
2025-08-20,0.2312837236391626,9802005156.56118,314862922.00321627
2025-08-21,0.2414888326021195,10241157849.029491,303091214.4113425
2025-08-22,0.2353626927106801,9961800208.30497,216445439.62997136
2025-08-23,0.2565333987557754,10888663902.268204,457525557.1468104
2025-08-24,0.2531006522679919,10729677575.648527,216374558.68307707
2025-08-25,0.2479480217239102,10527794483.651505,323467674.26406187
2025-08-26,0.2307574698071031,9779604237.684608,348865188.4760909
2025-08-27,0.2417994180445719,10250333079.638285,288251561.5239934
2025-08-28,0.2376229701888704,10075135994.916718,236529680.38365683
2025-08-29,0.2389823373174897,10134588713.195454,216377265.30444333
2025-08-30,0.2280998913096311,9676109892.02532,362106090.5590487
2025-08-31,0.2257106954953763,9566362364.665249,173279949.5712711
2025-09-01,0.2189205790149962,9285452827.323963,145951202.6692505
2025-09-02,0.213918956741627,9067695750.193586,302075496.31345457
2025-09-03,0.2203890151348091,9326420768.639467,272155698.1469699
2025-09-04,0.2193111030104212,9297039844.507215,159280082.17019194
2025-09-05,0.2137421228166228,9061222370.407478,206453208.10659987
2025-09-06,0.2184308382942098,9260575556.913132,191863023.3908109
2025-09-07,0.2145699062883782,9099255243.39654,82958897.06594364
2025-09-08,0.219767287458305,9324048398.28692,139868081.62316442
2025-09-09,0.2266276341954588,9611873054.80922,192001981.8975631
2025-09-10,0.2282032959638921,9672784705.365732,235232678.1380003
2025-09-11,0.2341289910458187,9918451241.385044,203775440.64044625
2025-09-12,0.2397990748410041,10177903832.394735,263308296.8354524
2025-09-13,0.2456349324227102,10413822380.0976,282299534.4856992
2025-09-14,0.2482477929054225,10523203501.720144,264286694.7791112
2025-09-15,0.2407448705025607,10203991736.224424,227658394.88557175
2025-09-16,0.237053354139185,10036243228.602932,263165302.69160792
2025-09-17,0.2380841049339831,10092239157.236025,184717638.1234084
2025-09-18,0.2426524282949882,10278914311.509022,336995236.85278195
2025-09-19,0.2466021659758205,10456597512.365389,314669471.7395556
2025-09-20,0.2389711731994828,10122103512.636011,235625799.31444988
2025-09-21,0.2421313681067187,10261917879.886814,168795426.76060444
2025-09-22,0.2342193272685076,9929622036.983303,135624247.59977937
2025-09-23,0.2222373134488171,9423885646.359,358370061.4943973
2025-09-24,0.2194599981111677,9312046796.739134,211437277.36142972
2025-09-25,0.2213161858940031,9375413899.155788,194379234.18046
2025-09-26,0.2071551302057142,8779784022.827423,325393220.2748695
2025-09-27,0.2145958592894137,9093329194.072245,224660697.69310743
2025-09-28,0.2128258251414037,9030729703.516954,93051065.2276274
2025-09-29,0.2162179558890149,9167217293.09212,114630067.26435442
2025-09-30,0.2168918627847886,9198264009.30988,218928210.38903984
2025-10-01,0.2148711362259848,9107103977.87556,233497249.37073633
2025-10-02,0.2240240743762741,9495286432.20728,271023018.5092792
2025-10-03,0.2273955011135287,9626303775.652584,256498094.29484183
2025-10-04,0.2253470978014054,9547664031.192535,246626445.01521596
2025-10-05,0.2172128718528702,9209775039.680752,195901782.31784385
2025-10-06,0.2164738032127458,9186990426.75162,241409279.39283097
2025-10-07,0.2303619004550568,9773465320.364742,347084811.4401967
2025-10-08,0.2185526605797623,9259747223.888529,293677986.51701224
2025-10-09,0.2196701641439992,9305733094.658953,245121214.192327
2025-10-10,0.2131759589412823,9030424454.98573,314088333.03252643
2025-10-11,0.1667310777153625,7157960063.7838125,707906965.5046047
2025-10-12,0.1682810586130619,7135695166.749078,417082871.7926633
2025-10-13,0.185408219514586,7854153930.167867,318877654.9455142
2025-10-14,0.1941732803536077,8234752321.088303,447272563.4517126
2025-10-15,0.19037176192955,8072706814.355389,453330810.34543943
2025-10-16,0.1789819684844749,7588676748.778106,255703025.23848715
2025-10-17,0.170252289281629,7218729161.895921,308600382.0715291
2025-10-18,0.1626979277529124,6902567686.110767,388956574.9064397
2025-10-19,0.1658478309176926,7032888052.849523,140468698.6368098
2025-10-20,0.1703810376324871,7227041709.36359,172969674.53824356
2025-10-21,0.1758871213175533,7467407624.323206,204528521.0010907
2025-10-22,0.1706647632979816,7236702958.425134,227511253.27431384
2025-10-23,0.1659121392129117,7035351464.851897,223582742.06787837
2025-10-24,0.1649548029953637,7006502356.872026,209498000.22584677
2025-10-25,0.1706695241573364,7245656929.573152,208078773.01847017
2025-10-26,0.1725217631875438,7330964818.940022,115598181.04930748
2025-10-27,0.1799529596335513,7658773887.341191,155979874.3593482
2025-10-28,0.1842154049427481,7819242522.728326,248151263.2933456
2025-10-29,0.1945896202705432,8258465701.741905,1038323932.5714548
2025-10-30,0.200833507052541,8524218200.559879,548300897.4783745
2025-10-31,0.1964617135052301,8343604671.087523,648925438.497836
2025-11-01,0.201491767357635,8572371750.641873,425362768.6530972
2025-11-02,0.1960967988463463,8328374021.814514,294625366.1297804
2025-11-03,0.1947296404174163,8251546580.678551,236323081.34850264
2025-11-04,0.1751987773704704,7439764593.037907,399398972.13203424
2025-11-05,0.1691117281589875,7180086878.061771,483464795.22128
2025-11-06,0.1752029952874672,7442150839.152083,308999514.3000008
2025-11-07,0.1625604243852994,6901343421.725032,237959832.9052418
2025-11-08,0.1767979762153953,7518050655.384971,373863076.60741144
2025-11-09,0.1753735392337253,7447088128.518245,221109461.15253004
2025-11-10,0.1764717787172544,7490694556.919855,208612676.16835335
2025-11-11,0.1936478344684995,8216307516.808366,468772819.2189045
2025-11-12,0.1776997454435677,7556253684.170119,300030468.8811419
2025-11-13,0.1737202089465369,7375897146.827866,310224969.53157693
2025-11-14,0.1650563134871573,7014698578.375502,369112700.3072534
2025-11-15,0.1532647399801688,6528569375.529736,415151552.6808719
2025-11-16,0.1547386402926026,6571231316.51245,193645424.0295331
2025-11-17,0.1466877124777958,6249055320.67153,244071641.54219085
2025-11-18,0.1455006575896279,6163146753.392978,291741113.0769386
2025-11-19,0.1502956767646727,6381796102.38986,254549422.8784738
2025-11-20,0.1447037621197107,6140241041.909571,239411038.00166303
2025-11-21,0.1363777652693067,5811065062.071756,234883478.98279065
2025-11-22,0.130831877823739,5558849643.604303,363432773.7521648
2025-11-23,0.1316874120933983,5594642681.75801,158120206.19389665
2025-11-24,0.1481588315945897,6297945843.654614,432275462.38218135
2025-11-25,0.1483309305673362,6306410413.342329,367165732.4801821
2025-11-26,0.1447213359358736,6153952822.801957,232261817.87480435
2025-11-27,0.1480482268679836,6285065679.007091,206649058.56766605
2025-11-28,0.1470725828103979,6249007482.198145,171180237.09787884
2025-11-29,0.1454217556858319,6180536859.472247,188372009.73460367
2025-11-30,0.1434495414763429,6091186165.931085,104143688.15517734
2025-12-01,0.1419383341319932,6028812310.958853,123295098.53523023
2025-12-02,0.1333655749719547,5669383739.359755,218030624.1775074
2025-12-03,0.144604504932344,6147532678.646895,209920776.6280459
2025-12-04,0.1462729305548318,6211369480.132077,261833035.1383921
2025-12-05,0.1394576576596266,5924852189.867415,182075497.17145088
2025-12-06,0.1341933437634221,5699668244.6522045,146955954.4797169
2025-12-07,0.1339055164364093,5687811461.5745945,83153558.7068608
2025-12-08,0.1308644036531747,5558877156.7096615,162789217.97424
2025-12-09,0.1346093594075928,5717399495.993706,143158947.58685964
2025-12-10,0.139124300696244,5913454243.634941,167966304.68669248
2025-12-11,0.1347931699218752,5730956815.808045,160504391.04048896
2025-12-12,0.1300475440018173,5530986305.372968,150955975.05400622
2025-12-13,0.1238842189660914,5263894069.777498,126346666.43663909
2025-12-14,0.1230111183867361,5221154488.33301,88314310.91698465
2025-12-15,0.1185622495914991,5036090464.4266205,95947779.0242338
2025-12-16,0.1141280340246176,4848661201.521123,118227007.47769812
2025-12-17,0.1142866373017181,4853306846.652756,94147415.07651807
2025-12-18,0.1096037871482119,4654250115.736802,94978171.93242496
2025-12-19,0.1049722138849302,4459646860.290321,146314984.0969661
2025-12-20,0.1120300038866869,4792382524.40963,161320228.00116163
2025-12-21,0.1136744157114071,4859039623.216381,80497897.05643219
2025-12-22,0.1119326388697226,4788379176.883215,89678256.39226285
2025-12-23,0.1140918153931518,4880124250.433653,129308237.9890744
2025-12-24,0.1105074866089479,4727427015.577783,97553114.21045214
2025-12-25,0.1094041798283946,4681275982.044148,77923007.28245507
2025-12-26,0.1087643950667219,4652867050.31365,78056339.7936738
2025-12-27,0.1117084889398202,4774790162.434368,108993892.60343224
2025-12-28,0.1150818434843058,4917663106.775286,60811526.86758154
2025-12-29,0.1152911647272888,4931520036.124961,58660358.522860914
2025-12-30,0.1126369432932735,4818518698.946541,114654849.03145848
2025-12-31,0.1117211457710528,4782795065.297366,92531043.20766965
2026-01-01,0.1061898238751092,4542470367.282704,122162918.49380784
2026-01-02,0.114135671051451,4879809472.983419,103631276.75431158
2026-01-03,0.1214979046669821,5208821744.479234,209323145.33640108
2026-01-04,0.1207567373902624,5168353104.832514,123652035.61059394
2026-01-05,0.1251483655180058,5356996571.915013,186145594.99836057
2026-01-06,0.1319951401519662,5655833892.809454,246188464.70571443
2026-01-07,0.1289001534458582,5512754039.401063,259664075.5385019
2026-01-08,0.1231032394843919,5267860036.385532,163844016.05692038
2026-01-09,0.1206015208027213,5160784223.558274,178490784.32339913
2026-01-10,0.1201543889186847,5143542589.797245,163372317.26790974
