date,prices,market_caps,total_volumes
2021-05-10,461.64888756786746,0.0,1261252028.6903558
2021-05-11,461.64888756786746,0.0,1261252028.6903558
2021-05-12,363.840709210106,0.0,2513661601.73589
2021-05-13,257.15473263629883,0.0,1084708284.9464066
2021-05-14,302.5379850613162,0.0,939450039.3606576
2021-05-15,304.1466185051128,0.0,496520874.2023652
2021-05-16,245.53050652675492,0.0,451821573.0260734
2021-05-17,224.82025971357308,0.0,388013617.8895165
2021-05-18,195.41607901917905,0.0,417367971.1788634
2021-05-19,164.67758924543912,0.0,460561762.1884069
2021-05-20,125.90828759914986,0.0,774206729.7652758
2021-05-21,164.83044445629628,0.0,2190024665.000575
2021-05-22,143.4053030029384,17845405572.33842,1105989164.4599636
2021-05-23,149.16470674229333,18537096879.444103,407855419.28710574
2021-05-24,143.5364591894256,17386800143.225193,780459515.9295715
2021-05-25,147.53001734089509,18517706292.567257,695770193.958271
2021-05-26,133.31723282378263,16549090121.7541,541133024.2878845
2021-05-27,142.4423820897955,17609960401.197784,544692217.3884505
2021-05-28,131.9362008782438,16443950549.517511,316541424.9493226
2021-05-29,115.73287502111134,14419734003.58076,322119286.9109628
2021-05-30,111.04971454449564,13845262920.562958,205242554.60572568
2021-05-31,111.3880326458002,13820838525.027658,178212875.65487856
2021-06-01,114.57873780431262,14266572524.778791,190736769.24120355
2021-06-02,107.61460671582772,13422115249.218824,158288527.8428607
2021-06-03,108.03160190812189,13431467337.658377,271840980.7011449
2021-06-04,122.78283797307496,15493137596.694782,585866768.9263917
2021-06-05,109.30816954515277,13785326001.23429,446339037.1160203
2021-06-06,104.0776757413992,13162472593.780806,234837582.51465803
2021-06-07,104.64506098642651,13225839242.910175,164465924.4433251
2021-06-08,90.44996983660508,11361174139.314762,238672209.96942416
2021-06-09,81.91567973223933,10378760569.985613,323084022.85799223
2021-06-10,81.6851770108435,10395852555.205402,312732596.64657444
2021-06-11,66.49870883177712,8601123279.975838,443686991.13061744
2021-06-12,58.30648696503557,7859061727.280729,427592916.3985601
2021-06-13,61.51530405061664,8280003836.875874,417965876.4916889
2021-06-14,64.82590482855947,8636982490.632097,368641192.8915823
2021-06-15,66.91688526629527,9014393643.104998,322295127.26022285
2021-06-16,61.007096591259874,8258406863.522482,332046099.05587816
2021-06-17,55.22393258382,7432591669.034574,222028405.2667153
2021-06-18,54.24077081116896,7306296600.197013,250012685.2464848
2021-06-19,48.3631864068626,6546958555.635227,220550969.8600469
2021-06-20,48.89853573601593,6559670902.552096,286636113.82503474
2021-06-21,47.17764508090096,6357727128.329508,228033773.73780945
2021-06-22,36.62095254176348,4962342716.272875,300525203.4634498
2021-06-23,34.39317544474665,4631384871.46096,285211978.46757704
2021-06-24,37.78770781133413,5080715058.105904,285621000.5508825
2021-06-25,34.80184389665675,4700150401.503942,250839333.70513305
2021-06-26,31.535784886777037,4262089729.0047207,241131335.6345381
2021-06-27,30.092396328469967,4054398047.371298,227427303.98368248
2021-06-28,42.69907636457674,5834594922.711168,603457281.9065272
2021-06-29,49.66037343402859,6640710694.468481,863728996.6315031
2021-06-30,53.96133730184667,7337825058.679243,881737872.4447594
2021-07-01,50.70243108143301,6786405306.343286,870833653.9193599
2021-07-02,45.99767561200372,6288629797.705527,475997084.8034295
2021-07-03,44.1120485875006,6028666396.149927,325624799.3616151
2021-07-04,48.94062343344413,6678275307.183987,345856648.0724319
2021-07-05,46.91541358456919,6433664681.296983,286640844.94059515
2021-07-06,46.70949740305101,6398960111.022411,282225063.0269088
2021-07-07,46.10539697339144,6305194609.374749,234414009.76829463
2021-07-08,45.46123716869941,6231061245.71968,196740775.71254507
2021-07-09,40.15868098198481,5488966848.072951,227475306.7955689
2021-07-10,41.22444038981458,5652063327.849976,195050852.46441472
2021-07-11,38.78036450046671,5309001401.296231,149470876.3781694
2021-07-12,39.75122924641021,5439111916.866366,138143104.63877255
2021-07-13,37.50753595213409,5117624126.0714655,138260839.9884753
2021-07-14,38.78972583309597,5312584265.399919,185660972.7953599
2021-07-15,36.83456962814934,5037178869.101616,241981864.96730703
2021-07-16,35.70390080405119,4886091957.639212,154736819.74429604
2021-07-17,32.37633462168365,4433448636.902265,127600471.57643066
2021-07-18,32.30671422260622,4418987719.248852,115029405.41398782
2021-07-19,32.60000162234232,4474198751.364596,100165444.26505548
2021-07-20,31.242472601634763,4277448595.634332,96347284.81762642
2021-07-21,28.71788780744956,3930264915.840743,149396025.52046618
2021-07-22,33.71838028380697,4599460883.2994375,249468787.6549529
2021-07-23,34.003083418579315,4655025219.841132,293416321.70132
2021-07-24,34.67007271279279,4744133992.799273,174050369.1220123
2021-07-25,44.22620698868279,6058892056.726244,603145825.8712809
2021-07-26,43.16913674105639,5908418653.073464,555455332.3836962
2021-07-27,40.54089140526613,5560505864.569178,529220668.7026904
2021-07-28,40.54304272538246,5538319897.683059,402291385.37243867
2021-07-29,40.77809872005497,5579782119.179051,320573438.8141653
2021-07-30,41.23588562039136,5645013858.838683,194702877.5243714
2021-07-31,42.04083453929065,5760269754.641799,230594127.9303686
2021-08-01,41.94783914864291,5743050908.391642,233577873.4554724
2021-08-02,40.79857286497591,5576892484.899206,247019434.39161623
2021-08-03,40.269182865466846,5520800493.377008,184462378.80482236
2021-08-04,38.62631307210061,5295777338.444029,205908463.4130701
2021-08-05,39.391565642823984,5427215767.588934,167519712.9022444
2021-08-06,42.07481294872208,5768530815.182161,206042805.0425576
2021-08-07,48.5732955470656,6716882647.295431,695997441.1452401
2021-08-08,63.318441753320826,8672837265.415644,1431729381.5626411
2021-08-09,55.1513533695368,7553786920.199534,698508515.9247236
2021-08-10,64.48678090122188,8795656203.102203,1133799653.0123863
2021-08-11,71.38109433212674,9715728466.691746,1262244537.6378336
2021-08-12,67.52594037053946,9202891829.8915,1044465972.9350276
2021-08-13,64.08224091343362,8751193461.904013,827870415.0177082
2021-08-14,68.06350300497547,9349584557.75952,565507796.0139205
2021-08-15,64.05980267688811,8763433910.174866,513135689.4383127
2021-08-16,63.09883128956255,8612925248.013418,460717162.9213258
2021-08-17,60.98123366641546,8518056241.581358,605776610.3184747
2021-08-18,55.776283693150646,7733629386.503585,542321649.8971568
2021-08-19,59.283214022303625,8154680150.800511,521330269.7611501
2021-08-20,67.28391539064528,9172400628.743896,928583336.0442256
2021-08-21,67.5458710957735,10456778887.77138,586090675.8649294
2021-08-22,64.6104016409998,10040202465.636782,382794602.4289463
2021-08-23,64.7169735268394,10048891938.83422,300503102.1850632
2021-08-24,65.7339255909687,10215794123.757896,346214668.1364272
2021-08-25,59.36004341719119,9381981297.337898,385522045.2823743
2021-08-26,62.17683549349153,9763740513.03423,464248238.2464971
2021-08-27,57.41717018836032,9066004079.074036,465373262.9731229
2021-08-28,62.71270790470652,9851335651.229694,526409294.8711087
2021-08-29,64.93011176462745,10206807040.058678,632151983.373876
2021-08-30,72.43246620865314,11486312909.602118,965454261.8972254
2021-08-31,64.99158865678909,10141953236.951948,813763132.9594145
2021-09-01,63.47525418011318,9965045197.004105,558534170.3130704
2021-09-02,66.12104960941416,10377740775.786182,436503325.7070569
2021-09-03,64.97300878833836,10236235392.149015,413659389.2600053
2021-09-04,65.75052491510134,10294746398.982002,490745552.6668826
2021-09-05,77.24405025068101,11953087587.51637,1112324047.770931
2021-09-06,79.50206164128423,12480651303.796314,1457349932.7835517
2021-09-07,79.91153838999331,12545837512.659828,1165893661.138429
2021-09-08,61.2774065632991,9736849779.835358,1425842041.559718
2021-09-09,60.75489513689494,9731981634.032991,827321113.1650605
2021-09-10,60.686709396890535,9637769957.444857,747438418.3125706
2021-09-11,56.795033326585646,9019388354.743393,580267766.0475796
2021-09-12,57.87884191391752,9405063227.506426,476385308.212934
2021-09-13,59.73634444542245,9749379071.414396,400821817.113284
2021-09-14,55.32841309973913,8996697138.286797,425224377.9954357
2021-09-15,57.07086208985128,9283635386.242338,309673026.2171747
2021-09-16,61.53294543683226,9987937695.492352,350534420.8981212
2021-09-17,58.1353761989389,9463924069.149174,298412659.3285669
2021-09-18,56.49855702282866,9220429728.464931,242537438.7584362
2021-09-19,58.66363925497104,9554653607.236654,299369170.5974028
2021-09-20,57.22783061304295,9325525001.658785,184400858.53996384
2021-09-21,47.70271807437453,7719374931.502793,457290471.4922372
2021-09-22,44.72606697239809,7202623324.354076,354064277.4052432
2021-09-23,49.92772295287243,8118611368.372011,308258500.94737905
2021-09-24,50.71565282251859,8261160625.789268,271396683.32137895
2021-09-25,45.97968548776488,7467680264.952245,398828990.1421851
2021-09-26,45.85423952613077,7458043542.585388,199539363.75279608
2021-09-27,43.77221913023847,7129910076.042026,359384281.4008764
2021-09-28,42.45841923192413,7103819290.546585,267122162.43022507
2021-09-29,40.83415271084839,6811392789.499895,184749107.00093877
2021-09-30,44.53975283725497,7349890406.43664,279108346.33915484
2021-10-01,45.09551652676728,7512523067.952463,225464935.98659965
2021-10-02,52.24904295256498,8660925810.198198,354441253.95045
2021-10-03,49.69647172256163,8256411007.111586,257806256.0995052
2021-10-04,50.37795758211505,8388136131.058412,232805698.9945176
2021-10-05,48.93145987547311,8183424093.117577,252143797.0805812
2021-10-06,54.551808303364304,9155070183.723076,689989014.3720889
2021-10-07,52.83751808663083,8835079765.678194,455114863.7240749
2021-10-08,51.0817853895228,8536472253.291355,423877252.7935508
2021-10-09,49.029167648384906,8208721038.3199,433043669.2464117
2021-10-10,49.595913602110215,8300151324.970787,288365266.9157307
2021-10-11,44.88097187281144,7494152812.8988495,327731773.26040053
2021-10-12,45.11444532672797,7510436627.734073,313199242.4207741
2021-10-13,43.12549731211587,7499865352.186542,372516512.3601841
2021-10-14,43.07711033930971,7490863094.174578,341001565.0753362
2021-10-15,42.78190945319597,7428763051.620009,361722147.1587741
2021-10-16,43.17802064049054,7473014009.652513,429864154.1086088
2021-10-17,46.084474648132606,8022081004.739159,527151734.7061614
2021-10-18,44.04373554178561,7666832131.44236,327228130.5175843
2021-10-19,43.755209039958025,7587602377.385264,251197579.0583882
2021-10-20,43.80799865615212,7627801574.362056,244013193.6721679
2021-10-21,47.056075268961365,8192076726.140631,348937187.61897993
2021-10-22,44.81451822635823,7809466755.023888,410864813.4034133
2021-10-23,45.18941331373512,7873668626.688754,242345454.3559228
2021-10-24,45.55183881076086,7947620671.746761,178773288.70773
2021-10-25,43.60864338448374,7598632226.430553,208006693.06373316
2021-10-26,48.72460828596584,8494206560.644168,388383784.9343216
2021-10-27,46.83163286633004,8187914922.734213,566685748.6139045
2021-10-28,40.870048285871775,7126915252.171073,714241897.6397766
2021-10-29,43.08528875665906,7540008696.614931,1145839482.3445442
2021-10-30,45.27486282036449,7890957585.723945,714937258.9493854
2021-10-31,43.04869675813758,7509038383.732357,251101498.83460188
2021-11-01,45.10143370429039,7890531567.644948,471100346.9941144
2021-11-02,46.33196271216662,8100844010.412304,378387402.9448208
2021-11-03,47.20037112643442,8211123211.594064,422968391.3989152
2021-11-04,46.763880719534896,8196644174.327079,330420601.3210498
2021-11-05,46.32731282920838,8095055118.164884,337817886.840167
2021-11-06,49.75155454386491,8755825688.12509,1082538101.873349
2021-11-07,49.60853808069656,8701465554.72271,519987222.881702
2021-11-08,53.9042543913711,9453898066.959583,461859362.4601604
2021-11-09,54.9193486837592,9698526684.556473,807680200.0071431
2021-11-10,52.55180185593501,9251659277.956924,456276899.3074973
2021-11-11,48.521391242866514,8621269504.38257,559766469.4960281
2021-11-12,48.165457282257215,8759223620.227556,387547846.7572757
2021-11-13,46.53309259404419,8459486505.323293,358608423.57862747
2021-11-14,48.023735235993286,8746299882.090202,269839132.33222204
2021-11-15,48.468516626451525,8814063144.716373,287796119.4742863
2021-11-16,47.09354854170969,8581751939.779107,252801772.1253673
2021-11-17,42.88696075031798,7841225746.924382,479548630.57912576
2021-11-18,42.990551144344565,7742708986.205042,290661210.74484426
2021-11-19,39.73670433449521,7228684029.364477,340092146.60063136
2021-11-20,42.09466476483679,7644403592.297063,252655277.7076816
2021-11-21,43.76386735707909,7979476533.051498,274941461.16324186
2021-11-22,43.53666415718453,7986146266.327659,368854737.7788107
2021-11-23,41.65569500006588,7594627935.575547,269118360.70578074
2021-11-24,42.03376776052069,7693981742.94217,211951993.1239658
2021-11-25,40.6465873687785,7433278089.15978,225973525.2168525
2021-11-26,42.98799301240459,7838516448.188308,268169029.34156564
2021-11-27,39.41854513682991,7214337743.951744,491659917.2016408
2021-11-28,41.85006451743544,7609492232.823709,423081920.4152089
2021-11-29,41.80210082427491,7638582315.404432,330283594.94898504
2021-11-30,42.01706362548473,7708125594.601445,217140202.6322616
2021-12-01,40.771053499879535,7463533399.9067135,279566955.14694893
2021-12-02,40.99446596296688,7473609059.146955,238469321.15394893
2021-12-03,40.17987696458667,7386272712.378006,177319373.32666805
2021-12-04,37.97171400787706,6990270984.418285,277516449.90255034
2021-12-05,31.63197120504592,5779527588.650588,653939825.7157129
2021-12-06,30.31743021905543,5551465183.961842,299269991.5655776
2021-12-07,30.12663509663226,5531680469.632937,336809809.9186448
2021-12-08,29.513107773176245,5429907645.967146,242924540.93638328
2021-12-09,31.43342635445921,5760353940.913059,431616807.2879593
2021-12-10,28.49568305087168,5244515054.59499,183314139.66607004
2021-12-11,26.70493555059973,4949468203.591403,198440325.5136433
2021-12-12,27.81591405379883,5105132157.695272,173480416.44314256
2021-12-13,28.49442828439189,5215990165.567515,151651592.2651945
2021-12-14,25.112333212242152,4772227053.833371,216949753.7641682
2021-12-15,25.40376738495624,4821217676.524896,166222107.58721364
2021-12-16,25.932738929206806,4928238722.241066,234139580.73402527
2021-12-17,24.386635196907,4632762280.409249,166524783.055222
2021-12-18,23.35975105284677,4451624407.530918,206321451.570339
2021-12-19,23.675724671618,4515479484.745332,183520082.6352098
2021-12-20,22.647038784338505,4328809238.39988,178910797.43893167
2021-12-21,21.8020580229524,4184509228.5276895,234145210.1550438
2021-12-22,23.205682841527207,4424706672.030567,214137325.9627917
2021-12-23,23.405722032566064,4476926218.988718,265525219.42268088
2021-12-24,27.0394869574342,5156676860.453293,531015604.892352
2021-12-25,27.40669700074873,5198922377.807101,389251895.236912
2021-12-26,27.420004742554603,5234159268.242507,215974740.24557537
2021-12-27,26.76236348021056,5108890610.786842,255174906.1106855
2021-12-28,28.22084372578043,5428506234.553148,389410683.15551305
2021-12-29,24.84010211195221,4769837940.286944,421401350.1054205
2021-12-30,23.91419653112584,4538854588.703211,286524616.84555155
2021-12-31,24.81496999802497,4728347140.24497,278410113.1540259
2022-01-01,24.44871392280468,4693230971.6588745,286908640.6872209
2022-01-02,25.70927032181756,4882985762.017537,188753819.50055623
2022-01-03,27.322697822592065,5233056016.547778,399886107.05873007
2022-01-04,29.301012310129465,5591122046.992726,444683511.3012771
2022-01-05,33.85984482817184,6490566500.757759,1082874896.0711536
2022-01-06,30.83812827512352,5955750474.582733,1251499248.2509563
2022-01-07,30.681593169027163,5956379967.376931,808322622.6024274
2022-01-08,30.26925753158823,5842976674.774453,744674604.4693893
2022-01-09,32.89098920498109,6342674723.443418,813575117.4543552
2022-01-10,36.109257404742486,6944283494.159306,983705803.047542
2022-01-11,34.44941197458357,6661276349.118198,996518451.2785244
2022-01-12,34.252233153554776,6671828489.982092,662373565.7548445
2022-01-13,34.875969898271414,6804879538.079868,555895362.4814303
2022-01-14,31.372407961952785,6263416801.614813,422745611.0476287
2022-01-15,32.53327350595525,6422447712.582793,364688778.572278
2022-01-16,32.6104417522181,6470544883.008118,241661183.59415436
2022-01-17,31.26429217115944,6209612513.100797,250407091.9350033
2022-01-18,29.72030987603125,5905878929.075675,241260950.71897772
2022-01-19,29.517304429018207,5872286120.218686,299242258.4074738
2022-01-20,26.53641634446141,5293898471.840404,287418101.51413786
2022-01-21,24.93091018911216,5003189029.210501,290829509.91799086
2022-01-22,24.06186937721604,4780737140.181978,494830399.1481697
2022-01-23,20.49007951457732,4075643591.051537,573540457.228976
2022-01-24,21.265754231038443,4227210574.866397,250765262.35293877
2022-01-25,20.723743766173325,4150052476.1022167,396410758.74766713
2022-01-26,20.166916290352475,4007455266.055382,253649752.2948928
2022-01-27,19.811650845498416,3961950339.347031,338707048.4564824
2022-01-28,19.62498890725013,3876095065.272799,269388988.80135715
2022-01-29,20.347699366562303,4041278820.588113,209818971.93002284
2022-01-30,20.19621549738727,4010231181.782094,215820339.47246477
2022-01-31,19.297912490233436,3830783016.276121,247935711.9991825
2022-02-01,19.86360143195249,3943786183.446179,190936321.52713236
2022-02-02,20.192893920689578,4029085538.051003,170127969.66655818
2022-02-03,21.654069221560423,4323063780.902127,390260330.1515554
2022-02-04,20.73156526201433,4139674545.164166,249460996.12956056
2022-02-05,22.307765682048256,4430753957.741265,263603869.04844588
2022-02-06,22.418071497379277,4501836173.219671,200661991.90205628
2022-02-07,23.418686103146943,4694489709.580041,261283347.0531721
2022-02-08,24.015795560591904,4810126979.590394,282926075.72060984
2022-02-09,23.08409695479596,4627857654.978779,288513097.2047576
2022-02-10,23.117927060962067,4630932455.945692,182647911.9600041
2022-02-11,21.640260667072557,4453297127.343323,236199730.070867
2022-02-12,19.78155316671095,4084021038.886781,215515361.05560535
2022-02-13,20.050180669696484,4124807900.846137,175978924.74292624
2022-02-14,19.88451834989897,4113650377.121568,118008843.7080722
2022-02-15,20.826923870344075,4296043107.967295,200658759.69958064
2022-02-16,21.74442091385361,4512136319.109514,161461554.86380354
2022-02-17,22.069483044461776,4584357762.507597,207747295.42635757
2022-02-18,19.83169708715666,4100926458.1369457,218809477.91509217
2022-02-19,19.66847851434856,4075016781.381961,164527591.77311078
2022-02-20,20.032271809759063,4145919303.044056,139996260.17950347
2022-02-21,18.738613787306107,3899243156.156407,166266280.10846648
2022-02-22,17.75582469568918,3687699631.4014,221820507.93703565
2022-02-23,17.950436759586744,3719517529.506889,200073055.89381197
2022-02-24,17.404658009999686,3606136839.977193,168080058.87648174
2022-02-25,16.619715038694647,3444968812.2355266,364236769.8569125
2022-02-26,17.71845131665611,3668397570.9484367,179761705.8288173
2022-02-27,17.655389215381177,3650901230.8482766,116150632.98321068
2022-02-28,17.221487072137155,3560038249.2394786,169777159.8077449
2022-03-01,20.133655607100724,4153950195.1154566,209898386.42331767
2022-03-02,19.327068205310606,4010816454.135967,213974920.3190296
2022-03-03,19.26303145201364,4021929124.834201,179152870.70468536
2022-03-04,19.878349969715703,4152348865.3329306,284221893.78376824
2022-03-05,17.580156400817515,3668054495.30698,196079441.6404217
2022-03-06,17.70212927851845,3694819846.426873,131167855.9077716
2022-03-07,16.71396300604339,3490734789.884746,123191697.95578603
2022-03-08,16.472441456765623,3439611139.54971,195716229.0431263
2022-03-09,16.852737583609372,3514488659.284238,108171020.54712331
2022-03-10,17.471523253738564,3643170074.358608,143893001.82103214
2022-03-11,16.617407633307838,3465934687.6961527,128209392.81142
2022-03-12,16.021208808544774,3434738325.987728,102308889.5006158
2022-03-13,16.084936631239547,3423147717.091212,67399744.03916858
2022-03-14,15.801954389661129,3341422213.4643884,74998357.94484997
2022-03-15,16.098182245776673,3421291718.8035665,79623312.90619338
2022-03-16,15.835070534532768,3371317356.537231,109673790.53879128
2022-03-17,16.456193996130718,3451606034.1308813,165923064.54603025
2022-03-18,16.59043926934698,3573001267.1184883,140205102.94246733
2022-03-19,16.906242112858028,3648067372.8176126,125586435.46082737
2022-03-20,17.51797767598749,3751751870.266345,155267990.9639526
2022-03-21,16.76940725319896,3615939241.889379,112037697.56929702
2022-03-22,16.961140895111686,3652676857.580218,112878237.78766336
2022-03-23,18.02989957523777,3881554648.8222175,190219930.6514527
2022-03-24,19.008783242647024,4101430013.136907,298326754.707432
2022-03-25,19.36754636577231,4197191518.932166,178923207.60482156
2022-03-26,18.734006452165996,4044284481.5241184,174264760.98475495
2022-03-27,19.31372893733433,4170303233.0433087,99880461.81103416
2022-03-28,21.83922940751726,4707462260.534114,328276849.9447068
2022-03-29,22.02636441515694,4782214076.167916,470772101.9693028
2022-03-30,22.123640034071883,4784522769.043404,376123456.3922452
2022-03-31,21.84560786587708,4741500781.116066,237507991.3533287
2022-04-01,20.864229359856125,4484032729.822319,367951036.13597006
2022-04-02,21.58553784024222,4681171346.765503,260749082.67109415
2022-04-03,21.00998274970001,4570547139.216715,243292038.35226455
2022-04-04,22.501014077900997,4867607243.114188,204614609.11631697
2022-04-05,21.878360006633944,4752432625.206878,361964743.11393887
2022-04-06,21.047828355263416,4651655864.79693,251247509.176044
2022-04-07,18.72978464837904,4094522622.976828,283569090.72368973
2022-04-08,19.36636582679181,4207319800.581001,168847460.09274888
2022-04-09,18.02609408494705,3900197980.943356,204152530.76094565
2022-04-10,18.357619467244323,3990456842.9187183,116078821.05924565
2022-04-11,17.476061804412012,3879443651.768005,122208686.3414244
2022-04-12,16.051405889799778,3559111406.6798515,193324209.87585992
2022-04-13,16.649103821736173,3717324722.598809,141180469.85609666
2022-04-14,16.962479381068707,3808032620.95706,119642535.15916766
2022-04-15,16.511275239559755,3716512044.0984793,147471428.41560644
2022-04-16,16.839748737590842,3778112126.2114,110715117.03069524
2022-04-17,17.626250789883414,3965414954.574675,116765837.72827405
2022-04-18,16.47527382644338,3697515916.363688,150875984.84019995
2022-04-19,16.99482858127305,3813940105.9778943,147161109.94702774
2022-04-20,17.437483552436717,3919604046.0787616,118656145.1309652
2022-04-21,17.06307146230094,3831465422.4913898,131488809.32793476
2022-04-22,16.452584218621478,3701052749.32061,147995698.01129714
2022-04-23,16.61484320672182,3740305776.581699,134955298.86885488
2022-04-24,16.55466544465109,3727015884.47445,136422112.1808633
2022-04-25,16.180917381348618,3651228954.2466288,89397699.89111586
2022-04-26,16.18462102656197,3647154210.270978,181289968.9757536
2022-04-27,14.98990385228993,3363790973.03076,161690219.7506403
2022-04-28,15.294660288312958,3450274913.5733323,130518437.18870668
2022-04-29,15.091834353597452,3396815513.4458203,122873999.34874503
2022-04-30,14.10695979651113,3180470071.80933,128518966.29831529
2022-05-01,12.526373021540833,2789497270.512547,204995731.8054155
2022-05-02,13.050542533264206,2948182919.605282,186442763.6051992
2022-05-03,12.979050029323876,2928537794.020575,134097854.40210482
2022-05-04,12.81035398421937,2891256169.078048,130949156.36758707
2022-05-05,14.30111500250332,3245944115.502136,160178426.71956724
2022-05-06,12.742947551029092,2887821782.535762,207852957.99638537
2022-05-07,12.515436758642638,2834384245.933258,138214533.34117252
2022-05-08,12.101164695109764,2745631370.201961,101415269.50195634
2022-05-09,11.881626236215256,2700516205.7619987,124281925.2014091
2022-05-10,9.995525898573971,2285682199.0928,275667282.6463256
2022-05-11,10.566262563392153,2423173790.253361,337204103.52429354
2022-05-12,7.313536464897156,1746529703.5546198,346595638.4210948
2022-05-13,7.258470970053188,1676666441.6343348,254901111.9441985
2022-05-14,9.025227971223028,2087761536.674711,283239677.5685636
2022-05-15,8.561115730686625,1990087227.3624384,160452555.88384065
2022-05-16,9.206451212965527,2135599126.7798653,126555228.72713876
2022-05-17,8.102994650848537,1889356668.423428,113415665.044681
2022-05-18,8.658607237678682,2021606828.922276,95942848.65748064
2022-05-19,7.471543249413905,1747393782.2582347,90980150.2768088
2022-05-20,8.20971462446673,1919052729.903375,89610134.70264776
2022-05-21,7.786668069768389,1816480534.3580084,94258476.6692763
2022-05-22,8.012194744579954,1875380861.26657,55686305.01437954
2022-05-23,8.242692006128753,1928796136.598976,64395773.43829121
2022-05-24,7.759112749791029,1818500909.288208,97157015.6051522
2022-05-25,7.890489269272239,1841999026.3862624,67935949.1186054
2022-05-26,7.783645646565101,1822019130.0722065,55804054.96465692
2022-05-27,7.379479268218362,1720829757.7641916,76881258.23587917
2022-05-28,6.939465149500503,1624882973.1639304,86343993.30954288
2022-05-29,7.247408177173311,1707253815.621437,54411340.62144567
2022-05-30,7.130473059600254,1668994208.0406609,58312426.29692765
2022-05-31,8.111699903739773,1899601490.309868,116403374.50555757
2022-06-01,8.321763059266996,1949689732.0966644,130903772.55450726
2022-06-02,7.650092763698273,1792908339.1545663,104425844.85180992
2022-06-03,9.54841044128114,2245660128.619943,279617041.2859051
2022-06-04,7.930960415653884,1856530689.9733367,213485920.20549977
2022-06-05,7.755711085208185,1800143131.7166643,105076744.31207246
2022-06-06,7.332027015468213,1723053946.710453,77364574.90427881
2022-06-07,7.587504928715855,1787588989.6555042,89654087.03891096
2022-06-08,6.85473465087683,1621535641.979267,126507569.2746064
2022-06-09,6.507941617895037,1530025247.6430018,104362043.97818772
2022-06-10,6.401561727443338,1500166645.3951488,89162710.9044826
2022-06-11,6.0935729206041565,1451364218.8280032,68880478.90667477
2022-06-12,5.897175906136715,1411854147.4086156,311904447.0712425
2022-06-13,5.7055379998420905,1370457528.8358593,249755304.3218394
2022-06-14,5.40443833557891,1293890309.5194614,190843718.5009673
2022-06-15,5.614322957405185,1344612430.074765,110556111.6316151
2022-06-16,5.967935563672242,1434026291.4702263,101931520.73349196
2022-06-17,5.325164342236787,1280810192.783379,90197128.29923436
2022-06-18,5.450125371418134,1315731714.4228072,48762460.15198311
2022-06-19,5.152683269267299,1235841215.921859,74301506.59168822
2022-06-20,5.470109581129494,1305283489.4439518,58581104.72175006
2022-06-21,5.790862903475031,1393249393.209422,84291270.62628399
2022-06-22,5.822736335404527,1398745867.016634,78702073.12894459
2022-06-23,5.4656880167842825,1318612179.426659,99488254.12460248
2022-06-24,5.8110847686257285,1404164138.771756,65470322.58047372
2022-06-25,6.157139836978645,1495726584.2399745,64209859.15319593
2022-06-26,6.317144002054548,1525585211.9405808,60052818.095984936
2022-06-27,5.834617766668462,1409081570.2172658,59687488.890578605
2022-06-28,5.78409008903694,1399848214.4096217,63376129.71635347
2022-06-29,5.4834426930795805,1320696512.6632254,61978046.29943148
2022-06-30,5.3899971684541885,1305687500.7959962,43800179.919266365
2022-07-01,5.269237175341625,1278309728.596804,38855595.81526633
2022-07-02,5.23522038277781,1272460216.0876596,62772851.265248254
2022-07-03,5.250136188354263,1269966707.379579,29793869.75854162
2022-07-04,5.250398292292774,1270899801.1357746,24096525.239541583
2022-07-05,5.605176159692892,1350808950.8455436,38016474.91901746
2022-07-06,5.5105901562192106,1334961304.0120978,56669594.86528131
2022-07-07,5.633962017228566,1360423506.39106,59951083.36029512
2022-07-08,6.2961399854874935,1533144789.447399,104244131.79325508
2022-07-09,7.048575024330503,1707231362.5932045,196194341.94815657
2022-07-10,7.009943697154283,1680387761.6982017,107044348.81197456
2022-07-11,6.394152440943002,1570551195.5679886,73790773.7453718
2022-07-12,6.288122118562937,1546146741.0971766,98450858.92075108
2022-07-13,6.26296245476036,1558944066.4194858,75155206.24474396
2022-07-14,6.501815685650109,1601013101.8585322,87559061.14792372
2022-07-15,6.778193335041078,1687750744.5289824,87879643.0259573
2022-07-16,6.810297834069,1697211064.0405529,81282756.00070108
2022-07-17,7.118454166577712,1768419558.551471,85480469.46081401
2022-07-18,7.227777838576723,1807205021.244105,94483269.8902494
2022-07-19,7.550004223002086,1870161423.9763072,131051462.9586651
2022-07-20,7.342162093921717,1820874781.9211645,110514207.87553532
2022-07-21,6.725264232095055,1681317261.217393,103347519.2198944
2022-07-22,6.898339498986759,1724776467.9014804,94017449.01700924
2022-07-23,6.492812680603804,1617427323.5242376,67864507.7488256
2022-07-24,6.6241223130537445,1652139194.2374032,71413242.05396129
2022-07-25,6.620412931615731,1653183216.3450837,57618320.538012825
2022-07-26,6.232180484363118,1555362016.9211495,69202764.58145088
2022-07-27,6.575744205949548,1638167235.5997512,72938399.39225285
2022-07-28,7.090281295522587,1757888822.2953348,80737248.47411335
2022-07-29,7.210034216936098,1795577453.652001,124213717.26213352
2022-07-30,8.071702514700037,1977273096.0739143,175211695.96015495
2022-07-31,8.278304557251456,2055491438.857176,413001752.50021
2022-08-01,9.011524368440336,2255777692.9053373,334135104.5066184
2022-08-02,8.34144388768151,2076755434.8014672,192047288.0311308
2022-08-03,7.987392938795789,1998720600.577782,133147051.71481118
2022-08-04,7.8628361844199715,1959534306.0252612,99118466.4344797
2022-08-05,8.013726666723816,1997205236.675367,75229958.66691932
2022-08-06,8.358595059033332,2081127201.747695,85045083.61403336
2022-08-07,8.277447282945344,2066546122.991707,87612601.86151807
2022-08-08,8.208602474877768,2051741475.4842412,38835054.21060756
2022-08-09,8.250863688644868,2062819234.4538507,84175806.26744698
2022-08-10,7.839952489186561,1959689440.1460707,72979424.51414505
2022-08-11,8.290293231470546,2096793196.7925527,77027938.3987913
2022-08-12,8.179926023027825,2074021559.061913,90296361.86862628
2022-08-13,8.417620064247055,2145132857.4353075,56359158.34034628
2022-08-14,8.19292156692564,2088729910.1894464,51221398.73202253
2022-08-15,8.014276995991338,2042044046.6731584,57835202.934521854
2022-08-16,7.797916152308941,1985006777.145079,53622240.27447528
2022-08-17,7.785464469774792,1987937255.3599167,47130630.18386877
2022-08-18,7.362892766083658,1889011585.2164392,83115910.37567286
2022-08-19,6.869805282826728,1750662783.524017,57637204.84205529
2022-08-20,6.413620409374564,1640223127.7523165,82044435.6721378
2022-08-21,6.323816563525086,1617769723.6766472,61852272.2038132
2022-08-22,6.4776942859394575,1656541962.2427225,44277616.082711495
2022-08-23,6.355900918615844,1620112804.2516367,42918016.21554063
2022-08-24,6.3998597185923725,1636557442.061597,61212161.28595706
2022-08-25,6.42340920703754,1640967270.1034832,51759853.04039455
2022-08-26,6.359647556905561,1631076711.9165635,52946940.26613593
2022-08-27,5.751672601384198,1459321073.934207,70338379.30099814
2022-08-28,6.3207585441679415,1623225274.2961743,101601380.12833925
2022-08-29,6.31254313648812,1614193024.739255,84385343.98729208
2022-08-30,6.698467058368506,1715132220.2351942,66553494.69682446
2022-08-31,6.257610894674208,1606157671.4200337,52951749.30765324
2022-09-01,6.231989076430894,1592626713.3965144,35300541.22491229
2022-09-02,6.334766146810913,1617919804.306155,30879555.594157945
2022-09-03,6.287031452970813,1608298247.1240273,39155075.67733222
2022-09-04,6.485566457707491,1652360713.716291,48657002.122540645
2022-09-05,6.686770981762451,1708194794.0821576,58871067.82478385
2022-09-06,6.734734553758629,1727588525.721025,61020673.6888352
2022-09-07,6.247485961325356,1598861337.1558168,66886349.981815934
2022-09-08,6.471674578891047,1662721858.2827752,43911852.81463059
2022-09-09,6.486856254548129,1661579507.898901,42512191.02522119
2022-09-10,7.076843670195657,1811340026.7288485,78408372.65519124
2022-09-11,7.131932479136749,1850945841.959836,65439587.79878645
2022-09-12,7.161664795830828,1858889556.922692,61249193.81505275
2022-09-13,6.9179789436823285,1798969277.6844444,58337744.53018653
2022-09-14,6.4262744963463785,1674287686.216438,47756825.54990199
2022-09-15,6.311361539307862,1641179842.4005988,41360377.50152977
2022-09-16,6.131791323355232,1598505686.526742,44553756.74895396
2022-09-17,6.1651116097362495,1607584573.1187892,36444211.17741123
2022-09-18,6.295584419685323,1638403445.667119,27531493.61700278
2022-09-19,5.830572023050284,1522058081.9494112,38418981.26957254
2022-09-20,6.083679955128054,1589164426.743638,51433545.57847961
2022-09-21,5.922540469089026,1546553046.3199198,34052628.36887106
2022-09-22,5.939818007063672,1551683591.8798056,38934907.20212511
2022-09-23,6.089878605196162,1591734050.4315095,28309042.185389828
2022-09-24,6.232805257475899,1636722379.5429657,46935119.063571
2022-09-25,6.06085089521647,1588442508.7880948,27852988.63092296
2022-09-26,5.906195908067213,1545872316.0666132,29438151.321630303
2022-09-27,6.23436733450612,1626455835.038057,55771671.3928345
2022-09-28,6.134751202981287,1612869770.2053,52849106.87131419
2022-09-29,6.058919156064398,1587600845.999639,38752153.23435238
2022-09-30,6.132708323179827,1606443843.9885464,35364100.65389152
2022-10-01,6.0751326735801,1594125664.778255,33621242.822511375
2022-10-02,6.119771602765406,1600607993.0280552,21246028.52292482
2022-10-03,5.916270950749926,1552335276.781845,25166068.03104037
2022-10-04,6.033129771900082,1586085200.4390488,28458812.761671368
2022-10-05,6.178280318872802,1622342054.6686575,31071530.04017848
2022-10-06,6.0266190391013,1580244872.818256,33202168.353697017
2022-10-07,5.971226925404404,1568106952.5854533,26772230.09884939
2022-10-08,5.935883928508384,1558343618.54633,23967219.293499853
2022-10-09,5.816412475634424,1527041411.6232307,19475784.750148624
2022-10-10,5.859616687790072,1535868996.4751391,18621884.272616163
2022-10-11,5.319019951039546,1417078618.6831317,45037924.81364343
2022-10-12,5.239703176791704,1394408518.7405283,43349607.96588747
2022-10-13,5.063339409539591,1356248583.9491124,45844014.32460026
2022-10-14,5.042045021849317,1350590787.544005,54190367.47104469
2022-10-15,4.861723984880445,1301773499.7998943,39341000.87647992
2022-10-16,4.920736818884739,1322200297.5253837,34012734.567260966
2022-10-17,4.9928329031013785,1339944632.8299408,27960875.669190045
2022-10-18,5.08165565774548,1367204700.106783,30121829.09411612
2022-10-19,4.942352575877893,1327304133.839125,31600609.980303165
2022-10-20,4.808217862519286,1290249004.930493,37920310.329781465
2022-10-21,4.830274309422798,1297065602.4419644,32868964.394705635
2022-10-22,4.896671855045528,1316344560.6488354,38986236.82194215
2022-10-23,4.903943102231247,1314897971.8025808,20619919.537919205
2022-10-24,5.021102195661131,1351633731.714553,27530878.10645447
2022-10-25,4.826119789933846,1293159703.358013,38261200.91953199
2022-10-26,5.030843645051265,1352517176.9131155,38233249.31984109
2022-10-27,5.105153743252632,1372049939.346538,50331566.88566625
2022-10-28,5.06186053978471,1361505858.3318164,50873882.26858945
2022-10-29,5.190036394164202,1394184855.644507,39996167.407961
2022-10-30,5.402067868743928,1447947975.1691716,58480934.18363264
2022-10-31,5.324616107112205,1427131121.0866518,43178116.4961547
2022-11-01,5.286517356484838,1421918866.4579964,43509920.63037782
2022-11-02,5.17236703181902,1392572669.802194,42546679.893152274
2022-11-03,4.94001750078813,1326307977.2236242,56179506.67123614
2022-11-04,5.3727295841499245,1442664803.9505897,101297444.95774543
2022-11-05,5.619234340505665,1510752530.5413437,98341845.6124339
2022-11-06,5.564581734253091,1497713220.795962,92425808.87707987
2022-11-07,5.1944180672746665,1401148361.5699697,66779613.31093249
2022-11-08,5.183021810729524,1392904188.716316,61285217.78860962
2022-11-09,4.367435204580202,1183121502.2227466,120085560.81534274
2022-11-10,3.630742918190775,979654733.3218378,95263614.05798006
2022-11-11,4.264879009773271,1166050839.0399497,77911389.74001893
2022-11-12,4.026326639090809,1092432542.4738958,68125117.41550317
2022-11-13,3.814065273259249,1037395320.197652,34329509.67025099
2022-11-14,3.949774161523714,1073073479.3579352,55880317.82948883
2022-11-15,3.926609170367098,1075657711.9393315,48998297.93741115
2022-11-16,3.976299671731932,1090209527.8947122,32889970.24547141
2022-11-17,3.8764934536977695,1057252041.9545996,22774261.351345822
2022-11-18,3.761316709310439,1030665706.7020282,24446458.83651078
2022-11-19,3.8403117964407127,1052405627.9776545,20314620.30811484
2022-11-20,3.972481702777564,1090394021.894879,27326468.868802886
2022-11-21,3.6050190230153953,989898416.3329916,44980976.2185111
2022-11-22,3.627297112454616,993942449.2202556,38034257.20289496
2022-11-23,3.707348003207893,1016097220.804331,32557956.00608881
2022-11-24,3.92048815182064,1076031747.0771706,25447395.686454408
2022-11-25,3.8826388866844974,1062793609.6393678,20877248.3679202
2022-11-26,3.919534334276483,1071700855.597111,17852972.48585871
2022-11-27,3.892147370045495,1069141023.1277996,29370658.12771989
2022-11-28,3.906123117352808,1075513092.8953328,24165415.994882923
2022-11-29,3.851189070493639,1054856039.3162128,26403785.294902164
2022-11-30,3.956919223876567,1085542444.737856,22992954.901302427
2022-12-01,4.121274724548005,1132613162.4986885,28733314.680202045
2022-12-02,4.118484335534401,1129231976.91244,32261039.091110684
2022-12-03,4.293619327505529,1174927188.068248,41410146.38946667
2022-12-04,4.146222030605949,1141729175.8567634,40934551.883657046
2022-12-05,4.347451161528617,1189052179.4640582,33505322.104423195
2022-12-06,4.432104223877632,1217171168.8706615,44628373.903642535
2022-12-07,4.384131481274781,1201532031.0665934,20128434.93724001
2022-12-08,4.17390021916442,1146884825.9123445,25463044.66861935
2022-12-09,4.29421330257309,1180234963.635341,23958771.13686087
2022-12-10,4.375454953186093,1202589485.2330167,36318835.55083461
2022-12-11,4.407259453664052,1224686892.5811727,13525240.887725646
2022-12-12,4.222746074103423,1174944030.2074578,16684440.32989842
2022-12-13,4.166693222034864,1160675004.855066,22311803.19299969
2022-12-14,4.158794147704651,1159689124.1358144,32820561.28509574
2022-12-15,3.9992673049104206,1119647469.321711,25433151.938215952
2022-12-16,3.916718809612919,1095045782.3962038,18784267.44061084
2022-12-17,3.548998310039146,989408280.9644142,28611633.880869437
2022-12-18,3.69132610119998,1031826801.9002706,43341661.2043156
2022-12-19,3.692514702643989,1032427035.6981432,10864014.18868078
2022-12-20,3.489354360161215,978668523.3490866,19978926.306661583
2022-12-21,3.7303713306210553,1042834357.1211628,20922064.201628186
2022-12-22,3.706444315139589,1033191945.0245774,16725297.14157454
2022-12-23,3.739089074174976,1043045690.9641294,17009887.21424905
2022-12-24,3.663068342043904,1021651651.9540136,16726983.420479346
2022-12-25,3.757726804796031,1050120200.9686698,10732899.725186065
2022-12-26,3.769629372686983,1049737375.7684264,12925802.96548126
2022-12-27,3.853735717760821,1075489191.260739,23407351.699862376
2022-12-28,3.8354053709649674,1067474642.5544318,15537491.532417629
2022-12-29,3.968193518801308,1108231760.262664,37699269.78633587
2022-12-30,4.019907196858656,1121812363.72507,33510467.90661663
2022-12-31,4.119525779017831,1150241946.3770986,26317034.39869664
2023-01-01,3.932090641942306,1100554469.471033,22362665.181729145
2023-01-02,4.01605482939578,1120949095.6373725,17974205.62413225
2023-01-03,3.969278257688743,1112066668.2891133,39603318.002464846
2023-01-04,3.9122546054823113,1093263736.467969,38677089.24035541
2023-01-05,3.952231985654032,1102452312.894519,30579468.884718142
2023-01-06,3.819670638054849,1067465305.4318634,24084956.98662532
2023-01-07,3.910656750432061,1090847939.7554157,21398412.620822404
2023-01-08,4.015207787666248,1118785890.9382844,19694504.90500311
2023-01-09,4.099378498977251,1145878261.3440194,22000627.01650838
2023-01-10,4.242616084275549,1186428921.3803442,49280676.53778315
2023-01-11,4.313669728075468,1216976031.9882555,26497495.756271537
2023-01-12,4.341976421987208,1228984961.6094704,32690039.974360596
2023-01-13,4.5088963245554,1276157811.3820713,50392559.34445369
2023-01-14,4.603565284620313,1306725474.0230036,35522008.48389564
2023-01-15,5.117169278826445,1440711832.348187,104228349.85529768
2023-01-16,5.148067478922513,1460143231.0961204,92696710.92025007
2023-01-17,5.026099069405561,1426551038.0442894,51139278.41339072
2023-01-18,5.115407415748209,1448885450.3614645,49756175.62847555
2023-01-19,4.961463585758151,1402232271.1800113,73007398.41908787
2023-01-20,5.1365433559150455,1462035251.921779,40458728.17331945
2023-01-21,5.542747169361478,1570184720.037034,58973157.33928768
2023-01-22,5.418062989786298,1539863865.4323275,65134646.21198907
2023-01-23,5.565339444155737,1581548625.1409771,75750501.39803848
2023-01-24,5.815537869233627,1653961959.9738646,67419574.12812343
2023-01-25,5.507698828356294,1565868708.44107,48852712.27935191
2023-01-26,5.788028097133423,1646512291.287905,48953114.37779126
2023-01-27,5.839186641924261,1664828195.2689078,59541740.09205595
2023-01-28,6.042707647959503,1722058135.135635,61581316.80966992
2023-01-29,6.075490171005139,1710543037.0393524,41928785.02111991
2023-01-30,6.2666769216328015,1781939754.5719533,58281641.95825987
2023-01-31,5.781086666740874,1643740735.051561,50932442.845621936
2023-02-01,5.887697033212251,1674400489.0170963,45737893.38316629
2023-02-02,6.057089904590508,1723578412.2740855,73762047.6781097
2023-02-03,5.784783416653688,1649295898.3931944,83674006.0155258
2023-02-04,5.881485776211429,1674686963.1871655,38640659.14911281
2023-02-05,5.810034274010989,1655809322.1943588,29472697.938602924
2023-02-06,5.637973930427759,1607039671.3819616,46060211.20889854
2023-02-07,5.450934942983366,1551672190.8588362,36044235.983276784
2023-02-08,5.834662225755723,1665096754.266524,58601126.28573987
2023-02-09,5.726473408005729,1631834070.7260144,50390362.40734103
2023-02-10,5.070619781612229,1446473889.921526,70340144.84180835
2023-02-11,5.084040821991907,1469545313.046178,41695946.64634735
2023-02-12,5.27534621667224,1523868756.1023889,25443707.279469077
2023-02-13,5.496982554238429,1590270215.5150766,69423734.84383224
2023-02-14,5.350421859814472,1546803878.9346094,74753965.37752852
2023-02-15,5.530302475526266,1605580953.668079,48651026.4094016
2023-02-16,6.047215025477772,1752073670.5261967,64883068.608682886
2023-02-17,5.9806994057506655,1738060909.0248067,89013685.69169393
2023-02-18,7.312980498331088,2122496218.4271128,368072262.5179812
2023-02-19,7.075789943714149,2048444747.8770928,142970095.3950134
2023-02-20,7.32708841730034,2134923470.123564,269883531.3295209
2023-02-21,7.335045073957039,2122432429.5877783,143322690.95102987
2023-02-22,6.880287942302823,1991032181.197059,109390230.548126
2023-02-23,6.723299185957028,1960327835.629656,147091734.03250045
2023-02-24,6.667250144058827,1937432978.8497071,78098539.57233247
2023-02-25,6.287855864357283,1824645360.302313,72779870.57951267
2023-02-26,6.107051282521873,1775134482.437076,52758633.91082699
2023-02-27,6.232758681917847,1816839709.154684,48335890.24088099
2023-02-28,6.127941713691486,1785152268.7967324,62723935.23359109
2023-03-01,5.800649062208141,1687391599.4979937,47252254.259256944
2023-03-02,6.170664983329367,1795270666.4079175,57945304.89527846
2023-03-03,5.919381199833577,1726283155.6306767,45105259.17191668
2023-03-04,5.586466438461904,1627870162.487088,65688275.03321952
2023-03-05,5.384197380888214,1570046756.2450314,32370126.56397841
2023-03-06,5.3554795001095385,1557604550.8279226,31049201.04740669
2023-03-07,5.327311947558325,1557270258.2776184,41474645.71226934
2023-03-08,5.337200438900039,1555230627.4145107,47064510.32764237
2023-03-09,5.060059912056435,1484669700.2804563,47129454.64954856
2023-03-10,4.768380850525429,1386527589.3117733,63578840.93816132
2023-03-11,4.917004650535527,1461581559.6667693,65224155.86231832
2023-03-12,4.725920395847263,1392435489.7373738,57383516.06086418
2023-03-13,5.232245002992166,1544256669.4035752,51753541.231596366
2023-03-14,5.353875299902275,1585482566.6870155,91902573.07129672
2023-03-15,5.541362416193844,1640163963.198177,100861315.80368523
2023-03-16,5.191119643952415,1540818996.01731,85086852.1682261
2023-03-17,5.208261810073535,1545724440.3005023,50978317.2564742
2023-03-18,5.66733785601188,1674914821.5056696,66087611.74142405
2023-03-19,5.349265884961094,1584571151.7535455,67481518.42431292
2023-03-20,5.46306540922061,1626822491.956041,55167860.81922261
2023-03-21,5.13855374554526,1523633297.4547677,67586968.14394777
2023-03-22,5.295467569011648,1575663181.0959826,41613160.227587216
2023-03-23,5.107411786767881,1517250931.9074671,67287371.21074444
2023-03-24,5.230024243784113,1557395162.4871204,29774143.97573636
2023-03-25,4.982098365864911,1483930216.7818806,37627125.27580892
2023-03-26,4.92771933393407,1466155459.6444547,26324260.449696597
2023-03-27,4.995820591645933,1496849336.0427058,21401759.995467693
2023-03-28,4.777961766989294,1422650333.972563,34880320.30366102
2023-03-29,4.8409405016252665,1442290789.045163,25144181.85991784
2023-03-30,5.153650455643876,1535458393.0927606,41895605.219059646
2023-03-31,5.027449379966917,1496483459.1535351,38187771.72808159
2023-04-01,5.195994338898495,1551951600.0640054,39297743.03916743
2023-04-02,5.246772182268816,1563809147.474351,29300590.35550983
2023-04-03,5.076373048238504,1510787940.539575,36937713.93815605
2023-04-04,4.928348815538785,1470431165.5411775,48540084.42496247
2023-04-05,4.997742048663475,1487446203.163203,35829298.694078006
2023-04-06,5.017662001705428,1501053498.8673372,40874332.61722529
2023-04-07,4.885589826227999,1461830951.916154,32686857.25631132
2023-04-08,4.995451335963827,1491435461.5826943,36235962.570834026
2023-04-09,4.9207979999230815,1468538782.954162,24480392.3528251
2023-04-10,5.02202321860948,1500088619.1363797,28409305.083336703
2023-04-11,5.185980720477265,1569742216.367867,40309664.762886405
2023-04-12,5.337963380712714,1612763820.703852,43032694.03979004
2023-04-13,5.412131996604148,1639210464.2780356,62352050.35606341
2023-04-14,5.472855019303444,1653454524.6025012,41416550.9131508
2023-04-15,5.504672010127614,1666184622.7098167,52621268.01587914
2023-04-16,5.909327153923567,1796061202.1101258,55004365.072728544
2023-04-17,6.0785206257738285,1840705127.7038105,73497535.86439408
2023-04-18,6.255806877937332,1893715657.9813893,99498420.07932349
2023-04-19,6.810035321316611,2948434676.869741,144137073.63134316
2023-04-20,6.110699493225308,2655489321.546069,165691092.87659016
2023-04-21,5.87830869032617,2550105788.18698,77421776.86122072
2023-04-22,5.527343719328324,2396478903.9818296,66774471.872450925
2023-04-23,5.626112591506635,2442921422.5345035,35762663.81245776
2023-04-24,5.428756947268732,2346696997.335976,34614910.3930176
2023-04-25,5.376222919264468,2341510956.749845,32856855.92904314
2023-04-26,5.492702055589986,2392277900.247376,40429704.39245608
2023-04-27,5.305840815733262,2309416308.613462,71721661.98138882
2023-04-28,5.7505468291542,2498543845.40111,59943058.03590234
2023-04-29,6.04679635055055,2633662379.528016,132341832.76926084
2023-04-30,6.49238467904185,2831036854.9672103,178877870.73929772
2023-05-01,6.448881047276735,2812157311.180261,113807175.56590116
2023-05-02,5.770420389509386,2510324041.0213294,131673763.45530276
2023-05-03,5.7367881938751575,2500176771.7212424,64817625.204927385
2023-05-04,5.92083442155076,2573896337.9757643,72014928.70601049
2023-05-05,5.894168118041846,2568454473.8197207,76794924.18788828
2023-05-06,5.947452513280981,2593107706.6181817,65241783.84640003
2023-05-07,5.59538360863885,2432115688.36354,58832225.994116135
2023-05-08,5.573154541549285,2424300806.378987,34656995.18442578
2023-05-09,5.339745949826492,2328623432.45091,77360547.93553485
2023-05-10,5.283569149691221,2304994018.744377,33444136.630313277
2023-05-11,5.3037740760735685,2313730624.258794,49922691.49756263
2023-05-12,5.008617493825004,2186210410.3479214,51291425.45127887
2023-05-13,5.227026096224928,2281595543.7841697,36024945.41210305
2023-05-14,5.144012998338713,2251076199.4022512,22507883.72204788
2023-05-15,5.183953255318542,2261606362.688303,25375607.862751167
2023-05-16,5.253296625370326,2291559635.203602,29966059.06964217
2023-05-17,5.229178348350352,2282361937.2943096,22643201.38953832
2023-05-18,5.371385251138755,2346313289.313248,23452024.43200094
2023-05-19,5.274016514971684,2308267302.4706964,22593385.25551405
2023-05-20,5.309771573777263,2319867513.5560355,20672802.481707703
2023-05-21,5.224110702838131,2277077454.765772,14773133.4812421
2023-05-22,5.059231771198268,2208561578.704749,20104480.583181217
2023-05-23,5.076013762647618,2214490788.424883,23835041.79271762
2023-05-24,5.041845358573726,2198884590.5201874,19250163.107619777
2023-05-25,4.822783056556284,2109624023.511199,27994586.27231166
2023-05-26,4.8193641769290565,2101855503.566784,23245143.756444044
2023-05-27,4.8298364057189165,2105780443.032724,25911943.192511026
2023-05-28,4.911421702003251,2143006616.240776,26152575.988422263
2023-05-29,4.997773849444204,2179916733.259777,29167976.979664747
2023-05-30,4.875329141833243,2127889446.8360755,25336383.929574728
2023-05-31,4.833525850296843,2112031578.441389,29452251.1930801
2023-06-01,4.686539033628641,2043916552.1356783,33559050.924669534
2023-06-02,4.670737089538858,2037517854.5464344,21530076.97550825
2023-06-03,4.8103205260206,2101310178.2318196,23125303.80591158
2023-06-04,4.797120615514179,2094187486.8756337,14247688.972128551
2023-06-05,4.804082706449992,2097097952.4783444,12919700.423664223
2023-06-06,4.344180190209031,1898283015.490309,50668428.965817645
2023-06-07,4.425161709315399,1929820741.1411867,33141762.50056644
2023-06-08,4.19542356877193,1830398459.9382677,24909414.47258697
2023-06-09,4.179651974847078,1824225122.8891125,19182087.60393913
2023-06-10,4.26395814389827,1857302064.9984736,24002917.41447088
2023-06-11,3.704793415588161,1615792611.5136957,73113095.69115356
2023-06-12,3.652788081138655,1593759214.0610197,21498826.666259717
2023-06-13,3.7282566509165713,1626575433.3205776,22431968.3324766
2023-06-14,3.9605134795317496,1729473540.0603244,40382646.66594074
2023-06-15,3.795254630195548,1655263971.3483217,27589286.988038342
2023-06-16,3.9543298567534895,1729299494.165264,36351398.60770834
2023-06-17,3.9932002596968994,1746632292.551976,20028945.25901039
2023-06-18,3.9763480716297006,1738119285.590307,13619124.01451744
2023-06-19,3.953780070131758,1729150435.1190088,13141705.04529719
2023-06-20,3.944645459065863,1725170485.8542438,10497573.94523882
2023-06-21,4.185858768417925,1826941363.8091705,20842654.79997229
2023-06-22,4.206598443830026,1840466602.6775715,21553961.79981147
2023-06-23,4.137518943278905,1813902103.254316,23454718.631395783
2023-06-24,4.323485665694173,1891366300.917444,18652279.29605261
2023-06-25,4.265497046894274,1863873387.5090177,13119580.733679032
2023-06-26,4.326928498095624,1892308840.2365167,17183108.220041856
2023-06-27,4.254497038272369,1855859582.079357,16512299.466102175
2023-06-28,4.331465007558933,1894593168.6008084,12103166.91873492
2023-06-29,4.04269775661771,1770196790.3525014,16606393.59128374
2023-06-30,4.046083246770585,1771455475.8653514,12705782.490369435
2023-07-01,4.092538579512207,1789020211.4619792,29119483.61599329
2023-07-02,4.215043105708106,1842587216.1380415,13740907.366740216
2023-07-03,4.194094754441929,1832635521.2743423,12543496.405144809
2023-07-04,4.461639058754011,1959059357.3543568,38544948.07174663
2023-07-05,4.348958450001076,1908020554.6793227,16789051.623606402
2023-07-06,4.240420821441159,1857824176.4783072,18322500.738671355
2023-07-07,4.073940755018805,1783397566.842357,16610750.84440374
2023-07-08,4.100937395122937,1795076055.3026268,12370237.910271386
2023-07-09,4.048788395544896,1771588730.2930613,11766982.466419538
2023-07-10,4.0341749189402005,1764004036.3324964,8394899.14441095
2023-07-11,4.076223355175553,1782136977.8777237,18421317.347671747
2023-07-12,4.117563967355479,1803529858.738412,12775930.792163791
2023-07-13,4.127289965347965,1808960438.7102056,18138036.22144951
2023-07-14,4.377276732610992,1916194604.3145752,33598947.39343164
2023-07-15,4.250562628002754,1857036071.7773583,38424847.22351512
2023-07-16,4.205152634697506,1845520467.9780805,15777482.750296606
2023-07-17,4.080141455796628,1790887482.6585395,16515267.13326666
2023-07-18,4.097642455559817,1799972243.9301274,23978298.35901616
2023-07-19,4.072453934384692,1785974382.6659222,21831829.694132887
2023-07-20,4.064174188794035,1782387818.135002,19506696.92127761
2023-07-21,4.04047265216465,1775878247.212546,23626244.82132305
2023-07-22,4.065193918655325,1783998704.1925142,16224936.57923556
2023-07-23,4.108111809100211,1805024061.3327413,15434831.700953398
2023-07-24,4.211012666234259,1848072936.2037928,33089278.860452443
2023-07-25,4.011680201995048,1760493423.0392869,28487292.285480384
2023-07-26,4.020270234640113,1765146866.8055744,17496370.699478485
2023-07-27,4.085504767645875,1794865589.1481388,17601198.2999448
2023-07-28,4.219693382273537,1857696312.2428,25440999.0422678
2023-07-29,4.310569185818385,1895138679.1044104,31423143.976055764
2023-07-30,4.33189995661044,1902146632.1608012,13853403.667093266
2023-07-31,4.273785004790651,1877320595.361404,17845841.637249395
2023-08-01,4.206988327262008,1850010529.5161407,19033174.521657977
2023-08-02,4.234721606832703,1859033991.009084,24616310.9179136
2023-08-03,4.136321263846615,1818023279.0960453,20329421.14661314
2023-08-04,4.035203727002061,1773639458.1224222,16564737.252525074
2023-08-05,4.031933256524478,1775427402.765931,15780917.581974069
2023-08-06,4.015372068439981,1769138672.6059098,11175003.941164926
2023-08-07,4.116683960153104,1815343498.931373,15705267.941518549
2023-08-08,4.093677291955732,1801499449.9966488,25621830.805359863
2023-08-09,4.106878543057136,1813588256.6965768,25677523.2940546
2023-08-10,4.081530842643059,1800090099.5916686,20963459.33085895
2023-08-11,4.023282804435685,1773522301.708227,19998198.586212505
2023-08-12,4.028646538866823,1775217242.9938035,13341879.431776753
2023-08-13,4.043734402083454,1783015803.2401235,11824434.15469245
2023-08-14,4.032933883215003,1776489852.783247,15948855.104856769
2023-08-15,4.05030595296766,1789317843.907837,24785280.650619097
2023-08-16,3.826702914710321,1689414420.946957,32816791.869953927
2023-08-17,3.702193666661485,1631773713.690863,30366830.56731052
2023-08-18,3.396556905380122,1504732509.7958007,47269706.49776445
2023-08-19,3.505036670686022,1546736735.4763217,27195878.10145509
2023-08-20,3.5576056606669515,1572267818.879412,13421570.280627755
2023-08-21,3.581607753218832,1583035544.7557583,11702170.160079395
2023-08-22,3.4902926699286985,1543178350.094382,17383383.067431502
2023-08-23,3.4274365761027488,1512812642.004822,23963322.640307657
2023-08-24,3.604003333605206,1590730088.570821,32873776.24922191
2023-08-25,3.598148851177452,1591092996.6806147,25228548.003358416
2023-08-26,3.509261552149796,1551057445.4775617,17519523.75072006
2023-08-27,3.551808399612529,1569100533.231519,8592925.12864488
2023-08-28,3.487830089316525,1542509241.8205383,18465825.76532276
2023-08-29,3.4869168179789343,1540316085.5171232,14938689.974205224
2023-08-30,3.6479937079444062,1610660661.3805552,40407254.28702166
2023-08-31,3.490586247118889,1544086892.7152443,25533234.52157463
2023-09-01,3.3381715261723888,1476585490.1043098,25342424.80897431
2023-09-02,3.2411856380091444,1432880722.5578735,18816484.713400736
2023-09-03,3.2575026169702626,1439244380.133835,12297913.637867972
2023-09-04,3.2561884110406147,1440535547.4864728,12680344.060535958
2023-09-05,3.2654381511576367,1440758107.179991,17778468.763963856
2023-09-06,3.2891482030572177,1458903628.3527265,16558233.265219882
2023-09-07,3.363457397283089,1488762742.244759,22108689.78356745
2023-09-08,3.364926141506846,1489776937.6597962,16750200.752247067
2023-09-09,3.293566286189176,1460866300.755404,14207070.916327294
2023-09-10,3.2631986406879667,1448648964.0075576,8706165.426351398
2023-09-11,3.0977665901126104,1375198045.4523797,24439105.87688218
2023-09-12,2.956556883779745,1312147030.0108595,29139848.342255987
2023-09-13,2.9322099184744177,1302543378.9608877,24151941.57356192
2023-09-14,2.9305426202124454,1301391161.513578,23830304.60504682
2023-09-15,2.918721406047713,1298827593.410678,18601864.078539357
2023-09-16,2.9942448213801,1332174149.6872437,24029022.347539768
2023-09-17,3.0060263576350037,1335360381.6653724,20081292.671721373
2023-09-18,2.9300795295008446,1302223605.721499,15639806.172978071
2023-09-19,2.9851346452161205,1329634502.8632224,20256901.13399685
2023-09-20,3.030769519589201,1347945411.7834537,15583175.851624388
2023-09-21,2.997947289207504,1334342280.714193,18471504.86829095
2023-09-22,2.900644333356771,1290899050.9820151,14588990.340774426
2023-09-23,2.9229153001570385,1302252616.948616,17736673.961753596
2023-09-24,2.961823311955583,1317990839.632947,8806978.544389764
2023-09-25,2.9174755192759845,1299867077.745607,11297153.914116278
2023-09-26,3.0022086712275646,1335239208.7092257,15605586.665076084
2023-09-27,2.9577612608648685,1317058338.3937757,15626406.487574192
2023-09-28,2.9327357221893653,1305970614.4639294,18879748.803601217
2023-09-29,3.08061504924729,1372965473.538914,21473374.994906
2023-09-30,3.1431507126243967,1400516076.2474756,25974700.73665818
2023-10-01,3.1627590926486486,1409031441.320193,16013800.618110532
2023-10-02,3.3113758148689163,1476474353.8811646,17298064.875778437
2023-10-03,3.134539234053589,1396683930.1394706,23834983.438673265
2023-10-04,3.129913098327953,1396657624.483004,21429799.19145353
2023-10-05,3.170236270701433,1412042661.774048,21847900.73543855
2023-10-06,3.061710922148209,1363210077.9324286,14436908.856953168
2023-10-07,3.073015501319242,1369227729.2319477,13680729.316401122
2023-10-08,3.0958164421496472,1375863514.5926034,12902927.170004832
2023-10-09,3.096533553061292,1379975240.4626,13033014.946047526
2023-10-10,2.923629020211077,1305250887.4770925,24995713.376264405
2023-10-11,2.9717275354339057,1326054834.569385,15599786.717736596
2023-10-12,2.9305490309654023,1307501357.2774508,18270615.08358329
2023-10-13,2.9317925367623867,1307859690.394708,17963837.100464787
2023-10-14,3.057716349522725,1364846285.6783657,19408096.971702207
2023-10-15,3.10198393796963,1386261761.4606576,19424265.398760676
2023-10-16,3.1473714216580717,1405639932.2343175,20181703.0508728
2023-10-17,3.1674968607961693,1422960790.1908078,25038693.82718375
2023-10-18,3.0704655259258486,1373111584.9030516,17841341.312246207
2023-10-19,3.062439893398609,1368977971.693165,22316860.35865034
2023-10-20,3.001928991969137,1343821644.6539433,16924604.281859066
2023-10-21,3.127261473967511,1399765892.6348946,18583820.934707504
2023-10-22,3.2182437802768864,1440592726.516377,17155708.932524446
2023-10-23,3.235004114260122,1431538408.8580866,16768456.706815
2023-10-24,3.5072048219842635,1552785627.2173314,47963615.04782675
2023-10-25,3.595211487590853,1599397216.5412035,50689184.494505
2023-10-26,3.5678822156424785,1591956188.436289,35702901.568312995
2023-10-27,3.544850757880712,1585741987.9641168,39901528.0503649
2023-10-28,3.5152842925169976,1575337677.4311557,24508195.546069287
2023-10-29,3.716068694237668,1663086611.6663482,24249072.15087765
2023-10-30,4.032778098017387,1805869382.8264637,71180789.53222011
2023-10-31,4.042501654542682,1805681854.5808053,42786337.578252375
2023-11-01,3.953499741668392,1766317674.2366066,35848679.975688085
2023-11-02,4.064450039654886,1817950553.6220424,36801316.23121075
2023-11-03,4.016923955259749,1801885976.8088784,41775530.19815314
2023-11-04,3.9494171490691823,1767809582.8922565,30403238.239066504
2023-11-05,4.0121385244202745,1801388565.0880206,27953873.76106035
2023-11-06,4.062959048379171,1821314464.710111,35490805.04466045
2023-11-07,4.253590300689245,1903130691.255621,40342176.1560006
2023-11-08,4.1906407657127005,1878138357.0759604,35749131.861815125
2023-11-09,4.2846824479414,1920228677.6625693,41129373.23573367
2023-11-10,4.094836425473642,1832536531.2014432,76274013.13368371
2023-11-11,4.367953295767566,1961839338.676219,58057774.29676455
2023-11-12,4.453719660674764,1996196785.962544,62617307.703469865
2023-11-13,4.6704773043140175,2089347691.3752823,61321378.03621737
2023-11-14,4.544587485057568,2042541540.3912568,107676047.3641143
2023-11-15,4.264422550109604,1918703308.3206816,60470175.46639589
2023-11-16,4.738268945418517,2125480367.2127583,60514478.14631643
2023-11-17,4.402949592470688,1974552248.8908825,73861829.4594037
2023-11-18,4.315522268336326,1937599652.662422,70505682.50506634
2023-11-19,4.321174027696183,1942520033.097689,54161474.71759844
2023-11-20,4.59913853570374,2069754321.4091449,56242805.42737332
2023-11-21,4.527720229345262,2039553240.1004813,51225161.98900297
2023-11-22,4.120845173064959,1854485179.0288987,61852623.05722927
2023-11-23,4.441507992267629,2001758840.161068,55658159.61164261
2023-11-24,4.60571919779792,2071313385.1073728,62204176.98170098
2023-11-25,4.597639169188857,2068095847.361172,32444207.53338918
2023-11-26,4.706895853699463,2115655658.8643036,53134813.316037245
2023-11-27,4.661583614218487,2098789295.1917117,51239572.753944606
2023-11-28,4.4761091777853865,2009378686.491796,43950589.472623445
2023-11-29,4.581757820395961,2059754232.8367136,34496482.56691496
2023-11-30,4.5004603045666585,2027901205.57056,31204035.23633829
2023-12-01,4.560718293679165,2048068204.755463,41025389.65586679
2023-12-02,4.693902255212266,2112802350.4194293,59314936.64044959
2023-12-03,4.833709861812185,2171879510.791248,28151004.958533622
2023-12-04,4.709502124788749,2119969214.1915205,30744780.817306995
2023-12-05,5.09591882430153,2285794542.644082,171516380.8773459
2023-12-06,5.109223208282868,2296701002.507296,64283359.11647546
2023-12-07,4.882875994584916,2202749162.2014217,67534124.67098203
2023-12-08,5.078052932505274,2284749335.672964,58791646.6629952
2023-12-09,5.225123139778699,2349280751.108955,41390543.09482188
2023-12-10,5.574977409875019,2504795899.780252,86983718.12794459
2023-12-11,5.578004452657392,2508136326.9427347,58138714.710586525
2023-12-12,5.281486062779547,2379851934.221502,112028647.04668444
2023-12-13,5.5140709996085215,2484029034.4349747,87739595.53562674
2023-12-14,6.267946732379536,2820029257.4046965,157075711.12029463
2023-12-15,6.323654358177032,2841333674.7079625,139826331.39064878
2023-12-16,7.2136551918021885,3262964359.430658,210060400.6790048
2023-12-17,10.038845233062329,4530704229.433164,796794010.5068455
2023-12-18,10.571195839954877,4803716941.752542,569948721.5858226
2023-12-19,9.784426625109994,4426811952.764777,376203358.98203015
2023-12-20,9.313644649133836,4218037973.66215,246489527.8986369
2023-12-21,8.853858431303568,4018400268.143896,209620048.5324429
2023-12-22,9.165523025434087,4153743634.107009,202397303.42348185
2023-12-23,9.302614366000563,4214171077.349342,279562001.3363489
2023-12-24,9.47160811164933,4290857811.609866,128643255.84551585
2023-12-25,9.81286031632689,4445022440.641242,221973316.49260023
2023-12-26,9.563917619626798,4357306783.586454,139472220.1421709
2023-12-27,9.25103689080912,4195156470.796695,148888061.41899562
2023-12-28,9.22274376214364,4169867999.535053,108479333.89457168
2023-12-29,9.841401581133304,4486808375.607157,320166457.7526818
2023-12-30,9.385547588726013,4252940152.586208,130295739.02557068
2023-12-31,12.403000705523418,5614232680.28688,490801980.4034351
2024-01-01,13.311881324405665,6095594418.734598,950517793.4908844
2024-01-02,12.968238669253282,5898169451.268864,327990749.81743634
2024-01-03,13.96875274974152,6335152426.210271,491899836.38633
2024-01-04,14.366086952027,6522719918.724113,817151856.6938136
2024-01-05,13.867177555191136,6306097484.951204,338710555.3710037
2024-01-06,13.249579496883785,6016501464.557736,260652558.8274875
2024-01-07,12.02932482725232,5471447552.057376,181164685.47409955
2024-01-08,11.268579126725925,5106010324.81804,170564177.54541788
2024-01-09,13.672295190978804,6246496285.056591,459604105.387358
2024-01-10,12.67757747761353,5746670573.419304,313635065.3592521
2024-01-11,13.9285252182363,6311875467.253096,318089143.0463788
2024-01-12,13.08586015258234,5950817112.308322,267620540.3220538
2024-01-13,12.269857152581116,5588128739.439316,204943881.17083883
2024-01-14,12.923565574023591,5861722315.129594,192826388.16357204
2024-01-15,12.685422360729795,5795625921.219715,235035028.0027343
2024-01-16,12.8898581349499,5871342016.727987,164702828.36418247
2024-01-17,12.67483773521726,5775759898.112719,147601520.798775
2024-01-18,12.09609567960679,5516057933.332992,106400808.77789149
2024-01-19,11.478604279634691,5234869825.110826,161804872.53721982
2024-01-20,11.197034170086123,5110164007.9464655,180741948.4360898
2024-01-21,11.429537593990178,5212620155.044825,104542253.6916832
2024-01-22,11.075567987631038,5064544705.745888,69032806.92641975
2024-01-23,10.465336955718064,4769839660.963764,125276875.31524491
2024-01-24,10.498648386807607,4776799636.984149,157817815.2053981
2024-01-25,11.659780902226968,5327163509.564434,202832491.05140543
2024-01-26,11.15849991459541,5078513014.554943,159173798.97411048
2024-01-27,12.141773043561995,5504905334.04805,178230757.93228865
2024-01-28,12.746274759235176,5806794174.431188,136729357.20628592
2024-01-29,12.325121337615574,5632876910.429329,112751277.35847268
2024-01-30,12.55297556197856,5754819181.936931,116297142.5703029
2024-01-31,11.730217197224489,5360329456.384522,138004035.59834388
2024-02-01,11.461125984007156,5248905245.855954,113655017.39424534
2024-02-02,11.6614713170004,5332642863.7784815,102263843.95377706
2024-02-03,12.6965808702655,5822621964.426407,198587552.0131387
2024-02-04,12.743445699298787,5834160575.09921,193045119.9853947
2024-02-05,12.74598819852174,5832563216.670425,138981961.39193645
2024-02-06,12.23685311474716,5598212808.343217,138848229.77169615
2024-02-07,12.139057725144808,5550078127.747919,110407212.79061615
2024-02-08,12.288333820837444,5628669676.94981,102187917.2448716
2024-02-09,12.201927884327231,5616102569.223682,109702260.97007176
2024-02-10,12.85829379692136,5910069553.95789,127778951.52719463
2024-02-11,13.124282737433408,6015174964.134182,114526254.4386837
2024-02-12,12.935795808222766,5919349337.263971,91919842.04765378
2024-02-13,13.285917362493043,6079677899.530111,131555566.2395219
2024-02-14,12.925935651281335,5920022620.035236,140136528.2986846
2024-02-15,13.585573077899594,6223480384.984045,196102107.43497145
2024-02-16,13.487682077904497,6180567385.089997,199657229.3806732
2024-02-17,13.138225445911813,6036669668.958302,136770928.38378328
2024-02-18,13.180232074757578,6054853204.495153,96730791.00923164
2024-02-19,13.646119462921272,6242291818.65056,130537171.37543716
2024-02-20,14.57612691194457,6654685980.664597,263522780.83601484
2024-02-21,13.747298932410136,6320530383.589063,211941668.92800432
2024-02-22,13.191017092982609,6064106200.75871,156807307.15948182
2024-02-23,12.7612927110469,5860132937.693788,128426165.65114573
2024-02-24,12.36597675841034,5686617089.921803,104150844.16503544
2024-02-25,12.520814567242825,5751461635.402876,104674824.8551184
2024-02-26,12.47261520090151,5732808816.751522,82483185.36677256
2024-02-27,12.925910015025766,5941904981.65115,145858404.37139362
2024-02-28,13.024826513099176,5980589379.930585,147591666.46697155
2024-02-29,12.635172805819384,5806948382.984766,301814127.4507136
2024-03-01,12.60961268306376,5811244391.480664,257177870.103239
2024-03-02,12.953375643180934,5949912744.792728,154394597.6639445
2024-03-03,13.282735194851604,6103319938.000341,187183213.79140845
2024-03-04,13.161530091964584,6043754332.049115,233763724.45214835
2024-03-05,13.399071092878945,6159513789.740557,271846498.39736736
2024-03-06,14.124326248381562,6504303087.067325,826580900.9690957
2024-03-07,15.309204282615427,7026640178.031894,410467583.998102
2024-03-08,14.972647923896258,6901671601.040658,278126201.0206124
2024-03-09,14.682268013686526,6753361950.58863,281820059.8906113
2024-03-10,14.788995786544971,6795281184.495423,202543777.89331123
2024-03-11,14.134963261349696,6495608005.437815,218273310.39707643
2024-03-12,14.9892437474619,6906903614.768991,299793499.95517063
2024-03-13,14.662311629382492,6726920355.268401,246876855.1066965
2024-03-14,14.489038346999688,6669591745.645336,205916341.3859062
2024-03-15,13.921523766399222,6401499841.699631,250630996.68028596
2024-03-16,12.833308223169084,5913083738.524797,263811923.8370092
2024-03-17,12.223086058726812,5634197597.490113,187307662.8852847
2024-03-18,12.615279863991194,5798883969.655959,168830344.2746327
2024-03-19,12.37109497560048,5699658498.35204,190816101.53204423
2024-03-20,10.969713179155692,5066448835.167204,222437876.1517242
2024-03-21,11.91275733885076,5501090662.732472,198604390.38873705
2024-03-22,12.782411891868376,5897750636.776157,228152359.73840615
2024-03-23,13.325458639538164,6146078531.059205,360267541.8246144
2024-03-24,13.499599249112473,6240014589.631871,185368123.79193032
2024-03-25,15.128127242424451,6975034572.092858,332323304.5740849
2024-03-26,17.478379709362073,7999856536.585839,671953539.328035
2024-03-27,19.137002046456708,8823625055.722754,737853508.4160256
2024-03-28,18.4140753132997,8446772479.191746,673819084.3314779
2024-03-29,17.921394664345144,8262885732.766941,407423318.1297968
2024-03-30,17.2084934096673,7937025314.981523,292417256.8565834
2024-03-31,17.88075485747106,8234872156.178937,313017451.50362825
2024-04-01,18.777754955832787,8702957895.858997,279224572.12920284
2024-04-02,18.107734971098573,8374101818.785353,375159660.4006858
2024-04-03,17.92067933872016,8291169800.775832,409138217.5896878
2024-04-04,17.86838230829584,8258925415.462003,386838854.39287066
2024-04-05,17.781057894471513,8196500218.922029,296452810.1684709
2024-04-06,16.885503698534883,7804104237.612076,262249319.10109693
2024-04-07,17.054554190229368,7887849456.910939,117174089.08541144
2024-04-08,17.119351359262602,7911157360.784608,160527444.49580336
2024-04-09,17.79678065982471,8234121204.75209,208001416.2047255
2024-04-10,16.06212723209569,7435570069.861547,212893179.0366661
2024-04-11,15.940769804549747,7368664000.418385,251507986.0441709
2024-04-12,15.53098403601724,7184681422.864164,176138755.78483102
2024-04-13,13.95683832447806,6430284542.847287,298992094.7490951
2024-04-14,12.408572411859543,5761720914.028263,386294657.4135214
2024-04-15,12.884734517129951,5991592966.952184,254501933.3206248
2024-04-16,12.334175733001556,5697499257.1698885,241456180.3211833
2024-04-17,12.236402842764708,5660417332.995779,213862221.16604888
2024-04-18,11.881633475786368,5500035420.384068,184434098.6952091
2024-04-19,12.782393648281037,5922571109.022252,184691905.20817468
2024-04-20,14.08294062514502,6522678934.313413,299192950.4155424
2024-04-21,15.51931673815896,7179052553.466728,242931468.57011837
2024-04-22,15.101479645850189,6996735020.214455,194839901.86560372
2024-04-23,15.090775607571045,6994746199.177721,179188570.5132556
2024-04-24,14.49003499882927,6705540833.581805,171994804.30441895
2024-04-25,13.705467415101362,6346392324.581626,223501464.2471276
2024-04-26,13.809033140760892,6397883852.160114,175547339.2055483
2024-04-27,13.049765453473686,6038310320.1089,116675319.9700167
2024-04-28,13.318090941769253,6161318589.366837,119673437.06665994
2024-04-29,13.533972815183082,6269405357.163719,132304144.13695347
2024-04-30,13.450072387953028,6232140976.347868,142522264.6045464
2024-05-01,12.848288212727772,5976397498.302571,214168981.7529512
2024-05-02,13.218484873330878,6139814900.02008,239224042.5234792
2024-05-03,13.518949207812328,6264314096.497525,145753049.65992978
2024-05-04,13.605617286402298,6315175827.69991,176583255.2222702
2024-05-05,13.166114027720685,6104718490.462302,117414227.21127346
2024-05-06,12.995124938153154,6016638180.712765,102257418.04670092
2024-05-07,12.791725808018755,5938789536.238265,206964266.4480764
2024-05-08,12.430500577048027,5769853564.517934,118944353.16900064
2024-05-09,12.06027239816523,5597597754.750985,116228203.2430307
2024-05-10,12.182186397247824,5641490486.019404,126021900.19776814
2024-05-11,11.867230962579232,5503052177.307462,128941310.20372067
2024-05-12,11.864306460254154,5502533516.824472,59681133.705040194
2024-05-13,11.72205656108116,5431722676.291178,54450863.2045746
2024-05-14,11.775508616366617,5454910078.475777,138521532.73166448
2024-05-15,11.838334614564909,5503334823.733015,162197269.86597356
2024-05-16,12.486197485861824,5807540300.45712,133867658.42484596
2024-05-17,12.164462563207495,5646053577.366398,102378625.42637348
2024-05-18,13.10883804790182,6069002904.188871,134173109.0717997
2024-05-19,13.22467548497734,6140377244.259905,113795255.21656588
2024-05-20,12.618827096496863,5849988799.230059,90501590.95222262
2024-05-21,13.57495974728147,6303561684.625895,133180985.56644024
2024-05-22,13.297963218490398,6174864591.069695,151824706.72836918
2024-05-23,12.811430000838577,5944257102.075865,113077259.7254928
2024-05-24,12.28318750156398,5707850217.686776,153231620.45782486
2024-05-25,12.403423922799496,5755214124.925803,67533590.39920501
2024-05-26,12.320404745188265,5715196225.686296,49320183.96163301
2024-05-27,12.06452144977225,5604472105.720834,58663934.736164734
2024-05-28,12.382899681578053,5746733985.687664,96811292.06058984
2024-05-29,12.086601363946228,5618425149.465862,98971432.735078
2024-05-30,12.066803296844636,5604125184.319769,81221783.7997241
2024-05-31,11.973362175831,5562016512.690812,85756406.08140329
2024-06-01,11.862422304981065,5516367444.723034,74496491.82658213
2024-06-02,12.078696275186488,5598240086.967274,46429602.794931
2024-06-03,11.861970635986408,5509700646.416283,53246439.8769801
2024-06-04,11.978158592346675,5565196756.075767,70952792.33001904
2024-06-05,12.306185126943973,5722120169.986239,83402440.92035666
2024-06-06,12.355815236532392,5722814798.663874,66400642.37445846
2024-06-07,12.09052443981246,5613332393.567438,57438807.263101496
2024-06-08,11.514691962236544,5346880500.169299,172366890.15561104
2024-06-09,10.90260310736718,5061888626.222682,96668259.77486078
2024-06-10,11.02902049178724,5122204153.472789,104632177.44771168
2024-06-11,11.1150261873627,5176336223.731702,161025261.40671125
2024-06-12,10.08759816502569,4695512776.773407,178547353.71561494
2024-06-13,10.50481563290676,4887557373.417573,166278564.69849554
2024-06-14,9.797640659625188,4556673852.084461,117148150.29227509
2024-06-15,9.317301090019296,4342327764.724091,111029063.11764687
2024-06-16,9.08769389262971,4225493717.9631176,67640032.6834606
2024-06-17,9.63066042027023,4477209582.339523,75089101.21008657
2024-06-18,8.871526056276116,4136277159.475293,114905092.31332196
2024-06-19,8.125478811324344,3774548108.912789,179469386.10480544
2024-06-20,8.364528862455652,3887431196.660095,94553524.79461226
2024-06-21,8.2481897886927,3845058544.405245,110265954.36687456
2024-06-22,8.376810321644083,3896581849.976141,81848632.32613038
2024-06-23,8.193419153780834,3817070170.039149,42510359.48989704
2024-06-24,7.885893109865064,3668106789.675196,61838891.32109599
2024-06-25,8.035612970086145,3742844882.517157,93658963.42905876
2024-06-26,8.288227312309566,3855465504.30165,76427477.69308186
2024-06-27,8.105633652767988,3771430264.2604737,63947490.361460015
2024-06-28,8.241640897742524,3835254033.6094456,54680364.95044492
2024-06-29,7.887090403699097,3673616011.8561687,65727837.144750535
2024-06-30,7.918653622272363,3687164735.23134,35733349.98670467
2024-07-01,8.162939316425176,3796969209.587912,51310066.335314125
2024-07-02,8.059166913737112,3750239443.6013136,51339793.52742662
2024-07-03,7.855190738956697,3660598776.06092,65909054.34625971
2024-07-04,7.323246854483723,3406651063.4234324,78589509.37460575
2024-07-05,6.666935000297487,3114630506.9334416,134011814.0617179
2024-07-06,6.805915274134934,3184339914.0685496,205877786.37442127
2024-07-07,7.540989103405633,3499725601.78239,106859989.99115732
2024-07-08,6.906687647848516,3208126321.7175794,87547926.0299562
2024-07-09,6.809283268225485,3175736137.6619,114813234.12370424
2024-07-10,7.230050108294417,3374643551.0540977,102636895.99445176
2024-07-11,7.207644149014401,3358120019.187627,71075740.61671636
2024-07-12,7.369182347313941,3428776854.2001143,71182943.9417858
2024-07-13,7.3213122490303375,3413209457.1858187,57182534.18558611
2024-07-14,8.437307646972723,3937140407.3556113,150359598.58843607
2024-07-15,8.62608320456839,4021257432.25726,156273986.9499045
2024-07-16,9.72918210345694,4518993434.832118,186981336.1990356
2024-07-17,9.656887387618276,4502327493.469463,199621346.30217808
2024-07-18,10.28442518017804,4811656782.103569,231115387.73981684
2024-07-19,9.666290934918631,4514337070.373049,118140595.51337025
2024-07-20,10.13074354083098,4731278734.45594,123511530.28105035
2024-07-21,10.327755313971709,4821513643.703386,117999017.77570891
2024-07-22,10.697578485732544,4974180400.642491,126654763.29414442
2024-07-23,10.169435238242002,4751653424.422938,120451381.37212628
2024-07-24,9.657826955354546,4509788278.887221,102061695.39491448
2024-07-25,9.509100696398328,4441955021.095855,95451633.4811371
2024-07-26,9.89517879281661,4622574792.399747,134203738.71178776
2024-07-27,9.716287165291694,4539756191.900319,118804000.68886945
2024-07-28,9.718486415799358,4542231258.634052,121104381.55276293
2024-07-29,9.35893476780642,4374016093.895033,61758638.61718343
2024-07-30,8.934614830998875,4173334409.699735,110707835.45375337
2024-07-31,8.823990512151033,4123317522.04007,78918091.99360894
2024-08-01,8.957430310224941,4187412423.49797,103159387.65172409
2024-08-02,8.90124999187486,4159634052.209999,121048642.45116524
2024-08-03,8.293901865284024,3873209699.5538416,115881307.97828788
2024-08-04,7.765283898382919,3631093153.661533,95577691.19804037
2024-08-05,7.319099946682741,3415302226.291573,105732459.18038082
2024-08-06,7.0816730519115145,3312341859.8619804,283956027.3356703
2024-08-07,7.664923598421586,3589071425.9113803,148893422.71512035
2024-08-08,7.026455503894376,3299000392.662105,114197841.68254644
2024-08-09,7.705055157922681,3600636584.10729,131686606.24381898
2024-08-10,7.440972483260896,3485811153.9323263,91238042.90497492
2024-08-11,7.369739903059788,3453559464.895325,57317268.27000131
2024-08-12,6.833640249867757,3201485870.376996,79222649.7031222
2024-08-13,7.290437694517433,3417555528.877392,136262402.38435653
2024-08-14,7.376826958771235,3451097134.234731,86282291.13500026
2024-08-15,7.134039457034902,3344269121.031968,81814041.07425219
2024-08-16,6.947414501639226,3256851980.7758827,73095856.48292302
2024-08-17,7.024452285051243,3293726386.3167515,74577765.87712902
2024-08-18,7.2621518859907646,3403516309.163548,70525151.28681777
2024-08-19,7.132054909079754,3344368688.5182447,64011270.51185423
2024-08-20,7.230839173528626,3392094471.624336,81698077.79363382
2024-08-21,7.271521618054433,3412876274.6223016,69092220.26478052
2024-08-22,7.68729235766708,3607045069.04193,81674962.41151056
2024-08-23,8.03979654123912,3772923737.352364,70557980.90269357
2024-08-24,8.673129871265921,4066538342.114283,117328496.44710743
2024-08-25,8.707779039532038,4076939184.781124,83280374.89680155
2024-08-26,8.518455985904966,3998042290.2472615,89288087.70173433
2024-08-27,8.084722476344231,3795438544.349715,75920277.95304002
2024-08-28,7.720907308649243,3630262096.892951,91701422.41405971
2024-08-29,7.745790110784914,3650041958.088613,96261338.67755993
2024-08-30,7.784791370458854,3652163683.437312,81867862.52799444
2024-08-31,7.628852415278135,3580777210.0782022,86059352.01208282
2024-09-01,7.560674813247991,3546647313.584041,49446840.80538101
2024-09-02,7.204523783428778,3378167160.414624,61422467.7348015
2024-09-03,7.519265022073395,3527148425.278176,66052263.463986285
2024-09-04,7.152806820686255,3374234238.1119585,57352401.042223856
2024-09-05,7.574463203379647,3555914339.326214,95918470.23360205
2024-09-06,7.231560532785812,3397909360.1172237,64872623.11889687
2024-09-07,7.032312225828182,3301443301.201778,114273353.02563478
2024-09-08,7.05598312876133,3315633817.146863,46893418.98059024
2024-09-09,7.402592291441077,3475746741.9443283,62100105.58534662
2024-09-10,7.78169875988636,3658265386.214363,85734181.64411426
2024-09-11,8.94067606343614,4201338065.0396094,176907089.26383224
2024-09-12,8.696378266885166,4090617310.887348,231206255.2262872
2024-09-13,8.51502288537367,4008049693.674381,117229485.60626124
2024-09-14,8.616347419768182,4050996478.264069,108076270.26696555
2024-09-15,8.661603366672683,4072859492.180992,94574283.2380016
2024-09-16,8.336533916067333,3919098666.184282,74587808.9020788
2024-09-17,8.02005053680886,3774516064.055696,87929858.60930794
2024-09-18,7.917233491996509,3728373315.8802304,94806960.15805176
2024-09-19,8.156806859220701,3828403862.610819,128582542.49902174
2024-09-20,8.090744556037818,3807433372.5004582,138271905.64732352
2024-09-21,8.456411224007795,3985723617.427812,122948869.401525
2024-09-22,8.55291536798188,4039229316.172962,75053404.00293434
2024-09-23,8.257793072094577,3891192736.922208,77607759.88923582
2024-09-24,8.70165982079685,4100367387.4038057,159511629.13123158
2024-09-25,9.404391080668018,4427241380.1424885,173588758.22980404
2024-09-26,9.0647562591201,4263007510.05536,140553828.4864446
2024-09-27,9.521382478921524,4488892418.389716,168178037.0405192
2024-09-28,9.89961772524611,4663542567.154548,117844875.82673717
2024-09-29,9.707972472452653,4575416715.7190695,90590244.92211072
2024-09-30,9.575201331411437,4520689360.07705,140612699.60009325
2024-10-01,8.99410944455167,4240602603.35846,159864468.39136615
2024-10-02,8.32803691968268,3928835759.4541583,167159055.7688407
2024-10-03,7.990336180741637,3767555255.280337,159236571.29201844
2024-10-04,8.014826262436005,3777815307.026445,161375302.2008562
2024-10-05,8.371127176012967,3947257347.685136,116923696.7226269
2024-10-06,8.203301635750691,3868119977.102483,80084950.74107465
2024-10-07,8.506594570703495,4011744273.0872617,76180366.05192892
2024-10-08,8.052975163104396,3806546295.825735,149585244.1276032
2024-10-09,7.979833329326799,3771078454.731015,133549970.0706149
2024-10-10,7.829295127432107,3696724266.335092,108683766.0607755
2024-10-11,8.004731147626533,3777437498.331788,134935427.58638257
2024-10-12,8.133385575292081,3839980023.47382,106634460.56837286
2024-10-13,8.063692178160679,3807335617.392846,83482507.78761797
2024-10-14,7.907286427512633,3734138787.1450834,81743951.59078267
2024-10-15,8.339818430660364,3946992101.022624,140322377.52855697
2024-10-16,8.102591449852609,3829915274.743378,200820033.4007339
2024-10-17,7.902241228160001,3730849188.1336937,136394807.7082293
2024-10-18,7.657330768907031,3618634291.3197374,124283702.92542176
2024-10-19,8.01438270502137,3790427293.214374,96930950.26906893
2024-10-20,8.042566597566296,3798827014.2221537,73572598.57267532
2024-10-21,8.345368149088142,3944014746.380423,98966050.0257036
2024-10-22,7.980767252573012,3770967665.57353,113965048.95254174
2024-10-23,7.944356233406234,3757072374.7580886,115460970.88842028
2024-10-24,8.157718449813071,3859791969.88356,200034217.2117728
2024-10-25,8.290990248065125,3922838053.873304,116828260.56848036
2024-10-26,7.66255221253152,3607258176.982483,143439244.1737617
2024-10-27,7.716025837995404,3650988288.906999,95419976.23445337
2024-10-28,7.791655902746711,3690088732.005909,63105496.686488174
2024-10-29,7.800196770108727,3690385063.919391,87433952.24129054
2024-10-30,8.130573170121336,3846632200.5072446,103832754.1088046
2024-10-31,8.141922238358227,3855883325.776157,91375608.27035196
2024-11-01,7.840886886788358,3711471592.6136217,97140802.75243084
2024-11-02,7.808976728767895,3695606813.082359,107512935.2509766
2024-11-03,7.517000192252832,3554824255.2810707,76346297.15928206
2024-11-04,7.183900692414457,3399088902.9050355,111270037.69527508
2024-11-05,7.015112169868342,3316590977.5639305,92464561.24379168
2024-11-06,7.353248321013858,3484405576.2111063,97343007.83489752
2024-11-07,7.878585488055407,3734154692.773769,282262778.24210775
2024-11-08,7.793013349165092,3694393027.496824,204967071.88187665
2024-11-09,8.570044887110392,4078472841.115616,238036937.5588974
2024-11-10,8.531948580413408,4061317055.04504,206452563.4763727
2024-11-11,8.986900483923804,4254791709.622556,375378156.9564373
2024-11-12,9.452804264932444,4485500695.95793,308972730.59256613
2024-11-13,8.883693200935983,4203090186.129236,348491897.4373891
2024-11-14,8.504521606376668,4041139852.129198,303284319.4503854
2024-11-15,7.984687329578022,3770407721.484946,214923016.2888958
2024-11-16,8.690837466545904,4123238112.371495,250948645.4754381
2024-11-17,9.226820310198791,4368805037.462544,249260717.3678165
2024-11-18,8.956336544404165,4249431221.1617694,324245675.22989875
2024-11-19,9.397815116226338,4455426700.072531,244079504.21934143
2024-11-20,9.142141272373026,4338552287.198566,192964619.64641383
2024-11-21,8.867051326498167,4208155649.837966,219288231.6852925
2024-11-22,9.24465505548481,4386430307.953076,263696769.780639
2024-11-23,11.243676799351022,5332045765.285041,510478497.19637865
2024-11-24,11.387954972149682,5401582860.783349,555910266.9029814
2024-11-25,11.676547539402629,5547421585.583932,430995068.4873168
2024-11-26,11.528569161664391,5470056084.591899,494670473.00633705
2024-11-27,11.131779991513165,5283958277.046169,374192773.2051651
2024-11-28,11.713197403139644,5555860624.295582,286138511.3412665
2024-11-29,11.573939752124897,5496573069.426344,248562958.36680785
2024-11-30,12.084036928629596,5731574564.890968,251287662.5269879
2024-12-01,12.482243435220802,5924620705.768289,309335590.9272613
2024-12-02,12.815752258537282,6096145125.762411,315033365.2449498
2024-12-03,13.732367530982094,6524165949.483901,596633765.9965986
2024-12-04,14.731151489221856,6973577823.492194,502671441.9318605
2024-12-05,14.696281224864634,6979764242.808188,606833434.445134
2024-12-06,14.325182023599492,6807054437.895002,581666001.7591758
2024-12-07,15.313859386931888,7286292438.132096,452675196.3935687
2024-12-08,14.721699995618518,7006990749.397855,317040435.230464
2024-12-09,14.666310878378075,6962482665.105904,285270012.173933
2024-12-10,11.99672593513402,5700460022.455842,598616413.8446704
2024-12-11,11.797121268206604,5607528377.968101,450210124.3172306
2024-12-12,13.147015579826482,6257150970.886663,391364246.9634858
2024-12-13,13.5830931272688,6443149950.381636,439714365.1317829
2024-12-14,13.433715783684756,6384833815.67949,314669783.6540558
2024-12-15,12.841021455111854,6105222509.240652,208970238.8987713
2024-12-16,13.20356575510542,6284386818.344133,263724175.2506013
2024-12-17,12.70436545306894,6053966205.611158,313607433.629918
2024-12-18,12.067816632261517,5761352244.629846,273186725.1019221
2024-12-19,11.125166343509855,5313225935.291525,331040888.03830343
2024-12-20,10.195906668564565,4870340250.737199,357561624.6316476
2024-12-21,10.532418079478717,5020563080.02528,368482923.5698791
2024-12-22,10.043172486919616,4784649718.26529,279877877.6742089
2024-12-23,9.903369444206296,4733764685.161409,221308551.4921704
2024-12-24,10.735462486232183,5126979158.681707,225780104.22351035
2024-12-25,11.32782571113817,5404341813.40927,226828469.04768795
2024-12-26,11.169935810397089,5337206730.322562,205043273.3644296
2024-12-27,10.272294652454766,4915356814.145653,219576036.83382583
2024-12-28,10.201849653937408,4877513684.322641,214107743.04085392
2024-12-29,10.661943228105756,5099289799.7251625,132390209.84410591
2024-12-30,10.156793095682566,4857587378.188847,137921597.39824924
2024-12-31,10.025523411992593,4792589062.986623,178923325.55452597
2025-01-01,9.863619220067743,4722021306.716017,142303820.4917872
2025-01-02,10.471551486379632,5007790650.92366,131686027.1886952
2025-01-03,10.671798822171676,5109287501.757071,184708929.63812697
2025-01-04,12.323156559314524,5898105212.593492,334040066.4354668
2025-01-05,12.309593390312529,5892808817.275475,235404461.0543554
2025-01-06,12.119395613440783,5808766924.690851,211913625.0331773
2025-01-07,12.17203949482449,5821453727.30101,231898708.745226
2025-01-08,11.050127458753972,5291332931.422227,215265108.1581808
2025-01-09,10.87250088351866,5212114206.296676,245667253.2225727
2025-01-10,10.14082177110246,4844652557.238189,227804449.693071
2025-01-11,10.345960136633629,4958781979.644794,208434015.892257
2025-01-12,10.471562109575302,5020458995.926584,154303712.98936728
2025-01-13,10.235513751407764,4904445131.210745,145652254.44776276
2025-01-14,9.791665638645036,4687838344.463213,190691019.0780248
2025-01-15,10.244006202545622,4907416962.844562,122277797.85866992
2025-01-16,11.050812418033445,5289365894.3637495,196016455.25112373
2025-01-17,10.823958541793298,5191567738.112844,172648596.12412062
2025-01-18,11.37306648830812,5459712848.781829,193125771.29725093
2025-01-19,10.643656065985414,5109599692.538746,193284530.64136025
2025-01-20,9.881152016333331,4742996782.797236,296175783.42601943
2025-01-21,9.769956895924144,4700005457.073306,281460166.63800555
2025-01-22,9.8743812425126,4733917970.265615,182250425.21041515
2025-01-23,9.081527899709558,4362621461.321428,236521396.754683
2025-01-24,9.239304266318369,4436484887.623976,200602640.14072263
2025-01-25,9.029715206956894,4333093986.983908,215642781.0294617
2025-01-26,9.219137178840034,4427979055.158482,153528114.77303037
2025-01-27,8.831888885960291,4239812720.3769016,126080830.85298002
2025-01-28,8.88783157173486,4261764744.1122537,222505746.55317447
2025-01-29,8.556818902322119,4107158150.634915,118517351.83052143
2025-01-30,8.569833695960657,4118115776.4932766,91563309.7750045
2025-01-31,9.139525268521822,4388143505.125409,103379314.91205785
2025-02-01,9.289875885183951,4460144887.484006,120719661.6546459
2025-02-02,8.528759159836007,4103248780.638369,117423677.4645166
2025-02-03,7.482291234596743,3589872318.909967,204883323.7182313
2025-02-04,7.62513044891389,3665868599.021431,313656537.22021925
2025-02-05,7.063938010002746,3383000760.806707,169261856.32865793
2025-02-06,6.992483246781165,3353666942.499832,113015729.71042135
2025-02-07,6.712764540631251,3213409401.632287,91223394.12464088
2025-02-08,6.788376230502579,3263008824.693285,87203004.89852935
2025-02-09,7.025843766730008,3376843154.717893,76371835.90001318
2025-02-10,6.966921738603598,3343273743.890657,76437306.19161655
2025-02-11,7.003255594235725,3364286870.445568,91208713.11608596
2025-02-12,7.096964947432103,3409714364.2508163,104121995.10460676
2025-02-13,7.393781882237906,3551636537.617406,118123928.70491804
2025-02-14,7.135284919447407,3431361134.06788,115445495.95501824
2025-02-15,7.249207901568014,3485994762.716318,75435516.34175305
2025-02-16,7.1013236795951125,3414900672.1935863,58387750.0899163
2025-02-17,6.989855304403205,3359301954.90808,68537110.86642043
2025-02-18,7.050855459668897,3391347333.4493213,67061229.77574647
2025-02-19,6.754202972588956,3251396862.1799145,72353780.695379
2025-02-20,6.873812358267467,3306347544.5174227,78556257.3161489
2025-02-21,7.14995496969736,3438548071.273908,77886521.46901809
2025-02-22,6.955498998783329,3349286301.9644694,84347640.98038764
2025-02-23,7.193500790241027,3462672559.352285,71182164.5617166
2025-02-24,7.0732693950598975,3403166272.092872,80113283.266293
2025-02-25,6.388175844425623,3074517917.807322,118849687.3552404
2025-02-26,6.339820194116545,3050978007.1290827,160131153.68004945
2025-02-27,6.364332707584963,3064892297.002809,95614227.70365494
2025-02-28,6.6689324188131245,3209759358.441323,74593981.88808063
2025-03-01,6.5139695511957765,3137692758.2367425,122754923.53107812
2025-03-02,6.5823138661040606,3166748995.066253,47199251.17455083
2025-03-03,7.217971243724213,3475772796.4444666,113946040.803227
2025-03-04,6.174407457606582,2972715869.4209123,131601648.3346164
2025-03-05,6.036921190680251,2904336168.5250745,122561552.35258248
2025-03-06,6.3765869308827,3072754180.093287,75504993.01002853
2025-03-07,6.203142834597974,2989334363.347664,62229300.37074979
2025-03-08,6.072261163380372,2922586170.066792,102507518.0963293
2025-03-09,5.956607672976803,2867746588.72474,49733650.26552578
2025-03-10,5.421148493875328,2609858241.6962657,72048093.84743172
2025-03-11,5.1125264740535385,2465854200.498996,89092974.80528441
2025-03-12,5.414259311306393,2608302108.9703474,94059773.43552744
2025-03-13,5.496175656531484,2643691390.594544,66680838.37513472
2025-03-14,5.450720092329037,2625630335.825745,68855723.9774671
2025-03-15,5.663180399430716,2725759435.1488104,42874500.78295632
2025-03-16,5.835740824825459,2812488684.6437035,62460000.35980389
2025-03-17,5.568975823355106,2679306448.964637,49577990.78009563
2025-03-18,5.905122539290503,2844304201.5978866,74233892.79101487
2025-03-19,5.819470228739788,2803944688.547774,62650155.3092288
2025-03-20,5.994048175554108,2885453976.293579,71768241.97063982
2025-03-21,5.741705814557319,2767516450.8777275,48698308.1527085
2025-03-22,5.65559106320163,2724982568.369892,48487655.60792941
2025-03-23,5.749579706991456,2769186844.779359,35345044.03550325
2025-03-24,5.839841312884986,2813957534.962848,42907196.90790458
2025-03-25,6.039679196305335,2905658019.980024,63966860.32056336
2025-03-26,6.203315106925847,2988034274.6351485,61528170.53742135
2025-03-27,6.08210237359576,2929940527.431433,65127968.984725975
2025-03-28,6.099842983831506,2938920520.496389,56019814.06808996
2025-03-29,5.59968887564922,2698973792.496957,60974682.550388016
2025-03-30,5.361226781221331,2584520028.5259566,54568060.08130165
2025-03-31,5.2713132733333925,2537703416.6517334,55359337.382110685
2025-04-01,5.316903678075554,2563501326.291662,57265506.96469639
2025-04-02,5.424021489937507,2614046528.9513626,55287010.28572869
2025-04-03,5.016863761797142,2420370827.5032067,78928727.27381821
2025-04-04,5.146321393930361,2490632647.826982,88210933.68745816
2025-04-05,5.0573830921241925,2441849221.1882043,72485318.61630186
2025-04-06,5.060155408761204,2431374963.150366,51978298.46086588
2025-04-07,4.564004283023261,2209799409.380883,71088061.7641388
2025-04-08,4.6301339680465095,2242884905.7019806,132227903.22918904
2025-04-09,4.610360482115574,2224986186.495944,90895126.21324632
2025-04-10,4.984571089709633,2408896290.6521425,102226306.04898636
2025-04-11,4.814874169797695,2337261868.589094,68743291.82525201
2025-04-12,5.042829060578521,2447973157.1798625,61001249.21959934
2025-04-13,5.234439784484551,2541991135.3677907,51484189.003881335
2025-04-14,5.006157467712711,2430273935.8877125,49995426.193599455
2025-04-15,4.8758818580273,2370475937.6210346,64626118.54107063
2025-04-16,4.754490959562785,2311613150.1293464,37944635.49859055
2025-04-17,4.650265332859955,2260609989.537882,46811990.54682324
2025-04-18,4.708677604872744,2288119962.6899323,57743798.31846806
2025-04-19,4.745306518694997,2307553565.268484,41783380.8212706
2025-04-20,4.921061997166893,2391346069.245663,38072323.5047212
2025-04-21,4.875330262978228,2369075697.564142,52648420.987041496
2025-04-22,4.76874400086035,2535572343.958298,67049316.97977435
2025-04-23,5.100032297417662,2717108540.306678,96206690.545835
2025-04-24,5.164598939823195,2749797828.787913,87271187.63851139
2025-04-25,5.193386719430473,2765832526.958745,65647700.73791615
2025-04-26,5.29609916002796,2818476283.8490744,94890584.69543126
2025-04-27,5.267854969858235,2803304126.6001067,63732237.11479823
2025-04-28,5.044268041908117,2686506799.4715915,57073384.52232401
2025-04-29,5.104386018499095,2718558239.624371,70178501.13297181
2025-04-30,4.898997592138548,2608715257.7829995,63758941.592777655
2025-05-01,4.916167915339531,2619261954.2543235,55796463.56976132
2025-05-02,4.942156007882709,2631401768.8650594,59375012.965207376
2025-05-03,4.984282145951012,2654850082.954349,47401495.74569615
2025-05-04,4.7314424200182765,2520398072.2777734,53952028.917505175
2025-05-05,4.607435406008063,2454320547.6854177,47813989.99490108
2025-05-06,4.6035019803559205,2453347519.5411677,40083619.76341765
2025-05-07,4.630500498580224,2467318712.1573176,56181524.79569267
2025-05-08,4.648175967526205,2473994020.7116303,48247930.31239955
2025-05-09,5.213595387567824,2778972604.008418,79264708.9825299
2025-05-10,5.44001316606593,2896785880.132046,76914926.65015976
2025-05-11,5.846894110366383,3108897799.663147,97620844.43097372
2025-05-12,5.769606177629798,3073681755.998406,105684613.26134874
2025-05-13,5.750602225401375,3063926135.519649,135138785.4966198
2025-05-14,5.92731244220706,3159111649.801329,95319786.88689412
2025-05-15,5.640097437161044,3005069299.359032,76367285.97525346
2025-05-16,5.38941553275715,2881075295.209049,78682140.56531274
2025-05-17,5.28238442433898,2818383958.704487,71755919.99446093
2025-05-18,5.151118537168532,2747812251.5554023,62157474.24565004
2025-05-19,5.265826020834084,2807234131.316319,66294247.39330003
2025-05-20,5.205326105684847,2776786014.9282684,64324983.56480299
2025-05-21,5.281964115979432,2818726965.957752,57900118.42545436
2025-05-22,5.374699076735087,2868336772.7368007,85149900.26808743
2025-05-23,5.698493751765974,3038433520.106944,73711954.13586435
2025-05-24,5.238899696276384,2796617384.5026097,81438644.00754932
2025-05-25,5.207052401217141,2777744872.9170823,55080540.98336596
2025-05-26,5.268992282883779,2812335921.378236,56806621.36413658
2025-05-27,5.215148795859625,2781054055.342625,66382269.04319483
2025-05-28,5.3199376556186655,2838703506.4830823,59658166.53889823
2025-05-29,5.422274541691341,2892797035.977603,61678605.13915876
2025-05-30,5.263507064854538,2808481920.466086,71022697.01475097
2025-05-31,4.805177404299459,2564217263.2815185,90901944.65762752
2025-06-01,4.908517467308777,2619494397.362671,61898046.72688531
2025-06-02,4.943442525817152,2638301651.86446,50935081.77600005
2025-06-03,5.131808775421039,2739218204.0625525,53207873.5115344
2025-06-04,5.331533890710921,2845739670.0384755,84292951.54496223
2025-06-05,5.220134741621183,2787707374.0105243,74231404.51020972
2025-06-06,4.874546506988072,2601827269.6528244,73641319.1214547
2025-06-07,4.961267142931419,2650613553.662415,56292486.27052373
2025-06-08,5.231987534850669,2794367954.8364644,50461570.508758105
2025-06-09,5.5508390236937775,2962783088.383007,120127096.73965232
2025-06-10,6.048526058033678,3228602919.312874,182585125.48932135
2025-06-11,6.161842615023633,3290891323.6490283,136851244.9999418
2025-06-12,6.060735648988027,3230166354.6006994,112893964.47128114
2025-06-13,5.83376218166723,3115278572.5143013,98481711.48903055
2025-06-14,5.464329755365073,2924460623.6230345,110719082.8749918
2025-06-15,5.482581755176484,2931326999.092261,77571049.23338218
2025-06-16,5.515764211715315,2946977166.764108,60819417.87387339
2025-06-17,5.442163161344634,2919221010.0494547,85022225.01548317
2025-06-18,5.136716794686994,2748065017.9948907,73184406.54153092
2025-06-19,5.117414288089816,2736461667.589711,64332210.79440769
2025-06-20,5.053116858435147,2702046117.0407634,49201655.02772421
2025-06-21,4.920109060402914,2631018942.4397016,55381206.56309085
2025-06-22,4.762195741384399,2538880452.2403746,56925323.24934032
2025-06-23,4.552421589729337,2434560380.6218586,72226912.26719587
2025-06-24,4.976694960022963,2663357694.359573,66219178.95575488
2025-06-25,4.953367794205136,2648715170.0746703,54902513.00759195
2025-06-26,4.8192072544646,2578261452.71555,55720991.19474411
2025-06-27,4.731330957514194,2529947798.999095,46110654.09704673
2025-06-28,4.758393204453086,2544789008.204532,42089469.61643756
2025-06-29,4.858602206085563,2598442467.1260586,30155896.986574046
2025-06-30,5.073815546983849,2714753548.1358624,37632557.76007509
2025-07-01,4.905433394651678,2625124513.8011417,46666632.81479315
2025-07-02,4.694834250206455,2511150795.577342,37635990.81065518
2025-07-03,5.024833656563362,2689360783.9900413,56338132.97984253
2025-07-04,5.005258719765738,2677928220.9655457,58393420.29420275
2025-07-05,4.785176761723675,2560197563.9220905,40222638.98005419
2025-07-06,4.77151134490113,2553895285.513157,32163528.48861766
2025-07-07,4.844320071682919,2592428374.3775563,33624305.726710685
2025-07-08,4.777536703593904,2556093911.826607,38098156.20045584
2025-07-09,4.8369369905302735,2588868116.824433,34340235.906375825
2025-07-10,5.148542651414724,2757420285.128583,52540535.020309925
2025-07-11,5.405615147058929,2890212518.34094,74729265.2770704
2025-07-12,5.3515063205266005,2864746019.4312983,90076932.51534438
2025-07-13,5.365036438349928,2872063187.7689204,59172368.50786208
2025-07-14,5.462074925213623,2919418870.251041,53873964.35807458
2025-07-15,5.384384877762995,2884166377.891863,78983098.58573753
2025-07-16,5.619203434751083,3014679928.736243,96211250.74886878
2025-07-17,5.621618104022523,3016024930.742496,99247766.46574683
2025-07-18,5.807329723301056,3117779199.033463,120067787.20735762
2025-07-19,5.683031396696428,3043519599.890731,153628522.03610215
2025-07-20,5.804857440344113,3111056982.4234247,72247056.89908682
2025-07-21,5.983919044325536,3207190677.3959875,89182099.8994725
2025-07-22,6.150058629141084,3296962558.303992,116274715.47795217
2025-07-23,6.114073415116626,3275874335.435411,124300626.1511722
2025-07-24,5.599026779178945,2999357614.0413,117397695.85826038
2025-07-25,5.489542524416554,2943210650.600245,108722449.51794724
2025-07-26,5.61864989060415,3009823422.7871947,77628889.21620828
2025-07-27,5.65540010178917,3032393602.053493,54257832.15855718
2025-07-28,5.803269826248767,3105234801.842668,62188469.703657895
2025-07-29,5.5171232063368265,2964498957.296376,101246642.83446968
2025-07-30,5.452138925276462,2921344576.4479837,64155350.24767291
2025-07-31,5.473607999157958,2934720933.8919067,81693500.98516956
2025-08-01,5.231672249965592,2805549557.511216,62753473.53061607
2025-08-02,5.027245289714575,2694176563.7007475,93110316.78084911
2025-08-03,4.951676203152584,2655860541.4478626,61041100.5385215
2025-08-04,5.122465211519553,2747966360.15013,34084572.850284174
2025-08-05,5.299176323081895,2841278232.8451567,38676451.85300256
2025-08-06,5.06666263139095,2719710711.67799,56545225.01532529
2025-08-07,5.117887844814764,2746270282.517326,49889866.55840922
2025-08-08,5.345461319969128,2865555991.2228403,53425343.3841904
2025-08-09,5.428441188639881,2911817218.799992,146089417.67453504
2025-08-10,5.716024784210836,3062203972.024967,74649638.88219886
2025-08-11,5.636264804517313,3018589529.350471,76880761.72831856
2025-08-12,5.374632148448421,2884328227.7443743,87344725.18719153
2025-08-13,5.6710073962303085,3043024415.7253003,75225824.0010237
2025-08-14,6.030592504797937,3234656426.3873143,88551501.43102528
2025-08-15,5.466831609662176,2936238069.639935,107178248.66002804
2025-08-16,5.387624249355504,2891222988.95372,62197134.944888845
2025-08-17,5.453770122981304,2928751935.685645,41622434.75686631
2025-08-18,5.494326283596857,2952464920.842405,48832279.476956144
2025-08-19,5.308580717709695,2847675721.503663,59420246.83552519
2025-08-20,5.029420859936408,2700464282.695156,66446790.57702752
2025-08-21,5.263612785930904,2829245581.518522,53310453.076445095
2025-08-22,5.091955999451431,2733635828.581138,44609260.611989394
2025-08-23,5.533405845828254,2979420159.211008,89517095.42150195
2025-08-24,5.44016911762206,2923146072.3063974,44029282.69462395
2025-08-25,5.265784023444064,2834423102.208662,63356078.43265033
2025-08-26,4.885449946125452,2625918135.579224,86683141.09423333
2025-08-27,5.059388509523744,2718935401.0018406,55462818.54532867
2025-08-28,5.012201157429331,2694058322.5672693,47158565.47243596
2025-08-29,5.129980938683325,2755396405.4299493,48946382.63961079
2025-08-30,4.908452063527721,2640309313.6968093,58442763.34748732
2025-08-31,4.851993076335211,2606340010.668947,40063662.62684727
2025-09-01,4.756877972328135,2558227561.9756217,46220028.348315634
2025-09-02,4.684289031226001,2517676488.905706,62324934.27218745
2025-09-03,4.868477616248184,2616531955.8921943,54276210.55402273
2025-09-04,4.90632737336969,2636040069.7382684,47173022.97185922
2025-09-05,4.698569573357613,2525350734.2815337,43908039.321629815
2025-09-06,4.774891732913785,2564625014.255354,57726816.833795
2025-09-07,4.753771048458086,2556533770.614044,30425064.26203084
2025-09-08,4.826997274257159,2594865895.171567,29026103.02793067
2025-09-09,4.892070200672339,2629131916.0551133,53986724.33288904
2025-09-10,4.874466614473216,2617426674.031661,70664186.79235034
2025-09-11,4.893823544396433,2630454411.758531,49544886.15983662
2025-09-12,4.965073920777567,2666508234.085711,60814723.81415921
2025-09-13,4.983009486657608,2678587620.7008367,61541149.493594766
2025-09-14,5.051192528654977,2716283751.572572,62120291.16816232
2025-09-15,4.853077543260755,2611010050.5972824,48406482.75637941
2025-09-16,4.662701514292664,2508349601.882461,70876555.1458085
2025-09-17,4.768560760131604,2565480564.319021,54683880.38837353
2025-09-18,4.839415243400283,2603960803.0961566,59685495.842530064
2025-09-19,4.930735580841747,2653081324.289497,54835559.02484279
2025-09-20,4.722823680239237,2539771167.7075806,49399353.51199121
2025-09-21,4.733737756686231,2546652260.0444193,33877870.37588422
2025-09-22,4.709783126685649,2535521021.945079,41881134.78765343
2025-09-23,4.3208138682698545,2325653003.8164244,109658260.77240306
2025-09-24,4.334542727094593,2333684391.4767833,69793922.27203728
2025-09-25,4.301566795267702,2314961962.641324,57261379.33757249
2025-09-26,4.0715211049321915,2191995086.5574956,89396005.47916968
2025-09-27,4.213178156020159,2265705117.175941,64575834.09410956
2025-09-28,4.20623877913158,2265244318.043732,35217765.50625431
2025-09-29,4.296271374677417,2312262766.1658316,40859693.49884749
2025-09-30,4.249933251354969,2287866754.026527,51783923.05977365
2025-10-01,4.223716252242043,2271930734.8253016,59811567.18521573
2025-10-02,4.486677741418165,2415417537.5386047,69481935.07546304
2025-10-03,4.5751660891595565,2461087682.7852063,62914634.28590352
2025-10-04,4.657954561319451,2508118810.6874294,64775519.05155755
2025-10-05,4.498187845882659,2422195298.1257772,44738682.41942547
2025-10-06,4.52957766185927,2440442909.190053,56863579.36144151
2025-10-07,4.615732989114865,2485869237.606195,59881412.67536003
2025-10-08,4.429505945041956,2385875780.2662992,73103561.60372145
2025-10-09,4.508136489997068,2427716367.270897,62320931.56932208
2025-10-10,4.366835508711709,2351662463.372914,58386993.02191279
2025-10-11,3.0795677680140923,1667612788.5026257,189458867.72086692
2025-10-12,3.1321380568628014,1686611373.5450895,166997469.24494925
2025-10-13,3.502137032604073,1884162701.9857044,86957922.31439154
2025-10-14,3.7208863747932823,2004144301.6415331,102192187.03573357
2025-10-15,3.540899267751196,1911211267.3457065,85296076.10263024
2025-10-16,3.3441977506713254,1800152474.8380342,77139805.9169723
2025-10-17,3.1330452782620237,1689739452.7031217,91190349.4183599
2025-10-18,3.0045540370786763,1620187469.611926,109504666.34926884
2025-10-19,3.047615692905243,1643340583.858857,41695025.01773222
2025-10-20,3.0712124628944286,1656220074.9332402,53229150.73168528
2025-10-21,3.1887681210264094,1720038790.8382752,60101747.18987579
2025-10-22,3.0486340173736157,1644182380.607301,71174939.79862675
2025-10-23,2.977877853201217,1605713927.7927248,64224707.18877597
2025-10-24,3.037793238288674,1636994787.6587756,40675388.28811462
2025-10-25,3.146395553297008,1697046635.6939614,46564426.29515345
2025-10-26,3.122555056280316,1684760433.6829703,31908996.29720614
2025-10-27,3.2960610512600184,1778744344.2337587,39883147.32751974
2025-10-28,3.178102102758704,1714415519.344595,42225376.35711008
2025-10-29,3.080871664264502,1661173989.3895147,65923545.9934183
2025-10-30,3.063020988483979,1652497779.848478,50958488.03004304
2025-10-31,2.888951342308209,1556800388.3046958,65441069.44561864
2025-11-01,2.9421111274946985,1588143486.5875928,48843608.14070479
2025-11-02,3.442056095708899,1855682940.6895344,197471502.05514756
2025-11-03,4.292078333192086,2314401290.83796,396056592.6778024
2025-11-04,3.9090911939050303,2107664900.3140955,371655716.2245488
2025-11-05,5.262621446945769,2846537027.336978,1342528727.8010795
2025-11-06,5.980815753614539,3225252772.75966,631400045.52756
2025-11-07,6.6684740194556635,3596700494.687511,1078971914.7893708
2025-11-08,8.24771460577732,4406847950.959905,1458507223.950107
2025-11-09,8.98277116531757,4873789829.892857,1651938686.289868
2025-11-10,7.582933760227197,4072800556.7114754,1125325297.3512175
2025-11-11,6.829606984815484,3694297798.92719,584399189.652724
2025-11-12,5.993176697339769,3252330146.6843343,467759757.2443428
2025-11-13,6.368260243702258,3443009324.744428,517652497.8463136
2025-11-14,5.851860988715413,3161879536.885093,413970928.55333465
2025-11-15,5.403899673797837,2925406568.40765,429748519.1620487
2025-11-16,5.266097527715691,2840141030.7133074,272306085.5710854
2025-11-17,4.802629939573822,2597572783.2127314,329250196.1466246
2025-11-18,5.494682660817823,2971025412.4955907,581901897.881496
2025-11-19,5.079498187652132,2744193097.9610944,649106268.045881
2025-11-20,4.966918238285014,2687211794.8306985,353965277.9827631
2025-11-21,4.622256012096704,2501355989.751522,267565235.13954645
2025-11-22,4.291268517928031,2322595439.2197976,270816165.3500342
2025-11-23,4.042055766743655,2186569985.270979,147335758.97076708
2025-11-24,4.054314288777625,2198730527.120018,143490244.07885456
2025-11-25,4.192029560844048,2271817482.354906,196610996.40634283
2025-11-26,4.357777735167534,2357512072.40127,194116751.4151313
2025-11-27,4.237450021197497,2289715473.146172,139540736.98426124
2025-11-28,4.036613433405572,2187091879.0264425,118520785.67498738
2025-11-29,4.040164852016176,2186447806.81062,100235913.25925772
2025-11-30,4.007913596362523,2167723071.2658234,88375296.22097336
2025-12-01,3.881978316072656,2103698629.301411,71789081.7015445
2025-12-02,3.702668543448498,2002843223.3558404,173596766.8640403
2025-12-03,3.772238648511254,2042983816.6020136,122499265.63884108
2025-12-04,3.751411588976851,2031862222.0264916,129429042.34749162
2025-12-05,3.6406131213241113,1970880881.5100343,92957486.92600416
2025-12-06,3.503506243048638,1895484891.800872,84968281.58999914
2025-12-07,3.496016378412517,1892762156.5600111,65639427.443396226
2025-12-08,3.4168443338133043,1850541739.7540932,76086467.786751
2025-12-09,3.396718477496026,1839824034.7990773,83202842.26473992
2025-12-10,3.755755426831072,2040502545.2048297,104924244.32716864
2025-12-11,3.4528148402326764,1874989392.2863755,96163110.88426936
2025-12-12,3.415528567848762,1859970984.2242491,86250116.40353227
2025-12-13,3.223338884061831,1750546680.447812,69033688.87929264
2025-12-14,3.3059674078627825,1793896982.932096,40392309.949728794
2025-12-15,3.070572736995515,1669350225.4518385,50087793.91547614
2025-12-16,3.034507209078281,1649601247.4142585,100142077.0337615
2025-12-17,3.063659323502297,1665674367.8951628,66353855.288850546
2025-12-18,2.887562503248484,1571905808.4112115,72700250.44391775
2025-12-19,2.802394127700292,1523754997.7250752,75929567.57626538
2025-12-20,2.9467361160200825,1608610415.9037137,76946883.34825963
2025-12-21,3.420673970987073,1866079215.1517825,138672436.91732424
2025-12-22,3.0439968095803343,1661908381.2667797,106805371.39271168
2025-12-23,3.038578202187869,1658250318.1541102,100849505.19445576
2025-12-24,3.033128854657106,1652056583.3156445,74544303.95193003
2025-12-25,3.010991472919642,1642768012.788664,54429277.723694466
2025-12-26,2.9774862431043454,1626560756.3421843,58215854.4641046
2025-12-27,2.98598725759149,1630067368.6265347,50959520.63153791
2025-12-28,3.07531001878798,1676724310.1664364,50542504.518369526
2025-12-29,3.0367510308841488,1658296279.526409,43496506.487194486
2025-12-30,2.8818029800017984,1579264280.5704432,79666160.78892475
2025-12-31,2.832523882370956,1546709436.402337,57523806.92649679
2026-01-01,2.835011933898389,1548707034.3787372,100673635.53545134
2026-01-02,2.9971750271166986,1636701978.919601,126872268.5259635
2026-01-03,3.156219327082181,1722452254.7154295,82545910.56273682
2026-01-04,3.125010190417686,1706605738.6296952,63682718.42005516
2026-01-05,3.2620809240698754,1780485930.643934,73358869.88584556
2026-01-06,3.4178834442522743,1867141906.9800496,110444755.5343766
2026-01-07,3.386351896987952,1848745470.4550655,115918687.35581686
2026-01-08,3.2238505009645144,1760914548.495953,64971485.71901584
2026-01-09,3.174513546293921,1734154354.3911994,62923174.15930159
2026-01-10,3.1979759671402244,1747273236.82305,63747485.45319237
