date,prices,market_caps,total_volumes
2017-06-14,0.525974,1461960661.070642,14234600.0
2017-06-15,0.3561110793989174,989821529.3011082,10091380.144974928
2017-06-16,0.3503548019696739,973821781.8691767,10026298.954697376
2017-06-17,0.4464390568515033,1240890878.0327122,3304578.301916229
2017-06-18,0.4151839420357626,1154016339.903719,2571688.313422282
2017-06-19,0.4266344359708342,1185843334.5515585,3673600.7714096177
2017-06-20,0.4467814008244863,1241842433.472821,4015227.164447313
2017-06-21,0.4358710128642297,1211516679.7380092,4231829.032465467
2017-06-22,0.4478241360085018,1244740747.4939415,2546578.220657444
2017-06-23,0.4879118524745063,1356165769.387519,3824500.5984407584
2017-06-24,0.5236790457059197,1455581766.1121452,19678356.41910621
2017-06-25,0.481189648070507,1337481198.6780868,5120536.823174471
2017-06-26,0.4175906784442375,1160705936.6342735,9476059.9572958
2017-06-27,0.3926048588202191,1091257094.3437388,4398991.532379358
2017-06-28,0.3813823246024927,1060063720.6335644,4737544.451933332
2017-06-29,0.4197187570547784,1166620995.5768766,6015612.608960529
2017-06-30,0.4074233441436825,1132445523.0484962,5113210.793914461
2017-07-01,0.394011812604381,1095167764.9935982,2376737.0761433253
2017-07-02,0.3843532873533785,1068321601.5693164,2941757.1916584177
2017-07-03,0.3799489603938706,1056079641.409131,3859563.7445675167
2017-07-04,0.397664203282022,1105319695.4874482,3895271.088390371
2017-07-05,0.3811733435883868,1059482851.576285,3026100.771268668
2017-07-06,0.3550075851271893,986754333.555723,8208425.330381495
2017-07-07,0.2817887746384506,783240432.5170358,8706690.324674718
2017-07-08,0.3003207551790909,834750633.6337124,3183259.616576971
2017-07-09,0.3061627343760295,850988591.7242593,2486496.441399099
2017-07-10,0.2183408788146769,606885084.6822277,8263164.161212252
2017-07-11,0.1862398357829852,517659263.45975447,6914743.470557879
2017-07-12,0.2286734079486878,635604662.3101909,4659999.457896713
2017-07-13,0.217195254030203,603700785.9008273,4158654.9987639952
2017-07-14,0.1753914707257793,487505904.2622116,3319151.368455753
2017-07-15,0.1615128667552864,448929904.2404626,3974142.7545313328
2017-07-16,0.1805877824737632,501949210.1256417,4132694.7556697214
2017-07-17,0.2579691331396996,717033017.6410542,14926039.553279748
2017-07-18,0.2720360052413451,756132314.6346654,11632627.082816388
2017-07-19,0.2328115732946836,647106818.2054472,6358067.916056325
2017-07-20,0.2879075384924781,800247721.9438311,10147678.748986484
2017-07-21,0.2606537563620633,724495009.186059,6249637.946706828
2017-07-22,0.2703924048958806,751563877.7012976,4052627.212997297
2017-07-23,0.2683009588817338,745750640.169717,3014150.957226569
2017-07-24,0.2655279960938618,738043106.1271948,4449176.598061752
2017-07-25,0.2508492844601477,697243182.625862,2907131.181572032
2017-07-26,0.2698680891740422,750106526.2745949,4801876.705851743
2017-07-27,0.2735334760291463,760294580.0372667,3293400.0382365454
2017-07-28,0.2672507580698227,742831575.209779,2918007.307461198
2017-07-29,0.2757173930026539,766364843.400689,2733719.585505489
2017-07-30,0.254579331726859,707610961.9607072,3155898.268509504
2017-07-31,0.2505693402471933,696465069.2084045,2386674.229404239
2017-08-01,0.2897108784716671,805260160.0265315,5074110.223207437
2017-08-02,0.285873794870601,794594869.9589657,3369672.541893777
2017-08-03,0.332031456838549,922891489.1913544,8173556.449447992
2017-08-04,0.3928067370593724,1091818221.022944,20057986.854410645
2017-08-05,0.4082325826887162,1134694826.0905883,9031698.490532942
2017-08-06,0.4264182926974477,1185242557.7777135,6032735.201046199
2017-08-07,0.4683787626879209,1301872954.8051467,14495696.254750522
2017-08-08,0.5436678303415416,1511141198.3272214,21532585.790821187
2017-08-09,0.5423372162604663,1507442716.193886,13160093.28987144
2017-08-10,0.5618522612882024,1561685374.822587,15888453.167734936
2017-08-11,0.6431029650051545,1787524166.3189163,43354832.4467582
2017-08-12,0.7159427390434946,1989984524.06536,19969485.66024928
2017-08-13,0.8073756717991489,2244125129.5232034,40696950.87326796
2017-08-14,0.9480535791356084,2635143633.1139603,51201264.36637662
2017-08-15,0.9119226152486783,2534716524.8362594,84390037.92514446
2017-08-16,1.0337334492545929,2873293426.753185,50608476.91662356
2017-08-17,1.0486757962948452,2914826132.8506613,52999285.53926785
2017-08-18,0.8681419541941078,2413026851.6253214,57600769.438856594
2017-08-19,0.8718410767739148,2423308674.856424,54596182.5349594
2017-08-20,0.9922002577132716,2757850663.114443,36714102.639392346
2017-08-21,0.8975710372391082,2494825879.149822,32527784.17667029
2017-08-22,0.8377886296648798,2328658866.906605,25860837.996559903
2017-08-23,0.8411150520252182,2337904758.5912147,26828420.57357716
2017-08-24,0.8783527549833112,2441408081.6325927,16470835.996602483
2017-08-25,0.9036309325494905,2511669541.676839,17728065.262728114
2017-08-26,0.9461754457817232,2629923304.581324,15898235.716277707
2017-08-27,0.8979366627885944,2495842146.436857,17229069.365102034
2017-08-28,0.8586245749797625,2386573007.884254,23610794.121404663
2017-08-29,0.7967210889762756,2214510393.914296,27824289.650077023
2017-08-30,0.8674499377200696,2411103370.8793974,17191516.97240684
2017-08-31,0.8391034985956317,2332313584.917806,14921312.00527359
2017-09-01,0.7967078845725108,2214473691.8741627,27390417.407751344
2017-09-02,0.6877585048011785,1911645591.4856768,38670480.72692915
2017-09-03,0.7486774228846793,2080971569.1063635,29598585.49944077
2017-09-04,0.5584338924139874,1552183915.018242,73266218.24489449
2017-09-05,0.6254648463532773,1738498481.3908763,46642267.91767653
2017-09-06,0.737059016960866,2048677858.0009377,32740903.242307764
2017-09-07,0.6396099567015736,1777815243.9603424,30886153.67670105
2017-09-08,0.5388339708072032,1497705339.367759,48411550.050074585
2017-09-09,0.5577374921757726,1550248249.4670355,15112766.500702968
2017-09-10,0.4919157701561642,1367294779.8343265,32378416.505503777
2017-09-11,0.5560680140389448,1545607884.4289162,23500297.760828707
2017-09-12,0.5910018304764716,1642707485.1177852,43190034.891863495
2017-09-13,0.5657505481842064,1572520781.3018525,32222410.105689976
2017-09-14,0.4458679940457902,1239303591.6707375,25931020.33063772
2017-09-15,0.4815407104354035,1338456987.152538,42506125.38961478
2017-09-16,0.4847720926919722,1347438711.99062,13407793.613287594
2017-09-17,0.4916411860999592,1366531565.1348753,7462906.327552869
2017-09-18,0.6043652737828675,1679851580.4730663,28413784.61823472
2017-09-19,0.5675064641366845,1577401402.866168,12931996.11310785
2017-09-20,0.5670548656925344,1576146171.314897,8714379.322175354
2017-09-21,0.4991343062442726,1387358919.4901516,18420223.08695085
2017-09-22,0.508526781624449,1413465589.2416835,8840371.309277095
2017-09-23,0.5411776730901925,1504219730.837664,8213221.961135507
2017-09-24,0.521244957763589,1448816144.9649515,9173527.060293168
2017-09-25,0.5532137700198038,1537674426.7426422,10444203.224149784
2017-09-26,0.5108365727110904,1419885723.5144072,14493831.826791808
2017-09-27,0.5470737762469999,1520608128.1137023,12021393.121680208
2017-09-28,0.5882891942199227,1635167630.4959438,23523237.381333426
2017-09-29,0.5806430185998361,1613914853.810777,16578710.10027172
2017-09-30,0.6192993948114132,1721361422.121896,20843002.19583524
2017-10-01,0.6042672207248865,1679579039.029067,7792447.767986277
2017-10-02,0.5682452786836327,1579454960.2729316,12359284.804020455
2017-10-03,0.5582730128355569,1551736745.358078,11977084.055262446
2017-10-04,0.545627582210418,1516588387.993929,7739496.061382838
2017-10-05,0.5378789755207214,1495050901.0488608,6211904.809326782
2017-10-06,0.5028535248451819,1397696600.220476,11125164.4471199
2017-10-07,0.537695232506236,1494540181.7758088,8467156.486788772
2017-10-08,0.4986932261943245,1386132924.1340938,8393405.869049318
2017-10-09,0.4654255985238972,1293664545.5805724,16713129.707587896
2017-10-10,0.4754618442707904,1321560594.561692,6296954.192668007
2017-10-11,0.4791750195234129,1331881477.6224425,5608534.055918444
2017-10-12,0.408414665518023,1135200930.828661,15767039.50527109
2017-10-13,0.44231710073873,1229433776.192062,13971819.830421347
2017-10-14,0.4547581893876871,1264014158.8453257,10608132.025448335
2017-10-15,0.4386468795627884,1219232285.2882242,7536194.942527921
2017-10-16,0.4456957665214809,1238824880.051354,6458553.760325974
2017-10-17,0.4878853918904495,1356092221.392827,9661821.981329735
2017-10-18,0.4560097961972479,1267493037.874909,10440651.98620894
2017-10-19,0.4302395142054203,1195863758.6771743,10231195.777986055
2017-10-20,0.4011346076151949,1114965789.4257567,15666435.986626504
2017-10-21,0.3978959611271797,1105963873.4363868,18750503.245779477
2017-10-22,0.3829857889016478,1064520598.2107756,7541209.804292775
2017-10-23,0.3890552667324838,1081390895.6435814,10570748.348551232
2017-10-24,0.4559219647252135,1267248907.638589,44636994.39031052
2017-10-25,0.4436563814149938,1233156347.3891735,11315996.108916178
2017-10-26,0.4286335508975682,1191399935.0296128,7524266.030397117
2017-10-27,0.4228706297893336,1175381721.2907343,7390301.97602405
2017-10-28,0.3934349716432369,1093564418.0736232,7017175.752765925
2017-10-29,0.4000647561095624,1111992104.7675378,13669118.405205896
2017-10-30,0.4080336100947883,1134141775.7402785,6934199.768645929
2017-10-31,0.3894567209237596,1082506749.7254696,6151365.475002833
2017-11-01,0.3643709176180482,1012779999.7638632,9712124.882920025
2017-11-02,0.3689756230769788,1025578918.0312562,19208190.79078968
2017-11-03,0.3763965070013998,1046205489.6258124,10770976.815909283
2017-11-04,0.3686023092233864,1024541280.8701326,6972707.724170391
2017-11-05,0.3511704638406726,976088938.740306,11306625.196260937
2017-11-06,0.3776689711728626,1049742342.3244256,11566757.729226552
2017-11-07,0.3836401326825004,1066339366.565148,13475441.731594335
2017-11-08,0.4735962093364323,1316375005.764621,40935830.84903686
2017-11-09,0.5474513596690009,1521657632.669513,66685088.21456687
2017-11-10,0.5046472386184011,1402682281.9721727,41241374.82119917
2017-11-11,0.5896190354260673,1638863964.400004,32662945.402731087
2017-11-12,0.6276363989870447,1744534377.6975613,6928444.510731815
2017-11-13,0.5958140242905696,1656083123.551736,5626522.349465924
2017-11-14,0.614859596081706,1709020867.10225,34782794.8340368
2017-11-15,0.781975416962505,2173524352.00883,85974208.618042
2017-11-16,0.819160759628336,2276882138.03224,131601255.907948
2017-11-17,0.801492760899192,2227773400.52458,103588988.529954
2017-11-18,0.826892694107713,2298373284.06384,58214415.0217866
2017-11-19,0.867972010047592,2412554486.72366,61587554.0661085
2017-11-20,0.972690143934054,2703621711.04033,92378924.6935141
2017-11-21,0.891487288220352,2477915914.51802,124685813.545381
2017-11-22,0.900951114055867,2504220905.02087,69666029.2814214
2017-11-23,0.806081894668057,2240529036.80788,62035710.395974
2017-11-24,0.786186606546298,2185229480.98444,113552047.083263
2017-11-25,0.805959597452758,2240189107.99443,64541840.0478621
2017-11-26,0.816111222346097,2268405856.80712,44061864.3798963
2017-11-27,1.06725422294867,2966465432.34546,175134781.661851
2017-11-28,1.49755673203821,4162504287.21072,398894730.06691
2017-11-29,1.28284250403447,3565699588.28335,234330861.09598
2017-11-30,1.33419283323744,3708429383.34503,165850017.76621
2017-12-01,1.4394677076989,4001044084.94969,126857563.982416
2017-12-02,1.42407431304642,3958257678.35495,101298258.490254
2017-12-03,1.84539957085315,5129343991.42153,312598945.250973
2017-12-04,2.69257782956709,7484101616.61614,885331216.461983
2017-12-05,4.05042957908123,11258291674.2152,535411740.580078
2017-12-06,4.485304635123,12467040061.8046,1393660755.7598
2017-12-07,4.4374639009434,12334065292.3915,288302510.642438
2017-12-08,5.04072299145655,14010842202.9678,784267757.54378
2017-12-09,4.60055781568324,12787389767.3839,531272506.82956
2017-12-10,4.14878496513086,11531673448.2363,519177960.112501
2017-12-11,4.28832719284056,11919535295.9127,363962386.007607
2017-12-12,4.61500611238906,12827549245.6155,276762776.158147
2017-12-13,3.98621135486798,11079795175.294,166000758.947439
2017-12-14,3.64072613378932,10119508540.9769,458814170.524834
2017-12-15,3.89784780955001,10834186025.1695,348425252.105381
2017-12-16,3.64149155686922,10121636057.6068,135487239.965037
2017-12-17,3.73880043385009,10392109027.9799,257619045.344225
2017-12-18,4.22081187733437,11731874431.897,399819648.351533
2017-12-19,5.24877896164622,14589140072.669,827851435.246238
2017-12-20,4.98502544723458,13856029192.1141,493422513.496999
2017-12-21,4.88904249063483,13589241657.5932,335234923.433653
2017-12-22,3.4588278217627,9613916674.27234,789816042.866273
2017-12-23,3.91648466372785,10885987725.7366,57816645.515509
2017-12-24,3.73152859013103,10371896718.1495,81355797.8803523
2017-12-25,3.53668930601737,9830335027.63753,151229352.379536
2017-12-26,4.02802986050207,11196030978.0938,104951288.36849
2017-12-27,3.82707800342247,10637479205.9159,291129299.663171
2017-12-28,3.92214290318914,10901714973.6678,90305791.3371896
2017-12-29,3.77207224982395,10484589048.0496,176836597.299291
2017-12-30,3.62708312232684,10081587377.4657,133229103.64798
2017-12-31,3.80833550971746,10585383877.0839,97507650.076423
2018-01-01,4.07900560405535,11337719600.9985,248075725.693512
2018-01-02,4.09472816625875,11381420938.7693,259264525.472894
2018-01-03,4.2054272954489305,11689112520.65509,193075804.29015103
2018-01-04,4.230484023783752,11758758455.854631,368215038.191516
2018-01-05,3.989500199018943,11088936617.20768,215905086.3608129
2018-01-06,4.182327600027111,11624906217.702065,157072622.67686814
2018-01-07,4.214419363400607,11714106245.833569,239465827.51776835
2018-01-08,3.963550948104509,11016809888.469845,219387882.77985224
2018-01-09,3.705026433719084,10298233171.837685,156810612.55665812
2018-01-10,3.854937545685532,10714915647.306631,179330794.39627385
2018-01-11,3.442393432341802,9568236791.194351,173989090.61533064
2018-01-12,3.829615080848139,10644531089.450895,92358384.34217976
2018-01-13,4.083252126714073,11349522939.325918,140888172.5915463
2018-01-14,3.8470584752490713,10693015532.4266,94099427.90351744
2018-01-15,3.6292090384486286,10087496425.705276,70203843.20961435
2018-01-16,2.6202345316645985,7283021229.324074,210352412.02546072
2018-01-17,2.754497625422884,7656209564.314496,194065085.67315292
2018-01-18,2.786987419783953,7746515931.62953,98331661.71519864
2018-01-19,2.711653589867307,7537123270.041842,87029224.28698517
2018-01-20,3.0639775940360376,8516418509.056647,90276703.28436922
2018-01-21,2.7930999933778944,7763506015.0409565,65702413.60579474
2018-01-22,2.4500301621101683,6809933029.848612,92803606.78489484
2018-01-23,2.5172855410363386,6996871392.268542,61364708.10958023
2018-01-24,2.4317778279494133,6759200114.313358,54895610.52790986
2018-01-25,2.3701331777387544,6587856942.26789,45073570.83972471
2018-01-26,2.3618379996081145,6564800243.450896,45974142.49173045
2018-01-27,2.467108702515534,6857403350.094764,38059444.16989192
2018-01-28,2.530853091864237,7034582810.660829,41480246.7307464
2018-01-29,2.5460297818319284,7076766880.0217285,49985009.25718993
2018-01-30,2.492011052754345,6926620186.701413,48533362.93317001
2018-01-31,2.2047791799218315,6128250497.920636,74786665.98543116
2018-02-01,2.2742875734629515,6321451182.690861,35343855.87615652
2018-02-02,1.905688442316866,5296918735.382828,92302690.28250577
2018-02-03,1.823494564436977,5068458362.738474,113371266.00606364
2018-02-04,1.952280090557648,5426421632.602964,59558021.4334118
2018-02-05,1.767935900043136,4914031372.572758,50003836.72536495
2018-02-06,1.4114734766220238,3923233271.922208,56043518.90670365
2018-02-07,1.649825159759623,4585738993.207185,82573252.5248283
2018-02-08,1.5957219192608962,4435357397.832541,65247491.35335877
2018-02-09,1.7870282525500585,4967099144.539459,28306350.195554465
2018-02-10,1.9332664258990648,5373572575.893626,38424998.01101031
2018-02-11,1.827880158924166,5080648255.424572,44793395.26082815
2018-02-12,1.6966827443497323,4715981068.563628,29630464.198299877
2018-02-13,1.863156201459192,5178699083.915072,24410672.662257776
2018-02-14,1.8206096272255337,5060439592.394712,22316740.84785115
2018-02-15,2.044176453911839,5681850357.443512,43339853.53458428
2018-02-16,2.108789678574327,5861444772.075179,45859177.26565471
2018-02-17,2.113867976789682,5875560055.750862,30916262.324597716
2018-02-18,2.1951827524857173,6101576937.253345,25522942.41274053
2018-02-19,2.000554430817032,5560601623.2457695,25415733.73331321
2018-02-20,2.0726920945376066,5761110444.101976,23054127.480190556
2018-02-21,1.8928466484389004,5261224580.410978,32497258.504468508
2018-02-22,1.6096823978814971,4474160970.9236765,39332075.945619404
2018-02-23,1.609226386084701,4472893472.325076,40463656.30391233
2018-02-24,1.73808556471682,4831061461.575558,24537948.93290288
2018-02-25,1.733789974832245,4819121739.408032,27653605.294129744
2018-02-26,1.8213780108381272,5062575337.914877,65393293.02796395
2018-02-27,1.8640077432546776,5181065970.122866,28462673.746733136
2018-02-28,2.0120289905033863,5592495509.378081,46357545.906692274
2018-03-01,1.8630443878038527,5178388294.474005,26671768.43724527
2018-03-02,1.9839439751523495,5514432358.711356,32767902.249599315
2018-03-03,1.9275454732327144,5357671014.709895,18304814.79221412
2018-03-04,1.8397925055563813,5113758983.630408,15656128.248631436
2018-03-05,1.8816589196584976,5230127949.467859,19909026.871742107
2018-03-06,1.8663626091152936,5187611391.094851,13704038.637122026
2018-03-07,1.6928628756240789,4705363627.76359,52288491.141992025
2018-03-08,1.5453288841377308,4295288430.655421,61126091.50052776
2018-03-09,1.4017906877139072,3896319666.9282017,28744795.68210744
2018-03-10,1.3814677018053514,3839831312.154388,50171585.40659325
2018-03-11,1.3033318476328004,3622650339.293711,21375849.84594849
2018-03-12,1.392717330870921,3871099996.814656,24977515.911364865
2018-03-13,1.3420432407276237,3730249828.697889,21835220.355813667
2018-03-14,1.3125684082569944,3648323639.2594233,16798928.016350437
2018-03-15,1.1208374707500928,3115401692.27101,34238908.292819254
2018-03-16,1.1044544410689927,3069864565.145104,38086510.675002284
2018-03-17,1.1334896558311796,3150568823.850012,26066171.23471697
2018-03-18,1.1448227788780565,3182069582.559771,34008037.11900782
2018-03-19,1.2296336465288835,3417803957.52275,103474523.9102222
2018-03-20,1.32874828414201,3693296094.257005,50725850.29023983
2018-03-21,1.4277410214282706,3968449405.34123,52213309.98569538
2018-03-22,1.3760637800997833,3824810948.1268,50677718.96178937
2018-03-23,1.3255533816825658,3684415766.119749,29992903.14555237
2018-03-24,1.3382846595262723,3719802738.427619,25342221.03833897
2018-03-25,1.3269770737217546,3688372961.25634,25887922.811400145
2018-03-26,1.326878652550115,3688099396.62928,23057869.977513608
2018-03-27,1.240119914437959,3446950856.731676,27524257.43781187
2018-03-28,1.178584340689225,3275910866.0152893,24338634.99658507
2018-03-29,1.1865215048070397,3297972454.041897,16625977.52942028
2018-03-30,1.0957203903666877,3045588006.72479,33556429.078672715
2018-03-31,1.1152618278714108,3099904024.04252,32511440.87442541
2018-04-01,1.0802271128105392,3002523972.5745506,22354084.89702653
2018-04-02,0.9944075887944523,2763986006.699192,30302213.656934656
2018-04-03,1.0336149645979948,2872964095.0621,20835552.92875297
2018-04-04,1.1148942242848805,3098882258.741619,24917021.384375576
2018-04-05,0.9922698206383525,2758044015.371279,16039298.415596256
2018-04-06,0.9898599071605134,2751345587.880216,14799706.333194984
2018-04-07,0.9359517043988688,2601506105.80212,12934855.375755602
2018-04-08,0.9819166802788653,2729267148.2179346,13007804.805353252
2018-04-09,1.0170874308001523,2827025314.367691,22264336.274349924
2018-04-10,0.989854003951485,2751329179.731954,24501962.088444453
2018-04-11,1.0084912062836824,2803131848.004695,20605372.924303275
2018-04-12,1.0644360708361034,2958632293.2064824,23244372.97018712
2018-04-13,1.3396580060317564,3723619996.628664,81398117.46668063
2018-04-14,1.3133260380943166,3650429494.3355646,87599726.2011407
2018-04-15,1.4274476835657204,3967634063.869121,47125576.5232553
2018-04-16,1.6367800659555845,4549479759.934284,131555344.5714053
2018-04-17,1.6181466970517748,4497687746.791835,85147750.9245445
2018-04-18,1.538220048011253,4275529205.364991,55464880.04829067
2018-04-19,1.6783835637715567,4665117941.992504,58575114.20837444
2018-04-20,1.772805726991547,4927567204.048835,66262355.73624865
2018-04-21,1.9830417489949816,5511924593.784837,100796031.39541948
2018-04-22,1.9191253506732835,5334267029.069385,79226123.37193285
2018-04-23,2.0029418829545462,5567237618.761203,94368652.8583286
2018-04-24,2.1261430190239508,5909678907.366117,93925581.18538828
2018-04-25,2.15715215559985,5995869741.528511,95195546.2760039
2018-04-26,1.7781579591649204,4942443895.456374,151233378.39660612
2018-04-27,2.036302282694168,5659963860.0904665,84866757.10653926
2018-04-28,1.9009069860395549,5283628532.8632,67100332.44048522
2018-04-29,2.0244722458892435,5627081914.542173,69752524.62046735
2018-04-30,2.034096080623,5653831654.623239,81325137.64887461
2018-05-01,1.9570638409938503,5439718211.8067045,60541753.67682716
2018-05-02,1.967796272818656,5469549331.073985,65539237.12047957
2018-05-03,2.244800233433882,6239490228.114944,166207836.47922093
2018-05-04,2.569133657762789,7140984802.82623,132749057.70459484
2018-05-05,2.4612397683751945,6841090469.922759,148791896.74102792
2018-05-06,2.375238453281664,6602047210.242466,100350936.11299989
2018-05-07,2.2976160837649195,6386293483.532458,113304841.44585976
2018-05-08,2.250336170106917,6254877532.36747,109282992.18109518
2018-05-09,2.447424272792272,6802689882.255171,262042481.33444497
2018-05-10,2.272291493550127,6315903018.757031,95697958.59837154
2018-05-11,2.1305892434253333,5922037323.326568,72716541.05484456
2018-05-12,1.843684327754081,5124576421.79707,133189268.22078907
2018-05-13,1.9061312045236165,5298149406.874106,87853354.93087548
2018-05-14,1.9936662134182217,5541455614.94365,60476131.076891735
2018-05-15,1.9531227780937277,5428763908.671105,76136747.2817733
2018-05-16,1.997276670513397,5551490989.776166,96991381.48986337
2018-05-17,1.892456645027602,5260140554.644452,67074253.57920877
2018-05-18,1.725980106640309,4797413974.741718,72592206.42082351
2018-05-19,1.7569744714594593,4883563750.367505,57221244.6377321
2018-05-20,1.7382999309679206,4831657299.544976,47543431.25122441
2018-05-21,1.8124065421157356,5037638869.421417,45174171.93083807
2018-05-22,1.7191875675249055,4778533906.570106,46949384.50475338
2018-05-23,1.6293042503146635,4528700504.422777,47664394.05379502
2018-05-24,1.4786727078911934,4110015570.639903,80338899.55209054
2018-05-25,1.526125060105869,4241910820.633355,64923704.64562007
2018-05-26,1.4865778242423469,4131988080.930768,57456206.53320086
2018-05-27,1.479725844004289,4112942794.3586655,43723076.94246374
2018-05-28,1.4564559419095864,4048263396.79753,48909736.10784636
2018-05-29,1.3484384794806976,3748025588.853616,47535678.727585614
2018-05-30,1.5880706013884598,4414090328.54235,108792920.62423716
2018-05-31,1.5723937253326377,4370515976.798,77453230.79934971
2018-06-01,1.749236880586796,4862056882.217324,122525767.69079414
2018-06-02,1.9242675767019883,5348560002.572688,140720675.92928737
2018-06-03,1.8852085317483236,5239994204.288069,107465575.08476391
2018-06-04,1.7992617209098527,5001102440.811395,149675033.1606991
2018-06-05,1.7202526280616828,4781494274.585602,100689967.09670906
2018-06-06,1.7400974661218336,4836653602.940535,82046274.35794306
2018-06-07,1.692406532588437,4704095208.946672,72904562.85970102
2018-06-08,1.6803675201507022,4670632409.295231,63947290.20551095
2018-06-09,1.6968404517552351,4716419421.544394,59447058.56998336
2018-06-10,1.6162666978700435,4492462232.583134,70249873.50758505
2018-06-11,1.368226314760539,3803026476.254448,123621197.8506742
2018-06-12,1.4556185525951375,4045935847.839127,75608306.08430012
2018-06-13,1.2674364150842132,3522877897.8555727,79939457.42758879
2018-06-14,1.2053892459800415,3350415912.3388715,89123235.1114656
2018-06-15,1.276833176525162,3548996480.8454266,90225526.36543162
2018-06-16,1.1860059721296594,3296539515.6826687,64923200.28847991
2018-06-17,1.197302517735173,3327938606.289622,49901590.07581116
2018-06-18,1.165153399339761,3238579158.128892,50740004.36695554
2018-06-19,1.1762487601455192,3269419049.49239,79099358.402804
2018-06-20,1.1736082331823352,3262079624.8344088,67897323.88595884
2018-06-21,1.1588170236660928,3220967010.057707,63228069.26606108
2018-06-22,1.154035998847404,3207678006.7890587,47840640.802718826
2018-06-23,0.9819886097571658,2729467078.65387,82998317.19209981
2018-06-24,1.0410091616922377,2893516490.093169,57141499.8376892
2018-06-25,0.9792957338942936,2721982148.643909,71877181.58857913
2018-06-26,1.0169970321977888,2826774048.997362,56359859.32708384
2018-06-27,0.942816167501708,2620586089.134876,41341162.35453685
2018-06-28,0.9844556838865898,2736324385.907695,44883968.46895452
2018-06-29,0.9180961394412884,2551876022.537463,40443604.99175091
2018-06-30,0.9589948992763851,2665555364.047619,51590238.56337958
2018-07-01,1.007099755833927,2799264269.622039,48196014.50244593
2018-07-02,1.0613367937148497,2950017758.8873463,57179106.40044364
2018-07-03,1.16259914745365,3231479537.660327,69666325.09478182
2018-07-04,1.138835378617676,3165427422.535925,71832345.12637955
2018-07-05,1.2016807686004127,3340108087.1573424,62392593.71337415
2018-07-06,1.1538665308550724,3207206965.372327,64725315.53552843
2018-07-07,1.0580434402300736,2940863783.142873,62707310.7425148
2018-07-08,1.1017523163160423,3062353927.8718586,47766907.97426277
2018-07-09,1.0827885695688633,3009643619.5036645,46140708.40011413
2018-07-10,1.037340931838363,2883320534.1283016,41458550.87825339
2018-07-11,0.9562045958961238,2657799631.30265,48915138.01110944
2018-07-12,0.9997705381428796,2778892487.0970383,38964317.99647442
2018-07-13,0.96073861289017,2670402068.8424973,37304050.390231386
2018-07-14,0.9615294860678816,2672600324.7901797,32582019.04212436
2018-07-15,0.9710781074398253,2699141007.0570493,22837233.872904528
2018-07-16,0.9979120529037292,2773726771.093795,28627872.98915838
2018-07-17,1.0862769080892352,3019339562.059362,50874566.04979819
2018-07-18,1.1253245298869707,3127873609.336145,59228582.58694847
2018-07-19,1.0832718286250853,3010986852.685102,59928170.51577552
2018-07-20,1.0446140034401097,2903536256.897804,41418326.97527593
2018-07-21,0.9618332504359574,2673444647.050226,44347264.123645
2018-07-22,1.0040709150031486,2790845514.8096623,31406538.517044984
2018-07-23,0.9777265100580412,2717620443.4698043,28963988.667539645
2018-07-24,0.934769739102359,2598220797.726659,37756905.21148556
2018-07-25,0.9846667205806706,2736910968.7897754,42594043.0037567
2018-07-26,0.9851250196883352,2738184825.038328,36134616.85844507
2018-07-27,1.0118445510505516,2812452571.6145983,49241396.47640494
2018-07-28,1.0091306466834755,2804909192.240391,44073676.37188704
2018-07-29,1.024425638065211,2847422083.9683967,37054072.04750259
2018-07-30,1.008508123215478,2803178869.409041,30128267.95849261
2018-07-31,0.9778178379661612,2717874292.1561317,32654899.07587901
2018-08-01,0.9431266608856382,2621449114.898267,35518614.58096113
2018-08-02,0.9229408106353936,2565341932.834001,32971180.91963572
2018-08-03,0.8856021108797612,2461557886.1250057,32352029.06970674
2018-08-04,0.9645070051470788,2680876429.2398443,125201258.1518307
2018-08-05,0.8536361718981724,2372707590.6922708,56718567.1646546
2018-08-06,0.9108708496590442,2531793110.782258,64308152.791059576
2018-08-07,0.800947112355396,2226256754.0956984,62708232.55462316
2018-08-08,0.7311001820977392,2032115096.250552,99302459.54156338
2018-08-09,0.6112060875770008,1698865829.743993,66194679.096256845
2018-08-10,0.6395590726759646,1777673810.447886,48871260.114025936
2018-08-11,0.5750882832802732,1598475298.935739,53962361.86970931
2018-08-12,0.5210052411024603,1448149845.3907197,46344812.20642423
2018-08-13,0.5390394455593303,1498276462.8134124,31759020.45606427
2018-08-14,0.46208554425294,1284380763.7159326,36427798.13265437
2018-08-15,0.4415531120384844,1227310246.5865057,41675046.35908854
2018-08-16,0.4434876855975873,1231901687.6874957,40404453.93401092
2018-08-17,0.4639998401382575,1289489905.5671606,31629819.869037297
2018-08-18,0.5580762085494427,1550923965.8936534,58710664.30587659
2018-08-19,0.4941874662114401,1373605390.949484,43646375.08829245
2018-08-20,0.5386505962253295,1496324556.5005505,47522747.70626319
2018-08-21,0.5017812389715014,1394716149.3019233,36215886.66941928
2018-08-22,0.5190159053039051,1442363533.35036,30542334.395048708
2018-08-23,0.474984976511152,1320235126.3147233,41407771.72782932
2018-08-24,0.5063973186395878,1407443474.8845491,31165734.24838748
2018-08-25,0.5198207862479255,1445028485.3342314,29899160.294820957
2018-08-26,0.5410813000282138,1504495500.8554404,31425521.30421168
2018-08-27,0.576913020702692,1603547211.8603823,35215496.73375526
2018-08-28,0.6721386309967675,1870888990.799177,95831820.28467786
2018-08-29,0.7684113129897124,2137092282.3215363,131430106.54460847
2018-08-30,0.7258418397493591,2017832341.843783,88910916.79949002
2018-08-31,0.7177235739174092,1994934408.7257836,78091275.82295044
2018-09-01,0.7106835316098474,1972228480.935728,55394794.68037603
2018-09-02,0.740638549638664,2058484391.5459807,51991554.02460163
2018-09-03,0.7141658345234134,1984156952.355245,41652016.58764111
2018-09-04,0.6986350015625741,1941540197.6336987,39799357.35428564
2018-09-05,0.7032736596599299,1966423330.9481409,44181748.76408801
2018-09-06,0.5782993693047067,1613849988.0694404,52244992.70141653
2018-09-07,0.5996914835264167,1656715784.6182663,51725895.35641348
2018-09-08,0.5678005220269126,1576932943.666464,36725558.084739365
2018-09-09,0.5312948680865621,1476751398.7082283,32791563.877408627
2018-09-10,0.5562911445263123,1547947099.546579,35615643.08873374
2018-09-11,0.5659527849983207,1573082904.80822,35633642.255631685
2018-09-12,0.544821559992621,1514307585.8438137,34719685.20991548
2018-09-13,0.5482785185117736,1524306291.3316936,34606574.45562027
2018-09-14,0.5766521189557019,1603989038.7306738,33618907.40192428
2018-09-15,0.5729445312032632,1591547570.173271,28505929.953567665
2018-09-16,0.5746442199958806,1597591603.7236154,21958056.39707444
2018-09-17,0.5786638066679687,1608413574.4704063,20792727.591232136
2018-09-18,0.5338669255028985,1483897088.5825555,26385386.483830933
2018-09-19,0.5359214822643842,1489390807.9877973,37313844.0457277
2018-09-20,0.5303054902170851,1472598010.2028358,28266207.15696324
2018-09-21,0.5698957208438946,1584451153.8714275,31029269.850193936
2018-09-22,0.6313484013255366,1754852000.7833302,50718876.50023327
2018-09-23,0.6086982339279933,1691895174.580548,32358260.469358355
2018-09-24,0.6120512843392037,1697748406.7312653,26154730.92968823
2018-09-25,0.5583879131115606,1552105489.6515992,55934100.8670948
2018-09-26,0.5670992307229372,1575705776.8228824,30447397.867767327
2018-09-27,0.5531921634954766,1537722265.0573645,20974938.70125356
2018-09-28,0.5845808613745324,1624743789.3623042,30372898.29321388
2018-09-29,0.5706549182332394,1586152626.5306835,23896051.108651157
2018-09-30,0.5654046411538488,1571585162.6859522,16688497.444210475
2018-10-01,0.567692256096113,1577917817.40142,18572994.009029925
2018-10-02,0.5620968432804253,1567942549.6909568,21234094.36193689
2018-10-03,0.5590678282564387,1552915233.78806,19264336.00340368
2018-10-04,0.5544848929979642,1544132071.2266152,17585551.207311846
2018-10-05,0.5563660405347136,1546436258.253579,21608990.42974
2018-10-06,0.5759486902189348,1600492174.1630993,20056323.07826166
2018-10-07,0.5650716697150904,1570641241.6214015,16939234.441990133
2018-10-08,0.5728215314243064,1591391507.178975,16031018.861044252
2018-10-09,0.6004065372893445,1668848152.6736712,27896632.831156045
2018-10-10,0.5908402173690921,1642216986.1487803,23203885.459366277
2018-10-11,0.5854892591530252,1627644245.7803628,22015680.04521503
2018-10-12,0.4837756028216744,1344668938.3537982,41415011.02689773
2018-10-13,0.4910281546500125,1364827625.7917054,19234655.92584586
2018-10-14,0.4894595224843811,1360467565.1840093,15388663.987206088
2018-10-15,0.4865853677956432,1352368452.849116,15441836.251810836
2018-10-16,0.5105165561138992,1420346694.394861,37048552.83990544
2018-10-17,0.5096037638222344,1415117240.9494238,15073567.50862518
2018-10-18,0.5207244834854502,1448469622.038473,20682913.742980864
2018-10-19,0.4981967410758814,1385113151.1195328,21231568.61935952
2018-10-20,0.4929985270653663,1370461692.5387356,16136705.352567954
2018-10-21,0.5010156159062598,1392720367.4407732,19009445.437786967
2018-10-22,0.496543583431335,1380137355.339865,17301851.893119536
2018-10-23,0.4945961196643458,1374744892.5987206,12017520.86278166
2018-10-24,0.4950537064246161,1375662226.2124677,9256162.423365887
2018-10-25,0.4928752180695709,1369856353.98426,5761165.289209116
2018-10-26,0.4944191704391529,1374493250.8600545,7830272.273207039
2018-10-27,0.4906795779581264,1363484289.2423117,7736865.34974955
2018-10-28,0.477289089207651,1326651376.4821527,7208448.191984618
2018-10-29,0.4812960379494546,1336867304.793654,6207126.587983343
2018-10-30,0.4470427264910207,1242603665.601303,10820603.798984114
2018-10-31,0.4515570971154874,1255344497.6946568,4203945.91709988
2018-11-01,0.4675993502674025,1299787053.724569,8606870.340124333
2018-11-02,0.4736239518986306,1316785837.0747747,7162707.301073351
2018-11-03,0.4853687447171431,1349179073.2890563,10974737.41880693
2018-11-04,0.4776273048759811,1327621667.3976867,5096670.911451406
2018-11-05,0.4884175628647055,1357570825.186949,12347371.064451324
2018-11-06,0.5017240946083458,1394557314.8140135,8146569.576612354
2018-11-07,0.5160722991964436,1432888146.5098894,12201353.496440236
2018-11-08,0.504159990514655,1400577580.5583415,12671911.56709569
2018-11-09,0.4841326628626147,1345843311.355129,12350299.831937011
2018-11-10,0.4778692721780971,1327517059.1100297,8504915.76967124
2018-11-11,0.4859300514366197,1350712868.9994063,6776117.619842762
2018-11-12,0.4837426530417752,1345126374.2601595,4051188.0958277136
2018-11-13,0.494166141948924,1371023363.124122,12188231.347166236
2018-11-14,0.496601933543226,1381159563.6175878,11531125.220898315
2018-11-15,0.4382066485311572,1213693772.1853368,31026002.984737124
2018-11-16,0.425916442591122,1183424760.9497828,22486060.849589966
2018-11-17,0.4147462352767818,1152844998.1708906,8110616.930135865
2018-11-18,0.4104615718948834,1140938325.169865,5002129.839691183
2018-11-19,0.4133904176804189,1149031184.759567,5378576.003260865
2018-11-20,0.3564390282406078,991745290.9557296,18555680.41589641
2018-11-21,0.3022286980903165,832831279.9299277,27270012.57021301
2018-11-22,0.3324979302126978,926421058.9258932,14035210.87964646
2018-11-23,0.3085075706447882,863357986.4529029,8767159.504337702
2018-11-24,0.3195765278105309,888371892.297589,11238254.523383804
2018-11-25,0.2825995616693831,785648791.8102283,12383916.302752938
2018-11-26,0.2893577346837814,804278586.2542224,19179811.314624097
2018-11-27,0.2749296920220873,764979402.7102637,15267769.40193168
2018-11-28,0.2707815367585897,752300953.4658486,9270152.5365143
2018-11-29,0.3011971331005891,841718217.498951,15308059.53665232
2018-11-30,0.3060577954711271,850604793.6510437,11409806.973018982
2018-12-01,0.2865276162515938,796043473.1347679,9576621.245388456
2018-12-02,0.301328674197004,838408133.8572031,6728070.034254208
2018-12-03,0.2954708656344297,820890723.1428795,6965749.503344843
2018-12-04,0.2750984847335711,763980610.4611287,9385998.925784118
2018-12-05,0.2751995560517372,764290423.6269157,5673112.776720804
2018-12-06,0.255507854996174,711309074.4794966,5591589.116818174
2018-12-07,0.2313992565344687,634440068.1623405,7182801.400911721
2018-12-08,0.2321047960920108,644517060.481699,12114936.299884878
2018-12-09,0.2243299790513313,625476524.9999183,5186374.834297468
2018-12-10,0.2359217040173223,655873404.2256277,4681164.173476438
2018-12-11,0.2295465216295472,638385929.0975177,3604746.083339844
2018-12-12,0.2227488781357872,619497840.2612078,3665534.1570369457
2018-12-13,0.2307268858622468,640885886.1319655,2650982.4719676864
2018-12-14,0.2187776730010961,608077686.9573809,3317063.355035796
2018-12-15,0.2128815445164253,591845265.290647,3648363.1124141305
2018-12-16,0.2201061176294183,611755678.8031586,4750907.728238041
2018-12-17,0.222936696755219,619003129.1327772,3342138.820549912
2018-12-18,0.2549908457261963,708905629.2784475,10121459.2933576
2018-12-19,0.2875181577114517,799940334.2797055,11628440.984738322
2018-12-20,0.2786959155863248,775547931.2212728,18140198.018127147
2018-12-21,0.3469103975831868,956080627.9627068,25025608.088352665
2018-12-22,0.3242902596237222,901392721.8861172,17978340.22216552
2018-12-23,0.3438350615950107,955324557.7006224,8824222.729208346
2018-12-24,0.3627324205038145,1008124065.2556444,16435681.07034026
2018-12-25,0.3563272207945694,993909375.9417304,15645094.879870947
2018-12-26,0.331452634972715,917086730.4289474,12662838.906464094
2018-12-27,0.3308827890224664,920063540.8625532,7871448.635340391
2018-12-28,0.3136364097550048,872916088.1986533,7774202.7697727075
2018-12-29,0.3626390501225808,1008083423.3099864,13416007.047945095
2018-12-30,0.3443579909666583,981729619.5414804,8795084.553471217
2018-12-31,0.3528968686614596,981095604.7688248,7670244.222524418
2019-01-01,0.3504613758116102,974131843.968247,9448473.41167126
2019-01-02,0.3569881141381805,990590439.4698392,7432847.600443346
2019-01-03,0.3848213114664889,1068144757.7118236,16195350.3900104
2019-01-04,0.3695344894181716,1027205517.24429,10982146.847560529
2019-01-05,0.3667290159246348,1018949500.062959,12372309.905374724
2019-01-06,0.3624149314631428,1008029134.4608032,6250473.053578466
2019-01-07,0.3793656083296993,1055627165.1088562,8280969.442544376
2019-01-08,0.3617362979088427,1005706865.3850284,5641085.598962636
2019-01-09,0.359238552096675,1000700458.8405168,8370960.501106406
2019-01-10,0.366288622127066,1018252964.8869634,4470280.793416773
2019-01-11,0.309376367555316,859615337.493614,14124304.319440853
2019-01-12,0.3108762285226787,861472414.7534815,5809965.641842922
2019-01-13,0.3066494604743862,854153922.148671,4373338.360768867
2019-01-14,0.283130500444263,786969800.1044166,5230636.632863564
2019-01-15,0.3034830951318123,843112228.8917439,10524285.70926538
2019-01-16,0.2953463336204195,820187362.5461236,7285167.718893602
2019-01-17,0.2958165056170522,822996768.4632274,6638435.0669114245
2019-01-18,0.308016116412745,856421036.8678674,7075241.399836313
2019-01-19,0.3045071329434811,847013210.1328828,4628312.301256917
2019-01-20,0.3114061588397525,865674808.6975055,6442091.566697348
2019-01-21,0.2954854047223928,820390725.7270507,5893346.7430466525
2019-01-22,0.3005668031789638,836233722.4130561,4788626.131271138
2019-01-23,0.3038004864072674,844085733.7586578,6878893.147728923
2019-01-24,0.2942074759759203,817758589.0417848,6180130.6002479065
2019-01-25,0.2918387681898112,811680089.098452,6008555.939449384
2019-01-26,0.285473910088203,793483378.1758733,4951526.040461574
2019-01-27,0.281260000009596,781731255.3366666,5736518.127042067
2019-01-28,0.2704908280020746,751430989.8527083,9330427.43172483
2019-01-29,0.2560926026138573,712722652.5155925,13145348.67917181
2019-01-30,0.2526873064636162,702619288.153181,6913942.396183636
2019-01-31,0.2619510233102697,728100802.0264935,6738687.471766251
2019-02-01,0.2571352278745046,714715152.7747134,9457102.748674387
2019-02-02,0.2583963269270247,718220415.7814059,6600003.212098975
2019-02-03,0.2596436845979057,721687484.2016988,6319226.522942032
2019-02-04,0.2534989005266821,704690193.3256568,4200470.44380215
2019-02-05,0.2568968244463075,714052503.2264023,4857908.773345416
2019-02-06,0.2552454046568611,709407003.1930774,3092965.175467093
2019-02-07,0.24326659141608,676166857.7507522,6221712.514285034
2019-02-08,0.2548983430435706,708497663.6469277,10306204.862104371
2019-02-09,0.2789280789339445,773366478.3033298,14831455.865750154
2019-02-10,0.276708000425434,768690462.1706233,5983163.006219693
2019-02-11,0.2801178540184532,778596058.1310698,12216662.122402886
2019-02-12,0.2672300906721876,742774129.6264076,7880717.317609331
2019-02-13,0.2737692750007693,761081431.6863124,5832312.017369659
2019-02-14,0.2699819143341113,749905560.8696332,4869873.530488496
2019-02-15,0.2669165377900748,741902599.8951658,4386030.406022123
2019-02-16,0.271586996196023,754740475.1153421,5398273.418266042
2019-02-17,0.2749050665383763,764504077.3296101,4370606.406332815
2019-02-18,0.2777661422046825,771705980.4333512,8189177.72740749
2019-02-19,0.3023353106915417,840350151.7713308,16178113.183288343
2019-02-20,0.3043889065972251,846058183.7807931,19692452.13481069
2019-02-21,0.3129559025721128,868895574.361442,8221248.602045519
2019-02-22,0.2988473680848764,830655309.6697698,7038649.761710633
2019-02-23,0.3015299634505023,838111664.7263079,6860326.16797714
2019-02-24,0.3193406988439645,887777769.8567407,9716474.742456611
2019-02-25,0.2809698651570233,786014814.8888375,15834294.09723586
2019-02-26,0.2856874599993109,794076946.6207887,7468154.268763932
2019-02-27,0.282565966615372,785400661.2310793,5502202.381766757
2019-02-28,0.2843855047930094,791246183.3726801,5680455.190317
2019-03-01,0.2841290674048264,790003619.7806805,5152735.21463103
2019-03-02,0.2951684304746489,819930803.3177044,7819119.224295722
2019-03-03,0.2911190550366515,809176960.9446398,5240187.617300949
2019-03-04,0.2839232185154046,788251023.9894652,4802961.777418104
2019-03-05,0.2727245875323814,758046250.0406905,7241383.377694107
2019-03-06,0.28072371085407,780280055.5529977,7925712.936302024
2019-03-07,0.2801095715337305,778280633.4914697,8953334.751174672
2019-03-08,0.2784411546526528,773935621.4678749,7868375.284650049
2019-03-09,0.2749614210693788,764213742.710484,10442028.276911432
2019-03-10,0.2825233334527487,785386440.8699378,8853936.767275363
2019-03-11,0.2819707413997079,783487677.9902143,4743510.489265625
2019-03-12,0.2773918213981814,771468300.6358471,7950108.89745058
2019-03-13,0.2840442010254323,788748397.8194242,7845755.536015746
2019-03-14,0.2852302419779161,792406536.269634,10785747.36089898
2019-03-15,0.2955149758154625,817909459.3444717,19563769.54365708
2019-03-16,0.2999405793240476,833749028.1881046,10384853.19452062
2019-03-17,0.3057329584756352,849608917.6595635,27392415.926188268
2019-03-18,0.295567029476857,821555802.8698112,18122306.85260256
2019-03-19,0.2948735443204213,820212412.6292927,21775521.27604155
2019-03-20,0.2951144596782444,820167330.3637489,11060964.707466692
2019-03-21,0.2986465071503731,830097788.7863932,13923070.454078076
2019-03-22,0.3112541746202816,864861135.6804618,29186192.87761951
2019-03-23,0.3099239907592444,861494208.0410224,26594043.82732999
2019-03-24,0.311704969406647,865642399.3928772,15420222.6893395
2019-03-25,0.3046878867667631,846940912.6980517,12614607.480860602
2019-03-26,0.2973137147972362,826461925.7015237,14702118.478229595
2019-03-27,0.2944470952219521,816675833.6632527,10607710.348856244
2019-03-28,0.3057890723518854,848756196.5893694,14521841.026844144
2019-03-29,0.3038172459242181,844545269.6230614,13161294.587733602
2019-03-30,0.3088237124778725,858623369.7115542,13267283.39744004
2019-03-31,0.3071173511791603,853289522.6399333,13081824.90798582
2019-04-01,0.3084636847455576,857238161.8255496,12349945.364819324
2019-04-02,0.3221984713460454,895421043.676644,20316012.6876949
2019-04-03,0.3508629382629857,979050964.539212,33546267.78959779
2019-04-04,0.3387748089173043,942609172.6827152,45163595.93221123
2019-04-05,0.3350618509858762,932081071.3925792,23783801.225265007
2019-04-06,0.3520337900531781,976958686.268654,20091789.025889587
2019-04-07,0.3449051529577422,959031485.6522746,18098828.559191093
2019-04-08,0.3610807411057736,1001571754.8876648,21570677.60710164
2019-04-09,0.354536177414936,984645924.7990428,25924461.309708085
2019-04-10,0.3453386600283163,960061760.1621408,16076336.794866003
2019-04-11,0.3474022075145879,966484348.2701864,17860866.602728616
2019-04-12,0.3211485589118914,893007589.8774124,18096616.228474837
2019-04-13,0.3178133155088816,883405432.3940609,11645737.899101676
2019-04-14,0.3156165298428481,876902743.0368705,10545731.251595018
2019-04-15,0.3158628063363919,877909755.4139043,25285654.24619289
2019-04-16,0.3019850793967384,839169285.7919911,16787515.52628498
2019-04-17,0.3105617959262938,863164552.4578334,12807825.394083584
2019-04-18,0.3084509649218643,857605337.5210104,16026420.202636167
2019-04-19,0.3086982139632332,857685489.1282732,14886926.404339476
2019-04-20,0.3084239021001535,857409228.4995544,13077317.516795898
2019-04-21,0.3101817832224917,862051080.0379765,12250615.290723857
2019-04-22,0.3033475312623776,843056968.900425,14428554.847001756
2019-04-23,0.3050482180705406,847753865.3136761,11983294.879125724
2019-04-24,0.2965181931641638,823246902.7390342,18684385.986346185
2019-04-25,0.2844768185810852,789495726.2464603,17349369.15796529
2019-04-26,0.2676757105654786,744959589.0173144,15919152.412746422
2019-04-27,0.2680835581276026,742516791.0119061,20794140.22414879
2019-04-28,0.2694562013715767,748648332.9349653,12903681.19727987
2019-04-29,0.2665870787547723,748981331.5031637,15429998.106129616
2019-04-30,0.3024172842072001,840073846.7377003,95628428.81308138
2019-05-01,0.2965975906830108,824557473.424998,37640085.371850334
2019-05-02,0.2924526602437347,812497828.815204,21751570.965852577
2019-05-03,0.2790972328439061,775791936.2809829,21157255.65638748
2019-05-04,0.2883094435320174,800700066.0266861,26075939.33304416
2019-05-05,0.278531264432301,774298335.6723341,19774551.07544334
2019-05-06,0.278610703618955,775486856.7446314,13474704.47488144
2019-05-07,0.2757773608261129,766736901.5846307,20814661.955700275
2019-05-08,0.2670110983726237,744984024.253323,14672813.031054502
2019-05-09,0.2865227559668905,795635053.9287049,19225195.49696031
2019-05-10,0.272768561409471,758168476.7637342,13092593.004810745
2019-05-11,0.2774230561847451,770722872.0033816,11273997.94857147
2019-05-12,0.317773653243846,887299939.5516292,25209521.07093121
2019-05-13,0.3003369391860306,833375079.3944879,17263808.857085124
2019-05-14,0.3368971867894696,932070959.9151846,28019187.26863928
2019-05-15,0.3744489378376259,1042204175.445242,46301346.07538942
2019-05-16,0.4370210346961596,1219820659.7961104,47994584.11485518
2019-05-17,0.41311523802879,1147157902.828132,52377771.12174893
2019-05-18,0.3940343119635777,1092787210.402232,37086682.25628313
2019-05-19,0.380604364205181,1055666119.9449832,16068169.080776189
2019-05-20,0.4209815398749965,1170600174.8913493,32991908.250463013
2019-05-21,0.4046382969070096,1123780930.690318,24400096.109204862
2019-05-22,0.4151152787960136,1154013419.4202292,24656620.476538293
2019-05-23,0.3861729592228272,1072810021.1089098,29796206.837679077
2019-05-24,0.3866757670909913,1075731973.991059,35565853.10021271
2019-05-25,0.38463549209978,1069105998.3147824,37183631.08719269
2019-05-26,0.3880590628067947,1079037790.1803942,29503361.2832822
2019-05-27,0.4147004141156308,1151135913.8208828,32264747.635757565
2019-05-28,0.4457278611597373,1238749753.7748024,48368335.0308122
2019-05-29,0.4810897933434049,1337591263.8588247,83934315.22576906
2019-05-30,0.511843115963568,1422683441.107988,124992153.3681576
2019-05-31,0.4753142812258801,1324173503.5192478,82002808.13765106
2019-06-01,0.5063133011352857,1409288372.2541697,42797419.2583949
2019-06-02,0.4814714629544712,1338264511.8159993,48684059.6346765
2019-06-03,0.4906595384646822,1363233580.7367086,40488581.57858454
2019-06-04,0.4484575601183036,1246184948.184594,40916417.99265716
2019-06-05,0.4238368125633483,1177334003.0990264,32112866.09133354
2019-06-06,0.4334864174226359,1203574200.9670055,22619460.73151022
2019-06-07,0.4246152764141621,1180379334.1765924,30138115.198650107
2019-06-08,0.4456883317470925,1238804214.9945889,36761299.2558212
2019-06-09,0.4318823343851761,1200430027.2362893,33291149.637994383
2019-06-10,0.4080850120936534,1134183683.700402,26849725.290060356
2019-06-11,0.4303206576345597,1196089299.41526,32338203.284280643
2019-06-12,0.4229625253604563,1179093283.4042203,33377832.952794947
2019-06-13,0.4358968893550624,1211588604.3489714,44442835.7892914
2019-06-14,0.4403528932789151,1222658537.9264889,48484957.07405494
2019-06-15,0.4322663749218984,1201497479.538115,48230264.67910171
2019-06-16,0.4381120519979571,1217923363.7067049,40230309.727519736
2019-06-17,0.4483968468986666,1250092362.4113762,47811639.23145516
2019-06-18,0.4414748092300016,1227867613.272894,46514702.74451218
2019-06-19,0.432419933147464,1200757700.7947116,26370237.54988254
2019-06-20,0.4363734002226055,1212913080.7356188,34176718.053644255
2019-06-21,0.4177887562109227,1179462882.419031,41492857.16488231
2019-06-22,0.4252449560427152,1181948137.1066196,24779137.723653685
2019-06-23,0.4629274650478603,1283689299.4082284,42942980.64758563
2019-06-24,0.4490167082987915,1248001151.0198605,27348574.441938188
2019-06-25,0.4562842424334378,1273377479.5621643,22928399.370044656
2019-06-26,0.4496295940874685,1249751220.6340015,29422007.01511485
2019-06-27,0.4451111949761572,1231003767.1916418,50205636.7390286
2019-06-28,0.3961106535153969,1098909889.1967573,30203307.030667264
2019-06-29,0.4141740169053766,1150229244.0494137,21981685.391700342
2019-06-30,0.4255439642095811,1181899394.8735416,21577221.67841876
2019-07-01,0.3911831932893724,1082436281.8051834,19399005.71383362
2019-07-02,0.4053657047958283,1122068878.679665,21643798.13437397
2019-07-03,0.3991983284723184,1106518458.8443985,22575274.82377788
2019-07-04,0.4063288956308444,1128560482.6164348,19647476.55119697
2019-07-05,0.3884734944061405,1076860858.373942,20321185.91767608
2019-07-06,0.3824587069255603,1063055598.0620486,20954173.945347827
2019-07-07,0.3905031290602554,1085957777.0692513,23798928.26905489
2019-07-08,0.3964218250183133,1098697234.437493,21733378.986790538
2019-07-09,0.404162734435682,1122036555.1554165,18015956.471269555
2019-07-10,0.395702992279625,1097265575.0715897,17072860.59313358
2019-07-11,0.3685531616668585,1024260033.0701914,22268557.973865367
2019-07-12,0.3440453937607459,950681911.9835262,18850751.02897129
2019-07-13,0.3551930541349864,986923109.0270208,17748690.126979075
2019-07-14,0.345690998826854,958805169.9988768,14684807.02736764
2019-07-15,0.3048849955975631,847166182.7860235,12678764.240433378
2019-07-16,0.3105943755009099,864927936.8935529,17093503.794767704
2019-07-17,0.2684549394537388,747339087.0894402,19908498.792056497
2019-07-18,0.2859583113334019,794829786.1061608,16540898.370759636
2019-07-19,0.3063153140148523,857577536.3567452,15576131.20420415
2019-07-20,0.302823903793665,841708211.0948831,12515935.795730326
2019-07-21,0.3196069517248827,886085677.4338778,17007379.19997049
2019-07-22,0.3146121852862908,874474096.4914396,10373733.949098168
2019-07-23,0.3002026697044182,834464515.786483,13994187.11941182
2019-07-24,0.2939517966641183,816819029.4233819,12257143.20434476
2019-07-25,0.3092734511773083,861247267.3175637,15319295.048053758
2019-07-26,0.3031672518625892,844692108.1880507,13370553.111219471
2019-07-27,0.3001946960335993,834774930.1475478,12520626.832389995
2019-07-28,0.2865939028423014,796450110.7594562,11367138.64428295
2019-07-29,0.2832162328386922,788622839.4772956,10586275.508063922
2019-07-30,0.2830537729337912,783846289.1560456,8610167.564377213
2019-07-31,0.2849771988485471,792765221.2420092,8787765.834286245
2019-08-01,0.2907316451378818,807237723.3577996,11202169.465760415
2019-08-02,0.287625819871803,799661151.8947693,10991932.518493008
2019-08-03,0.2878249056600487,800065145.7123744,10813864.927638194
2019-08-04,0.2826650449209387,786002617.4133964,8958456.858811786
2019-08-05,0.2839660256862129,789317183.5563974,7652461.4486899935
2019-08-06,0.290480980959086,807400683.2920102,9338573.017028367
2019-08-07,0.2790659375342625,774456596.5684476,9620398.46394174
2019-08-08,0.2754907929828542,765735001.8600477,8120185.001958493
2019-08-09,0.2748537969334015,763964452.0502659,7378987.3353238255
2019-08-10,0.2537625103044372,705340802.1900554,10112628.466445034
2019-08-11,0.2610808508605109,725801701.1223638,7716663.172808502
2019-08-12,0.2690293322065143,746967532.7649744,7033110.925031892
2019-08-13,0.2591871891368732,720785298.4466934,6143952.249880754
2019-08-14,0.2564637395379292,713006225.412757,7381191.924489942
2019-08-15,0.2312185530993988,641890873.3008634,8194634.303368978
2019-08-16,0.2438569486487437,677339636.626178,5788698.456761877
2019-08-17,0.2411704502011259,671813928.6044408,6567705.139122896
2019-08-18,0.2419971887255698,672692754.530697,4997463.760260728
2019-08-19,0.2472332195101581,687185808.5248549,5224022.912673611
2019-08-20,0.2513456841260206,698824250.4142709,5483411.977553248
2019-08-21,0.2494016300932812,693219383.5431136,5100228.022072032
2019-08-22,0.2409501320782723,669385198.8175719,4419657.543038093
2019-08-23,0.2610813636817397,726437798.2233136,8631911.291971913
2019-08-24,0.259460618920474,721666751.3913832,6888963.643794586
2019-08-25,0.2589418251188246,719404570.7362881,5381896.941220893
2019-08-26,0.264779510678142,735838692.1473073,6854204.413211192
2019-08-27,0.2688850790980835,747374235.4949588,5475480.253268527
2019-08-28,0.260732650726904,725392492.4034266,5220326.55979903
2019-08-29,0.2438016812143441,677541986.1560982,5509165.175398689
2019-08-30,0.2490371424042262,691285936.8841938,7081781.95675778
2019-08-31,0.2525877997804944,702041978.0732344,4471594.495826547
2019-09-01,0.2467583427647375,685872286.366022,4199561.458416032
2019-09-02,0.2408148624298054,669392290.9476991,4186955.728894676
2019-09-03,0.2492583231219903,692091502.076574,4539423.911594924
2019-09-04,0.2488929804761694,691805576.5287737,5261312.4971624045
2019-09-05,0.2463567424325074,684706693.5393912,4380947.823766199
2019-09-06,0.2422402661615641,673082439.4944469,4858432.446019275
2019-09-07,0.2308927552884443,641779828.2130485,5282088.251817916
2019-09-08,0.2410847465201397,670102353.7890711,3712709.702192537
2019-09-09,0.243758900755284,677118368.4114063,3031774.486693988
2019-09-10,0.2391785531226439,664804031.5149474,4363966.945854504
2019-09-11,0.2389614949956466,663992038.128454,3210195.8751796344
2019-09-12,0.2384858856041664,662878741.1710963,2688969.407270485
2019-09-13,0.236701422643751,657717605.407616,3065426.000406735
2019-09-14,0.2419036836974633,672739905.8649331,2810601.0673286766
2019-09-15,0.2477250321006741,688417964.92699,2538719.0446695224
2019-09-16,0.2486959969632511,691258054.8893108,2868933.752031242
2019-09-17,0.2493096177832702,692597633.8883249,3385772.450664974
2019-09-18,0.2627937869820106,729158719.3638316,4698852.049582208
2019-09-19,0.2987772166261405,831556647.086892,10743684.938481744
2019-09-20,0.2977233213853021,827496599.9965646,8589454.200391434
2019-09-21,0.3121969186182488,866799464.0054371,8693447.359677082
2019-09-22,0.2929733284311132,813392036.5354353,7369656.261106318
2019-09-23,0.2781802857547756,774154834.677258,4770114.771568212
2019-09-24,0.2781468187558076,773878897.8884921,5822478.72112115
2019-09-25,0.2561013899357433,717072516.3993875,8419138.337655725
2019-09-26,0.260876768739508,725151757.959748,8213579.681424818
2019-09-27,0.266951912726775,742002192.2590425,6637274.529436268
2019-09-28,0.2642616882169166,734523688.9041955,6277058.974960038
2019-09-29,0.2654850471338204,737923728.2658776,3401091.514419381
2019-09-30,0.259062104152474,720064126.0395436,2966443.6764443703
2019-10-01,0.2657293452741835,737619151.3520919,5003688.613192796
2019-10-02,0.28047338009455,779085597.1865227,5254372.008367197
2019-10-03,0.2810879513192478,780485404.1100544,5336295.834758306
2019-10-04,0.2702988270183014,751372668.098299,4295158.697608776
2019-10-05,0.2698894430929383,750512822.0415668,4245632.487167677
2019-10-06,0.2763182366588081,767557303.382612,7579899.760711838
2019-10-07,0.267441012032637,743475054.7933357,6136075.845947412
2019-10-08,0.2823362525144001,784939787.1761583,9157507.525439108
2019-10-09,0.2749542336574532,764243618.9663206,10463673.331670446
2019-10-10,0.2795776897176494,777156793.9886733,10416821.536709003
2019-10-11,0.2764079109713067,768284159.0822903,7699060.333996915
2019-10-12,0.2689537497683865,747565092.2823393,5615272.202975307
2019-10-13,0.2686960886545982,747305678.4242498,5781311.586269379
2019-10-14,0.2782671462424616,773846141.5607862,7132671.4945032615
2019-10-15,0.283622838950513,788028897.0583136,7639615.104612109
2019-10-16,0.2795829909504819,777109390.0362366,6011873.962152544
2019-10-17,0.271932612808511,755445757.13336,5386483.6757671805
2019-10-18,0.2769978425216103,769415814.2757432,4144241.090330869
2019-10-19,0.2715080188052543,754596002.1231283,5329658.121856995
2019-10-20,0.2679134267387121,744682764.2903296,3033721.2938594893
2019-10-21,0.2703905313344913,751309257.7770208,3206379.418739792
2019-10-22,0.2693988333958412,749203665.6003369,6107359.367098488
2019-10-23,0.2697098274666374,749666633.1411387,7804426.320379716
2019-10-24,0.2531454800937777,703505909.638382,9490824.283394616
2019-10-25,0.2543911440748973,707248294.1079584,4863189.6276837615
2019-10-26,0.2715214723144783,754644237.7446122,10291309.433897572
2019-10-27,0.268062141926429,745086841.2848105,15469423.314587008
2019-10-28,0.2724096483400162,757170867.0181205,13841247.625555689
2019-10-29,0.2841866103340484,794524864.6026844,24667813.682372008
2019-10-30,0.2800677418070915,778503887.9168036,12636921.623989465
2019-10-31,0.2820789520437405,784046989.4808322,11937467.011042193
2019-11-01,0.2717406918482121,755699822.2143958,9207946.507762624
2019-11-02,0.273727315941372,760611164.7069112,6019718.467606476
2019-11-03,0.2729533048625205,758713967.4511192,4307135.818514798
2019-11-04,0.2693622502019691,748666941.7673202,4735079.079169441
2019-11-05,0.2736368391855912,760054522.6878828,5248237.955285924
2019-11-06,0.2761012169324721,767431693.7136487,4852189.049121182
2019-11-07,0.2808169955477999,778387497.2658485,6989889.244445322
2019-11-08,0.2709318286056046,753063222.313098,7645123.789707168
2019-11-09,0.264072771200812,734512705.9661587,8421585.996658172
2019-11-10,0.2664948730681769,740675623.4669245,4950554.773382679
2019-11-11,0.2671302659575262,742496663.8089867,8422631.669764493
2019-11-12,0.2581016875368139,717407026.7408203,7481189.11781777
2019-11-13,0.2607840373889906,724810162.4433069,6843349.606659305
2019-11-14,0.2576227527256243,716577754.8317832,5723954.094829892
2019-11-15,0.2634671367563093,732084969.6255981,12854847.054165158
2019-11-16,0.2583218679939509,717739640.6583672,10318690.472107282
2019-11-17,0.256319968642328,712438996.0235572,8708247.395335061
2019-11-18,0.257115058454877,714803022.0751467,8468173.66306407
2019-11-19,0.2501101565929541,695157051.4611742,9330851.051711416
2019-11-20,0.2456769661019933,682921341.8627433,8237161.351914119
2019-11-21,0.2406019599676107,668481099.9962294,6250358.378913449
2019-11-22,0.2273192726940109,631568426.7791747,9468676.83938529
2019-11-23,0.2093868469512016,583745124.9705944,16652597.38133144
2019-11-24,0.2153578399628216,599141620.3033228,7972587.371555808
2019-11-25,0.201854718609034,563367404.6122253,7431632.248435479
2019-11-26,0.2092642548411039,581690100.7378256,9593091.403520988
2019-11-27,0.2113817070446086,587755633.1815736,6158185.309409594
2019-11-28,0.2125519772432387,590145169.5320219,9458612.00238568
2019-11-29,0.2156636164181557,599568884.465406,5866899.978086307
2019-11-30,0.2189865891866325,607589006.3162618,6294500.302317304
2019-12-01,0.2098953318885547,583409461.8630877,6184679.494389503
2019-12-02,0.2056967700419994,571822017.5263302,5381574.8004779145
2019-12-03,0.2079282156337445,577938969.627292,5533907.897223291
2019-12-04,0.203374458035535,565596701.4907091,7214646.993801776
2019-12-05,0.1971635241277501,548077588.1034082,7201687.259189507
2019-12-06,0.2036579920481929,566017037.1746923,6932896.910663377
2019-12-07,0.2047092056489544,569056602.4703192,6206477.533408132
2019-12-08,0.204343663516305,567548400.4189397,4550254.754371317
2019-12-09,0.2061432233401631,573209677.83938,4036858.76734306
2019-12-10,0.2023329182686602,562040740.2864769,6561834.354022112
2019-12-11,0.1977133154706017,549550147.7577869,8023274.673618397
2019-12-12,0.1979706626434212,550268112.2397972,4460863.078179046
2019-12-13,0.1935333947412016,538522806.846299,4588196.191324567
2019-12-14,0.1937532140860519,538549444.0540208,5495603.325374018
2019-12-15,0.1892484680289381,525850891.9280829,3991716.290660335
2019-12-16,0.1872437389105364,520438329.1017617,4700690.141035165
2019-12-17,0.1739643372450543,485625676.9470978,7471579.200659918
2019-12-18,0.1581716511100293,436099456.7461101,14153174.62011852
2019-12-19,0.1581725814191802,438944421.7468489,26863953.961844224
2019-12-20,0.1628086243277436,452530940.5035068,10551307.920329437
2019-12-21,0.1640845551456264,456077990.04542834,6934279.352683162
2019-12-22,0.1621206754327445,450621092.7569595,8823150.576951006
2019-12-23,0.166179771037977,461808440.76729023,5891777.454642687
2019-12-24,0.1618712179048311,449734651.15997183,4382726.618879904
2019-12-25,0.1553867787870132,431604403.1246439,4195824.540740973
2019-12-26,0.1559017795858238,433328020.01147234,3241642.7894870043
2019-12-27,0.1581090839607543,439305125.4676172,4573687.312040231
2019-12-28,0.1619762744076896,449447150.0172045,4720192.723369328
2019-12-29,0.1634588350781409,455003089.61026096,4403379.792202272
2019-12-30,0.1680474454625039,467231743.3716371,5066939.659461205
2019-12-31,0.1599026647662355,444470735.1831245,5853152.862812431
2020-01-01,0.1600576990612672,444809938.8501566,4359912.038964415
2020-01-02,0.161147713319732,447876765.8724256,3989431.127390029
2020-01-03,0.1580699862533874,439410013.6989981,3764272.223008461
2020-01-04,0.1660497272241755,461998987.6595082,4992701.230724877
2020-01-05,0.173204545351832,481332043.384612,5302702.074283894
2020-01-06,0.171771002262606,477166578.1456576,5638924.978052334
2020-01-07,0.1822341684642316,507635954.80008304,9110160.1566924
2020-01-08,0.1857783951690137,517869253.5290396,10980132.076037733
2020-01-09,0.1802037949492904,501358247.491892,8320777.639063895
2020-01-10,0.1769164592628888,491760063.6535541,5406519.190308629
2020-01-11,0.1900202621013339,524101028.3083207,7285523.76574323
2020-01-12,0.1911384409870762,531000897.4805672,8003976.434401113
2020-01-13,0.1906800639398209,528771835.87304187,4164209.960171879
2020-01-14,0.1880978519937393,522808197.1311693,3754395.26116536
2020-01-15,0.2099267859066713,583504378.6116605,13979736.151270244
2020-01-16,0.2318355753379064,640946452.6705818,17047047.693457846
2020-01-17,0.2272971387779728,631698578.2677485,12015896.016098458
2020-01-18,0.2381707905205941,663347746.9298732,22783582.03886786
2020-01-19,0.2459566244724021,689025691.3403845,18955191.165705275
2020-01-20,0.246416595492535,685657236.475796,17720902.731517386
2020-01-21,0.2514613502043785,701372074.5936852,12517266.44882802
2020-01-22,0.2497685936675714,694136000.1170366,11094692.318430094
2020-01-23,0.2491385374671104,693020416.5173616,8857997.46228869
2020-01-24,0.2359083617487939,652221086.4899281,10966057.296580698
2020-01-25,0.2362014464433595,655414509.2214642,7987226.622323595
2020-01-26,0.2333738145677443,648853526.7506983,6754777.253887678
2020-01-27,0.2444380355552595,678643431.6949813,7499217.462785442
2020-01-28,0.2504161569183269,695916435.9219573,9022816.396837275
2020-01-29,0.2853703068184655,795495096.9267387,20936293.428349525
2020-01-30,0.302513243118224,840445720.852268,28969581.87337037
2020-01-31,0.2927968870482317,811272033.5500816,25939736.079729527
2020-02-01,0.2930556609684265,816832463.1545004,13237242.179707134
2020-02-02,0.3037800543480909,842989849.1411927,11088668.130716749
2020-02-03,0.3087853977476214,858256623.6404285,17703040.64116535
2020-02-04,0.3325299599802084,924242377.365544,55254361.128113724
2020-02-05,0.3320129833416898,923119663.7194972,35086863.94794644
2020-02-06,0.3248216768193416,901749481.6544464,31529729.008864406
2020-02-07,0.3302081545453978,918061229.8344238,25444950.043792456
2020-02-08,0.3210800709697173,892234904.2531418,16332280.840839934
2020-02-09,0.3062406581750245,850593021.426649,19214873.77627709
2020-02-10,0.3189320746644747,884395829.4666378,16415987.45887207
2020-02-11,0.3169018823652483,880838378.8619345,23090523.53362329
2020-02-12,0.3312473429677197,920789861.737958,42364491.25378172
2020-02-13,0.3344285208668801,933609625.9795276,42138744.56657327
2020-02-14,0.3218717968736679,894652406.7433884,34636913.91890641
2020-02-15,0.3235579542086706,898673681.7378445,27086887.524134777
2020-02-16,0.2870811952939565,797771110.4085205,24906557.780181736
2020-02-17,0.2782262451165388,779283546.3162322,23493026.833124075
2020-02-18,0.283868004170742,785108220.2296959,23677211.23811516
2020-02-19,0.2928801251524557,813616969.37249,18937904.878437668
2020-02-20,0.2645713764839266,744261585.9302315,17252079.5097143
2020-02-21,0.2650288942861298,735181202.2020653,15736355.422987994
2020-02-22,0.2670763198307433,743221426.3942125,11127310.660158113
2020-02-23,0.2704489605301401,751747881.0835875,8716287.70620489
2020-02-24,0.2781941693096306,773565377.0442401,9005468.640047671
2020-02-25,0.2618948834021936,723812812.5125816,10243370.09519885
2020-02-26,0.2488585645012362,692746221.1273255,10791832.55863471
2020-02-27,0.2181099685985025,605564187.7068447,17661080.42324781
2020-02-28,0.214625592770606,597330609.0910767,16029632.449337406
2020-02-29,0.2168467842108426,605347767.4296607,9277002.750973571
2020-03-01,0.2138117846739734,597237251.1315854,6121385.62485374
2020-03-02,0.2116092927504748,587496675.3352937,5925520.366071398
2020-03-03,0.2242874313089622,622214539.597801,6433767.040820791
2020-03-04,0.2237740241806003,623488933.3195169,7527045.309065061
2020-03-05,0.2225306550755593,618720234.8008986,5875476.073925751
2020-03-06,0.2290382898072018,636530071.7867396,10205632.365905715
2020-03-07,0.2327002827969763,647212786.7208743,7572631.909663822
2020-03-08,0.2243566039959559,622519225.7721219,8499104.648483055
2020-03-09,0.1916149461674479,531193957.6475838,11995219.36474133
2020-03-10,0.1910296671271255,530992072.1127808,14447316.798680102
2020-03-11,0.1976346349991108,553196675.7610822,13639074.052461814
2020-03-12,0.1952769450379083,542077557.6471192,13064338.941687455
2020-03-13,0.1114000959022197,307933254.0435217,20778001.72079357
2020-03-14,0.1305569962988024,358563869.1503106,26378173.17356337
2020-03-15,0.1237505089268915,342271658.4058588,11624159.044831388
2020-03-16,0.1219772476136674,342685449.3529809,8621689.570044452
2020-03-17,0.1097690845098939,306116244.29759866,16491763.531121263
2020-03-18,0.1217196697722391,342600399.695371,14559719.505362738
2020-03-19,0.126103005759843,349529884.43180823,13445996.936862092
2020-03-20,0.1501293344422567,417196487.29472667,18183682.858686347
2020-03-21,0.1414817897198335,393006222.3057804,18817562.234847203
2020-03-22,0.1381570135434635,384461145.5076102,14154473.265199944
2020-03-23,0.1264308372711074,352063949.78070545,11312145.205621982
2020-03-24,0.1437581080382466,397665859.90056366,14241430.847326044
2020-03-25,0.1447567836706341,401425981.3721849,12985830.78514946
2020-03-26,0.1413683017671021,393084197.3415635,4251688.127964273
2020-03-27,0.1456878631431984,404966634.9126376,3705002.216877754
2020-03-28,0.1366525943936034,381564529.2368752,8757832.958746176
2020-03-29,0.1396308495529899,387958589.7674178,9719516.288946789
2020-03-30,0.1319018013408925,367081582.61310834,8330504.710981101
2020-03-31,0.1417599963302377,394704048.2935746,10023063.903107388
2020-04-01,0.143797735830705,400866281.4412365,9034570.16791477
2020-04-02,0.1471385175543491,406594017.58184135,9256894.668235758
2020-04-03,0.14776567650754,410507768.8674112,10729877.789459918
2020-04-04,0.148925543452953,413414726.68440026,10765351.622385727
2020-04-05,0.1496135895627733,416287065.738746,8148933.116292502
2020-04-06,0.1488347266537055,413690629.93734217,7804683.241761841
2020-04-07,0.1658715352313237,461044955.3092383,14490299.923580015
2020-04-08,0.1640230053360547,455906910.4857941,12916715.542052468
2020-04-09,0.1731677158591081,481267352.0725763,10935868.405530056
2020-04-10,0.1735408778183272,482003866.3825076,9756006.924356423
2020-04-11,0.1611009379431267,447804645.8246953,11175739.502562556
2020-04-12,0.1610161914492227,447553454.5084703,8477105.821456166
2020-04-13,0.161731866974657,452291409.05923337,8549738.59315495
2020-04-14,0.1603121268969566,445535203.37100905,9413538.76308589
2020-04-15,0.1591544196159831,444429857.6089837,8626650.22653159
2020-04-16,0.1484450214417033,412661044.451363,9403415.14723099
2020-04-17,0.1580856958703756,440791846.7822128,11472172.236735843
2020-04-18,0.1567058912666706,435306597.03047055,8882247.324906787
2020-04-19,0.1633384291384657,453933820.5407304,11505757.337579532
2020-04-20,0.1569520122526719,435827226.1215105,12562919.613089822
2020-04-21,0.1543450396903585,426315278.928383,26955428.1622315
2020-04-22,0.1518776095581548,421790900.4344865,16386902.0113025
2020-04-23,0.1563397849687783,434551166.8018526,10978160.796430357
2020-04-24,0.1574779465978429,437151656.4698035,12769209.816122636
2020-04-25,0.1675582005691456,465561995.1199907,14631872.175529731
2020-04-26,0.1695817278958378,471914970.7854071,12895610.939240929
2020-04-27,0.176297059354476,489593774.0376492,12481442.01516508
2020-04-28,0.1740391541452393,483797313.2294446,11404533.551175604
2020-04-29,0.1741331815461339,483321459.25881946,11061292.447585933
2020-04-30,0.1855681803432694,515270272.3393022,17084260.333310697
2020-05-01,0.1762473497411482,492853338.75159913,15591571.045192258
2020-05-02,0.1818020992536247,506636366.6589067,11277724.607161922
2020-05-03,0.1911444899590595,531874925.62713367,10448300.127039852
2020-05-04,0.1828442141224985,508977042.5552303,8125179.790297207
2020-05-05,0.1827841873480306,508054184.0381671,10770445.234142505
2020-05-06,0.1876206406243371,519217891.1210762,11714683.696880434
2020-05-07,0.1775192789005341,502650883.6228054,12949287.93265984
2020-05-08,0.1843694068847627,514696490.3534566,13947888.667085985
2020-05-09,0.2040825540297026,560132484.4407749,19663912.77129592
2020-05-10,0.1839253609293365,537729562.4564527,24716123.38005696
2020-05-11,0.1851380041145961,511106511.9667351,16303317.553284395
2020-05-12,0.1776349801552898,493461869.1255541,13441687.63942054
2020-05-13,0.1854314604401934,519235529.2416516,14693034.221311526
2020-05-14,0.19408316522886,538484243.6631576,15074166.555962732
2020-05-15,0.2074133475392878,578601425.501862,22507662.419761453
2020-05-16,0.1966122873859086,548880137.772811,20025830.102575343
2020-05-17,0.1969384203423063,546849744.882345,13145334.424643422
2020-05-18,0.2005950449485839,554253034.6275805,12855276.958452065
2020-05-19,0.202081190574273,563710726.3191676,13847861.925319236
2020-05-20,0.2026916062459582,562331014.5347335,13943169.235334242
2020-05-21,0.199909907530979,552570484.4268713,15055276.617135225
2020-05-22,0.1866147352126884,520688997.4354896,16142488.229095552
2020-05-23,0.2012320794340818,559312870.9784467,18943932.33006048
2020-05-24,0.1991458510285619,556001001.2493548,16458749.02182618
2020-05-25,0.1894679119883121,530521195.5040874,13764350.765345776
2020-05-26,0.1973078562411039,548386290.9344475,14287733.215588594
2020-05-27,0.1942885631579828,539700396.5331637,14832639.524539074
2020-05-28,0.1961277407192907,545626773.524056,15402232.071590906
2020-05-29,0.202902786403571,564317992.5932243,13230213.687697325
2020-05-30,0.2004057463965048,558211957.1873387,13237634.25741982
2020-05-31,0.2172755462863228,603878126.2838668,20220391.298057526
2020-06-01,0.2216839871043804,608022162.0969597,39116669.966561176
2020-06-02,0.2341112210035217,651055953.7762465,24473306.225783475
2020-06-03,0.2345702207865775,649926092.556479,26821902.836127102
2020-06-04,0.2519879912854181,697281608.0441362,23902176.92547795
2020-06-05,0.2489507441250477,691966132.3401035,18421025.19531458
2020-06-06,0.241171541846163,670343604.0262,18556620.95077769
2020-06-07,0.2431841107143625,675937600.1425427,15740348.68932916
2020-06-08,0.2400359816002513,667145059.3220109,16444476.49748187
2020-06-09,0.240456376512489,669744351.4523312,14611615.692979723
2020-06-10,0.2464889005317756,686030142.6961809,20339658.572389472
2020-06-11,0.2500598156478107,693483083.7945443,12856270.05958058
2020-06-12,0.223082738296788,619560007.2538593,16706054.5324811
2020-06-13,0.2242842239520326,623251652.9594065,20642003.46184602
2020-06-14,0.2281780631349345,634073547.7531004,12324719.98339272
2020-06-15,0.2214481045206304,615848774.031944,10980537.955915265
2020-06-16,0.2182389634361662,606601807.8619722,13366392.09538606
2020-06-17,0.2194917671388861,610084013.6926844,10737158.288722718
2020-06-18,0.2251342659563753,625143553.7747025,13543119.286701933
2020-06-19,0.2235784742005542,622127468.3638737,11169237.339597916
2020-06-20,0.2193700362441051,609707983.1506535,12580816.830506029
2020-06-21,0.217728595176958,604969908.938548,11832186.789804878
2020-06-22,0.2175364687103112,604424604.1977357,10356868.815525625
2020-06-23,0.2314855423735276,643802751.6195172,13419280.431191623
2020-06-24,0.2284194978851413,634187745.3970872,13354244.718429135
2020-06-25,0.220129313334963,611856092.651669,11397529.350115286
2020-06-26,0.2203291071351661,612732121.8636112,10973375.349914176
2020-06-27,0.2149028176678082,597832112.7574929,10151115.31819675
2020-06-28,0.2031651285347183,566878514.6545026,11054536.230496062
2020-06-29,0.2085620730526022,579110184.1227828,10232729.052353194
2020-06-30,0.2143498812511262,595921042.1078517,11350663.859412417
2020-07-01,0.2262055144393854,626850886.0897719,14333699.040096335
2020-07-02,0.2299443384885719,639165412.9389083,14968446.373396795
2020-07-03,0.2299827973203055,639244149.7847207,12546701.957068147
2020-07-04,0.2250076820113801,625476475.2636555,11178439.974624742
2020-07-05,0.2397738664252825,666458722.8676695,16146012.762196751
2020-07-06,0.2359488562234447,654361732.7733828,16416757.33076622
2020-07-07,0.2464860089507592,685115326.2829087,18222685.622589
2020-07-08,0.2435802570336909,676920707.1967139,13843285.02131508
2020-07-09,0.2559678403352271,710305367.661622,22831258.098191187
2020-07-10,0.2546533636049105,707816735.8783915,22758040.68156564
2020-07-11,0.2507952847089139,697222763.44392,17038008.197171614
2020-07-12,0.2496510562013387,694624737.5499456,14004833.675253129
2020-07-13,0.2515148394389359,694731054.708985,15318701.083542973
2020-07-14,0.2490673895532742,692254474.7634395,19937624.584014483
2020-07-15,0.2488221689658175,689995913.40765,16401406.30745329
2020-07-16,0.245280236459865,681763845.1297251,13781349.349027868
2020-07-17,0.2413168323719786,670760934.6425903,15847818.513640724
2020-07-18,0.2408019110320324,669671690.3210813,11466088.35261224
2020-07-19,0.2385827024825409,664262431.7112026,9893044.621663831
2020-07-20,0.2478792554202959,689571147.2171906,12701416.014528392
2020-07-21,0.2499709312802859,694902242.3120836,18521056.104985982
2020-07-22,0.2652027840858393,736836285.7346332,25158676.14272432
2020-07-23,0.2776655353750302,770921170.4641811,22534586.69647841
2020-07-24,0.278640393954285,772649261.7936572,23606959.427292928
2020-07-25,0.2668155281052546,741478978.9741119,20645770.27526097
2020-07-26,0.2756003158200767,766149547.5392358,16463391.808887469
2020-07-27,0.2688002978054717,747138567.9043895,18938779.02124461
2020-07-28,0.2710088112571736,754526952.9628344,27143429.74746001
2020-07-29,0.2712614585872351,754678018.8721948,24315843.03953725
2020-07-30,0.2860705797837669,793167363.7067282,22141557.457996275
2020-07-31,0.3000883831239791,839349084.4265865,35167051.292877726
2020-08-01,0.2988938418685272,831292366.9231441,20118836.879105948
2020-08-02,0.3143885323628935,875326861.5586804,25380070.967429254
2020-08-03,0.2875425261914627,799118431.46753,30223727.972281206
2020-08-04,0.3004252478030904,835041074.1299154,20258506.186787836
2020-08-05,0.3063982263866147,852057755.9456425,18402243.73518842
2020-08-06,0.3051465585416947,848166218.5266824,15908788.688936273
2020-08-07,0.3153930310621993,874975836.1301465,24340168.58518969
2020-08-08,0.3180964874405927,883443136.6909964,69764050.96336837
2020-08-09,0.3285431734855469,913235952.4039532,22495036.150362696
2020-08-10,0.3472539777512256,959121587.3908256,33228680.32093677
2020-08-11,0.381859445992329,1065861785.61905,39720134.4507552
2020-08-12,0.3680063238157445,1026238560.3242068,90139089.3186215
2020-08-13,0.3857372803223597,1053828642.1379776,33534285.665662
2020-08-14,0.3752193766668744,1042933620.3181823,36218195.03301816
2020-08-15,0.4073493454075665,1128791499.8734996,28727549.234582357
2020-08-16,0.415875300905161,1155210879.7651324,41265065.82887138
2020-08-17,0.4253302035511155,1182218181.16302,29156660.591782123
2020-08-18,0.4086740938618606,1144200670.5803,28484196.774012957
2020-08-19,0.3943218418058384,1096570226.88309,25115653.08053078
2020-08-20,0.3713454652517157,1033639860.4303684,29362227.478996545
2020-08-21,0.3976598745392445,1104426093.3672712,22391725.341053564
2020-08-22,0.3756637016898698,1047805765.0473723,50468791.096870326
2020-08-23,0.4032857449680002,1120944940.9527886,28643730.45085335
2020-08-24,0.3850595990536617,1071038808.6127448,18554944.463052437
2020-08-25,0.3931704569048986,1091674425.0284102,18594469.643983822
2020-08-26,0.3630939736708835,1010086552.3243957,34872427.07904525
2020-08-27,0.3562435339721247,990260517.9258584,36456176.367454514
2020-08-28,0.3383419888156481,940431804.0175194,41117694.38549275
2020-08-29,0.3479616376199921,967677168.3317616,29814115.51404092
2020-08-30,0.3676734123848771,1023195104.8195376,30414182.74275484
2020-08-31,0.3642390470415773,1010478322.9884762,32385800.449066203
2020-09-01,0.3608359665290817,1002954496.2633832,31858582.01218308
2020-09-02,0.3645604316922048,1026024660.7634878,39338403.097274125
2020-09-03,0.3385043223504094,940409628.6242418,32484121.934508555
2020-09-04,0.2747359906718063,765268935.6312907,28611495.714736465
2020-09-05,0.2889068248102463,803025268.6057024,30561132.089537084
2020-09-06,0.2628769559674589,732809212.7398916,21725261.801783588
2020-09-07,0.286634520791115,798291126.9552573,20020346.24390381
2020-09-08,0.282498513992497,781979025.3870727,16223424.699637664
2020-09-09,0.2758889977524561,765818691.0085216,17888981.11326273
2020-09-10,0.2854007668070948,794326550.8260112,11205379.641883409
2020-09-11,0.2990497368112226,831525498.952407,12693309.166218553
2020-09-12,0.2922090227566123,812203827.7990046,11233056.77150428
2020-09-13,0.2982619516299338,827702174.2911222,9118962.030149126
2020-09-14,0.283053851356541,784834718.12192,11997524.283525951
2020-09-15,0.2841184304865632,788974027.4811118,9281659.207547177
2020-09-16,0.2737553221270953,760777782.9484296,8046000.477945521
2020-09-17,0.2717113537101103,755030797.6943507,7302603.166900522
2020-09-18,0.2802741497144307,779430527.2096282,7922872.010730838
2020-09-19,0.2725551646005196,755938973.6013058,8450941.743874237
2020-09-20,0.2720111403710815,757840873.7681545,4964700.90926053
2020-09-21,0.2629610076891751,731617007.5022813,8339844.273402183
2020-09-22,0.239716196970237,672102925.0945277,12215597.708107198
2020-09-23,0.2442083478529523,670718049.8078144,7540966.0917239105
2020-09-24,0.2331142976723177,648412210.1745921,7932707.034474682
2020-09-25,0.2471244900688094,686365299.2207049,5952145.098873168
2020-09-26,0.2552787676545243,710273397.107348,8609166.671543851
2020-09-27,0.2635227350970029,733600341.3631455,5881443.151483766
2020-09-28,0.2599091406664812,720592722.125475,6041535.740615967
2020-09-29,0.2688000153669508,742580973.2571106,10526405.147151385
2020-09-30,0.2738460566492164,761783110.931935,8038308.84321857
2020-10-01,0.2830091839478007,786526382.135767,9874601.159415811
2020-10-02,0.2724065437877593,756380491.8059977,10856741.036457729
2020-10-03,0.2684890841088233,745096853.3514234,14235855.899789069
2020-10-04,0.2656409995557664,738165398.8324205,12974789.344566988
2020-10-05,0.2751187023142159,766027759.2733549,6895907.033429462
2020-10-06,0.2713591536309412,753549836.9162236,6770210.6180949705
2020-10-07,0.2533298342826076,702663550.7713168,10028200.227012511
2020-10-08,0.2567398076030698,714286686.024915,6878921.788478703
2020-10-09,0.261620425067715,725649451.2790341,6574772.075161392
2020-10-10,0.2701462354120596,750332097.8308946,7524671.83092871
2020-10-11,0.2772973967444777,771073391.7943025,11661838.647488158
2020-10-12,0.3068833964543372,842336914.5586553,16818393.447923914
2020-10-13,0.2904341851226706,808445108.1691858,10380419.046898937
2020-10-14,0.285016670016454,792421917.5345948,6875418.504228388
2020-10-15,0.2744775061150064,762631299.6716679,8272421.256031689
2020-10-16,0.2756416373658383,766968615.2590542,7261319.790194021
2020-10-17,0.2640808787620455,735322003.9401122,6771297.859042453
2020-10-18,0.2696008954968102,748386407.5472974,4273087.916606395
2020-10-19,0.272704364712542,757533008.0133172,3350168.316051017
2020-10-20,0.2766895354675825,767969353.1280257,6323241.077634679
2020-10-21,0.2635769395120241,733285845.937427,6161989.331023473
2020-10-22,0.2806646668374773,778871963.9591119,9158742.974728316
2020-10-23,0.2819130167695958,783809150.4107237,9447604.466270974
2020-10-24,0.2756429637091652,766576393.9402918,8895494.57576559
2020-10-25,0.2868745265221165,796441544.3338305,6704098.180048451
2020-10-26,0.2776445273522152,771601460.4915812,6721563.896965234
2020-10-27,0.2737846058021509,760754901.8444612,8412876.374568695
2020-10-28,0.276820777309906,769187196.3137592,9401607.981772177
2020-10-29,0.2680485160583465,744078090.0878642,9018463.208323304
2020-10-30,0.2586050840031959,719877122.1737139,8733631.072450705
2020-10-31,0.2564817041877394,713043880.9430143,7927304.687186635
2020-11-01,0.2524775507697274,702261900.7824491,5560410.082822019
2020-11-02,0.2504629962418577,696478393.7614605,6324023.186558378
2020-11-03,0.2463838330094449,686316737.2675172,6804510.177174144
2020-11-04,0.2444165306898145,675491321.2655423,8700874.772355376
2020-11-05,0.2356835536099291,653512316.912029,11455649.632006705
2020-11-06,0.2492781091878999,693392627.3050022,12444806.853980009
2020-11-07,0.2661293814123875,739976829.4812516,13974807.669004057
2020-11-08,0.2566463656702147,714315269.0602851,14081679.42841655
2020-11-09,0.2658526602814786,738657900.1579235,7747440.327233046
2020-11-10,0.2511385824869137,696490504.0318432,18759830.074107427
2020-11-11,0.254055920159484,706105913.9926649,10161586.411792692
2020-11-12,0.2507005915865288,696213067.616765,9345691.111941412
2020-11-13,0.2480819946667487,690686375.6106443,9571595.951884124
2020-11-14,0.2564640582408941,711833889.6073025,6497016.799459246
2020-11-15,0.2522791704492071,702171275.6556388,9685263.147525206
2020-11-16,0.2498076072309535,694271146.2299566,5378960.063629617
2020-11-17,0.2534341093634862,706134312.3490382,7134969.437732942
2020-11-18,0.2653373361590567,737909254.8658428,9800935.538551692
2020-11-19,0.2569006470811014,713271693.4290229,10872685.726085862
2020-11-20,0.253033630775762,702789439.8916883,7651863.2436956065
2020-11-21,0.2650140278742836,735921087.7468197,11074074.8456791
2020-11-22,0.321463647972818,885571674.1560515,44781992.33347438
2020-11-23,0.3176559486251009,888582943.7127869,45094004.0547905
2020-11-24,0.358107196893954,984184032.07984,50959863.32762401
2020-11-25,0.3818575018995613,1065064143.6638672,82628718.83490437
2020-11-26,0.3531602558931031,980313320.85157,51235184.50598291
2020-11-27,0.3026786369750233,841290758.0571175,49920873.30781294
2020-11-28,0.3129143350716539,872566470.9565213,24210954.87944288
2020-11-29,0.337877099558625,941626360.117576,24578650.32519244
2020-11-30,0.3425983142233251,949161258.1300764,20745892.255309023
2020-12-01,0.3504747601400883,974453548.3013676,27382306.842369005
2020-12-02,0.3279276819255142,912383979.8400484,27995140.33751251
2020-12-03,0.3440001128122406,956779040.9078084,16187986.545005497
2020-12-04,0.34800406959154,967351957.6764734,15426095.0560435
2020-12-05,0.3228704391553453,898524816.0668257,14680376.418470811
2020-12-06,0.3413414321822959,948768847.6880935,12278680.318421615
2020-12-07,0.3372837607820996,935603241.8612394,9630931.987465668
2020-12-08,0.318226141133216,884767319.900163,21113051.84236289
2020-12-09,0.2992196164897331,834346452.9795144,16139715.118855877
2020-12-10,0.3093598698212295,861100715.9303194,15896778.900559878
2020-12-11,0.2847715239254593,791820655.8201281,16225034.780245114
2020-12-12,0.2745320689603543,763070199.4062036,16259201.51158584
2020-12-13,0.2900548183831273,806620852.2909162,13697233.14316209
2020-12-14,0.3001702476595192,833723402.6828642,11499793.873127788
2020-12-15,0.301506185690729,836933404.3211281,11743853.500386989
2020-12-16,0.3037671214579331,844063089.5935296,12109411.795491025
2020-12-17,0.3281471850388828,911666641.9907978,19995264.16755933
2020-12-18,0.3197189828006851,888118296.2145149,31692743.62753992
2020-12-19,0.3236184605278444,897667105.3981533,17486380.90625417
2020-12-20,0.3403211652885206,943740768.8625476,21802199.88992444
2020-12-21,0.3234132093599281,898643622.2638465,21163980.819471665
2020-12-22,0.3070250800486029,857718477.4913862,21231448.0033213
2020-12-23,0.3076359735904644,855083504.8203336,17335624.06544086
2020-12-24,0.2662550850812059,751777426.47908,41660862.48060353
2020-12-25,0.2933613567288546,814166161.8637161,21839962.19836324
2020-12-26,0.2914648271921392,809575601.3316036,19210165.67899628
2020-12-27,0.2860772743887439,794627860.9892608,21785265.09626858
2020-12-28,0.2981512242188263,830806084.1914825,34740733.73594149
2020-12-29,0.3055099149059206,846534123.527552,21630487.15164192
2020-12-30,0.3019144276820416,840989104.2459798,18399719.81742777
2020-12-31,0.2956912339318157,819639370.9152417,15308263.227934329
2021-01-01,0.2964852907656114,821803965.3694795,26823661.24741573
2021-01-02,0.2919752162639838,811129879.9969841,16192289.693129135
2021-01-03,0.2862262982598449,795757721.03716,25087512.759302907
2021-01-04,0.3103259268064553,867766903.8889997,35751995.51022809
2021-01-05,0.3376321386455297,945648455.9943832,57758047.74447807
2021-01-06,0.3533468775852771,981278731.3089,87923628.98550887
2021-01-07,0.3805463252634661,1064385797.6071756,78914285.76028492
2021-01-08,0.3837515924324857,1055741868.0127788,66078916.87850416
2021-01-09,0.3687991856445614,1023134404.8276604,42349262.15411238
2021-01-10,0.436626142813068,1221062667.8408978,165588969.12523055
2021-01-11,0.4289415212066785,1186607206.2500758,88317496.47009796
2021-01-12,0.3684269446913553,1027485783.6684252,66850345.85858111
2021-01-13,0.3584837543112294,994835244.323058,40231124.07844685
2021-01-14,0.4149304922611391,1142182317.170428,52687846.3225436
2021-01-15,0.42196706244227,1168946301.6716008,48556078.41606168
2021-01-16,0.4289220323382579,1185756996.2435822,68594938.69940965
2021-01-17,0.426466577061863,1188633189.89594,54654663.92811214
2021-01-18,0.4332906562021577,1220179054.7231188,45379398.58874901
2021-01-19,0.4737515179644579,1315106165.3445573,78236462.75989862
2021-01-20,0.4691997176757492,1313358823.1154244,64681826.84028906
2021-01-21,0.4708909896210168,1307237391.4640973,52878878.0602764
2021-01-22,0.4217348317278965,1188146429.1718156,72098554.02617703
2021-01-23,0.4558610872774367,1260430812.217768,49095789.25120934
2021-01-24,0.4485358742321914,1245431139.1184304,31245685.593715675
2021-01-25,0.4550582493357982,1260555516.0988908,34545682.56126075
2021-01-26,0.4336757042656004,1211518631.26906,45151035.33644453
2021-01-27,0.4311358771357672,1198679783.5040395,37260435.92621013
2021-01-28,0.3929449771769884,1088708267.0021212,39294062.08779904
2021-01-29,0.4047054342060743,1136499356.279231,35040520.910162
2021-01-30,0.4105185564668245,1145630173.1647213,56134309.77028745
2021-01-31,0.4254806705560051,1180905310.6580982,51641192.87418238
2021-02-01,0.405257329142534,1128372612.2610338,43126423.31369301
2021-02-02,0.4124065083979011,1145962314.7915907,46253473.50898573
2021-02-03,0.4285784678930692,1192452665.7142842,40756026.993311286
2021-02-04,0.4527536006004536,1252950332.0339658,46661570.96276996
2021-02-05,0.4379423176272178,1224105794.1928444,51672075.950949766
2021-02-06,0.5181177151681079,1442830533.982465,141657722.10359594
2021-02-07,0.5611670194480982,1564917791.5703428,193754882.13408625
2021-02-08,0.5555444243449723,1550320470.5132408,95412502.84179778
2021-02-09,0.715361661296761,2012972322.625663,203342367.0815737
2021-02-10,0.749650603623069,2077158485.8595452,232837932.86973155
2021-02-11,0.8862962197469882,2494325975.961007,275338057.1704761
2021-02-12,1.1738026160146668,3286214297.2691684,922682216.8353606
2021-02-13,1.229851214295104,3428552226.8505077,369019785.23962426
2021-02-14,1.298356838991244,3630320974.8219256,353902794.6379888
2021-02-15,1.1852004508539289,3316547242.044002,241904984.6298032
2021-02-16,1.2636466414044851,3499996494.0835905,493757195.3718752
2021-02-17,1.2566416128239712,3498064703.122983,331317428.47742563
2021-02-18,1.2955643974631927,3608366078.32953,234961789.32995188
2021-02-19,1.4759537259076148,4092043198.595855,407384937.3151481
2021-02-20,1.484623079176253,4126554807.823473,339256016.11385345
2021-02-21,1.3870915015147716,3803096673.6602345,258414143.2452393
2021-02-22,1.400311489361476,3892526593.491592,161004046.40878183
2021-02-23,1.3143001632691167,3643864167.897183,318036276.5717131
2021-02-24,1.0758974684308689,2988780325.717716,340304845.0946098
2021-02-25,1.1926934161735483,3302611040.141523,282149517.3789561
2021-02-26,1.0976304561667212,3116306767.36012,153894460.59868908
2021-02-27,1.1258060409374362,3132521269.051732,139523542.30988476
2021-02-28,1.147962901140968,3184951153.0464544,131257235.5874507
2021-03-01,1.116193664161712,3131231522.952899,112534983.31023572
2021-03-02,1.20959998236289,3356154651.44188,112956830.90020058
2021-03-03,1.1842383337023854,3294022653.889908,117018943.29376
2021-03-04,1.2211561879137258,3438415476.958672,119060973.43552628
2021-03-05,1.2754968874509085,3551693789.92978,229005285.41177917
2021-03-06,1.331626339565251,3678719182.416985,415508368.8608731
2021-03-07,1.285725978499527,3573714293.2363667,140208468.2859723
2021-03-08,1.3123947753258012,3648039599.937573,113415615.954303
2021-03-09,1.3021343631850826,3621381270.1618166,104196164.8786342
2021-03-10,1.407355716035687,3889929102.782249,142792368.7119347
2021-03-11,1.3049666075514896,3649354933.836948,125015583.6286778
2021-03-12,1.390404009336505,3861721881.851461,255741660.7877354
2021-03-13,1.3247666336008896,3693236180.660382,159949842.57048237
2021-03-14,1.3709250242633324,3811790033.150328,104770734.38040905
2021-03-15,1.3187898865672498,3685104363.29649,72831734.0915542
2021-03-16,1.28164495057053,3567023666.6112742,136906431.83676407
2021-03-17,1.3329295016550229,3687237565.307607,120297012.67614242
2021-03-18,1.3580454609187569,3769149923.99752,93002827.82249355
2021-03-19,1.3296022286668552,3696528599.1546106,80093008.5399766
2021-03-20,1.3376773261039363,3707989510.0384026,67917181.95107108
2021-03-21,1.4216763503459977,3951942046.852693,190455565.72845444
2021-03-22,1.4088541332146605,3903488414.584495,111208870.57163776
2021-03-23,1.4873390302427327,4143162228.979729,230500379.18837032
2021-03-24,1.6755815855697584,4644510192.220185,560612636.1814779
2021-03-25,1.4223363119622772,3968931749.8733134,219138925.86607987
2021-03-26,1.3361689073411385,3707555417.461791,186458873.09911773
2021-03-27,1.4531412621769355,4040798180.816522,155232579.86854506
2021-03-28,1.400493624285574,3920049536.4467087,118637924.65831472
2021-03-29,1.393681189082188,3882554381.5531898,98730927.62535298
2021-03-30,1.4895865838727058,4127018546.268729,137247907.7735686
2021-03-31,1.5289946160056274,4242456380.284157,128290341.0947098
2021-04-01,1.5265500347568606,4246360636.736556,125247575.5218495
2021-04-02,1.5785781630881477,4391363683.415004,150111909.68347073
2021-04-03,1.6226009198707674,4511133412.90244,116688506.07402326
2021-04-04,1.4785257763282604,4124672559.646642,102003232.02090554
2021-04-05,1.5522128552938192,4312073530.605207,77138137.98818934
2021-04-06,1.7128874516057824,4747740882.1237135,240840131.19357085
2021-04-07,1.802971790803788,5010126663.729907,184452779.58454645
2021-04-08,1.6701857229444714,4653028262.404581,173752860.21639857
2021-04-09,1.8986783204846736,5281016774.067123,256056790.3644621
2021-04-10,1.8879823014584587,5267036777.227567,244026823.70197117
2021-04-11,2.080050992812347,5771580112.218381,304368671.0104115
2021-04-12,2.102033924785792,5844387207.436337,221441574.43844107
2021-04-13,1.994507345820504,5495376003.014038,153340064.93075633
2021-04-14,2.187408876731097,6095588574.793527,215734242.1610285
2021-04-15,2.116183959863038,5891905983.965589,243635116.37001568
2021-04-16,2.1887159621044328,6088409390.821553,125068591.28036238
2021-04-17,2.5249534040088304,7053700419.512608,479819140.3923944
2021-04-18,2.3416932174362506,6504518090.650095,328833155.8398049
2021-04-19,2.3646972547413587,6612984238.887806,597678636.0865806
2021-04-20,2.1247655768068063,5946398699.534509,431303723.681376
2021-04-21,2.1914699827958617,6130732229.27704,431007388.5115122
2021-04-22,2.06939072699458,5751934193.615617,258845817.91399023
2021-04-23,1.8540230952865748,5158918698.52784,301983565.933814
2021-04-24,1.8418327127401148,5115172252.755556,422825386.474682
2021-04-25,1.667043516379765,4633597937.319403,192981966.67904305
2021-04-26,1.6282548804583163,4525783749.1287,212001208.10231
2021-04-27,1.9789754102106452,5487428623.453285,316911240.55347383
2021-04-28,2.191760711068856,6102426653.312485,251892508.996134
2021-04-29,2.181190641913209,6048370710.389877,257245975.0139424
2021-04-30,2.094676744717288,5822217445.619382,190576346.040279
2021-05-01,2.129713969393375,5900378410.47634,166287845.50846806
2021-05-02,2.104825863315269,5852122551.781979,123983700.2441342
2021-05-03,2.0401588094906726,5669393797.002112,112463819.02029575
2021-05-04,2.082402460767481,5792392116.664388,172402387.1176771
2021-05-05,1.8262829439848087,5150867315.664399,224839038.9065436
2021-05-06,2.0185614990971934,5608496933.610663,200822838.16777045
2021-05-07,2.216578452710128,6166958570.103484,448185154.7934605
2021-05-08,2.1747153189944526,6039163044.93257,401953202.87811327
2021-05-09,2.1552633852901786,5985688460.846339,180554729.73342356
2021-05-10,2.2433272088975973,6235395912.431847,198832349.1842594
2021-05-11,2.021235624488543,5618085627.905742,237376069.9371808
2021-05-12,2.091538070789096,5799285379.316772,153935473.76883247
2021-05-13,1.8307889319438728,5237857653.554146,182154763.39304304
2021-05-14,1.9615398668516013,5374953920.473197,334240537.38497967
2021-05-15,1.9459214209126408,5403111163.88588,173720601.6472706
2021-05-16,1.843218042410816,5084406122.487797,131296709.0854142
2021-05-17,1.988897842770852,5528201784.3273945,401645792.7915578
2021-05-18,1.8364486099222128,5104464524.962139,239030123.57738855
2021-05-19,1.8894231862792523,5192231093.3148365,172313762.36881217
2021-05-20,1.1591929173895346,3316370409.024308,410338314.8141223
2021-05-21,1.308922100688121,3638188617.314175,240550802.2793025
2021-05-22,1.074006252335458,3016460119.535508,239851319.9773926
2021-05-23,1.0184395927945769,2830783689.861598,144717299.7474879
2021-05-24,0.9107738904363808,2513483613.3508754,200250330.9491722
2021-05-25,1.0573878079623973,2949833230.096332,172110319.27273473
2021-05-26,1.0681848255830402,2971648059.1747084,118329801.4884697
2021-05-27,1.2640162867212734,3498858935.8887143,161655570.0665003
2021-05-28,1.1643710425444338,3232136943.06482,111989809.93559437
2021-05-29,1.0382462379028146,2884759696.3645825,100492692.87739372
2021-05-30,0.9741266919509376,2729381820.881285,64641992.30574131
2021-05-31,1.0231259683014362,2843809612.501724,61257193.11093643
2021-06-01,1.1040819615912951,3067870857.8543696,66969472.0634991
2021-06-02,1.1140469768827792,3102694975.560657,78011515.57143608
2021-06-03,1.2644093568178796,3514464097.735053,120199852.81412151
2021-06-04,1.3726949843640432,3839701705.8858366,153187160.68079895
2021-06-05,1.2459158573455578,3470091883.57488,123197641.55840506
2021-06-06,1.2016025087728337,3328316612.1823974,114586657.61999014
2021-06-07,1.242963227512319,3454853931.871156,67621630.45117086
2021-06-08,1.084016811415301,3044281692.57566,113501891.25921547
2021-06-09,1.1405033362542647,3170063561.2980485,156211606.7463672
2021-06-10,1.1658750572833774,3249543106.3382645,127778787.91637488
2021-06-11,1.1081690817755268,3066050211.4905243,56264378.196471855
2021-06-12,1.0299357883339109,2862737713.50566,70888738.07180588
2021-06-13,1.0174749806136143,2828102521.092996,69434306.65889274
2021-06-14,1.0894213727980415,3010594163.6324644,61811816.05638625
2021-06-15,1.1260249019923172,3129820314.812518,52272089.65439977
2021-06-16,1.1188811578400262,3109964061.6052365,48426851.82346094
2021-06-17,1.045872544054089,2904578753.117785,52226354.138808936
2021-06-18,1.0927429791160796,3027230494.213585,38535980.57663904
2021-06-19,1.0058303174170744,2807474983.403297,45000025.30355404
2021-06-20,0.9611584425359814,2672944732.0660534,47153678.65797672
2021-06-21,0.957705093627695,2661375303.1366124,59271538.672945686
2021-06-22,0.7496924441408878,2119140195.2941225,89986172.79335558
2021-06-23,0.7081444547943033,1950031737.00414,131885785.50090624
2021-06-24,0.7858801057272582,2175901424.170122,70715584.6503039
2021-06-25,0.8280440864701927,2297720103.735027,43255242.87164775
2021-06-26,0.7781405102547457,2170476976.3243046,51676208.42184056
2021-06-27,0.7740580788434441,2146479752.7355108,37802519.94643601
2021-06-28,0.7904242138467376,2192091008.659675,33871957.04068895
2021-06-29,0.8152705190878247,2262874495.63256,36600326.43104892
2021-06-30,0.8353107765702872,2342423989.54338,49682065.25636189
2021-07-01,0.8537957277694033,2367372031.631279,49250020.24524368
2021-07-02,0.8022951663708273,2226574665.566492,37428390.75921872
2021-07-03,0.8230059538120112,2284779389.4632344,37926097.140585095
2021-07-04,0.8282983429942247,2300504877.1451573,24246096.050311264
2021-07-05,0.8437101874718266,2350021110.434284,42723489.40332269
2021-07-06,0.823029088625824,2287254911.873203,45323828.99674971
2021-07-07,0.8467236258143797,2348276888.8350544,41748256.25021913
2021-07-08,0.8889204991620205,2471865244.7877555,58305233.862781085
2021-07-09,0.8121934911507365,2256466598.7025323,38835490.29774284
2021-07-10,0.8208347749375631,2281987402.990441,38868129.10743366
2021-07-11,0.7913418702739945,2201686127.646717,29161155.035348788
2021-07-12,0.8331870656230171,2313344231.586908,28920106.43988448
2021-07-13,0.7939592450390393,2209008423.6730056,25049359.555604137
2021-07-14,0.7486172402317727,2090941515.9208577,36456252.85908797
2021-07-15,0.733235755487093,2033585995.9941928,37302376.24178948
2021-07-16,0.6855559387492475,1910235184.0121896,34165062.94101449
2021-07-17,0.6500326602404435,1800213433.905546,30530488.76051909
2021-07-18,0.6842024453250612,1902514750.107435,42594647.94848775
2021-07-19,0.6819489525551741,1895606142.8779745,31442615.77348254
2021-07-20,0.6280803672078414,1751677203.4054956,34851964.00684509
2021-07-21,0.5909520883594498,1642520571.6655433,43558066.15068119
2021-07-22,0.643711720834128,1782278323.8831992,42393887.56243603
2021-07-23,0.6482538953559828,1804326426.2235868,30978878.91715072
2021-07-24,0.6754394092888321,1878641678.4826448,41908030.18475141
2021-07-25,0.7221336866095627,2006666413.203707,45623334.19196236
2021-07-26,0.7379121162765191,2048542084.294307,35405371.6129132
2021-07-27,0.7503253231592087,2086659520.4303567,70937638.01681504
2021-07-28,0.8626745943507498,2383511548.6202254,86551136.79952064
2021-07-29,0.831129635327917,2311628796.638266,45559530.5782045
2021-07-30,0.8447062142779971,2355606278.074222,32605169.918336418
2021-07-31,0.8269076933595426,2296405237.9785657,47105416.564530656
2021-08-01,0.9071219000162076,2509305573.1219354,69815386.79608013
2021-08-02,0.8660159612084419,2406463830.087422,63007860.81535424
2021-08-03,0.8942048887155102,2488935649.018761,42101896.03374629
2021-08-04,0.8529299306014435,2371183227.583345,42236222.91088305
2021-08-05,0.8715407825464879,2430239123.880868,33430638.27563854
2021-08-06,0.8789123239946343,2440417610.3622627,28904019.17137831
2021-08-07,0.912575585787549,2537481115.358527,44707465.18200309
2021-08-08,0.9287292172866568,2581253120.482492,49342132.00491349
2021-08-09,0.8687090950736124,2420921321.8056703,40607983.09701071
2021-08-10,0.9134742639770876,2513686740.960956,40066338.37802348
2021-08-11,0.9699220235391012,2686219138.536817,85874565.99276662
2021-08-12,1.0461901894957244,2897525810.066083,120629711.49148268
2021-08-13,1.0323740553395004,2853603232.9060044,82822364.72930002
2021-08-14,1.09964226951731,3043889069.593411,114680396.24373284
2021-08-15,1.1511501906052557,3215898001.0295186,113776459.1785414
2021-08-16,1.160203748225185,3221911865.9368987,55768138.17552654
2021-08-17,1.1046892726127853,3126012340.345183,86691862.26838261
2021-08-18,1.011446071219405,2831677567.705088,86567450.05374786
2021-08-19,1.0080217910951144,2807397365.797744,69761977.46951045
2021-08-20,1.043267042385217,2865575027.975448,72119499.26344262
2021-08-21,1.1038733160013827,3067885870.93346,70682973.74843818
2021-08-22,1.067010013906091,2966398399.140569,53252444.17736554
2021-08-23,1.154791039716783,3202291052.2317696,101020907.09302887
2021-08-24,1.1521149134258493,3206499650.1455283,88369406.65642302
2021-08-25,1.0596600271267933,2966664295.9167128,84645919.58531077
2021-08-26,1.0828748499872187,3013009686.7418065,80988920.86889635
2021-08-27,0.9892035152567286,2750769031.006065,70451649.04460573
2021-08-28,1.036046704367744,2878573470.2353625,70013811.05016169
2021-08-29,1.0071478711532125,2794538528.970396,44491319.30370165
2021-08-30,1.0042834153448994,2789699646.962964,39939608.217763565
2021-08-31,0.96546314527099,2683420344.8400407,58893737.28523479
2021-09-01,0.9914585731984406,2756500069.824719,55207098.54863359
2021-09-02,1.1273600844234724,3121676664.130814,188598197.72211185
2021-09-03,1.5362710519345697,4285850629.367334,929847864.443414
2021-09-04,1.5662185381080185,4341390182.27492,494644225.5926009
2021-09-05,1.9965496994403544,5591315840.156317,823102584.9551426
2021-09-06,1.7929118882555326,4948299236.805523,369369322.9309411
2021-09-07,1.811921614996742,5068342500.086194,338641184.51332295
2021-09-08,1.509844334485506,4165702775.101836,410274343.3695877
2021-09-09,1.5195794357453267,4243149130.096463,355329270.0619124
2021-09-10,1.5585892978865892,4326035195.14896,206722818.6983774
2021-09-11,1.5248261357975377,4233108518.395409,266379607.33807048
2021-09-12,1.4934263100795386,4151230249.308267,109617130.34389514
2021-09-13,1.5129449809891655,4216383040.375544,105555815.45166646
2021-09-14,1.3978858920765649,3892343026.544279,119284675.90903652
2021-09-15,1.5646557477613132,4311416042.236702,183475184.2807487
2021-09-16,1.60669012823415,4465843867.270249,151839033.4521718
2021-09-17,1.5200011573151504,4218296278.886968,114730089.9733096
2021-09-18,1.7298327058499547,4808122390.914261,382935822.09613854
2021-09-19,1.6600397718162292,4610631367.732042,165149020.31217954
2021-09-20,1.5350782457182628,4266796471.174812,99947911.68088558
2021-09-21,1.3027021673863717,3599904236.027953,184481958.0456171
2021-09-22,1.2155789612409744,3353044326.945344,139291222.05055952
2021-09-23,1.3528633890166113,3756177814.7574983,142669958.44573903
2021-09-24,1.3808903781168358,3835520609.094314,108382028.02708855
2021-09-25,1.2565355040352757,3575727255.500786,115795015.41975254
2021-09-26,1.2324572861740424,3425148007.736766,65676435.41745944
2021-09-27,1.176280574122778,3251719657.272136,98843620.66634424
2021-09-28,1.1398693016200176,3156056561.730567,75985706.68096127
2021-09-29,1.0525309056031162,2936591799.342181,70334514.2319174
2021-09-30,1.0552444606735425,2925661449.951705,112346389.795491
2021-10-01,1.1549298651567572,3208757937.3386297,104512841.60097404
2021-10-02,1.320330912431199,3669257275.821049,134612586.52530196
2021-10-03,1.2803129512337406,3557919961.5651846,273055493.70077723
2021-10-04,1.2229292640111886,3441861507.2947,149010871.39186633
2021-10-05,1.2023789962754343,3345714989.825381,112210080.52001336
2021-10-06,1.2325706246315105,3421241151.528715,62040969.66754573
2021-10-07,1.2906173698066576,3581692038.5384774,207498434.86528933
2021-10-08,1.285461702055541,3572979728.8571506,128856940.32649548
2021-10-09,1.3352215549464992,3697781203.667804,136700588.49809983
2021-10-10,1.393746729498052,3872833727.935085,118954348.12828615
2021-10-11,1.4086768999138255,3919746900.424677,300973226.876998
2021-10-12,1.4670082923835344,4074980729.519624,589246125.4891149
2021-10-13,1.3491098331476203,3749891636.701617,163730865.64832082
2021-10-14,1.3643940542363715,3789566461.6747866,52673529.08402974
2021-10-15,1.36053823283947,3779781597.354918,48946205.32259914
2021-10-16,1.2986837058137046,3618019161.576521,68709971.79211792
2021-10-17,1.2920146936100374,3580836285.1313543,66272818.2484934
2021-10-18,1.2523913503865214,3477897609.673086,46500052.47711124
2021-10-19,1.2398384645471223,3414624854.649917,58596249.17364633
2021-10-20,1.2398558888847362,3440883297.7517614,37804361.81865367
2021-10-21,1.302372053496342,3616171696.939781,94540887.19552454
2021-10-22,1.2746971046960127,3568186656.8311543,86269433.53449117
2021-10-23,1.349339562845518,3775226462.242522,110363824.4535068
2021-10-24,1.3275227855900302,3701265775.30154,56875138.55736376
2021-10-25,1.3033773944856162,3613847795.743392,58555752.82316882
2021-10-26,1.346830254693557,3760120402.576684,47271450.76395698
2021-10-27,1.364803589575988,3807932373.01954,113470772.92880908
2021-10-28,1.2028670273109805,3330401300.267884,148199289.71717757
2021-10-29,1.2522554773746328,3483698003.902923,81746487.76568854
2021-10-30,1.293098204202669,3589818387.363368,65519154.36121248
2021-10-31,1.388292791110602,3857901624.324481,207688783.2318357
2021-11-01,1.476273929026268,4110710627.68574,183662379.33318543
2021-11-02,1.4087913822265892,3883856353.9281406,100165846.26524702
2021-11-03,1.3976062960570357,3869026402.011632,80710571.7778807
2021-11-04,1.3676158105578513,3800640789.264496,100191990.1673134
2021-11-05,1.34485619397303,3738196609.365048,81655629.7246227
2021-11-06,1.369693340005841,3807912326.530056,67186221.50474158
2021-11-07,1.3450996413614331,3741621990.14973,50766968.69679765
2021-11-08,1.3424986897353226,3726902844.233148,45838468.032131374
2021-11-09,1.3838976837160428,3845304126.776786,81481340.35471015
2021-11-10,1.4197417057260482,3937785696.363007,167118820.3478837
2021-11-11,1.2987206252698087,3603004773.8619576,156576311.73048672
2021-11-12,1.341655706358365,3725933097.535316,83918955.92178725
2021-11-13,1.2888244135298688,3578309365.665476,60204529.2278167
2021-11-14,1.3231468442934722,3675170024.154275,50464680.32589454
2021-11-15,1.3121735994072008,3634313622.6351767,30661074.98310531
2021-11-16,1.3335368133486727,3707377859.285696,60496427.51497849
2021-11-17,1.3682344765512513,3803049162.198898,372347005.4956162
2021-11-18,1.4369653037975056,3997747607.298477,415927449.49858993
2021-11-19,1.2444682726109022,3459037250.3003664,176401911.17375135
2021-11-20,1.318127682303777,3663775810.190076,91972514.8975808
2021-11-21,1.3150532073997931,3653877959.532514,68404553.11637618
2021-11-22,1.3673990027130072,3779472755.371677,107539123.90167464
2021-11-23,1.4308871283760798,4010229514.889464,490075655.4630909
2021-11-24,1.469431854193597,4045792657.678715,175740110.3940934
2021-11-25,1.5104265376472088,4204985366.176908,201940529.41255647
2021-11-26,1.5928557902413794,4442155846.444571,217228570.7473693
2021-11-27,1.3740386537995586,3816728181.567288,153111609.9392711
2021-11-28,1.3632906857840266,3811545910.489483,45342390.21955302
2021-11-29,1.3493737652817197,3750688498.7644897,78188369.99689946
2021-11-30,1.415013437969512,3933072702.081237,76926300.4183235
2021-12-01,1.4503174995220267,4031201410.2891536,94622766.59425908
2021-12-02,1.386369731474267,3853456652.452383,60012334.28046996
2021-12-03,1.5065444685081013,4187775840.632745,232874961.25704795
2021-12-04,1.4017664942588182,3896252420.8764863,91030342.12781492
2021-12-05,1.202900334299281,3309886770.546847,176043957.33043435
2021-12-06,1.1491189215364388,3195513502.8899007,71092406.17861602
2021-12-07,1.174679837337245,3265058181.034667,92193768.39111426
2021-12-08,1.1795645590534871,3275427723.209228,70546362.51655687
2021-12-09,1.1991519423549497,3329454437.0695853,57124432.8027697
2021-12-10,1.1547975173966702,3218692339.771049,78691650.58443046
2021-12-11,1.1174056876260254,3131543688.912062,59868178.4737745
2021-12-12,1.1463493151270918,3186312636.610473,45480515.47887885
2021-12-13,1.1391030241635152,3156944178.772809,43232823.6084617
2021-12-14,1.0311492012550525,2874662679.063242,52847506.16151212
2021-12-15,1.0607818987537567,2942633120.0286703,40048460.82075129
2021-12-16,1.1142705370150725,3068116655.318196,57392497.57257573
2021-12-17,1.1385860217390626,3154445717.964459,58849103.45191046
2021-12-18,1.1188262653570806,3108642222.670503,62582605.18861967
2021-12-19,1.1281631339041676,3138559928.520734,31928843.366765723
2021-12-20,1.0758988212029743,2994225972.3519864,38895664.11796705
2021-12-21,1.080159629752112,3008106163.6746182,45663969.491662055
2021-12-22,1.313468031232353,3644105634.0328746,160930767.2214397
2021-12-23,1.274761286928164,3542629353.193666,134285048.65269902
2021-12-24,1.294785382102973,3596080235.814371,74895485.05606838
2021-12-25,1.2882672468088217,3585335841.1534486,61060473.18063191
2021-12-26,1.3147512480801555,3654390909.016026,83553695.54393794
2021-12-27,1.3927830111947346,3870303820.784904,110367212.04191324
2021-12-28,1.3831479121406052,3849642078.6979866,83520134.63070258
2021-12-29,1.4385296389296591,4048036205.648672,297004284.1990324
2021-12-30,1.4908852358385822,4122354813.590181,238584221.46267617
2021-12-31,1.4306273970951364,3970491239.449909,121156613.45429868
2022-01-01,1.3690750662452669,3815653654.921154,112382729.23468332
2022-01-02,1.4186817123035642,3943268781.680104,65979221.19233874
2022-01-03,1.376932846884205,3842966750.250612,55348393.43769636
2022-01-04,1.3907396034603192,3866270524.8832455,56381692.57724258
2022-01-05,1.287136270125527,3620727615.303382,98184646.268872
2022-01-06,1.1810963682325846,3284872883.290552,104750107.83313736
2022-01-07,1.1980491645775635,3334950008.563345,86842555.424421
2022-01-08,1.1138833351610304,3095655334.1287293,74216643.02174602
2022-01-09,1.0876340008134693,3034424326.8954096,60833111.14938008
2022-01-10,1.0718185831508105,2982606167.28126,60236705.24216838
2022-01-11,1.11288268964897,3083289066.23146,77209999.18787776
2022-01-12,1.1439222155637068,3181626091.2177525,81491717.43298617
2022-01-13,1.1933222482341392,3317865113.765121,49721315.99362218
2022-01-14,1.111844822598823,3104810439.507297,72534930.69306073
2022-01-15,1.1195655427605962,3111866330.21738,42445343.86721289
2022-01-16,1.1298851255370324,3139910279.052029,30892562.2675227
2022-01-17,1.1367893796352475,3162495955.0771213,26757976.545492157
2022-01-18,1.169838885554147,3252460760.588644,68792821.2966739
2022-01-19,1.1033781920495829,3066778759.799183,80589607.24510333
2022-01-20,1.054103615841648,2929912921.944448,41983301.98585849
2022-01-21,1.021187944337021,2840263433.3651733,51336214.29015873
2022-01-22,0.8569655038884276,2389572867.7634425,94317021.0782976
2022-01-23,0.7804132160342716,2161547760.434177,94907237.78183886
2022-01-24,0.8165543895723781,2260355303.1872387,55916952.72390782
2022-01-25,0.791470094601375,2199915096.2532363,62704308.2912005
2022-01-26,0.8173756432721536,2272569947.9373026,49522980.235112816
2022-01-27,0.8080421631756093,2263592278.416064,46931438.52983816
2022-01-28,0.8025234912872933,2218338610.865068,37780630.017383374
2022-01-29,0.8214910482428552,2279458707.90518,28726378.09344708
2022-01-30,0.8337836834970535,2311392210.9585686,20197868.543250486
2022-01-31,0.8188488595878263,2272990461.5833,21739201.65892157
2022-02-01,0.8357743682208439,2320767053.0534177,24375023.611073703
2022-02-02,0.84390501536765,2349304903.4160514,31461166.425700065
2022-02-03,0.8411222837478043,2340160953.265643,48387628.35995937
2022-02-04,0.9278980204489498,2579671633.188546,50662405.88979664
2022-02-05,0.9644905750815144,2659053223.204601,54523751.10342199
2022-02-06,0.952547265762008,2651610455.6556587,47112348.26351093
2022-02-07,0.9584321641452912,2665228867.471224,24714121.79996012
2022-02-08,1.0079101339931713,2800066986.609772,50672819.8850779
2022-02-09,0.9967380955677904,2776142402.818577,54471345.83163633
2022-02-10,1.02121789534777,2839680337.8481355,77082050.7862797
2022-02-11,0.9509083626206806,2644351286.958115,56666144.7824945
2022-02-12,0.8753331064691642,2432756135.708919,37054922.58082961
2022-02-13,0.8731612117266392,2423162693.4626107,26052382.38943424
2022-02-14,0.8536823372296015,2373705131.431631,24188177.99817494
2022-02-15,0.8475991022865698,2355155290.9629955,31252277.91330376
2022-02-16,0.8990158140330804,2503015433.3276663,36057052.73437406
2022-02-17,0.8975848550661102,2498858510.973265,31091347.705244496
2022-02-18,0.8235217338609517,2291409344.818711,30830152.32369231
2022-02-19,0.8045221235728944,2242625905.1386976,21787345.373372693
2022-02-20,0.8336998623011054,2312518155.2227154,36082133.06934495
2022-02-21,0.7924738757393451,2206693116.333092,34333863.13138685
2022-02-22,0.7134784592922508,1987587409.420828,56534929.52887864
2022-02-23,0.7519341372550191,2091628632.011512,36222725.356521234
2022-02-24,0.7173328271111681,1995851671.7761395,28620497.182229847
2022-02-25,0.6931466489589647,1928607589.1693847,62256730.29678555
2022-02-26,0.7392427363114215,2052570987.2215376,34633189.64336612
2022-02-27,0.7446745315129039,2062861023.1372163,23565430.1125103
2022-02-28,0.7167307055602123,1990604038.60217,36565767.834429465
2022-03-01,0.795821847357974,2208093327.940118,43872727.9584807
2022-03-02,0.7998230548287948,2222704737.35547,46821601.51847377
2022-03-03,0.7899003109878849,2198162733.8823347,37557021.74997944
2022-03-04,0.7612178187908613,2120019824.3082323,29742751.63437715
2022-03-05,0.7113380506783216,1980715714.121788,29149357.808449797
2022-03-06,0.7372219089322761,2046322139.6101773,21874537.44403905
2022-03-07,0.6958992272698161,1935814233.959292,22575004.823468957
2022-03-08,0.6952443979863896,1932704175.8254983,31308724.260190904
2022-03-09,0.7040397164204879,1957220161.5096805,23735765.374821376
2022-03-10,0.7387907220458023,2050452341.7677004,29065526.72054572
2022-03-11,0.7355640707250475,2045575435.7381911,96742212.0904108
2022-03-12,0.7138537135028443,1989022416.6404512,31085848.22595875
2022-03-13,0.7008681195639184,1952196242.3585565,23456676.650210205
2022-03-14,0.6819371628731006,1895449927.798716,20230086.10583324
2022-03-15,0.7103273671854228,1973746321.51975,25662543.77449569
2022-03-16,0.7043376646948446,1959436290.5456247,24250911.080436166
2022-03-17,0.7233034721206313,1976598984.3842285,29206863.076129563
2022-03-18,0.7174214028025274,1992466194.340138,20127302.891639747
2022-03-19,0.7298020356002463,2028513389.439201,23057025.1577001
2022-03-20,0.7493867629790147,2082196917.5519075,35095230.94284611
2022-03-21,0.7537826081578417,2096880050.6427147,55731060.305467926
2022-03-22,0.74529575102219,2071051019.0641367,42360364.65986833
2022-03-23,0.7757151263696948,2157759496.4931264,51332593.63297883
2022-03-24,0.7811612464644003,2173560769.4184813,37183301.2613432
2022-03-25,0.8018701246409853,2231865271.9987807,67718412.04837859
2022-03-26,0.7821403902441256,2171607681.973959,47932638.0486334
2022-03-27,0.8313759054314136,2310587836.4885964,44455760.94442464
2022-03-28,0.872884675463011,2425428754.379894,81817980.40944377
2022-03-29,0.8483428817016156,2384712004.442869,72322862.0733055
2022-03-30,0.8626583195185407,2392083555.286762,68957600.0656365
2022-03-31,0.8910932405358537,2476894230.278496,59316138.699144855
2022-04-01,0.8608592688496094,2392762934.257214,141261891.7831908
2022-04-02,0.8908096884058577,2472157768.0499773,75172121.6265486
2022-04-03,0.8955471088431488,2493673211.6029463,68874717.88011773
2022-04-04,0.9022370207361275,2505744052.420861,45732374.26596417
2022-04-05,0.8646240778898694,2403153233.1418767,50350836.95625239
2022-04-06,0.8258895745019794,2297283456.0512547,43955053.14736733
2022-04-07,0.7364426333513877,2055947182.5015852,78584041.16033436
2022-04-08,0.7683072598472579,2136635108.0710728,40819138.00424263
2022-04-09,0.7221497668573894,1998876536.9081104,38344322.58381742
2022-04-10,0.746573518717481,2073469627.343473,25196056.208094183
2022-04-11,0.7174847830440823,1997769179.5195956,26065304.135899156
2022-04-12,0.6503901505054646,1811485024.1139312,53117486.891570605
2022-04-13,0.6672458849964772,1851804360.7888331,80121116.94999042
2022-04-14,0.6862918027183977,1907176784.6701195,84436132.71895143
2022-04-15,0.6652255575802061,1849539564.2187736,85846098.99354827
2022-04-16,0.6775654368876434,1878717009.416068,37157517.67301967
2022-04-17,0.6775238261690509,1888965638.9200103,26904289.89927624
2022-04-18,0.6483767445390146,1802144036.9734745,26526109.47696072
2022-04-19,0.6673007357612143,1855165500.4947395,54285496.23700184
2022-04-20,0.6842542388639237,1900641019.094142,38738481.21915112
2022-04-21,0.6776502246157661,1880049804.3502693,45660053.27838389
2022-04-22,0.6641280229654529,1842930485.062426,60643078.00876043
2022-04-23,0.6749199612257659,1875960471.0156689,56609651.70684633
2022-04-24,0.6828893876935981,1905188358.893234,47209357.75739894
2022-04-25,0.6607022418226955,1841944916.8834448,42911794.384764776
2022-04-26,0.6503777322176699,1807559574.6560984,66962871.554075
2022-04-27,0.5992738115473769,1666160235.0279996,51949034.615258925
2022-04-28,0.6181512571044296,1718441757.570168,40031584.4541904
2022-04-29,0.6162323652351572,1711233169.675726,34457522.60828244
2022-04-30,0.5769036829668529,1598825062.417977,41620005.18112151
2022-05-01,0.534308490447614,1480032561.725142,51383334.388655946
2022-05-02,0.550815788887722,1533213158.256131,53998841.35461795
2022-05-03,0.5377334727828401,1493102967.6526234,55722622.597083
2022-05-04,0.502467952807969,1394880182.589919,65850736.77018771
2022-05-05,0.5580729409195182,1552944494.3664582,67414117.42251353
2022-05-06,0.5010564675413375,1392701625.1633282,58471396.39812505
2022-05-07,0.4962106328747893,1382377716.4728813,39624316.78984036
2022-05-08,0.4786774108919051,1331877988.9574564,27584728.40939825
2022-05-09,0.4653872504602875,1296783547.48649,40364412.20492325
2022-05-10,0.4017516720014345,1119381694.4915924,81112575.11228558
2022-05-11,0.3924305301718884,1088386102.967883,123969052.50226648
2022-05-12,0.2952328813365402,783717740.1067669,162980149.8867691
2022-05-13,0.2964762379787867,822555156.8527522,93123312.5648433
2022-05-14,0.3178444876072967,903526158.850164,58543906.70987264
2022-05-15,0.3507420834478456,974123064.9612594,46566437.38127376
2022-05-16,0.373938095221588,1039372259.7396069,57427389.408129424
2022-05-17,0.3593065416886342,998703413.603362,37958189.3585508
2022-05-18,0.3941378466186826,1094657358.9683323,54236443.0100122
2022-05-19,0.3331717467538986,926060959.6350102,36481180.72845927
2022-05-20,0.3412001026184736,948917831.9910928,38656276.681314416
2022-05-21,0.3190297975229698,887036988.5179591,28051514.35865056
2022-05-22,0.3297867271339156,918968110.6623448,30460761.849331144
2022-05-23,0.3521224903999487,979533516.7843884,32474571.45575705
2022-05-24,0.3317146666624972,921298873.542196,31661022.13220202
2022-05-25,0.3398542758035694,941816205.3244038,30132723.264490683
2022-05-26,0.3354048240183645,934000599.6722516,25074670.405060157
2022-05-27,0.3111956841717083,864344868.3986284,42758377.90616544
2022-05-28,0.3024802759066096,840653646.6151476,33851779.27626476
2022-05-29,0.3205775072125831,891278359.161002,23725333.494179346
2022-05-30,0.3265108565239273,909259456.4869474,24653366.03427022
2022-05-31,0.3486844655190202,968816247.8090374,36164529.08722956
2022-06-01,0.3536306389761416,984866966.1182364,27661606.73645537
2022-06-02,0.3320301678671439,924738233.3012396,40093903.27474788
2022-06-03,0.3564558213661871,991547711.1494572,19412545.73353169
2022-06-04,0.3478913756466962,962448280.4630212,30177129.22512185
2022-06-05,0.3496308943714048,969123514.6673986,14495782.339352235
2022-06-06,0.3488551437520765,971378725.999703,11500905.632068835
2022-06-07,0.3642850145569973,1015384860.3502831,36821000.87559862
2022-06-08,0.3551075063151574,990013661.5853348,30655307.189868096
2022-06-09,0.3502241941787236,975409429.770624,18594981.56672839
2022-06-10,0.3460127596114491,961185486.8308887,13382520.864474092
2022-06-11,0.3214649722832139,895488066.5332117,17262774.796785075
2022-06-12,0.3002941989079973,832384242.3867973,20360280.095047876
2022-06-13,0.2832243816830179,793926535.9231572,22951757.05270895
2022-06-14,0.2553964482829647,706923099.9004232,48778415.15017054
2022-06-15,0.2687859009778998,747776695.5013355,35896672.14341915
2022-06-16,0.2859385796423513,792777592.367509,41376525.86241872
2022-06-17,0.2546192523712917,707873680.987957,22030394.92941596
2022-06-18,0.2672089411366069,746175117.7392772,18080644.2045568
2022-06-19,0.2520841501830045,702086950.8521919,29194058.77256685
2022-06-20,0.2733890178845131,756326268.1230149,26853780.047126424
2022-06-21,0.2807097848411743,780321612.354701,21110976.31961006
2022-06-22,0.2880201584297142,799629215.7392074,23035171.009842813
2022-06-23,0.2853402362435532,793842502.405023,36578683.80577458
2022-06-24,0.3006409419311872,837106108.0779091,50934327.759557344
2022-06-25,0.3074729743017206,859087180.3641834,14748909.243523618
2022-06-26,0.3037089223061058,842887131.1493862,15858222.324297847
2022-06-27,0.2842960886951329,792428627.219313,15127181.71515278
2022-06-28,0.2907901451734042,808711228.0464008,18671251.526248515
2022-06-29,0.275298598510104,764831723.4472421,15247323.531822491
2022-06-30,0.2692222545540889,748512066.2375505,13362277.578508494
2022-07-01,0.266496694398065,733004904.2139219,15059320.870386556
2022-07-02,0.2635966096821827,740781188.8775452,14268946.604545848
2022-07-03,0.2704824409391223,752264987.839905,10537740.567994552
2022-07-04,0.2706575579236063,751558074.8366973,9120484.514393046
2022-07-05,0.2798310678938659,776760155.3173345,10223709.46680452
2022-07-06,0.2715289931619015,754130315.1638192,14308996.068171822
2022-07-07,0.2757357297979448,767199849.486096,10118731.450169887
2022-07-08,0.2877058053921167,801390693.3544072,11343704.759347605
2022-07-09,0.2828169871036746,789289385.7256806,14006348.937004035
2022-07-10,0.2898221197958506,805959332.640846,8235081.450561821
2022-07-11,0.2978460240048354,827780541.9057522,40653685.63539187
2022-07-12,0.2661788461909345,741400617.2653406,22552574.611202355
2022-07-13,0.2551549604447033,712157211.3002052,14882534.456394888
2022-07-14,0.2661156687927939,739456947.2558808,17689729.571432773
2022-07-15,0.2688486544514348,746011497.5867722,13226663.017325263
2022-07-16,0.2702865707075546,751917287.6436619,13361054.90269028
2022-07-17,0.2783214268911955,773468253.9109666,10462253.609167268
2022-07-18,0.2738598667055402,764611897.9392235,12395607.62593277
2022-07-19,0.2958820203291313,820119595.5493877,23813328.560311724
2022-07-20,0.3083619208760484,856983099.8947053,24147342.07317801
2022-07-21,0.292130379158786,816227942.162859,24366759.76408261
2022-07-22,0.299826526325798,834315800.1683917,14015316.378312271
2022-07-23,0.3024222300972178,839898678.0639441,29428184.1637792
2022-07-24,0.3026081860773795,841544189.1325861,13456864.222280389
2022-07-25,0.3026198011701469,845148117.7634637,10074004.008475829
2022-07-26,0.2763501753993259,773494507.6545224,17677069.034108993
2022-07-27,0.2756304926074707,766127222.2367604,14000016.058470013
2022-07-28,0.2978920925994818,826839190.6599746,20119884.55263144
2022-07-29,0.3143565260497438,872742905.1992841,25370867.415313043
2022-07-30,0.3121893974690486,877339651.3936248,25024008.52320871
2022-07-31,0.3164383655267851,878477694.5887839,30672385.751037627
2022-08-01,0.3185336972773071,886785749.1558858,21762635.76647837
2022-08-02,0.3382968820142645,936481111.7080553,36071406.89737704
2022-08-03,0.3225403272587232,899145850.6135414,25545454.329667658
2022-08-04,0.3211142440336751,892646688.3771391,19241530.10936752
2022-08-05,0.3317433315895525,918405940.2111888,18500407.29060954
2022-08-06,0.3390065820855582,941793262.5526112,18233319.229596738
2022-08-07,0.3417902971943961,949609304.6855056,11920725.461155904
2022-08-08,0.3433551655259653,952640021.0420938,19049536.089015
2022-08-09,0.3468333616297436,965947350.1713308,19656268.23354929
2022-08-10,0.3302782493389016,919091755.8635904,18392656.710572436
2022-08-11,0.3487021261439918,965744209.0559648,20986771.148930643
2022-08-12,0.3506429580402298,974291491.9464334,28560433.269739803
2022-08-13,0.3636698246646453,1010247789.3177668,18424994.3349212
2022-08-14,0.3604163566453315,1000711413.4866346,13329163.86897425
2022-08-15,0.3479433692239945,967544732.7415824,18965898.99032168
2022-08-16,0.3464718541240433,961643163.1236953,25362669.394346625
2022-08-17,0.3403867713378484,945033357.8779528,18622222.57156264
2022-08-18,0.3203359853082212,892142310.4178675,29447494.191855017
2022-08-19,0.3076275246598454,856772626.221795,15162298.484264337
2022-08-20,0.2847807014375934,790196509.711721,30535449.51467437
2022-08-21,0.2849121587563407,791212801.2787048,15683115.57446077
2022-08-22,0.2969884017853076,826348623.1003896,11360599.195545102
2022-08-23,0.2908539624834034,807516748.3179986,13930863.004544435
2022-08-24,0.2978397042203189,829173245.9517976,23928536.059880253
2022-08-25,0.2989132622183756,829586445.5342557,20968747.75625112
2022-08-26,0.3064136283275764,853646135.125292,18257897.944484275
2022-08-27,0.2791289516359939,772888842.1903628,29178546.27630673
2022-08-28,0.2808503669129375,780709238.4464794,16779310.031528067
2022-08-29,0.2740899211618015,764172269.0895963,11658386.245332483
2022-08-30,0.291579993521689,811351298.2489156,17258717.653146956
2022-08-31,0.2873559168564976,802179726.3053553,18652780.732355624
2022-09-01,0.2810093866946332,781141632.7789665,21063582.790537767
2022-09-02,0.2843204635681979,788177010.2900773,13120587.565193834
2022-09-03,0.2808495001901802,780314850.2547548,12390570.94095328
2022-09-04,0.2801156571423712,779614828.8858569,5773993.2745343
2022-09-05,0.2905146159486103,808154887.607514,15118227.155213846
2022-09-06,0.2821529100762966,783175147.2758875,12359668.833328951
2022-09-07,0.2607819691897313,727948426.3150797,23882657.485980023
2022-09-08,0.2769674314283614,771277619.5656638,17944542.247921865
2022-09-09,0.2795450341478296,777611523.2986194,19274059.91494007
2022-09-10,0.2921627564580182,811441910.7790744,19520264.68072133
2022-09-11,0.2956404745485961,823234174.8954561,17560983.598145686
2022-09-12,0.2913548330094762,810121159.7944049,14656625.477362078
2022-09-13,0.2912769498151864,808858038.1172233,23171718.212905847
2022-09-14,0.2686287798544861,747144634.9978307,23365584.45979348
2022-09-15,0.272571737157674,756357049.1618228,17242768.8150547
2022-09-16,0.261952620411567,728664304.0000908,20919094.04649956
2022-09-17,0.2620310490904293,727376330.4058733,19100960.335862137
2022-09-18,0.2710283138371211,753317482.6189265,8540184.145355133
2022-09-19,0.251709166164303,701500704.65498,16733041.551276457
2022-09-20,0.2606855655879887,725677146.1109244,21189312.211353622
2022-09-21,0.261973068141731,728359434.8595665,15739853.064689033
2022-09-22,0.2534359170530901,703839358.3443341,23554963.458411336
2022-09-23,0.2729252155539456,759301138.8555534,16351395.602353888
2022-09-24,0.2850590704775969,793359685.0666583,28320672.887623075
2022-09-25,0.2798257655558729,777795185.3492153,13437463.65678192
2022-09-26,0.274855376747352,762115591.5390296,10628606.0183281
2022-09-27,0.3124703025239318,868608874.0509856,133096461.155862
2022-09-28,0.3080784515344912,856932638.1776742,67643656.3317007
2022-09-29,0.2962599278755901,822818338.5943582,45876044.52805957
2022-09-30,0.2918376191569654,812158047.6575522,26974756.267437477
2022-10-01,0.2874179056834581,798108766.3172525,18362593.91504676
2022-10-02,0.2930985861674503,813845762.5805503,15828896.571622228
2022-10-03,0.2760652689698944,770901928.3726,13141077.724542037
2022-10-04,0.2787405649177834,774930902.8090227,12291356.558015617
2022-10-05,0.2820240168362279,784308927.4050542,12264218.797734436
2022-10-06,0.2747332052594683,763586507.8831869,14069035.448580109
2022-10-07,0.2680662098200838,745109506.2373465,13841352.894684387
2022-10-08,0.2663946294694524,741012195.1671447,10537490.645505035
2022-10-09,0.2680571988582425,745390948.2839938,6742797.1887771385
2022-10-10,0.2730192907262501,757418561.0649968,13907394.68916318
2022-10-11,0.2606896533919464,726851842.7159026,9426731.389781954
2022-10-12,0.2616500531824416,726061970.4771972,10669592.476877866
2022-10-13,0.2583053528350849,718087203.459142,5688447.427947323
2022-10-14,0.2554097951511541,710069088.458677,16198075.928172614
2022-10-15,0.2496073639182977,692837052.8027078,8615413.68210324
2022-10-16,0.2477329203097429,689740201.6673918,6882669.874129904
2022-10-17,0.2513768954591029,698646929.8860092,9240292.845960896
2022-10-18,0.2556863248527751,710884000.5201598,9228988.52472612
2022-10-19,0.2510976106377588,698220371.7870835,10101843.489601582
2022-10-20,0.2426224792334538,673283646.8807958,10715933.156467376
2022-10-21,0.2440510996658863,678124305.0363421,8054705.797539439
2022-10-22,0.2491045298338147,691915995.049961,10131774.17188962
2022-10-23,0.2487305621717615,691168891.2972385,5159987.219516388
2022-10-24,0.2516052091437397,698374015.3318188,6742340.005584944
2022-10-25,0.247166197452072,685980985.5986403,7902159.368095644
2022-10-26,0.2529981222276753,703699461.1277462,12356301.37114697
2022-10-27,0.2581409499515399,716666069.912752,13871292.27307748
2022-10-28,0.2528959824326675,704139364.4323295,14787527.26526925
2022-10-29,0.256093371930104,711589717.0023528,15060191.90878328
2022-10-30,0.2578064109679168,715137216.4466964,13855191.705301182
2022-10-31,0.2599679290083881,722185655.3379142,14204362.347211665
2022-11-01,0.2583806675103267,718558240.0509529,12274538.2741822
2022-11-02,0.2554034323227317,710040433.3870915,9801745.704247134
2022-11-03,0.2495962887949732,693970691.3287884,14162293.676605636
2022-11-04,0.2553912348802374,709055013.7084091,13477761.836843356
2022-11-05,0.2718411226657732,755406948.2360667,18898593.409050185
2022-11-06,0.2719410339199137,757041505.1749953,14953650.99760829
2022-11-07,0.260394125725154,724952838.0984672,11348999.11377417
2022-11-08,0.2611736210929292,724520705.2103045,14829077.124381918
2022-11-09,0.2351291901047766,656012885.7728227,43353252.35759828
2022-11-10,0.203625940925505,566733344.7999247,32416247.19619033
2022-11-11,0.2365447666233045,656069542.224849,30710635.58144737
2022-11-12,0.2307488597866294,638866656.327185,17899979.09496192
2022-11-13,0.2176379544413535,604321204.6529988,10779109.74348886
2022-11-14,0.2151167224495697,593100962.1414562,8530597.969190944
2022-11-15,0.2193190266293992,610888132.1430542,13024247.288636765
2022-11-16,0.2237991917237972,622759440.7920194,10940553.39128177
2022-11-17,0.2192138822540485,608373797.128666,10259167.081092311
2022-11-18,0.2189355852265151,608523902.0878558,9894250.789077984
2022-11-19,0.2179297951864331,605458829.7002294,8578328.182308694
2022-11-20,0.2234657065241043,621038288.0564187,8181732.077180536
2022-11-21,0.2161095895057595,600554206.7512871,18483743.997179467
2022-11-22,0.2175467064556397,604970311.4876493,35237160.75185597
2022-11-23,0.2157017394952303,598471717.1827306,15743139.880553603
2022-11-24,0.221189866564402,613891919.4741651,16547116.96276135
2022-11-25,0.2168030051213781,602032546.0131938,14436572.404887848
2022-11-26,0.2129141763948769,591425580.3048776,9986399.751191497
2022-11-27,0.2153727918122882,598538726.3288136,7152848.966109067
2022-11-28,0.2139760486979185,595597362.6498845,7301973.65751466
2022-11-29,0.2084029979636031,579462509.7841309,10657953.39486595
2022-11-30,0.2104937620059553,584755896.0762292,9341239.54921022
2022-12-01,0.2176506524833141,605205256.7510866,10723370.547041738
2022-12-02,0.2120906850160133,589425048.4201661,9660107.819734516
2022-12-03,0.2142902608156686,595623797.7871988,11807951.195635969
2022-12-04,0.2115771823845247,589877029.3565817,7109020.066170512
2022-12-05,0.213356410200967,592500047.5253841,7951070.703290509
2022-12-06,0.2155024019865896,598998408.3668507,10589025.123068566
2022-12-07,0.2138003235282446,593889670.8265928,11359775.878095286
2022-12-08,0.2060041954548208,573486991.4712381,11760152.35805583
2022-12-09,0.2079829135856086,577890770.5700556,10394964.384908715
2022-12-10,0.2063062439869119,573377570.0808076,10258391.90884794
2022-12-11,0.2094881335110174,582575258.396396,9722923.78528653
2022-12-12,0.2085335487051766,579439703.7382089,6510605.552754033
2022-12-13,0.2027424752407675,564379851.5966306,10285069.332939858
2022-12-14,0.2042486152510308,567755680.3680466,13518313.260850511
2022-12-15,0.1963797905744667,546222566.4988347,23201578.91798898
2022-12-16,0.1848060899790658,513896390.09462506,18764249.14883024
2022-12-17,0.1646543723909284,455758650.872161,23374450.799494635
2022-12-18,0.1717716823805195,477817272.3133597,11855930.526270565
2022-12-19,0.1692035976291613,470597284.2852104,5472193.053432112
2022-12-20,0.1615987248870239,449588896.5037582,9618200.35329361
2022-12-21,0.1668364802532131,463999120.0599526,8343647.173101124
2022-12-22,0.1655751813907718,459177950.141372,7573525.467377142
2022-12-23,0.1671859652248072,464434621.2861507,8014732.712371829
2022-12-24,0.1702484476795005,473042703.5948603,7377857.599035524
2022-12-25,0.1707812914318304,474972346.47260505,3776588.866579443
2022-12-26,0.1736463725351316,482316776.7022562,15239131.75666251
2022-12-27,0.1759493603248804,489270047.0782226,7291640.321043347
2022-12-28,0.1728544985851255,480035212.6668335,6746556.537255393
2022-12-29,0.1696706696168404,471270435.4062599,9096756.412748717
2022-12-30,0.1696435713359269,471484419.6030041,6991186.8816937385
2022-12-31,0.1699994281893774,472732258.1994344,6520325.06291622
2023-01-01,0.1689616188058643,469415953.7713122,4617144.322929601
2023-01-02,0.1719016474375137,477707039.7194581,4654557.488339432
2023-01-03,0.1812129706207571,503481341.95637846,8811832.903651506
2023-01-04,0.1784619697183279,495674462.7920274,8592810.063598322
2023-01-05,0.1789904618077557,497402202.4695527,9656173.60101231
2023-01-06,0.1804710875483482,501343147.40030736,6830075.003438032
2023-01-07,0.1814259127181051,503948066.49953103,8630715.526988443
2023-01-08,0.1801846472672369,500910616.6200474,7332419.176866844
2023-01-09,0.182790887127181,508660709.5491659,6815928.238636725
2023-01-10,0.1871357303785853,520354848.108236,13636452.114272283
2023-01-11,0.1903822017388531,529169989.1260079,11046132.178212298
2023-01-12,0.1928443139452669,536956100.1205583,9523344.881995846
2023-01-13,0.1961963330928801,545859676.8410112,14892437.914066
2023-01-14,0.2017687800570456,561078144.4516395,12977654.700323014
2023-01-15,0.2129710032158762,591092335.2363343,23179018.796697084
2023-01-16,0.2144690214004847,596154813.7800843,20208421.585476447
2023-01-17,0.2125696329201231,590515689.4804682,17343160.583359197
2023-01-18,0.2156877851721827,600883733.5829028,20144982.534727447
2023-01-19,0.2017772089056859,560210795.2432654,19011772.10073784
2023-01-20,0.2058326165034902,571604343.3181499,12909442.776058678
2023-01-21,0.2198834037239617,611022472.4831716,14747904.14313701
2023-01-22,0.2172949733501184,603839966.7815205,16594793.076987311
2023-01-23,0.2251184338558807,625326361.0629292,18759755.87388882
2023-01-24,0.2310317835915547,641704281.3928162,15350139.34784262
2023-01-25,0.2193176291988765,609399817.3555502,24767568.078770585
2023-01-26,0.2292845821136581,636914566.8368373,17021116.805207323
2023-01-27,0.2303741590904564,642268128.3735176,14519611.687500756
2023-01-28,0.2450685686455394,680751532.4864638,43575343.20860096
2023-01-29,0.238152302725198,661004267.8323182,15293011.936249958
2023-01-30,0.241933157600171,671549984.2366339,12826497.71785096
2023-01-31,0.2244111039566402,621679915.2824231,17037219.746139236
2023-02-01,0.2277336050548705,633069860.4385726,12752128.836041214
2023-02-02,0.2325314511859415,646524666.650211,15344440.231212633
2023-02-03,0.2325593879205208,646466180.0251328,15662141.781947048
2023-02-04,0.2382586459296675,662327957.4944073,16758316.993659532
2023-02-05,0.2448902810075752,679200250.2343093,17465178.98825338
2023-02-06,0.2390303583886498,662714282.9181746,25033548.5195548
2023-02-07,0.2420807937476273,672975027.2523322,31268932.537764236
2023-02-08,0.2515078296765944,697612881.8970002,19239316.435853653
2023-02-09,0.2460735406459637,683345611.645433,18024286.450566463
2023-02-10,0.2285787117906141,635486911.1195968,23004550.54807089
2023-02-11,0.2315801249101138,644274532.04886,14781163.702242576
2023-02-12,0.2350044660793716,653468760.0320276,11923777.679011583
2023-02-13,0.2321145125673444,645786276.7092781,9426836.024070254
2023-02-14,0.2291211794210814,638671744.8492197,15420256.321141465
2023-02-15,0.2337563946165521,649203778.7835588,13335971.717834864
2023-02-16,0.2478633691458884,686550367.9824967,14545570.496875845
2023-02-17,0.2353659594251881,654459278.7336196,18060466.703575283
2023-02-18,0.2461764695408218,683991120.124426,18060799.48547728
2023-02-19,0.2484319259532103,690142506.2793418,14047173.855367798
2023-02-20,0.2516101345940711,700258524.5004466,18204324.80739862
2023-02-21,0.2669346413372084,742219910.7301168,34520877.80180268
2023-02-22,0.2563195494879979,710563915.2482336,20931354.090912085
2023-02-23,0.2552572766421491,710620792.0629324,17348085.137272827
2023-02-24,0.2547966629915948,705284474.1908721,14126725.543893032
2023-02-25,0.2526355928491613,700942258.0598155,32455199.62969338
2023-02-26,0.2574821680337915,716281013.1299554,38281067.964332886
2023-02-27,0.2523694180547606,701461933.9355087,15489502.328766529
2023-02-28,0.2476722920461276,688763891.5174254,22046364.4633757
2023-03-01,0.2402219638718105,665236769.9056989,14311350.171559
2023-03-02,0.2508450960480096,697479408.540508,16765879.256003188
2023-03-03,0.2402188162915242,667125386.39743,15815197.803937113
2023-03-04,0.223401579746697,620693616.1709427,18692754.559983943
2023-03-05,0.2172603319074646,602177614.6087984,9377860.588680342
2023-03-06,0.2142798372436323,599431873.9748333,7692311.76289135
2023-03-07,0.2137363738991188,593689970.734102,9719839.743557964
2023-03-08,0.2091164167314136,579132463.3729396,14230741.409307782
2023-03-09,0.1994908151497235,555912656.3465656,11477828.806647722
2023-03-10,0.1917891641992266,529908051.1799161,16441577.780193731
2023-03-11,0.1872166089142186,522287821.2488935,15882690.181590736
2023-03-12,0.1919858836935677,532665185.5556852,12852847.450837528
2023-03-13,0.2026841830447872,560700199.7938781,11691274.692722848
2023-03-14,0.2153331008508954,599482947.9321402,15495142.871857531
2023-03-15,0.2196978206089284,609946537.1092035,16203008.245364666
2023-03-16,0.2064011952029614,573164381.0464374,17698059.13807414
2023-03-17,0.2141416232309934,594814655.9526539,12758037.053158728
2023-03-18,0.2317439997732969,643428641.1757184,15500136.713967336
2023-03-19,0.2195438055287444,610874343.8981653,18394950.66650378
2023-03-20,0.2225952319940901,618636394.5909876,12292314.843321975
2023-03-21,0.2145658902601611,597265032.6959407,14933310.003734352
2023-03-22,0.2213364749719699,614975438.390548,13461212.358150676
2023-03-23,0.2101810466909583,583596926.3403406,17002780.767908033
2023-03-24,0.2182228702064484,606264256.7807233,13840854.616009202
2023-03-25,0.2094044830013082,585188226.5751173,12835569.95081034
2023-03-26,0.2068561718516378,574912060.1292286,11506379.772293156
2023-03-27,0.210653290848065,586702089.490078,10587029.144651046
2023-03-28,0.2004013832824541,556910999.039555,13889934.800892135
2023-03-29,0.2049668559670466,569140475.7732401,11330584.095817212
2023-03-30,0.2159535342754487,599692217.3240125,14029339.521250648
2023-03-31,0.2118413152199586,588187647.4837382,11629892.739980685
2023-04-01,0.2173097915454685,604331104.1196213,11592494.1321272
2023-04-02,0.2242693416105884,622915628.7003322,16500489.51529367
2023-04-03,0.2164211164433619,601563934.9498949,12173099.521916583
2023-04-04,0.2161205390025717,600275126.5845438,15583177.907471685
2023-04-05,0.2223974083712216,616833632.7540218,19435820.50303818
2023-04-06,0.2296239572123901,639776981.7339594,15933736.436136762
2023-04-07,0.2270696219966484,632061652.8566575,35321140.706660785
2023-04-08,0.2294738718270495,636325340.2938465,27435960.36884487
2023-04-09,0.2257104567497538,627836650.2806426,11053099.10656594
2023-04-10,0.2241241894449358,623282557.4147323,11811934.60402893
2023-04-11,0.2268478650141541,631234645.5315735,10182990.705190454
2023-04-12,0.2273430664971842,632089416.3869241,12130721.773752255
2023-04-13,0.2213167388876485,616132272.3313046,14513140.739687435
2023-04-14,0.2241458750628948,623130539.2526145,11566785.067231191
2023-04-15,0.2278185238154948,633675927.0632102,16969151.90253719
2023-04-16,0.2259623403863534,628502147.1876898,11149826.309172047
2023-04-17,0.2291753216954292,636565307.0268701,10748821.2293488
2023-04-18,0.2238853292386368,621612585.7800398,13219349.859613229
2023-04-19,0.2282340560579345,634749273.3992591,10304714.833850002
2023-04-20,0.2073982125548155,576201080.8081576,18607156.67946473
2023-04-21,0.207941073899466,577681196.5473666,13936132.089963548
2023-04-22,0.2004614784938314,557079144.9716592,13365462.56348932
2023-04-23,0.2036155771014248,566332471.1950127,6852939.578799544
2023-04-24,0.200150863169764,554931169.951865,7664680.190640452
2023-04-25,0.2001242406418633,556148588.7742562,8392596.2294985
2023-04-26,0.2020837746044361,561930192.6455084,9413599.093830634
2023-04-27,0.1976601621797805,549080066.177968,12455819.401962956
2023-04-28,0.2013135380345223,559056752.6418126,9280961.189057063
2023-04-29,0.2005509332699585,557422098.6599126,7711236.720725722
2023-04-30,0.2009213590943411,558411655.5914611,6478494.323719808
2023-05-01,0.1981075812568773,553131618.8118,5557856.041574616
2023-05-02,0.1937270157875638,538063919.6145633,8032320.824376279
2023-05-03,0.1957766715388837,543329920.4432563,7265707.846342209
2023-05-04,0.1994928887954294,553551317.5285401,9745055.33033683
2023-05-05,0.1958493282648027,544716484.033625,8986605.869375095
2023-05-06,0.1996138233847746,553694098.7004764,7322415.791704411
2023-05-07,0.1924157270097768,534400801.0377302,7224398.461779246
2023-05-08,0.1930563248851549,536150915.1902819,4027919.681600342
2023-05-09,0.1808191410910333,502971781.99685794,10688977.19906105
2023-05-10,0.1796946104825967,499872761.4155369,11044966.41717564
2023-05-11,0.1807883868112012,502785323.087413,9974095.763887882
2023-05-12,0.1771468216460697,493061011.7061437,7343910.132103766
2023-05-13,0.1795331407623632,498754470.46404696,6714659.958191562
2023-05-14,0.1768343026112725,492926022.534794,5491736.586989802
2023-05-15,0.1772313369304487,492584720.493957,4368498.182497733
2023-05-16,0.1808357935678864,502148836.32288265,7869899.5152611295
2023-05-17,0.1815594206134545,504541057.7825165,6288103.057441902
2023-05-18,0.1846766442616996,513622076.667456,7373616.627009044
2023-05-19,0.1828701947264616,508767760.6699045,7956467.030474699
2023-05-20,0.1823727391374801,507450691.4493457,10720750.01664361
2023-05-21,0.1785637395513981,496641786.49731857,11536707.3511808
2023-05-22,0.177035699072981,492549561.9796457,8266184.627297745
2023-05-23,0.1838892466540191,511150251.1596232,11949310.807329427
2023-05-24,0.1914963120342962,532281494.7822282,11848133.967935383
2023-05-25,0.1903965142550535,529501378.1589523,14188451.899499273
2023-05-26,0.1941043936554747,539507568.2122289,11109209.280988662
2023-05-27,0.1934705327386361,537674069.2964149,8792077.490639836
2023-05-28,0.1972115132859875,547967997.4017874,8198693.347232629
2023-05-29,0.2024418481308841,563658044.005859,10050447.4916411
2023-05-30,0.2103306589118748,584985239.2316632,16163979.244254204
2023-05-31,0.2025530536356222,562861098.687244,41028028.83273289
2023-06-01,0.200945657931982,558366770.0123122,20935820.20633275
2023-06-02,0.2002534004451409,556462033.450503,18411796.94021102
2023-06-03,0.1999297067431974,555318860.9232441,12107103.577915214
2023-06-04,0.2072713223194342,576609576.5274364,13445545.247833632
2023-06-05,0.2041710290306049,567028585.898689,11923256.650862971
2023-06-06,0.1848866174203876,514166047.6940873,15871217.74916292
2023-06-07,0.1872007374984412,519780185.6675353,14173397.070852282
2023-06-08,0.1803347397738273,501111414.8188802,9090148.830619376
2023-06-09,0.1799335757008272,499843860.882049,8276161.235035931
2023-06-10,0.1766144424433945,490720556.166472,9211334.613736022
2023-06-11,0.1589126793880828,441821625.0622672,24562928.01875092
2023-06-12,0.1584358228368239,439917854.1795519,9248175.112186631
2023-06-13,0.1585199591980468,440179370.8386872,9114721.29430272
2023-06-14,0.1560485531192198,433516627.68651104,8469668.494766746
2023-06-15,0.15327783207544,425892263.452629,7986601.294659252
2023-06-16,0.1535278732406704,427259244.3713304,8596653.400796246
2023-06-17,0.1577133894009764,437827977.5095976,6414229.59865922
2023-06-18,0.1590941621763833,442370693.4937364,5368838.742677442
2023-06-19,0.158308192929077,440395826.27898085,4579339.018811339
2023-06-20,0.1583050616194564,440129311.603179,7401814.876479662
2023-06-21,0.1646046214794291,456818270.4416882,7870215.647197142
2023-06-22,0.1719820192702975,478443370.5409781,9577180.084343215
2023-06-23,0.169933381252778,473161411.3109924,9069514.311882615
2023-06-24,0.1790877640094436,498350357.2027777,7932614.661253872
2023-06-25,0.1808146789840113,502417017.9955984,4251709.984350014
2023-06-26,0.1810411031321565,503312643.9344154,7353871.6577128945
2023-06-27,0.1800393054389368,499529833.8437614,8403884.448003476
2023-06-28,0.1838433987058856,510135065.3423581,16448887.952253643
2023-06-29,0.1745864333444256,485272371.4715983,10202291.116932932
2023-06-30,0.1778491825694639,494125292.81319857,5778766.700541771
2023-07-01,0.1821272625167954,506091931.0480298,9791187.222449832
2023-07-02,0.1858853547592877,516172061.7749117,6573666.5757136
2023-07-03,0.1837038129734516,510984662.6573432,6827732.0747094
2023-07-04,0.1855462739515647,515886009.0228756,7378204.437655428
2023-07-05,0.1855906685026837,518647506.9145629,6639394.119326859
2023-07-06,0.1834245796544504,510517959.9430468,7381869.01978337
2023-07-07,0.1794812899100094,500495336.281489,7189747.706911711
2023-07-08,0.1821604043755086,506161265.7038952,6259987.274115754
2023-07-09,0.1814557787296486,504640267.539297,4927823.92385333
2023-07-10,0.1813870005331919,503791861.7126306,4901667.267317128
2023-07-11,0.1784979642104819,495555255.0382713,5834673.057671504
2023-07-12,0.1806200901732393,502121877.1409921,4920474.949423903
2023-07-13,0.1805814773508043,501607808.2831711,8436840.744584283
2023-07-14,0.1938491055135312,538656200.2128588,13267101.05783686
2023-07-15,0.1885249768665816,523437040.53706026,13754156.488959264
2023-07-16,0.1921837764589871,533874642.76826143,10678271.336805576
2023-07-17,0.1895406109534092,525795284.7479874,9887189.831337146
2023-07-18,0.1934031848811453,537410150.8085861,9602115.112095458
2023-07-19,0.1844982032743332,512537520.2006794,8061529.178338399
2023-07-20,0.1842176402578946,511494741.8583315,7516954.769477864
2023-07-21,0.1833875798669173,510307012.5244266,7229040.854028594
2023-07-22,0.1843061632928961,512325114.81471807,5550039.282989901
2023-07-23,0.1840203085184175,511435100.4693281,4966352.447128617
2023-07-24,0.1873643136491033,519480885.4989555,6296029.73065795
2023-07-25,0.177977311461559,495754526.3842239,7751796.025240302
2023-07-26,0.1741542446823269,483686042.81079376,7127901.322563795
2023-07-27,0.1742148892369408,484352709.6731423,5956700.918162472
2023-07-28,0.1739631232207521,483620079.8891386,4606646.338373026
2023-07-29,0.1751547996361536,486731511.2544161,4659948.449980059
2023-07-30,0.179549153456459,498382868.84596,3918270.323899687
2023-07-31,0.1741981560351839,483647169.82487726,4633667.632476701
2023-08-01,0.1741294510685856,484975803.2467361,4125165.7052688
2023-08-02,0.1761748496108273,490223276.3060237,6590245.339722765
2023-08-03,0.1733856191619512,483207911.6197424,6419262.772913307
2023-08-04,0.1696588467200441,472444694.2105818,5449766.202241675
2023-08-05,0.169787989049868,471822460.1779651,4924898.191543135
2023-08-06,0.1700554854686533,472236694.8817644,4018669.0382556096
2023-08-07,0.1689220188811675,469509923.11401606,3774156.846062428
2023-08-08,0.1706537621557498,474231404.4324117,6345291.26144569
2023-08-09,0.1735506910890065,482784493.8454589,6658311.832511519
2023-08-10,0.1741076628094875,483347126.7983828,6545155.923005772
2023-08-11,0.1713228474698775,475901988.891404,5133340.999135187
2023-08-12,0.1709454187200407,475143643.92701983,5190278.862396294
2023-08-13,0.1714109669310344,476323994.3779791,3597692.767690046
2023-08-14,0.1686192924006216,468466083.1707082,5305673.845621802
2023-08-15,0.1685846154162123,468975172.8798453,4747209.876081512
2023-08-16,0.1620457523852773,450625577.5553142,7618702.006308489
2023-08-17,0.1558990643008941,433982140.73847806,7245970.359135951
2023-08-18,0.1436527859060388,399596199.51328576,8828528.045932716
2023-08-19,0.1454125167530436,403654539.5922985,7954627.9936167905
2023-08-20,0.1462831849434142,406359345.5519524,4826762.058711311
2023-08-21,0.146950605997246,407857054.34700125,4283832.764416882
2023-08-22,0.1431328863009702,398293314.2530545,9394567.309984474
2023-08-23,0.1430486765559686,396974743.2323864,5669284.510743541
2023-08-24,0.1465409471173847,407376512.3785855,4747897.496524879
2023-08-25,0.1452644074989759,403890262.4714712,4287754.395965668
2023-08-26,0.1462650527781724,406451670.7917691,4239137.859308173
2023-08-27,0.1481961009663073,412197439.6775559,6771154.522525455
2023-08-28,0.1499525265872707,416620869.0658486,10180077.345782915
2023-08-29,0.1491431887247483,414724002.7024745,5424550.514456233
2023-08-30,0.1561644585046659,433609042.308982,12634047.567255236
2023-08-31,0.1548484199509199,430461537.4668884,6100740.344736281
2023-09-01,0.1563319403267969,434948122.7815661,12186459.307504462
2023-09-02,0.1662441651868857,461860280.8252856,12784532.72154734
2023-09-03,0.167364628791953,466026351.7505101,9762181.87025047
2023-09-04,0.1677558131475553,467504204.2771929,7769676.628974777
2023-09-05,0.1712247223102557,475957797.51250446,7786199.230214611
2023-09-06,0.1698284333193073,471874678.4603164,6635580.689268673
2023-09-07,0.1729489364637259,480673840.1584212,7730040.7768656835
2023-09-08,0.1812009491569074,503410740.1997635,10531972.201690542
2023-09-09,0.178244424762262,495031389.4507586,6432609.903419433
2023-09-10,0.1746780837087442,485944372.7281239,6035968.87661265
2023-09-11,0.1713867234908181,476440170.469484,5804201.874898096
2023-09-12,0.1623211475619102,451036744.2841041,7876558.680511119
2023-09-13,0.160601493669235,446876902.8340977,4647287.971303653
2023-09-14,0.1684710269683217,468196076.37143815,8925224.26511915
2023-09-15,0.1668424813047471,463498894.41504127,6201307.204939432
2023-09-16,0.1609901835035334,446889617.2040743,16548335.340086358
2023-09-17,0.1571835384694593,436715112.6726253,14317389.724724043
2023-09-18,0.1488672447068396,413466761.1046524,13249130.31349298
2023-09-19,0.1478695391949461,411055842.6603533,14401158.53156698
2023-09-20,0.1491693121750796,414015961.67978513,6706997.095422556
2023-09-21,0.1486124561545926,413965696.6105668,6587147.701370652
2023-09-22,0.1474262160896156,409922551.1272888,6860577.440359763
2023-09-23,0.1483894690510569,412314764.1220991,5253146.617234531
2023-09-24,0.1507334583346375,418545977.13294894,5721588.622327286
2023-09-25,0.1493247026484456,414999244.76703936,5936991.494208583
2023-09-26,0.1505573551494869,418285606.057191,6423576.504619849
2023-09-27,0.1490375352770953,414556561.8898688,5858321.569773934
2023-09-28,0.149871022259255,416530437.8124927,7146502.723879264
2023-09-29,0.1527669085117792,424585112.08217216,7574193.654502767
2023-09-30,0.151929713216026,422292786.2254704,5848364.743537208
2023-10-01,0.1511508987495031,420136509.32529056,5272626.623653532
2023-10-02,0.1575394071781772,439130801.4616446,7500973.666234579
2023-10-03,0.1510240580919886,419638746.7713926,8337338.300167446
2023-10-04,0.1520299038794982,413578047.28170335,5647703.861748434
2023-10-05,0.1540638372959694,419879685.359786,10857595.307917126
2023-10-06,0.1517135394545126,412886711.9914054,5986835.990802001
2023-10-07,0.1541473351150051,419639574.8799968,5603839.606491487
2023-10-08,0.154880174859918,421476342.33341306,5456171.302677415
2023-10-09,0.1554269874773688,423110225.8776945,6141129.316174056
2023-10-10,0.1492462605672876,406415753.61540246,5966598.890636602
2023-10-11,0.1449949008306019,394519656.2099337,4222717.716563268
2023-10-12,0.1409402185354416,383698297.4271153,6258508.916254434
2023-10-13,0.1387413852565873,378312875.3673344,5478436.069293521
2023-10-14,0.143240390969495,389934074.5982991,6727657.737262311
2023-10-15,0.1447356090644993,395031200.1130722,4952015.654230934
2023-10-16,0.1439963023176449,392387624.7593623,3974081.6954974327
2023-10-17,0.1477899699730142,403860826.6831284,8324595.739528124
2023-10-18,0.148491756650706,401855885.5638348,47905715.7694873
2023-10-19,0.142039036715264,387716411.5252544,10172097.465657111
2023-10-20,0.1407974413086824,383220649.5954984,13635020.277375022
2023-10-21,0.1438936425550661,429389575.0857852,7382791.968387746
2023-10-22,0.1486570128662349,429389575.0857852,6041692.459129492
2023-10-23,0.1521001552807665,429389575.0857852,8890814.442740967
2023-10-24,0.1553806161868331,429389575.0857852,14411175.413274964
2023-10-25,0.1536466281002854,429389575.0857852,22883613.78556692
2023-10-26,0.1564535369098128,429389575.0857852,11873064.487196865
2023-10-27,0.1574287140521981,468909439.3814269,12477136.104388475
2023-10-28,0.1516642461956554,452248340.97910696,12088519.300463574
2023-10-29,0.1556089494267268,463876117.25857234,8457995.765684132
2023-10-30,0.158297522906953,471860358.9208405,9151341.960343102
2023-10-31,0.1639880825879469,488875644.56708896,11333609.095199583
2023-11-01,0.1591296575582164,474689385.460488,15954160.43431217
2023-11-02,0.1625158791565047,488478251.1666718,12247761.905685926
2023-11-03,0.1630019104897338,489690802.1445236,14256281.633485775
2023-11-04,0.1653004558596469,495994990.1753499,10559113.163677366
2023-11-05,0.1696765335266443,508709837.62640506,10318504.67512469
2023-11-06,0.173088808342253,518499032.565832,16302093.849804511
2023-11-07,0.176119667290815,528014767.8157615,13254460.08721874
2023-11-08,0.1762249446111924,528281719.3198142,15340532.899887413
2023-11-09,0.1854975873063221,555267282.5201248,22943812.765698858
2023-11-10,0.1786370528946775,535128432.1407074,23796285.52514103
2023-11-11,0.1850633301089714,556901079.7971907,15417701.80142448
2023-11-12,0.1898650720461127,569296253.8199172,30008652.649577323
2023-11-13,0.1994789999588688,595785951.9936111,24135367.75738792
2023-11-14,0.1891788573366724,567306726.4851651,17018546.28013569
2023-11-15,0.1862388890825881,557632478.0053796,11885297.25363951
2023-11-16,0.1940912201755401,584881664.2776467,10835479.693486491
2023-11-17,0.1839755982734178,553744328.9127302,10106355.875382006
2023-11-18,0.181963364796632,550579534.3178215,9191710.140516456
2023-11-19,0.180103121077565,543888204.9262505,5968390.229937387
2023-11-20,0.1870855554225662,565587692.5566051,6792176.744565557
2023-11-21,0.1848331949455636,555561425.5618105,7280657.925672531
2023-11-22,0.1681760942700227,507458227.1411548,8678136.261791373
2023-11-23,0.1781081748407919,537747024.2853514,7100651.37859632
2023-11-24,0.17953594725635,541891021.4041501,8541402.75701718
2023-11-25,0.1806382672034944,544994295.3571035,10304894.212806962
2023-11-26,0.1809466997952902,545826106.5880296,7658763.530330515
2023-11-27,0.1773949295403011,535519916.4246245,6360044.322448633
2023-11-28,0.1711034961097625,516166995.2736939,6715503.620734621
2023-11-29,0.1725954803057028,521025087.2221467,6112859.144983887
2023-11-30,0.2570476774626303,783414092.6113276,251035395.3529324
2023-12-01,0.2355154733180114,716224839.9003534,151646777.37180272
2023-12-02,0.2385113347610992,720773452.9342306,29256989.8820821
2023-12-03,0.3105679119223035,943280197.2173831,176178831.19278327
2023-12-04,0.3254283185950163,987781624.9556156,136336641.17741936
2023-12-05,0.3298329123763343,1000896592.6949298,98889099.35920386
2023-12-06,0.3155045591764043,956889745.1602886,42711171.66382656
2023-12-07,0.2900588311792914,882608808.9026924,47500477.88555438
2023-12-08,0.2939677680956426,893687724.0643995,30411842.22126341
2023-12-09,0.2989840052683243,906909600.0278786,35082481.46251939
2023-12-10,0.2889069651091756,876779870.5783459,23458567.8241701
2023-12-11,0.2885358757758184,876176143.8395853,17521395.999087382
2023-12-12,0.2724643078206956,828101010.9677829,30432379.206700027
2023-12-13,0.2670743679091983,811481185.2991599,17545848.102068927
2023-12-14,0.2771069988864736,846200751.6011246,37442863.02884692
2023-12-15,0.2927242356489474,895424244.8405598,66332361.04756572
2023-12-16,0.288555235133656,883438608.2180197,41882508.81369192
2023-12-17,0.292373410307647,891020125.7348439,19729546.93278986
2023-12-18,0.2760143131231372,843052149.2626911,15174474.940576095
2023-12-19,0.2720311452184775,831626159.1474627,23603702.125016134
2023-12-20,0.26469937095496,806961796.8407171,20085162.07473344
2023-12-21,0.2794955503950442,854846986.8799356,21384062.08414517
2023-12-22,0.2831479009757242,864383768.9612755,16929930.948520314
2023-12-23,0.2960761555283002,906032468.4140106,23675280.152620565
2023-12-24,0.2911512801660667,890047456.6502937,18786006.11272648
2023-12-25,0.2778115750136824,850586456.5454386,20956093.590006784
2023-12-26,0.2921451541750437,893804417.0221777,20184014.899656978
2023-12-27,0.2758223753602791,842770938.1883547,27965346.271423955
2023-12-28,0.2959832595269998,908463139.9500734,39743217.05125553
2023-12-29,0.2831927119933022,874317007.4104708,21018172.56135736
2023-12-30,0.298527318852502,914918711.357032,57445039.44755436
2023-12-31,0.3209564016612815,987261729.7529944,65877907.37016226
2024-01-01,0.3122005362546515,962386433.825742,29213764.019395337
2024-01-02,0.3152673480493292,968146395.4270196,21504809.727111183
2024-01-03,0.30211599423725,927506602.7284602,19974311.206106216
2024-01-04,0.2661408368529499,819163477.5587286,42504512.68285898
2024-01-05,0.2639858645547098,812617656.2516377,18837234.09167597
2024-01-06,0.252525094188529,776574041.9956908,15615900.092104854
2024-01-07,0.247431532669572,761612459.7001419,11339736.82717362
2024-01-08,0.2401513647276756,736195374.8651946,49225382.25196646
2024-01-09,0.2495735507678328,768986445.7404491,27943292.595476765
2024-01-10,0.2348426037991898,721042601.0867765,19368289.189196225
2024-01-11,0.261079315352934,807162086.352269,29383786.80639265
2024-01-12,0.2651929301154032,821249843.0707732,25079367.65634611
2024-01-13,0.2460254498722831,759944572.0652453,22009644.30621265
2024-01-14,0.2493082842844554,771375693.5858725,11684203.479370425
2024-01-15,0.2385549105471029,742289155.2880217,10245843.136151802
2024-01-16,0.2426990539548061,751429500.576077,10659104.292620622
2024-01-17,0.2477910426661234,766738703.7449223,9011254.73075668
2024-01-18,0.2435775546339038,753728802.8714948,10940282.93695891
2024-01-19,0.2308922410663094,714927084.154355,9065831.11085646
2024-01-20,0.228284108000391,706548837.071984,13296580.79710234
2024-01-21,0.2276517400119823,706542451.3821827,9152618.391870696
2024-01-22,0.2257482391152697,700242517.5059264,8965397.487307424
2024-01-23,0.2127257473621435,659085856.8190527,15111045.742041534
2024-01-24,0.2077082911736072,642969591.3955357,17279819.939036604
2024-01-25,0.2188258259274488,683187498.8337612,35326775.73409484
2024-01-26,0.2426967526811312,753231377.2600445,76402268.62220041
2024-01-27,0.2481964644984658,772818972.5692711,40584272.74444132
2024-01-28,0.250522409796646,780798851.9037802,16610981.468241084
2024-01-29,0.2416749606142829,754479510.3176727,20354974.18056675
2024-01-30,0.257955084050454,804978187.0406336,26390253.587650187
2024-01-31,0.2480272923165159,771348623.4804045,13616422.14928848
2024-02-01,0.2400400378157626,749325119.4566953,16710166.533151902
2024-02-02,0.2424461112077559,755193452.1918185,19218949.64731536
2024-02-03,0.2530699837838756,790278501.6418871,10280375.92537489
2024-02-04,0.2480611990380082,772688207.9777439,8997367.880481808
2024-02-05,0.2403540354814686,748415053.8641361,7206814.653763955
2024-02-06,0.2426266768588413,756810411.5516344,10299894.21896728
2024-02-07,0.2521822125050494,784736560.0397103,14233272.909283305
2024-02-08,0.2504624391744575,785302318.12413,13914165.122870345
2024-02-09,0.2452912689802923,769678426.2894528,18082068.07560051
2024-02-10,0.2533627803717501,794513129.1069115,13930725.32658866
2024-02-11,0.2529243939785782,793182090.3865657,18939082.459399283
2024-02-12,0.2516223328472274,787869478.0021347,12552513.627405938
2024-02-13,0.2585957260084288,809678182.0167516,15288547.34571435
2024-02-14,0.2612397346896157,821243303.4440725,19776408.08310052
2024-02-15,0.271405795703799,850840210.1791192,15490964.006354902
2024-02-16,0.2750464745061023,863502410.7576699,17906621.438548815
2024-02-17,0.2706635017922345,849498924.3486353,19805504.811345626
2024-02-18,0.2651444218721432,831828246.7897,15497210.1707388
2024-02-19,0.2738910870495875,858076994.1712965,31323957.73469775
2024-02-20,0.2844417795086598,892493743.9727165,27077777.77998904
2024-02-21,0.2855232782201838,895303726.3318541,38507745.83654109
2024-02-22,0.2761605302922844,870569358.3054152,22338408.14851813
2024-02-23,0.2689314419288995,847754534.2380208,22547217.061072893
2024-02-24,0.2650590047046994,837545262.2081084,17575832.936767783
2024-02-25,0.2729686833008687,859907632.3000098,12467572.443697834
2024-02-26,0.2745270302660293,864941391.4724525,10644074.965914156
2024-02-27,0.2786691405127636,878988441.0046045,19093876.35980061
2024-02-28,0.2891054493061615,911252324.5891178,34262379.37296908
2024-02-29,0.2907739213001886,917853270.9045364,52253327.19462789
2024-03-01,0.2885830125537794,908446908.5384485,50645649.22256236
2024-03-02,0.314902540209565,992847588.1321768,44332813.10867238
2024-03-03,0.3343846828500802,1054432077.7789038,36395858.23363563
2024-03-04,0.3238233036311746,1017591808.77697,38596366.70021009
2024-03-05,0.3391425055107683,1067682452.6504344,58928836.64577995
2024-03-06,0.3390279322114661,1069576626.2012978,112086973.29162802
2024-03-07,0.3495962152140555,1107534831.5878344,44531874.94568539
2024-03-08,0.3458178150280584,1097732471.5544865,36125716.0105658
2024-03-09,0.3350902501203647,1062717001.6833264,39785759.001718864
2024-03-10,0.3410758957392181,1081398673.3312318,28645971.304327905
2024-03-11,0.3543179335899211,1123213169.2028615,37680622.50979546
2024-03-12,0.3874920895612375,1225165836.5915644,95598339.93614864
2024-03-13,0.3926342847671529,1245466305.5052123,107505396.74844168
2024-03-14,0.4142970262926009,1314629339.5259457,66723203.56877222
2024-03-15,0.3904730268357554,1239994498.7546954,48653000.45742892
2024-03-16,0.3557970949776907,1130334611.3767266,61596964.19825277
2024-03-17,0.3178116458972078,1008442995.7229724,35288032.137462325
2024-03-18,0.3298544814271193,1042900867.6223202,36129268.05646928
2024-03-19,0.3117719819766332,991935768.0495224,35039235.732469484
2024-03-20,0.2831196167992015,898788235.1348805,50984042.25185203
2024-03-21,0.3146810541947207,1004045166.114988,38588811.765616514
2024-03-22,0.3265446700450001,1038210578.8622726,32445705.63606122
2024-03-23,0.3066606437548828,976305175.2366848,25931456.080833245
2024-03-24,0.3089712473530355,987020055.3308892,17793398.559906937
2024-03-25,0.3265924699778996,1043916188.2405032,15541233.914786952
2024-03-26,0.3434768735520963,1092020083.643372,26208130.60879113
2024-03-27,0.3665556218649511,1167225706.477841,68268755.20203775
2024-03-28,0.3489014702201918,1110363005.481667,38600796.788704455
2024-03-29,0.3549243393293479,1135524977.4027536,27464321.2992964
2024-03-30,0.3560622198596878,1134404648.5608015,28399465.04911664
2024-03-31,0.3433285542999221,1093543617.9750316,19335743.395201728
2024-04-01,0.351848375418717,1122829049.569364,14394677.510925634
2024-04-02,0.3266346891753596,1043559187.6107972,27977897.65746401
2024-04-03,0.2986663624827547,953144693.375431,26404439.448699266
2024-04-04,0.2993290000307486,962008903.1193422,17498433.543025836
2024-04-05,0.3084214146014806,991882881.1567384,18541255.455248963
2024-04-06,0.2990314938204165,962026282.2796257,20155545.3522362
2024-04-07,0.303439719224983,973910342.9709426,10452315.302659964
2024-04-08,0.3085944621059441,991286297.9499948,9883870.61781304
2024-04-09,0.3242344245829163,1041516606.317112,19787946.56619408
2024-04-10,0.3046051201344162,978750286.475558,20709915.87871814
2024-04-11,0.3027296045889285,972030621.2616282,16625872.463899417
2024-04-12,0.3042344824242229,976252679.5552982,23230192.223738927
2024-04-13,0.2654949172225932,851816068.1928399,51313478.10332829
2024-04-14,0.2226570536379082,717425446.0317988,45358652.39409559
2024-04-15,0.2401698728131966,772507855.2195976,29321163.576485217
2024-04-16,0.2219551385632467,711858892.2064242,30813288.16629289
2024-04-17,0.2219875366249528,712255234.4454894,22200547.283185
2024-04-18,0.2145036039682068,694070500.2690107,20118689.343896724
2024-04-19,0.2224308693516745,718829511.927363,21021293.791559387
2024-04-20,0.2269635051080692,734489792.0113262,22578686.120643597
2024-04-21,0.2434080013917978,786420794.401372,15527806.857497184
2024-04-22,0.2377349595629591,768032861.7522168,14135307.238724755
2024-04-23,0.2450255683095763,791198989.5061252,20357008.50321902
2024-04-24,0.2522972985098683,815384256.1230611,18994159.85558704
2024-04-25,0.2398306518343225,774461653.989897,42632831.02213887
2024-04-26,0.2388418656522704,770601679.8764647,18472213.69211365
2024-04-27,0.2312763849562785,745808568.6052676,20241421.12355913
2024-04-28,0.2353709445811578,759839433.4923786,16662617.752042638
2024-04-29,0.2283372636601683,739307788.4201183,15663950.87202955
2024-04-30,0.2245864584443873,725576290.5325823,17060274.1360516
2024-05-01,0.2138630476604992,691107132.8468118,17491307.52763852
2024-05-02,0.2131421812917006,695618615.2636795,21297389.929363616
2024-05-03,0.2185857601916424,710107108.0525166,17123560.956543613
2024-05-04,0.2264163501553978,736574405.7251492,21001653.26644789
2024-05-05,0.2270116911823446,737111518.144257,13050591.987918671
2024-05-06,0.2278245319755215,740001088.4555007,15533039.469184993
2024-05-07,0.2266075199026591,736546420.0585213,26596713.41855289
2024-05-08,0.2187576733266401,711906834.3051963,18773467.56063085
2024-05-09,0.2176317585142645,705775336.0163801,21096337.412758995
2024-05-10,0.2270966375738577,737117727.95849,16618741.129503837
2024-05-11,0.2129976847996681,692108023.2529458,17504086.049240027
2024-05-12,0.2101202182177795,682419716.179556,12503611.169646084
2024-05-13,0.2070785293320961,672974949.5966088,9342549.398350907
2024-05-14,0.2074611990745681,676066760.4519281,15324408.082220484
2024-05-15,0.2002445169930031,650472730.1472554,17338676.43525069
2024-05-16,0.2151184818109412,704867279.878071,17930057.385404248
2024-05-17,0.2119086966705636,693351286.6898441,16771611.039202845
2024-05-18,0.2199122958259091,716051996.0829918,12588812.096818732
2024-05-19,0.2153975108324853,704707200.3270265,9368310.933076298
2024-05-20,0.2051399239609478,669781680.8330711,12063305.227374056
2024-05-21,0.2315456442260455,756738669.4006637,47001748.71053413
2024-05-22,0.2340249925923793,764126156.1083685,30100098.712938704
2024-05-23,0.2318076070608697,757035394.6547229,21831750.52387133
2024-05-24,0.2269519425928833,740904374.9463406,26569096.445268635
2024-05-25,0.2302665043423918,751920593.6449552,21159771.19046293
2024-05-26,0.2306517472735104,753520856.3513063,14351174.673205474
2024-05-27,0.2240263656501065,732713648.965569,12974115.94378888
2024-05-28,0.2304590754479304,752667464.4098208,17809491.313141514
2024-05-29,0.22863754844289,748631628.9179953,23116424.58870683
2024-05-30,0.2228714308991375,732708518.8834691,21826816.624980588
2024-05-31,0.2185733943959226,718348572.4254547,15918755.20201606
2024-06-01,0.2181295846842991,718635807.0962003,19156650.53790656
2024-06-02,0.2178493730240068,714663784.8722438,8006697.054719537
2024-06-03,0.2137235657500977,703042784.5053312,19638505.859992392
2024-06-04,0.2150598542364858,706836667.339333,16024228.134711752
2024-06-05,0.2310365315669669,759604444.0140288,30414748.189687107
2024-06-06,0.2370011164357327,778463341.289846,18701194.63171286
2024-06-07,0.2381341399425201,784939412.5360208,22754091.950105995
2024-06-08,0.2190181190366083,720248645.0054235,47271307.95339022
2024-06-09,0.2083313564026466,683163065.7822192,25733455.02582317
2024-06-10,0.2115060140802964,694762871.4066017,13806741.454345822
2024-06-11,0.2048083610863451,673359002.5852898,17232420.483254865
2024-06-12,0.1952564657997821,641587661.3344926,25546235.44998704
2024-06-13,0.2057760125133289,679818244.5692796,17857302.84474573
2024-06-14,0.1946953349973782,644475387.1541113,13255622.850490378
2024-06-15,0.1878814711451564,620535459.48719,18963665.55540828
2024-06-16,0.1901710308493239,627262799.0694044,10045553.505552988
2024-06-17,0.1910523733387345,630563532.3519262,8733946.483552383
2024-06-18,0.1747158767690214,576668904.3103237,24604811.394105576
2024-06-19,0.1646448427704347,542882621.9457072,28239556.19747344
2024-06-20,0.1741834015055721,575074757.0370336,16740456.277291212
2024-06-21,0.1751438102569167,580784958.0915399,18115194.690994743
2024-06-22,0.1729843452515378,572405448.3041416,16846957.0934684
2024-06-23,0.1747506227784165,577283855.9421264,9187784.731481925
2024-06-24,0.1726391718874386,569247790.202768,12664166.546530977
2024-06-25,0.1767891300951735,585194579.8238617,26299904.15924171
2024-06-26,0.1796282361757979,593839258.2772143,10518353.536240926
2024-06-27,0.1729797954125016,574877512.5499299,11272042.00289494
2024-06-28,0.1783258820172201,593850668.913146,11554573.018073725
2024-06-29,0.1704976604661353,566583323.1596223,12028973.15022018
2024-06-30,0.1673037381686395,556121794.0126152,5815890.72592503
2024-07-01,0.1702007608140162,564133831.0276253,8221078.692658979
2024-07-02,0.1684490901719603,559191463.2476281,9290944.979441578
2024-07-03,0.1719027831082496,571274857.8439512,9299405.26727127
2024-07-04,0.1626169954653271,540512195.1371592,11355930.665677674
2024-07-05,0.150875068408097,503325650.4227535,15492608.707820252
2024-07-06,0.1508998527680892,503142031.86599183,28134060.96670898
2024-07-07,0.157966158861958,525710523.19249386,9452903.267056312
2024-07-08,0.1444699492392862,479588850.5790477,9067151.44893202
2024-07-09,0.150151501980541,499088296.06916654,12278452.032832246
2024-07-10,0.1534852681761896,510264170.3253701,8528098.873255873
2024-07-11,0.1551637827364401,519542439.3694409,7825790.730144388
2024-07-12,0.1540525542211352,514965455.0866616,9861591.6663914
2024-07-13,0.1564475125047943,522477673.0742197,8760533.679734405
2024-07-14,0.1585170666448072,530274935.6918068,7749827.325931131
2024-07-15,0.1637920059355667,547690747.1593279,8409803.980565108
2024-07-16,0.1719172585927992,573754951.5199453,12068327.730889628
2024-07-17,0.1711405987551839,571901247.1178204,15020768.29972742
2024-07-18,0.1725762331963546,577540960.8536999,13371194.237013469
2024-07-19,0.1702403542044423,569340201.4385602,11914072.79443368
2024-07-20,0.1760379561716088,587932086.287705,8986085.352023955
2024-07-21,0.1755194343162537,587072991.143552,9006913.823368963
2024-07-22,0.1801464680698985,602454091.7867892,38620181.54473751
2024-07-23,0.173640190891307,580730594.038562,98227023.62414032
2024-07-24,0.1699543533553487,568113977.1031173,12858761.50458262
2024-07-25,0.1654325844753901,556402533.5378152,9814418.050283851
2024-07-26,0.1583351692089994,532466449.55263686,17510347.263700288
2024-07-27,0.1650253274757251,555032180.2853873,10278011.607779942
2024-07-28,0.1664433321229014,560028755.6939585,10320118.04969914
2024-07-29,0.1628623642085155,547564764.3989676,7536601.75642556
2024-07-30,0.1610952495907853,541345344.1527029,11021569.094743058
2024-07-31,0.1559705028200573,525193084.2396182,8302355.109085613
2024-08-01,0.1511122277393335,508601968.6505637,9405990.327131843
2024-08-02,0.1491578563621936,502986113.4098626,13636965.546321744
2024-08-03,0.1388709817616475,466988295.1307926,13765060.483016348
2024-08-04,0.1340590929706294,450903650.2955125,10156637.557326691
2024-08-05,0.1273017640849789,428484870.0312489,13094845.60584492
2024-08-06,0.1207558989474411,403973755.339837,29474964.42754047
2024-08-07,0.1257254261251049,422873617.2874796,12400383.716211842
2024-08-08,0.1243295032649291,420715026.8072193,10900980.893945957
2024-08-09,0.136482746468161,461646334.0010233,12353247.500406548
2024-08-10,0.1350190546411719,456774641.3438669,11190390.28448094
2024-08-11,0.1365260994511586,461553396.9789257,7415353.023236658
2024-08-12,0.1302540252636432,440113291.7170852,7395235.497413818
2024-08-13,0.1350291391549921,457008579.1720071,12342114.091859965
2024-08-14,0.1362823527437431,460982629.5816589,9286857.015933927
2024-08-15,0.1340380292655223,453114855.8284875,14546090.285936598
2024-08-16,0.1287040111033,435213573.21376175,10865301.275251709
2024-08-17,0.1284192915513365,434392003.2691035,9868234.689870415
2024-08-18,0.129454613527811,437687288.6403443,8645309.355977044
2024-08-19,0.129002831881339,437282222.0742528,6414843.77189418
2024-08-20,0.1321133496930375,446821530.85002303,8972353.091530925
2024-08-21,0.1336390707334197,451839291.2401336,9675410.209418504
2024-08-22,0.1384780884999327,470934502.6225209,9908685.870847544
2024-08-23,0.1401217530970604,476471294.6258119,8743965.810183309
2024-08-24,0.1464319653585755,498328056.6511349,11626180.954177177
2024-08-25,0.1466783585437485,497721860.33411735,14462229.891203132
2024-08-26,0.1430558924311996,486639636.3274663,11903283.990232646
2024-08-27,0.1366431063339121,464331254.0959848,11314777.941700978
2024-08-28,0.1276099748315454,434215505.5089226,11007160.976363732
2024-08-29,0.1249970705703154,425927664.6877998,11995741.435269788
2024-08-30,0.1255259485195558,427007241.00962967,9863899.816250991
2024-08-31,0.1253791345888762,426507817.486281,8524983.40841672
2024-09-01,0.1243009405069962,422753853.2112596,6620852.693092422
2024-09-02,0.120677865027442,410515298.2633904,7745186.245822709
2024-09-03,0.1279848707287404,435142115.869224,11765752.005884904
2024-09-04,0.1221336711372469,416013399.2463581,9020429.029108064
2024-09-05,0.1244168864598091,425535236.86024016,10765950.204653524
2024-09-06,0.1204221226154051,412042281.0132993,8237510.066279249
2024-09-07,0.1175098823312664,401789538.0074621,11527639.192985725
2024-09-08,0.1181098298719162,403189017.497341,7168529.787762651
2024-09-09,0.1205955138492922,412554268.7387443,6453178.059277392
2024-09-10,0.1271400537954225,434950701.2778364,9589480.611750845
2024-09-11,0.1293434637380204,442143091.5951033,9906682.69445712
2024-09-12,0.1261769848653028,431570333.5581093,9503319.68516263
2024-09-13,0.1304808987560765,446689281.42840135,8418112.453777002
2024-09-14,0.1311889264563498,448862286.420942,8300328.8126606755
2024-09-15,0.1282581679294301,438996356.9787789,6373811.510609113
2024-09-16,0.1234710031361422,422327221.5964003,7991372.810755604
2024-09-17,0.1203991878730414,412757415.0166781,8236397.654525635
2024-09-18,0.122840009003948,420123081.2649054,7811475.459192799
2024-09-19,0.1246603689716642,427588983.48290414,10676361.748171449
2024-09-20,0.1319376554082485,453225092.2953528,12351657.778425232
2024-09-21,0.1382093174435054,475289112.5164296,17527651.971373543
2024-09-22,0.1438986578225247,495539007.4427692,13251542.189121015
2024-09-23,0.1389833266409954,478105454.44382215,21608682.337220658
2024-09-24,0.1415345834703273,486881829.5333424,12344604.96027575
2024-09-25,0.1432886809073861,493143875.8575463,13975059.643403713
2024-09-26,0.1425340256778032,489870629.68079233,13276999.608278483
2024-09-27,0.146593583421571,504501063.9853341,17683634.308101706
2024-09-28,0.149099824872258,512664816.7564229,12691660.582019623
2024-09-29,0.1434569615849384,493494849.1257795,14555408.3345716
2024-09-30,0.1428059655933842,491327397.5625768,13658671.949488306
2024-10-01,0.1332851686298935,457722645.8402811,18345779.081520785
2024-10-02,0.1224147563944241,421653606.66670346,25371397.7493703
2024-10-03,0.1176918291398885,407091716.9633879,15011848.627057672
2024-10-04,0.1179475213190724,408016455.2387746,16929813.856526595
2024-10-05,0.123258888237287,426340167.8151898,14937415.706678107
2024-10-06,0.1224354032719309,423522165.7704388,7850354.676970299
2024-10-07,0.1249987885729263,432473285.34022623,6741559.282023492
2024-10-08,0.1232663312856283,426397708.9711509,12518307.607475976
2024-10-09,0.1206109881464248,417516936.849701,10280970.57174605
2024-10-10,0.1178945595250015,407560558.9233528,9649043.454414088
2024-10-11,0.1172975716954629,405592017.7790159,9218353.837999577
2024-10-12,0.1217426219911916,420727175.1284437,9812812.229493069
2024-10-13,0.1243714611334245,430220527.6622012,8068579.928374792
2024-10-14,0.1258306508410908,434968545.1345642,12320622.710102431
2024-10-15,0.1302048438728566,451296788.3065837,15327235.19584074
2024-10-16,0.1263130128099172,436752733.6984652,28604555.22349252
2024-10-17,0.1217140353018424,423357400.8731992,15334336.88008029
2024-10-18,0.1178582978973094,409946006.1890567,12586053.79450759
2024-10-19,0.12036573758602,418601897.4449128,7981304.139776324
2024-10-20,0.1205139799785324,418871648.0801271,7379863.347541022
2024-10-21,0.1243413578306833,432325710.4297477,14094966.578127012
2024-10-22,0.1215594135924779,422750926.6601479,18390277.53418724
2024-10-23,0.1201904273635519,418057841.99237823,14501229.225204578
2024-10-24,0.1157214282941844,402511215.0344069,12012984.239997456
2024-10-25,0.1182022582023444,410542450.33654886,8567512.634008458
2024-10-26,0.1076728191373564,373143653.0754585,11236787.816117454
2024-10-27,0.109065401391044,379361586.814556,8580202.827761503
2024-10-28,0.1118112989809268,389081638.7122106,6454546.424645861
2024-10-29,0.1128464022683707,392439919.2515992,9213450.2304108
2024-10-30,0.1186173079546078,412428248.5919016,11886524.832946304
2024-10-31,0.117982427603285,413156213.1704768,9834883.805322465
2024-11-01,0.1112792950245897,388927337.7408892,9702016.519245723
2024-11-02,0.1104790820545812,386373223.9253928,8440819.967364756
2024-11-03,0.1089412478659389,380471022.9292695,5405386.8765588775
2024-11-04,0.1064616681666582,372323437.1186484,10062608.501600416
2024-11-05,0.1029938234901906,360057618.530397,8692471.11642395
2024-11-06,0.1079132547244366,377582532.9130151,7927433.400266381
2024-11-07,0.1176907017800715,411557500.8645063,13485087.109927962
2024-11-08,0.1191326277099671,417415398.8359887,11882582.28792233
2024-11-09,0.121405437600596,424602280.00293225,12321685.40992502
2024-11-10,0.1239806289619573,434129983.9075357,8147527.086776312
2024-11-11,0.1342222012970245,469433207.15329313,43983342.50413761
2024-11-12,0.1465510720717434,513638917.0344725,33157379.343656886
2024-11-13,0.1484521126678077,519160586.7472552,71069432.27271141
2024-11-14,0.1400823307571379,493038932.5822906,27760084.68086329
2024-11-15,0.1386363570631151,486771201.084699,26013590.603599086
2024-11-16,0.153520023349938,540581731.4985002,26787745.160308104
2024-11-17,0.1713004097247878,600606707.5759984,38801203.22082284
2024-11-18,0.1550753159609406,545667427.8331786,20393588.60966721
2024-11-19,0.1896845091221105,667039062.7068156,154135046.41695115
2024-11-20,0.1774795093677881,624224531.7433515,61034778.916490585
2024-11-21,0.1672538988774988,589795735.5165431,32963121.603593484
2024-11-22,0.1726999452045618,606875577.3384917,27525817.447681405
2024-11-23,0.1971806387970607,693323873.7646792,48147619.82549188
2024-11-24,0.2149774106141255,754207350.5774182,136225108.01854634
2024-11-25,0.2325737469945874,818051543.3734313,87248813.23603937
2024-11-26,0.2251180913199315,791506836.7555995,77551174.43198058
2024-11-27,0.2265989584682785,795347513.6928791,46489497.78252669
2024-11-28,0.2299573739049071,813143317.3649855,34364664.02486788
2024-11-29,0.2260923069207079,799583667.3133678,27923487.639413152
2024-11-30,0.2762524857589251,983321855.5155224,243283588.019389
2024-12-01,0.2737682852692582,968019957.3759996,111445231.26090936
2024-12-02,0.3087030161529349,1087753004.6665652,107020044.6236386
2024-12-03,0.3691333287433838,1305008022.7330422,488032456.6391433
2024-12-04,0.4728838845801439,1690564487.6931596,1624951944.8797152
2024-12-05,0.4892502973137374,1729687660.1821327,992145547.3187472
2024-12-06,0.4597776935686457,1624016442.614189,328603325.51398665
2024-12-07,0.4925730722192497,1745648784.6051514,201379503.39744517
2024-12-08,0.4859062387504439,1717822639.4687638,285228398.0694984
2024-12-09,0.4717694320368386,1665678463.1480749,107572351.83595602
2024-12-10,0.394885813852778,1395113518.9553263,319839210.5928132
2024-12-11,0.3738167595938748,1321234460.4816165,218248575.1992429
2024-12-12,0.3984954172576053,1417070551.5772629,145905039.72367483
2024-12-13,0.4172149193495006,1482902884.2757096,198441254.56428924
2024-12-14,0.4200117368466809,1492346648.9504852,115145544.865133
2024-12-15,0.3884215482507867,1380679502.1380854,65488109.65294066
2024-12-16,0.3990014423322022,1419763801.885192,56381971.24518898
2024-12-17,0.3824439076255156,1360626692.0043302,74226934.3989176
2024-12-18,0.3735205857765898,1328369085.0885746,54098666.98299391
2024-12-19,0.3269142080316957,1161555996.257103,92429845.60055996
2024-12-20,0.3006407760623076,1071963546.7521518,97619050.28994812
2024-12-21,0.3047167065073307,1082002776.3054278,102275605.49041934
2024-12-22,0.2879424877659161,1021931405.3576132,62364010.63745869
2024-12-23,0.2911781275286437,1035203822.159782,43214467.43908811
2024-12-24,0.3220278275639138,1144914575.946574,45743623.44569831
2024-12-25,0.3431164427050234,1218446405.3131025,47777658.46102646
2024-12-26,0.3221736316736163,1151047712.4532695,32661677.645535216
2024-12-27,0.292388681363772,1045354180.4032944,26969772.560764115
2024-12-28,0.29285688982399,1046614820.4375104,33879550.46513375
2024-12-29,0.3129020187152044,1118114838.132094,28749379.138641898
2024-12-30,0.2916065543418038,1042266451.8469508,18238432.002089188
2024-12-31,0.2874433010374874,1028484503.6484592,33223365.744912133
2025-01-01,0.2812344784273153,1003781172.4189824,28317767.86395989
2025-01-02,0.3190055944021044,1140991562.6438074,50703592.20826547
2025-01-03,0.3442127281058699,1230258467.12979,184510830.5495036
2025-01-04,0.3608853315044579,1289904345.7401862,98933437.8843865
2025-01-05,0.3582813007415978,1282248839.4488986,67726615.02318422
2025-01-06,0.3587584835584588,1282197171.2268496,45136263.1070594
2025-01-07,0.3790253255202111,1354047496.0044372,98174070.22482188
2025-01-08,0.3400947894875475,1216069068.011783,65538578.65896703
2025-01-09,0.320938731395712,1155142885.1309087,53784580.0997259
2025-01-10,0.3039431078060795,1093753410.7934337,51896878.88543079
2025-01-11,0.3228033330128786,1160997800.1733584,55871367.98400865
2025-01-12,0.3389300335982279,1215572157.614853,171675409.16286346
2025-01-13,0.327174567096083,1174637026.6286209,39787451.717340685
2025-01-14,0.3166231466512231,1137752685.4444263,71699607.65624203
2025-01-15,0.348344704820933,1252043601.5210264,60119109.21664328
2025-01-16,0.3875173835222989,1392572433.0312946,160453548.31767508
2025-01-17,0.3914821864299577,1405656737.0644217,187988891.26284423
2025-01-18,0.3993928204654022,1435016079.1482265,149843688.66045752
2025-01-19,0.367436547703971,1320204074.2945702,69342309.90589151
2025-01-20,0.3255795149001327,1175431210.4978485,64625154.123492815
2025-01-21,0.3283177536699428,1182395416.672279,117867204.55236451
2025-01-22,0.3347727876264149,1201612859.6865993,54892256.01306455
2025-01-23,0.3222025638688453,1163888596.1919537,39517986.09317714
2025-01-24,0.3213879812186369,1161022508.4936252,43579314.06559257
2025-01-25,0.3179771186948256,1147018806.8273127,36329795.44163646
2025-01-26,0.3244143704112445,1173100147.5963838,23879651.486151516
2025-01-27,0.3109184880934239,1126728562.5039408,22580871.48422043
2025-01-28,0.3020143164344801,1090832465.8188827,57536787.73661073
2025-01-29,0.2791675873987169,1007237736.5703847,27978170.410298675
2025-01-30,0.291501993213058,1053804636.5847896,36490406.81506221
2025-01-31,0.306762545021745,1108171961.409972,26379251.47092859
2025-02-01,0.3015184565890713,1088753798.9508717,27337926.31178801
2025-02-02,0.2792870477259421,1009201434.8179548,26076268.34092203
2025-02-03,0.2387165915343104,862592698.8777105,60918895.30784784
2025-02-04,0.2442154645452871,881672369.874715,129507934.8485497
2025-02-05,0.230257056279881,829021645.6587906,61471906.44419063
2025-02-06,0.2228982494390863,808781055.9248657,32741278.296482258
2025-02-07,0.2086471243388952,754936133.819576,38369899.9634918
2025-02-08,0.2171845743526588,787410026.0388178,46717231.17526103
2025-02-09,0.226080567959881,821010258.1712412,25605270.68331997
2025-02-10,0.2218272702956068,804397464.3436992,24920047.88412703
2025-02-11,0.2298371940164268,834610530.9488986,35642338.2110533
2025-02-12,0.2337547386250046,850003257.129343,42976464.73056672
2025-02-13,0.2473405132729857,897280054.5400295,47597900.87790762
2025-02-14,0.237293477261726,861755273.661171,27767571.810709342
2025-02-15,0.2452118778874573,890093563.5043036,34127639.81068791
2025-02-16,0.2352546417437623,854304374.0716599,22579072.7528644
2025-02-17,0.2292140194396082,832031915.7884725,22860849.329693504
2025-02-18,0.2262990378384346,821936593.30295,25759223.4835159
2025-02-19,0.2173556148689533,788709959.8465002,22216352.92178924
2025-02-20,0.223853826433821,817104129.6485153,17855392.280768372
2025-02-21,0.2292720726726969,836594975.0009912,19444594.68385184
2025-02-22,0.2180999666109554,796114119.056696,26693243.24697425
2025-02-23,0.2294396505430557,837557803.5025104,15563975.944600314
2025-02-24,0.2267879974705872,827067217.0187498,15034509.788362617
2025-02-25,0.1979132337396791,721899474.1788373,41695688.91106742
2025-02-26,0.200503096513879,731705114.7353203,44473477.74353018
2025-02-27,0.2052158717054985,749507370.0120337,38577529.83659887
2025-02-28,0.2035841863060928,743199392.4305937,28860545.12503093
2025-03-01,0.2031000367687093,741654777.7077857,51686471.00770149
2025-03-02,0.2075775935169301,757351796.9611374,25966635.17384863
2025-03-03,0.2622747031107716,955358242.0771166,169470932.52658954
2025-03-04,0.2119916233003644,773999377.3831319,74673318.07534765
2025-03-05,0.2098850061281535,766307876.2935784,60785266.02996863
2025-03-06,0.2197117120063783,807038831.651091,43007701.58509212
2025-03-07,0.2117657737133022,776798616.0514749,32545736.78426387
2025-03-08,0.2053357667727035,753226304.4451377,42948692.79867832
2025-03-09,0.1962106803300839,719149594.1954048,17725750.675589133
2025-03-10,0.1765686462380278,648716581.7031821,30716633.862959385
2025-03-11,0.1692128549593916,622890336.1101111,35802013.158363946
2025-03-12,0.174847948727276,641685956.7066944,36597104.82649528
2025-03-13,0.1826472341594457,670225709.3143224,27523627.52547193
2025-03-14,0.1761434037690916,646508492.6551908,26472879.431122165
2025-03-15,0.182013149774548,667070600.2717607,18588159.300349783
2025-03-16,0.1850114515392527,678929946.8495647,14681071.2636349
2025-03-17,0.1737209818913938,637479057.2817742,17121361.890279938
2025-03-18,0.1834319932945033,673025088.3872279,19852400.21365983
2025-03-19,0.1827462206646177,670692152.186903,17903614.647458535
2025-03-20,0.1915179858244619,706328248.2544234,36690826.27676231
2025-03-21,0.1830417010822364,675082419.7199243,23003546.15002108
2025-03-22,0.1791142034220336,660717208.7610328,18263227.54278197
2025-03-23,0.1819376062118278,671170261.1080887,15639734.790418817
2025-03-24,0.1850887548700911,682757354.6125762,18958060.21372195
2025-03-25,0.1898467073312498,699920724.8439271,24769900.673770204
2025-03-26,0.2037129485813657,750823599.2742782,28880811.14416271
2025-03-27,0.1976611759367968,728431037.8868805,27712932.21114152
2025-03-28,0.1973275373515207,727714132.6744626,19965125.96138552
2025-03-29,0.183703847067628,677216993.5661286,23346265.83781585
2025-03-30,0.1726256038472951,635751007.4647584,19325028.63490849
2025-03-31,0.1696977183634958,626011287.2326314,15515793.723956648
2025-04-01,0.1690763893891,623145915.4324735,21069431.56062051
2025-04-02,0.1745667898355831,643995408.0113944,19712214.41472993
2025-04-03,0.1624220839148063,602361548.4555293,36949337.546280205
2025-04-04,0.1636709808969164,607663389.4638623,27218143.421555743
2025-04-05,0.1654054304637994,613243044.1032254,28913933.04233513
2025-04-06,0.1656313642034433,612988483.8022981,12882884.501375884
2025-04-07,0.1469445371357247,546139776.3059814,22629678.259264104
2025-04-08,0.1500569461813113,557542841.8643031,75559335.09514283
2025-04-09,0.1431894751763108,530702013.1491052,24892357.66983116
2025-04-10,0.1610767550090575,597256352.3090417,37362691.51524193
2025-04-11,0.1566411308498984,581139388.6346209,20129868.348531906
2025-04-12,0.1612870734788796,597700732.0058521,18975595.34663596
2025-04-13,0.1711349981586193,634377681.7065085,15809240.696817204
2025-04-14,0.1618952739034458,598366783.7218015,38415781.486061215
2025-04-15,0.161662384389586,599374171.4832274,31548772.358183548
2025-04-16,0.1568529840753811,582238260.334952,41239641.14657349
2025-04-17,0.1556846389941504,580310916.1521926,48822764.21183115
2025-04-18,0.1564396780898989,583009514.4720657,22668848.461751357
2025-04-19,0.1587149377306006,591030998.0686541,16729450.265427768
2025-04-20,0.1663054607881985,619836000.0382081,16612605.928204156
2025-04-21,0.1648531037925245,614782456.7719929,14007047.044736788
2025-04-22,0.1682548890320745,626515430.6876148,19994614.910033267
2025-04-23,0.186288207028823,694506756.3758761,36026004.52267692
2025-04-24,0.1953210321097908,727158816.8692329,33084900.11695486
2025-04-25,0.2013387750906505,750461584.997697,30374470.335071225
2025-04-26,0.210811267947812,785765914.6988947,33248821.999762427
2025-04-27,0.2111896537478104,785772251.5704988,25651410.4136075
2025-04-28,0.2213173998019201,824735633.140994,65515281.86494088
2025-04-29,0.2222592734039528,827908779.6150857,42477733.39734123
2025-04-30,0.2077893662390813,774053899.9533198,28858729.30739139
2025-05-01,0.2066220051665979,773972141.4812917,17547239.19843538
2025-05-02,0.2088689469134743,782437168.019017,15180017.334959071
2025-05-03,0.215277249106583,806502952.5689892,17291810.380011838
2025-05-04,0.2074850120740226,777246571.6715875,12405643.763119329
2025-05-05,0.2077068286748986,776428740.8881319,23949383.38419119
2025-05-06,0.2036531179377237,764208521.0618798,14832602.667657766
2025-05-07,0.1971767057319015,736073125.0022544,21057649.07692701
2025-05-08,0.2062367114245929,773931123.6545136,20582198.05097312
2025-05-09,0.230322398046962,862414180.5414007,28727396.318198573
2025-05-10,0.2372243275967911,888605010.8131915,36090357.20616949
2025-05-11,0.2564765945809729,958643544.9773158,30831867.956773847
2025-05-12,0.2468027246303941,921678443.1388036,51595765.36604913
2025-05-13,0.2424527033415508,908025823.2521168,62103955.57508703
2025-05-14,0.2525430704843509,944437440.254194,32836586.16777885
2025-05-15,0.2396455570274696,898137805.79507,26381348.670199737
2025-05-16,0.2258622439853062,849405262.1926782,26547334.81164864
2025-05-17,0.2236413775912853,838788294.6529468,19271098.44979255
2025-05-18,0.2149029362933685,805481060.5556847,12329688.769623868
2025-05-19,0.2272059478708705,848267584.05592,18876376.71557629
2025-05-20,0.222917732172771,834781270.2955894,21792550.77255089
2025-05-21,0.2239120908237089,839194676.4269873,16829489.790002197
2025-05-22,0.227378836898435,852733692.6250196,25643067.348233204
2025-05-23,0.2308315297476423,871933255.9828548,25925399.954835463
2025-05-24,0.2097264938219703,792681609.655175,35873612.63807383
2025-05-25,0.2071774708181138,783244998.7467495,18764116.79065867
2025-05-26,0.2091794214314772,790844861.7423626,18766621.60934249
2025-05-27,0.2059445634681286,777662982.3008354,16873282.345769342
2025-05-28,0.2089133209563694,790159280.3369868,20006374.03145532
2025-05-29,0.2076555035575129,789770608.1789287,14877907.515965432
2025-05-30,0.1987806919422563,756951969.7886653,20936965.956510648
2025-05-31,0.1779629380438938,676487907.7718256,33747494.42673318
2025-06-01,0.18183079736573,691805760.1127952,15883341.556953944
2025-06-02,0.1843325658727478,701376623.9189268,12951579.71502481
2025-06-03,0.188872716873492,718941110.7364419,11938281.058013298
2025-06-04,0.1870216666848577,712407581.907004,11986663.816040304
2025-06-05,0.181894024542999,692386506.3522092,10196368.72064968
2025-06-06,0.1708071995568803,650480890.1106681,18120073.39853171
2025-06-07,0.1756201752633349,668917006.5333493,15107435.30705072
2025-06-08,0.1797215953944664,684719901.2485458,8274534.28639961
2025-06-09,0.1812053849539175,690304418.7343781,9574625.79613785
2025-06-10,0.189868997577049,724139739.2366244,12596403.76125608
2025-06-11,0.1961616650133852,746494494.8155005,17537959.318213545
2025-06-12,0.1890723650826328,724005362.9773805,22144151.528650485
2025-06-13,0.1763537975752833,676126955.219402,16411248.949121837
2025-06-14,0.1720037954544325,659438528.369335,29739627.49840635
2025-06-15,0.1697249243613642,650806193.5881219,10161765.17558857
2025-06-16,0.1700931693713722,652550316.4991901,8209373.586188417
2025-06-17,0.1700769275522261,652389603.6407455,15180742.187619504
2025-06-18,0.1629778208420631,625599011.6414242,18113346.876716003
2025-06-19,0.1643648537164598,630834672.1435977,13662651.358425964
2025-06-20,0.1644984880699881,631398643.4409486,9612808.062743364
2025-06-21,0.1590866811539626,610633763.7408998,11559120.000659624
2025-06-22,0.1505345922782837,577774161.9260075,10604748.77944766
2025-06-23,0.1468842048651492,564369611.8971907,19356272.65517904
2025-06-24,0.1616779668113576,620907770.9434531,19223723.552837428
2025-06-25,0.1632412350596757,626738591.3965839,17794174.24173765
2025-06-26,0.1567365273753035,605020316.6464278,11774623.371119289
2025-06-27,0.1524000355147544,588660510.3920282,12151966.740027316
2025-06-28,0.1543759501184052,596415262.3906907,12184227.914895406
2025-06-29,0.1587608761309374,613221693.5915959,4921367.192189261
2025-06-30,0.1634425553865192,631689061.0029992,6959378.555534815
2025-07-01,0.1596220925045879,616916456.1363261,11773520.679321574
2025-07-02,0.1515620870250062,586013681.4055728,8671533.693751503
2025-07-03,0.1638261749764789,634201002.6704998,14693812.141527044
2025-07-04,0.1637404624485902,633003398.4175655,10490166.418387422
2025-07-05,0.1553971874865976,600813295.9575171,11808392.51393206
2025-07-06,0.1561627323651485,604212164.2568896,6787892.483434874
2025-07-07,0.1593397463021389,616466898.3081877,8846334.27533524
2025-07-08,0.1577762390791673,610608346.1175654,10211551.32340588
2025-07-09,0.160510982801156,621314615.003623,8012133.09745568
2025-07-10,0.1725053682293496,671540224.3469453,17898393.38348537
2025-07-11,0.1817015035250281,707020471.1917071,24729567.52071848
2025-07-12,0.1878704438206079,731441818.4512744,37699081.31002773
2025-07-13,0.1871862925672193,728338535.2476499,33161869.478481293
2025-07-14,0.2184549216701563,851690074.4213481,87249892.44320515
2025-07-15,0.2203737486882821,856997251.0746436,64348351.97621303
2025-07-16,0.2238724867327342,872262518.108468,35058906.84405949
2025-07-17,0.22913515617138,893174451.1064066,34806071.097242855
2025-07-18,0.2433213326221119,948335204.6376438,47710106.61213272
2025-07-19,0.2286071015405955,888662684.1999633,47875399.85870386
2025-07-20,0.234083336195144,912792961.0057806,18769441.08892615
2025-07-21,0.2410552015650557,941619055.1945698,28059414.111024138
2025-07-22,0.2374890177458052,926442370.4595524,31233779.18679557
2025-07-23,0.2324304827162756,906585538.2170798,33999822.72898068
2025-07-24,0.2079032316974563,815689095.7559552,35064297.23698958
2025-07-25,0.2000609265137286,784412985.7598729,26912306.49094403
2025-07-26,0.2071566613582868,812544966.6440945,22900886.591332644
2025-07-27,0.2111318388807903,828361675.6470963,16460577.530875362
2025-07-28,0.2212863431656585,868442341.4849465,26293877.59360672
2025-07-29,0.2027687961067842,799021044.3507044,22442161.991163477
2025-07-30,0.203511572476077,797118229.1741207,18498689.536012925
2025-07-31,0.1999643741430497,785031744.2232909,17933273.10919917
2025-08-01,0.188617446842012,740815983.2583447,16594235.51740948
2025-08-02,0.1796190382758028,706155433.9841444,24956992.96006633
2025-08-03,0.1766062090253397,694004218.6087911,13829713.125178233
2025-08-04,0.184208495613436,724300136.4606634,10599073.202258062
2025-08-05,0.1898286926242922,746746810.8038054,11903799.130382482
2025-08-06,0.183420473019911,721020363.14476,14248144.6882654
2025-08-07,0.1876840465168436,741597903.4494296,11449578.170184618
2025-08-08,0.1989992866409058,786676711.6951545,13879615.89366097
2025-08-09,0.2013131739633304,795847468.2144307,21605108.898432683
2025-08-10,0.206545782587767,817168931.2389274,16001105.603536556
2025-08-11,0.206628218815129,815878972.6336113,17881540.249993585
2025-08-12,0.1980242825179829,783407718.3602037,25239719.19025422
2025-08-13,0.2115031988433877,835954891.8416774,18009998.758490533
2025-08-14,0.2175065664131508,860812934.1204119,20876242.02379595
2025-08-15,0.2001194649197859,792051349.7255942,45521330.70668264
2025-08-16,0.1987657217050889,786896345.0932753,21082225.90185299
2025-08-17,0.2079661687726591,823462502.7088023,20349458.128053624
2025-08-18,0.2089910678985469,827862880.8993673,16803443.608731776
2025-08-19,0.201386466262725,797998174.0752094,19998294.90657308
2025-08-20,0.1916852531554007,759176780.3061224,18435920.66638531
2025-08-21,0.1981451982813977,789237242.3925941,13958850.734795986
2025-08-22,0.1929976908690316,767666322.442565,12940765.460506575
2025-08-23,0.2118618568394993,843894978.0360438,27973426.213389013
2025-08-24,0.2073535425891863,826089485.3909719,13618430.376642255
2025-08-25,0.2033524668920714,811078529.4542187,24613406.448251884
2025-08-26,0.1888052932879491,752518331.4883081,21801596.976094823
2025-08-27,0.1969398719867188,784904021.8891623,16461725.897910114
2025-08-28,0.1949147220401359,777481607.5325418,13832384.762789773
2025-08-29,0.202277170361275,806567745.9839948,14945501.637290033
2025-08-30,0.1921644696267891,766771686.6256156,15822577.985976124
2025-08-31,0.1927735758990246,768801948.0267429,8631483.191072734
2025-09-01,0.1894698413355096,756238718.0914767,9289294.016094148
2025-09-02,0.1838748288517812,733865299.3223574,16866053.489577133
2025-09-03,0.1874403007591189,747996060.7471606,11095260.867081704
2025-09-04,0.1884335051687636,756321167.0708264,9861135.21998925
2025-09-05,0.1824505930024395,732234080.4160687,10521290.457418593
2025-09-06,0.1841908062245959,739130850.5662382,10238369.147268584
2025-09-07,0.1820580461520891,731282239.3350729,5342911.810121731
2025-09-08,0.1857532210263855,747337917.9713774,6759848.380764135
2025-09-09,0.1908231359748676,766490127.131846,14734646.121910352
2025-09-10,0.189629621366635,761709528.9941328,18263505.57322946
2025-09-11,0.1950068361765679,783356660.0441765,16331632.3205033
2025-09-12,0.1947058063001476,783155374.4368311,21885733.789012898
2025-09-13,0.1990210348573977,799860764.4617759,15995887.27803079
2025-09-14,0.2021529764083125,812440322.6967127,15975365.598489106
2025-09-15,0.1939237666991135,778340623.6768897,14658909.554962603
2025-09-16,0.1876497239894311,753974341.4299232,16068329.533685584
2025-09-17,0.1886867612428835,758557134.8658028,9848660.624439549
2025-09-18,0.1942933295128192,785706749.214048,13574877.3650138
2025-09-19,0.1955540609401951,790333482.1002134,13171505.721063614
2025-09-20,0.1872644870940715,756576987.9506562,11021874.407026185
2025-09-21,0.1874338887787731,757175388.1735839,7487425.252146038
2025-09-22,0.1841890330645594,745140877.4178569,7728489.996497053
2025-09-23,0.1713477949041276,693118322.3281646,32576022.53615595
2025-09-24,0.169931622229169,687933908.179325,9259446.19957132
2025-09-25,0.1705195643139737,689780709.861031,11148761.750092428
2025-09-26,0.1594747218238961,645469291.9405589,14949018.071519768
2025-09-27,0.1668152039055408,675069389.7012539,11592983.017601045
2025-09-28,0.1652385722173322,669038871.3373294,5786646.646242541
2025-09-29,0.167017389509877,676518361.009131,5741291.610720272
2025-09-30,0.1675720142209324,679216683.3987112,10127103.343285602
2025-10-01,0.1649734054187207,668069449.3294771,10585135.166157342
2025-10-02,0.1781569634955188,724949951.1596054,14905989.255216362
2025-10-03,0.1831868400059501,745011399.4334346,18152349.050688956
2025-10-04,0.1903836262680051,774974609.08017,24027594.52043121
2025-10-05,0.1862330771592346,759042102.2585487,16830310.07302599
2025-10-06,0.188223870243561,767354584.0885955,16941895.942814365
2025-10-07,0.1924748289183259,784415915.6115677,19539209.574060343
2025-10-08,0.1832661827664195,745947898.9218541,22611226.129845746
2025-10-09,0.186977420321688,762446685.2303177,16884442.224544425
2025-10-10,0.1799907996618931,733958601.7368363,14835189.10332829
2025-10-11,0.148150442333123,606354744.6367147,57425634.56708143
2025-10-12,0.138242357716324,563450922.1704336,39193025.20671976
2025-10-13,0.1548843515169533,631688501.1860135,27999657.707088467
2025-10-14,0.1617038597533243,659742923.8269844,26496199.465209413
2025-10-15,0.151777948864838,619762571.8643757,31074103.249982152
2025-10-16,0.1447979292192896,592368265.0078756,13989247.001987657
2025-10-17,0.1385846020496709,567587523.4195472,16544312.15018016
2025-10-18,0.1380666877977277,565639965.0050365,22883707.67571349
2025-10-19,0.1418226814734403,581249472.0685148,9778682.50922382
2025-10-20,0.1436903503434897,588645293.1307694,10756727.470047742
2025-10-21,0.1470447964222709,602462052.5357536,13360763.92775925
2025-10-22,0.1426021210971693,585759208.7374245,15749938.810752625
2025-10-23,0.1394940170211675,571128642.9715205,14665510.30432754
2025-10-24,0.143779278954453,589425386.3460584,8433541.713400463
2025-10-25,0.1463124279608012,599955599.5231318,7589421.917241151
2025-10-26,0.1466829399057303,601598705.0241536,6169998.688707245
2025-10-27,0.1507740249831407,619086262.6984919,7777118.606985201
2025-10-28,0.1463383556593075,600590069.2777461,11764635.674000612
2025-10-29,0.1445590940797429,593410646.6168424,558978576.1940923
2025-10-30,0.1423046004035823,586369543.6510211,92645757.93660767
2025-10-31,0.136569452703481,561805988.0854301,14690385.021219172
2025-11-01,0.1374962364060858,566469557.9995356,12755765.116355758
2025-11-02,0.1415687599617028,583165014.8161676,7661612.083988881
2025-11-03,0.1417834685780684,584141979.4154217,9708319.985216057
2025-11-04,0.1265923496629953,521534309.70102257,18620885.81584492
2025-11-05,0.1270056551536597,522802324.86702746,21698229.085721117
2025-11-06,0.1299200349875486,536152969.7305718,15277975.945650954
2025-11-07,0.1260932348815784,519698408.7828224,14162149.755933885
2025-11-08,0.1431524254685537,590112065.2478359,24393179.013196953
2025-11-09,0.1420860099446139,586088646.427275,19856646.65671745
2025-11-10,0.1412287671740609,582274545.6855834,11943433.438663432
2025-11-11,0.149099329812845,615253499.4495032,17534551.71290831
2025-11-12,0.1415153655589878,584661839.882418,15286648.344280615
2025-11-13,0.1393201278231127,577041331.4919374,13567670.361727774
2025-11-14,0.137419227489932,570267267.3661278,13701355.681820383
2025-11-15,0.1307434582510958,542970971.6722758,16657113.762031935
2025-11-16,0.133567622028827,553404536.5842432,6911118.7583625335
2025-11-17,0.1292150817612223,535635047.7092098,8877414.725355994
2025-11-18,0.1241439141674057,514339823.9732248,15278524.68694492
2025-11-19,0.1276708286555662,529236404.03808546,11576709.654310605
2025-11-20,0.1235483758914082,511931239.4965536,12206094.078843042
2025-11-21,0.1179030995356856,488873765.4904174,15065959.760610985
2025-11-22,0.113970988709488,471997052.8616886,21006554.393511243
2025-11-23,0.1151514978019263,477773598.5645383,8183274.026421373
2025-11-24,0.1155452739282824,479861926.35969424,7151021.569783453
2025-11-25,0.1184879681450529,492637806.44872785,12126242.339666927
2025-11-26,0.118354308487999,491653004.453191,9310650.480690053
2025-11-27,0.1171920696786064,487792359.9608354,8607960.099509427
2025-11-28,0.1183475629539245,492780177.87574416,11215898.53793708
2025-11-29,0.1139915349828365,474729496.6200877,7959016.714132084
2025-11-30,0.1126099008829104,469097370.76618993,8435673.458500631
2025-12-01,0.1090781460014247,454753731.7229968,5102963.270753591
2025-12-02,0.0990196610574005,413499304.1089263,20049881.69312731
2025-12-03,0.1041243787994477,434365375.9738326,12854108.2857714
2025-12-04,0.1045602063328949,435877394.32145154,17024066.475592498
2025-12-05,0.1007865736290074,420106632.7695775,11059330.482452605
2025-12-06,0.0999962174844974,416806996.3056308,14422775.688667731
2025-12-07,0.1028613122487849,429005266.4454848,7644612.928597643
2025-12-08,0.1007866727794142,419970698.7757187,10254231.601163745
2025-12-09,0.1035212585851152,432070118.4280198,7770781.6324909
2025-12-10,0.1070772904853347,447267687.2190513,8578215.194441006
2025-12-11,0.1045967371804559,438603772.9767689,8961904.381251317
2025-12-12,0.1016730231033341,426057713.0164268,7887540.025406496
2025-12-13,0.1000876034013901,419187757.8596652,7173863.9634792665
2025-12-14,0.1002874558660417,420089896.51028854,4870051.869454376
2025-12-15,0.0946451239001799,396036613.2592776,8835235.235929836
2025-12-16,0.0917395109287528,384427974.97986,15578109.045485958
2025-12-17,0.0928461125619637,388390552.63145953,10216930.946041929
2025-12-18,0.0898766238535668,376651220.02773225,10548679.391755188
2025-12-19,0.0846120840088632,354713090.919139,12361386.168545352
2025-12-20,0.0897532141088847,376356021.29246193,10943590.31459955
2025-12-21,0.0902980317035755,378864849.74312395,5717369.373165859
2025-12-22,0.0870095066706406,365012571.51335406,7231080.841355217
2025-12-23,0.0858654505349263,360222182.95224494,12661167.8506269
2025-12-24,0.0843005396225346,353875954.5743105,9968898.259348031
2025-12-25,0.0838127916271904,352792175.8247957,6673996.520664613
2025-12-26,0.0821853212149839,346239289.39103884,4537135.9656530935
2025-12-27,0.083588451170055,351903380.6195038,6018416.27621464
2025-12-28,0.0873137925268182,367065670.24743307,4580736.058628271
2025-12-29,0.0856489274787189,360734796.8118217,4007209.553729256
2025-12-30,0.082919793024225,349212278.2504054,7324188.853416488
2025-12-31,0.0840409351692154,354498864.1277756,6344308.151070687
2026-01-01,0.0807682761613573,340449988.321576,7202266.524076888
2026-01-02,0.0847658498016614,357363600.46901375,7638669.183512882
2026-01-03,0.0947850494946584,399753727.4729979,17617125.145747747
2026-01-04,0.0939796102462917,396279233.88564783,10064113.588829108
2026-01-05,0.1018516301548958,429625840.5990767,17150029.38782147
2026-01-06,0.1070549899136449,451765332.6246706,14522757.280717934
2026-01-07,0.1127957180391718,475968607.83492863,30188615.91963234
2026-01-08,0.1070954832315427,453287726.525031,10083126.260270871
2026-01-09,0.1061206450722658,449223660.0972706,42381396.53191421
2026-01-10,0.1050552546519454,444829065.138266,15617653.45794792
