date,prices,market_caps,total_volumes
2015-03-06,1.905812488469364,70585394.17744094,2141717.49453352
2015-03-07,1.91840954079214,71105473.62119067,1613022.6506972322
2015-03-08,1.899268276578846,70405502.7561956,1654613.7972086198
2015-03-09,1.929246312858236,71625399.2527914,3447327.0361888204
2015-03-10,2.001115495070417,74358858.35113509,12270475.95562973
2015-03-11,2.018303903512389,75015217.49181716,3928090.321694208
2015-03-12,2.048859636652662,76252007.52081333,6679854.348198577
2015-03-13,2.01346430826815,74992190.92781237,3361635.672883166
2015-03-14,1.993700340145327,74316085.31887148,2463776.7049925947
2015-03-15,2.01631756346645,75212484.18593943,2430171.7056570062
2015-03-16,2.024593714729743,75578293.92860764,3556330.6680427943
2015-03-17,1.981945561952846,74035584.3945308,6173121.268678159
2015-03-18,1.742885436460289,65146014.53691354,7459695.965769324
2015-03-19,1.770148621288688,66203211.48706716,8201938.8816238735
2015-03-20,1.770643100588115,66267918.70087314,2717099.9476028183
2015-03-21,1.750537240079927,65572768.79026892,2556179.05628368
2015-03-22,1.798819171772492,67442234.99295685,1657482.9686009164
2015-03-23,1.784530416860008,66961566.55560565,2163682.58392906
2015-03-24,1.675822527117544,62934348.63342049,4270237.660564695
2015-03-25,1.682257488333267,63229420.79839855,10292599.58444137
2015-03-26,1.692353684261405,63660006.04501281,4267835.397946627
2015-03-27,1.693272148819673,63743490.80622751,2201342.643746196
2015-03-28,1.697460005523149,63910309.60078962,1810081.7139742908
2015-03-29,1.654115574567507,62278367.76249495,2059073.1549516325
2015-03-30,1.674987795233544,63064218.43378149,2089452.908950756
2015-03-31,1.64729324850517,62021503.406679325,1751160.3098238509
2015-04-01,1.661678819067234,62794932.303207,1842170.6577926725
2015-04-02,1.681786431857449,63599787.86341251,2105392.321594067
2015-04-03,1.686222400304109,63821416.81839975,1948778.2506104773
2015-04-04,1.678905688271894,63592253.25143494,1027506.5460739884
2015-04-05,1.69787813831882,64360709.33560182,1901700.004900175
2015-04-06,1.677493961663796,63634817.52401304,2178177.0455591856
2015-04-07,1.669444598700746,63351839.892584495,1308698.8529669188
2015-04-08,1.624886681653953,61736926.01431601,2834604.344944317
2015-04-09,1.57996882575741,60073502.01438226,3205111.701164753
2015-04-10,1.514315134448645,57612579.64189957,3465814.918608185
2015-04-11,1.454442820265241,55334719.24760845,3735377.2379654953
2015-04-12,1.469424279668396,55904693.42496514,3408134.1157242483
2015-04-13,1.375899492302822,52472340.46667761,3533103.3022192414
2015-04-14,1.375000583316742,52474290.26117749,4352576.036572466
2015-04-15,1.378522647625421,52651850.92655497,5939108.430539219
2015-04-16,1.411426491449519,53949877.85560037,4050045.340867223
2015-04-17,1.413930735865334,54084906.50213897,3224994.751183576
2015-04-18,1.407584099015562,53880917.35655309,1786879.9217299393
2015-04-19,1.393938258257139,53394113.58916362,2299688.689966014
2015-04-20,1.404821524922383,53858966.37575162,1855923.5183473
2015-04-21,1.429400023509382,54843511.69961277,2342032.88646752
2015-04-22,1.453293752368857,55800963.38788012,3293532.6779978364
2015-04-23,1.455136090188168,55912445.97715256,1632843.3457622228
2015-04-24,1.421607676707588,54660820.85583746,2169614.705212067
2015-04-25,1.397656941088031,53780656.67529527,1546178.2414424017
2015-04-26,1.327593170823318,51124091.58663221,3322035.3535782443
2015-04-27,1.389586823309503,53549818.17481396,2172303.212209564
2015-04-28,1.367450670855393,52734236.39560297,1828187.5522141692
2015-04-29,1.375323848373487,53081042.02642464,1602330.4468827266
2015-04-30,1.445167997502319,55819619.684199065,4379495.593336971
2015-05-01,1.412102338790159,54583268.24177028,2137523.935160787
2015-05-02,1.424087823658114,55086214.86913855,1503573.1869638218
2015-05-03,1.430175608189599,55359672.215187885,3732693.745365809
2015-05-04,1.410584074439521,54642506.22593724,2911235.197263999
2015-05-05,1.408578042383509,54600716.29122413,1796700.8971653788
2015-05-06,1.391190751378561,53928958.56565237,1457257.8469419642
2015-05-07,1.451759648146775,56276887.86358906,3286311.7980883704
2015-05-08,1.473776310289461,57130355.05295208,3473083.459532219
2015-05-09,1.447424873218528,56108852.030066445,4054495.206405275
2015-05-10,1.433999405015547,55588419.07166329,4034596.219211864
2015-05-11,1.435504008283333,55646744.42151612,1983036.4219838376
2015-05-12,1.441778661798469,55889978.880267575,2494227.9449937926
2015-05-13,1.450931550884948,56244787.00116086,2298687.633937107
2015-05-14,1.446303536517328,56065383.85689376,1642719.9427861194
2015-05-15,1.45225418277801,56296058.302733175,1258739.0467582757
2015-05-16,1.444803417903457,56007232.35287402,1296196.680613634
2015-05-17,1.452459582355002,56304020.53599704,940319.4660839476
2015-05-18,1.441225602455935,55868539.75386575,1758007.6594334503
2015-05-19,1.450075537517206,56211603.98194163,1286116.044962386
2015-05-20,1.456946847747343,56477967.60197404,1092034.4608742362
2015-05-21,1.476906264793979,57251686.49985774,1960084.0186083212
2015-05-22,1.831349527985551,71892013.80085729,20598528.700470693
2015-05-23,1.817902179593037,71413294.85832486,16958280.395400364
2015-05-24,1.823744043155067,71695033.11948816,8515556.975131275
2015-05-25,1.795624058087403,70640665.65848081,5083343.096878937
2015-05-26,1.81045916005964,71275159.20760258,3409439.9505222505
2015-05-27,1.841906565202887,72566152.88889396,6321496.655545079
2015-05-28,1.832061555922477,72229125.77356768,4670439.029195828
2015-05-29,1.831432430425884,72252855.426298,6271619.404329014
2015-05-30,1.805725336713136,71291668.669139,3824485.700936999
2015-05-31,1.630107408555837,64406854.3183976,7571770.170101711
2015-06-01,1.615765895464887,63889490.46540932,6153569.244683649
2015-06-02,1.668208994001003,66011620.438603565,5080340.69512152
2015-06-03,1.687614125992664,66786070.076021686,4201215.600427912
2015-06-04,1.664187617991353,65858983.49804477,3016354.383265702
2015-06-05,1.750971936108338,69293408.14642315,5452895.641821647
2015-06-06,1.755144425088256,69458531.28512661,4936448.441798163
2015-06-07,1.73666661831195,68727285.86639816,4004271.6453727633
2015-06-08,1.786805073045615,70711477.80919573,6069320.2334452905
2015-06-09,1.799134616826827,71199410.30649753,3350017.4834145373
2015-06-10,1.761385178971135,69705504.46443915,3569347.989004058
2015-06-11,1.800056553983394,71235895.28170355,4045646.456792199
2015-06-12,1.804624841115783,71416681.83702564,3454009.317182852
2015-06-13,1.860759245701738,73638159.02224898,5866148.8112848215
2015-06-14,1.992527459180545,78852787.77158552,16209233.52283003
2015-06-15,2.011375175587223,79598672.08798335,9269862.882270534
2015-06-16,2.852474769059214,112884561.03934067,60988450.81860038
2015-06-17,2.862483179010189,113280636.3968767,89115468.35031937
2015-06-18,3.093112995396637,122407639.33052737,55108512.775157005
2015-06-19,2.799160366225415,110774683.3197376,43882939.430164
2015-06-20,3.021990996378888,119593039.2764112,48284756.43608839
2015-06-21,3.014652514491934,120942896.76337752,32624202.29288874
2015-06-22,3.022886953381855,121362877.49592252,22007170.07710687
2015-06-23,2.967830881424983,119232914.31566036,15164094.076128408
2015-06-24,2.796707091220501,112439382.42367564,20174228.83801869
2015-06-25,2.841323146491919,114323631.55369876,29016667.614599604
2015-06-26,2.855561946032484,114977357.06398083,17439910.618448727
2015-06-27,3.096188800459363,124756450.62550455,38660062.7434862
2015-06-28,3.062496211307101,123496090.71980707,24605761.713653747
2015-06-29,3.690842737409115,148936222.6617672,85948916.08831885
2015-06-30,4.105024447387247,165755977.57625794,118731329.28096338
2015-07-01,3.92389924772369,158562626.15152505,58193150.239854015
2015-07-02,4.090834754348069,165428873.91094515,60707441.78280098
2015-07-03,4.140077401433409,167547499.96922916,35970461.62885897
2015-07-04,4.138585146765948,167611680.3520748,35060009.970809124
2015-07-05,4.787464693933963,194038596.300584,75798980.22120227
2015-07-06,5.416643889050118,219701264.46400395,184497987.882399
2015-07-07,5.274178133651955,214088405.062286,118087398.73819824
2015-07-08,6.29924425354581,255860208.5897993,189354409.05787155
2015-07-09,7.659154642303609,311287606.1441751,350891235.13237965
2015-07-10,4.431278048161501,180251779.5818848,147567732.16459787
2015-07-11,4.321748862196003,175917452.98501307,156131570.69374323
2015-07-12,5.248006786817273,213776265.4513321,155221533.30717272
2015-07-13,4.714340668537871,192176580.4548076,131835600.4557074
2015-07-14,4.592658240538808,187244302.2677844,77983545.5934492
2015-07-15,4.156555447471008,169630291.40414786,54010795.46123263
2015-07-16,3.580150492419221,146256927.2823452,135092295.1516384
2015-07-17,3.770527836759453,154143129.47989938,90761436.99223626
2015-07-18,3.963221059571945,162033534.6187415,83270248.54777065
2015-07-19,3.663719700348157,149788629.99982294,46660038.35028417
2015-07-20,3.878997022649952,158881988.01506993,54223224.4386518
2015-07-21,3.785559717463818,155172591.28825542,53754867.910789095
2015-07-22,3.822070277721756,156785183.08312693,51170650.9374747
2015-07-23,3.79140364912865,155636968.14058512,33353705.49892015
2015-07-24,4.606149257321866,189156401.7701352,188698202.8973695
2015-07-25,4.643625527564781,190695404.5325069,146205016.19737506
2015-07-26,4.638918971327427,190502124.8116704,106214015.7790505
2015-07-27,4.663155478493783,191497422.6691544,77698763.12195654
2015-07-28,5.068781725159825,208154894.45231688,146387205.42772022
2015-07-29,4.820408608469628,197955189.13993025,116948365.20192207
2015-07-30,4.570138382876321,187677577.039502,92274303.26208872
2015-07-31,4.618411767121701,189659974.7333258,94742128.11219352
2015-08-01,4.189885720626422,172062098.39638788,124893706.17556012
2015-08-02,4.176356021468388,171506486.9589821,129054088.93353042
2015-08-03,4.28604394255346,176010937.70753694,133624217.90813452
2015-08-04,4.376517433481521,179726327.51439816,111456041.95917325
2015-08-05,4.33934751443786,178199905.38875604,69576446.74801613
2015-08-06,4.047700991088645,166223131.76210576,75728835.63260007
2015-08-07,4.184885758594421,171856769.655584,90332808.82132944
2015-08-08,3.914907504034201,160769826.45511875,78223489.04753569
2015-08-09,3.897454846251654,160053114.56346118,89934616.34842154
2015-08-10,3.935052207417095,163585668.6859411,66828854.18219805
2015-08-11,4.12332470083251,171532616.61646488,71940987.10963537
2015-08-12,4.059463983761971,168990248.9354718,67356497.07685739
2015-08-13,3.88800691052803,161967797.16091895,50795341.78197451
2015-08-14,4.015571114897535,167389523.6373264,69993265.02510457
2015-08-15,3.909203339931613,163067374.45293874,40462394.57031956
2015-08-16,3.947401154054798,164767721.56518206,46201603.77536751
2015-08-17,3.9686026934771,165767383.61175737,58220775.95261877
2015-08-18,3.93116318769362,164282955.8090295,40455499.76504551
2015-08-19,3.480103035056727,145568916.64411467,82446355.96792302
2015-08-20,3.595481371448519,150500054.74904296,51554335.60414176
2015-08-21,3.575323487375965,149762828.46009055,34287198.12037537
2015-08-22,3.501180479178117,146752715.0326514,48832273.19462956
2015-08-23,3.387891366072019,142102596.31027994,43174830.94356927
2015-08-24,3.004264092557158,126093500.40340368,98881001.16385238
2015-08-25,2.967751471052782,124641955.96617952,182006611.74314737
2015-08-26,3.006503799588125,126307388.62845956,133965808.23260422
2015-08-27,2.873488857697861,120756817.56076944,46074210.36039711
2015-08-28,2.938384928908267,123524075.40416469,100443639.515391
2015-08-29,2.882133595003807,121198429.95833792,50215357.62197062
2015-08-30,2.830127147910554,119048477.73998456,45319667.64518238
2015-08-31,2.837674970637619,119406837.23370714,44968718.13012963
2015-09-01,2.818002461636051,118623982.70271726,35839530.2910392
2015-09-02,2.799495143106944,117890127.86535656,40966930.18279262
2015-09-03,2.643084854819458,111339315.16890451,43520708.8801352
2015-09-04,2.706798582433063,114064925.35150246,47424284.89197922
2015-09-05,2.934806250031845,123715466.1553424,80497282.09294441
2015-09-06,3.066316221641811,129305895.80864751,119662047.2780176
2015-09-07,3.045729570093247,128483447.08252606,64307221.91788482
2015-09-08,3.058310618791899,129061579.7315445,77382582.09349038
2015-09-09,2.936833150855364,123981965.03147171,60136551.06740191
2015-09-10,2.941814134135359,124236370.47963852,41716260.07949535
2015-09-11,2.961338829330096,125103195.09438214,33802094.492452726
2015-09-12,2.847320170230112,120323650.2528794,31433677.582651258
2015-09-13,2.809793288573743,118778630.52030736,33815921.02954849
2015-09-14,2.845463307075895,120330972.60857348,29625649.84926372
2015-09-15,2.817139542539814,119175735.95109122,20743727.40339472
2015-09-16,2.799408816443167,118467789.78582408,21456905.44746697
2015-09-17,2.920190098786118,123623648.8629224,40700591.651736245
2015-09-18,2.957907590420023,125262387.59046017,63828589.66301151
2015-09-19,2.862012824080014,121242476.18214144,40467503.26554881
2015-09-20,2.830781515856902,119960551.99204835,35026408.80553166
2015-09-21,2.796950673386334,118564794.80359164,42193347.39476892
2015-09-22,2.832153640539683,120089573.41842815,54046806.20946499
2015-09-23,2.850870812839896,120931687.69272624,42026630.258360654
2015-09-24,2.927896024770552,124240978.44346207,51033697.61571176
2015-09-25,2.892434315130187,122777140.69183692,41737715.80024576
2015-09-26,2.873625013156248,122019606.68238942,19467295.022436105
2015-09-27,2.862001779815767,121566201.56933884,12366678.19856818
2015-09-28,3.06227799660536,130120356.77383712,86508281.13832681
2015-09-29,2.990896512694065,127132722.07062104,126391693.7287894
2015-09-30,3.003103306783007,127696487.2904067,50143622.535363846
2015-10-01,3.002874114269465,127726304.5451057,44526334.47410858
2015-10-02,2.982174621850227,126889919.78543136,30571340.67512025
2015-10-03,3.025906845714649,128793064.99130164,27374781.95287969
2015-10-04,2.991740741289941,127386032.0824586,34660955.05823547
2015-10-05,2.996875754868471,127649480.3248823,28582948.76873397
2015-10-06,3.153070631723593,134348193.32986158,55107265.83534596
2015-10-07,3.051334545622514,130032804.74177615,60482739.78708826
2015-10-08,3.062078801619288,130490671.85573404,32324781.294531744
2015-10-09,3.113961054956894,132701637.19465134,43062865.71499568
2015-10-10,3.126016867906168,133351378.12058736,38436145.64988284
2015-10-11,3.158034297673065,134717195.5693443,29779264.417725835
2015-10-12,3.141303043660439,134003464.36617143,52462204.8646961
2015-10-13,3.185734217192148,135898834.24814427,66990975.26015381
2015-10-14,3.134298723574552,133900250.3978795,84955573.98107925
2015-10-15,3.089727096541687,132044152.95862477,51543000.66242573
2015-10-16,3.083241875983856,131811087.6242294,52354531.971451685
2015-10-17,3.056955850186959,130730900.35059632,68327046.70528257
2015-10-18,3.016396986392849,129039758.81358875,33502410.304952785
2015-10-19,3.052740822365736,130637800.1833986,24903869.22021378
2015-10-20,3.096481116226709,132555588.00474642,23008528.02274047
2015-10-21,3.087198929491778,132207858.60798316,28259367.24377458
2015-10-22,3.112835568139126,133349626.71852964,7452238.127763669
2015-10-23,3.117533808602801,133597344.18064344,18555701.19881011
2015-10-24,3.113331002195288,133461370.53611696,11383198.730841031
2015-10-25,3.062528031842949,131328353.00838,29799376.65655562
2015-10-26,3.10894881795133,133361655.03176934,19870241.00356148
2015-10-27,3.10306165873646,133156518.3636959,19283130.638287622
2015-10-28,3.089641442540109,132625902.21785508,17781579.140112426
2015-10-29,3.873849116730783,166342635.5797714,142643961.14305937
2015-10-30,3.967890205208579,170439077.09029934,359640362.07583493
2015-10-31,3.626956961183454,155842850.95592818,208274105.0957733
2015-11-01,3.824595485513962,164391383.00626868,154388319.3415894
2015-11-02,4.129534815906506,177557340.059769,185374294.2185256
2015-11-03,4.528494909254127,194782385.41873315,390926288.148678
2015-11-04,4.045417018528692,174060378.0727459,378909815.09341687
2015-11-05,3.835268595714429,165075463.96998388,287969240.91341686
2015-11-06,3.499838789001299,150689968.85732508,226966476.0974755
2015-11-07,3.550050432320385,152901683.8844122,106717983.4926377
2015-11-08,3.392944406230203,146185382.96631297,63490792.365877934
2015-11-09,3.379622079455386,145661829.9112999,124765013.77184856
2015-11-10,3.145911759200828,135628624.06442717,122226954.75631385
2015-11-11,2.941417980747683,126854268.52808706,73656497.49606267
2015-11-12,3.303653326529951,142521702.32636443,82249609.31930554
2015-11-13,3.23020849458235,139399760.64099863,59476979.48050008
2015-11-14,3.190978759647077,137748043.45729464,28922107.990018666
2015-11-15,3.082256212628863,133100253.23205584,34126461.41565653
2015-11-16,3.209037296121461,138603166.46580306,28295861.36527689
2015-11-17,3.21181220443916,138783481.3109046,32232694.96991639
2015-11-18,3.216830581837872,139047292.8059542,21587723.98452677
2015-11-19,3.12992774726062,135334898.91488573,28301982.294042323
2015-11-20,3.120178446741277,134956251.50961205,26332567.35140283
2015-11-21,3.142489404159261,135962585.1740731,21016227.40929444
2015-11-22,3.140076350547028,135893822.1405661,13643762.074675636
2015-11-23,3.13339627359334,135653451.19247764,13473309.26469273
2015-11-24,3.11195304152797,134769459.28780824,14728764.857574193
2015-11-25,3.308810401822105,143335714.40879652,74193040.11893724
2015-11-26,3.648712163309351,158099920.3547689,326563800.59259635
2015-11-27,3.574922590285041,154953536.08303013,129454014.63856252
2015-11-28,3.494779267784044,151533401.89046374,26399920.400116693
2015-11-29,3.661371024647626,158816489.9873062,92133459.26668166
2015-11-30,3.619735702651245,157074304.31784976,276293954.9130959
2015-12-01,3.437035457336574,149200282.83326587,170569261.16050088
2015-12-02,3.331577024117735,144684176.76628324,205471131.9920812
2015-12-03,3.374362953347148,146594676.86180937,164594089.157688
2015-12-04,3.357686865795139,145916206.89413103,120331435.4919444
2015-12-05,3.530172122505449,153464560.35430872,199976410.6255325
2015-12-06,3.477725071988891,151232039.48525244,291675450.98555064
2015-12-07,3.620737149254945,157498300.42595488,305649146.5412917
2015-12-08,3.691534668456606,160630430.96246597,231609208.097579
2015-12-09,3.653236998501743,159019141.24332845,323413586.6967773
2015-12-10,3.633663444752086,158222097.17685243,203144651.62647057
2015-12-11,3.816127919220123,166227517.42017236,299309352.0062718
2015-12-12,3.587035288576375,156294965.19537818,337894410.1971191
2015-12-13,3.597335210483459,156802481.79551035,196873710.05547297
2015-12-14,3.582357072612309,156201551.26068524,174888472.06917506
2015-12-15,3.808972950770624,166135059.04025412,348029996.2164861
2015-12-16,3.669535429814042,160103335.31231287,271681896.5766874
2015-12-17,3.729009376517404,162752931.20389912,147303796.2964532
2015-12-18,3.755614858773105,163970745.63241118,68694346.24539995
2015-12-19,3.735729638330568,163159897.1762031,42025124.77661492
2015-12-20,3.509846097413502,153342490.96373138,65563005.1550968
2015-12-21,3.43218657446777,149999801.544419,104619897.36957416
2015-12-22,3.384526383968553,147962727.58377066,53503591.84289518
2015-12-23,3.573623355776172,156276639.91775513,209649813.58485365
2015-12-24,3.621015446440763,158407241.0648061,221148509.19938532
2015-12-25,3.609307498902122,157952626.21184152,137153275.05475917
2015-12-26,3.447139890225034,150907028.6587308,332814730.76773286
2015-12-27,3.504427375742383,153463465.58362117,180771965.3094893
2015-12-28,3.453175759691721,151268729.5786912,147058914.33959818
2015-12-29,3.486770411913636,152787176.22438893,173641740.3193387
2015-12-30,3.460536164480091,151686840.97727093,60180132.66009209
2015-12-31,3.474657705224049,152353698.61330646,111953845.53987
2016-01-01,3.51180802704664,154033993.05319256,166080826.96676338
2016-01-02,3.505097895598328,153786292.847803,94517885.93027748
2016-01-03,3.485512042217686,152978548.42344728,91423126.83608876
2016-01-04,3.499486366041875,153646047.73978746,75826336.93613066
2016-01-05,3.470098698870814,152406870.1882554,77578079.51184197
2016-01-06,3.460808584054559,152048368.69324026,66182660.70789134
2016-01-07,3.602216418635095,158261029.70762795,255301668.86720344
2016-01-08,3.57524583183934,157178772.04662365,160611930.5627715
2016-01-09,3.574666914264184,157205421.82475498,112311676.06037097
2016-01-10,3.542201828151219,155830384.76897907,104130940.8522771
2016-01-11,3.562569578016886,156778170.42312884,90154100.88251564
2016-01-12,3.528738254736544,155346872.18917954,86718499.60431142
2016-01-13,3.47699945238134,153118877.9801622,150198857.35844457
2016-01-14,3.457352021737252,152301718.91051167,65857080.29643931
2016-01-15,3.022672698056644,133158936.8924238,137889037.76963043
2016-01-16,3.076525662228192,135613118.90041524,278616687.63988644
2016-01-17,3.021824090310678,133201875.9624588,115304403.70683958
2016-01-18,3.032892622353447,133778157.9028652,103099666.81345084
2016-01-19,2.997791074797039,132273028.493225,64862107.86788631
2016-01-20,3.394206921379566,149812140.6246689,198538742.69049013
2016-01-21,3.204920453165095,141501237.7479645,207621181.59508783
2016-01-22,3.0373131329848,134145282.36132547,170126811.06580874
2016-01-23,3.103000425158532,137060453.47337905,145037687.17887586
2016-01-24,3.182076878261821,140628858.2975931,111090592.85919608
2016-01-25,3.121840534271113,138007588.48490882,94373030.332534
2016-01-26,3.142222324415742,138947101.0122667,109549694.45658123
2016-01-27,3.259243927608179,144121722.93289107,181487557.362552
2016-01-28,3.091543671888253,136811853.56659484,157949038.3284087
2016-01-29,3.082687519249576,136459010.23360652,156280017.56000534
2016-01-30,3.057558025013415,135385147.0407492,84681074.79717508
2016-01-31,3.00080801923021,132907881.73570342,82767239.42418596
2016-02-01,3.049440835813605,135109968.05707294,106505065.61209875
2016-02-02,3.052214977653535,135281792.24261886,84680472.4873388
2016-02-03,3.03331590074296,134492595.16556242,73877557.29810534
2016-02-04,3.138894590803533,139218051.47791883,152040516.89569518
2016-02-05,3.107969500643405,137891587.41605702,88351011.79114774
2016-02-06,3.060439833319988,135828740.60551137,76524415.00503893
2016-02-07,3.068582787950824,136236400.90147504,72755291.11072479
2016-02-08,3.038387215209238,134940163.28797483,69365177.85808602
2016-02-09,3.057424475521792,135827834.22928008,65228292.41793376
2016-02-10,3.07219673666265,136524192.56238177,82524890.7834525
2016-02-11,3.043598498843224,135296174.03312668,77117621.36184427
2016-02-12,3.082826449888386,137084278.04199705,55167425.266407564
2016-02-13,3.119394536724505,138753791.50743723,78801126.1383179
2016-02-14,3.164551289903895,140807899.5155588,128936422.04323237
2016-02-15,3.129759119025511,139303625.41813523,133923930.40838656
2016-02-16,3.185770979042315,141847571.04747272,86992915.00270236
2016-02-17,3.216795076604489,143275814.66912827,105575329.47220051
2016-02-18,3.233381956943006,144059537.10117817,132093102.70335336
2016-02-19,3.226626529226613,143801471.08298513,117718359.0768224
2016-02-20,3.464854082928307,154466923.19993716,252881060.67819765
2016-02-21,3.440115120445824,153415979.37166315,322812265.62634546
2016-02-22,3.483668765464253,155408470.22056922,167143226.0123183
2016-02-23,3.385604457715083,151082009.83035994,218897586.07337004
2016-02-24,3.347567856242101,149435432.45021525,151307340.78098547
2016-02-25,3.350800772687568,149627666.29462323,159982409.44149286
2016-02-26,3.402568924492748,151987313.1493808,161338947.55479997
2016-02-27,3.404544838755,152130302.13827166,173901475.03116992
2016-02-28,3.430583884689378,153344015.55070287,192199704.75190333
2016-02-29,3.416368879162309,152755592.65502134,235412127.6985348
2016-03-01,3.394874075342612,151829890.25679243,127735173.02138524
2016-03-02,3.35552826292302,150124240.63353986,1003119.7596381864
2016-03-03,3.309445828026438,148110610.95235825,87700419.38764748
2016-03-04,3.232366584519497,144706913.72479388,132542220.12233968
2016-03-05,3.155638429760537,141318958.95560455,194487087.623316
2016-03-06,3.180206951962371,142465801.14178407,150960949.14642972
2016-03-07,3.249448709440738,145618279.3915761,127540644.87180012
2016-03-08,3.229011266520559,144745518.9435401,98686996.0437666
2016-03-09,3.257021547572631,146047780.76957113,88431840.36594349
2016-03-10,3.277369265852238,147008613.92142585,75978446.43978956
2016-03-11,3.355414026129206,150550803.7651299,165769142.1971098
2016-03-12,3.274254794666905,146954206.5484263,159303467.3715759
2016-03-13,3.290279957103871,147722468.66938853,138039165.49422508
2016-03-14,3.301228838266016,148260996.47226813,126363309.401542
2016-03-15,3.295268395967086,148041418.8548679,132237271.4504038
2016-03-16,3.300865631757716,148342555.22487327,74625323.69330306
2016-03-17,3.295110658375507,148133597.63101014,94910768.50017624
2016-03-18,3.172809028326713,142685746.4295267,199722032.1044912
2016-03-19,3.170760795527928,142643415.42427513,143698353.31699714
2016-03-20,3.204685366402622,144215090.90091383,113487564.14886329
2016-03-21,3.195877693091336,143869947.86296296,101659314.11884
2016-03-22,3.217672112932585,144898294.24905512,116968878.63656203
2016-03-23,3.232003877488761,145592485.9017248,118295931.3512376
2016-03-24,3.21122245811745,144701380.0798216,122423095.815916
2016-03-25,3.222519055732423,145251746.5776259,73787904.59737194
2016-03-26,3.224492821536876,145387386.58371717,120227993.2529958
2016-03-27,3.283628255677037,148100092.957421,191984271.4600744
2016-03-28,3.254797509251889,146845970.1502754,130225405.2126102
2016-03-29,3.230001573660209,145773931.00121453,207273505.17324743
2016-03-30,3.211050260764847,144965034.69220528,136840706.21511194
2016-03-31,3.23568009875021,146120485.2751532,136882228.96976414
2016-04-01,3.235630472094836,146163866.56842673,90332993.52877767
2016-04-02,3.262363817323742,147419046.9668256,136113151.34993598
2016-04-03,3.249803411619615,146880474.34883696,90321957.72628216
2016-04-04,3.240679512028676,146534699.92294595,122082180.8222848
2016-04-05,3.255611675464803,147257423.6087762,74570632.06061025
2016-04-06,3.251922680132707,147139830.05795428,70528377.76810607
2016-04-07,3.235740542450305,146453341.28866518,100004738.30579264
2016-04-08,3.214372296898699,145525967.75732297,131341126.8690219
2016-04-09,3.217236916736569,145669010.73123735,147061861.55327904
2016-04-10,3.235632200955538,146574627.2837482,102093596.3610511
2016-04-11,3.23897558689385,146771914.67615956,87569678.27430552
2016-04-12,3.275058984836491,148458263.30474788,147017431.23660302
2016-04-13,3.254752736057906,147581477.0981024,105097082.46497734
2016-04-14,3.256472059761013,147706248.82509714,85639456.3599226
2016-04-15,3.286401500288644,149109461.91697276,148986565.66930816
2016-04-16,3.290831629877688,149352669.12622482,123432225.36889574
2016-04-17,3.265483775510387,148247007.16576505,101547997.38004984
2016-04-18,3.262015130851037,148140261.36032313,91466668.94806562
2016-04-19,3.287059955519707,149326124.29988807,120642935.34306423
2016-04-20,3.289108410028383,149470163.646728,175878575.90325645
2016-04-21,3.3573254896753086,152614199.94090772,219450496.42856544
2016-04-22,3.346735674190052,152176325.4573329,201291037.6387335
2016-04-23,3.366514811368704,153120627.3007924,135814761.63205194
2016-04-24,3.643813967395692,165786524.81843072,528947364.6716937
2016-04-25,3.75228534516397,170742401.37735495,271085951.5650816
2016-04-26,4.038293438674249,183859163.1356854,826396782.4025283
2016-04-27,3.950773568890363,179936208.29777914,1186956735.4292164
2016-04-28,3.81065078892041,173606966.18006295,1143224861.8497698
2016-04-29,3.823938217979938,174265854.67209625,282885526.11787754
2016-04-30,3.653978734078031,166573566.80652052,115073087.67468607
2016-05-01,3.720549878328087,169659496.52973157,324381258.5104764
2016-05-02,3.695662293235118,168572372.88281435,372646086.50210345
2016-05-03,3.750272375208224,171113118.87304172,284823353.3718127
2016-05-04,3.750722218664391,171182496.9702877,326275088.6893904
2016-05-05,3.731613647159647,170365612.01825202,225286729.5751561
2016-05-06,3.819159468550487,174418152.3782588,266915052.7982462
2016-05-07,3.979939823622126,181822758.83415192,515278253.8984829
2016-05-08,3.946030307554511,180329938.923237,373412745.6666729
2016-05-09,4.106460221925794,187715129.7401654,453124860.057838
2016-05-10,3.793454771734627,173464353.3406263,571110719.1843512
2016-05-11,3.8762600458920846,177309441.39947414,423340619.01375794
2016-05-12,3.860677600205293,176648009.93239096,409044892.00843626
2016-05-13,3.9582860916777833,181170164.63146448,398639744.1090428
2016-05-14,4.024757983451524,184267813.0169596,473284413.7379639
2016-05-15,4.091194136161521,187371786.0944284,484728891.6981973
2016-05-16,4.020394588419749,184193276.4803336,502954477.69329846
2016-05-17,3.972799176660999,182073588.8791316,364073523.35859823
2016-05-18,4.007388231146088,183719619.12663263,312857398.0647763
2016-05-19,3.859996904738353,177015505.41447043,466644224.4225442
2016-05-20,3.901066448468673,178952649.82505777,351491700.4095478
2016-05-21,3.969127564545763,182130566.69792607,344810093.8345819
2016-05-22,3.93165967264252,180466229.94219765,359889682.8454138
2016-05-23,3.968390925719284,182208772.532565,304287585.6017832
2016-05-24,3.953581572387664,181578714.65665185,302269661.57479256
2016-05-25,4.034737083824738,185376402.82477304,348186000.1918341
2016-05-26,4.093337111049376,188126503.0474776,480252560.43284017
2016-05-27,4.56655731607998,209939714.02589703,490546461.86225575
2016-05-28,4.494522622587056,206694560.3143184,1264562520.104265
2016-05-29,4.488017934946803,206406866.5278791,936121357.1789894
2016-05-30,4.605977077724144,211939664.15922973,630097685.7640729
2016-05-31,4.664446340741096,214683246.49790865,478016741.72809976
2016-06-01,4.730309516886898,217767371.8354249,543546730.0735165
2016-06-02,4.721887790517949,217436917.06830645,409682615.24798
2016-06-03,4.868783126866116,224272709.5548678,484113208.2942196
2016-06-04,4.839195605207243,222982395.61417705,493740431.5828505
2016-06-05,4.81196175828111,221794750.660314,406327033.2756744
2016-06-06,4.959922776555251,228695844.2834147,508436434.5659596
2016-06-07,4.804770737829021,221615370.43566495,586292094.6346797
2016-06-08,4.795350114148793,221252663.7120613,320726164.4867247
2016-06-09,4.753593596627702,219396412.89362925,305056777.1980151
2016-06-10,4.886178344829626,225582155.0032656,530317644.6740039
2016-06-11,5.003377603685885,231066990.17231983,450340480.5945062
2016-06-12,5.304193335812159,245041007.35470912,1211372481.722989
2016-06-13,5.340135797735436,246778627.83187565,792604661.8293381
2016-06-14,5.219324392953455,241269799.43908903,661119822.362502
2016-06-15,5.262803070757413,243357018.91754308,541656310.4826382
2016-06-16,5.670590243742764,262296276.21954584,811241421.818816
2016-06-17,5.597711742601651,259005148.3283352,1212520874.2729714
2016-06-18,5.59841794950987,259127539.04673937,960325628.2476676
2016-06-19,5.586890873790972,258682131.7410828,717587542.3679749
2016-06-20,5.289205735849371,244971552.39722028,543246804.4202913
2016-06-21,4.892478632174971,226670986.1604611,976583827.585238
2016-06-22,3.875183787383009,179594040.18712378,885232324.3123319
2016-06-23,3.8721715073409904,179504775.34945756,969005254.3231472
2016-06-24,4.276840168969851,198324567.3822679,982737452.7571796
2016-06-25,4.246085513207993,196955330.42732185,950642911.0874876
2016-06-26,4.116083437160989,190978261.5859012,919982052.1537944
2016-06-27,4.138348056486789,192077717.0819757,689737257.1543201
2016-06-28,4.111032160056959,190872259.1372572,635223955.6481225
2016-06-29,4.0586171865723575,188497621.124198,445460287.7933993
2016-06-30,4.0472094288175455,188025271.83284324,444208210.34461975
2016-07-01,4.282812793636816,199033998.31641668,560991219.0367181
2016-07-02,4.334847578491969,201485575.09791788,503640948.5793964
2016-07-03,4.265849564536321,198375139.30174813,941391276.25414
2016-07-04,4.54415003797122,211390015.41548905,878690170.7945322
2016-07-05,4.44726411633845,206949895.63157317,819318294.8099056
2016-07-06,4.49616232865174,209287382.05873048,672551631.9547256
2016-07-07,4.09455291838663,190641888.4391784,1010263500.8650116
2016-07-08,4.238854388969636,197403677.79245296,703141014.4234099
2016-07-09,4.1401357003044215,192860371.90139368,793311680.6655626
2016-07-10,4.129386888602042,192418605.88582012,437584254.7005517
2016-07-11,4.1154267253435926,191835797.63719615,421321111.6521385
2016-07-12,4.174664580294,194668278.9092753,385577625.8382749
2016-07-13,4.140352142757332,193136058.05264556,304024577.9720954
2016-07-14,4.1600916620748825,194120813.83339363,287015288.6539775
2016-07-15,4.161908917083581,194262629.88182697,287140665.6920929
2016-07-16,4.157251441283667,194109465.54384843,157934594.47243512
2016-07-17,4.19687040981351,196026390.67144865,206627245.8955667
2016-07-18,4.171995344057974,194925130.45177764,180713272.45554343
2016-07-19,4.180589174924815,195387167.84352407,175230114.4125039
2016-07-20,4.16715565895615,194787665.5708224,137126362.0211748
2016-07-21,4.145679995087977,193865797.53901744,147833391.97140637
2016-07-22,4.061265042621067,189972592.76423305,225094682.51012057
2016-07-23,4.062451517561612,190083747.7371209,225160442.61128244
2016-07-24,4.0672059436029455,190366200.5400512,148546702.95798573
2016-07-25,4.045821060069542,189423436.4507367,120057481.814407
2016-07-26,3.970318534073316,185944226.7206868,237445828.76099032
2016-07-27,3.9761204935149967,186275098.03889465,208197213.6011591
2016-07-28,3.9726654197149407,186169347.0719596,122356816.37979326
2016-07-29,4.091511624626645,191803534.9099442,218353287.4215148
2016-07-30,4.076636068455724,191163469.3148009,178356752.61880893
2016-07-31,3.961164510381348,185810716.8140773,222122351.65635148
2016-08-01,3.867290675691025,181465185.89141336,193138566.7262172
2016-08-02,3.5527990745914053,166761385.99434456,476725427.0522997
2016-08-03,3.744775302963342,175828543.3985216,564517835.3848472
2016-08-04,3.7595451418876262,176577015.42155895,238756121.4776752
2016-08-05,3.7420128243681567,175812032.5488671,105749637.72458176
2016-08-06,3.771635780378056,177256524.7659157,141924600.32399204
2016-08-07,3.785469532201189,177958817.9569265,175981738.8365425
2016-08-08,3.797147052586765,178561235.0511861,145062791.28483734
2016-08-09,3.753626275700695,176570595.0234658,136630024.8424881
2016-08-10,3.755664842321829,176719350.1881339,195472349.62185884
2016-08-11,3.780121019424057,177926814.89283147,188904636.09973252
2016-08-12,3.7727243352300857,177634684.73654556,188535000.3317698
2016-08-13,3.718824450064354,175153857.35499135,163036896.08114758
2016-08-14,3.65033635620547,171978128.8344359,152393043.6036049
2016-08-15,3.5863902579680005,169014572.7962287,170179174.2755318
2016-08-16,3.622107826180153,170746992.38882458,195007700.80462423
2016-08-17,3.600911866283313,169793811.63450453,113154113.46619748
2016-08-18,3.6028370723184584,169933949.75027132,104533413.58039889
2016-08-19,3.596186285067988,169676983.87530836,84750798.25451757
2016-08-20,3.6172849642103744,170726731.1353349,113800509.79637592
2016-08-21,3.61454408548423,170653213.27533686,101605773.1847456
2016-08-22,3.63724054232557,171780247.39900908,99854140.71845616
2016-08-23,3.941628728304085,186215071.56281227,562129584.8156441
2016-08-24,3.855235126137573,182187921.96648347,387727456.63982105
2016-08-25,3.794992743521472,179393686.407886,313477090.2753413
2016-08-26,3.831087104540277,181154309.943022,213245780.79273775
2016-08-27,3.7430833842843128,177045238.8906125,218024775.9674647
2016-08-28,3.748312421171181,177345045.06984812,172227570.14647883
2016-08-29,3.757920057760233,177859271.0814244,203201142.92499137
2016-08-30,3.805856735636016,180177741.11967272,290229960.300935
2016-08-31,3.77471096205481,178761078.2199026,156466138.42535916
2016-09-01,3.8270701390792135,181297130.0577828,228504141.81650412
2016-09-02,3.821418707004923,181082144.2776808,160091161.51780137
2016-09-03,3.8739338302363393,183629030.92118832,233816842.41340232
2016-09-04,4.004958872906301,189899346.18550435,424096251.1815802
2016-09-05,3.9680419985464903,188205339.07477763,260947265.9052679
2016-09-06,3.9679085662950473,188252973.9023657,214232858.48839915
2016-09-07,3.985758642031417,189153160.25758,204219583.6026776
2016-09-08,4.002979840549798,190031076.1944356,314205947.3981405
2016-09-09,3.968986330575177,188474972.081994,166401974.48186702
2016-09-10,3.9665701609908193,188420229.9821746,135215983.30782506
2016-09-11,3.874650513457578,184111396.48151445,280675712.05900264
2016-09-12,3.809879396017604,181088535.7754491,200063158.30276504
2016-09-13,3.81679168436956,181467467.50467527,195469916.29254812
2016-09-14,3.8305976248185902,182179599.29101908,105372382.59040558
2016-09-15,3.799279839874005,180746099.4613213,183160944.08102944
2016-09-16,3.813406324294689,181472109.4086866,80532464.04097144
2016-09-17,3.8063021278725504,181190844.4730064,139193213.3007531
2016-09-18,3.830026803538066,182375454.88155028,131775490.12813812
2016-09-19,3.8346733887139206,182656054.19495657,120665145.39713514
2016-09-20,3.822736003347436,182142013.21083936,83321938.73259036
2016-09-21,3.7709831935665625,179727619.50297078,150342812.82984373
2016-09-22,3.762674911752448,179387610.93969908,93413161.02394174
2016-09-23,3.81071005330395,181737541.0724722,128574254.19743566
2016-09-24,3.816924223847921,182087053.32810116,103318109.1252718
2016-09-25,3.806766715228119,181656924.3252272,101015065.98115766
2016-09-26,3.8531101489321817,183919847.8571444,156530763.02611965
2016-09-27,3.8418918390389463,183436808.0129445,199144587.1351606
2016-09-28,3.842531969921706,183522512.3424638,103719529.0585291
2016-09-29,3.8525662745341416,184040188.39778063,136147176.5505589
2016-09-30,3.83157042108482,183108179.439891,159784772.11272034
2016-10-01,3.8447065344205673,183794096.6682074,127097390.01668169
2016-10-02,3.838771544228482,183567191.52143404,80036034.3620811
2016-10-03,3.845639304788888,183953575.72060293,50424597.74395145
2016-10-04,3.826999350977676,183118585.6278471,79951026.89585966
2016-10-05,3.837163719269221,183653769.7057604,95825027.60729434
2016-10-06,3.829789273992568,183355293.8350208,66091956.33779575
2016-10-07,3.848564365091777,184309398.4783578,86202910.67779437
2016-10-08,3.830969474624802,183516861.5515671,86393751.61333752
2016-10-09,3.8106155953909777,182595759.6269489,96057206.99676251
2016-10-10,3.774438896630497,180904247.7256069,116115091.4878554
2016-10-11,3.825144217179489,183403153.16702208,201319808.5361888
2016-10-12,3.803274932282982,182410120.30467683,119125951.44662905
2016-10-13,3.894378451970669,186833698.0459583,255735406.97611132
2016-10-14,3.87896122299336,186144673.39918652,169699559.68336797
2016-10-15,3.872875341413902,185902001.5765936,141021179.56707025
2016-10-16,3.877923464610902,186196377.8070808,142893857.38279566
2016-10-17,3.8539976054409246,185106749.60579696,150919457.929267
2016-10-18,3.827674172551194,183898420.0182696,154074552.09612134
2016-10-19,3.804750115811027,182857732.56617185,143677287.3479394
2016-10-20,3.785977903663814,182007874.0802265,102540599.27038312
2016-10-21,3.797236876436787,182600402.9319768,138914535.78787833
2016-10-22,3.843748930371925,184890392.83045065,315134623.9240142
2016-10-23,3.860459954027629,185744694.9688953,279769057.9923674
2016-10-24,3.857451362468775,185655967.10805357,194274743.23566303
2016-10-25,3.895935727055584,187563412.8688844,171626558.45708826
2016-10-26,3.9214968008048174,188830380.57384127,303648598.99547154
2016-10-27,3.9958235115777,192498214.280023,353733175.32388395
2016-10-28,4.024053975738234,193892417.22810277,356191489.7359852
2016-10-29,4.054843845645493,195461533.63460127,430750564.4926847
2016-10-30,3.9945847774976033,192593628.20055583,283537102.15269685
2016-10-31,3.977418241846718,191819363.20103884,216577543.8381168
2016-11-01,4.091197597273342,197401220.95268852,327014678.00748914
2016-11-02,4.108408967342127,198296586.36159515,198546797.48360145
2016-11-03,3.8416093512089633,185475892.0900533,584711193.0272892
2016-11-04,3.902344801442354,188463465.1191776,326161273.9042694
2016-11-05,3.884477723561752,187655152.77351248,139817540.48041776
2016-11-06,3.905701521476981,188735230.2451382,210233388.53412303
2016-11-07,3.874445169040555,187276553.24433413,152304865.3934306
2016-11-08,3.838584305198416,185589136.88196945,105570028.19255
2016-11-09,3.84988417975232,186196487.5988094,200379259.5645029
2016-11-10,3.812256325672366,184439930.78370675,157212932.75045606
2016-11-11,3.817239219066032,184741319.42742747,109021034.44110866
2016-11-12,3.754012333825169,181736256.9113264,170188887.22348508
2016-11-13,3.882967449090984,188033393.77340427,472302932.36021954
2016-11-14,3.877195849685634,187812060.9768292,212495527.88278612
2016-11-15,3.8983857784723286,188896201.0297753,381654777.4024084
2016-11-16,3.9217908370708376,190087648.84365204,536039173.5396933
2016-11-17,3.877765098060319,188008996.86065215,464262402.3079526
2016-11-18,3.933776590070032,190781001.211226,336262143.89285153
2016-11-19,3.943377003102976,191305064.3250427,331882883.3757345
2016-11-20,3.893857888219791,188958522.82088703,459611833.310212
2016-11-21,3.929907008933484,190764874.01355067,192312576.01358175
2016-11-22,3.928971242656425,190780938.60689327,261399140.63453284
2016-11-23,3.911739467571232,190000438.3049076,206227131.1698524
2016-11-24,3.894666283698057,189236008.3041281,230235338.8115208
2016-11-25,3.903778578606018,189738196.1105721,207344074.1961485
2016-11-26,3.872690658995044,188286846.72677505,275499991.5854526
2016-11-27,3.870389400991032,188229824.3367748,184205718.74630025
2016-11-28,3.8763317624938303,188576578.35347944,175424698.77301046
2016-11-29,3.868558963954889,188257731.3306287,169218078.92168337
2016-11-30,3.906689181599182,190169538.60695308,159089927.58890104
2016-12-01,3.9277365376757913,191254371.06754127,177268764.19526613
2016-12-02,3.9754170073290473,193631049.61934465,296553234.53271097
2016-12-03,3.9577279929667535,192828735.9338376,156868484.3871541
2016-12-04,3.9390665932370137,191974069.81427097,195153245.9796016
2016-12-05,3.6048602483397874,175737131.76901805,521661431.4555349
2016-12-06,3.646646306868178,177830271.56569234,366293589.4811362
2016-12-07,3.773720097716335,184084345.69354185,283546406.05403775
2016-12-08,3.7881253097385352,184842536.6725205,363981116.1108655
2016-12-09,3.830794035072848,186981934.1037397,231738318.172922
2016-12-10,3.844644545308757,187712574.63266468,203694385.95977736
2016-12-11,3.8267129169196026,186890264.4250692,200009236.14461455
2016-12-12,3.840661685457512,187625076.20258063,206484718.36546257
2016-12-13,3.809973575176344,186179612.7045522,253024716.87173808
2016-12-14,3.676060935748656,179689549.3045738,145830574.2337918
2016-12-15,3.694052107993633,180618753.21920043,149311333.00661102
2016-12-16,3.704194242318271,181169377.06288183,112974330.99316251
2016-12-17,3.785299417691077,185185474.2108204,196934706.60222235
2016-12-18,3.761792330631362,184091504.64493412,123042827.06621802
2016-12-19,3.7352249807768905,182847962.148009,90109777.47163576
2016-12-20,3.75071485267984,183660987.8904192,85780899.24178694
2016-12-21,3.7768457909981015,184990016.37161496,187370736.6353578
2016-12-22,3.680642423193442,180329593.6366304,267046993.89477757
2016-12-23,4.2557769230726175,208567132.4690505,670798839.0453311
2016-12-24,4.433812622141614,217353271.6447212,880011632.0247452
2016-12-25,4.288032128061065,210265494.9652573,633635029.7579544
2016-12-26,4.240126643814465,207983104.98524648,523880160.0098015
2016-12-27,4.33495948380097,212708893.0308549,530176867.8411352
2016-12-28,4.519902961444979,221860245.9251569,579665840.1256249
2016-12-29,4.528668868458804,222358791.72321987,450777803.5562192
2016-12-30,4.3767442808709145,214967314.2573768,561903111.123988
2016-12-31,4.36069992251508,214241313.6534636,422383209.6719282
2017-01-01,4.503138670027047,221302264.8123639,427541120.7355117
2017-01-02,4.580076938641901,225149387.00276527,593716097.6614419
2017-01-03,4.590288311414854,225717347.4406936,527850180.9051308
2017-01-04,4.517413882636714,222202685.0641373,654930499.5561303
2017-01-05,4.217183361237483,207494610.61542827,674286714.5128478
2017-01-06,3.8593452241958977,189942032.4095592,410261617.0678127
2017-01-07,3.949423627784642,194427771.33935577,386592916.1671418
2017-01-08,3.993548630589313,196658324.73893464,394588599.17822975
2017-01-09,4.308020554201964,212205032.19353187,436891062.6286944
2017-01-10,4.576078544253086,225477479.6211873,519449016.01613134
2017-01-11,3.9095494666221633,192696919.64990768,662581445.6001396
2017-01-12,3.988931651661903,196675587.4437035,412317802.3006184
2017-01-13,3.917086277900673,193194040.4177425,241976138.3997701
2017-01-14,3.96449376465192,195592082.006154,157639764.72057122
2017-01-15,3.90685600548712,192809122.11082143,47804957.007428266
2017-01-16,3.866965677426218,190900220.04293704,12169286.593791202
2017-01-17,3.919267850915607,193541798.43800297,26260719.528986853
2017-01-18,3.8595398859845376,190651934.140652,26839555.03101451
2017-01-19,3.855979488792456,190533898.8242958,21716106.830331262
2017-01-20,3.8825799356912594,191912261.0657597,17383885.488088105
2017-01-21,3.889588243502067,192313518.2992387,16354757.480292626
2017-01-22,3.831383382556763,189492582.32279268,16386823.194107082
2017-01-23,3.82584208096015,189273708.36719745,10073093.831597432
2017-01-24,3.7335085847671103,184762308.5028577,8449790.080172736
2017-01-25,3.764332940126677,186341937.6798249,8519552.697890472
2017-01-26,3.807239519726533,188521484.06493995,3311696.5904232324
2017-01-27,3.847244696681795,190559342.87157544,3109803.799287513
2017-01-28,3.835598588914439,190037823.5802285,1986017.379372186
2017-01-29,3.820802221525181,189358503.4233236,1373922.6077158877
2017-01-30,4.015240222077424,199052345.908752,6460669.012159267
2017-01-31,4.053092911251356,200989557.9858604,8890133.676045166
2017-02-01,4.058349342083741,201313023.04189023,3759636.7949223616
2017-02-02,4.064260631895146,201668230.51413772,3110832.0155733502
2017-02-03,4.00932724592949,198994562.32045728,4898382.3238849975
2017-02-04,3.9949447801776303,198339544.3116351,4492513.271557844
2017-02-05,3.955997611577312,196459711.2239892,2880770.778159878
2017-02-06,3.957492114720948,196582508.3055437,3227147.593287748
2017-02-07,3.994632560581736,198461458.7084312,4294757.885541976
2017-02-08,3.95261235749796,196458099.1347204,3994836.586731033
2017-02-09,3.763917744440394,187131662.0632856,12173070.168713674
2017-02-10,3.835699008144631,190756622.517342,4490255.31500058
2017-02-11,3.850321399871916,191537533.91174677,1799448.285665816
2017-02-12,3.799008342177957,189036398.49581987,1392790.7101582526
2017-02-13,3.81518469268432,189892161.42429432,2895384.795993487
2017-02-14,3.8237195850576207,190372314.6674983,2197621.327532881
2017-02-15,3.86183855292,192326727.5077702,1468296.423310401
2017-02-16,3.9072394104204906,194645210.89461932,2209246.863949445
2017-02-17,3.887032057258167,193696078.2286441,2249489.509767514
2017-02-18,3.8244350702030823,190635490.5605024,1779904.8113509985
2017-02-19,3.807478137991631,189847073.76458392,1426186.620245555
2017-02-20,3.835800844449097,191298511.19484463,1706441.6417840444
2017-02-21,3.878016281885403,193403873.4538605,2302717.9868150363
2017-02-22,3.905872837239136,194793131.59897447,2499165.539011498
2017-02-23,3.94891563865888,196939756.0362593,2336704.136694137
2017-02-24,3.94498644987381,196975370.79965192,3971750.330360449
2017-02-25,3.896115161135985,194590914.57846877,1913013.4085531996
2017-02-26,3.925581527130027,196123552.6675595,1330880.3415594455
2017-02-27,3.9058890245439457,195204740.76808155,2010553.3372875056
2017-02-28,3.8808605295365775,194011618.6725633,2226224.716075254
2017-03-01,3.929510541193209,196495988.02104843,2858459.8249875894
2017-03-02,4.034811529756233,201820695.740358,6605704.430056828
2017-03-03,4.073324773008503,203805982.20341277,4571079.259245603
2017-03-04,4.016235372465996,200999756.5523788,1805282.448511412
2017-03-05,4.000983255391397,200290350.04217136,1496806.0702833268
2017-03-06,4.084740292910827,204538905.54636955,2536859.080461066
2017-03-07,4.043466687977884,202525447.56501672,2753830.765712815
2017-03-08,3.8523463451968087,193010283.55347493,2577126.329095812
2017-03-09,3.9280856373628743,196857806.85157675,1898043.699360972
2017-03-10,3.7475075261972703,187861547.95625213,4518577.382661469
2017-03-11,3.865894099337841,193849971.06816813,2089755.946329584
2017-03-12,3.9731215954519774,199282172.21985343,1945532.7904071456
2017-03-13,4.391176271740826,220315883.1145233,16025624.2541586
2017-03-14,4.233613762570671,212469863.36917305,4418028.451679619
2017-03-15,4.31715547300854,216729653.4182894,3861392.459368728
2017-03-16,4.36858331754549,219358721.77274847,7565303.76545441
2017-03-17,4.022531401064831,202062239.014849,6447358.162894851
2017-03-18,3.987803857784967,200373812.625398,7576514.243630814
2017-03-19,3.91320445335365,196680520.2912143,3745839.404347816
2017-03-20,4.001634221606436,201175585.80623743,2247285.9239257057
2017-03-21,4.05087564888289,203715425.30982223,2845003.769330503
2017-03-22,3.942225223157062,198309133.88748592,3636412.500171642
2017-03-23,3.979628375374704,200252738.91064727,1672097.3669921465
2017-03-24,4.141264684628728,208444685.58746415,7600280.103119579
2017-03-25,4.086412134863595,205741787.3282669,5199257.419615662
2017-03-26,4.024872732783443,202700769.3643672,2335288.609782565
2017-03-27,4.101844672770806,206631171.9265598,2965264.853464265
2017-03-28,4.197909890562189,211525362.42848948,2627418.3473551385
2017-03-29,4.255970670833746,214509463.5431572,4782400.789519689
2017-03-30,7.118546736245753,358891549.5030875,131917505.5986405
2017-03-31,7.051257324156304,355601126.0661623,63816479.151041694
2017-04-01,7.105950578851127,358465944.39855564,37897846.81813692
2017-04-02,8.011578520684013,,59087953.18623606
2017-04-03,8.391964060890418,423596193.4668775,70867720.16853668
2017-04-04,8.99961664763986,454418606.3482608,73563869.03538339
2017-04-05,11.618961701163526,586849146.5648866,154838468.7711724
2017-04-06,10.7065821265416,540939430.3074628,145147030.3394413
2017-04-07,9.90756631238369,500709894.0940001,67954435.57057706
2017-04-08,10.531530048082931,532376816.29883856,40525082.686154544
2017-04-09,10.438119822817317,527699220.7093682,33122136.60392825
2017-04-10,9.609696115393447,486038316.4226311,57310770.59031587
2017-04-11,9.485081905452558,479867907.39394337,40682563.31177132
2017-04-12,11.44483679443346,579183785.5931941,127105912.8745696
2017-04-13,10.771443845024187,545259987.8485957,49208787.72296642
2017-04-14,11.114478926392804,562786719.754769,46697927.79897174
2017-04-15,11.27565260828916,571114138.6699358,38727890.7658974
2017-04-16,11.205238459578752,567703960.5385361,17903052.717590857
2017-04-17,11.176569184374532,566456266.508817,77898919.52614163
2017-04-18,10.933778757744586,554353046.6439216,67950472.03177993
2017-04-19,10.292885359159405,522056761.3995664,43103929.98773492
2017-04-20,11.003670746384197,558297996.2450573,44934402.52044817
2017-04-21,11.964910118368982,607238715.240539,82057726.63500021
2017-04-22,13.867788988853796,704006379.0723544,131397030.35883974
2017-04-23,15.06336550456434,764920818.4384366,162180425.32607353
2017-04-24,14.897246900845795,756728478.9107143,90086774.658437
2017-04-25,15.184378699565316,771554830.5244435,100971464.69957472
2017-04-26,15.102876636552915,767644210.9679412,111241583.11451782
2017-04-27,14.876908710566305,756359995.2740046,105424844.67408684
2017-04-28,14.549759064717326,739894634.6386642,57446824.61179979
2017-04-29,16.423339886864934,835376582.9767414,77723415.14629629
2017-04-30,16.28221929093292,828423556.3343934,72082092.10253705
2017-05-01,15.89543085377692,808963889.3946565,102376366.23514624
2017-05-02,16.02352678967644,815794314.5505615,52716011.28926781
2017-05-03,21.17268762160478,1078360593.028911,327566691.36260915
2017-05-04,23.365206967208916,1190408975.7312858,325927765.42585874
2017-05-05,26.199396245481584,1335234073.4693708,461935867.5508481
2017-05-06,28.17579895999004,1436386931.5214567,200116012.7387176
2017-05-07,30.19987800750247,1540055070.3429377,282471621.3098709
2017-05-08,28.65602988296619,1461767926.146968,166397074.3085486
2017-05-09,30.06259064359396,1533960432.4523702,306100677.08304995
2017-05-10,32.150074807136946,1640944061.966144,531328948.97134846
2017-05-11,30.35577463543743,1549838571.1223888,269704026.41689754
2017-05-12,29.04581717332332,1483449962.3595688,138141608.51338544
2017-05-13,28.049843511095787,1433059688.8699107,151613719.95979002
2017-05-14,28.638769980871576,1463622486.7140565,100704783.75654083
2017-05-15,25.43481704968327,1300274444.1646438,195847492.9069453
2017-05-16,23.457491689231144,1199544743.8400705,203766718.388546
2017-05-17,25.569669364261397,1307886849.2444534,240368701.95546183
2017-05-18,28.121999634198,1438782863.4887714,199492027.96367493
2017-05-19,27.357716141270416,1400040206.2912724,161560947.34899828
2017-05-20,27.46551568317875,1406049889.6443925,99490939.1121742
2017-05-21,26.133600950267503,1338250273.7365289,142692393.78944075
2017-05-22,24.39283053737849,1249511328.4325216,190563471.69052848
2017-05-23,31.66182981276482,1622196446.7270503,281122724.72799367
2017-05-24,34.86116224688043,1786669670.3430047,380323595.0096181
2017-05-25,28.712406001078065,1471998401.633961,370841520.9928232
2017-05-26,24.03315270299396,1232470107.633458,255010637.14867863
2017-05-27,23.47597559100468,1204219699.9522767,285584572.93476415
2017-05-28,23.97925575855954,1230363791.198601,182584536.40041253
2017-05-29,25.87420230389056,1327950921.9327977,110035121.53211872
2017-05-30,23.994214390506727,1231876331.586031,98010273.64232948
2017-05-31,24.99562506913182,1283643001.7071197,141367951.49234352
2017-06-01,27.943430841955717,1435461922.3987625,251162485.31042355
2017-06-02,28.61918392883869,1470632025.0179763,146876062.89769834
2017-06-03,27.485636621290727,1412794897.4977453,131000593.52076484
2017-06-04,27.69338743535053,1423861247.5197468,72189448.0649153
2017-06-05,30.5185779103998,1569569149.633011,180391807.74162924
2017-06-06,30.648847231582963,1576672693.782157,163545515.81753278
2017-06-07,28.484736272924547,1465680167.961266,113713226.23013832
2017-06-08,30.22377481122317,1555506828.727649,113469548.69593856
2017-06-09,29.56985002737872,1522165898.355823,88077803.08477773
2017-06-10,30.044672113608275,1546936532.5141537,105062686.63550325
2017-06-11,33.395531735814124,1719953606.992489,210143569.39831284
2017-06-12,29.0240827182385,1495312963.1894789,186577480.09206995
2017-06-13,30.13446706014256,1553050033.5216312,78761514.07214546
2017-06-14,30.169633006576287,1555302114.9791512,166539447.75174853
2017-06-15,29.991619068928586,1546549538.4306583,166236425.29930007
2017-06-16,35.25251283498708,1818322214.857761,269273692.58396447
2017-06-17,47.754253969486655,2463873904.697346,1041548838.8353254
2017-06-18,46.26067118660127,2387566763.5370545,596183361.9979645
2017-06-19,49.97706304006617,2580266137.535018,743454234.1334655
2017-06-20,48.04147428900031,2481138307.0514574,348790350.0208156
2017-06-21,47.64519340666516,2461290277.2830825,350032521.9473036
2017-06-22,47.87609891944784,2473901994.597321,231445114.5078456
2017-06-23,47.957548659500674,2478732996.779076,130483527.6738219
2017-06-24,44.67763184864064,2309839464.022125,139890897.1222011
2017-06-25,44.720556234487816,2312692574.321067,159180931.24658787
2017-06-26,40.96865144428587,2119180598.9577048,272327969.2838918
2017-06-27,40.143720441943145,2077071502.427568,247973065.57081768
2017-06-28,42.64025765702056,2206877747.707704,196726467.360143
2017-06-29,41.69043154125868,2158348327.330004,120516245.88606691
2017-06-30,41.122077811627,2129542041.095789,80255667.65317647
2017-07-01,39.66735060754385,2054758130.6208088,80312696.1619569
2017-07-02,41.74012532796501,2162703319.364526,126399632.64905638
2017-07-03,46.461905249250265,2408026788.943848,349496232.39890057
2017-07-04,54.94055714275195,2848278194.479875,533812123.822935
2017-07-05,53.18472546021047,2758113698.024816,367820239.4073277
2017-07-06,51.34961527379888,2663760368.0352416,159698130.64283195
2017-07-07,46.9101965899092,2434207957.579036,254504449.66973853
2017-07-08,52.22538088882072,2710763983.1499944,307404069.4898581
2017-07-09,49.139120405794806,2551255564.800313,184603569.5610025
2017-07-10,46.122322334685656,2395325082.39223,183020952.80287257
2017-07-11,45.17531655973416,2346772178.403942,202185644.41646644
2017-07-12,48.1120534808158,2500034943.794636,191140947.2677628
2017-07-13,46.32610552758751,2407937479.243044,125125818.676646
2017-07-14,42.47270435237382,2208256007.444073,165084741.15542287
2017-07-15,39.3599164745288,2046969803.6561737,160383040.83940086
2017-07-16,40.977722650268845,2131751570.1008744,194934382.5653011
2017-07-17,42.23544370507771,2197912724.22459,174770974.5419437
2017-07-18,43.96968265651814,2288879512.7030883,204857736.2034084
2017-07-19,40.808311846719626,2125002326.5822484,125881990.75320783
2017-07-20,44.559477809782734,2321044469.719829,186082595.2037763
2017-07-21,45.681161758405295,2380232099.567412,171759823.15363976
2017-07-22,46.53643286960597,2425522253.119298,84250578.75746347
2017-07-23,44.35164193221348,2312361865.881308,102841058.64855824
2017-07-24,44.68535422536415,2330426437.8232484,74085761.90483752
2017-07-25,42.27705394243063,2205428262.67926,103883871.04968296
2017-07-26,41.79791533850362,2181035368.958312,75157427.10370693
2017-07-27,42.01199566083673,2192854218.3974376,51682007.14268642
2017-07-28,40.613443914000825,2120486065.201668,91184315.29772855
2017-07-29,41.089118351897085,2145983243.575492,67955805.02810958
2017-07-30,40.33551668561418,2107278932.1926727,45401186.37063602
2017-07-31,43.25623141628681,2260485525.5517216,116716645.6802766
2017-08-01,43.086058420190966,2252222753.2806044,114291304.10131624
2017-08-02,41.97360873627897,2194703755.335195,61890277.21176676
2017-08-03,42.748340163591,2235831467.4340463,57849172.8933596
2017-08-04,43.40667948080554,2270930342.7507877,62401608.4471795
2017-08-05,46.80635712690973,2449462417.6974425,137955383.78765956
2017-08-06,45.0497004143323,2358143777.1737823,87806515.82253693
2017-08-07,45.61671649007052,2388493875.5729327,68335972.06080054
2017-08-08,48.68083406123701,2549668760.889939,121911252.64676632
2017-08-09,48.11294347250816,2520626619.9030256,147273811.94548064
2017-08-10,46.447334345430114,2434040368.369564,77396219.556275
2017-08-11,46.514848641355954,2438265665.1488266,83055441.02597345
2017-08-12,46.05202451159524,2414654182.6849346,94112549.03563523
2017-08-13,45.49699128995619,2386277701.7697625,152507955.42559707
2017-08-14,45.17536671820172,2370037839.1329203,78683792.27736202
2017-08-15,43.18263754816203,2265731759.172018,132155267.24233603
2017-08-16,43.8600420488999,2301274212.7661524,87220765.17883298
2017-08-17,43.82756023309984,2299569937.950338,87186150.87823288
2017-08-18,46.02803740815319,2417286982.3864284,166520023.86008453
2017-08-19,45.92085890866426,2412286181.0991454,136148932.58637446
2017-08-20,46.307641085892335,2433310574.928465,75846080.05409709
2017-08-21,47.63030338557997,2503505044.964685,115216386.85041216
2017-08-22,46.26970209680545,2432742115.655046,100296455.39069104
2017-08-23,53.34111202060729,2805358809.6651797,303881498.73884684
2017-08-24,49.37388730622048,2597480324.230598,223964302.355187
2017-08-25,50.59337008712765,2662424596.784344,97396636.0532011
2017-08-26,51.05524950436802,2687529545.578115,85720136.32835953
2017-08-27,60.57343440403569,3189593044.3894463,522262557.8609556
2017-08-28,61.78499022029038,3254479998.230818,336960257.0547295
2017-08-29,62.58837804209474,3297904124.4938,171372832.63789657
2017-08-30,64.70913445082766,3410778486.658036,126135698.71307592
2017-08-31,72.07096119453698,3799900492.676004,401750472.2616407
2017-09-01,85.74900643199518,4522407486.916793,1004841969.80922
2017-09-02,78.59617271819377,4146335747.208567,788251049.4377356
2017-09-03,78.61096174905751,4148277418.485973,421115487.5313815
2017-09-04,67.71412284698128,3574139784.553432,540443272.1978565
2017-09-05,73.17978578909559,3863706593.4689856,575256828.8088063
2017-09-06,80.32849214856066,4242465530.20892,458836837.2547316
2017-09-07,79.07488176385246,4177473181.563307,275890229.17097753
2017-09-08,72.45067652427919,3828739826.358273,411561540.5668386
2017-09-09,69.88536258926085,3694187928.285615,205808273.2250129
2017-09-10,65.72967307094714,3475382977.8518367,263083942.21249947
2017-09-11,67.48372302965512,3569121793.305355,216855351.69533503
2017-09-12,64.73901108590437,3424888356.650676,353552678.399359
2017-09-13,61.905245005788025,3275871235.930503,412442096.9688919
2017-09-14,41.97670146887961,2221950933.8540416,580293129.740179
2017-09-15,48.40544193549847,2562975308.847012,1285348362.1400738
2017-09-16,48.64087023325813,2576178910.8677006,447653727.5746034
2017-09-17,48.72887672118188,2581584354.6971893,206604311.38734013
2017-09-18,53.67176571192777,2844255091.957404,332753265.87517923
2017-09-19,51.9490893834729,2753686524.2291274,239846520.5052904
2017-09-20,50.27791058620102,2665888518.85304,125455371.76409276
2017-09-21,46.30842110034284,2456108677.8999863,200857838.25921136
2017-09-22,47.66782053247434,2528929558.252698,188910214.25008437
2017-09-23,48.62027892084146,2580178871.0992208,118569111.7136835
2017-09-24,47.005069965258606,2495188084.9025493,65877415.9138262
2017-09-25,50.7619027687647,2695367289.97731,174668224.8393106
2017-09-26,51.2164312592989,2720254830.7578173,149559785.7346289
2017-09-27,55.25331773926172,2935415771.648112,186778754.0393581
2017-09-28,53.22902373262487,2828669206.564857,169677846.91172588
2017-09-29,51.79012111303063,2752998767.2650223,154896418.83075184
2017-09-30,54.38356598699032,2891711902.7173543,105840949.36553062
2017-10-01,53.99049574877554,2871664412.730462,80305648.32667075
2017-10-02,53.15837672769154,2828184160.192592,76504280.01526351
2017-10-03,52.07234797772415,2771174862.9066644,67468069.3947269
2017-10-04,51.39603139360603,2735967868.749619,61524791.32343394
2017-10-05,51.40244889038653,2737017560.454998,54277539.95438461
2017-10-06,51.91891051764906,2765266436.240509,44817534.72458885
2017-10-07,52.21251891350045,2781654943.42869,38758320.363649525
2017-10-08,52.94602111008093,2821518984.9383874,81816121.40391849
2017-10-09,49.72308038751972,2650475474.271195,123267165.56647828
2017-10-10,50.57011902672842,2696289110.487109,72947152.68439586
2017-10-11,50.70873200301891,2704369292.625227,45029158.25621101
2017-10-12,59.33263136780763,3165114468.8019595,282760399.9315893
2017-10-13,59.20621027894534,3159224552.9096546,304901933.5808775
2017-10-14,63.91116374164832,3411273192.100467,259103876.82356623
2017-10-15,65.29738470727818,3486368215.980396,387907101.6989726
2017-10-16,64.49880550475196,3444713956.606128,163880018.32347527
2017-10-17,59.83183001755173,3196300542.922448,164178399.4747863
2017-10-18,60.79644893068493,3248727070.1913385,239507219.25554729
2017-10-19,59.80946071354532,3196837027.116472,134010762.74842532
2017-10-20,59.9733345707149,3206470254.6365213,117595484.40405723
2017-10-21,58.08103648759309,3106126321.068632,109463825.5761699
2017-10-22,56.54888451124239,3024954324.0588403,71828451.9922072
2017-10-23,54.87817133086867,2936424319.6278863,142841886.0534671
2017-10-24,55.84174923434772,2988783434.0689664,161693505.73276877
2017-10-25,56.25756697748956,3011844879.806734,87463926.71852182
2017-10-26,55.73368264514389,2984462461.969597,62105188.07440235
2017-10-27,55.26493544473711,2960284615.0559106,55749742.957684666
2017-10-28,54.431461863928426,2916489817.578289,50084903.37990598
2017-10-29,56.85374883232963,3047128235.018897,105808356.3620187
2017-10-30,56.14246066612937,3009883326.560936,101003450.442635
2017-10-31,54.94787261463188,2946614396.015127,71091239.6553532
2017-11-01,53.183186973795024,2852733225.7599306,65809140.2181314
2017-11-02,54.84768763760276,2942709088.949341,189479345.3799396
2017-11-03,56.20849968942875,3016532109.804625,121058847.64728644
2017-11-04,55.03892514594321,2954646748.043373,63590993.27321846
2017-11-05,54.95874528484824,2951081659.150014,63826454.66996624
2017-11-06,55.475168826937264,2979577253.5378647,108248831.93056816
2017-11-07,61.4706910205212,3302479496.492277,350226331.59299284
2017-11-08,62.51797398246888,3359608515.938576,296911144.51079404
2017-11-09,64.5375766485281,3469079128.7148705,234544854.57555595
2017-11-10,59.37131833520768,3192341284.013885,236641632.1526081
2017-11-11,62.61217034664684,3367560018.381644,225678506.91265237
2017-11-12,58.91611214722563,3169837482.0195,252693647.94671917
2017-11-13,61.16304183681101,3291569036.543665,154318143.11029127
2017-11-14,63.3379907268478,3409481317.29261,71548628.7042333
2017-11-15,63.8863154197145,3439837716.97944,154600784.09017
2017-11-16,71.4273855757988,3846795634.67394,341671323.550877
2017-11-17,67.905772479759,3658060739.71043,300545245.834239
2017-11-18,69.800760524238,3761256419.71096,131948320.204574
2017-11-19,71.4513280779582,3851421859.88158,191868243.301085
2017-11-20,72.2676667411913,3896665942.0597,147064439.191253
2017-11-21,70.0221180090943,3776611985.04434,185395856.436404
2017-11-22,71.9778248402716,3883076465.31616,113140280.1333
2017-11-23,73.9657164417569,3991336733.2129,242707934.107101
2017-11-24,77.815844012253,4200192509.72432,203760399.341989
2017-11-25,89.4923221207529,4831648678.38502,379755243.000448
2017-11-26,86.6839563567479,4681443604.97963,322438922.482193
2017-11-27,91.9976681925344,4970050563.23096,324943746.668797
2017-11-28,97.4689888557752,5267271235.28771,270399633.462605
2017-11-29,85.8439541158924,4640544573.95313,589885845.280048
2017-11-30,90.5163120674255,4894464374.56658,349874931.272881
2017-12-01,99.6211577142234,5388083337.28238,408707984.058581
2017-12-02,101.336077164893,5482074846.35116,287291116.226155
2017-12-03,101.043499305462,5467654012.32772,263006241.409721
2017-12-04,103.458673491068,5600053289.86333,194036372.720398
2017-12-05,105.504082574865,5712653912.75401,178291114.438761
2017-12-06,97.6653913097076,5289944152.95257,68408100.0045967
2017-12-07,102.930808623126,5577286102.52881,384547067.305258
2017-12-08,126.387005489232,6851146728.87953,1149765118.33056
2017-12-09,156.102445307372,8464597807.19482,1998936819.66284
2017-12-10,151.323775255091,8208283233.41279,830076638.7555
2017-12-11,218.514309118168,11856855840.8949,2414991571.38636
2017-12-12,320.907411291884,17417444859.5731,5741323284.66143
2017-12-13,305.277042325734,16573821242.901,2322306674.09491
2017-12-14,277.659994783501,15078855791.988,1179356485.50169
2017-12-15,303.106108110488,16465385473.1957,2190411248.94539
2017-12-16,300.812015629059,16345841564.3643,997015711.981338
2017-12-17,322.51878387701,17530325629.4844,1332507148.15677
2017-12-18,360.661761688956,19609011553.9859,1489089626.9405
2017-12-19,355.498945121761,19333013101.812,1730705298.41307
2017-12-20,310.149356637793,16871173773.0191,1489073065.47266
2017-12-21,315.151977348519,17147705245.5284,1031645216.54945
2017-12-22,261.529860312372,14234052422.5861,2083304925.42977
2017-12-23,288.083102866388,15683534507.8139,803239672.670146
2017-12-24,278.464135209187,15164191368.3356,655481444.237942
2017-12-25,270.867365845771,14754269474.8727,467761703.809443
2017-12-26,294.990835318576,16072924636.4908,620019112.639702
2017-12-27,271.537978456558,14799093536.1647,530760201.065856
2017-12-28,254.039084701569,13849152317.0636,635697629.339391
2017-12-29,248.070088117097,13527456143.9043,543626255.582407
2017-12-30,223.400325158751,12185489808.1574,569490495.299767
2017-12-31,237.571416181209,12961886488.8473,411316764.271606
2018-01-01,230.46212028623,12577160934.4556,365432350.35264
2018-01-02,255.048185035276,13922438464.794,812530211.323402
2018-01-03,248.04219364630376,13543570836.538822,618490219.9941618
2018-01-04,244.8343723935928,13372231051.163412,845373432.7036284
2018-01-05,254.1385250810076,13884034400.702538,833526015.8750387
2018-01-06,289.9300333581779,15843489929.327925,1487931536.648461
2018-01-07,278.97598168335605,15248620158.633833,667642738.5533547
2018-01-08,263.7463834051953,14419874066.479158,1025197261.6113192
2018-01-09,258.71996457839646,14148497880.675308,790812334.8208512
2018-01-10,253.7921714393668,13882592428.177883,809540658.0273788
2018-01-11,233.34334721111807,12767423944.488865,870129604.1372067
2018-01-12,246.19188649019117,13473776177.28514,584082051.3487905
2018-01-13,268.36811528589226,14691318137.257816,722028981.1896672
2018-01-14,247.8011550075546,13569302064.265797,752643598.7626941
2018-01-15,241.1518060528049,13208591715.759275,473284999.4810502
2018-01-16,189.47312838641997,10380883694.78946,1234195162.0422833
2018-01-17,188.9409013269934,10354595856.265894,1301544298.608467
2018-01-18,194.75533862933017,10676080235.491468,816826523.571608
2018-01-19,194.58350142038915,10669550044.176855,441196407.7736098
2018-01-20,214.4069154795011,11759631410.28839,406540749.76307255
2018-01-21,191.5864761882356,10510684678.79746,367248175.6204828
2018-01-22,179.92105838110913,9873313454.878536,409587562.7813236
2018-01-23,178.04211170597296,9772732935.877748,372431600.7894755
2018-01-24,178.96961254775655,9826314585.970531,290174800.8632885
2018-01-25,179.06314382212614,9834046329.90862,289446568.8989438
2018-01-26,175.06149796221538,9617105451.407614,301481465.12516737
2018-01-27,179.6483041294699,9871249084.378496,232570961.00165477
2018-01-28,191.9302770791985,10549631548.863586,291371460.0381232
2018-01-29,179.2810953229547,9857122566.610882,238266079.81406063
2018-01-30,177.68852897104085,9769454452.94601,236686604.3524098
2018-01-31,163.53293484489572,8993854832.515177,365404487.5330472
2018-02-01,161.40740610710998,8879163932.691711,307281486.29548025
2018-02-02,141.66168195711376,7795087469.291743,470475465.98759454
2018-02-03,131.38437864518806,7231410390.144046,742356788.2170072
2018-02-04,154.25836575875746,8492714843.211039,593393034.9734517
2018-02-05,150.93136565392322,8311840566.706314,917168690.3110209
2018-02-06,122.64490593121052,6755956946.832945,743924256.2396141
2018-02-07,142.43933220906135,7848664735.031914,1087347745.5335865
2018-02-08,137.9204765035132,7601657118.438661,751707208.6665905
2018-02-09,148.41948563885336,8182642006.674303,762505832.2075787
2018-02-10,161.6947813385785,8916910637.385239,649191650.990197
2018-02-11,154.9247190879229,8545695221.703306,506103793.6483279
2018-02-12,151.2637896613063,8345961896.699185,439879729.5437644
2018-02-13,161.94280960057674,8937543985.993507,478445229.7510739
2018-02-14,157.89287775151092,8716402580.29825,425871546.1210514
2018-02-15,213.36148733637165,11781668350.528025,2094692583.2497776
2018-02-16,222.37258406353027,12282473493.999687,1732096623.6536698
2018-02-17,230.52047844463647,12735768422.2133,1199024835.599594
2018-02-18,228.94665006300065,12652292001.337309,751814865.9087983
2018-02-19,215.0420020850116,11887131143.941652,876383865.4886161
2018-02-20,221.2380112403237,12232793444.509125,673874709.6329726
2018-02-21,238.1022945523532,13168725509.62535,1427563048.5738273
2018-02-22,195.01004383093075,10791204102.037224,859550172.0175755
2018-02-23,196.237330710276,10859049373.281689,869176090.1246666
2018-02-24,210.5902174080594,11656580869.181772,954837690.8240496
2018-02-25,205.44276547995244,11374489300.344664,795082908.364835
2018-02-26,220.4504679459149,12208488054.569826,929725026.1267872
2018-02-27,222.0904367902008,12302529402.628157,1147324136.372795
2018-02-28,216.56032201230792,11999289748.709587,771009460.9257729
2018-03-01,202.5579971755472,11226408945.573835,657073900.1160166
2018-03-02,208.068867653321,11534814313.360231,596165241.6478099
2018-03-03,207.33383898155404,11497139898.02754,542420704.283918
2018-03-04,208.90135931017664,11587211706.078182,642329499.381045
2018-03-05,208.62671623160827,11574869956.791336,504225851.55478376
2018-03-06,209.13154326128935,11606285560.01051,524739500.8379297
2018-03-07,196.15977572965588,10889492366.95494,603610170.1661389
2018-03-08,186.4745951290593,10354730264.309595,707449032.1933302
2018-03-09,177.34794524734002,9850500058.741514,567339095.4371185
2018-03-10,187.87383173525023,10437545461.8415,882705421.5462221
2018-03-11,179.36873844671376,9967721329.733467,594219025.7852625
2018-03-12,187.46039401005817,10420083105.53318,615610003.6838224
2018-03-13,179.01254521329594,9953190242.357676,523942120.74964845
2018-03-14,175.52492825736093,9761938417.509272,425938525.093076
2018-03-15,161.9014114652223,9006519825.724773,453994813.3766484
2018-03-16,165.90464963150686,9231578581.44226,554579271.2867216
2018-03-17,168.00631280821105,9351114774.523935,411342667.2691362
2018-03-18,155.74907564255088,8671155503.183376,386571756.50073
2018-03-19,153.77472623769805,8563480920.368249,570010753.6734178
2018-03-20,161.2085004055516,8979793229.086432,398325941.0005544
2018-03-21,168.17031984126956,9369916448.960363,449055450.38638985
2018-03-22,169.02627441630216,9420079192.292149,424569643.9110997
2018-03-23,163.23095428877303,9099613809.326448,366710942.9497781
2018-03-24,167.66014307105536,9348554540.45268,311016440.9995045
2018-03-25,158.20386293085198,8823659245.231943,251505035.787718
2018-03-26,158.85848810584235,8862660404.105038,205391367.69173416
2018-03-27,148.2252227357664,8271631625.878845,376518205.0711936
2018-03-28,135.5940434420333,7568814758.899963,347179874.9524172
2018-03-29,130.52412298482258,7287706071.835491,299388607.8738322
2018-03-30,114.31687989753604,6384502859.267074,442707367.9450556
2018-03-31,118.72994444125808,6632729022.616719,431547682.8244002
2018-04-01,116.19558050155824,6492927120.542822,253392042.9678122
2018-04-02,114.69064968906312,6410570211.059606,240466838.44889155
2018-04-03,118.65054154568573,6633665162.92396,232389358.2476671
2018-04-04,134.0139121525824,7494566416.355116,336170990.89371455
2018-04-05,118.25479065751306,6615024461.364215,326157332.11057323
2018-04-06,119.20122281326042,6669820266.452681,252288631.2741601
2018-04-07,112.21567138881804,6280645144.8173685,193337156.80002093
2018-04-08,114.82767437658228,6428447874.317908,175208936.31857306
2018-04-09,115.99690229556448,6495619126.090306,150448729.1217445
2018-04-10,114.3129561087657,6402893067.984809,220540317.4425204
2018-04-11,113.22010585305368,6343356037.463951,167959076.57979757
2018-04-12,117.51233008450956,6585324936.006409,186222506.06387812
2018-04-13,128.1331775469878,7182487713.151077,553885730.4938791
2018-04-14,124.2978749661574,6969299564.159218,415880099.0983055
2018-04-15,124.1746814012885,6964233072.182933,217218620.62628895
2018-04-16,130.45881375372625,7318731363.137589,235961898.22488996
2018-04-17,127.4667727120365,7152707194.393757,249451253.2263061
2018-04-18,132.3262489705113,7427288818.207478,486694561.17671776
2018-04-19,138.6960306628183,7786962150.783969,328245114.3140076
2018-04-20,145.8723165168504,8192158370.655216,352069636.28308547
2018-04-21,151.26841861301372,8497191500.106866,391726143.8509896
2018-04-22,147.40247720684445,8282550795.546723,416604173.67940485
2018-04-23,145.51358758404632,8178738595.425546,273478985.4816205
2018-04-24,150.78138800915974,8477097453.559815,312556894.9705973
2018-04-25,165.08342868690187,9283790670.97844,572297202.2979146
2018-04-26,143.88045095561665,8093266445.665478,561313357.6349033
2018-04-27,152.46915560377178,8578583728.92299,346996125.50342965
2018-04-28,144.59768948632836,8137811631.4288,327077083.3636055
2018-04-29,149.8508628563722,8435807571.030261,281833947.03012645
2018-04-30,151.63689154490572,8538599515.727459,320293997.7066128
2018-05-01,146.73118195554378,8264734774.699188,277034735.59739304
2018-05-02,146.52400811846007,8255278078.312438,276851629.22301656
2018-05-03,149.1472491550424,8405116862.740847,272309366.6063901
2018-05-04,161.3575475734999,9095513255.615772,199267068.97851047
2018-05-05,167.61074575782067,9450516184.524927,562438169.8034337
2018-05-06,176.70588609455913,9966125919.966606,659826539.83395
2018-05-07,170.79621725868913,9635581834.540989,544633230.3032129
2018-05-08,163.32915289318768,9216723386.24508,482391283.3037267
2018-05-09,157.85512355700502,8910110823.02322,390895725.0886785
2018-05-10,155.1768238426219,8761215661.882414,363268745.9435384
2018-05-11,146.70866311795237,8285333311.916623,338898788.02261347
2018-05-12,135.88423784689235,7676085376.93631,451541584.4189521
2018-05-13,141.33580863523432,7986089836.023813,342070034.0334739
2018-05-14,143.38873235912763,8104350940.582958,312265201.7612303
2018-05-15,147.38680683593563,8332415554.403495,505693371.7135087
2018-05-16,138.8294109945077,7850603693.875812,330038472.4748417
2018-05-17,138.22082159970802,7818320894.316026,278313679.9853257
2018-05-18,131.61095672285796,7446371967.530166,251070488.62529463
2018-05-19,134.6957056644186,7622876230.422315,284554814.8401542
2018-05-20,133.25913673047643,7543368370.486674,229791054.65708
2018-05-21,137.41384704555773,7780652069.139757,233703909.51330787
2018-05-22,132.81566196130788,7522219285.666768,220296944.02579144
2018-05-23,127.32553019047644,7213196661.370687,219953599.3171717
2018-05-24,118.61623659959878,6721670534.625935,298791768.6260284
2018-05-25,121.80109414918044,6903978107.085097,275002853.27702904
2018-05-26,118.46130928030648,6716311780.726313,222634538.9943515
2018-05-27,117.30350633710674,6652237632.209708,191162664.23697376
2018-05-28,116.57234708413138,6612426279.570283,184744423.6223184
2018-05-29,110.3772906656005,6262600304.781356,221581776.84161955
2018-05-30,118.5419854965926,6727536024.886671,267741761.6841896
2018-05-31,116.58534901727452,6617993346.683793,228955807.0077146
2018-06-01,117.27941691833804,6659040041.739097,224865252.153737
2018-06-02,118.90688527251298,6753090399.564692,220949587.9331804
2018-06-03,121.56993734233204,6906004963.638981,233895519.36480367
2018-06-04,123.27219671713227,7004446173.141782,244728144.46589175
2018-06-05,118.4834031279042,6734027687.855729,223987957.2835081
2018-06-06,120.412143386054,6845592678.618977,232879852.5895357
2018-06-07,120.00736202315804,6824485429.326345,258414776.15434048
2018-06-08,119.75964426944522,6812272646.99395,291920238.6285055
2018-06-09,118.28861149353573,6730308303.933288,218197855.0817884
2018-06-10,115.1493445102764,6553359124.382472,175213158.49356484
2018-06-11,106.18652353664908,6044760563.346492,325319689.1503305
2018-06-12,106.5883668193089,6069050748.901774,251438237.5600563
2018-06-13,100.03071351772869,5697201531.988596,273137786.75381124
2018-06-14,93.60424907545304,5332509655.824425,309351015.38046193
2018-06-15,100.3747269906215,5719615007.558621,309502550.2708475
2018-06-16,95.24368840738993,5428506484.821247,237811475.4536048
2018-06-17,95.86381385836812,5465207609.893201,211393666.6443867
2018-06-18,94.26164442513436,5375246313.487476,191565718.37527972
2018-06-19,97.69066867553458,5572145867.962364,231674344.24898103
2018-06-20,97.97865316675173,5589951170.028356,229189856.91321176
2018-06-21,96.7504782741455,5521238032.568678,213094271.2821532
2018-06-22,95.89075975772742,5473588658.575947,227415302.0016709
2018-06-23,85.15034933849773,4861684967.437734,418027731.9869545
2018-06-24,82.82752473603354,4730236673.887492,417694949.99983305
2018-06-25,80.75750689442258,4613167269.212625,413068251.9709266
2018-06-26,81.48473682899576,4655890859.5622015,404539047.9920399
2018-06-27,75.5932696712591,4320277894.3379965,277286377.89817464
2018-06-28,79.96550294706603,4571191667.331002,251239398.12321663
2018-06-29,74.64872819590062,4268247882.2126393,253738876.0853841
2018-06-30,78.42011361727359,4485089082.227041,276122722.52403593
2018-07-01,80.71897370431697,4617831259.690746,280821808.9082208
2018-07-02,79.18262513849184,4531041302.958654,316407181.9445772
2018-07-03,84.74967232415305,4850706476.687907,337538659.44377804
2018-07-04,84.5304175082172,4839292095.563303,352267958.2440357
2018-07-05,84.8817314711171,4860527072.014165,399939764.2676499
2018-07-06,82.93891309349613,4750388115.399591,323449445.50983286
2018-07-07,82.88463461852108,4748491463.037868,273382900.67143816
2018-07-08,84.500297388586,4842320886.91973,274273728.208929
2018-07-09,81.9422789221309,4696965921.10999,267263563.9888691
2018-07-10,80.14588449965042,4595239099.661249,270487813.01082593
2018-07-11,75.62677421441818,4337112950.506429,328122065.34108794
2018-07-12,77.80533081002626,4463126451.951338,377707561.0954089
2018-07-13,76.16454183765156,4370078322.431736,251655979.93896163
2018-07-14,76.3665793452043,4382779814.353317,286073325.7921029
2018-07-15,75.92037921389917,4358295415.475386,238517229.92083588
2018-07-16,77.77948803826735,4466192190.398698,255679609.08305293
2018-07-17,83.58247695715157,4800735729.086247,384656309.3096094
2018-07-18,88.61836332300527,5091313911.526261,387257702.93862575
2018-07-19,85.91424186886717,4937215012.312201,399568534.98898536
2018-07-20,85.64467236695619,4922948439.313895,319810490.9419844
2018-07-21,81.61309394835128,4692331129.492213,268694971.82966346
2018-07-22,83.0640788116837,4776857936.160176,229120827.36423784
2018-07-23,82.0161567953785,4717676537.93806,305404745.7587211
2018-07-24,81.62616683060358,4696502889.051896,383828193.0422483
2018-07-25,89.01009936891931,5122747695.530846,515632726.777372
2018-07-26,86.23869663580359,4964579115.918106,377626587.8869457
2018-07-27,83.36509885631389,4800504776.623495,271894611.0622505
2018-07-28,84.03873523998385,4840383827.873648,284200561.36891013
2018-07-29,83.52861052815953,4812186163.799256,798335941.4083817
2018-07-30,83.78014669422129,4827902756.876151,937857167.2915788
2018-07-31,82.71207012616975,4767387830.125687,301759049.521576
2018-08-01,78.74951517633932,4540042010.39408,363592537.9913163
2018-08-02,77.76038403039676,4483934508.527222,673575113.9045733
2018-08-03,76.09387855925789,4388941361.449603,293494547.3125579
2018-08-04,77.48498327675276,4470229332.996134,372486395.16590506
2018-08-05,73.0757814171322,4216907903.4731455,361309626.7196088
2018-08-06,74.4770255251732,4298883329.238296,322055699.4543784
2018-08-07,73.55085898215239,4246509008.3164,333248961.01922023
2018-08-08,67.95803447567721,3924663616.215933,152326342.10242417
2018-08-09,62.03249794587551,3583374365.7861137,379207630.3083619
2018-08-10,63.38488958413615,3662495044.129546,352389825.9493673
2018-08-11,59.04290154356229,3412402623.5268226,266976030.2402897
2018-08-12,57.78059079710764,3340177995.2196884,287183205.03739524
2018-08-13,59.35194676139205,3431750839.740177,253877911.99969584
2018-08-14,56.780133830989854,3283809967.392047,274425935.21482766
2018-08-15,54.17861746304281,3134121060.41941,394734432.99891776
2018-08-16,54.28578740628325,3134248583.864048,415681789.9732301
2018-08-17,55.20215352923152,3196775374.5711427,353373818.6979031
2018-08-18,61.47176515713471,3553737118.2278,398191595.56187135
2018-08-19,57.03184792834831,3304164581.2728148,355326561.04273176
2018-08-20,57.80860252134772,3347941233.0225005,282783585.04327786
2018-08-21,53.755702649273786,3114328959.2051325,353141206.957233
2018-08-22,56.463118475841824,3272219901.133097,312302734.93149114
2018-08-23,55.32681589225079,3209834827.103345,393012512.100759
2018-08-24,57.31467691123398,3323149718.329312,309859021.2903801
2018-08-25,57.85015609491277,3353849323.456418,282690004.0031966
2018-08-26,57.8920655675577,3357241746.614606,259039455.17476815
2018-08-27,56.96336838677555,3305783335.6130133,266165600.6303557
2018-08-28,60.67650710315033,3518097085.6365786,305858621.8814782
2018-08-29,63.36461190948327,3681209246.318317,366077804.9883035
2018-08-30,61.68645768582151,3580695151.965171,425489008.28136384
2018-08-31,60.18044433095889,3494931281.348195,394265672.4113039
2018-09-01,62.05226226060779,3604908419.773932,326662792.487012
2018-09-02,66.46681114325837,3862335675.22665,456529324.1955539
2018-09-03,66.2084804651583,3845964543.078267,335734303.2544563
2018-09-04,65.37599692662027,3800492828.784784,480483160.6331554
2018-09-05,67.65593730109187,3934181228.085732,551165657.9389758
2018-09-06,59.01983513695286,3436759962.061886,568766932.906168
2018-09-07,57.41658645072138,3336637146.74867,455864162.20600784
2018-09-08,55.75700636682927,3247922953.9829407,419430673.077625
2018-09-09,53.02124421259357,3085636423.189228,446317628.4410492
2018-09-10,54.78760162031557,3198852903.6624904,437805400.509158
2018-09-11,54.30349828358563,3158663316.796336,431900981.6252704
2018-09-12,51.73932424571115,3012955036.255039,463092569.7882643
2018-09-13,51.78280103815827,3017268877.463585,483936824.35885465
2018-09-14,54.57076762681925,3182387144.515847,548966683.3652854
2018-09-15,56.62711647707097,3304582556.780981,495097526.5258177
2018-09-16,56.70904368337579,3306593261.518924,455006563.227588
2018-09-17,56.82796365233116,3314347848.2965856,431205701.569357
2018-09-18,52.24179094005507,3047433607.0943413,483309754.8404464
2018-09-19,54.21421559464914,3164886868.3946176,482645992.8679398
2018-09-20,54.194748025225294,3163067326.664557,460461036.9511567
2018-09-21,56.53424637987206,3300458353.835351,541204625.3872678
2018-09-22,60.81121246596782,3551062014.306112,534295541.131496
2018-09-23,60.83230423824449,3552991338.2620926,437629621.7428903
2018-09-24,61.57470620174388,3602263933.428002,517589598.7445521
2018-09-25,57.97125569760776,3388179639.487472,517127127.8019551
2018-09-26,57.76468074036215,3376586879.3101344,535049758.6129855
2018-09-27,57.337685316849175,3355082130.272849,404545784.35771096
2018-09-28,63.30999919595229,3702839748.074512,677225362.0317731
2018-09-29,61.98121172378998,3626278444.9249554,565375463.3865273
2018-09-30,61.58886905716184,3603527223.169765,436432030.6795655
2018-10-01,61.19997260259926,3581759149.075892,516221192.1645128
2018-10-02,60.38502542246787,3539297139.147877,520776756.7692571
2018-10-03,59.61992822783181,3489986459.150772,489810107.2464159
2018-10-04,57.55550598751382,3370866267.523722,552562394.6879385
2018-10-05,58.3177618866557,3416286689.7320404,446373730.2900429
2018-10-06,58.86675542194945,3448908003.345281,455632863.3463459
2018-10-07,57.94556305989174,3395757247.5091057,452266028.6427306
2018-10-08,58.290063880186906,3417527991.889804,520505167.8555957
2018-10-09,59.5897158305285,3494410645.6550217,461139351.4412546
2018-10-10,58.84129805158942,3450552127.693417,420076506.79911256
2018-10-11,58.0262045876783,3402531028.129112,445664918.5544005
2018-10-12,51.30214861379764,3015319111.467792,541788697.0234387
2018-10-13,53.73520928870977,3154359853.0394826,414080831.9821126
2018-10-14,53.93122557989772,3166305906.212773,367390074.1409594
2018-10-15,52.48165901736143,3084900020.9541044,383861468.4201581
2018-10-16,55.67753950894572,3265591077.268181,791981791.004
2018-10-17,54.94816672560304,3228179679.319973,437782992.1463656
2018-10-18,54.76610986018824,3218216366.655765,499764812.19673306
2018-10-19,52.83990687227903,3105588734.8380256,615535180.0633364
2018-10-20,53.41453401828318,3139974322.068131,530493040.7867917
2018-10-21,53.92745423008259,3170685265.6135063,542218818.4700993
2018-10-22,53.24742288113036,3133944110.2441483,550958694.8414856
2018-10-23,52.70468585668032,3101800944.040722,500471051.3151233
2018-10-24,52.713733422147214,3102443154.122801,530751962.7410253
2018-10-25,52.53136810013208,3092383230.7800646,487208379.9656199
2018-10-26,52.28584394800064,3079362497.6401024,571307173.5822799
2018-10-27,52.21902611068149,3075470092.805141,594834991.7933757
2018-10-28,51.9181403976021,3058454834.7808814,562394894.7170548
2018-10-29,51.92427253450816,3058894149.9227867,502346940.144167
2018-10-30,48.83848139041733,2878069798.15499,688230920.9360005
2018-10-31,49.16100683161013,2898278666.318188,523601286.43040526
2018-11-01,49.85599624524341,2938794339.8837705,492670260.4139956
2018-11-02,50.393596454481255,2977263358.074986,601590416.7525249
2018-11-03,51.73503650248577,3052262866.102281,518696063.19046414
2018-11-04,51.03496098033396,3011541485.171556,527673584.412397
2018-11-05,53.32737077033311,3148050343.150876,699865994.5231559
2018-11-06,53.40720748184259,3153117368.265951,711935200.7676383
2018-11-07,55.82876120478928,3292239428.0334134,625827602.3819408
2018-11-08,54.24926810939986,3201707834.990655,650212823.7607245
2018-11-09,52.67812212467948,3117528281.362808,624625160.022215
2018-11-10,52.18620849086484,3085979790.849838,690263232.7215909
2018-11-11,52.37586695803392,3087234151.381838,734606783.5276831
2018-11-12,51.62525327988677,3051982402.830408,524685649.1654469
2018-11-13,50.9523619029826,3012908091.767149,509584527.1967394
2018-11-14,50.05774061981147,2961011453.4554763,503989638.8646385
2018-11-15,44.16088392534081,2612621403.475242,795302063.3085126
2018-11-16,44.35749399825322,2624848637.5025663,767632286.3736614
2018-11-17,42.56261053238815,2514782747.0467005,494301831.6963153
2018-11-18,42.20476584865937,2499180225.173589,422802189.58850485
2018-11-19,42.37473600550325,2510499698.0529327,426092578.53627455
2018-11-20,36.96719189210485,2194681299.4935994,1057905126.0323328
2018-11-21,33.18095466479301,1953412001.568037,761410918.0591633
2018-11-22,34.84013071990444,2065588971.9068477,604714271.2055383
2018-11-23,31.98518067862128,1912804668.234597,516602821.5732804
2018-11-24,32.46366568169593,1924202016.9400623,551551362.3653369
2018-11-25,29.473298484443344,1747651675.685338,485813329.5355165
2018-11-26,31.30971062951655,1858237335.710228,715038515.4327507
2018-11-27,29.898704360063864,1774474186.434609,623467618.5426034
2018-11-28,31.361452843819063,1863461620.3707569,581089531.7738943
2018-11-29,34.70173011641105,2057701932.3877757,721420913.8358186
2018-11-30,33.836247002526875,2007038971.122029,581645151.0820297
2018-12-01,32.01189401589973,1898766149.9304128,487216769.1600639
2018-12-02,34.20941109446745,2033038966.7812328,533294124.9975439
2018-12-03,33.55967966323352,1994569789.9268875,513867292.6847293
2018-12-04,30.945797182385565,1839101494.8175333,516325746.472914
2018-12-05,31.04076138049385,1844523123.4430337,461999612.8580864
2018-12-06,29.16000879608354,1733528653.0768936,454473707.1851573
2018-12-07,26.555391302743967,1579053589.2759218,512567666.1193452
2018-12-08,25.057364023857065,1490307201.8573298,760590763.4907814
2018-12-09,24.37938676631775,1449332060.070144,686015479.6449026
2018-12-10,25.500615802368984,1517229016.1756885,605040459.0332758
2018-12-11,24.160731936441664,1439800571.1045132,452371171.8014401
2018-12-12,23.43135003831396,1394853440.1051035,408239752.723821
2018-12-13,24.146039001408628,1435806331.747973,408794595.34106016
2018-12-14,23.064887749838604,1374538072.3655791,302159073.9249751
2018-12-15,23.362086285109367,1389945729.685053,362004335.8547897
2018-12-16,23.64285140320804,1408577554.9549782,341279502.5483198
2018-12-17,25.38642318328292,1517377054.6611998,536264143.7415777
2018-12-18,28.994510897098863,1729226360.2175348,738263812.932905
2018-12-19,29.88097767347811,1780977682.9938257,522627428.26687145
2018-12-20,29.087506045193308,1734782145.682014,546989943.094664
2018-12-21,32.17416718851974,1913727269.752898,756914960.0797297
2018-12-22,30.325673819736995,1810094958.984589,529467251.07414746
2018-12-23,31.32532921176397,1865922292.7458785,453537448.0731676
2018-12-24,33.06947142792828,1974253969.3472795,564960327.5590379
2018-12-25,32.92424136626696,1991398407.091002,649167412.8899341
2018-12-26,30.43814971949928,1818094629.1856396,569898806.1916674
2018-12-27,30.30074189198212,1809473131.6582727,534585526.4368392
2018-12-28,27.66536951178578,1657041394.7720058,455901604.4656071
2018-12-29,31.631663758753383,1888571086.1187625,527922575.3688182
2018-12-30,31.429815055827916,1899287084.2629092,500126691.4998886
2018-12-31,31.32211001430071,1871653982.5939307,459167552.6275981
2019-01-01,29.86045710529466,1786066932.7199204,388852429.0181888
2019-01-02,31.424784372634925,1881104866.7810907,465237876.8488459
2019-01-03,32.99077514353092,1976157605.3841653,473994857.8800036
2019-01-04,31.4427585465869,1882205079.3440168,377231285.42856944
2019-01-05,31.950440199550386,1910747435.5214384,440635889.96699786
2019-01-06,34.31080612524973,2051821126.939347,709750531.8403705
2019-01-07,38.522385483480754,2307575892.8622446,1023016869.0482888
2019-01-08,37.46959230146271,2245232405.2944818,835236065.3976334
2019-01-09,38.945026209346885,2334756964.3189545,815282666.4003531
2019-01-10,38.48154615582509,2310594500.437043,608108989.8571633
2019-01-11,33.2591045598888,1996446370.8895352,757303105.833942
2019-01-12,31.605602117615057,1891592623.5868297,571309443.2987967
2019-01-13,31.79941154687584,1908068971.5501068,393141691.6829742
2019-01-14,29.6464825452393,1778046097.7883253,499281524.0188485
2019-01-15,31.744528225743903,1908979231.600091,562737057.7518421
2019-01-16,30.851094017836648,1853454693.1427057,514183004.657007
2019-01-17,31.39381775879312,1885150175.08049,493907069.895123
2019-01-18,31.432062198443145,1887944820.258272,570099751.8867725
2019-01-19,30.76647333364199,1848213587.695275,451607702.4112822
2019-01-20,32.07146948733737,1927299685.1736023,481757795.2363213
2019-01-21,30.607873933841372,1840215499.6934285,527794461.3285811
2019-01-22,30.88171922964465,1856181735.2284088,492243414.5123409
2019-01-23,31.428248403017808,1889985650.643544,587042034.7829312
2019-01-24,31.681310499903702,1905676769.3577323,536797587.3949972
2019-01-25,32.494779493720145,1955071159.599133,537973834.3464354
2019-01-26,32.681208867997,1965485444.246999,626331121.6008322
2019-01-27,32.884245346016115,1979499215.8165605,654274481.8048247
2019-01-28,32.32700019298897,1949289898.7684212,598092946.1699609
2019-01-29,30.932274603231345,1862848672.422472,623166702.9525105
2019-01-30,30.83437963982086,1857853281.4183056,600873010.4290403
2019-01-31,31.778905333992693,1915782552.4220924,635822290.7229637
2019-02-01,31.33371387358468,1889887501.2565336,573161631.4919705
2019-02-02,32.83494862124658,1980404964.281773,825668586.9618798
2019-02-03,33.77245736051733,2018059788.6892407,643487838.256739
2019-02-04,33.52757429095338,2022787884.2200608,832977671.5068258
2019-02-05,34.12824898091132,2058779141.4143443,739988766.5504682
2019-02-06,34.30563555393899,2071023920.022017,651566103.9902374
2019-02-07,32.867493947578176,1983687272.172372,742608223.2239501
2019-02-08,33.15681381247077,2001629679.4786763,671417842.9611129
2019-02-09,43.08645009191488,2573358550.4048934,1924212462.6131527
2019-02-10,44.74502708459386,2702465390.7103667,1558915786.5132985
2019-02-11,46.79436537450063,2826938850.704814,1498459984.693401
2019-02-12,42.92494655551792,2593822516.433002,1288370286.1642218
2019-02-13,44.08551818089902,2668109093.825946,1073431816.3164485
2019-02-14,41.63499450038653,2513557552.825502,1024297168.8071249
2019-02-15,41.38353976243018,2505929202.04432,939312113.727828
2019-02-16,42.44203342406513,2566035200.4972386,1076680990.5067089
2019-02-17,43.52824643015089,2633474134.0676723,1030700365.9298472
2019-02-18,43.8255234840498,2653809865.9320016,1040020391.1754652
2019-02-19,47.65126137741591,2884329649.118438,1517712925.9512029
2019-02-20,47.315588461303285,2864727024.2493443,1250834083.226354
2019-02-21,51.54260189028718,3121401274.418479,1584532760.8464906
2019-02-22,48.78090255685596,2954884258.553372,1229268188.948345
2019-02-23,49.42301635491416,2994486802.0377235,1119864548.5548675
2019-02-24,51.32803960857446,3110697934.157264,1248672482.0075052
2019-02-25,43.9458575515582,2684239035.0534463,1646271545.4270165
2019-02-26,45.43418279346875,2754820414.147575,1150891150.897132
2019-02-27,44.81267601809388,2717809772.851578,1032375499.783446
2019-02-28,45.08466227127825,2741902184.158396,959934575.117027
2019-03-01,45.75818202163637,2776443425.2892294,1107298915.731266
2019-03-02,47.19205563496668,2871295566.090625,1005597837.8155408
2019-03-03,48.4587770926163,2941712426.60124,1073238698.1540276
2019-03-04,47.83200585279676,2902549337.4374366,1058716072.4112544
2019-03-05,45.73922459478695,2778021500.930084,1206523528.1542726
2019-03-06,52.53040022675808,3190906494.3753004,2330316052.423723
2019-03-07,55.4372168703279,3373023085.037503,2193817843.130323
2019-03-08,56.72236455345158,3448213480.2372155,2619747361.492534
2019-03-09,55.61576293958219,3385176520.895694,2021451951.0042584
2019-03-10,57.64245534763525,3504767398.244736,2265504426.0332794
2019-03-11,56.827735126747136,3456658068.6857176,1838176442.5724285
2019-03-12,54.805712521545686,3336937517.555072,1629449053.3836854
2019-03-13,56.55468767502928,3440449573.4472594,1648058246.3128192
2019-03-14,55.36679007373112,3371962807.9732027,1530815502.024572
2019-03-15,55.90094703882981,3402087965.673478,1794055457.2595582
2019-03-16,58.480581797163325,3558479624.289665,2003002787.4453487
2019-03-17,61.19853602996477,3727696860.46433,2190920528.681418
2019-03-18,60.477240892506366,3684717205.785776,1622789914.013782
2019-03-19,59.24226598774102,3611404517.8773136,1868131658.069345
2019-03-20,59.42554997626082,3620718038.751114,1855387312.4337149
2019-03-21,60.283074139388965,3675806639.773616,1978823764.7343483
2019-03-22,58.663993987815935,3577667048.61081,1696149037.1919734
2019-03-23,59.26735262043032,3619593846.287221,1714397231.8422291
2019-03-24,60.91959691517127,3717083473.353653,1998143900.0316093
2019-03-25,59.79457226906968,3652089784.41949,2184116846.758784
2019-03-26,58.97261148044742,3605244362.3185945,2076478181.3227773
2019-03-27,58.58375793994187,3577282707.181016,1994421449.7467792
2019-03-28,61.46967910791568,3759056869.905752,2373176486.583705
2019-03-29,60.5086026344057,3696440370.195734,1854899666.6726117
2019-03-30,61.39798314491036,3748941376.117204,1972114085.616272
2019-03-31,60.41276217099159,3692512117.2834897,1595426255.8637967
2019-04-01,60.51794728823778,3699609522.876328,1754537891.4361374
2019-04-02,60.48136651020627,3698159936.66806,2126139982.7325687
2019-04-03,77.00782950070702,4735175862.477012,4290044375.123509
2019-04-04,84.77991312512346,5237645797.68765,6126123697.387988
2019-04-05,84.68843263509658,5196657081.441135,4059158468.935144
2019-04-06,88.3169774012885,5400339143.967929,3466203996.858095
2019-04-07,92.40964391738088,5651803564.71291,3952185141.350369
2019-04-08,91.66016468606908,5611837949.302863,3064840911.030907
2019-04-09,88.95639807132419,5445432001.874108,3201257320.038252
2019-04-10,86.1417982005569,5286221358.540671,2799620292.4633865
2019-04-11,88.29742062471495,5410998773.638332,3107093025.585041
2019-04-12,79.32923549187599,4872844185.42068,3460277996.1377997
2019-04-13,78.96172106779404,4843820683.305964,3391956445.575165
2019-04-14,78.05600050513047,4784333326.981138,2736423002.571917
2019-04-15,83.10697356339175,5081801745.672812,2634473375.208036
2019-04-16,78.40554723309033,4815733319.216085,2934689178.385828
2019-04-17,80.89571310035201,4960828223.698475,2142293835.4107847
2019-04-18,79.03054802091384,4855095151.90508,2187834291.25213
2019-04-19,81.95181210656543,5033824618.070715,2747706293.63363
2019-04-20,82.35504647407305,5056862615.771257,2817483632.896511
2019-04-21,81.43319474635827,5001129393.808615,2530480652.6689568
2019-04-22,77.11774366548224,4738100841.067843,3165166263.235757
2019-04-23,76.71712116890566,4716071640.461813,2869268241.4310136
2019-04-24,74.71734420038253,4586811084.5712805,2925236685.482757
2019-04-25,73.19304655592038,4495727724.665604,3489736670.145903
2019-04-26,71.5965131590153,4394392105.198282,2975232689.8076563
2019-04-27,73.27659471554352,4534018799.999193,3246322525.6258345
2019-04-28,71.89170444268132,4423330043.761392,1836591368.6642592
2019-04-29,69.31300747909283,4265635642.100771,2471784076.92526
2019-04-30,67.17771708642259,4133113828.387978,2317648462.6048994
2019-05-01,73.72560204520781,4536380340.336982,3241520316.4214244
2019-05-02,73.12887276265558,4497201610.116219,3008838689.494737
2019-05-03,73.15727704829078,4507593060.459386,2883664772.223897
2019-05-04,78.66627544523708,4846509606.663127,3617636851.383559
2019-05-05,77.54112812343494,4781175464.921134,3630523572.5277615
2019-05-06,75.55518321212672,4659014142.012633,2799282660.17174
2019-05-07,74.64312621078929,4602389364.520868,3192221141.852416
2019-05-08,74.21684693649748,4575692969.903396,3272757952.206973
2019-05-09,74.12328214958379,4569421133.906076,2818913680.768947
2019-05-10,73.94666112046016,4567492895.987282,2885772293.999368
2019-05-11,77.00621829806278,4745056289.250886,3502341932.1755404
2019-05-12,90.56300854804594,5727192429.384055,6785448309.644821
2019-05-13,84.46695561794898,5207608546.690098,6314155363.812181
2019-05-14,87.62886946979859,5407127229.911226,5030830734.764606
2019-05-15,91.30490119849613,5653444133.076865,5855228372.022854
2019-05-16,102.78026559213367,6349818514.922049,5720376308.187478
2019-05-17,95.56479156545804,5894281800.655532,7384362599.098629
2019-05-18,89.67761664434867,5548712327.428709,5523504208.026042
2019-05-19,87.15399364316427,5390161510.231406,3850824546.878353
2019-05-20,95.36000074497994,5909809874.362911,5224470112.300343
2019-05-21,91.39810380794312,5652927219.75873,4069379689.5001626
2019-05-22,91.37524183235016,5658312828.363383,3735104325.03324
2019-05-23,88.21450391055005,5460385976.639675,3537957321.62892
2019-05-24,88.83902013693573,5512359544.716504,3691120785.989397
2019-05-25,100.23668008063578,6207734913.988145,6176516509.029767
2019-05-26,102.44319381575696,6338612525.248335,5904289575.6545925
2019-05-27,111.3320966080296,6896584840.3798,6095150409.658498
2019-05-28,118.6236122577328,7377385536.226366,7592238398.229151
2019-05-29,114.59108218792336,7101437153.289322,4877236650.050685
2019-05-30,114.8635104309215,7110675528.050249,4856815117.345882
2019-05-31,108.5564343493357,6722102524.112536,5678730275.586434
2019-06-01,114.67882141775864,7111085132.698092,4955174985.01514
2019-06-02,112.40478035988276,6969410616.926053,4565895209.948382
2019-06-03,114.76391857866058,7122921372.967449,4278356608.2216735
2019-06-04,106.79852425612692,6622513054.002772,4115484343.677524
2019-06-05,101.86340900251672,6303308372.571667,4680762108.218538
2019-06-06,104.1100146661872,6458016336.069224,4039317110.618144
2019-06-07,112.07091958029916,6966884021.838202,4162484971.31052
2019-06-08,118.25868858437111,7363782682.239242,5379113785.221562
2019-06-09,118.6948394666789,7376393578.272552,4795308053.6681385
2019-06-10,115.11493543656044,7148529374.608539,4395887366.078161
2019-06-11,129.75079817603756,8043166855.475844,6084489614.376516
2019-06-12,135.8865027335127,8449820403.284209,6007539297.054504
2019-06-13,134.7032168465242,8355572151.065706,6229664880.603744
2019-06-14,131.15347272119587,8157896757.904061,5119765922.609904
2019-06-15,132.09764512248688,8233268204.231973,4955175385.543716
2019-06-16,137.67733610703365,8569206112.50246,4847718036.566606
2019-06-17,136.64663118539352,8532388387.92241,4866490225.758411
2019-06-18,133.9626898489453,8346180239.006554,4245137132.519037
2019-06-19,135.74816461373425,8457404254.9308815,4739038501.898743
2019-06-20,136.5322781226378,8493411992.156974,5231170785.344614
2019-06-21,135.80290167434305,8468197398.4707155,4433680320.526082
2019-06-22,138.61947794457117,8639536667.622364,5118152377.385691
2019-06-23,141.82264047557197,8842055698.191433,6469626473.662427
2019-06-24,137.13613331868072,8555970057.38142,4621301531.138617
2019-06-25,135.85685014427477,8471753632.672371,4536663332.103164
2019-06-26,136.41166057096697,8486012208.789715,5203003986.42725
2019-06-27,131.58024224692923,8235782514.49842,6671202463.207191
2019-06-28,115.14830452937628,7228421259.342606,6892763677.850476
2019-06-29,119.63980586588151,7470796127.9671135,5585164742.220899
2019-06-30,133.95621031927172,8378881189.989049,6927712759.13671
2019-07-01,122.56684305690813,7624136052.740029,6518524940.364725
2019-07-02,123.17045878650232,7689460745.398057,5950238374.851728
2019-07-03,118.23958566072488,7371293845.530923,5394392706.783507
2019-07-04,121.77796248794202,7602388116.290505,4984868026.245761
2019-07-05,120.38342606298455,7516608516.4691,4969335761.2350855
2019-07-06,118.488185812937,7405601753.833105,4497505048.182784
2019-07-07,118.66564797692163,7427280769.493157,3846627212.678988
2019-07-08,119.89957878761248,7482914954.061211,3507943036.9948044
2019-07-09,123.19058229837783,7703960525.433525,4585954747.018865
2019-07-10,119.18566680946546,7449471741.729066,4678510431.469683
2019-07-11,108.48781517181128,6784525322.785103,5610935949.236532
2019-07-12,102.28559331765346,6387392580.081841,5528066517.840636
2019-07-13,105.22571914951756,6581391030.661965,3971435483.30314
2019-07-14,101.36570935465674,6334530260.52375,3754110835.0444937
2019-07-15,89.43528430580956,5590909888.118659,4317468211.254751
2019-07-16,90.89757367099992,5697715522.675685,3991747203.678433
2019-07-17,80.00788650754522,5020018291.47606,4039029622.3985376
2019-07-18,89.78860118991061,5631083951.946994,4873538936.859651
2019-07-19,101.25267252544184,6417532568.125338,5551382478.996295
2019-07-20,98.3777357768543,6160948594.399413,4003376482.470349
2019-07-21,100.61560456514717,6288539932.901277,3813735249.27338
2019-07-22,99.93735040299734,6284290881.782155,3657272804.883312
2019-07-23,95.230437157221,5980929714.198315,3077208159.3253984
2019-07-24,90.8592543910019,5701311225.3940735,3089066990.753647
2019-07-25,94.6796545067439,5958518786.522814,3916091298.795376
2019-07-26,93.28917512702176,5865631681.481752,3224118406.207243
2019-07-27,94.32023034457588,5924977373.618379,2732747584.551341
2019-07-28,88.38895614196086,5553155273.6739645,3113063216.1134486
2019-07-29,90.09950922100164,5673782531.887728,3011274076.049202
2019-07-30,90.14972347690902,5668645563.63782,3138753048.7237773
2019-07-31,90.16601054534512,5671219029.61663,2847164479.895797
2019-08-01,98.92354697864526,6220195734.015525,3473296190.088316
2019-08-02,98.65042053309988,6206408394.721513,3309959035.389793
2019-08-03,94.85673656505452,5972279503.138756,3176258586.66285
2019-08-04,94.01015443294511,5915187458.998335,3253089006.426312
2019-08-05,92.95454564546876,5850597772.628011,3101629900.045148
2019-08-06,96.09140932613722,6048990750.293675,4684187611.882509
2019-08-07,93.47773965446206,5862623011.616675,3856139294.099019
2019-08-08,90.80173095223188,5718781159.026081,3819184577.456178
2019-08-09,90.44901912828226,5693852166.462957,3734347253.3470106
2019-08-10,84.3164403726727,5311280924.352878,3570275028.5332923
2019-08-11,85.50708285906626,5392645915.390712,3594621345.258506
2019-08-12,90.04694604019284,5662782562.073443,3722570269.361469
2019-08-13,85.6970974634955,5397410029.47329,3115206973.440403
2019-08-14,84.75144729867989,5344000402.837874,3050352960.452708
2019-08-15,75.49270160157369,4752088694.11295,3596556068.2890744
2019-08-16,76.33490307845815,4810925277.664582,4212152728.603732
2019-08-17,74.6711130896175,4708122386.507186,3440752670.3807707
2019-08-18,72.76385917557374,4587869171.629596,2743641152.326919
2019-08-19,76.28570176240197,4809379454.332901,2641844351.877508
2019-08-20,77.21153040243497,4872521839.318651,2773105464.251316
2019-08-21,74.95721979691992,4727402063.171124,2502518004.7405725
2019-08-22,73.19850689343886,4609132551.521415,2640156549.5895004
2019-08-23,73.64105831797954,4646007168.580178,2591144231.5337267
2019-08-24,75.42867084599548,4762677901.932792,2555536813.709192
2019-08-25,73.16256562782908,4622150770.297833,2263913244.283549
2019-08-26,72.28716978058533,4562469731.1923895,2340871846.0711937
2019-08-27,73.57420484059197,4644031326.856723,2874109242.6999464
2019-08-28,72.68133748766465,4588186517.5467,2568431551.165396
2019-08-29,66.82695258643732,4218301250.7360897,3048158912.6303887
2019-08-30,63.69241401241123,4022507944.684804,2922973600.2465515
2019-08-31,64.31543649626597,4061467700.724529,2618684161.078491
2019-09-01,64.3344200139039,4060570098.643615,2700765104.206682
2019-09-02,66.14788889990668,4177834249.979613,2148678761.750623
2019-09-03,66.88954731929115,4221973091.030078,2421393657.5079136
2019-09-04,69.22122014839303,4375179179.209779,3041954957.391358
2019-09-05,67.03629153995453,4235067217.828058,2616311564.957448
2019-09-06,65.30104958286856,4126451647.918808,2418776180.3264623
2019-09-07,65.11059718164113,4115749109.519369,2844608015.1283703
2019-09-08,68.69351181259222,4341810268.672753,2887691012.6826897
2019-09-09,70.51511444414643,4457441370.613462,2791893177.38771
2019-09-10,70.14403589102052,4434775005.344234,2887901382.8941026
2019-09-11,70.77176538229101,4470146664.232962,3043673269.776488
2019-09-12,69.64840645666098,4402262636.15821,2730009074.362946
2019-09-13,69.21893199047514,4377293228.907311,2324892645.010273
2019-09-14,68.9604548863052,4362517453.351803,2360670037.969528
2019-09-15,70.59657070159929,4466785782.717142,2410066743.857679
2019-09-16,70.10515776445777,4435040484.950177,2299685252.593351
2019-09-17,72.67471078351373,4585228221.635129,2745135590.5798154
2019-09-18,74.3480395363889,4708213975.534909,3236522765.46862
2019-09-19,77.63028352179293,4919900833.419566,4006401561.181898
2019-09-20,76.9755385334459,4872160110.084115,4044344388.1010857
2019-09-21,75.25576897931265,4761512004.515974,3191516086.764756
2019-09-22,73.20041741342708,4633804865.855344,2501482678.2638345
2019-09-23,72.5326173146601,4595949670.918117,2604666812.601454
2019-09-24,66.41396865317495,4206002447.067675,3027271303.203236
2019-09-25,56.620694989562246,3657878667.44258,3827158962.508244
2019-09-26,57.46177211608784,3641438719.10358,3197472471.155131
2019-09-27,55.225882827161286,3517949796.8070145,2664769314.086623
2019-09-28,55.757579060538326,3530007126.8890285,2376641710.291221
2019-09-29,55.48374561513027,3507119945.347197,2140161338.2681072
2019-09-30,53.88474198010775,3414304517.402368,1858144256.8391347
2019-10-01,55.921660562568455,3543015051.683736,2298533709.841701
2019-10-02,56.42195465339066,3576236712.1460686,1922076156.0676243
2019-10-03,56.42195465339066,3576236712.1460686,1922076156.0676243
2019-10-04,56.938973590340325,3609743974.2254033,2102600325.8213365
2019-10-05,56.40987436773424,3576221269.317219,2124763827.915279
2019-10-06,56.7551229244573,3598520494.030424,1932247536.181476
2019-10-07,54.56807847097016,3460538514.894989,2208173353.887215
2019-10-08,57.51084192039776,3647263787.221144,2685530681.529552
2019-10-09,57.003822435163855,3615533228.087758,2320820276.7205224
2019-10-10,59.29914075318528,3761736798.512447,2560273287.8221893
2019-10-11,57.486010559986006,3646978137.998324,2220047307.9185934
2019-10-12,55.65232220938604,3526807727.707485,2192891120.9593186
2019-10-13,55.736716131379815,3536761011.857096,2012738540.7832124
2019-10-14,56.49068792848673,3588730682.276681,1942249853.7426631
2019-10-15,56.80576148307711,3605353985.306688,1798244573.7648325
2019-10-16,54.64600956175765,3468848498.4093485,2190723972.452159
2019-10-17,52.544376500174735,3335608533.384727,2158063149.153776
2019-10-18,54.941812296425546,3487662059.9936867,2153282537.721518
2019-10-19,53.20963328809018,3376750872.722161,2173221689.6678333
2019-10-20,53.811606008422096,3414864555.135939,2050919597.4994152
2019-10-21,54.86266064599203,3481767285.716165,2197588895.858645
2019-10-22,54.77495641609611,3479925170.3687825,2173006140.2531114
2019-10-23,53.40538946864502,3389002511.130969,1961702416.2345705
2019-10-24,49.391154775199055,3137481490.4224925,2468313086.5192995
2019-10-25,49.633298063671134,3155602861.3485527,2164990572.315231
2019-10-26,56.92609778066944,3615046625.2614174,3289049726.611091
2019-10-27,56.74149203792975,3602468771.8223124,5286969218.130311
2019-10-28,59.65838911583142,3791585438.327108,3939232602.971256
2019-10-29,57.8573764236964,3674165872.559706,3514397386.996258
2019-10-30,59.72490779214682,3794389434.483992,3339826527.4429936
2019-10-31,57.92983429775752,3684411281.526955,3181545293.471195
2019-11-01,58.42352476932361,3714298105.7950416,3983788506.662422
2019-11-02,58.33337033723084,3709328844.052287,2878437635.0579724
2019-11-03,58.35754576168543,3712454207.54128,3360717475.6440697
2019-11-04,58.37448950920741,3716741944.30184,2558690699.7660246
2019-11-05,61.27516616276951,3900985894.968773,3345297146.2954884
2019-11-06,63.01320115707576,4008630210.1242914,4035994798.988505
2019-11-07,63.99897686487766,4067581503.62231,3289328791.174612
2019-11-08,61.42994895100031,3913009589.6095433,3040109585.691546
2019-11-09,60.38609231335982,3842416513.4317856,3041984419.0296745
2019-11-10,62.091477911475785,3957123776.985169,2512577645.180557
2019-11-11,63.68900340407829,4053231878.08829,3569584404.3264
2019-11-12,61.68525412268236,3930275216.184621,2643915388.496151
2019-11-13,61.19324551856555,3894442140.051452,2835140215.904013
2019-11-14,60.90596762374031,3881329239.605077,2626636577.7455506
2019-11-15,58.94985495402562,3754771354.0297,2439955016.184268
2019-11-16,57.61720241110998,3666804135.152108,2624849876.973144
2019-11-17,58.38323735757095,3721210721.287129,2263621622.631194
2019-11-18,59.24446830039255,3767598811.138623,2256114619.6688185
2019-11-19,55.96724968717429,3564819938.877737,2424951151.901701
2019-11-20,55.097494224051935,3507936996.814978,2229572403.644646
2019-11-21,55.00541053687145,3502388864.813898,2215500574.615452
2019-11-22,50.6619759617372,3227869638.578771,2552586131.227523
2019-11-23,47.63872421715349,3032673381.58647,3159459998.0231667
2019-11-24,48.15305573738831,3068412955.14018,2078123916.1826608
2019-11-25,44.00831420115766,2832882236.370642,2216273868.4753847
2019-11-26,45.68331196386117,2909016330.918235,2754615171.559153
2019-11-27,46.90301696526966,2995594718.5046024,2239767969.0337987
2019-11-28,47.70161169046006,3043733098.4987974,2351507808.9515305
2019-11-29,46.84266184224713,2987900650.04161,1989553865.4016576
2019-11-30,48.587406994832754,3096979813.152704,2095314777.402196
2019-12-01,47.26362562995197,3014907198.495158,1830961888.076806
2019-12-02,47.59650803649381,3034628280.546663,2128776856.9404032
2019-12-03,45.53208922752043,2905742274.0158777,1787699894.7056391
2019-12-04,44.78540615543267,2855494940.73071,1699583650.1768284
2019-12-05,44.6354294837324,2851470822.465568,2152051698.432388
2019-12-06,44.78930197670682,2851202500.5146146,2129324077.5133777
2019-12-07,45.35981266199468,2888756483.9805565,1777032565.1473322
2019-12-08,45.11634914386131,2879327018.30148,1687180464.7687757
2019-12-09,45.5047563045469,2904485056.75544,1593489096.7075484
2019-12-10,44.42830086843323,2833898000.5093126,1724965360.086632
2019-12-11,44.1107213190501,2815148780.7080293,1683291418.1038744
2019-12-12,43.58756241153421,2781765162.868064,1762047059.6072052
2019-12-13,43.72602330571635,2790943136.467522,2133233952.914544
2019-12-14,44.3409650444387,2828243756.731116,2213601763.62268
2019-12-15,43.27902129963441,2762756781.910328,2003975312.960103
2019-12-16,43.46519641756044,2769888222.662206,2105842301.008244
2019-12-17,40.01510786208894,2549989417.9342628,2339807026.3595905
2019-12-18,36.97768954451543,2353649450.8734884,2643878379.514004
2019-12-19,40.80669431295125,2594814106.787032,3359767389.4567275
2019-12-20,39.64559521417565,2521238729.656681,2387843926.3654227
2019-12-21,40.17824038501184,2557002562.975795,2317759039.08951
2019-12-22,39.70134642319314,2524935329.5140443,1856445736.3395488
2019-12-23,41.938737272848485,2664688459.110598,2614792011.5494432
2019-12-24,40.71217530962799,2585741047.925821,2299054232.991342
2019-12-25,40.38507581523571,2569900947.0725794,2269292949.288163
2019-12-26,40.12792390456115,2556600597.425621,1942469015.3836515
2019-12-27,40.036385371358,2550665686.752409,1823335377.487036
2019-12-28,40.95049538181734,2609318823.690964,2388335620.740553
2019-12-29,42.832732385615074,2746319472.298679,2688221160.1220045
2019-12-30,43.149777074597296,2754147232.265501,2630902542.0988708
2019-12-31,42.36779063583593,2699090060.7224226,2413296756.317601
2020-01-01,41.3303118717958,2631033887.899123,2220352351.006171
2020-01-02,41.6063161327256,2650379786.940752,1979757413.5385168
2020-01-03,39.413813127257534,2513232761.203657,1678103159.1729414
2020-01-04,41.991047401505135,2683016172.671081,2333782492.3913755
2020-01-05,42.781417393309496,2727569539.430861,2085468681.608184
2020-01-06,43.22732337719152,2754444566.012892,2498422925.5879364
2020-01-07,45.69501450067401,2915710357.829009,2553854865.643269
2020-01-08,46.327305351339305,2964692011.035888,2892663220.047803
2020-01-09,45.20246778781239,2891096928.8105264,2791396416.0488086
2020-01-10,44.895384507907565,2852809770.3251224,2499015922.595593
2020-01-11,49.06719537650529,3106712669.048134,3224050087.629457
2020-01-12,49.21148991520423,3151133131.072885,3567223735.248599
2020-01-13,50.99692384391496,3252025458.3740244,3268625614.003306
2020-01-14,49.56609673295276,3166461606.815168,2778346081.4976277
2020-01-15,58.835107885073135,3751459376.786752,4922572945.755792
2020-01-16,58.17539942833922,3704825023.528594,4827236010.700429
2020-01-17,57.57398848454515,3677471974.6937833,3604666158.9625134
2020-01-18,61.67776751324988,3944890048.5995297,4249162761.9262414
2020-01-19,59.31992169462802,3789824144.068176,3991694641.882566
2020-01-20,57.63549862583513,3682900550.20762,3313263623.92992
2020-01-21,57.11688480622139,3649924255.576248,2588154597.32632
2020-01-22,57.61316885516717,3671276930.957192,2662236964.14792
2020-01-23,58.18958486655498,3719224079.411516,2571549989.9177
2020-01-24,54.264347694338525,3461934952.4806924,2614446138.6044574
2020-01-25,54.36658328376222,3475618916.486599,2966929135.576305
2020-01-26,53.51877316737284,3424646440.374553,2140240073.6413903
2020-01-27,56.13695980255,3589659592.857473,2691276421.5659485
2020-01-28,58.472983336716034,3739446628.8695583,2820515140.848382
2020-01-29,60.41071901822735,3863812136.663059,3102068140.040212
2020-01-30,59.7961848456901,3824926436.167493,3564120335.75494
2020-01-31,68.19062380635584,4362340214.874027,4859857051.940528
2020-02-01,67.58036833976736,4323780791.204591,5388082237.776554
2020-02-02,70.71388383422426,4524804439.512806,5017337673.669914
2020-02-03,70.21388259736777,4493317029.428309,5238349497.012709
2020-02-04,69.71674091709288,4457821018.951326,4336675937.995766
2020-02-05,67.98402789157137,4351698221.237381,3747064363.182429
2020-02-06,72.50229101409012,4641494960.067943,4278773732.768424
2020-02-07,73.35397093114041,4696572136.049285,4489773825.683815
2020-02-08,74.31922357147701,4741891251.622826,4745575179.732064
2020-02-09,76.58250990001312,4904452844.952262,4304304098.754255
2020-02-10,76.9779003419706,4930315943.128947,4224235059.5837073
2020-02-11,74.31885056717807,4760514198.120192,5254999781.873791
2020-02-12,76.68739112130218,4912693706.168165,4447759448.56478
2020-02-13,80.84784735304666,5187061127.530532,5184886590.259942
2020-02-14,80.35867614043458,5149006006.055332,6608420065.312588
2020-02-15,82.9620008479181,5315269235.866488,4899300275.804567
2020-02-16,76.24865723539396,4886813352.26865,4954019471.78071
2020-02-17,75.30735419428447,4827058061.936681,6561956254.102113
2020-02-18,73.47715816599518,4669235514.479683,5371763867.476828
2020-02-19,77.04982022227438,4960734597.998579,5159965554.389871
2020-02-20,70.81068717642833,4540377478.676299,4593115888.923358
2020-02-21,69.52106032175067,4466674473.372694,4890559683.772689
2020-02-22,73.27338179271311,4699294666.736681,4962599787.747462
2020-02-23,74.91139161856353,4804883822.079394,4671139764.078064
2020-02-24,79.66623820445704,5110438784.780377,4824912814.003222
2020-02-25,75.55416314029355,4830913141.942744,5556387945.19144
2020-02-26,71.30588616651143,4572800080.108999,4895640918.751048
2020-02-27,60.85428019698771,3915474637.948839,5215601509.186436
2020-02-28,61.29501391750456,3948524905.1794887,5429761161.101574
2020-02-29,60.124380478462975,3859076577.3855953,4823322953.45569
2020-03-01,58.0947744995579,3729258959.679366,3315466964.707307
2020-03-02,57.982718482908616,3722461516.311039,4056678098.041485
2020-03-03,61.387753216164,3941488920.094796,5491624364.880774
2020-03-04,61.16972831839516,3927910860.076136,6611887815.786327
2020-03-05,60.24834798560568,3869179765.241715,4202923459.590632
2020-03-06,61.6474779705907,3959484177.250863,4235758005.496292
2020-03-07,63.12311775002151,4054732384.9970655,4466516591.371286
2020-03-08,60.43170477676251,3882319278.015628,3829713821.3963246
2020-03-09,51.213938137757125,3290502550.532672,3708201200.06098
2020-03-10,50.025118805408525,3214474673.0706234,4403136077.298616
2020-03-11,50.17570612627498,3224531075.472046,3760841533.8817225
2020-03-12,48.5160916176663,3118218947.183739,3127779538.5171247
2020-03-13,30.28081713037428,1932962671.5070968,3997086814.8450975
2020-03-14,37.63721446752693,2419405985.2854376,6292602767.403613
2020-03-15,34.40363514968084,2203649104.433666,2922256840.927512
2020-03-16,36.529436034437104,2348597741.507014,2712125771.2373605
2020-03-17,32.786377810915454,2108163870.397086,3434261352.815002
2020-03-18,34.52394451160115,2232853826.640809,2945929415.658272
2020-03-19,34.59071875900936,2224649955.7988987,3044607060.672048
2020-03-20,38.986819644643546,2507643183.265741,3454578337.742642
2020-03-21,37.99759172484464,2439382790.9386907,3607835778.774005
2020-03-22,38.07295486228046,2449413774.049139,3330200936.397142
2020-03-23,35.50456004097771,2284444812.204689,2676336913.0869694
2020-03-24,39.03582479150503,2511937005.942921,3323889866.361073
2020-03-25,40.61284665735639,2613698359.221548,2920318856.3793783
2020-03-26,39.24660316297314,2526054853.498941,2671849842.096831
2020-03-27,40.37728013281375,2599126634.4221964,2649873991.083215
2020-03-28,38.09848393304914,2452713940.543393,2126937817.3344328
2020-03-29,38.91148983077907,2505340327.9594817,2973414804.129698
2020-03-30,37.34894252471797,2405018605.650292,2140130654.096888
2020-03-31,38.99668226603268,2512152352.738652,2809026117.927728
2020-04-01,39.12976023809397,2527868198.6885247,3066212297.507788
2020-04-02,39.371644616540536,2543112417.5258007,3127520526.5357213
2020-04-03,39.96085940733167,2566188334.7905617,3722718657.342848
2020-04-04,40.40845055999527,2603292926.655914,3030615072.713705
2020-04-05,40.69370275505751,2619974804.612441,2636498355.9631844
2020-04-06,40.31278373562329,2596608381.7428665,2723884177.080434
2020-04-07,44.682230833386114,2879838587.511534,3675368960.07645
2020-04-08,44.67106612408621,2879457946.517804,3942194403.417511
2020-04-09,46.48936303233744,2997021746.841314,2972503204.6513367
2020-04-10,46.38101466607907,2990372199.5366344,3235902913.434944
2020-04-11,42.127716499117234,2716126932.301336,3197151628.1823444
2020-04-12,42.50127781630214,2740857779.7605543,2916307696.9132776
2020-04-13,42.10863751270927,2715856364.3353887,2968353310.746143
2020-04-14,41.26874879368051,2661968723.955424,3080265655.812133
2020-04-15,41.19774363709778,2657665714.893143,2964553332.332709
2020-04-16,39.295365055327046,2535232127.0930605,2748060851.224996
2020-04-17,42.40016708035563,2735857773.6229844,3970565147.073608
2020-04-18,42.25151455645541,2726605083.525256,3505799309.2920446
2020-04-19,43.99534540642538,2839483491.970712,3281747108.251264
2020-04-20,42.23948460894982,2727144302.099702,3685075729.156864
2020-04-21,40.35910603510565,2605415617.477453,3477705370.808853
2020-04-22,40.50635326036437,2614921638.8808303,3286151898.121419
2020-04-23,41.81565701782424,2700063347.886299,3106096059.358067
2020-04-24,42.65252468395609,2756051000.115509,4348940371.892319
2020-04-25,44.46317669126096,2871632289.637668,4056280289.845061
2020-04-26,44.40862168631562,2868419186.8523965,3978856891.8173847
2020-04-27,44.62756491722613,2882880702.002473,3874857464.980932
2020-04-28,44.49126112962705,2874407676.589314,3839988165.117842
2020-04-29,45.68977291231872,2952199248.60166,3503467253.4823246
2020-04-30,48.78332040513955,3152446130.7976546,4340997192.780498
2020-05-01,46.19229238099793,2985326129.7877245,4667497418.353732
2020-05-02,46.97169153915602,3036049606.0957937,3124469001.8983207
2020-05-03,49.20677205004636,3180876722.8397946,3511099367.8478284
2020-05-04,48.077002825696205,3103635501.1249075,3561323700.1508865
2020-05-05,47.02454308867785,3028515287.819112,3592376073.6433964
2020-05-06,46.53808962191405,3009427134.458644,3408732483.2800207
2020-05-07,45.51292933815964,2943460784.277275,3868986220.435322
2020-05-08,47.46870424907492,3070299797.0145407,3877196760.964509
2020-05-09,47.669691689217885,3083606639.9279227,4206061299.662313
2020-05-10,47.04358578433151,3043460941.877397,3480867072.383078
2020-05-11,42.19348872817627,2729985944.499788,4441063447.791679
2020-05-12,41.57107188773261,2690006620.052054,4696046496.216861
2020-05-13,42.114735935430346,2724578267.682179,3641910136.9166417
2020-05-14,43.19773793444786,2797008471.8139486,3433358603.386145
2020-05-15,43.91170781426683,2842419918.481786,4037283380.342085
2020-05-16,42.65010638310425,2761074834.37273,3336624307.640714
2020-05-17,43.07987408291604,2800449212.752359,3574284113.5312123
2020-05-18,43.61155324452331,2816772444.624533,3569941831.2207174
2020-05-19,45.23005013509124,2931685750.682478,3646065571.266572
2020-05-20,45.463621207464925,2944518178.3975096,3445697955.830778
2020-05-21,44.22663030732638,2865925371.796004,2970995137.1551266
2020-05-22,42.72871574363125,2767977666.8487496,2816831414.411185
2020-05-23,44.00887576230386,2850956004.921865,2509223256.893116
2020-05-24,43.84723366644892,2841966598.4684157,2407785814.3178577
2020-05-25,42.18639624203146,2747197416.9589,2358999864.345624
2020-05-26,42.911179875214096,2781168940.105863,2510220608.049391
2020-05-27,42.28751255371689,2741076277.299881,2246548703.081632
2020-05-28,43.76945738301345,2836846093.930722,2449454889.18308
2020-05-29,44.6587234434873,2895384373.0975323,2403848925.9529862
2020-05-30,44.47093855968127,2885584679.1775365,2329123256.9168653
2020-05-31,47.66219026243264,3090841697.415876,2531365834.5739346
2020-06-01,45.75715188266636,2967645189.210175,2394255572.176256
2020-06-02,48.334088979996565,3156341384.761475,2818768410.265717
2020-06-03,46.07939331480328,2989940579.681077,2753163604.281872
2020-06-04,47.061515304656965,3053255192.638468,2437041544.50016
2020-06-05,47.45756949786966,3079380986.336426,2516600449.1354527
2020-06-06,46.878803797405965,3042501113.516863,2410171447.0646887
2020-06-07,46.7525912561538,3032639391.2564874,2104956593.542735
2020-06-08,46.58526346259398,3023679311.750696,2330150215.0319247
2020-06-09,46.40158122520795,3012093000.0139294,2366191294.2935
2020-06-10,45.89678475122832,2979663913.548292,2165149059.5578847
2020-06-11,46.6554956063533,3028686454.283962,2218118543.0000296
2020-06-12,43.46467886975068,2822237691.693257,2448864752.801253
2020-06-13,44.7089879069326,2903332964.943928,2238150150.821135
2020-06-14,45.11747075374162,2930175599.5141587,1703323581.0017006
2020-06-15,44.07012070011229,2862714382.213163,1748374558.0410745
2020-06-16,43.79423446311941,2844881164.431206,2007433973.058968
2020-06-17,43.85064010056444,2848931817.817644,1763461971.4517198
2020-06-18,44.04460411658278,2864357972.0888324,1818685708.1189415
2020-06-19,43.50090939688529,2826777755.229409,1388769179.2656517
2020-06-20,42.81061192310982,2780460385.78106,1633019358.3149471
2020-06-21,43.5909040849994,2827164191.979875,1163084948.1209483
2020-06-22,42.963278880117656,2786651137.7070103,1421113856.5926948
2020-06-23,44.37607370740344,2878746723.402495,1483315414.7575068
2020-06-24,44.13845546936312,2863665294.412741,1354115742.377386
2020-06-25,42.5853071385758,2763171967.775663,1340940137.50718
2020-06-26,42.38334399528373,2750342435.8564315,1191066903.6059327
2020-06-27,43.140898612734304,2802770220.4425383,1389765239.401752
2020-06-28,41.112309217114046,2668430750.414148,1184329723.921384
2020-06-29,41.399549790866814,2687405550.014637,1081999206.3646648
2020-06-30,41.88893944559539,2722576405.1248817,1308815003.3165495
2020-07-01,41.21009341714519,2677254552.8838854,1134831295.344731
2020-07-02,41.7471551125746,2712689567.327076,1006851621.845021
2020-07-03,41.02343697703279,2666276352.4580007,1046295277.1565628
2020-07-04,41.18483658991759,2674162449.286248,964391999.7853956
2020-07-05,42.09302126322132,2734315662.3039336,1025556211.2963256
2020-07-06,41.68934632833335,2708407622.704733,1032152701.493816
2020-07-07,44.0666503990215,2863152763.743501,1498016268.8359122
2020-07-08,43.32514684140118,2811786799.84961,1215124537.44136
2020-07-09,45.27189229731017,2942089940.36924,1526522191.8668013
2020-07-10,44.37474281180175,2882550574.1682434,1406120068.8834832
2020-07-11,44.28281411194997,2878989784.7044134,1133900454.0897691
2020-07-12,44.6220981468918,2900803591.990229,1013189636.6883478
2020-07-13,44.70795067916056,2906761936.435128,1200458516.7151787
2020-07-14,43.93322457494403,2855078946.4817047,1333631621.225491
2020-07-15,43.85578570590437,2851929347.437786,1225825807.26313
2020-07-16,43.3151607812142,2817157064.4991508,961655950.4208976
2020-07-17,42.0600186536875,2735828797.293796,1047150281.9741516
2020-07-18,41.90869696008941,2726277217.67358,677243499.7097691
2020-07-19,42.43676622752216,2760933544.5661883,656970855.8446186
2020-07-20,42.6780708564458,2776927288.389544,722094890.1724429
2020-07-21,41.97381683615026,2733539273.025412,716898100.0325592
2020-07-22,43.74215194645075,2846823097.366715,1017328847.3476903
2020-07-23,44.96105522757114,2929165057.0024304,869288175.2235047
2020-07-24,44.90566835773515,2923190249.4399304,1075526752.671111
2020-07-25,44.16220830472597,2875112865.9521265,1289105583.6831574
2020-07-26,48.99348063807221,3189841628.7592983,2170193310.2140474
2020-07-27,48.13585082246852,3134354911.9658837,2282971535.4542785
2020-07-28,52.93577317675548,3447293805.873476,3168108976.159385
2020-07-29,55.766754056046274,3632060672.04981,3097281948.2068663
2020-07-30,55.218302555414574,3596742704.759209,2204843113.2607403
2020-07-31,57.082118678829374,3720848462.364885,2755920155.1820974
2020-08-01,58.15475289592702,3787764747.1661873,2111828633.3887007
2020-08-02,61.69218713123704,4027095204.252796,2978271123.271118
2020-08-03,56.68803163560441,3693744461.261726,3314290251.624648
2020-08-04,58.50725338170284,3807022171.910899,2112760855.906669
2020-08-05,57.532997961295386,3750740585.551663,1807830137.65592
2020-08-06,58.8467627612666,3832937432.848773,1912094679.7644427
2020-08-07,59.1744019805959,3855607230.7220745,2086062050.8559997
2020-08-08,57.06346535010003,3722322393.63252,2470653405.3642797
2020-08-09,57.92464082156637,3771235366.1232696,1646738418.2638202
2020-08-10,56.94602590066505,3713202504.888993,1486123526.6629584
2020-08-11,58.213972167902895,3797104493.617502,2136575748.7260373
2020-08-12,54.27410579203147,3545020217.461514,2503843627.6866684
2020-08-13,54.54470331354024,3556320968.0669985,2240313837.038385
2020-08-14,57.10032179805096,3721043286.204346,2574069523.222331
2020-08-15,56.85779249013981,3693366310.906448,2342856335.6926327
2020-08-16,59.94634718861119,3911487029.116384,2928499307.7312446
2020-08-17,63.75157771852119,4159129364.939645,3504667048.359871
2020-08-18,67.14423287720139,4382021886.572505,4023208949.859513
2020-08-19,65.43571062296172,4278578439.1378975,3663784454.302389
2020-08-20,61.984558909579945,4046064926.889311,3275367623.55599
2020-08-21,62.87917513877963,4108057993.8320074,2803148157.0237627
2020-08-22,59.11248314238979,3863363752.861216,2803094220.940219
2020-08-23,60.32046983706104,3938571502.064236,2344594618.710028
2020-08-24,60.53938150614906,3962884581.344576,2351640514.019611
2020-08-25,62.249707561005,4065791711.028731,2481333814.549704
2020-08-26,58.506080464577614,3821387499.29988,2572102995.882607
2020-08-27,58.21122706804445,3802533400.96904,2100170962.10289
2020-08-28,55.95802895016378,3655777163.408252,2125919901.915084
2020-08-29,57.19184434175808,3736806405.410548,2273821635.8204355
2020-08-30,57.07559991344331,3729605750.493309,2025496324.2427688
2020-08-31,62.73851589817389,4100090584.708784,2649981023.648567
2020-09-01,60.95552510433979,3983740402.535963,2366434812.830789
2020-09-02,62.65701330574974,4134068888.1339593,2552417863.909621
2020-09-03,58.2090564103623,3801919382.806389,2445103718.042237
2020-09-04,47.38803207369386,3098110224.8266554,2301558528.186719
2020-09-05,50.58790095793095,3307691534.5973773,2557252365.877644
2020-09-06,47.82148351737835,3127141600.3948364,2418206372.9905906
2020-09-07,47.90186268958278,3132753425.1257844,1902238780.1695812
2020-09-08,48.73766301764076,3187880426.539466,2099946361.416221
2020-09-09,47.492414909847945,3086867363.7127013,2054210894.2616763
2020-09-10,47.80354031615265,3127426864.4230275,1877877856.2454195
2020-09-11,48.62099149475825,3181253592.174421,2178675858.905353
2020-09-12,49.02910785672589,3207855501.607049,1785278604.8197348
2020-09-13,50.82886505026119,3326453506.9084573,2076587851.7220533
2020-09-14,48.07473058354407,3146550355.8324947,1774626149.2591496
2020-09-15,49.0154998386393,3208482063.2779303,1932536087.93956
2020-09-16,48.3039348731468,3156431520.0266995,1833570761.200332
2020-09-17,47.854392471069104,3133549759.262185,1879283897.0237267
2020-09-18,48.81197798050791,3203490685.155519,1858103859.1167252
2020-09-19,48.35592794849868,3166678354.250951,1861324555.867264
2020-09-20,48.53647062421821,3178876473.172127,1741231520.833576
2020-09-21,47.04995378930391,3081852886.430401,1704470697.6138358
2020-09-22,43.24347703553686,2844067682.4544287,1955932528.3932776
2020-09-23,44.487314258470114,2914609515.0487127,1617613247.219756
2020-09-24,42.97144967989784,2815597122.347441,1561653396.635669
2020-09-25,44.91040389023547,2942985266.823215,1823896263.144693
2020-09-26,45.91086006798208,3008879306.454264,1747479731.9932432
2020-09-27,46.09665924819183,3019712576.4293213,1908407338.590416
2020-09-28,45.98426293176993,3011777729.890723,2081204460.596281
2020-09-29,45.19226828688876,2962809214.048396,1756879120.354449
2020-09-30,45.6404156125638,2992509276.337595,1616334980.0351014
2020-10-01,46.24117088211196,3034119907.633546,1826216265.5754645
2020-10-02,46.24114379785607,3032516907.158288,2182917157.143584
2020-10-03,44.891215925303726,2944279767.58438,1911918002.051368
2020-10-04,45.55348758133441,2989137205.153124,1630069343.3824325
2020-10-05,46.70242096338555,3061589134.6551595,1882927123.945881
2020-10-06,46.33252891492986,3039737800.0074897,2112038828.578852
2020-10-07,45.96025679334437,3015629548.5997577,2416461775.1509323
2020-10-08,46.53921589162125,3055940427.250863,1902936624.795791
2020-10-09,47.09841536068805,3092095359.3591537,2000491475.1759925
2020-10-10,47.80088972379944,3138965076.339938,1987064241.1903715
2020-10-11,48.81823297219347,3204466785.309129,2363213929.971596
2020-10-12,50.64787024828471,3325382377.1804514,2084902547.5157309
2020-10-13,50.63431356097049,3324433976.6310825,2125321059.20797
2020-10-14,49.865154002068266,3273623459.1479406,1779079777.6592371
2020-10-15,49.83149310877301,3270598152.386502,1872370850.1475823
2020-10-16,49.46749329569327,3248878552.943134,2055361925.026705
2020-10-17,47.58387904563274,3125487750.635742,1837045044.9734235
2020-10-18,46.95837944296968,3084706642.4681125,1950195612.716441
2020-10-19,47.55697693824969,3121722246.738384,2503968530.4858403
2020-10-20,48.03437698871181,3153880852.9329915,1598655468.8435397
2020-10-21,46.88908472196877,3081148705.056713,1387607286.4216688
2020-10-22,52.96333219818924,3477427334.4260097,2501981131.485949
2020-10-23,54.30424326845922,3569163510.647403,2613327987.2164173
2020-10-24,55.33214316309196,3640165704.8428144,2609411520.53234
2020-10-25,59.077497679231925,3881166098.3121142,2980760041.410894
2020-10-26,58.79593827260101,3864379173.687208,2673996131.8033514
2020-10-27,56.85987714233998,3739148708.2653465,2613635054.901494
2020-10-28,57.93251753570844,3809443372.010182,2482173322.624547
2020-10-29,55.90039995456191,3671324591.605794,2570013329.202523
2020-10-30,54.797390278686485,3611312421.416083,2151884679.676641
2020-10-31,53.86773281076764,3543136809.227119,1860500687.1564305
2020-11-01,55.708279760083805,3664534668.564069,1970744542.0656931
2020-11-02,55.41204205930136,3645413637.969173,1667277708.8231068
2020-11-03,53.82575835442864,3541462557.23452,2328609776.97827
2020-11-04,53.82308772445742,3538312118.276275,1866840971.69868
2020-11-05,54.69221362861966,3599317975.926325,2094550206.0319183
2020-11-06,58.991706068374576,3882924933.284784,2534178801.4054923
2020-11-07,62.9623548329934,4147896453.483361,3153005442.355488
2020-11-08,58.91491268404929,3878524239.318329,3056238031.521848
2020-11-09,61.028779208119225,4029290920.7375007,2076996586.256523
2020-11-10,59.26694076235269,3891519073.166108,2250007732.6773105
2020-11-11,57.907418791609935,3813314839.224941,1920408182.6811905
2020-11-12,59.243821459307256,3902670672.986428,2157964597.9734826
2020-11-13,60.19117443970652,3964708994.598357,1961006014.1121612
2020-11-14,65.47338224892505,4312255515.136835,3361423292.699476
2020-11-15,63.98777721776308,4215664174.5525975,2384641700.4228187
2020-11-16,62.39788549528678,4112688542.953685,2094279030.114608
2020-11-17,73.66535291252396,4854333864.049942,3869656357.06535
2020-11-18,76.31540769527042,5031482620.053736,4345956847.899222
2020-11-19,73.78762127873205,4863449848.392801,4422822070.446011
2020-11-20,81.32342100823108,5374062033.280471,4992921925.836639
2020-11-21,82.64229693785896,5448287224.618022,4633845576.740281
2020-11-22,86.8915369577071,5697721449.610347,5066060003.592868
2020-11-23,82.86225405474103,5509409379.32486,4545693558.032755
2020-11-24,88.64648495365853,5844961531.093229,5326473375.035798
2020-11-25,89.05886803872532,5872841361.196805,5608449821.431303
2020-11-26,81.62150278822762,5356790440.204101,3587963289.237552
2020-11-27,70.85787240532885,4673597603.695381,5766208794.80621
2020-11-28,69.15644659781293,4561848920.695455,4119507108.0211496
2020-11-29,72.64577033380746,4796382565.5026455,3599533905.743632
2020-11-30,79.11564866102998,5187570863.43909,4015379014.8386254
2020-12-01,87.38619672272732,5766226392.764595,4935429713.476689
2020-12-02,85.52570592614738,5644134396.244198,6610950883.01612
2020-12-03,89.13517835680847,5886856457.907587,5218145124.926058
2020-12-04,88.86448690651734,5873138669.530706,4091968679.2801633
2020-12-05,80.00761328005095,5304729841.972139,3817067293.361271
2020-12-06,82.98658238936673,5479067600.657495,3459545235.5146203
2020-12-07,83.42755128605098,5508788861.869094,2819845693.089737
2020-12-08,83.61725735976272,5521928849.372652,3416421523.51118
2020-12-09,76.82408863619145,5105861408.709949,3276556403.196916
2020-12-10,77.48133839685526,5117845664.772974,3387671345.132568
2020-12-11,75.02820812744618,4955416433.262672,2627517961.280694
2020-12-12,72.0972487075752,4766464489.94544,3240610180.7469087
2020-12-13,76.70252475314723,5068030032.781543,2958603686.892055
2020-12-14,82.07489099789227,5423649218.136946,3468719978.3222103
2020-12-15,82.31041115099704,5439844525.208441,3138235063.236033
2020-12-16,81.37409226218855,5379040746.520349,3123112334.380197
2020-12-17,92.6625425539402,6096153140.492686,4806481767.215504
2020-12-18,101.8690911867464,6720442119.669643,7981850480.961846
2020-12-19,109.01471821922688,7207810435.242084,7613620209.040543
2020-12-20,120.64458402834946,7977615384.182705,7595796407.404897
2020-12-21,114.94615528951198,7601672118.979813,6866906210.591429
2020-12-22,104.91138132132409,6945580155.65981,7271911558.516783
2020-12-23,114.15580053249046,7550983644.812829,7810732696.522978
2020-12-24,102.80138066948912,6886301322.949848,8558041125.265569
2020-12-25,111.66669395615476,7345939838.868369,7187141761.468269
2020-12-26,126.9846572699528,8402557106.540671,8220384189.516146
2020-12-27,129.7577206910457,8586987927.77958,8927412003.265247
2020-12-28,127.89908797810656,8553327960.234525,10006162991.778812
2020-12-29,130.63865783349385,8661848120.150204,7456439915.501087
2020-12-30,129.62816724745065,8581202273.457391,5810649636.60472
2020-12-31,129.244151372546,8556679209.7351265,5932640524.567994
2021-01-01,124.79869792915004,8232940083.327155,4978855668.12016
2021-01-02,125.98137104675855,8330599715.513708,5138444948.560505
2021-01-03,137.70325907807623,9119719237.682438,7674106005.738688
2021-01-04,159.49543619526273,10564161142.548117,12511693714.956276
2021-01-05,152.06832261948344,10098767862.758522,10903840533.738314
2021-01-06,159.06360312204382,10535698659.89438,8254813487.140132
2021-01-07,169.2828246096558,11185244669.38366,8544910886.310713
2021-01-08,170.36551131211365,11282929355.746391,9860941062.12867
2021-01-09,173.13609586387813,11467769477.442598,11596956252.629768
2021-01-10,177.8924583201147,11784199681.35584,8258547885.496881
2021-01-11,171.36294881718376,11352969472.472836,9321325636.610132
2021-01-12,139.69663325676296,9256128287.148792,14829089221.44843
2021-01-13,133.00437326579694,8778885032.092112,8838172952.118248
2021-01-14,147.5223343027861,9776750028.990845,6355675929.232986
2021-01-15,152.22312208348978,10089394739.03153,6840344526.142325
2021-01-16,143.88016914165317,9537424849.722498,6575617068.282113
2021-01-17,144.27234202687984,9564493948.54912,6746848008.143743
2021-01-18,142.33371597593552,9516266561.26863,6010069813.738895
2021-01-19,152.0622930627321,10083146649.993534,5761396967.333693
2021-01-20,153.42728033232035,10174714752.65026,7951747165.599574
2021-01-21,149.8610531651383,9939300725.297943,7700060485.60764
2021-01-22,130.15788813114384,8633410602.199905,7625683734.379252
2021-01-23,137.94787059246585,9151084592.531635,7893968098.5307455
2021-01-24,137.73843643795368,9138226063.30754,5145553639.444698
2021-01-25,141.74221406653,9404888749.824127,4928310878.9754
2021-01-26,137.35802164578854,9114575939.485142,5693649552.4563465
2021-01-27,134.72675504526808,8954961889.962664,4748234160.706762
2021-01-28,122.80619208381506,8150039364.104642,4905944203.376763
2021-01-29,133.50173570012146,8866532404.29447,4757924139.00854
2021-01-30,134.6841039364004,8940137524.728409,6861922149.935161
2021-01-31,132.98579417763952,8828348697.121115,4987451552.431661
2021-02-01,129.88478499060517,8611596821.687353,3884066570.530669
2021-02-02,132.0810105538993,8770352764.869314,4710130511.443579
2021-02-03,142.3155274691981,9450818939.918022,6000940178.30639
2021-02-04,155.65789621510964,10304402991.747871,6593329788.879132
2021-02-05,144.89680655190602,9652677574.523088,5826916958.308194
2021-02-06,154.6357221656558,10246105819.517834,6320811443.973973
2021-02-07,155.6337388258637,10297390883.071535,6575011180.850477
2021-02-08,150.65844602220187,10051143409.97115,5680710052.511812
2021-02-09,167.76675931889818,11147204342.01247,7171869533.368967
2021-02-10,181.30295214394792,11983254027.726034,7996530120.349026
2021-02-11,181.7331502566511,12077826948.37514,10013950523.749104
2021-02-12,184.7180863062784,12277450046.61745,7193183812.097925
2021-02-13,197.27682028835125,13187361623.030052,8594797543.679152
2021-02-14,225.73552926329663,15007054170.841364,12859810483.129694
2021-02-15,215.0183512186021,14296149144.143295,9342256068.822464
2021-02-16,207.4452707065562,13794079373.608768,9494462584.153269
2021-02-17,210.43305741721016,13994235891.816252,9029193035.747538
2021-02-18,236.5513406681144,15732859207.897224,10039322859.255548
2021-02-19,227.34031738197103,15121894587.44878,9316829643.427412
2021-02-20,238.10008240054609,15839424500.723024,8817656448.880142
2021-02-21,228.51689027022604,15203472513.34081,9377508954.16402
2021-02-22,227.9276594847028,15153974921.839952,8583312263.390127
2021-02-23,208.8775444747129,13862481747.567024,11191332614.102043
2021-02-24,176.2143061894006,11684789134.489574,11925567814.722942
2021-02-25,182.2506028893413,12077580347.388498,8289423345.19059
2021-02-26,179.78322183003962,11963649830.611223,8329073660.067454
2021-02-27,170.8958209778042,11442259564.295391,8779111741.927147
2021-02-28,173.28321018850752,11533650378.829742,5956910005.668393
2021-03-01,164.36648033423592,11051377799.74987,6789174655.072285
2021-03-02,176.29510586773412,11736789430.309126,5433035311.545067
2021-03-03,178.27577984176898,11870420880.44163,6334211808.355142
2021-03-04,188.98233323970769,12584125746.759232,7652020870.223525
2021-03-05,181.8718481796683,12111830806.415413,6732969105.390483
2021-03-06,181.25531412309093,12007017930.71789,5845657201.513285
2021-03-07,183.23583518307385,12245997660.549637,5237921765.748469
2021-03-08,191.312420045632,12743617675.144302,5115616372.09303
2021-03-09,192.6356243787432,12789824942.819715,5783796692.135279
2021-03-10,204.04812640170505,13596302956.935505,6638691323.569449
2021-03-11,200.373529187316,13352839248.366346,7534197205.693026
2021-03-12,201.2272459871517,13397433550.547878,6030249810.668763
2021-03-13,220.9580596914305,14765547012.441605,9194425066.567572
2021-03-14,226.8235603211887,15179786845.414158,7479943570.600108
2021-03-15,217.06120791800092,14448609800.107843,5613570076.323096
2021-03-16,200.9213030494801,13393811285.786148,6913825438.318635
2021-03-17,201.09913709658724,13370807884.081,5983855321.191029
2021-03-18,206.70168198053813,13782080520.883717,5582422617.848363
2021-03-19,200.8459412732784,13393000264.41136,4840230463.641326
2021-03-20,200.94127221905256,13370408734.032444,3990450042.813087
2021-03-21,200.37440990838013,13364415001.053411,3952573108.536613
2021-03-22,195.88001611089337,13080246746.931717,4081062651.752628
2021-03-23,187.15184134978875,12489121729.545944,4659085182.727243
2021-03-24,186.5919918326545,12449308448.334677,4522463400.817968
2021-03-25,176.86385095035234,11920888477.360552,5172222519.735344
2021-03-26,171.6507469257749,11454761058.00316,4795406029.772992
2021-03-27,183.4496043791141,12203578088.595934,4369546760.922716
2021-03-28,184.1248996189021,12309475803.593445,3903690753.32701
2021-03-29,184.17012219467884,12293800338.088766,3360375051.8501472
2021-03-30,193.8623951599382,12940782960.662046,5157616431.055876
2021-03-31,195.7333987399266,13065676967.193205,5073272481.985069
2021-04-01,196.5051441183434,13117192834.593618,4220727720.1976953
2021-04-02,202.7400556535758,13533388233.860222,5521685342.201195
2021-04-03,211.86207537489676,14186398806.41722,5861433312.257645
2021-04-04,195.71964933352416,13154031597.301912,5513990967.657653
2021-04-05,202.5792699765456,13522655401.698963,4571795180.438586
2021-04-06,220.1175929036179,14693380803.63162,7413079976.046483
2021-04-07,237.5590833148832,15857642401.330557,11548226718.673569
2021-04-08,220.26617134830127,14765003095.389482,10017158494.614029
2021-04-09,226.4176743255437,15100328479.297188,6204546627.068569
2021-04-10,221.17164050623288,14748683447.818895,5135001489.413881
2021-04-11,252.6018714559594,16688108796.877014,9145062505.46053
2021-04-12,253.0180296020379,16847302144.171495,9424288737.022654
2021-04-13,244.7248970572653,16366203566.369783,7550083642.939506
2021-04-14,266.2693362660043,17767587693.07437,9481635516.06477
2021-04-15,278.6547867905345,18600879834.538685,10863235381.284554
2021-04-16,286.4499770709808,19115102975.37121,8996357763.77226
2021-04-17,310.7300918317954,20798040464.328835,15162487576.63037
2021-04-18,302.36320243653665,20312989752.930435,14766460912.07151
2021-04-19,273.61744820850424,18330095062.8505,16620635797.393057
2021-04-20,261.92515569580087,17498490056.874878,11485534248.092134
2021-04-21,261.6300066318854,17573459862.733204,11775108430.583609
2021-04-22,259.8100043463348,17391797714.458508,9569272073.289331
2021-04-23,254.0928840631009,16961313522.39041,11516485774.028492
2021-04-24,240.68226454821024,16026173980.072405,11103426558.516142
2021-04-25,224.98060131731327,15017998357.054432,6224172780.705517
2021-04-26,223.95240686029445,14949363894.457085,5111556130.054181
2021-04-27,246.8408052326986,16477219750.20513,6912331306.180128
2021-04-28,258.8552610979973,17293720452.383484,6412385209.282234
2021-04-29,258.9089978311237,17282800744.986732,6343346986.946193
2021-04-30,255.7900201528906,17074601454.145077,5406485449.861107
2021-05-01,271.3599667809417,18154917669.62492,6181372716.801137
2021-05-02,276.5434067487808,18459940118.792027,5812912046.562862
2021-05-03,269.23111963398947,17970346781.1532,5420663935.012366
2021-05-04,294.84475436851665,19681599261.29483,7928769006.31025
2021-05-05,305.6792548269568,20404828326.963787,15392147201.933916
2021-05-06,356.13619971223903,23718181496.681618,16972716877.321686
2021-05-07,354.9212999944689,23664720094.5779,13396818415.895704
2021-05-08,347.3098232910756,23183769289.59186,13669223521.43906
2021-05-09,345.6446084916012,23072612181.040188,9320853097.299402
2021-05-10,384.67161849012064,25677759329.75753,13143082498.265211
2021-05-11,361.7652454035488,24148703618.43857,16906457633.414602
2021-05-12,377.6887791759624,25211637945.36449,12331441844.622047
2021-05-13,308.5737448416146,20598042524.232872,11553514406.847614
2021-05-14,316.6895287465786,21139790695.57434,13450956916.849869
2021-05-15,326.4188068850081,21789243502.80628,8487732800.43978
2021-05-16,299.0742818754341,19963930434.64082,8086341174.665888
2021-05-17,297.556124675502,19862589775.93143,8372551747.2357
2021-05-18,283.66511206392664,18997038698.23222,9175389769.956842
2021-05-19,295.492234875474,19724820148.48588,10549941954.714018
2021-05-20,190.7118310810107,12730475201.308187,14027881944.549503
2021-05-21,210.3438647349737,14040960849.557564,10764171123.465183
2021-05-22,178.9349876942463,11944342469.872091,8396531199.306979
2021-05-23,169.8961627926336,11340979083.307632,6428640847.858953
2021-05-24,143.98704887035507,9611483171.041302,8166359721.55114
2021-05-25,183.3656013747752,12240096630.832302,7202332068.533058
2021-05-26,182.38264246486025,12174481750.226068,6230654416.931949
2021-05-27,199.14564781176136,13293452831.666067,5768733478.185078
2021-05-28,193.6718954334085,12928066643.951668,5416130299.496948
2021-05-29,176.4765715413097,11772587439.235636,5925457217.470074
2021-05-30,164.68901382262814,11080526075.170912,5413961215.550292
2021-05-31,170.872043179641,11406121455.418589,4160362295.298566
2021-06-01,187.46618451447392,12513820456.32828,4865805841.808227
2021-06-02,183.1496902695035,12225684043.23473,4336081872.4062
2021-06-03,188.0478628206549,12546752972.990368,4236639177.629152
2021-06-04,194.22958640038811,12965293862.550978,4414448111.465482
2021-06-05,179.20742035380832,11962528007.690702,4377617790.434677
2021-06-06,172.8465357041407,11482258483.885967,3695237990.8849
2021-06-07,176.2521923954112,11765259406.024317,3395634024.403883
2021-06-08,160.83800409113186,10736325118.918827,3694077763.6497273
2021-06-09,161.01685097358848,10748263580.151356,4430852098.213865
2021-06-10,172.68540133195464,11530249363.662664,4624100106.642941
2021-06-11,168.00072493291285,11214454029.607391,3657466913.315778
2021-06-12,162.4583570397106,10844487590.603582,3348084233.2496743
2021-06-13,162.0647476247141,10818213211.776575,3191505346.431204
2021-06-14,171.35388638497415,11438285652.792406,2946030261.2988696
2021-06-15,179.4399153620851,11978047610.855951,3536705802.848562
2021-06-16,175.94146679833224,11767803245.935764,3395011250.339102
2021-06-17,165.46280612733372,11039755084.800686,2981341232.282925
2021-06-18,166.9457542673816,11081773550.25777,2644116373.4497004
2021-06-19,156.0924291679616,10419546534.533537,2780196235.4846964
2021-06-20,153.16409426458608,10232048457.27845,2326430136.849513
2021-06-21,155.13342643666627,10355530786.692722,2686079286.8768854
2021-06-22,125.99259118847004,8511450086.589944,3689385295.475691
2021-06-23,119.10841716268864,7914304732.335883,4635359951.70964
2021-06-24,128.8574341691629,8601544859.04922,3334966578.167712
2021-06-25,134.2903570787059,8965652331.314917,2679480784.468714
2021-06-26,127.62928822114785,8519563151.641921,2792556314.000456
2021-06-27,125.78401171528697,8396386489.427196,2934669070.999663
2021-06-28,131.98895668696483,8810581548.221802,2639068235.587026
2021-06-29,137.79527695877204,9171444374.184813,2744348970.794032
2021-06-30,144.07760228365188,9660898044.134378,3077975447.758254
2021-07-01,144.40196945117387,9639134229.668385,2678677095.1950464
2021-07-02,138.13808637459368,9221651540.863,2324474732.135488
2021-07-03,137.5266046447976,9099994524.142696,2196980065.360166
2021-07-04,140.31079503828755,9366084351.379349,1749053218.2810442
2021-07-05,145.48302674896732,9711343306.500273,2204653837.441421
2021-07-06,138.41518025406407,9239547487.541368,2328315717.0710187
2021-07-07,138.5634001637092,9249441524.38943,2270600383.003129
2021-07-08,137.75683223258153,9195601167.515974,2180673630.324603
2021-07-09,132.18260318024963,8825310242.238207,2162045718.3734846
2021-07-10,135.1155296389191,9013459284.3449,1902363514.351356
2021-07-11,134.31769277878757,8966030305.120094,1457367366.7628796
2021-07-12,134.2031777449341,8957040569.707262,1381852594.8126454
2021-07-13,133.8237508866662,8925932988.91042,1935700636.277134
2021-07-14,131.23261821822342,8763316594.18586,1585020196.351934
2021-07-15,131.21232187326024,8758739299.210312,1628767329.733012
2021-07-16,125.52687357315456,8403184173.191431,1508867863.978678
2021-07-17,121.24810733694063,8118858100.698688,1388188363.4048202
2021-07-18,120.19122490490288,8023054465.964244,1317135278.5400891
2021-07-19,119.979081636741,7984291728.186319,1299478363.4498324
2021-07-20,113.66858658774689,7634541204.182109,1318897963.8550138
2021-07-21,107.82353395941789,7197481233.373025,1594709249.62383
2021-07-22,118.24795114382208,7866951800.433402,1770138958.9477773
2021-07-23,121.10550765969118,8077469395.050521,1422550728.1290965
2021-07-24,124.2342238711515,8286163795.152425,1349797069.533161
2021-07-25,125.71866893668708,8387276967.407461,1261581789.7927198
2021-07-26,128.37733378607533,8557832144.367151,1465470007.8317134
2021-07-27,130.95824543918272,8741779083.764177,2517126156.487427
2021-07-28,133.6922604595157,8912475331.991972,1921260048.3200896
2021-07-29,140.05207883476075,9348814420.119677,2129228386.633288
2021-07-30,141.5713332527159,9450228320.781351,1793464124.6564934
2021-07-31,145.8541556975912,9736551488.51875,1806024558.04154
2021-08-01,145.28828035046652,9708449336.08721,1405878074.2070873
2021-08-02,140.80678209368656,9358409105.737217,1684525298.8059835
2021-08-03,141.67155315732666,9456946575.707258,1623628156.3728802
2021-08-04,138.55919653556384,9286551471.933895,1523803552.9333727
2021-08-05,142.7558527011646,9551279815.204298,1576458971.9509697
2021-08-06,143.33057178225835,9589445531.089306,1764040351.1347475
2021-08-07,147.93392371072537,9877354742.544098,1991988407.9682708
2021-08-08,155.85634289080252,10406187412.487291,2416855661.4896226
2021-08-09,149.52742958363368,9981346866.47305,2104942346.9020505
2021-08-10,166.36742842205203,11100739090.691969,3088150795.830364
2021-08-11,165.72075047760234,11034249932.49583,2756223824.305392
2021-08-12,171.0906980431037,11420751413.639864,2701054560.223835
2021-08-13,165.45903474558477,11035052205.051607,2667551798.05477
2021-08-14,183.5108295610609,12256846299.426054,2851759419.004196
2021-08-15,182.37224930761167,12207380592.269388,2559350873.92189
2021-08-16,184.51942818679905,12299559504.83368,2534932086.1779027
2021-08-17,178.55215295507665,12044822922.647083,2522211734.2410336
2021-08-18,168.39445289264123,11240770000.472055,2131817489.15259
2021-08-19,168.1720164917863,11225921789.1516,1922409410.748841
2021-08-20,174.80180296053743,11509075324.49982,1839468802.260428
2021-08-21,183.2708294533336,12209613196.349447,1837465861.6324189
2021-08-22,180.2465213630128,12055320164.0744,1624853593.7430768
2021-08-23,185.5793326814969,12396744160.233543,2108165260.9256728
2021-08-24,187.04851414210248,12485977360.203775,2076516806.6442044
2021-08-25,173.7467616491553,11642596607.39695,1949349383.2540517
2021-08-26,178.02832560623148,11883856192.01266,1712750334.7468586
2021-08-27,169.5180560081577,11315773446.110418,1930035470.078196
2021-08-28,175.83486006887645,11747791807.570658,2657520591.422942
2021-08-29,175.64062407803442,11724470872.323118,2110524159.6448045
2021-08-30,174.98879456122884,11680959547.858044,2285728184.809266
2021-08-31,167.95684016784602,11187356992.431517,2264146083.50816
2021-09-01,171.77547863534423,11475429430.682352,2189172521.914135
2021-09-02,181.11743498435027,12088044122.03615,2774015017.4297585
2021-09-03,183.83166664069432,12271244378.987486,2654117926.197442
2021-09-04,212.3519400527542,14175047195.936176,5753472753.106617
2021-09-05,213.21880325244888,14232912580.942972,4382080698.721429
2021-09-06,229.3239438418851,15307972822.425728,3751401946.513961
2021-09-07,220.1032885332572,14692469973.029629,3797512105.494117
2021-09-08,178.4445909458318,11895604543.560871,4841380209.404615
2021-09-09,179.3006525594279,12015537429.12473,4555784101.837267
2021-09-10,180.86431975960545,12073166216.500729,2915923407.4194803
2021-09-11,173.8959910922053,11599982350.680834,2534713363.703875
2021-09-12,178.74764607286275,11931872713.834728,2227645427.1906786
2021-09-13,183.4489073132636,12245694193.151337,2474946596.8173027
2021-09-14,180.18020711088525,12026057255.3403,8617431878.868057
2021-09-15,183.2460085966746,12229424489.746922,3401564791.457684
2021-09-16,188.99992857014863,12616239375.27891,2990353969.084617
2021-09-17,185.88956312352107,12408614349.618196,3771083978.297083
2021-09-18,180.05673784606748,12067636758.159355,3395504379.525413
2021-09-19,181.66198761002045,12126412631.030792,2172816986.038738
2021-09-20,176.03197327594566,11755609272.269262,2132856602.6768675
2021-09-21,157.48604063802327,10512604962.26462,3113313353.8233466
2021-09-22,146.98852658065172,9778752348.494122,2617744216.947601
2021-09-23,160.90906687722006,10731293840.46711,2448345122.80878
2021-09-24,164.32758105439206,10972485278.468178,2153613635.436473
2021-09-25,151.95202891837235,10200662930.252695,3067752227.3311872
2021-09-26,151.9076669813909,10132388187.20556,2758915259.2520385
2021-09-27,150.65607266892263,10219843342.92489,3278492460.160436
2021-09-28,145.06085540315584,9748921903.219854,2627449641.8682165
2021-09-29,140.40612536172182,9372475961.870188,2714402314.2967157
2021-09-30,145.03338884320144,9681357897.310526,2500219981.975202
2021-10-01,153.1453759499212,10228958668.177526,2404772315.829891
2021-10-02,166.03298444923087,11077015406.904276,2943230546.085889
2021-10-03,169.65830733575754,11659851024.782587,2859712957.102274
2021-10-04,170.96527037444142,11749810607.616468,2912326781.574752
2021-10-05,167.54549258443683,11506766114.666618,2685181954.2209654
2021-10-06,174.11810925008209,11959486591.453056,2624353783.533902
2021-10-07,179.19993360488678,12309753394.568789,3225630004.905476
2021-10-08,179.0563327253737,12301131244.813486,3515152317.772371
2021-10-09,175.96907129240822,12090218245.97475,3002931305.124391
2021-10-10,179.98361613010505,12367375432.497158,3043830823.8010216
2021-10-11,175.4349103638173,12056112164.150536,2710452830.030585
2021-10-12,179.31064182083853,12254760530.977692,2917835057.963248
2021-10-13,172.38712263600246,11849297493.770144,2817715667.75125
2021-10-14,177.81538534871174,12226025574.253551,2522300436.344707
2021-10-15,180.36004347909247,12399079366.708729,2442709490.723976
2021-10-16,189.33515025355516,13018317286.77698,3109064131.118713
2021-10-17,187.15112594645316,12831025871.315945,2606140566.587907
2021-10-18,183.5998678067939,12626547685.461506,2326813530.436107
2021-10-19,185.5330367802904,12760817690.062843,2475012852.053199
2021-10-20,188.9625315638643,12994083695.672173,2200024350.6004963
2021-10-21,207.66932026461288,14288129083.247942,2789536581.943744
2021-10-22,197.29913221975605,13574263307.067995,2608448634.589181
2021-10-23,191.7034190920392,13201586874.505154,2120311827.801084
2021-10-24,196.03231269620585,13549407672.57393,1792760101.9491982
2021-10-25,191.12107952382203,13113243378.470287,1807972491.7092588
2021-10-26,196.0716829610412,13495845936.78652,1932846689.6508915
2021-10-27,198.4060095329257,13657953880.201538,1928980027.3077104
2021-10-28,180.24193594393577,12408899504.601624,2997033270.948103
2021-10-29,190.16842979768808,13093632050.372175,2391049998.951122
2021-10-30,196.7042739705793,13555562187.247389,2071576069.768074
2021-10-31,190.1946833499496,13098186372.894283,1820602185.8214488
2021-11-01,191.9871139399772,13222938865.094852,1887265680.652432
2021-11-02,198.1514986054277,13524476808.842834,2026195842.1974952
2021-11-03,201.13313419717844,13749712642.189163,1928845089.408975
2021-11-04,207.32416503900404,14216793685.29027,2339651671.533303
2021-11-05,203.25196257360344,13929879440.727505,2034399015.5345016
2021-11-06,200.14459857921992,13782312705.86983,1498479961.188298
2021-11-07,198.15334571109557,13649344659.096788,1407029685.617857
2021-11-08,202.0515265726991,13890107860.224958,1098098036.989202
2021-11-09,228.69527092135635,15826924373.880686,2906006240.56477
2021-11-10,264.45943722456866,18292523224.439056,6858513361.636675
2021-11-11,260.86472470752653,17755040894.3769,7438972472.587109
2021-11-12,263.05845652395345,18176554728.431385,3611128393.531365
2021-11-13,252.75667111052977,17430105280.30532,4522578141.656981
2021-11-14,258.5694593941848,17802232004.31263,2567924183.471577
2021-11-15,279.4424641453785,19274637084.00984,3006953687.3117967
2021-11-16,264.48734462556433,18244914469.894947,2470208124.126683
2021-11-17,232.0891861858328,15980841934.259468,3764421564.497077
2021-11-18,229.5831146534049,15809799301.208462,2574783650.32234
2021-11-19,203.44701845028465,14038550383.446207,2741231929.141069
2021-11-20,219.278253427812,15132525641.426567,2115211086.7261496
2021-11-21,226.3436321880461,15621865890.219631,1883458591.965208
2021-11-22,224.27238636442613,15567072000.12663,1608296972.081565
2021-11-23,209.64264048639865,14471217926.960949,1798892292.6352456
2021-11-24,217.13147038006943,14990728647.208544,1665247283.469576
2021-11-25,212.1377095355498,14647429097.667574,1447237113.3361375
2021-11-26,222.83806300914117,15387864223.239813,1978276570.383548
2021-11-27,195.3381460493548,13490063741.386765,2394387398.681225
2021-11-28,193.85170610805585,13388614416.2043,1169175298.9196472
2021-11-29,198.8888260629178,13737973825.705652,1526632674.0606823
2021-11-30,206.6691174451772,14316829008.323393,1582819342.2086978
2021-12-01,207.93930302932964,14365979718.446926,1919830616.335644
2021-12-02,208.4708620887279,14404225573.54356,2345839119.826418
2021-12-03,203.6259317813959,14078988390.218882,1242870815.242703
2021-12-04,189.7376928631965,13106580082.14405,1532248603.6872706
2021-12-05,162.56312626238378,11266169955.995192,3285416173.731591
2021-12-06,156.20243722636758,10797477186.586756,1679437006.341901
2021-12-07,162.4364291438251,11229625592.46898,1694912645.8328393
2021-12-08,162.00261704254874,11200829875.642307,1297732907.977135
2021-12-09,164.7222612154075,11390103028.204422,1500496477.1819715
2021-12-10,152.48636692593874,10545054910.36601,1212367143.5016525
2021-12-11,149.07510653117012,10310262934.638796,1231496786.435036
2021-12-12,157.9875916804009,10927837130.348368,1111922271.2298567
2021-12-13,158.97863860441825,10997571204.50074,745385892.7510816
2021-12-14,144.63637129984738,10006531134.68662,977864412.2173775
2021-12-15,150.5752756095008,10418498424.84592,953819540.3503084
2021-12-16,153.23514794842248,10599207876.799978,1153019236.6725764
2021-12-17,149.22557764066758,10327179713.103558,816602011.4735259
2021-12-18,144.08640235090425,9972534480.962458,4871565819.541679
2021-12-19,148.97011732601084,10311619641.524324,667024505.0420864
2021-12-20,153.4452903652407,10622456721.997046,1401451922.5288455
2021-12-21,153.17553482768892,10644668240.0037,1409784732.8236694
2021-12-22,155.3406496272523,10755892714.122229,888548877.8998221
2021-12-23,155.62472366805736,10776814973.821997,940630205.2312512
2021-12-24,163.68493376631224,11306762839.24639,1170145779.6327178
2021-12-25,161.58309840126907,11191816306.083565,934925762.2287644
2021-12-26,158.79313995505825,10999748995.760109,770423737.6767217
2021-12-27,156.37119500662945,10833129891.865582,1067423563.920422
2021-12-28,156.05611079189384,10812469864.585735,884252402.6478505
2021-12-29,146.3367441217928,10140083947.941948,1150683898.3664875
2021-12-30,145.50566839953726,10043087113.587414,951578655.6371309
2021-12-31,148.03521639446834,10239705862.067177,735711577.3134116
2022-01-01,146.60466145502394,10165614442.928844,927144179.7398188
2022-01-02,151.08565821362433,10473638674.044128,600594220.8455845
2022-01-03,151.50699732368665,10523239230.89384,613040982.77866
2022-01-04,148.68077442947728,10309037335.052908,658797623.4612963
2022-01-05,146.72337359445743,10247784142.818712,739978327.2516489
2022-01-06,135.93494909373734,9451354999.259806,1136386298.3017266
2022-01-07,136.51016201928635,9497488956.849884,1048619541.7231036
2022-01-08,131.42578123867258,9118650890.96946,1204093495.3291695
2022-01-09,129.72984465944606,9026522520.00248,848505835.3185133
2022-01-10,131.18714226308023,9090631980.216145,503010326.472875
2022-01-11,126.82502049780172,8799832771.775192,951597525.2048632
2022-01-12,131.62848476205232,9128769311.538816,731840050.8278435
2022-01-13,141.75518566402317,9837832315.498312,772388515.695745
2022-01-14,136.69816548147483,9487923473.059666,786153802.6464872
2022-01-15,144.72737636347838,10046271921.893805,1073601867.232325
2022-01-16,147.9603293360963,10252242788.856188,858852118.7908947
2022-01-17,146.6121775956386,10179268203.722364,648629121.4997033
2022-01-18,151.76152473763486,10537942123.49368,1428371010.137849
2022-01-19,141.61139916358968,9850112738.2542,1060685979.28284
2022-01-20,136.9619063311175,9512250341.775602,786516812.2414012
2022-01-21,130.42414169230446,9148639908.843843,678874464.2565386
2022-01-22,113.48931581917998,7981436304.824966,1476066731.1247773
2022-01-23,108.61322367845514,7545683309.881283,1949208635.5019567
2022-01-24,111.9325857665343,7767749118.80306,1036985112.8138344
2022-01-25,109.98250709501696,7642430989.02289,1447703189.7713976
2022-01-26,108.20005922670708,7528711286.299523,793636486.2471838
2022-01-27,107.02184870207108,7471572251.990698,932865614.1820446
2022-01-28,107.21042503329888,7432905213.60697,723657456.8102068
2022-01-29,109.56241337895376,7616510082.740902,592718337.6880763
2022-01-30,110.97870116957098,7699445711.198726,483469771.14002526
2022-01-31,108.85087831372954,7571901245.2150755,424701755.9808957
2022-02-01,109.68495693844312,7609502523.441636,580923790.7862319
2022-02-02,115.56699714829304,8037337457.602423,708831997.5914418
2022-02-03,108.46076632458303,7539796465.25319,618297409.1646458
2022-02-04,110.21753487484204,7666855250.374468,564827321.7183971
2022-02-05,121.49915898467228,8353101103.568475,841520818.0895532
2022-02-06,122.28911151386858,8515178060.793639,635415766.3949832
2022-02-07,127.6043902137988,8879012796.96533,657391963.7281666
2022-02-08,137.36335026194186,9545141168.095592,965417641.0019864
2022-02-09,134.13275084128583,9335293494.43885,1203851814.5652132
2022-02-10,140.55477658270416,9800440089.749737,918045787.5636373
2022-02-11,135.42701897226829,9427380616.486755,1041529005.1313494
2022-02-12,126.10218386249991,8792354216.764763,858268331.394889
2022-02-13,126.69119936950332,8821069003.28906,670165818.3939204
2022-02-14,126.28539405442234,8787938472.04504,567610491.0212473
2022-02-15,124.83315484227106,8693486478.793137,563405437.5315092
2022-02-16,131.68800808841544,9214944628.079865,680554080.0068742
2022-02-17,128.37749069501754,8942062959.015314,620462660.8270952
2022-02-18,116.2120025752003,8096862166.69461,771632269.116077
2022-02-19,115.08658987603158,8017968577.635381,995911520.6676795
2022-02-20,115.85118250450698,8066376368.090658,555308617.4117981
2022-02-21,110.82828323104538,7723001947.133409,611872378.2827846
2022-02-22,103.5897784100841,7244478418.750748,783358953.3352973
2022-02-23,107.56703893150554,7497251391.913771,737608295.096188
2022-02-24,105.96884784175116,7386564709.743127,591005149.7774687
2022-02-25,104.24189763905724,7266951117.198242,1378724540.9715934
2022-02-26,109.51857185862303,7635550854.808023,743013595.1103419
2022-02-27,108.13802120582118,7533185233.843067,628927741.2533836
2022-02-28,103.11211763732136,7184428503.067197,571319765.8998512
2022-03-01,113.47425396585597,7901458519.601742,786158082.2800214
2022-03-02,112.6837678529158,7843103593.913227,781094085.6428862
2022-03-03,110.3622380616775,7698431945.950647,675253898.2537469
2022-03-04,111.3917414277968,7767816407.818805,896691497.0773238
2022-03-05,101.141078975511,7056718846.73301,967050961.385654
2022-03-06,105.03994374119029,7327755348.714135,627716516.6282947
2022-03-07,101.31526798336483,7070358997.523902,581423472.0198077
2022-03-08,98.69385859304428,6886635383.182716,751674495.2836767
2022-03-09,100.4470167780604,7009788527.35682,717444049.6343749
2022-03-10,106.65033878385805,7451005933.266934,814806150.6725909
2022-03-11,102.6219963318836,7151223942.760883,855599088.3372121
2022-03-12,104.8762011871016,7368811438.412262,698277458.152888
2022-03-13,105.71313717257148,7396980914.621293,419194846.1349298
2022-03-14,101.88538223423484,7115356268.722576,398639403.8208405
2022-03-15,105.61805947514048,7366162430.490366,563293023.7768364
2022-03-16,106.99453079182052,7487422510.81002,586359737.5876706
2022-03-17,111.37499597888475,7629784997.450776,790360725.4987062
2022-03-18,110.29402879231246,7701640004.112216,502735777.7766626
2022-03-19,112.17380362345374,7837958962.820096,497493622.3980048
2022-03-20,115.8303824447174,7969227857.11442,607424744.0065289
2022-03-21,114.773677415329,8026900493.94672,688857146.0392586
2022-03-22,116.0968915515532,8098071474.258086,636733220.8936124
2022-03-23,122.8543693526866,8564524535.414073,940390291.433704
2022-03-24,122.30633484375645,8551817227.793575,694876456.9911262
2022-03-25,126.94093012924073,8889688945.563856,817339754.7424108
2022-03-26,124.04393184970448,8673709383.387667,699156200.5821561
2022-03-27,124.69311285061232,8720005503.92015,424690663.1283197
2022-03-28,129.12827809912358,9017530687.70228,628570175.5606306
2022-03-29,127.90929429443416,8946798913.306074,845452466.1367563
2022-03-30,130.03148662980206,9096209057.769444,724299185.7942713
2022-03-31,131.03441780151215,9187246632.47704,837318486.7412882
2022-04-01,123.62182315974972,8649611372.497837,1242471536.721218
2022-04-02,124.86179417881476,8737259702.743517,749240231.8030623
2022-04-03,124.89076345530324,8740254744.195148,690210765.6577476
2022-04-04,129.00601434534587,9029301326.591904,569747297.358324
2022-04-05,124.81807485356089,8737514857.13246,722104025.077731
2022-04-06,123.23769153749286,8627354200.909416,549673831.3876
2022-04-07,112.3400632906268,7865215223.086861,945958315.4516118
2022-04-08,114.25646832357047,8000180296.303743,595834194.5385668
2022-04-09,110.75990691125516,7756150300.742073,683845857.4354802
2022-04-10,112.86859646232077,7904659965.946905,445190509.12341255
2022-04-11,111.00071738173511,7774659047.922987,431993131.2795852
2022-04-12,102.56050255857352,7200362878.926139,731362436.3145562
2022-04-13,104.95044417541315,7352380319.887069,542327195.0286468
2022-04-14,110.53930830483571,7744728903.55611,736067145.9950242
2022-04-15,107.48156952563316,7531293576.470776,644414780.7544945
2022-04-16,111.1289503571866,7787632988.07337,664670069.2050865
2022-04-17,114.49650141679822,8024485382.087425,520120091.5888153
2022-04-18,108.71825474219008,7620290319.365509,551054763.3958818
2022-04-19,111.302877050644,7802221294.782138,668538119.3721638
2022-04-20,113.79988861884507,7978091490.946065,541535568.9640622
2022-04-21,111.92766358334414,7847576071.458196,557424685.3533853
2022-04-22,106.89090641704792,7495270070.090092,617882742.107301
2022-04-23,105.47447126163598,7396721181.211495,557230401.5257647
2022-04-24,105.34013056044068,7388045408.439403,392064540.088636
2022-04-25,104.58308427822774,7353852322.292775,406301974.9271737
2022-04-26,104.668224174207,7342458470.66421,699296587.6698011
2022-04-27,98.47205957828236,6905588552.7946,565465024.1675338
2022-04-28,100.51488368377036,7044347418.948979,587252051.4662408
2022-04-29,103.10591198109536,7233137789.767229,698782310.8623973
2022-04-30,100.36942789506244,7058953673.112801,736644475.6022329
2022-05-01,96.0665098759044,6741792114.121952,495256548.9332066
2022-05-02,99.56235862188755,6988663597.435838,501504213.391204
2022-05-03,100.73815903947606,7071929146.743919,544476247.5778068
2022-05-04,99.43926446179714,6983388525.509901,456809364.0706662
2022-05-05,106.29717692427856,7452459936.749582,680625468.0074085
2022-05-06,97.0514418782492,6815194463.222593,773199096.1232326
2022-05-07,96.81791440016931,6813705615.754961,663924448.4741758
2022-05-08,94.52334951622642,6654871681.642213,464312061.6999172
2022-05-09,93.97274561774242,6605705093.816359,649055677.7409596
2022-05-10,77.62901854884313,5453577954.083182,1074324210.033254
2022-05-11,80.20417321726917,5623187760.881976,1603321468.7019892
2022-05-12,66.44698876809255,4717884226.109748,1828243908.0730655
2022-05-13,64.3748302656497,4514362713.304638,1780319203.4021468
2022-05-14,67.78872647354781,4764135481.639052,18350385301.59252
2022-05-15,69.18036054658073,4862403608.180924,1042612109.0744972
2022-05-16,71.52515279056072,5027705637.105439,643863699.6980349
2022-05-17,67.2571317101658,4727063471.025696,612302827.5706625
2022-05-18,72.96254840854071,5131419406.439527,696148340.6210535
2022-05-19,66.1633035863086,4652219478.740787,639768020.25216
2022-05-20,72.25395750066285,5083330267.99783,691507684.5789115
2022-05-21,68.70746133363836,4832082095.14123,635684580.6091845
2022-05-22,69.75664148795661,4906422893.112631,355446587.7958066
2022-05-23,71.80883369609995,5051287079.55842,350935242.04831743
2022-05-24,69.2202232544868,4869719418.121448,607747746.6910777
2022-05-25,70.37967753499669,4947972472.435592,483136722.3229347
2022-05-26,68.24843994845807,4802383937.022762,429479050.6585351
2022-05-27,63.8667161886213,4494521684.208906,620880465.1841328
2022-05-28,61.47880916641328,4326902149.869615,535715394.5426768
2022-05-29,63.16478340880825,4446040136.405456,335026121.6469542
2022-05-30,63.80994739891105,4499193325.037191,334085928.1544867
2022-05-31,69.12239469709459,4866360584.761708,513114167.30521744
2022-06-01,68.50657607208066,4823421848.116394,457451806.758213
2022-06-02,63.12657633095472,4445023672.478049,664334757.0733159
2022-06-03,64.30984659190571,4537878827.331688,401464500.4321821
2022-06-04,62.66793774707071,4413629736.674005,375004831.6667268
2022-06-05,63.719744162653576,4486056829.208542,300079341.21707016
2022-06-06,63.17552749668198,4450355542.094314,281702795.81395096
2022-06-07,64.398744476552,4537018461.134338,422013762.9453905
2022-06-08,63.99415394907026,4517091525.464754,477304904.651932
2022-06-09,61.63098512760772,4346970015.64505,506131225.430368
2022-06-10,60.14190468709871,4235548756.429672,357229686.8347903
2022-06-11,56.69176596530525,3988510087.788477,558024671.7976636
2022-06-12,52.11490232511888,3667341104.54047,658450307.8432183
2022-06-13,47.9843257143968,3409469263.82619,599597664.2952052
2022-06-14,43.29198705338298,3052074079.560232,1055626618.234378
2022-06-15,46.15396418506352,3254150240.425102,918915662.9565438
2022-06-16,50.50859614082794,3552498433.697788,990893654.8388824
2022-06-17,44.68672729632736,3144933934.820601,692628105.7234454
2022-06-18,47.721878265378,3377129228.072029,556833853.1278064
2022-06-19,47.418799581765086,3344580504.827052,829171447.3173796
2022-06-20,54.31781628546482,3827993187.7842574,1339466828.336279
2022-06-21,52.985189548585616,3730383736.893249,794667975.5000335
2022-06-22,53.46988489050712,3783125263.3373103,588994198.4337981
2022-06-23,52.10338685030702,3680701658.450616,494637997.1388772
2022-06-24,55.76809618659322,3935522940.397596,601487686.2847589
2022-06-25,56.15110651104729,3971386329.021125,527139977.0816754
2022-06-26,58.86569462928056,4162681627.277754,491192044.5481159
2022-06-27,56.97922620830003,4022245954.818397,406802072.58445305
2022-06-28,55.9108538762096,3947203308.921137,373585146.9811992
2022-06-29,52.75101205666343,3720878009.3171096,428406092.8023051
2022-06-30,53.48645690024734,3773772723.8478193,481480913.3792497
2022-07-01,53.14581991334246,3753105758.357663,502711429.84663504
2022-07-02,51.334323995722016,3645649356.065315,583802555.2631365
2022-07-03,50.51166842354989,3566343675.5051,405380137.370824
2022-07-04,50.960197057811214,3601819885.610145,346929174.59839153
2022-07-05,52.26582158973314,3690185668.481325,366891736.0179272
2022-07-06,49.78763061603183,3517782169.478336,510903905.5945549
2022-07-07,50.357009241310216,3558381535.407388,376484880.3128436
2022-07-08,52.20382993621902,3704596017.950168,447581631.197626
2022-07-09,51.67078038164477,3651943921.080452,526830779.7034316
2022-07-10,54.18236237258841,3847511609.1111584,405001495.38423705
2022-07-11,52.16728443988188,3687747500.4006414,553450098.4612402
2022-07-12,48.73802041730751,3445696199.37728,348417967.32602954
2022-07-13,47.55025819626911,3376567224.25023,345957649.0782926
2022-07-14,49.55750239478034,3503630785.3198705,401854208.6341854
2022-07-15,51.24218225184296,3623831537.5694175,385266461.83476937
2022-07-16,51.68929570569912,3659153273.046445,402936617.9144191
2022-07-17,55.26829947296359,3904459806.4627566,331781014.73262465
2022-07-18,55.96279983869605,3970778997.766261,712083567.9898314
2022-07-19,58.4994035434111,4126842512.001802,531551055.314089
2022-07-20,57.94291080294763,4103238656.0531855,538881297.728227
2022-07-21,57.396583211656335,4070652203.29797,619801574.0119561
2022-07-22,58.07248155912277,4113572960.904618,415446186.6313683
2022-07-23,56.13431551773756,3968365820.7820616,436119911.6316982
2022-07-24,56.42397778436359,3993990775.123881,352848568.12596154
2022-07-25,58.46859189863174,4159525080.998243,380965410.8188039
2022-07-26,54.49725779047591,3903053266.20726,422779780.9694747
2022-07-27,53.7923012172817,3810811479.246774,359555367.78738207
2022-07-28,58.9136992867379,4173835911.475173,495553291.9591948
2022-07-29,63.43851578675429,4488249078.76049,727799481.0699869
2022-07-30,61.098009900111535,4375479846.847103,632194799.9776027
2022-07-31,60.36057485815415,4272017845.164736,624285446.4647582
2022-08-01,59.87858138254393,4241999791.3956246,467950289.3089694
2022-08-02,59.4636901857443,4213955965.338016,454529329.2912765
2022-08-03,58.375919136470806,4146621392.394453,511191997.9549709
2022-08-04,57.78824482732954,4077014391.3726873,455736658.97954327
2022-08-05,59.94850034517463,4248673607.472491,437308302.7534791
2022-08-06,62.29439783711205,4413990061.096722,432732166.5060651
2022-08-07,60.993070014707385,4326016107.793924,260842775.52178183
2022-08-08,61.07830271557345,4330249152.254278,248805295.79103675
2022-08-09,62.65867903364285,4442916575.883188,359063501.83040166
2022-08-10,59.30406370866646,4204559218.360428,395781361.8161449
2022-08-11,61.5848014095279,4366159797.71707,537465819.4811128
2022-08-12,61.85668976394079,4391590068.216721,443253528.6180906
2022-08-13,62.99650151274172,4465742408.213062,334499582.7717562
2022-08-14,63.73107302182687,4520944229.812536,363373220.3627079
2022-08-15,63.28289166699472,4489119955.040094,369221837.4675578
2022-08-16,60.89110261394542,4321662477.601759,446690610.2483801
2022-08-17,61.39490366462152,4356538358.229564,357356246.8979641
2022-08-18,60.42314471420725,4291323546.6137614,527728174.7912757
2022-08-19,60.08462951843797,4272018444.1580257,354112256.2881515
2022-08-20,54.05299105629522,3830403570.484195,548136791.3146671
2022-08-21,54.09706525315386,3839421284.523895,412215479.553064
2022-08-22,55.69011473335879,3952997329.1182566,280191775.212908
2022-08-23,57.17797790595773,4046892691.1931176,740367884.0940232
2022-08-24,57.10754369676993,4054048644.177232,488950471.7971052
2022-08-25,56.488167416370935,4006667597.66095,359040331.1837753
2022-08-26,56.88746852520753,4043686686.4301286,335871273.7669783
2022-08-27,52.57410424425794,3728092139.207158,417424803.0671855
2022-08-28,53.08539636331984,3771482272.504148,285262864.26938134
2022-08-29,53.61253901449211,3808968280.905448,370946947.33289456
2022-08-30,55.86478079989234,3966278032.5331664,410727461.4039151
2022-08-31,53.13272037438296,3786790650.3879857,369013635.70832735
2022-09-01,53.73336251607968,3820482929.09622,320097858.45874405
2022-09-02,57.57544537664431,4088049249.08269,477657954.79340494
2022-09-03,60.986190037686974,4320250701.799682,614145560.1018603
2022-09-04,60.02262700931005,4266067380.329451,402929382.7940488
2022-09-05,60.918782512116834,4331105869.082729,300503155.4133037
2022-09-06,60.52214592358445,4293818588.287372,332628150.1512573
2022-09-07,54.22185803405654,3862096447.469924,509658953.2390038
2022-09-08,57.48771200697838,4107031805.540549,501838403.9586053
2022-09-09,57.97218017613184,4123912209.860071,412021872.26291627
2022-09-10,61.22023599343097,4348718128.29755,481882044.8632152
2022-09-11,63.36991460862492,4507117314.074601,473031618.9907615
2022-09-12,62.15253378727816,4421516495.469196,352414771.1756549
2022-09-13,61.30124594580556,4360964393.476606,431647875.42473984
2022-09-14,59.03600018428936,4196363054.364532,821391861.0535619
2022-09-15,60.17418175308757,4272364924.614448,493820557.9157531
2022-09-16,56.21253088662602,4006165846.4487104,476187207.35638696
2022-09-17,55.74210296339805,3962054465.170012,355354079.2129731
2022-09-18,57.76815570115465,4109443085.150955,259425898.08976567
2022-09-19,52.88818731523069,3760104122.716197,334776096.34823084
2022-09-20,52.869818628734144,3762597663.652556,547575641.4350837
2022-09-21,52.27888016288279,3721579259.337693,426596967.6572288
2022-09-22,51.216483818047045,3647700388.5504913,523237545.88908815
2022-09-23,53.58693851892969,3810698240.453671,353485685.6181548
2022-09-24,55.00257329836104,3930346417.711209,422981094.3587435
2022-09-25,53.461200870405406,3809171266.3076816,332713551.5927083
2022-09-26,52.58286457695929,3743370323.6125145,275189792.221496
2022-09-27,53.38798915611119,3799038166.836695,336737530.6469974
2022-09-28,52.753254321977,3762643620.7088566,361356069.4277464
2022-09-29,53.36671347778069,3802649005.46638,322552858.37366754
2022-09-30,53.95967926724024,3839536347.095978,288221152.3799279
2022-10-01,53.43700377767957,3814320769.585342,299157760.2053353
2022-10-02,52.92778750708372,3773067353.184526,171859465.8746548
2022-10-03,51.89757497092148,3692364373.7982287,185881269.4065352
2022-10-04,54.214857462717205,3868705885.7432513,276386040.2088249
2022-10-05,55.30483080261767,3951547245.8600616,254789401.96057245
2022-10-06,54.5817402032304,3892494552.152661,239566960.74729
2022-10-07,53.53240897510123,3818439737.591924,261475849.4976124
2022-10-08,52.59233846237554,3751579832.560956,275874698.30841845
2022-10-09,52.79186463517376,3767437114.271531,173982574.14082775
2022-10-10,53.90670550389191,3837518394.909949,190160167.99686345
2022-10-11,52.73447962839302,3775928566.1876097,293361041.332152
2022-10-12,52.02724634644044,3707079299.94328,269475080.77641875
2022-10-13,52.19887675435327,3724382471.199377,242516878.2831754
2022-10-14,51.21733513268848,3655851675.694348,400733059.15897113
2022-10-15,51.29995672662503,3658175026.498796,257723481.1648721
2022-10-16,50.45604331702012,3610017580.9387183,177445520.82838398
2022-10-17,51.4879284270239,3672496599.683683,185223021.7588156
2022-10-18,51.91824174417565,3705543260.825347,195267470.8710516
2022-10-19,51.93267207446968,3710086106.994142,228843329.9717002
2022-10-20,50.93087717503332,3646472788.318113,209318744.0125106
2022-10-21,51.161084310463046,3653939473.5386553,226668698.1495593
2022-10-22,51.62733103954704,3689254927.431777,274508530.22227275
2022-10-23,52.16297274595103,3728004666.333543,193587518.4178169
2022-10-24,53.91366455779641,3852216016.6520343,234650558.7012631
2022-10-25,52.523470447479774,3753096717.425861,271438374.81531054
2022-10-26,56.11746810391875,4007937996.494204,414311623.6190675
2022-10-27,56.39593108249522,4028040346.6004734,442282177.4109176
2022-10-28,54.8165935359339,3920821574.892571,371641700.4158092
2022-10-29,54.9897800143199,3930664099.8883862,336928726.58825886
2022-10-30,56.44846775385167,4033981029.231788,409873237.4667978
2022-10-31,55.375428455055776,3952288914.694473,321979055.7869438
2022-11-01,55.07429113408141,3942779691.7944503,381398582.7691071
2022-11-02,55.13549544118597,3944990484.217174,558230125.6316289
2022-11-03,60.42963193827674,4324027406.360339,2351454976.323296
2022-11-04,61.97735638521098,4423794135.511498,1856214070.1723492
2022-11-05,67.56479672684166,4830117697.884095,1988837054.545493
2022-11-06,69.65567756318899,5012880014.902214,1813549956.5313756
2022-11-07,67.93952527428557,4847968715.73291,1380173799.4793916
2022-11-08,67.72824014959652,4849012529.861761,2064715316.18389
2022-11-09,57.34672858147384,4118289061.34735,1374480147.758033
2022-11-10,50.21833929577597,3605016992.724805,1142406771.231374
2022-11-11,60.42030081540754,4323245443.86198,1155300819.6341674
2022-11-12,61.35807901320616,4367801819.169004,1084154748.003659
2022-11-13,59.714223982917694,4270509835.214056,535006856.3032914
2022-11-14,57.45270425649563,4100583082.7859983,371466147.4890471
2022-11-15,56.5952954056762,4058796404.581112,676137436.4416891
2022-11-16,58.04341022841282,4159919279.9492064,426677960.510179
2022-11-17,57.573838476368216,4115004309.3404446,425649180.2423818
2022-11-18,62.42192180257928,4457902228.781903,653021043.4170842
2022-11-19,62.62651218899903,4482532665.543462,521487643.8224141
2022-11-20,63.83226559727977,4574034716.341881,413139604.4961932
2022-11-21,62.02939572269752,4447316713.040254,479709994.3967647
2022-11-22,61.40086877446057,4408316403.898104,730321193.4984232
2022-11-23,70.33974877307504,5040877131.963965,1189589688.4151614
2022-11-24,79.21767368561552,5700775655.936979,1928291782.30346
2022-11-25,78.82250138216929,5651563586.506439,1099324059.7991838
2022-11-26,74.03599184673999,5307347294.260023,1001025245.3767524
2022-11-27,76.34285497187716,5468593368.990529,852806768.4751929
2022-11-28,75.0120927452128,5377060978.484422,684538956.7139164
2022-11-29,74.16045728590008,5317738971.52044,918553320.2228844
2022-11-30,75.98352249856254,5468893263.61905,821050361.074374
2022-12-01,79.34368748415858,5715045823.83227,750148809.1975075
2022-12-02,77.5114337533141,5564606069.386775,684301853.2505013
2022-12-03,78.17862214534081,5593771132.575497,465826213.9514921
2022-12-04,76.63000514317878,5532893871.84004,353639930.9159965
2022-12-05,77.32452875705778,5541128038.93343,334088097.5540264
2022-12-06,80.25674892637498,5764526836.985326,1077961016.6255555
2022-12-07,79.97464735470663,5719789689.319062,602448830.7228184
2022-12-08,77.01833312448589,5540264643.884852,615306133.0426438
2022-12-09,78.50699774900671,5632220918.313187,673164748.1716976
2022-12-10,76.39704910559027,5483135585.940627,490810311.9391588
2022-12-11,76.33636818557171,5480632163.12024,289522782.4782655
2022-12-12,76.60367125185714,5496667033.555096,306658466.9951732
2022-12-13,76.20364583099658,5475952794.699594,488596574.9292319
2022-12-14,77.27061199000913,5557198156.23576,702070992.7248178
2022-12-15,75.46815716615492,5421397700.824716,616806296.8416747
2022-12-16,72.16102150365391,5193733410.244001,465150294.1282236
2022-12-17,66.15662725893038,4738830967.435101,678135313.8080158
2022-12-18,65.05304117471312,4672535923.169461,744894342.1233875
2022-12-19,64.41279332945737,4651380829.452069,367615560.1359698
2022-12-20,63.33441683963422,4565617352.811687,497189802.8607032
2022-12-21,65.69843401378299,4725033513.9213085,526352260.57771176
2022-12-22,65.29725763304589,4691644861.319034,390446191.5202191
2022-12-23,66.1481362525174,4752888488.560825,383009015.434402
2022-12-24,65.77947165467032,4730887378.548766,317713248.2225846
2022-12-25,65.80945823515763,4727659480.162013,183466972.0433859
2022-12-26,69.24995490495829,4971979144.81685,364541550.8302792
2022-12-27,70.51867915141914,5062685167.690076,493702190.4521678
2022-12-28,68.72200099315974,4941955081.543958,465306588.08425874
2022-12-29,66.27645915722096,4766597000.14695,480990365.7907058
2022-12-30,66.73265407429477,4801366820.096773,354956145.4639465
2022-12-31,67.94093637181042,4892375380.535317,348504470.4786424
2023-01-01,69.94656299180124,5044935487.6266165,392606818.6689225
2023-01-02,70.76254511148379,5085704717.232292,365868954.4024547
2023-01-03,74.80552604397208,5402671975.005182,716513068.2499348
2023-01-04,75.63497905947953,5442767786.283273,583931473.8007065
2023-01-05,75.50320045280495,5424934949.187854,584502485.2211019
2023-01-06,74.1609292913179,5343238312.364409,456778568.8175618
2023-01-07,75.98645338414858,5470762166.196138,588419265.2254007
2023-01-08,76.36462490558512,5494916641.781551,344733345.87833047
2023-01-09,77.5111914754281,5564065794.113834,397790375.4716201
2023-01-10,81.76764842597949,5898953185.940933,892417536.1188406
2023-01-11,80.82184246408968,5818365995.127759,625840487.0282551
2023-01-12,84.40356860873136,6066667562.00948,713161752.1842259
2023-01-13,85.94019666166511,6195785661.364764,1016633573.357761
2023-01-14,86.43957194320865,6218154640.207044,755466357.0884287
2023-01-15,87.59572979350523,6327304069.914814,1307463071.0427835
2023-01-16,87.26272808991853,6289653588.125069,574298821.4576117
2023-01-17,85.77920628447862,6177377858.982698,667289823.9710304
2023-01-18,87.19586026714069,6268273858.518424,709427275.4596727
2023-01-19,82.86505419180723,5979086942.812031,775894311.4650375
2023-01-20,84.17901540614851,6070499480.895799,472585076.4345888
2023-01-21,90.61230269240818,6545927470.230561,651888250.0420978
2023-01-22,87.97915901830183,6365542864.689391,688622793.1964893
2023-01-23,87.66031712090678,6321618689.940053,542779706.4021922
2023-01-24,90.18797883862436,6499766377.444882,697998281.4720387
2023-01-25,87.18996220011184,6277599169.800346,506719213.5666232
2023-01-26,89.61990765796676,6453728611.979287,503904018.2459658
2023-01-27,87.530362534028,6321330923.543332,529624444.7454207
2023-01-28,88.868572535316,6411922062.142031,460938919.44289154
2023-01-29,89.65820413215734,6441319216.207349,424439231.5120466
2023-01-30,95.04639263024244,6865495599.102029,1194301591.0455596
2023-01-31,91.44280837997484,6570341603.318204,758177840.1981457
2023-02-01,94.40388194820532,6817827465.647194,901755417.8536851
2023-02-02,100.52657483037224,7251965131.798842,1165381338.9530888
2023-02-03,98.97460830274356,7152077139.22119,764986568.2063903
2023-02-04,99.91990217255156,7226662576.165048,646115539.6388626
2023-02-05,98.51077897592803,7129017054.26823,442479794.20932615
2023-02-06,96.433244394882,6961623997.709831,515392585.6672677
2023-02-07,96.1139104393673,6931704156.104501,473551612.65356654
2023-02-08,100.98797690348648,7309801508.775704,758187250.304209
2023-02-09,99.23687099568517,7170479471.3350725,648409920.9821538
2023-02-10,92.11777021748064,6651133027.622342,941546012.8703182
2023-02-11,93.46371006314656,6752941917.309615,700774345.3463019
2023-02-12,94.51357413888664,6830493379.367064,440384874.8847424
2023-02-13,92.31567328380906,6672220826.964396,397390627.8483459
2023-02-14,91.21046775415012,6587497173.638733,756946798.3938984
2023-02-15,95.64563040377853,6910404875.000352,660935177.8127768
2023-02-16,102.83223626582932,7422396329.232447,818639921.7844034
2023-02-17,99.2600697749166,7173481331.058722,814664759.3323121
2023-02-18,100.41151129314852,7261915035.602173,805649906.7449956
2023-02-19,99.6945112094221,7208394509.251699,661923877.8308074
2023-02-20,97.45735174181029,7067878160.706563,589805330.0159425
2023-02-21,95.91104690828334,6929598953.612201,906826217.391032
2023-02-22,93.6949082804228,6764816732.623788,780720670.1524998
2023-02-23,95.05692004283767,6876243711.456723,757616962.9849399
2023-02-24,94.7636552916828,6840713416.287427,533091830.1124328
2023-02-25,91.52889246182517,6625582895.875987,502215123.4852322
2023-02-26,93.16976646609972,6747966213.675222,436380370.77182174
2023-02-27,95.17205213506092,6890752614.695298,401183564.0874107
2023-02-28,94.03570721690784,6809480415.707405,438749637.9849197
2023-03-01,93.73046914547756,6771528857.874855,426852107.5478518
2023-03-02,97.7762737272192,7080227569.888726,558455261.57109
2023-03-03,95.277902693291,6897806522.383258,497328067.8448676
2023-03-04,90.57634954152962,6556118053.165364,700671966.7408128
2023-03-05,89.2920078043364,6460522635.509425,356142562.6462949
2023-03-06,89.98197629869014,6508076597.221751,339580674.0939494
2023-03-07,87.41085201395951,6326379895.454934,509655232.42937326
2023-03-08,86.36179736748228,6240122255.010752,554658678.6936619
2023-03-09,82.83407972046909,6016699008.503209,517823112.5581758
2023-03-10,76.70611602901657,5546208841.346763,728020192.6077805
2023-03-11,71.76192546418098,5206902438.768539,1111620949.4712052
2023-03-12,69.29409126312531,4997759498.555117,1157152710.665337
2023-03-13,76.09166315757737,5498982353.009049,861329606.3892223
2023-03-14,81.69940683741116,5925182832.084372,1508823435.612128
2023-03-15,84.33640495998216,6134642212.782551,965041163.0613216
2023-03-16,76.60566419826178,5548847719.175217,891315313.1610636
2023-03-17,79.4278327974776,5767644685.885365,607699772.1139194
2023-03-18,85.60417146063327,6184452955.777691,696702247.2474911
2023-03-19,83.34192655172772,6024350467.809231,710145092.3600591
2023-03-20,85.01609331114764,6189066427.965131,551913905.2870497
2023-03-21,78.64575834452634,5716160613.366946,669354486.3817476
2023-03-22,82.97827501987076,6014515508.07291,578120962.0363922
2023-03-23,87.8623270363498,6369726692.521464,1073781810.6452906
2023-03-24,94.12305908106812,6806935522.396294,1066675261.543273
2023-03-25,93.57885736564651,6801777109.118528,1083559164.8342705
2023-03-26,92.04029877540782,6679568261.288129,675426904.4446232
2023-03-27,93.5875091428936,6807326099.344553,658758732.2955722
2023-03-28,89.42862556043129,6479374450.186049,622403495.0094712
2023-03-29,89.22972699290226,6476470385.979676,635064210.5101713
2023-03-30,91.45979931591305,6635043826.90929,591449142.1362896
2023-03-31,89.11524107886802,6461977207.041185,645592544.9720194
2023-04-01,89.71019716218944,6521042696.986031,454574377.289526
2023-04-02,92.68151186487864,6733719657.632175,634242629.9278827
2023-04-03,93.1211396776225,6761846007.803535,582729766.7602398
2023-04-04,93.02908198570546,6772692904.927617,763903957.6090839
2023-04-05,92.5314395033191,6717669062.294881,487215348.3926864
2023-04-06,92.6865177570662,6734473838.801577,580032753.9030148
2023-04-07,90.9201431686549,6607090347.092246,422657972.0262233
2023-04-08,90.6038794614108,6582863767.82106,368224075.37532574
2023-04-09,90.00225888872436,6548626468.010949,355830883.01659787
2023-04-10,90.67769157791328,6594419486.913172,345416673.18607044
2023-04-11,93.83375657223944,6827359570.214165,540016856.2396216
2023-04-12,94.23711114152864,6845490745.410568,638006797.3071901
2023-04-13,92.16385143395844,6708437560.006492,590938072.2153661
2023-04-14,94.245149269829,6847116785.7617445,499365713.57608193
2023-04-15,96.3764335689114,7008366760.796881,811440882.7470376
2023-04-16,96.84759043213948,7051092680.019049,411960403.1805071
2023-04-17,100.21872295800064,7283209648.590668,774616025.8617989
2023-04-18,98.6793022388211,7166634167.244257,672641764.7798688
2023-04-19,101.8197244165792,7406400941.449912,683306927.4022704
2023-04-20,90.13801930693442,6562601343.698442,931659227.5889512
2023-04-21,90.23410338576372,6559647088.7894125,751894046.1407697
2023-04-22,85.47800706918825,6219487302.05473,642267569.1550876
2023-04-23,87.15628013678875,6343229570.971656,359742750.44721204
2023-04-24,86.87942920006736,6314904089.880809,370807139.74428326
2023-04-25,88.37490291537239,6437871832.18179,526411431.9025736
2023-04-26,91.2326877466548,6632435525.741364,619853760.2725803
2023-04-27,88.10376390774525,6411631789.875322,784021557.5185395
2023-04-28,89.70582033716799,6525091037.856473,1184528816.82757
2023-04-29,89.70768558994048,6533495262.264214,399484803.5466572
2023-04-30,90.99682967799048,6626734446.964801,317673030.9236653
2023-05-01,88.72357862872494,6463261911.260872,337656729.3947045
2023-05-02,86.7602578182525,6312960585.160848,468021054.8187016
2023-05-03,88.31482725887099,6429515649.000101,395779740.70693606
2023-05-04,88.79402358423104,6464190195.266466,462830465.362728
2023-05-05,88.49292176589871,6451113671.021365,298992289.18178385
2023-05-06,88.70198867395179,6468403353.365086,400542487.53255177
2023-05-07,83.48702378343111,6076180090.397867,606010674.1128483
2023-05-08,83.82330610080038,6098941070.358689,337948117.7363971
2023-05-09,77.880956795306,5674749049.835643,742434140.8504282
2023-05-10,79.90653486643808,5825752953.522393,479198117.1023671
2023-05-11,81.14101977100839,5912695277.472594,583912361.5843481
2023-05-12,81.14784427446966,5896694984.72693,621320389.2709588
2023-05-13,80.56664452584604,5874387030.902668,553394526.0712148
2023-05-14,80.20833667291856,5857287637.756447,302597796.2123638
2023-05-15,83.35607075753119,6078720373.508361,413559473.734012
2023-05-16,87.16718796181868,6363777766.103566,843612280.3131028
2023-05-17,90.01123284147575,6572705511.421426,893622008.5560278
2023-05-18,93.78263054976917,6847022231.54807,1113068092.1404886
2023-05-19,90.5112817899543,6616126091.256747,684657004.446565
2023-05-20,91.75088123891187,6695924471.481844,591249665.3640682
2023-05-21,92.29702376838286,6734871525.908334,319258521.6188254
2023-05-22,92.34445487217688,6742695284.750363,391870823.4290872
2023-05-23,90.84432192601766,6630108064.560425,420368979.4010179
2023-05-24,91.65530565048434,6685390204.975618,405264406.9780508
2023-05-25,85.99243103695191,6289376593.411084,844848512.8579224
2023-05-26,86.52145051886268,6302007214.793981,663443150.9400694
2023-05-27,87.22143317339614,6364807093.73053,620061069.8305258
2023-05-28,88.57075731062847,6465963300.93987,415935581.2882664
2023-05-29,91.55658763308094,6690577645.313841,552791933.1502072
2023-05-30,90.96051451603776,6646116702.466727,428503707.830982
2023-05-31,92.32631297902311,6739554549.5599785,479768164.128524
2023-06-01,90.62986947856317,6622747030.394531,565956357.1470588
2023-06-02,93.95484073541274,6860550498.174175,1044568237.713101
2023-06-03,95.38802715025643,6972651233.788233,762227004.1644586
2023-06-04,95.92276998206682,7011448218.671652,1426559318.408114
2023-06-05,94.33437773316015,6907416255.543384,6427943230.219169
2023-06-06,87.9297214896363,6429586204.016546,971842530.1160512
2023-06-07,90.86149323993764,6636326316.849116,679258512.5916731
2023-06-08,88.85126497106056,6492277830.374296,571983245.1955197
2023-06-09,88.46009852100552,6468109131.689234,374212045.018494
2023-06-10,89.14363098430952,6511402969.522163,413318405.7352429
2023-06-11,77.34095836069854,5660930950.340992,1268356473.3322015
2023-06-12,77.61883106143392,5673912254.886161,459311154.2831526
2023-06-13,77.58700823632584,5674590336.291373,472462474.91633385
2023-06-14,77.33285103848912,5652864555.503447,445661532.4758598
2023-06-15,73.14853931172605,5353315461.754756,497673271.8372868
2023-06-16,74.45109550645611,5443257521.138229,410245725.18820703
2023-06-17,76.02966815027389,5560023225.238444,360183699.6018262
2023-06-18,76.79720417240186,5620075408.706524,274612294.70485234
2023-06-19,77.12473118289505,5643524048.088004,261063363.4034534
2023-06-20,77.37016889500566,5661405072.7182455,260033664.79317445
2023-06-21,80.4202991576249,5871553164.0401945,402976758.726326
2023-06-22,85.19029913244927,6229799113.603579,757127509.3467805
2023-06-23,86.11576831171845,6300886441.897194,584692457.8369169
2023-06-24,91.1023393394892,6667309534.910794,738795718.4279305
2023-06-25,89.53494263364367,6551549785.14716,643608881.6352775
2023-06-26,88.20926185045415,6452389651.738883,463494457.8643504
2023-06-27,87.2428616034886,6375912519.726972,537323741.3666562
2023-06-28,87.97124299438428,6440095770.697444,404700854.6556445
2023-06-29,83.09066613995722,6090591701.852871,516935562.13846
2023-06-30,84.85572959863613,6216073622.18293,362113142.264163
2023-07-01,107.96216790180311,7898586033.718159,3311758400.5986724
2023-07-02,107.11627250917628,7806662545.674399,1792544277.8253238
2023-07-03,113.16618113820594,8293907177.649132,1755354196.2871687
2023-07-04,106.71003306247722,7817694239.119114,1116931466.5828547
2023-07-05,104.85346360118298,7725148136.876751,762246260.324601
2023-07-06,102.61181939955442,7537723850.102127,1770959375.3604088
2023-07-07,95.7273645926478,7029669502.860462,2025976076.642092
2023-07-08,98.15128945261372,7187472863.235257,1797239546.5209708
2023-07-09,97.84223766153691,7176693372.889008,1096104130.0095284
2023-07-10,95.23888151550278,6984299389.777212,617661128.0181886
2023-07-11,96.68757534145108,7083219740.8551855,1297261551.6356838
2023-07-12,96.8236888507122,7100667449.486484,978021850.3888324
2023-07-13,96.40213440964553,7070170253.25194,799454763.4941199
2023-07-14,101.7197693421679,7452474406.529495,2008982216.199623
2023-07-15,94.89394004619244,6947916221.971359,1694203691.6843348
2023-07-16,94.71948998071656,6947465306.063333,628812856.5723193
2023-07-17,92.77992474744067,6801570882.352193,561081349.8465809
2023-07-18,92.2768192686846,6770123658.118758,907554886.3213956
2023-07-19,91.4701662643582,6707127910.491501,729791087.8184167
2023-07-20,92.19319962899404,6763552307.404192,706868382.848693
2023-07-21,92.31318024793325,6784481630.954276,871573483.2879202
2023-07-22,94.02981109101805,6899920317.255177,670993063.19064
2023-07-23,91.85135193350833,6731438296.412423,653180952.5388396
2023-07-24,93.12251956008376,6834328205.808162,544133078.0254151
2023-07-25,89.18416546665846,6546088292.883008,931454213.8966244
2023-07-26,89.46837675509562,6568808348.940412,580236656.4490404
2023-07-27,90.68455586633748,6658253026.23805,628738993.7097741
2023-07-28,90.40984042897168,6636877582.805502,595144293.3387749
2023-07-29,91.49610052815916,6721560924.332996,456503420.1535596
2023-07-30,94.52067129974304,6933055184.174461,501049778.0411614
2023-07-31,94.15969477869632,6916100635.765473,1203063739.7392032
2023-08-01,92.3193806864746,6775825683.396544,815760612.162505
2023-08-02,93.63556992352052,6887930212.71949,1226474181.9174674
2023-08-03,87.37000670203481,6423759467.4966135,1343088131.8480926
2023-08-04,82.79542073454293,6096065124.177359,906334883.8847512
2023-08-05,82.12095948348781,6032103585.017766,836249387.0395079
2023-08-06,83.07877420646766,6107062988.746299,334021571.6287143
2023-08-07,82.39249823259077,6056808305.61896,328454882.41201854
2023-08-08,82.31816552422347,6049692621.686927,499355743.1493427
2023-08-09,83.95506710454288,6174664961.617772,603103458.5085845
2023-08-10,84.07503452840432,6180421529.681709,373938930.0313933
2023-08-11,83.03201002340764,6104787488.877308,323247965.57746017
2023-08-12,83.50800894750988,6138730765.063747,243447161.8113831
2023-08-13,83.39957478408667,6132641560.695079,214995255.06591564
2023-08-14,81.94622927942365,6026113242.407311,404198312.4566496
2023-08-15,82.04349720220276,6034074000.632143,316194399.5737181
2023-08-16,79.25527554620012,5829925342.036408,570126358.9822981
2023-08-17,74.44278334002308,5476778754.594151,901025298.623682
2023-08-18,64.66428652341747,4758040580.856329,1128828727.3595483
2023-08-19,64.0770042901764,4711720091.350384,1018612219.6014794
2023-08-20,64.10082944905238,4715522551.675164,432610414.407922
2023-08-21,65.15540706375718,4789335119.227522,352933057.63975173
2023-08-22,66.91679140457396,4924030956.479751,695246949.7000614
2023-08-23,64.92407945763054,4773207767.859167,538005351.7107873
2023-08-24,65.59275977438531,4822188739.090164,412571636.940912
2023-08-25,64.8725131979753,4767375805.061417,286648484.4045818
2023-08-26,65.10937968968469,4788913832.071555,370499525.5483972
2023-08-27,64.98544301974408,4780093439.507658,212851402.096587
2023-08-28,65.34144709918547,4806768363.42498,218584821.16440305
2023-08-29,65.54255483630202,4826747256.012965,249470010.3113489
2023-08-30,68.90290084500721,5063202536.740737,778206965.7728212
2023-08-31,67.64573500244671,4980252698.138117,373476175.2923194
2023-09-01,63.86490797967355,4701515303.330284,514663716.73631305
2023-09-02,63.00429988008865,4637288939.015059,398079600.1349319
2023-09-03,64.52307862547788,4749263189.6614485,252948020.0994026
2023-09-04,63.900598189666944,4705136874.100312,264517585.4908432
2023-09-05,63.710084286047625,4685952566.012751,311764159.0085726
2023-09-06,63.09071044841193,4643313122.02,303886702.6009808
2023-09-07,62.84328170935203,4623882562.375579,324794033.5326658
2023-09-08,63.586411792250495,4679036377.602313,250932495.26611817
2023-09-09,62.59378505332212,4606721483.946184,247740765.47987783
2023-09-10,63.05758763752314,4644027860.435781,155273606.1917764
2023-09-11,61.11226990392433,4501330206.833227,333164593.11987525
2023-09-12,58.76360823738257,4325541831.329628,451112137.1847691
2023-09-13,60.03242103024329,4420543222.503877,488310323.98230207
2023-09-14,62.0032144414384,4563849533.715795,472615566.95348257
2023-09-15,62.72099454597096,4622450602.001638,378245166.69345886
2023-09-16,65.96598093207416,4854530378.688071,398146736.4001425
2023-09-17,65.27979050105786,4805596311.373602,316818115.353809
2023-09-18,63.54301288934465,4677079535.983928,303102667.83217764
2023-09-19,65.84643126407673,4853161659.511252,668264084.4685023
2023-09-20,67.34016516524049,4962303480.862599,476703675.5156584
2023-09-21,64.5161545100717,4758647628.303387,618732984.6784153
2023-09-22,64.65792094851744,4764554455.844456,350033256.5333092
2023-09-23,64.31770800409913,4739531441.857332,381884948.21118826
2023-09-24,65.0800743925334,4792450810.257706,347600737.96282065
2023-09-25,63.56909699482437,4684435887.036592,167537654.2118382
2023-09-26,64.3164124617065,4738063420.242137,195778747.1447936
2023-09-27,63.71770657750385,4698154869.710504,244084769.5252516
2023-09-28,63.46746062363989,4676629102.783697,231594052.72436357
2023-09-29,65.20491207738891,4807704710.610648,312593321.4095741
2023-09-30,65.63606957587774,4838453161.150652,368757196.8872593
2023-10-01,66.02306624425727,4868862373.473626,224929147.0305017
2023-10-02,68.27569540159247,5031762530.597227,402716365.3238177
2023-10-03,66.0926588480067,4870757200.029851,509712197.58701867
2023-10-04,65.45532396088964,4831567896.922955,287070914.9482702
2023-10-05,64.44513020928498,4751471311.627328,236067117.0282305
2023-10-06,64.89540733067264,4785842531.098393,227014383.64699396
2023-10-07,65.52551861859028,4831021488.82882,260330902.4858656
2023-10-08,65.492643670731,4826159992.417433,224586883.3654201
2023-10-09,65.40043423324835,4821044121.575468,245682602.20436013
2023-10-10,63.12544618829874,4653476027.327778,249184257.01372224
2023-10-11,63.64068341854039,4696779676.625671,177422306.23445332
2023-10-12,61.465642496188586,4532938554.602818,210210214.14261115
2023-10-13,61.06612373717897,4506648436.075929,244639747.34694096
2023-10-14,61.54999736682404,4538642906.337804,341935319.4899729
2023-10-15,61.619642773145536,4551695108.888388,151107724.54728135
2023-10-16,61.61538771703059,4546021198.691085,184054296.17215347
2023-10-17,63.28632697085658,4673877342.923979,555010670.945866
2023-10-18,62.15995715549556,4586422722.862141,274427941.9715319
2023-10-19,60.20006125482595,4440506077.032258,267637277.5212071
2023-10-20,61.80389094035343,4559091057.912808,286401228.26446295
2023-10-21,63.37335361336831,4675979408.510467,397411636.5870004
2023-10-22,64.7240612020387,4776442044.49904,305150717.59704953
2023-10-23,65.29181072459876,4757208036.836874,473553081.1137956
2023-10-24,68.9770232226695,5078185318.798419,704149731.81683
2023-10-25,69.03892886549183,5094529671.897762,894624489.4455749
2023-10-26,68.67690695587223,5068995753.157097,517806660.0586327
2023-10-27,68.92849237907406,5089067828.997032,596392501.9475895
2023-10-28,67.07594584615224,4953609466.223629,394622763.72248816
2023-10-29,67.75674074901141,5002671585.649839,365518780.1713986
2023-10-30,68.83186537748878,5079586533.983338,279868485.28426296
2023-10-31,69.23738187420952,5108437467.085133,361205540.102601
2023-11-01,68.9967869224727,5084259040.422232,503629110.7837972
2023-11-02,69.92661576963249,5161490755.021948,607865207.7660273
2023-11-03,69.45924823035604,5131237139.905538,589969365.676513
2023-11-04,69.50143063484983,5131786063.52556,321310809.11696386
2023-11-05,70.40177531444414,5214052507.048122,283962685.07493204
2023-11-06,71.65008656708231,5281872254.735786,577045956.1868811
2023-11-07,74.43561538180448,5496867434.946247,470371564.5669671
2023-11-08,73.50909520868773,5426286390.20404,614510790.1278034
2023-11-09,73.14350173662595,5407224054.146692,437006835.3297185
2023-11-10,73.64998528363532,5437138412.897953,1099096122.0054052
2023-11-11,73.24239146504773,5415164859.469596,667427291.0906253
2023-11-12,75.17308406764352,5543401320.392773,511003410.2570602
2023-11-13,74.980105644013,5541198644.121602,490708836.0135083
2023-11-14,71.5904996202122,5294821922.340998,606071131.6699353
2023-11-15,70.6855846130071,5222928039.064661,608701518.5641217
2023-11-16,74.1316033236631,5475186395.608882,538433375.0085295
2023-11-17,71.24815321738458,5258386733.090936,538991115.7385234
2023-11-18,70.02991384814824,5184503988.307194,704585988.1205639
2023-11-19,69.83601767163363,5160300125.264382,311716239.5860951
2023-11-20,70.56643271495764,5218179762.629611,266488026.42212403
2023-11-21,69.40081105550115,5126668919.617342,350740831.27649057
2023-11-22,66.64090370509105,4921324640.308504,573850227.2348051
2023-11-23,68.68503612883687,5075128657.368101,345981343.7351562
2023-11-24,69.46979877715852,5133955155.661965,395695024.98160976
2023-11-25,70.69902206871227,5224619694.414756,414818601.9799728
2023-11-26,71.79099446092988,5307842012.627037,235662461.609315
2023-11-27,70.04156114751439,5176786804.986144,252959481.42257223
2023-11-28,69.31763401663152,5119693621.582913,325905986.758976
2023-11-29,69.7373348772548,5149748530.990596,460277020.80708337
2023-11-30,69.91133528490234,5174621292.447977,282364846.6681611
2023-12-01,69.42175488866778,5133822880.124446,233388701.3636628
2023-12-02,71.54177398728469,5286470112.159724,450623953.0197382
2023-12-03,72.27661454778801,5342964610.575809,267938989.23774543
2023-12-04,72.19585982198642,5342195851.256093,290471216.13404524
2023-12-05,72.83786778968658,5380429303.53484,866077394.09588
2023-12-06,74.26538438931587,5490870839.204504,652147684.1642855
2023-12-07,72.38110444241093,5362310740.176951,585490937.4718279
2023-12-08,74.04042407372671,5483162058.743094,541274755.9360881
2023-12-09,78.48228392366337,5794077661.209279,772525153.5910528
2023-12-10,76.34166873836266,5641240394.669103,805511498.792086
2023-12-11,77.15956968399107,5707359761.312449,532902014.9679333
2023-12-12,72.58855441341714,5366822921.347061,583765857.3658507
2023-12-13,72.52315965301884,5372620094.456242,433435908.5262912
2023-12-14,73.22055800321229,5416002322.31592,590130444.7531538
2023-12-15,72.96444490034149,5398240020.962074,520995674.20627886
2023-12-16,70.89607503837146,5252752225.072502,265442937.6809371
2023-12-17,72.16105570955483,5330673469.888204,210856343.15949872
2023-12-18,71.22135038719509,5263439040.620238,470127627.4350088
2023-12-19,70.79553348002551,5233747044.953828,500856990.2791704
2023-12-20,70.44355683044874,5212482828.7862,471317720.4989867
2023-12-21,69.83232466193026,5170784460.053506,639297297.8294548
2023-12-22,70.87067706414115,5245397593.668644,327646394.9137667
2023-12-23,73.73989346501787,5463394773.612973,358829781.0953834
2023-12-24,72.53376641441827,5374798563.815908,457767117.9031417
2023-12-25,71.11628240082169,5270420272.280851,492957937.2309008
2023-12-26,72.2092869640626,5347822297.035611,418467168.11528194
2023-12-27,73.10684348239919,5426349899.597273,870118905.1417716
2023-12-28,75.74783827967272,5599749827.913286,935841387.41098
2023-12-29,76.43365863157867,5696683795.79708,1228376951.9431157
2023-12-30,73.29283900002382,5410744309.394425,1039211743.71802
2023-12-31,73.3280042659127,5427795294.862725,524080794.4603078
2024-01-01,72.86092845979027,5401357822.300323,480206749.2410252
2024-01-02,75.0383566272283,5548133973.779868,399794519.6681477
2024-01-03,73.00601298431425,5399868041.606695,699527490.373304
2024-01-04,65.26754172077203,4822682488.429098,800285097.1324649
2024-01-05,66.4768356397964,4923856157.518397,948211975.5110592
2024-01-06,66.0222658414813,4879889050.19392,921345199.0583284
2024-01-07,65.79111695967161,4868934477.669796,528072257.0560069
2024-01-08,64.14928579252484,4727259107.834763,436979079.678608
2024-01-09,67.73895252864475,5027321735.714736,1106676553.993164
2024-01-10,66.77480484278651,4954036875.371928,1070750715.733018
2024-01-11,69.95025213212057,5166777290.517014,1116773644.2990854
2024-01-12,71.87562575953167,5328357594.313728,1445762707.247845
2024-01-13,73.09047200904168,5403566765.91124,2070512625.6184013
2024-01-14,71.89610359890604,5323288505.651907,788564782.0347856
2024-01-15,69.72856899534354,5200222769.083886,550025342.3529441
2024-01-16,69.43887194772924,5148230334.59879,461210241.7935399
2024-01-17,69.55353745186962,5154587712.343303,610843938.2411066
2024-01-18,69.39108656323525,5140109723.57186,480668917.84241694
2024-01-19,67.91950554087074,5035439628.1905365,443803312.1247718
2024-01-20,71.14433649125357,5267381366.480915,509042579.1171549
2024-01-21,71.22588532225997,5285267721.611482,363534738.949551
2024-01-22,71.57115369128836,5310003477.008787,225681400.30026877
2024-01-23,67.12833614399263,4979389982.248383,487697267.8848677
2024-01-24,65.51200592935827,4850245436.7800045,424498991.3107789
2024-01-25,66.24500092213736,4913103082.012952,264869041.121524
2024-01-26,65.53704301964605,4861086121.593051,221765590.66013604
2024-01-27,67.0274925169401,4963798557.675024,231208808.1748663
2024-01-28,68.0816430899517,5048620794.957146,199700815.2009918
2024-01-29,68.41132305545842,5071633374.996552,225392139.88964295
2024-01-30,68.46872870265943,5078074484.99053,268944071.2057948
2024-01-31,67.47840360037264,4998127027.322125,226525649.84801203
2024-02-01,66.71784116314024,4950352702.507542,349028953.716598
2024-02-02,67.48902123479638,5004934484.133781,223331900.15960824
2024-02-03,68.0046548405212,5043892469.672248,178461631.64812958
2024-02-04,68.76713420582229,5097281537.544705,174135498.6529992
2024-02-05,66.90125491153876,4958708658.922335,197559623.3774685
2024-02-06,67.60229065530639,5015183740.326984,189685529.55089492
2024-02-07,68.33098595801714,5067780910.811556,207363834.5811951
2024-02-08,68.55341612686139,5088272793.442167,223943875.88109228
2024-02-09,70.47516891041879,5227228408.605743,257711959.4191262
2024-02-10,70.7004800384364,5247576311.266857,402399448.0055264
2024-02-11,70.7534072018811,5250317663.3175125,209599169.20605445
2024-02-12,71.51322889137052,5306567003.277481,309995539.48722464
2024-02-13,72.92847439830649,5409967858.971049,286717695.8267817
2024-02-14,69.07706549821785,5122191858.607799,500809112.6441459
2024-02-15,69.88077930529877,5188644117.585036,452502895.3235914
2024-02-16,69.80232517823738,5182698734.572144,404201815.8572604
2024-02-17,70.58251832160894,5239928367.457791,307822935.60563004
2024-02-18,69.93288651785639,5194034645.038231,243232367.75448647
2024-02-19,70.74010375602555,5252320498.68774,235742442.1292502
2024-02-20,71.33334052280433,5293284804.528959,292561297.93596643
2024-02-21,69.67739939510282,5173689637.570399,391359958.93202025
2024-02-22,68.98702481233468,5131464742.814855,279549781.69567865
2024-02-23,68.81340918542222,5108054127.794924,313639624.1306681
2024-02-24,68.77421435668461,5116733779.473333,241722790.1312948
2024-02-25,70.37263846652533,5224788902.588756,231069667.86116084
2024-02-26,70.09249897156752,5205002080.703261,206814179.26003143
2024-02-27,71.96382308756327,5346288671.432918,383971537.5543273
2024-02-28,74.0325202753105,5496110590.258895,682201410.8641719
2024-02-29,74.7527859694335,5553466087.807912,819838662.8833617
2024-03-01,80.01043622372968,5951616989.722808,1143357948.661211
2024-03-02,84.95525724167953,6308722696.65632,708292369.2792628
2024-03-03,94.32983616333166,6993205016.557707,1141063217.7828164
2024-03-04,90.67959154783652,6727851263.359789,770642305.2207614
2024-03-05,88.96659448398458,6589805899.871754,892689954.3083882
2024-03-06,82.42212247970396,6127337298.149032,1513691826.374956
2024-03-07,85.74459331893243,6358404424.615181,805283597.6596849
2024-03-08,88.18822550175344,6560663548.684298,684615738.1196915
2024-03-09,88.36237127413766,6557832459.910658,766720679.5219233
2024-03-10,90.95049722612212,6757267715.955829,558824359.6193491
2024-03-11,87.52017000491257,6499637023.192966,457742062.03777945
2024-03-12,103.82468188562274,7707762405.770531,1765546067.9598658
2024-03-13,97.44034055347396,7239729392.076378,1303994215.6731791
2024-03-14,97.21164901454551,7222716313.509762,724551459.7756089
2024-03-15,94.03854452767864,6987950399.660432,916929899.6782336
2024-03-16,89.76486553796373,6682011461.285324,1031424319.2216415
2024-03-17,83.99030206407656,6240977648.415461,655438702.5232713
2024-03-18,86.00086529234224,6373797992.309857,512966274.00213856
2024-03-19,87.45168658616991,6511862753.598233,597098428.2107277
2024-03-20,78.68667437361543,5858622981.553109,1084761108.456332
2024-03-21,84.79544783736965,6309328537.842362,827602442.5905812
2024-03-22,85.80729538834522,6378323498.887558,632946578.9916024
2024-03-23,83.16237799204237,6173908209.301297,528073622.1248876
2024-03-24,85.62729287535966,6374177294.17589,555002990.196158
2024-03-25,89.78693079077566,6682573368.564005,676716411.0044353
2024-03-26,90.22832162523036,6690513126.303558,684556411.7080748
2024-03-27,95.78752691844736,7118305758.957108,1100173887.7956662
2024-03-28,93.68112404498206,6948486831.905621,1115546137.5363877
2024-03-29,94.16464287098984,7009310462.544462,780023296.7712945
2024-03-30,109.27095373121986,8116584300.997238,2094226669.9208088
2024-03-31,102.9007699984764,7647634410.779986,822177644.8866471
2024-04-01,105.1407022725062,7828375599.158824,714026830.7992877
2024-04-02,99.56578761134146,7418775254.24922,1567400532.380955
2024-04-03,106.93146910446907,7965154560.716358,1882575526.650612
2024-04-04,98.7757549429764,7355963548.795831,1147718000.7235188
2024-04-05,97.86031190066171,7260925333.731827,1094615169.5999258
2024-04-06,98.16818676897142,7306111348.168124,848110111.2218816
2024-04-07,101.24206634675684,7526528372.001522,522299986.6147274
2024-04-08,101.08836290958595,7538898145.753735,613380841.6262674
2024-04-09,103.25068812129108,7687488126.686203,751566388.1701376
2024-04-10,97.58169573584554,7261011677.920147,650380058.9141961
2024-04-11,96.66676744685202,7192859456.091859,633918426.2668246
2024-04-12,98.71139628126684,7353811171.439616,588940281.7450808
2024-04-13,86.29201320505175,6415407534.256528,1153646716.727689
2024-04-14,77.64275062739502,5798901943.140171,1336598212.978453
2024-04-15,79.97270171061317,5959566948.071586,941067578.4587816
2024-04-16,78.11263689456094,5805964000.125174,793465317.172079
2024-04-17,79.80475907006853,5942438795.221166,535739640.0379865
2024-04-18,80.19592503564286,5967959208.027803,460656251.5582116
2024-04-19,80.77397879963627,6016266304.063928,542186891.8297143
2024-04-20,81.06874342707924,6036037606.209964,539267004.0888358
2024-04-21,85.066457277856,6326873920.735473,355517471.3330825
2024-04-22,84.11717269336174,6266076401.923241,295260130.4998544
2024-04-23,85.44039991431802,6362041895.05201,398712507.6368509
2024-04-24,85.12914888557111,6337503893.191123,308527714.64998496
2024-04-25,83.09466284560742,6196284266.589848,546543510.4695091
2024-04-26,83.7966640367802,6242527345.319468,459873311.7286344
2024-04-27,87.98689051365693,6544429058.601588,587244665.8005654
2024-04-28,83.98995856155847,6252553109.461157,434497865.4469258
2024-04-29,83.92753002894067,6250106120.943062,292212427.312472
2024-04-30,83.47487656773569,6221129206.783071,382567733.4305791
2024-05-01,79.54645924893653,5935229748.564649,440859599.6314476
2024-05-02,79.95607170572345,5971375457.909904,498980013.8304704
2024-05-03,80.17051047560923,5968005004.54985,327920420.4644302
2024-05-04,81.86568484770352,6104905808.188126,317519501.218388
2024-05-05,81.68119869653759,6085254194.458589,251710228.9045187
2024-05-06,81.36785310181969,6054973809.379806,270894562.4990768
2024-05-07,80.74231319720806,6015296607.406363,407106572.364864
2024-05-08,80.83406784165759,6032285616.109095,347735975.9341252
2024-05-09,81.62080339062334,6067803734.227643,364785634.9226658
2024-05-10,83.01887130355912,6185532134.065861,303599948.19100386
2024-05-11,80.24464837221446,5982034488.2755375,321976194.05455774
2024-05-12,81.28305778699786,6059792010.568425,243972103.07881564
2024-05-13,81.38035901574813,6061763209.564405,179382833.22248566
2024-05-14,80.5936186692016,6010598258.1824665,340995299.5508445
2024-05-15,78.74817228000498,5871049566.33732,341954720.92251
2024-05-16,82.62358878113895,6167523738.684911,348620612.4860932
2024-05-17,82.45944780166619,6144997602.89867,284404202.65554
2024-05-18,84.17114091758042,6263396864.351418,285007204.18113464
2024-05-19,83.83220408445295,6251412458.010533,202873945.24171683
2024-05-20,82.18361175718049,6123380417.315267,207696404.74313787
2024-05-21,88.56914538228209,6606991706.870276,434332965.8412715
2024-05-22,88.2205474847593,6571814033.352342,568011302.9318179
2024-05-23,85.70837210573465,6393860424.754402,402915304.7633045
2024-05-24,85.42582999561107,6369360199.563853,642996347.5088367
2024-05-25,84.86096701134178,6325660733.493688,404788205.8533146
2024-05-26,84.96013460335033,6326644364.977778,219480686.73082808
2024-05-27,83.91177699766615,6261665239.069057,215431415.38964912
2024-05-28,85.22851422445028,6358495375.181683,294001419.80470914
2024-05-29,83.38534056568965,6225474217.949692,359779083.7012825
2024-05-30,83.50989529605377,6228408582.258084,298908339.24161184
2024-05-31,84.38891869295978,6294215373.664099,371619844.87041485
2024-06-01,83.26221874184027,6214954482.060038,305202726.23553544
2024-06-02,83.41964010445693,6214723345.480783,180124022.1389279
2024-06-03,82.98686276877132,6192221145.2967005,231372042.50960976
2024-06-04,82.8179388029432,6176070012.806066,288382200.49990267
2024-06-05,83.63369237372576,6231374052.658841,302472377.497025
2024-06-06,85.47663016182673,6368853571.307768,290959616.31929857
2024-06-07,84.2006722522679,6283110380.557434,274033080.5790519
2024-06-08,80.10318290815056,5978024759.926908,533827382.3026584
2024-06-09,80.00575016994765,5967556019.2672205,247407552.41846076
2024-06-10,80.5454586828477,6006283304.689888,272647649.5909733
2024-06-11,79.59333585492014,5936465933.637818,319094571.8411051
2024-06-12,77.2525122640677,5768082868.714375,589521939.5705894
2024-06-13,78.42334148174768,5851853925.737273,404967290.29031193
2024-06-14,79.10513435552609,5908442381.889549,365688910.7453657
2024-06-15,77.53192065837783,5787075085.622822,389009437.0482862
2024-06-16,79.19128864243599,5907170839.775339,234514788.75707883
2024-06-17,78.85803609720071,5886905226.444316,195532947.09559256
2024-06-18,76.60945362529897,5714729552.503341,382331912.8960804
2024-06-19,72.56318004267354,5412350985.689942,639998893.6474303
2024-06-20,73.6668207781585,5496315073.9711685,296495508.2940762
2024-06-21,74.69980639579259,5583319500.727882,346496544.3755309
2024-06-22,74.08907207048706,5529917114.700498,384289404.5743917
2024-06-23,74.52984514377889,5564592794.2943535,197460353.5251859
2024-06-24,73.43255316606312,5495754056.584114,213470530.41176504
2024-06-25,69.71853665539683,5206513492.010741,578010805.5914043
2024-06-26,71.36312135702708,5328605003.33227,343163206.0751649
2024-06-27,70.92977107368291,5297002749.045722,285478262.5133993
2024-06-28,73.09734155433804,5455971614.916254,284076640.3905381
2024-06-29,72.77685873137084,5439771345.571148,391474291.92395806
2024-06-30,74.99206733299786,5602984624.625921,303839646.54523915
2024-07-01,75.34021491874661,5616823551.30602,291538540.0921862
2024-07-02,74.33207970682169,5549754857.402683,269031072.088123
2024-07-03,75.85207689193032,5662309340.683269,235848383.3964928
2024-07-04,71.96864475311841,5366324999.94536,417497466.3290696
2024-07-05,65.35718159377404,4891280191.255686,454451575.8984626
2024-07-06,61.9368303262246,4630195645.140654,765468114.7726243
2024-07-07,65.4219603887422,4884009809.359574,270507366.4701018
2024-07-08,61.91646080565474,4614807330.096989,242541788.6922594
2024-07-09,64.85099853545748,4848614357.421299,410091633.0935482
2024-07-10,65.3184506028606,4884498879.545781,224437117.0780533
2024-07-11,66.93290543357557,4997814922.851752,240979934.37449408
2024-07-12,67.46860857975646,5037353797.1797495,265881497.9715092
2024-07-13,69.25963341998808,5179355871.826656,317079252.8489183
2024-07-14,69.75683387896372,5217204402.283881,232550502.72762704
2024-07-15,70.04780808085775,5240478742.814343,227315769.5779483
2024-07-16,72.48998731590693,5420579362.429403,361049630.1711593
2024-07-17,73.22257288019198,5469160144.670064,391740206.5056805
2024-07-18,71.41005276356881,5344906336.983818,297157885.9181604
2024-07-19,71.57967108477185,5351656487.493912,246975004.7490476
2024-07-20,73.46522203294556,5491666827.864826,327115021.09007376
2024-07-21,73.11299913204398,5466876864.765128,202772194.642
2024-07-22,74.05731559777014,5521802622.611995,262458057.13822436
2024-07-23,71.2816170860284,5328135747.18431,473030496.9679559
2024-07-24,72.99225689985545,5459675749.624061,328171213.9041947
2024-07-25,71.22265779490692,5326516140.669076,277210925.318226
2024-07-26,68.83587364839347,5146413976.829229,414364427.2083189
2024-07-27,71.33838458435511,5335359126.132549,247303461.79923487
2024-07-28,71.43344774191617,5342766293.38577,256822221.72583628
2024-07-29,71.16491072583617,5323801122.115883,182946945.17845228
2024-07-30,73.78040822981826,5524784642.354968,545256992.5236167
2024-07-31,71.67320183843522,5362559104.377706,267410001.6718669
2024-08-01,70.21038759372956,5247296956.171549,266242428.5648993
2024-08-02,69.51688952552055,5198621708.010482,365306700.7114091
2024-08-03,64.92621454030873,4857698748.705848,365054603.5223127
2024-08-04,64.55874387841897,4828884493.092069,333814413.5048316
2024-08-05,62.26996392332534,4656400565.850152,303699620.1918826
2024-08-06,56.11578441364304,4207436058.7057858,1229055650.7020445
2024-08-07,58.175426214266906,4355986055.833048,420748183.64071417
2024-08-08,56.01645960946845,4200982051.875452,386779106.2783504
2024-08-09,61.31652990685019,4584708341.988084,316443905.4014337
2024-08-10,60.639310340219,4538485631.4141655,271427368.1349868
2024-08-11,61.17545734282532,4579035840.230345,193593527.55516705
2024-08-12,59.69135985165209,4465736503.500642,252134428.81177548
2024-08-13,61.41426658711615,4598403022.119489,338282020.8762772
2024-08-14,63.41178317001828,4739278515.874597,286016451.4852203
2024-08-15,63.90640796862764,4780211153.647583,297600212.30520594
2024-08-16,65.23660120048154,4880430209.26771,447438826.55711
2024-08-17,66.43203506734483,4971903241.74085,352474965.8741872
2024-08-18,67.5769088316226,5060480548.7756,217760213.16240716
2024-08-19,66.32885660733855,4964593388.435186,239064103.0832572
2024-08-20,66.40958382362982,4971947224.520482,279206434.52670044
2024-08-21,64.46211745888466,4828887039.644424,310637457.35908407
2024-08-22,64.30513998940535,4815687872.0523615,337559044.91357726
2024-08-23,63.814936129928334,4777466737.679406,268735871.5609188
2024-08-24,66.19123638543921,4947461414.345233,297418393.6831596
2024-08-25,66.56987024325865,4977519680.40681,251763651.4307555
2024-08-26,64.76088192072022,4852648300.85006,223893200.19977608
2024-08-27,63.16509887538791,4733160000.650085,250735938.5831755
2024-08-28,60.4209499970027,4525971339.732224,322295392.99828446
2024-08-29,61.76420537944946,4641002863.161651,363715581.633959
2024-08-30,62.43568744822064,4676464532.253995,440922752.0669643
2024-08-31,64.96326290779432,4868004344.891922,370886326.42688936
2024-09-01,65.05260403794101,4873885407.484236,274192102.502648
2024-09-02,63.59357395359987,4757943198.901896,266818466.48156175
2024-09-03,65.22750866611693,4884743753.7220745,299743857.6452468
2024-09-04,64.53799279274536,4839576648.758079,288516064.3935586
2024-09-05,65.4019488731798,4901281500.136407,412771893.1364156
2024-09-06,66.11871076308607,4958505217.875287,574999427.8608699
2024-09-07,63.00112718781179,4724301543.558694,450627645.1594424
2024-09-08,62.0871401433864,4651366148.385701,285095744.62011385
2024-09-09,60.84044222255631,4565505729.941254,316263325.8982148
2024-09-10,61.437610415209,4609593871.852698,433890437.4126782
2024-09-11,61.55995011946728,4614610936.182844,305264963.7566241
2024-09-12,62.13463413601792,4660837812.85575,379150656.7623269
2024-09-13,62.81332005526375,4709960441.335954,289555696.26223147
2024-09-14,64.9637247449191,4871968992.4490185,309787557.7610648
2024-09-15,65.99021255867723,4947581963.068656,292969057.42965657
2024-09-16,63.37723084262069,4753019351.235144,224676330.7754531
2024-09-17,62.53037701540843,4691543204.817837,291059393.0784108
2024-09-18,63.71780354037568,4778915858.138148,306465650.845339
2024-09-19,64.71198311188039,4844385145.381412,358114003.45161897
2024-09-20,65.43731144078264,4906444719.768252,370771389.54859567
2024-09-21,65.22526467740207,4891284287.038788,329342147.65312034
2024-09-22,66.99566140629594,5030776876.442046,237709514.44887257
2024-09-23,68.52245754612473,5139586657.051652,336226477.4620705
2024-09-24,67.04130920570583,5029823224.963313,350732201.56893075
2024-09-25,66.72175221201792,5004083290.643358,308804028.87404954
2024-09-26,66.64582498588712,4997208959.749305,290620405.5497135
2024-09-27,68.46073146299312,5135820850.043318,335196481.8858309
2024-09-28,71.16953181527641,5336389615.644648,396398648.2071664
2024-09-29,70.04731540623827,5255351199.3892565,299584378.43835384
2024-09-30,69.34163165685887,5202809162.35609,245016387.0443037
2024-10-01,66.73510561539003,5007143879.044918,357847247.0434286
2024-10-02,63.39590007456649,4762158373.858957,470613952.3806617
2024-10-03,62.92579535344942,4719166925.708186,348382218.807738
2024-10-04,63.38715150269625,4754544271.0883045,323728955.1949035
2024-10-05,64.95497697781556,4871081498.533391,260735464.0900572
2024-10-06,66.21968705269899,4968811083.0237055,211217202.1104245
2024-10-07,67.03474815129857,5035975638.37672,219412342.24651837
2024-10-08,64.8150717437226,4864895454.817944,345208023.5477757
2024-10-09,65.63756304141515,4930295862.130517,263662451.94989756
2024-10-10,64.52724070362842,4843679894.839893,284937002.969432
2024-10-11,64.20079841251103,4819376066.398003,250447690.1274268
2024-10-12,65.4981703732412,4911876188.449734,243161650.558772
2024-10-13,66.23378927275857,4972942979.32741,175006422.0016205
2024-10-14,64.7006049422069,4855162241.029285,191295997.7855736
2024-10-15,66.79626361652225,5018459859.160983,363616727.2232478
2024-10-16,70.7688808251603,5311008627.818045,838684648.3698812
2024-10-17,70.09348865651621,5258995635.62041,572720427.205923
2024-10-18,72.83184146034205,5472739255.1618,468475030.0872373
2024-10-19,73.23702743661757,5501632053.751709,435975356.9072054
2024-10-20,74.8589836297583,5620919449.969496,296196571.14653635
2024-10-21,74.18193429769839,5570677805.116335,290961247.3847466
2024-10-22,70.72947196526188,5311814094.840172,405192011.714704
2024-10-23,69.84009781025821,5242834973.2169695,499139556.4508705
2024-10-24,70.06745305952005,5264137055.725644,318254182.9239246
2024-10-25,71.0979201676079,5337506585.835342,295981486.8954078
2024-10-26,68.4108217645933,5126557595.340999,392042127.0704098
2024-10-27,68.3734178134213,5136813358.481344,257894078.7786861
2024-10-28,71.03177933863266,5336451562.596539,216656202.75740016
2024-10-29,70.73012562005584,5314964370.799721,327118849.3784811
2024-10-30,74.07890632680119,5566227883.201465,434858056.1149981
2024-10-31,71.83805638438483,5399661903.471302,311390925.5362236
2024-11-01,69.13157676516721,5198342666.26684,358468512.065576
2024-11-02,70.21689500127817,5275839600.750054,385898163.5610809
2024-11-03,69.16545029454562,5197898271.524849,249983694.40668333
2024-11-04,66.93877651681868,5031037642.481672,338164247.0669741
2024-11-05,65.45062792307996,4914360188.903264,309453008.5725578
2024-11-06,65.40701188656351,4918325550.210012,379626041.4299226
2024-11-07,71.0068203142269,5340862259.404869,742947575.0864819
2024-11-08,71.52426321915254,5376791581.755669,439540560.8133198
2024-11-09,72.83170626042516,5475540961.182801,450016926.0725715
2024-11-10,73.94862302993009,5558244315.018158,399814011.1560805
2024-11-11,76.51673978813817,5752732059.283868,994442535.4997482
2024-11-12,80.06727284102335,6010006751.321239,1405432102.6661468
2024-11-13,77.34753191137143,5816475662.087708,1395250846.0378094
2024-11-14,75.46749803535799,5678822316.977296,1069747041.7157078
2024-11-15,82.02181066306547,6153016410.845482,1983513164.090276
2024-11-16,83.59730017018161,6281697807.368672,1329396135.6898131
2024-11-17,95.2142942480468,7141338388.466041,2382512659.3152742
2024-11-18,86.99365894607126,6543912201.382083,1441547646.7620833
2024-11-19,89.18625782909633,6702619718.361265,1391443004.4278932
2024-11-20,86.8346304288408,6530930839.202585,940649182.840408
2024-11-21,83.75376337619583,6303764032.087366,924304441.2368784
2024-11-22,89.48138304479176,6728538802.0838375,1412930943.7451017
2024-11-23,91.93120759357886,6909858487.719377,1190232161.1578104
2024-11-24,99.33830290027802,7464742198.418724,2825510090.3929195
2024-11-25,97.1764692884937,7311679066.453936,1383000916.1436107
2024-11-26,92.31843858851371,6945356277.948728,1110761426.3300807
2024-11-27,92.7654869324501,6975216287.735259,989201182.0040492
2024-11-28,97.33862014602796,7324727134.531925,883950340.5449151
2024-11-29,95.76076941566916,7205320617.954813,648937251.9164367
2024-11-30,103.58478647814664,7792314949.679029,935585575.553091
2024-12-01,102.82295228488404,7738468480.133245,853849658.1086667
2024-12-02,119.58467555234743,8986444359.206976,2109552924.123943
2024-12-03,134.20913087977684,10102037754.45561,5013236898.654988
2024-12-04,132.1686022445804,9961055040.83199,2594607731.4640126
2024-12-05,133.69742144078307,10050300872.897505,2168702077.54412
2024-12-06,136.50322434223267,10281157751.320648,3181235714.911254
2024-12-07,136.1082131017185,10244964126.65671,1581587305.705372
2024-12-08,133.6891071572901,10064180238.108025,1132133542.386161
2024-12-09,135.64579385305427,10196905834.741417,947784186.1101075
2024-12-10,110.7153849650254,8321988565.547869,2219981167.315386
2024-12-11,109.52780789888314,8244650951.103392,2282997923.888873
2024-12-12,117.49408039305506,8859177413.725733,1313954839.848714
2024-12-13,119.14174187444354,8967209755.024439,1492089934.0807328
2024-12-14,123.80170410618784,9318390713.69277,1257179200.9541228
2024-12-15,118.0965115092134,8889782498.875282,880629958.4880161
2024-12-16,121.46336487381318,9157603106.91323,852513221.2566409
2024-12-17,118.36236578354912,8915456070.457767,1263967330.23694
2024-12-18,124.08809983267948,9344979503.82402,1708707125.7267263
2024-12-19,108.97529745760824,8203366608.494297,2009592904.2190387
2024-12-20,99.92342220240585,7546662560.05843,1869546745.67388
2024-12-21,101.32707905001392,7626115263.915875,1533147680.709721
2024-12-22,101.2921357118783,7615584438.302322,944110491.6550468
2024-12-23,99.4739962412289,7502226134.522436,731286819.8941604
2024-12-24,106.29980520657432,8005750889.41707,931460246.3563136
2024-12-25,108.39419540146324,8159129490.286113,667223382.0445887
2024-12-26,109.46769678430594,8248099589.008181,511432711.2880228
2024-12-27,102.09678367230816,7699829577.502784,601234354.9666575
2024-12-28,100.31700076753688,7557837477.48305,554995950.3887242
2024-12-29,100.59713094281878,7582722102.629135,358525023.3534208
2024-12-30,98.32759346687789,7410794630.986561,371855702.9892637
2024-12-31,99.18334064898012,7466098918.490098,601697979.7009829
2025-01-01,103.07745074703192,7749447261.566572,500789099.98986167
2025-01-02,104.61693980490948,7884367228.433755,533964531.24691945
2025-01-03,105.24749444031036,7934038594.696618,647203704.8570777
2025-01-04,112.6653704171721,8495659263.974909,624337240.9559805
2025-01-05,111.24738187091152,8388903522.145354,427383827.49548113
2025-01-06,115.34124143352793,8685690456.397455,474454665.7148407
2025-01-07,113.9944127649714,8589975268.316622,716365141.355269
2025-01-08,102.915582560083,7759242721.338256,845924607.9932389
2025-01-09,101.55524282890082,7674437852.87585,695164076.8276765
2025-01-10,102.24182259588156,7720685112.829337,678325198.2988881
2025-01-11,104.22560157116182,7861861499.187537,554785489.3466994
2025-01-12,104.3821278175827,7875009761.121512,346900184.07292366
2025-01-13,102.32043637084954,7712177305.96467,309513172.3281788
2025-01-14,98.50665313332506,7426935751.828486,664403742.5377736
2025-01-15,102.33668544325782,7717246504.824379,433847872.26822233
2025-01-16,117.94311612647068,8909077782.09427,1064536006.803128
2025-01-17,124.12892675022664,9357960520.867985,2154068140.7810807
2025-01-18,136.85856621907038,10315766716.295992,2009958000.577568
2025-01-19,125.43611048528028,9457624626.216225,1365254611.0025115
2025-01-20,115.89859310601072,8757829496.155046,1549320047.7239826
2025-01-21,117.82699214986472,8895939272.781765,1565153863.8469117
2025-01-22,118.92534450085856,8952896862.859747,1004495177.216956
2025-01-23,115.18818558862664,8689408043.912746,620745639.6288668
2025-01-24,116.45900236514406,8786530875.738415,737789456.2375963
2025-01-25,118.6213653352538,8938388231.332855,1047479011.6794035
2025-01-26,123.90633888365927,9349896199.043173,1211984800.5927386
2025-01-27,117.28627156303418,8874495969.545567,591670612.299069
2025-01-28,114.7856212833532,8651894657.389622,1097796944.388466
2025-01-29,110.1872074830894,8311395322.495497,634238747.9009691
2025-01-30,115.84292822452711,8750715337.529322,705562591.621133
2025-01-31,129.84366772430988,9814440680.173134,1638098869.931678
2025-02-01,128.21183599988407,9677220134.738226,1090761942.081012
2025-02-02,119.29690660995936,9010086521.217093,985191821.3443292
2025-02-03,109.31031015468574,8253963445.639293,1115682065.848884
2025-02-04,106.68160642173407,8048628156.785988,2441705632.2215824
2025-02-05,101.67696315466424,7667727199.205585,1019927047.705358
2025-02-06,103.2990388548491,7793483363.114841,784744222.8815889
2025-02-07,101.47893246342676,7660591955.182887,848255368.6092739
2025-02-08,103.39476312241148,7789871487.642278,799254239.5148337
2025-02-09,104.6172991805904,7901850456.721828,465436098.6891501
2025-02-10,107.73419511788468,8145714681.521402,604525038.778369
2025-02-11,120.05069573017688,9068885036.233105,1438789294.118041
2025-02-12,119.65280378271162,9044861006.116549,1976331648.972956
2025-02-13,121.9946300747546,9203381373.698904,1393788289.7077782
2025-02-14,126.03039210817782,9516394598.803734,1346335690.2246993
2025-02-15,125.21974094167598,9453243856.12257,1455547014.3905914
2025-02-16,133.62168171140846,10093262110.94626,1246273370.8017514
2025-02-17,125.49089944736284,9473784534.412548,1152669037.893838
2025-02-18,122.27490048728195,9242646578.962296,1046680366.2842332
2025-02-19,129.37431812030331,9759044426.385616,1288304876.6470635
2025-02-20,135.0467320134156,10201697688.654856,1692292215.9571495
2025-02-21,130.5637873445115,9864728443.239668,1312322332.732645
2025-02-22,127.76992831353944,9653408110.512217,2093991805.1315832
2025-02-23,126.03619151044622,9530266679.92425,812249063.6396708
2025-02-24,130.10308729876857,9837390278.575289,551614953.6590775
2025-02-25,113.9332495540523,8602007974.028145,1209926327.7844286
2025-02-26,114.76275278676177,8677391811.148994,1537993920.1979632
2025-02-27,125.3799602133524,9549977511.213009,1987251137.1444976
2025-02-28,126.70031771605728,9574416570.22039,1672871343.6116602
2025-03-01,128.03040655443823,9678910951.31067,2054309988.766873
2025-03-02,124.31670036737066,9385225534.229576,788439341.3451804
2025-03-03,127.46719147141572,9619159732.090874,1573373193.6843083
2025-03-04,110.09765258595738,8347231249.451294,1680126249.0425043
2025-03-05,103.50343511026205,7819286761.678856,1617453863.819595
2025-03-06,104.7094659831926,7920491092.289668,750123942.0890497
2025-03-07,103.41902164415296,7811087426.392047,996873641.1899408
2025-03-08,103.43292073503451,7815555720.049919,959354888.940608
2025-03-09,102.3410433650952,7736874853.50443,575717707.3531715
2025-03-10,94.39487281369313,7137231042.32964,724885755.9653066
2025-03-11,87.65780132214545,6643475688.609712,936099212.0300516
2025-03-12,90.4747992641379,6831117142.079481,884268964.2548919
2025-03-13,91.60675995065874,6928566543.411995,571176656.9652631
2025-03-14,87.99132679881963,6652478657.709991,484392096.47551423
2025-03-15,91.3971653027959,6913496982.94947,464639108.0801656
2025-03-16,92.469199705062,6992118226.777757,374852322.4153406
2025-03-17,90.40439571244728,6838393380.831456,386832700.4293623
2025-03-18,92.37546226716412,6984635980.1495695,606313379.2004459
2025-03-19,90.0837145234657,6815219134.146447,478307695.0995585
2025-03-20,94.0422796860704,7112024979.032436,513499374.2912175
2025-03-21,93.30107371605143,7058051159.346518,441823215.1893404
2025-03-22,91.03721767589194,6890031290.214057,375669546.0113553
2025-03-23,91.223451729495,6903426202.030807,243777452.15044507
2025-03-24,91.39870932152722,6911025677.173443,259623484.0977417
2025-03-25,93.60884518810742,7077899326.687746,524551997.2204983
2025-03-26,94.57310196374203,7148968042.653589,397206237.00237614
2025-03-27,92.31003870911086,6983052282.012975,441529794.71764463
2025-03-28,92.8877747770944,7029301529.646742,352618809.26904845
2025-03-29,87.41653156849024,6613738585.018041,492930223.885612
2025-03-30,85.45147530911963,6467602365.668118,376077887.7787591
2025-03-31,85.96234152262682,6499238361.748272,274391027.8807616
2025-04-01,83.04256752728014,6277225216.853542,462268764.4658335
2025-04-02,84.54689935549364,6398779118.594738,322909994.5909921
2025-04-03,81.83281769665525,6196076205.968676,619546608.0311532
2025-04-04,83.38712732801515,6318392549.087218,478963702.1059204
2025-04-05,84.36977604877094,6386009983.670018,400393323.5120247
2025-04-06,82.80492892590036,6257632670.788775,199305234.3509163
2025-04-07,70.34292227007285,5324189101.277505,573321119.5969832
2025-04-08,70.93382299574974,5390826351.377353,971505912.6348518
2025-04-09,68.98458275503194,5223735310.72354,467933315.9819023
2025-04-10,75.99818230182687,5758177768.499896,703818143.4106892
2025-04-11,73.7535696947226,5586167739.826198,397709834.30993646
2025-04-12,76.20087730680858,5768953822.147762,377460234.99181485
2025-04-13,78.6355543978562,5956375644.453023,324742960.39098483
2025-04-14,77.68422193531823,5879656085.2503805,341117324.06776094
2025-04-15,77.10197463364834,5839473626.286347,365700614.2751121
2025-04-16,75.4068649588178,5716629508.599072,293389016.48119324
2025-04-17,74.31575905789768,5628221152.3442135,329901355.6438539
2025-04-18,74.89905687711816,5673941607.193169,284895324.5677437
2025-04-19,75.97759927668527,5756754830.759695,224348134.2578045
2025-04-20,76.14787380731937,5770027864.640295,222707907.499638
2025-04-21,77.76735019741147,5893574369.644207,226606831.6456881
2025-04-22,77.81974930905011,5882844239.931984,380280927.0455519
2025-04-23,83.88538391176314,6358829483.215953,463598615.5846726
2025-04-24,83.13713416252266,6300044839.968603,505566472.52285296
2025-04-25,84.35577146806008,6392700908.619809,371800434.2957994
2025-04-26,86.3975301727394,6547211474.199017,393330066.9945244
2025-04-27,87.03547825518902,6594892212.568686,256842885.77026463
2025-04-28,85.54993622134249,6484002209.92884,248128460.7378457
2025-04-29,85.80852689223472,6506028163.850973,364715075.1949403
2025-04-30,85.42140587808338,6469813938.360179,376160717.1032679
2025-05-01,83.58853028850834,6339006109.880039,358459827.79072464
2025-05-02,89.06217816520171,6760019906.179884,445379918.9981213
2025-05-03,87.89590354214553,6662444106.881845,353537414.85247606
2025-05-04,86.75992413700477,6580336489.894089,222937444.8196496
2025-05-05,85.10902735824925,6445673274.794851,284680222.1799146
2025-05-06,83.41922770063775,6327351259.701665,540852194.8306998
2025-05-07,92.149704659194,6940675018.652119,508437786.4899983
2025-05-08,89.44431346011324,6784143602.9469385,768475916.3019406
2025-05-09,94.6199681155532,7178132057.532496,769057503.5478876
2025-05-10,100.4027132953146,7609502261.904314,823102318.4301258
2025-05-11,105.08748443279636,7962021968.437106,793369162.7198462
2025-05-12,99.92912115652602,7581426650.858248,633852739.5780895
2025-05-13,104.12471184298012,7900124264.268171,842851130.5689031
2025-05-14,103.46894701895069,7849577367.247583,694404890.2372082
2025-05-15,100.97990415152124,7658542652.07769,631142304.9773182
2025-05-16,99.18075221295052,7518517800.930886,605789874.9498819
2025-05-17,99.63092219071704,7560669237.338602,421896098.3740409
2025-05-18,96.34390862139422,7310601408.934316,426859653.1032332
2025-05-19,100.1708246970945,7589514542.616222,491046900.2990731
2025-05-20,98.39236540189734,7465214058.837801,517987884.2077775
2025-05-21,94.26172592286514,7152122191.485927,658402463.043678
2025-05-22,97.38050298004114,7381410256.853267,560929780.9987104
2025-05-23,100.37430739666064,7616964735.323208,691189969.2316314
2025-05-24,95.33939834887626,7233269342.62038,640116441.98797
2025-05-25,95.62898062591697,7257006734.236607,349265346.615201
2025-05-26,95.5960032466726,7255210502.681918,336902519.27228
2025-05-27,94.80730074536368,7194015758.912094,307278487.51358604
2025-05-28,95.87244149694016,7276324350.506904,444463585.518578
2025-05-29,95.34672756591804,7239564580.681049,364860221.01870537
2025-05-30,93.52332776649708,7098968919.692254,489918920.2298521
2025-05-31,85.78549439836341,6508113547.085442,609239603.6433101
2025-06-01,87.30565093932115,6628302688.82252,368570119.9115583
2025-06-02,88.57738602154916,6721420578.166072,250641738.5422009
2025-06-03,89.76662848107492,6817085283.320979,315511863.61539465
2025-06-04,89.64380329685774,6806094942.618612,290415742.2661893
2025-06-05,88.05528756153052,6685240482.053447,283400245.6413148
2025-06-06,83.72290562382351,6353007672.790615,386676782.1473864
2025-06-07,87.2021118142265,6620122726.489575,318815126.9674628
2025-06-08,88.38406876916488,6711959208.3785305,208617335.2493513
2025-06-09,87.23364803920832,6624602689.28179,219145662.11942977
2025-06-10,90.68092170594196,6886795587.116099,363461250.7306723
2025-06-11,93.22402861946684,7081881855.460788,369416831.0986826
2025-06-12,91.54132655406843,6949477372.082107,409401196.86132085
2025-06-13,86.57094135202267,6579438151.485563,328147765.226525
2025-06-14,86.53660834254613,6573069858.771951,453940334.2221392
2025-06-15,85.26561090194515,6477342927.63908,202314467.1718967
2025-06-16,86.27976830121283,6555841563.758017,175003364.64543685
2025-06-17,87.19451377120998,6639220730.506057,312335922.4112181
2025-06-18,84.47351349479052,6419781912.497802,358377214.8113306
2025-06-19,85.02164097820658,6457889898.189958,284249151.7712765
2025-06-20,85.11575131315323,6467861513.700184,245465298.5271009
2025-06-21,82.84950348863147,6294823115.123301,324674722.7285432
2025-06-22,79.71063519990433,6052916511.144345,269408063.97584176
2025-06-23,80.14445130250282,6087863003.938739,419500512.0859814
2025-06-24,85.1379470362546,6471958214.4991255,376105211.29920685
2025-06-25,84.78131261914129,6443683289.6145,266256925.4632128
2025-06-26,84.63828175461558,6432893465.484663,286752018.7354363
2025-06-27,84.33129526621656,6409668188.458929,270977537.0089688
2025-06-28,84.81879055960836,6446632389.262841,248852717.7555219
2025-06-29,86.30182839318583,6560193139.7897215,208705149.1190616
2025-06-30,87.99783679129132,6686508244.213785,205983527.75282255
2025-07-01,86.07485604853117,6547191655.291054,306551522.8350086
2025-07-02,83.19938636182195,6324297489.083169,318807922.2979684
2025-07-03,87.33809900104266,6640004897.569615,397676215.5438186
2025-07-04,88.97662176563378,6764109527.455812,644210977.5204477
2025-07-05,86.87396805743026,6603964044.553598,420436834.5265966
2025-07-06,87.43485192782455,6647967513.736448,205340687.7267358
2025-07-07,87.40380934142549,6647164659.549771,243934336.4882393
2025-07-08,86.07791161720696,6546418316.208922,349545773.35662174
2025-07-09,87.6785589941046,6668042766.496718,290955309.2009851
2025-07-10,90.76133405802098,6906580739.379529,518506626.33160514
2025-07-11,94.67733047780916,7200952614.473861,609325356.616815
2025-07-12,94.21249972458064,7162091747.981659,948875440.3102366
2025-07-13,92.79126145755784,7058212483.875901,513825417.4467952
2025-07-14,94.59945275727615,7191008902.832247,479740256.7984652
2025-07-15,95.48240960812184,7263160205.595168,704156937.2862259
2025-07-16,96.27674433546557,7326368484.526387,681408998.7850418
2025-07-17,97.53897581627878,7420838096.137645,780993823.3962113
2025-07-18,101.8720685747783,7752285652.221782,1154475579.0420003
2025-07-19,101.64061436343908,7729050420.79448,2134956836.9914668
2025-07-20,113.17888001438212,8611988463.605427,1575226182.2894206
2025-07-21,116.81497450474652,8900309742.410622,2116275346.3751287
2025-07-22,115.9569366190881,8825623411.131733,1403856908.257342
2025-07-23,119.08761800919198,9059224362.01262,1441587033.0691776
2025-07-24,112.3185508782886,8553499764.587461,1439880817.143065
2025-07-25,112.31248403318016,8546726640.698375,1022887227.7316972
2025-07-26,113.61874531232598,8645058340.006947,1139720751.536777
2025-07-27,114.00402433286136,8679606135.336102,510456071.33469886
2025-07-28,114.71690082768733,8732379058.074045,564740620.7084485
2025-07-29,108.64321285623063,8267536475.978513,758915782.5431883
2025-07-30,108.51745700935656,8255877804.934135,615564904.1582073
2025-07-31,110.58808015186308,8421261216.24909,764442571.7883196
2025-08-01,106.11412786398522,8078191759.62194,650141710.6155901
2025-08-02,106.64585785576958,8116619389.814827,1108589883.706693
2025-08-03,106.43241232696334,8110244397.046775,883215577.2234467
2025-08-04,110.46941958625,8410556023.245414,582815700.7357017
2025-08-05,121.18423239882743,9224471236.621843,1236473426.2881362
2025-08-06,120.36713881777632,9177654844.878752,1780190786.842012
2025-08-07,119.32744116295628,9088177597.531656,865634239.7743108
2025-08-08,122.56716084446931,9314166968.357698,1098052508.1962397
2025-08-09,123.93437353004454,9445659837.086712,1075043610.619831
2025-08-10,120.50544288308949,9181962713.467182,775086192.8194301
2025-08-11,123.80995049520595,9431277721.722492,844483391.6095089
2025-08-12,120.30862892792014,9164970323.354609,1281509925.743223
2025-08-13,130.79623281126348,9968516391.83088,1293240347.2759202
2025-08-14,130.95841495874757,9974742387.503927,1190160421.7675955
2025-08-15,121.40117693949556,9252721808.175106,1295626245.330474
2025-08-16,118.96186655017937,9062962679.41994,947312344.5928208
2025-08-17,120.8682011273418,9201430256.552608,579493321.443248
2025-08-18,121.09687168371396,9228478128.935282,628767993.6329743
2025-08-19,117.60107139372344,8956045377.321972,707180144.2478609
2025-08-20,112.5276728541874,8576838425.016319,695330258.9711639
2025-08-21,116.07657994576094,8856622972.855389,577442964.6192896
2025-08-22,114.53360891367224,8721450387.482407,458726500.6798623
2025-08-23,122.86051271148943,9364577115.484173,830635051.8289796
2025-08-24,121.30688386198436,9245827058.94066,459023477.55523306
2025-08-25,118.26320218670334,9024738990.591331,691150526.9346027
2025-08-26,109.39563713913786,8336994005.08357,946047648.5524024
2025-08-27,113.51198070666057,8652464638.401758,552951138.2599785
2025-08-28,112.13224646582668,8549713454.408978,563812675.3108544
2025-08-29,113.67962068865508,8663821996.884052,446683192.26661694
2025-08-30,109.96803923235991,8384014577.800779,584883496.3083521
2025-08-31,110.70863747056706,8440755717.000929,327312486.6346032
2025-09-01,108.91599056930494,8306989343.84629,324492861.51893866
2025-09-02,108.46769319068764,8268663383.560483,509989885.0710905
2025-09-03,111.6596439683684,8507601458.066671,581331850.5724739
2025-09-04,112.93809108856333,8612918428.924242,435224347.1292931
2025-09-05,111.10474983967217,8476870927.153409,368494471.3602385
2025-09-06,112.0897651892183,8545663183.655892,515331503.6313866
2025-09-07,112.12269778020816,8551852915.279329,268329142.9346496
2025-09-08,114.97439883606002,8769804422.57886,371135794.5643903
2025-09-09,112.6736685051471,8591894684.103176,612832393.394904
2025-09-10,111.98136069427464,8542468393.219153,559004322.3684245
2025-09-11,117.37549341448891,8946392967.037264,679043386.1185497
2025-09-12,115.90244027844965,8842163625.138222,647083639.9837666
2025-09-13,118.19546386962304,9020433596.00716,703637621.4472172
2025-09-14,119.29990919573402,9101740752.65376,714459287.4080075
2025-09-15,115.14991303422664,8785397465.766422,644621294.3053315
2025-09-16,113.72812123760494,8676936230.375837,548929371.9913502
2025-09-17,114.981232333193,8773728183.101309,524508739.612305
2025-09-18,117.06243141513526,8935110253.114082,619286276.3378711
2025-09-19,118.28437291867635,9027835353.252048,645934510.4439123
2025-09-20,114.0472271215825,8698046149.713163,516627684.35519487
2025-09-21,113.872283587663,8687425020.78468,304911761.41443735
2025-09-22,114.14399609765512,8712880886.303545,347578563.43854004
2025-09-23,105.83701173798528,8080849746.358502,854801764.9254891
2025-09-24,106.18395741471892,8106207759.842474,472325132.4342712
2025-09-25,105.63718913677596,8061824633.388532,541827948.1387328
2025-09-26,102.13186501929682,7799287231.788328,583267846.3504511
2025-09-27,104.62993366176016,7986677083.586704,396219984.58750254
2025-09-28,104.46748963269712,7975959669.414611,260243109.6122556
2025-09-29,106.79839544288862,8157667969.238918,292529431.6149912
2025-09-30,106.83456205206004,8152921518.375804,457692728.8164663
2025-10-01,106.8888085430267,8161730433.386563,431615873.4975513
2025-10-02,115.06687777106264,8789349880.145548,808254205.6638755
2025-10-03,119.6368317454063,9125191788.70587,1478673971.4244776
2025-10-04,120.5011351645648,9197048797.17648,1113555151.799275
2025-10-05,120.428214421977,9199245196.77299,513519375.5353129
2025-10-06,118.8473929105979,9078024598.809954,810945084.8372343
2025-10-07,118.38717318392834,9048665219.582989,705811046.5708206
2025-10-08,117.0474446554107,8937047031.697453,733977106.3829975
2025-10-09,118.58340303274872,9054936630.19192,583487595.7821153
2025-10-10,125.95331082923884,9621038463.310558,1214103580.5457845
2025-10-11,98.27870622458585,7509599498.98692,3578266255.5106516
2025-10-12,93.43600360548106,7139423737.807111,2015746756.1391752
2025-10-13,98.48012014491758,7509927203.961402,1177890332.1089897
2025-10-14,99.45414747098891,7595538990.135278,1210158319.6665378
2025-10-15,97.42033595514906,7449645439.120971,1168026058.0066211
2025-10-16,95.26656186963116,7276323682.460658,728076838.4835117
2025-10-17,91.63921717372352,7001755653.805944,849132128.5983562
2025-10-18,90.12023733435798,6886187870.18157,1047518689.8086468
2025-10-19,91.6915469110268,7008046108.006892,410487236.2350314
2025-10-20,93.29532840851192,7133373268.61656,481383918.915861
2025-10-21,94.25338472604682,7220720096.070266,511906449.4339897
2025-10-22,92.91805414046104,7105814193.931866,728830136.2321562
2025-10-23,91.9166460260428,7026995239.299145,749990853.8869848
2025-10-24,94.0011183191462,7183848414.570883,493121227.34971607
2025-10-25,96.3722845418245,7365450554.79611,519913473.8124245
2025-10-26,97.0114643186617,7411945402.962144,320821935.0983948
2025-10-27,99.98634414129836,7646224887.768961,441471806.309271
2025-10-28,99.37011812661204,7588659275.814225,817625972.0934129
2025-10-29,96.74305740295485,7401179135.953568,1653803231.0706356
2025-10-30,98.55494358095385,7539486692.139558,864882085.0849125
2025-10-31,93.32911326887188,7131694336.678427,777588380.9713097
2025-11-01,95.56679494610212,7308634517.412515,566158548.582812
2025-11-02,101.37549984732986,7753268154.440088,657065489.4195893
2025-11-03,99.3538224010288,7596555919.685817,598583982.810961
2025-11-04,87.29910923080126,6678088506.072668,964733189.513332
2025-11-05,85.56686782425187,6535441362.592466,1074170964.204102
2025-11-06,89.58935568592844,6856285671.0944605,641711718.2069283
2025-11-07,86.89668585491623,6642800293.222646,528970399.3463555
2025-11-08,101.77615291109352,7791944624.153808,1500750885.4200344
2025-11-09,105.01386743555472,8016760139.516735,1079568796.7199106
2025-11-10,109.68448438961092,8369230035.434925,1974813883.510389
2025-11-11,104.539190616465,8000565366.020019,1202422879.8580277
2025-11-12,99.6865325379024,7629251723.122256,891816721.0610973
2025-11-13,97.49443740453222,7460989017.788278,1033274408.6516578
2025-11-14,96.75896614369591,7406786313.084495,938724075.8513334
2025-11-15,98.01447897515388,7510366276.552592,1138232768.9848142
2025-11-16,101.97354515145452,7806617000.370079,1111574821.716886
2025-11-17,96.14185113420103,7371077235.108482,781841890.7756302
2025-11-18,91.1352101642196,6972101729.721636,787064701.8655297
2025-11-19,95.55083909099856,7311679451.632318,838617170.9925761
2025-11-20,92.71616377585256,7088565386.089798,705159855.0771582
2025-11-21,87.42490888674386,6691556077.019124,678594250.4765924
2025-11-22,82.6203655978297,6327985089.349204,1066125243.0993376
2025-11-23,82.23014382946353,6297325425.246208,473725311.3597056
2025-11-24,82.97495089888959,6353960978.363359,480328065.1902935
2025-11-25,85.54507554914693,6560081521.228326,594330214.8606336
2025-11-26,85.3295749854443,6541126901.225901,647720778.57237
2025-11-27,86.86944710966353,6649418160.863903,591139954.4405079
2025-11-28,86.66552965680769,6640682801.381768,511945165.5958704
2025-11-29,84.34966489983721,6462719431.848708,580078209.1274736
2025-11-30,84.14781125057995,6445497058.10252,364035334.9026139
2025-12-01,82.83453685326305,6343311610.902794,352778357.7034447
2025-12-02,77.63006002784384,5949777405.348567,876462402.4431795
2025-12-03,82.75398061047338,6337315906.229195,560997456.508648
2025-12-04,86.01246927836995,6586350078.441508,640117902.9587356
2025-12-05,83.54166694195985,6398860099.8826,551611081.4098938
2025-12-06,80.40751051207634,6159037291.140728,487026367.5097661
2025-12-07,81.64306723174192,6245855629.483644,380818000.52262247
2025-12-08,81.30802517363246,6221844202.0198555,437855147.8713406
2025-12-09,83.89847564002937,6426969082.492652,481578421.507956
2025-12-10,86.20845979485813,6606806189.133178,597125148.9741864
2025-12-11,84.55314465151243,6482622737.601158,509070180.38535047
2025-12-12,82.93800702574131,6364325135.934733,582140366.65302
2025-12-13,81.94932816516564,6277557867.71492,433671611.48370695
2025-12-14,81.51088064550154,6250352511.685813,275269595.3918043
2025-12-15,78.9733955232053,6043009831.972222,364253321.4295043
2025-12-16,77.59983828404975,5948965825.511648,515005294.6176395
2025-12-17,79.01732753537733,6054959565.768711,473791703.36818784
2025-12-18,75.92229969447894,5817580742.484161,482133605.6996548
2025-12-19,74.24246430408195,5684954257.26964,555099010.6072791
2025-12-20,77.51079267333417,5940940195.697862,452115399.23030406
2025-12-21,77.81903747538794,5962502420.849283,276187508.71947926
2025-12-22,76.69683567203849,5881522689.733698,318972709.40184206
2025-12-23,76.99621107654197,5901552760.353372,442730803.84457856
2025-12-24,76.82822748974804,5891631492.237955,360977700.06148326
2025-12-25,75.78783532894145,5810171974.333857,357864621.8509544
2025-12-26,75.6067232658129,5790992297.810128,301631194.24257225
2025-12-27,76.79548473768956,5886678583.590361,348751974.8280592
2025-12-28,80.12069877623895,6136165285.511812,305947721.2640397
2025-12-29,78.62715804461851,6026964313.365389,323982555.71499085
2025-12-30,78.21279540595069,5996962080.922577,426497143.2861977
2025-12-31,78.74151962017234,6038806161.987651,366826560.3613659
2026-01-01,76.74579310481673,5885422553.583307,337723991.70006317
2026-01-02,79.79850158808563,6123514504.141073,305862879.0258506
2026-01-03,81.82843082057124,6278492447.526828,404671497.3803019
2026-01-04,82.0881693297701,6294298829.383049,345951068.9913168
2026-01-05,82.09896014634278,6299973420.814179,360695760.9224933
2026-01-06,83.73671939818226,6422587179.813602,496366294.3584185
2026-01-07,83.9421712361984,6435848823.977348,453836327.3773213
2026-01-08,81.58548672858649,6258313903.053612,392550602.5365997
2026-01-09,81.21645615783189,6230759367.837255,387886196.19968337
2026-01-10,81.37716164878748,6243197513.269309,341362708.56881094
