date,prices,market_caps,total_volumes
2015-03-06,0.4856521005465752,3195626.759851905,76615.93695534782
2015-03-07,0.4642893868074573,3062423.5451506195,24403.651663638477
2015-03-08,0.4892977650625385,3228256.5006771223,40440.93832595852
2015-03-09,0.6662086469717031,4415634.243171683,118683.1232580059
2015-03-10,0.7921025046006618,5263185.291609447,200926.06637327644
2015-03-11,0.7145632986609696,4750839.116407635,94309.08980828506
2015-03-12,0.6792708044216887,4535331.532484576,66492.48252304328
2015-03-13,0.6457758586154783,4322265.647230168,59277.87421693328
2015-03-14,0.663494958960758,4451330.619101255,86732.43501632748
2015-03-15,0.6863490754596739,4615493.686790896,67660.43677015895
2015-03-16,0.7943291884452781,5354526.98821669,115175.57078860636
2015-03-17,0.7479342001167374,5053635.8198751705,60562.51542158633
2015-03-18,0.6342398914507031,4295437.232841746,50930.08445228224
2015-03-19,0.676779088507726,4594548.331120232,53712.39111900448
2015-03-20,0.6410333969532032,4361994.442876278,28389.34166827024
2015-03-21,0.7446128625805528,5078780.951803177,62423.54299248965
2015-03-22,0.7769692528461063,5311336.172470639,111852.6517281287
2015-03-23,0.7611203453025727,5215041.337462787,45526.97184984176
2015-03-24,0.7021737513173117,4822237.219766749,52742.22266906146
2015-03-25,0.7681914670486878,5287819.076728296,105716.60502885694
2015-03-26,0.7388226155499859,5097142.396437662,46006.05450906242
2015-03-27,0.7958941750565416,5503490.428178077,45551.73740479194
2015-03-28,0.803712310761532,5559910.575126086,76280.86872138592
2015-03-29,0.7178917233065273,4966222.030897492,58352.11953355417
2015-03-30,0.8906055515544424,6161019.506671151,115545.58624840008
2015-03-31,0.9042789711535308,6255609.31101927,208886.70325706183
2015-04-01,1.00217065758121,7009380.008913184,120823.2697283938
2015-04-02,0.9683841834028412,6787844.387889779,88018.53926335869
2015-04-03,0.9706534215075832,6819223.694192268,147796.5002991996
2015-04-04,0.8603654495153283,6057634.385618589,146977.3811771712
2015-04-05,0.8833018349262515,6232768.540435975,156771.7474784735
2015-04-06,0.7910696493856723,5594209.612769607,38107.11868137461
2015-04-07,0.7846324835229908,5554421.197184087,95401.72921136496
2015-04-08,0.7525677952733573,5345506.358885949,33039.48628372782
2015-04-09,0.7608238569343211,5415726.050560305,25571.50707160698
2015-04-10,0.8001880612898395,5706538.758524306,74453.71303686914
2015-04-11,0.8293319630075435,5914378.406192407,51053.45139990712
2015-04-12,0.8016330266150951,5716843.524406471,26269.22855044142
2015-04-13,0.6902703051421305,4956090.401188222,68519.02796633223
2015-04-14,0.6547878313447282,4711563.818135209,41425.63458897003
2015-04-15,0.6752399941546144,4869005.694570222,24873.759278393187
2015-04-16,0.6815750599753447,4924811.24533483,43594.12739946514
2015-04-17,0.6565116221089061,4753952.966386918,27396.850110546737
2015-04-18,0.6903814092877986,5009789.977093012,39242.17018990776
2015-04-19,0.6627067602930978,4818345.355596827,15209.57353951026
2015-04-20,0.6773316035452871,4935816.994775039,24849.294093824443
2015-04-21,0.6357453161347509,4642450.067164185,103435.4451103121
2015-04-22,0.5763420796294365,4217116.321305533,29156.82573332901
2015-04-23,0.6000132121662615,4399455.275091041,45643.883403332686
2015-04-24,0.5725273524050889,4206616.09542877,19053.031824618956
2015-04-25,0.559903086613877,4122593.302086134,79557.72597247675
2015-04-26,0.5512504919036232,4067180.1518131383,19864.15443603613
2015-04-27,0.5693455379872187,4209178.394485964,26213.69250081358
2015-04-28,0.4767831742002179,3531963.5065073166,94472.85545202743
2015-04-29,0.4967240323426476,3687106.990026557,31314.33105445493
2015-04-30,0.5017410094996393,3725354.243088444,29601.552570607837
2015-05-01,0.4971150588786323,3691007.2304903073,13472.757448814564
2015-05-02,0.4978900093155182,3696761.125116372,12415.036680780551
2015-05-03,0.497929360572861,3697053.3024962097,13510.408103425458
2015-05-04,0.470848700348708,3495983.3270276063,18859.840045091947
2015-05-05,0.4633767440266628,3440505.1347700874,22008.071005271333
2015-05-06,0.4616148330243514,3427423.201055021,29933.27279701732
2015-05-07,0.4731836616905312,3513320.076421249,29056.65172482872
2015-05-08,0.4866992625456565,3613671.453008431,13650.695099818047
2015-05-09,0.5178341783352611,3844843.6881834553,34371.85984213821
2015-05-10,0.5646870715856186,4192719.626897838,26470.438331904792
2015-05-11,0.5123465234636249,3804098.646471513,39746.21134508683
2015-05-12,0.4808730681635177,3570412.804519235,26994.306833706927
2015-05-13,0.4647334386267076,3450578.395454703,25991.72802663907
2015-05-14,0.5041236027133638,3743044.652224333,24357.8524218854
2015-05-15,0.5352767084726574,3974351.9452867527,36575.7771155264
2015-05-16,0.603212995638145,4478769.026728859,48605.02075291584
2015-05-17,0.5619189433241175,4172166.675934791,39684.59513359386
2015-05-18,0.5355686251859325,3976519.384554897,64427.09457831687
2015-05-19,0.5151970393871252,3825263.3138786936,63966.05125358694
2015-05-20,0.519768499919743,3859205.745471604,53401.1902852944
2015-05-21,0.4601340628447136,3416428.697182886,113099.06120846448
2015-05-22,0.4672983375563962,3628289.81022787,53853.63318087764
2015-05-23,0.4707912677434193,3662091.305773749,39942.25363575096
2015-05-24,0.4810394442866532,3748833.229938636,12869.962415166005
2015-05-25,0.4669427817781535,3645450.313908951,27370.44161999136
2015-05-26,0.4473394499449576,3498986.736735421,32505.197443643297
2015-05-27,0.4249313815546512,3329712.588890605,42874.01948343969
2015-05-28,0.4416560321352626,3467239.671487261,30667.686169495224
2015-05-29,0.4408368926155386,3466905.3148526484,28759.91856983206
2015-05-30,0.4451113606011704,3506691.899985762,16438.83691078744
2015-05-31,0.4541990776801509,3585228.595251669,42798.11424992206
2015-06-01,0.4576537910014843,3619041.9709421936,21919.88774072
2015-06-02,0.4561728926493371,3613964.509290725,41959.968907036025
2015-06-03,0.4543178962648217,3599865.9937324724,20173.298977828166
2015-06-04,0.4766763266041345,3777026.862176036,27241.30624887484
2015-06-05,0.4946115360755035,3919139.579278457,32750.394065177305
2015-06-06,0.5256897311115398,4165393.0030960366,62602.4179459134
2015-06-07,0.517669557067601,4101843.774588952,61134.61295607738
2015-06-08,0.5411303098442213,4287739.084463981,61093.38830277475
2015-06-09,0.4979603133683513,3945674.192148031,85049.86061356637
2015-06-10,0.4800351287842989,3803640.908964543,18041.31686119821
2015-06-11,0.4609263631742065,3652229.3179452913,38420.1862691082
2015-06-12,0.4758081986431839,3770148.100959434,37061.11383826144
2015-06-13,0.4902559019090945,3884626.962791839,37931.814003556654
2015-06-14,0.4956719391768303,3927541.8656411534,24550.21061020015
2015-06-15,0.5097335709275974,4038961.6234190175,26980.05082300169
2015-06-16,0.4988415007878739,3952656.4322308544,45102.15543075765
2015-06-17,0.4985578954062146,3950409.2362091513,33362.4648883059
2015-06-18,0.5015501697224297,3974119.036424864,18278.513288062877
2015-06-19,0.5108863599901189,4048095.945835625,35820.148821525894
2015-06-20,0.5384379646812494,4266405.824481805,46919.539041541015
2015-06-21,0.5231731609639748,4285740.363447908,19720.93074740109
2015-06-22,0.5386526669824024,4420004.413919489,22332.50939046388
2015-06-23,0.524400900312902,4310123.891396885,31618.26504468493
2015-06-24,0.5099163479791365,4198143.842493971,27829.63516169969
2015-06-25,0.5035924693762253,4153170.403898096,20898.96263411865
2015-06-26,0.4826413612152473,3987107.041978215,25022.12630463012
2015-06-27,0.4917733499020855,4069672.324208108,24334.585858402726
2015-06-28,0.4688436549751033,3886111.9044906185,35641.24773753297
2015-06-29,0.4923385724865459,4087939.847583047,37555.422203542
2015-06-30,0.4947728601669626,4114699.8226937777,19523.966212488147
2015-07-01,0.497239654236369,4142139.580016289,18228.376995315157
2015-07-02,0.491520749322239,4101169.505983372,23108.929266155217
2015-07-03,0.489776449323622,4093385.529230512,18331.288833464045
2015-07-04,0.5058955195535575,4235088.153285981,9527.349578803884
2015-07-05,0.5181511988402916,4344713.3468118105,14434.935450324912
2015-07-06,0.5042276393577815,4234779.527845378,38544.71567816634
2015-07-07,0.5106527690636229,4295748.4589580735,15889.047387725726
2015-07-08,0.5131560516159774,4322669.039905148,19187.684896409515
2015-07-09,0.4950524421116298,4173635.158343423,31086.197917022197
2015-07-10,0.5219782682871927,4400638.532600958,30620.412979678866
2015-07-11,0.5331030805945395,4494428.40984682,17973.792724231123
2015-07-12,0.6263555288776167,5280611.172819821,67480.82866027205
2015-07-13,0.5663466075068146,4774694.37948145,16719.320114254097
2015-07-14,0.5678605828953698,4787458.241191914,13278.972484989854
2015-07-15,0.537462200285212,4576680.8970474815,19411.645540827736
2015-07-16,0.5365647393305738,4579632.633530902,13229.681898128474
2015-07-17,0.5313278969648602,4541816.366994679,10229.102916875769
2015-07-18,0.5269708393222717,4505004.672186149,15969.240579387622
2015-07-19,0.5409919125070987,4624868.990082649,14418.86016745025
2015-07-20,0.5442887081894733,4674122.280385049,22923.54105567621
2015-07-21,0.5824551984900168,5009998.2915502535,43458.26999335616
2015-07-22,0.5681829392780531,4895342.045487761,29126.384824460903
2015-07-23,0.5736800757059056,4950341.020233603,36007.56739517456
2015-07-24,0.5770346968403944,4983370.891881502,17499.30373417332
2015-07-25,0.5654302794118051,4883153.147008408,27352.970820768263
2015-07-26,0.5778263669017493,4990207.890698614,18897.51656731397
2015-07-27,0.5947133698548536,5136046.952766131,18286.48119591797
2015-07-28,0.61072776750523,5274350.0453511765,31567.44006805997
2015-07-29,0.5876638494104808,5075166.081691011,23211.083342772097
2015-07-30,0.5816201483572999,5022971.63987916,17699.53715729913
2015-07-31,0.5728534840377373,4947261.218949154,18590.257002970266
2015-08-01,0.5826603818258667,5031955.275033859,38952.23284698872
2015-08-02,0.6149312180886101,5310651.767582748,58671.20311141323
2015-08-03,0.595876208750786,5146089.429479693,43025.71807416088
2015-08-04,0.6179428623887374,5336660.845761467,23886.250058218586
2015-08-05,0.6187182136511798,5343356.912624337,29847.20144903396
2015-08-06,0.7329062098564466,6329504.088188368,190042.64168499416
2015-08-07,0.7317602604070474,6319607.471640051,130526.45334207096
2015-08-08,0.6744387004800042,5824568.620801799,59629.72988518627
2015-08-09,0.6732527379359355,5814326.444285664,102901.33779504304
2015-08-10,0.6549662526932734,5806920.316918519,32376.577101017
2015-08-11,0.6049532639678261,5371774.460298435,61485.66262604928
2015-08-12,0.6260872843766992,5567603.889427535,57827.07364350889
2015-08-13,0.5790301199778487,5156656.958884328,46370.03735991248
2015-08-14,0.610282300266525,5442907.663482649,56666.14465710019
2015-08-15,0.6097069622911812,5445657.4849859895,48083.91865000576
2015-08-16,0.6175111923609203,5523214.002990472,61764.55375192366
2015-08-17,0.6078306891467238,5444647.045015913,46262.96290422283
2015-08-18,0.5941764380820126,5327830.9819954485,50445.00252433004
2015-08-19,0.5325165215003373,4783604.965418396,38104.93790232049
2015-08-20,0.5967081821196196,5367532.114713322,69880.00996356849
2015-08-21,0.5671763906576203,5109827.658591868,39007.13531910329
2015-08-22,0.5467783134557053,4933016.447091343,22393.217357923237
2015-08-23,0.5402701766134923,4881137.904116496,31452.7552861548
2015-08-24,0.4336806656004243,3923532.834123647,73291.11497941276
2015-08-25,0.4847700013395003,4392084.07993606,32793.786518585046
2015-08-26,0.4989167756941944,4526628.001197165,25969.875776403383
2015-08-27,0.4593081565988947,4173079.623507316,21783.798912222843
2015-08-28,0.4742938290213376,4315286.990631826,23643.161316742717
2015-08-29,0.4745531546704528,4323708.840368438,31123.903788911168
2015-08-30,0.4584050549405401,4182454.257708477,19877.41032090231
2015-08-31,0.4673104888630602,4269620.6009574365,20184.872394756185
2015-09-01,0.4552497971012278,4165009.374710785,13485.390028577667
2015-09-02,0.4688947764709476,4295952.5168111045,17792.20786544018
2015-09-03,0.4559487004265291,4183024.296732819,25905.23869614219
2015-09-04,0.4672968153113679,4293010.514474452,18170.10278959415
2015-09-05,0.4809790251934407,4424636.677930255,25868.780259177725
2015-09-06,0.5017853697898741,4622139.232072639,20454.9262054429
2015-09-07,0.4984587901422065,4597884.070488531,14840.095679187314
2015-09-08,0.5163837243526395,4770011.515927887,23499.92056243461
2015-09-09,0.5065885668315202,4685682.33690251,46114.86174420667
2015-09-10,0.4969873956219403,4603082.348628542,18293.766193836596
2015-09-11,0.4972572977785631,4611852.588831106,24755.912388150988
2015-09-12,0.4667150738672042,4334366.55597714,21703.81046018267
2015-09-13,0.4619381322513568,4295700.349368778,18251.09452046546
2015-09-14,0.482874756496559,4496102.388336458,60137.63913472431
2015-09-15,0.5030041621867594,4690127.505194972,39648.19187671522
2015-09-16,0.508936983938462,4751561.898421498,43071.87156952646
2015-09-17,0.5014456382972168,4687836.256347808,61637.853408557705
2015-09-18,0.4975652856355777,4657687.24352736,12515.856204010275
2015-09-19,0.4942990577613839,4633214.841011953,12861.832462745106
2015-09-20,0.4848384290986473,4550732.767432661,22970.17599817989
2015-09-21,0.4800348176619905,4511493.465544432,11178.186441875969
2015-09-22,0.4733797031810329,4454037.674685293,19529.925089818884
2015-09-23,0.4638456925569151,4370653.759588646,27258.11382543825
2015-09-24,0.4662291032733751,4398679.502993746,15783.90283051057
2015-09-25,0.4491053444537078,4242668.548101444,71360.7203823215
2015-09-26,0.45228705639965,4278237.088644001,38938.27791094454
2015-09-27,0.4405171495125205,4172490.336752692,16451.69678399775
2015-09-28,0.448946438040797,4257455.595425056,23009.07573810334
2015-09-29,0.436940171156284,4149117.013453886,19020.993490937217
2015-09-30,0.3959504927471561,3764768.556128655,92515.3109452014
2015-10-01,0.4048968519127004,3854564.5838244553,27144.71427086216
2015-10-02,0.4107598590375623,3915302.183886906,24728.820391612586
2015-10-03,0.4103739417811211,3916560.47623389,15570.36436879952
2015-10-04,0.401050557858063,3832415.8699592943,7421.465734469868
2015-10-05,0.4226636422747337,4043869.478545824,17966.604989064945
2015-10-06,0.4094308626648628,3922294.028886376,11460.063799428404
2015-10-07,0.3935956844956104,3772684.6959222658,19476.686087850285
2015-10-08,0.3911137760054852,3748895.161264705,27043.720278487835
2015-10-09,0.3957919821524202,3793736.5999037703,20539.756727071297
2015-10-10,0.3892390752527,3745150.9520967095,13011.6583359028
2015-10-11,0.3812769660601112,3668541.734987757,32136.0051253624
2015-10-12,0.397744170863721,3826984.634659565,16704.049456871824
2015-10-13,0.3882758696633217,3735883.2537604542,20981.9067661326
2015-10-14,0.3856180674264327,3730749.143000261,16578.47249902375
2015-10-15,0.3896978789659725,3775295.237254721,28378.60015982745
2015-10-16,0.4091859782859569,3969033.2001995374,37519.52864378016
2015-10-17,0.4215652794518236,4093928.349468199,24317.673295144323
2015-10-18,0.4107476354292634,3994031.1433681543,10963.121053137282
2015-10-19,0.3881114059648164,3778375.925041,28212.573665327855
2015-10-20,0.4013975232815296,3912318.5002615857,38164.51235136856
2015-10-21,0.3942674080244184,3847728.968648192,20800.88195988148
2015-10-22,0.4024729132663627,3932237.637411711,15440.27295865696
2015-10-23,0.3932269541738137,3846869.298284576,22744.96719753773
2015-10-24,0.3983893493728806,3901966.3175876704,20410.96884966042
2015-10-25,0.3969171980481494,3892344.290710096,19158.0260421506
2015-10-26,0.3813917881111311,3744509.1523765423,19235.65581729114
2015-10-27,0.4111871306200789,4041826.8120610495,22281.35469103724
2015-10-28,0.4455348808501525,4384461.981283861,39693.028356024166
2015-10-29,0.4463694713535746,4398080.633094127,49946.76474908986
2015-10-30,0.4611950418089734,4549286.0029789815,65996.6688837168
2015-10-31,0.3960150040838505,3911022.3995068823,19653.375367691315
2015-11-01,0.4193275181827711,4146050.097402449,25992.37779248014
2015-11-02,0.4236591822325914,4193529.4084070646,33627.92642320352
2015-11-03,0.4325642031439738,4286868.706526725,62740.20087237776
2015-11-04,0.4826131299430075,4788342.208742407,82466.12441337148
2015-11-05,0.4295367404839684,4266938.515670752,18519.34722242835
2015-11-06,0.4380940373447345,4356949.029680235,16775.42489330568
2015-11-07,0.4520303669689841,4500464.056883573,15016.008568438136
2015-11-08,0.4970382368591451,4954406.565582325,49049.222671988726
2015-11-09,0.4717665034697211,4707848.989059516,33126.186811289444
2015-11-10,0.4588498432243533,4584337.581865175,29368.2762056334
2015-11-11,0.4369190615516777,4370164.508104975,38722.3821649534
2015-11-12,0.4421719763236036,4427637.350795175,45044.30757883547
2015-11-13,0.4617964960841477,4629448.916106097,25080.804350745297
2015-11-14,0.4263212741916499,4278567.128927786,19728.5714297742
2015-11-15,0.4232450759529967,4252450.359103974,20334.009082982917
2015-11-16,0.4366806436736317,4390422.999307474,16895.763339720048
2015-11-17,0.4294617679081787,4324874.97847799,11633.496416023514
2015-11-18,0.4176334175339418,4210362.110933249,18875.36124363435
2015-11-19,0.4174777051304817,4213441.331487771,25365.739054278463
2015-11-20,0.3885219823058867,3925764.42304438,9349.585799922435
2015-11-21,0.3909721647623671,3954898.4812619626,29770.517492526546
2015-11-22,0.3918161641038818,3967526.559554266,8601.952782186516
2015-11-23,0.3906998615614044,3960931.6059037033,7844.093333885059
2015-11-24,0.3856394384793358,3913848.876535202,13084.6225243337
2015-11-25,0.3883012581545651,3945248.34229889,18847.656524698155
2015-11-26,0.4054499966366864,4123968.9578906,28956.7300112118
2015-11-27,0.3852187321078052,3922534.039841919,30110.7602939186
2015-11-28,0.3902489160549404,3978302.427222481,15695.310197946212
2015-11-29,0.3985765652181048,4067634.4744065423,13688.591293059171
2015-11-30,0.3958998412885497,4044576.12257843,29864.460524786467
2015-12-01,0.3775984541284226,3861640.10741408,19351.645947338893
2015-12-02,0.3705716037825672,3794119.970195645,15531.320858515362
2015-12-03,0.3666575740087682,3757930.6745974105,18630.355288044742
2015-12-04,0.3703379923477537,3799924.816054642,21673.349859436767
2015-12-05,0.4402317505994781,4521931.994486664,57868.73268005266
2015-12-06,0.4379594276605172,4503521.46605313,43285.96791550268
2015-12-07,0.4227630523665176,4351848.8775267685,28509.134134695247
2015-12-08,0.4373418480889171,4506874.657859048,40160.14963588239
2015-12-09,0.4505077916046426,4647654.171425671,36748.266877022426
2015-12-10,0.4376013791040658,4519000.479264291,22960.57953346936
2015-12-11,0.4603748060444064,4759266.813299119,18776.48640214537
2015-12-12,0.4546879377320162,4704583.796331072,16967.94419310863
2015-12-13,0.4599877551047318,4765008.095264611,23997.528030099813
2015-12-14,0.5406194478725023,5605487.891369294,103495.81710883856
2015-12-15,0.5562633731775184,5774342.5652361885,39051.07148322264
2015-12-16,0.5179505394661782,5382436.862173012,26580.849180643832
2015-12-17,0.5022911973912427,5225043.997566611,19599.43814760125
2015-12-18,0.5001230700044251,5208259.645611003,17439.741268640162
2015-12-19,0.489556910543325,5103485.883568643,16348.329191858302
2015-12-20,0.506563456306156,5286037.790083087,43653.12668367789
2015-12-21,0.4868721992157399,5086047.622593528,54472.1101650896
2015-12-22,0.4810544237050889,5030281.719874171,25492.051013142205
2015-12-23,0.4803350226137093,5027788.206458417,34625.8397907789
2015-12-24,0.4871944353500784,5104799.908265225,22923.675517630487
2015-12-25,0.4897630300534042,5137421.218626369,10368.229757309957
2015-12-26,0.4483950162817895,4708188.026510255,16505.75198458038
2015-12-27,0.4500810191929295,4730734.080584003,16203.25648431425
2015-12-28,0.4453085183108434,4685090.475839865,13901.77241648217
2015-12-29,0.4568660313378423,4811654.563198144,14818.790770594009
2015-12-30,0.4426919914192484,4667118.83374068,33366.07476258886
2015-12-31,0.4653563311994692,4910749.468777047,28746.184983448195
2016-01-01,0.512459528089374,5413476.403770641,89745.79277666195
2016-01-02,0.5312562168166932,5617892.647426641,63617.540731861714
2016-01-03,0.4981606969479804,5273047.416497372,41953.38652912729
2016-01-04,0.5129572574596403,5435064.269276491,28260.107821271093
2016-01-05,0.5142797561119435,5454575.549024252,28913.561141505532
2016-01-06,0.5182081524870926,5501331.430332887,20518.37048151884
2016-01-07,0.4892558657646556,5193972.072588858,46109.793085986166
2016-01-08,0.5030141233735899,5350870.080996627,19962.489469541462
2016-01-09,0.4923414657172571,5242661.664421749,29117.001382595983
2016-01-10,0.4954555551534008,5281246.558213281,30828.201097219862
2016-01-11,0.49400518068579,5270588.697234039,22649.32617589855
2016-01-12,0.4979973631029614,5318596.400021371,51786.15931368268
2016-01-13,0.4803296306094988,5134816.935163881,41904.471780195694
2016-01-14,0.4906196792556368,5250069.672648247,34552.72560269626
2016-01-15,0.4287143139169092,4587981.404959493,43435.01923387208
2016-01-16,0.4938021428016546,5294195.481795808,38706.36830942189
2016-01-17,0.4385184009275245,4701482.508161859,55068.62899588487
2016-01-18,0.4961458918401743,5329694.926304277,72397.58992385438
2016-01-19,0.5380591629817213,5785509.129037433,91042.57612515708
2016-01-20,0.5303847440298692,5708548.502690035,111937.73577113674
2016-01-21,0.5469702317027534,5892398.724206495,66169.98674853555
2016-01-22,0.5291482796921739,5706191.119868327,67446.5964629121
2016-01-23,0.5357794137827236,5779045.344119765,65986.68008415906
2016-01-24,0.6234992518450655,6736761.0233639935,144016.44610967266
2016-01-25,0.5841851468158349,6317162.029162116,73656.15260471721
2016-01-26,0.594357070559415,6432350.940995955,81858.87239450747
2016-01-27,0.6053358889415845,6551167.753732958,122784.62823846925
2016-01-28,0.5592060892346588,6065130.790038165,46938.65855150703
2016-01-29,0.5126038812339838,5564927.179829087,79321.47264121144
2016-01-30,0.5060248209005227,5498628.137872589,39185.95080028553
2016-01-31,0.4777980283688272,5196711.486396059,42088.49534975766
2016-02-01,0.4921611906761285,5357986.626474274,37356.14216173538
2016-02-02,0.493669500285301,5379329.937537817,20174.539496284437
2016-02-03,0.4897305989905882,5341109.653323133,23939.12643189273
2016-02-04,0.5064305834393799,5528607.470458024,29083.84527443824
2016-02-05,0.4928361909542744,5385267.877995497,48604.48648141501
2016-02-06,0.480844497173183,5258940.006776934,35181.73051167918
2016-02-07,0.4766716007652511,5218131.163651215,51264.96714963114
2016-02-08,0.4786712126059319,5244902.912162693,29072.679453907367
2016-02-09,0.4659982556986773,5110804.647492112,36697.44904333568
2016-02-10,0.4781771851685478,5249466.436600761,53278.713987922616
2016-02-11,0.5320636074636647,5845973.866038363,210126.17315173495
2016-02-12,0.600671873403057,6606129.196499482,179976.55042234564
2016-02-13,0.7998733196960774,8804908.718542736,1056449.6661502398
2016-02-14,0.8462566252685886,9324095.271270696,591671.0404960992
2016-02-15,0.7902306938573532,8714454.68072502,450585.368708444
2016-02-16,0.9514128649153532,10501726.59956021,863923.6853608809
2016-02-17,0.7301910539877774,8067449.412598046,568146.231269513
2016-02-18,0.7735474872033593,8553553.167432789,219878.52895061643
2016-02-19,0.8321805793606118,9210347.467065088,205514.08531071385
2016-02-20,0.852313402651133,9441514.502568966,371604.93180322496
2016-02-21,0.7966321885474975,8833012.298579905,181367.8040942698
2016-02-22,0.7833149568286519,8692878.465783719,127512.63421415782
2016-02-23,0.751582204480184,8348070.064124473,80531.92295354357
2016-02-24,0.7959674783855205,8848915.323292898,118077.05037690129
2016-02-25,0.801192147849968,8915368.978987591,228439.5628285185
2016-02-26,0.8148148351033724,9074768.003735805,72876.16827068766
2016-02-27,0.8306805468222505,9259616.822441297,98286.8212103898
2016-02-28,0.8687112111478708,9692168.415927447,141497.33105831765
2016-02-29,0.8673022725031021,9684821.892644502,132474.24526344132
2016-03-01,0.836026826586615,9342106.531277737,168483.87310843333
2016-03-02,0.8291392010639166,9274775.977277003,130947.52158558511
2016-03-03,1.076827400662855,12055544.709375544,815621.6167551387
2016-03-04,1.169658494669575,13106753.29967326,800331.1357739719
2016-03-05,1.190796134592466,13354935.834544271,1146010.2041722585
2016-03-06,1.230995366272573,13817906.98346987,970787.329128095
2016-03-07,1.035738127621597,11636120.140387636,481290.5783552036
2016-03-08,1.166640879393454,13118520.863311175,377997.76986255095
2016-03-09,1.228489760067124,13825531.8668943,861461.8788991348
2016-03-10,1.089390492412127,12271159.228419855,396951.8916731292
2016-03-11,1.101244589492362,12415442.514382783,134291.1643863377
2016-03-12,1.161679074400751,13108007.96815982,339118.1357890826
2016-03-13,1.240040145427461,14003521.634162797,263586.07647893205
2016-03-14,1.112007333545368,12568258.27804715,202724.7922127841
2016-03-15,1.142916143746986,12929220.58947948,211895.99825068263
2016-03-16,1.147341085119982,12990634.050022952,154193.25921040418
2016-03-17,1.284648535548303,14557422.668527933,518675.0749243585
2016-03-18,1.14393888155087,12971261.394509982,400172.5347246676
2016-03-19,1.211771514765918,13740423.830284031,268648.2193874925
2016-03-20,1.476868615527896,16746391.932573292,1023253.579533456
2016-03-21,1.453015396808419,16475917.399273677,808414.6084729813
2016-03-22,1.363075517243437,15511684.887886863,561456.7964574654
2016-03-23,1.457812266607019,16601751.234278591,469646.3079220882
2016-03-24,1.696210372677168,19334379.45252828,1290114.5844451224
2016-03-25,1.590281635636852,18143782.39688745,732883.783955896
2016-03-26,1.688081581964824,19276787.660683684,505309.9610423071
2016-03-27,1.510285930634022,17260702.98402254,928177.3254340092
2016-03-28,1.484360572162032,16979446.21146198,587488.0798241914
2016-03-29,1.482644647659936,16972937.852025796,317960.1984671032
2016-03-30,1.437873115128514,16474454.222554792,313978.11289759213
2016-03-31,1.40223954388019,16078994.272552412,193039.83911464908
2016-04-01,1.4501134450783,16642282.056752022,334445.83427906345
2016-04-02,1.562620995375224,17948120.991748247,467691.5317840035
2016-04-03,1.494077593330668,17168823.626593817,376639.742767542
2016-04-04,1.588144809874052,18272560.512631703,297984.92279674875
2016-04-05,1.50883616468815,17373978.354710568,395091.7605384119
2016-04-06,1.503187958159315,17322523.07394993,246145.54671691536
2016-04-07,1.5214602423571295,17546040.933691848,251168.50217012363
2016-04-08,1.213140905724496,14003017.370637693,447241.8140719915
2016-04-09,1.327692041113195,15328559.108426811,728484.0540912907
2016-04-10,1.0888014107238173,12587750.69993041,1337871.55811085
2016-04-11,1.009314602802293,11677521.66303024,286524.13414537255
2016-04-12,0.9329931831425256,10803622.55399437,602612.4560281506
2016-04-13,1.027508521424271,11908031.554237282,418959.9040816594
2016-04-14,1.008341396935952,11694766.7135153,193841.1675490699
2016-04-15,0.988584806451743,11474855.784676475,361880.45980798814
2016-04-16,0.9792020786678084,11375506.093729213,112190.795455398
2016-04-17,1.031342191721107,11987627.54327112,287274.9717808879
2016-04-18,1.095953876634541,12752420.67267062,280081.28509074484
2016-04-19,1.131999558941037,13182305.795801776,267232.28097063885
2016-04-20,1.054757949639907,12292741.919071171,307044.3783379012
2016-04-21,0.9720977857757066,11338757.574311784,199740.1689456429
2016-04-22,0.9824374920427336,11468771.917546015,140695.99034336087
2016-04-23,1.0419009737159215,12172257.139768971,107761.04138953476
2016-04-24,1.029211406646613,12033520.211495472,112557.54073402114
2016-04-25,1.040256366933684,12165417.477459136,79267.50179041001
2016-04-26,0.8915623855278555,10440464.78637162,333468.7008120944
2016-04-27,0.9477310054428896,11106538.314458676,306791.52155289694
2016-04-28,0.9054399658686032,10619437.247210491,93478.37120872668
2016-04-29,0.8866911611986845,10408084.59301602,97694.42458910149
2016-04-30,0.9197549470125088,10805080.610924505,121973.31913903444
2016-05-01,0.9146531810646176,10753041.463012606,61432.63889331243
2016-05-02,0.9701084317278268,11413866.049674354,210439.45399460223
2016-05-03,0.9168322425811184,10795354.927469457,98668.3617096568
2016-05-04,0.9176342767836904,10813514.269000776,100573.71703457778
2016-05-05,0.9048146713046888,10670682.097182566,79350.59395562738
2016-05-06,0.8873520602127912,10472392.362414088,71985.22277096902
2016-05-07,0.8825233941164399,10423798.868760971,108241.01398229612
2016-05-08,0.847288610961373,10015290.297007814,73030.37664967708
2016-05-09,0.8356722903505264,9885273.652937252,88781.17868001187
2016-05-10,0.8260828573495176,9779403.472835075,128445.01846370962
2016-05-11,0.8552676607983366,10132752.821672505,50610.088549865104
2016-05-12,0.8757047382517551,10380719.560261754,85442.23170386747
2016-05-13,0.8482167344324767,10054873.134571524,64712.82032899693
2016-05-14,0.8413582764408745,9973572.068222616,25709.304420109795
2016-05-15,0.8240052661392642,9767867.193509968,53045.66872130127
2016-05-16,0.8193026595821005,9712121.874637283,100858.50222547918
2016-05-17,0.81520655125801,9663566.065877218,116554.78784590856
2016-05-18,0.8443318696603266,10008821.434760306,200785.42777544103
2016-05-19,0.8573589524208698,10163246.19337871,139828.8758630714
2016-05-20,0.9464701036898976,11219581.543193731,311925.88160567224
2016-05-21,0.9759881711616551,11569492.611388857,113629.7342129008
2016-05-22,0.9243042361769336,10956824.423800549,182068.51223710945
2016-05-23,0.907636803147142,10850970.43261668,116813.76726286362
2016-05-24,0.92666572187477,11085550.984275209,165042.4537037609
2016-05-25,0.868656796979162,10399984.815265046,102896.69421548674
2016-05-26,0.8593621931812735,10296604.521520589,88926.25342059466
2016-05-27,0.8591557205966366,10301163.681398554,154749.85516563183
2016-05-28,0.9050344910260256,10859337.806302477,160063.36034593434
2016-05-29,0.8804689518035471,10565685.532593384,185415.3734587943
2016-05-30,0.8954391953641998,10760191.047682753,64481.35219960858
2016-05-31,0.9264745909404274,11141602.768104346,149736.20327644623
2016-06-01,0.9207557321428218,11080398.420255754,101423.78038841378
2016-06-02,0.9323161273586872,11228325.039625036,37545.973724268326
2016-06-03,0.94227538835966,11356595.085881015,69398.28132939815
2016-06-04,0.9746938614537716,11755294.34136935,88374.07412424017
2016-06-05,1.0017308280771176,12090613.61545143,82892.36497919704
2016-06-06,0.9999855799514172,12078140.8301109,83703.50482771844
2016-06-07,1.0112716410955866,12223195.829970147,82240.08604483271
2016-06-08,1.004060744950689,12145482.240913209,72217.25113485444
2016-06-09,1.1089222512265204,13423184.481488677,470481.6917300657
2016-06-10,1.1474620823221018,13899240.332105923,266713.8243242188
2016-06-11,1.136303519469143,13774117.862029826,109852.24672141712
2016-06-12,1.2600580139295785,15285855.751214731,285880.61611592525
2016-06-13,1.2823585004379308,15567620.606163908,266480.09389163565
2016-06-14,1.3875437122614576,16856341.681064658,272681.6930628161
2016-06-15,1.4640217770030175,17797790.658234745,330760.5418535772
2016-06-16,1.5819453892589086,19245017.421835,342918.3062454906
2016-06-17,1.7872970098747227,21758648.5249564,676778.0475130449
2016-06-18,1.983819050878718,24168232.67475914,2462104.779261552
2016-06-19,1.8716755048265656,22818290.47095295,626743.4642796228
2016-06-20,1.7780172112345396,21691920.21412848,544250.7081302584
2016-06-21,1.6137207976649437,19700924.78040073,507217.8447171828
2016-06-22,1.5129320926095076,18483388.49602806,364222.2267277021
2016-06-23,1.5582145767903353,19049587.68633928,186710.90466348923
2016-06-24,1.5777660935495643,19301836.59258653,199637.2253904805
2016-06-25,1.5437840624327186,18899804.17244568,152824.43608646572
2016-06-26,1.4802861725373602,18134176.183218826,71532.40040654584
2016-06-27,1.4817432543617035,18165551.44805091,173185.31840250027
2016-06-28,1.4778812047983834,18130611.15131765,158996.17203794894
2016-06-29,1.5387709741232165,18890974.222263426,288373.72760566435
2016-06-30,1.6212673232303971,19916776.200619165,303833.97484580416
2016-07-01,1.6779982773760955,20628577.536814507,147138.42124764604
2016-07-02,1.6886916077372205,20766850.537926026,133900.74236719005
2016-07-03,1.721802213764919,21196866.00134999,302534.7505030618
2016-07-04,1.6987019646677934,20927459.523972627,144217.184074962
2016-07-05,1.7300363317612732,21327893.08806197,152096.58638348742
2016-07-06,1.9342640253662504,23861309.260073066,505355.5553043448
2016-07-07,1.8984534005635851,23436543.918602303,1497252.0120453788
2016-07-08,1.960786614468885,24222038.22552239,421242.2447930048
2016-07-09,1.964790450697284,24287886.832464226,312538.8343037559
2016-07-10,1.9110378785039936,23639509.891526222,222932.73904002595
2016-07-11,1.9777537788640835,24481413.53201472,207256.2934086425
2016-07-12,2.007017994995646,24860925.88295709,333736.3807851212
2016-07-13,1.941237520631682,24061617.714616973,285637.5427059207
2016-07-14,1.9518110937878856,24209425.528574605,296109.8550845044
2016-07-15,1.9698990712947304,24450410.911699053,298853.98765725724
2016-07-16,1.9930968025691853,24754320.08771656,67558.34999794207
2016-07-17,1.9999878178483432,24856264.59768532,166960.7465039381
2016-07-18,1.9584082166461565,24356979.54190463,106649.30489382714
2016-07-19,1.9067666314285217,23729886.15065804,200276.26508795557
2016-07-20,1.8665316727026693,23235950.696455576,176044.4152842847
2016-07-21,1.737452678837221,21650265.784587026,135696.5630723655
2016-07-22,1.8121007890391376,22595418.16507419,154272.0384152367
2016-07-23,1.8241575563610093,22760199.894787066,155298.48356811906
2016-07-24,1.8806002798879176,23480016.64490813,158759.59178880576
2016-07-25,1.8555356834675216,23181557.98980392,87988.4271240427
2016-07-26,1.8153803119147,22694906.16956945,258803.3362644396
2016-07-27,1.944107709559002,24319718.18734286,277715.2291764757
2016-07-28,1.8433856286634345,23075009.115646016,186429.0875636196
2016-07-29,1.89302910309255,23712370.28576095,106818.8200758345
2016-07-30,1.9113895151327391,23957862.70089526,70350.01287155796
2016-07-31,1.8128053178688963,22736788.020024057,139879.80992298236
2016-08-01,1.692947964848935,21247500.87699729,162961.15830781
2016-08-02,1.4117221078143478,17728308.82110714,266466.44919409096
2016-08-03,1.570935389602665,19741132.867540263,171145.1959056944
2016-08-04,1.8591147462530428,23377098.15876032,504614.1331822543
2016-08-05,1.7950346924982286,22586743.827270653,132506.0347162258
2016-08-06,1.8782838102985415,23648092.79515218,249643.2014116354
2016-08-07,1.8964147683296744,23891903.705795903,255511.8410114484
2016-08-08,1.916616551378325,24161431.731941275,192405.40160374405
2016-08-09,2.0386676433204,25715360.18998836,245224.39484185132
2016-08-10,2.017131657963469,25461242.33551223,206157.8438494856
2016-08-11,1.9913662434364103,25151405.70337288,165074.67643964424
2016-08-12,1.987704642984467,25120909.43373414,164771.1473867399
2016-08-13,1.980713056260521,25048485.529229578,115506.61813058016
2016-08-14,1.975692330919856,24999802.242221937,316831.5827668113
2016-08-15,2.1958880666010963,27804822.186453864,787069.4255220069
2016-08-16,2.195330297834734,27814261.892358348,749706.8039633147
2016-08-17,2.222957043734582,28182349.301266115,445234.66675430175
2016-08-18,2.162853247941972,27438261.26569982,365422.5287925899
2016-08-19,2.2943648051281063,29123613.722850624,314738.0854750557
2016-08-20,2.444682758884357,31051084.278948966,1833927.623498512
2016-08-21,2.5326333711033917,32187153.936451755,788629.441704209
2016-08-22,4.294502392795717,54614264.849283725,18601185.84947094
2016-08-23,4.600108354981653,58539971.50176677,21178780.52038056
2016-08-24,4.425438648350407,56351358.432279095,6420591.440183781
2016-08-25,4.1641941647687455,53059112.67055383,7492393.753896514
2016-08-26,4.177906717513859,53263765.085793056,5682586.671502117
2016-08-27,4.971299524721866,63419474.53541887,6722947.4958309205
2016-08-28,9.284836841372028,118515399.23251966,62363601.84855838
2016-08-29,8.585898036820147,109665220.0574652,43395298.1367386
2016-08-30,8.426700514137064,107693957.26691587,15633522.254105356
2016-08-31,8.349169948162027,106773234.64452086,20095051.845574085
2016-09-01,8.081834315815994,103416558.1443524,11805783.051981736
2016-09-02,10.04056671256892,128552317.50706664,28922369.454902813
2016-09-03,10.824440962554984,138684079.8429338,54142340.589312725
2016-09-04,13.391932045156198,171695844.8256845,34465235.820682585
2016-09-05,13.860164850800878,177789019.27694243,25079676.085129645
2016-09-06,12.31884958618283,158116043.86158538,23579051.070161827
2016-09-07,11.837880364259174,152041521.11313516,23585399.896864846
2016-09-08,12.7580353880275,163956804.34467152,17959454.35375585
2016-09-09,12.264759800998672,157714643.55496788,13728221.336329956
2016-09-10,12.234588642536073,157417619.40099782,8122896.17467657
2016-09-11,10.740823554298125,138273313.14755407,15130130.75476991
2016-09-12,10.143031001263576,130656642.40029664,11938129.065714968
2016-09-13,10.556463556942798,136060611.97712085,13937173.030672953
2016-09-14,10.460733589573316,134908869.65951505,5370531.695697849
2016-09-15,9.387329014056226,121142645.45411332,7123571.932351059
2016-09-16,8.918593754285597,115159023.01783666,6810575.629086499
2016-09-17,9.616850840169263,124245587.22597648,4890689.45902831
2016-09-18,9.444793368628556,122094997.2891494,2683878.315983006
2016-09-19,10.619964433159188,137364609.63842124,8459270.633988613
2016-09-20,11.022006775168649,142647307.6745375,11689724.85648288
2016-09-21,9.790494142668503,126780319.93549328,6069235.426336998
2016-09-22,10.13962715859407,131378266.94634056,3966125.176569908
2016-09-23,10.703408388015138,138762636.20448858,3332673.0831717844
2016-09-24,10.716065161734363,139012483.6044338,1673439.9600189747
2016-09-25,10.246757748515725,133004216.91396818,2096431.876723016
2016-09-26,9.264031211768938,120310555.95046778,7015328.9233561065
2016-09-27,9.281556280939238,120613387.6376602,2310717.055806504
2016-09-28,9.367623064652108,121797319.86733817,1866128.746396432
2016-09-29,8.47494232547634,110254558.78466862,4915429.48632766
2016-09-30,8.387261674857543,109181145.30341136,5245622.810310374
2016-10-01,7.36207898232911,95885954.73786496,7929762.667028675
2016-10-02,8.401317610661257,109472974.26379384,4896369.8634017445
2016-10-03,7.879024746090933,102734587.90623018,3212825.91877853
2016-10-04,7.615309894620611,99356833.9654667,2314313.14096648
2016-10-05,6.649179755788133,86797235.57478078,9007579.11296577
2016-10-06,7.16740680435848,93616653.93072002,5190488.562231308
2016-10-07,6.777530992854168,88568131.14917395,4243259.349787392
2016-10-08,6.868087672457196,89809600.65278773,1812441.0682465995
2016-10-09,7.608399908184388,99539547.1303902,2826335.2188605624
2016-10-10,6.877172856708637,90010776.58737393,3365671.50409117
2016-10-11,7.315890221490362,95822015.73180492,5966680.90087886
2016-10-12,7.306206907120727,95749098.18540516,2006667.0030735529
2016-10-13,6.902943632749024,90517181.57936946,2009608.675804975
2016-10-14,6.926140639232628,90869787.7428234,1658786.4534514872
2016-10-15,6.549296729965255,85969670.99072543,1655122.3379404754
2016-10-16,6.388134913435826,83901981.14965318,2502457.7451700578
2016-10-17,6.268303185614658,82377288.26896557,3763451.3385084886
2016-10-18,6.655139409059637,87510684.18198483,2397936.2847062987
2016-10-19,6.627880171831723,87199493.38853857,2239274.9413060043
2016-10-20,6.53661440013277,86041599.15446445,2329085.1876537628
2016-10-21,6.775217671730011,89235619.57954139,1993375.9806636807
2016-10-22,6.461040494607366,85144069.75493248,2211632.4776362767
2016-10-23,6.454750654487313,85107004.05127844,536882.6156055011
2016-10-24,6.373855114105026,84085636.72771965,601427.6748026615
2016-10-25,5.921515979673036,78157929.53477296,2647340.3033227986
2016-10-26,6.062686705559569,80045858.70485099,1812847.571402804
2016-10-27,6.25182610367327,82608948.10054012,2033159.30899055
2016-10-28,6.290437533557964,83145002.9594335,2044919.8437846992
2016-10-29,5.042012457980909,66692130.713251546,10767510.519565536
2016-10-30,5.578522121675159,73809180.73691067,6108351.735440599
2016-10-31,4.85122932309245,64222014.59420681,3202596.360583759
2016-11-01,4.703020075375469,62311822.64809378,3635245.096176215
2016-11-02,4.505286463796097,59720811.37858474,1856744.9415943967
2016-11-03,4.928412819770704,65364617.61542155,4972476.79841213
2016-11-04,4.822529713204425,63984422.421739936,2522780.4704413544
2016-11-05,4.99459931045027,66312460.9467634,582436.2228399375
2016-11-06,5.00794143922631,66526260.29372251,647561.4447234995
2016-11-07,5.737870616956291,76264178.5957062,3755670.905027698
2016-11-08,6.308477452991585,83883219.07859361,8233487.372215489
2016-11-09,6.146599242767127,81784350.6961426,8208444.729326445
2016-11-10,6.087986181373301,81041031.66752663,3376951.9511986314
2016-11-11,7.055988448643933,93983536.4435874,4062336.219618068
2016-11-12,7.427513208509762,98977354.97110276,7638901.383508076
2016-11-13,7.189609660581257,95865687.2350273,7266255.886271138
2016-11-14,7.655779775703912,102121326.84278868,5941645.901399896
2016-11-15,7.334218923630828,97894095.82333311,3590607.716691246
2016-11-16,6.731561467361733,89902332.51688366,9027732.240058366
2016-11-17,6.749406209644976,90187995.55951165,5046126.881356222
2016-11-18,6.7288284406002505,89955809.89276451,3756016.583476368
2016-11-19,6.555522977618484,87688674.78313302,2599922.6386841526
2016-11-20,6.658089571198147,89104520.29002939,3433764.698153728
2016-11-21,6.769916413108199,90646364.48629092,1621286.6928045908
2016-11-22,7.656400316633703,102574448.82441013,9997558.316378014
2016-11-23,7.8917992580379615,105779404.41655453,4215568.197871184
2016-11-24,7.752117450477284,103960864.11818612,5496756.70569001
2016-11-25,7.447769426899626,99933976.52813408,2489681.048465855
2016-11-26,7.560535205527504,101503141.3034721,1545568.00258023
2016-11-27,8.022465870477925,107756100.9218243,2323013.219609171
2016-11-28,7.84919522903191,105483081.9639291,1968418.9152648323
2016-11-29,7.574703605051633,101835406.02363329,2459623.797630141
2016-11-30,8.835939348657007,118856744.17973192,10348216.040923584
2016-12-01,8.60505735276165,115815053.86806612,5653296.218658434
2016-12-02,8.020237403953844,107980434.20718296,5828982.2160624815
2016-12-03,8.181950333644204,110214299.2313772,2054734.3490929431
2016-12-04,7.799003732831211,105095053.6555654,2144110.4514103206
2016-12-05,7.814506432684753,105370515.6015832,2838566.9586881422
2016-12-06,7.521478550919377,101453831.986525,3465915.76043666
2016-12-07,7.712972662710893,104036809.69663636,1617634.6952068764
2016-12-08,7.768866662968819,104922242.26392546,1498387.215266832
2016-12-09,7.949858794972534,107366627.15889049,1220096.8333917835
2016-12-10,7.741635828861443,104669920.16090833,920730.2596751632
2016-12-11,7.912182688362569,107031568.67368066,1463882.466039088
2016-12-12,7.946038494878624,107525983.61762142,945206.2253920446
2016-12-13,8.035662291143773,108803261.16953892,902475.9844417908
2016-12-14,8.378278684033669,113507302.60350212,3216210.8105633254
2016-12-15,8.482201682211098,114970645.54926115,1151221.8610780705
2016-12-16,8.456029718028518,114675965.0273498,924713.2318791654
2016-12-17,8.329454560376174,113015613.74209584,991466.9790718444
2016-12-18,8.591929232404569,116634425.4822426,1996012.9969642984
2016-12-19,8.58645834830395,116620109.52832888,1926485.4846019244
2016-12-20,8.410557337865527,114285226.73746216,2006890.517574642
2016-12-21,8.420278618408233,114471431.1825902,2682941.111267216
2016-12-22,8.864425722604963,120551633.51260608,4190083.93802632
2016-12-23,9.466088492593588,128815317.89255844,3823671.4109354895
2016-12-24,9.595362855209284,130641018.79948008,1508133.8252694453
2016-12-25,9.71396958238851,132318360.68199556,2136208.321896027
2016-12-26,10.211971388656025,139140949.0984844,2129630.1467385995
2016-12-27,12.45971245238636,169884653.189664,10924673.519908143
2016-12-28,14.126520823202627,192713658.0336305,13502874.372732468
2016-12-29,13.006026887312204,177508596.04287666,7676085.002298078
2016-12-30,12.85032767675754,175469605.28483692,3378979.84391319
2016-12-31,13.845858127575775,189157143.07587248,4483506.76069017
2017-01-01,13.617866398372556,186132429.6352885,3153325.3417176423
2017-01-02,16.0016050774039,218822701.50893697,12259973.336254876
2017-01-03,15.738388486333896,215326446.0833452,14454988.31957613
2017-01-04,18.186807213106334,248854466.1174724,8942980.539147517
2017-01-05,15.86992803075172,217152049.8974312,6724535.469654324
2017-01-06,14.02260982416945,191874749.6730782,8033753.646035837
2017-01-07,12.903831799169875,176566240.331505,8519597.010588681
2017-01-08,13.432254353817802,183796773.49658823,3210616.5340109025
2017-01-09,13.545967982116982,185352744.47759035,3923199.6166333626
2017-01-10,13.30147889730775,182007341.4082762,4002672.629502729
2017-01-11,11.606120465949212,158809343.41061538,3414941.191136436
2017-01-12,11.801540664726684,162114742.91694027,2336818.956713381
2017-01-13,11.197960820628492,153926519.95863166,4824993.492025115
2017-01-14,11.10801672722651,152760522.95345238,2999362.3577426146
2017-01-15,10.724877236830787,147557687.21907455,6733195.128368363
2017-01-16,10.60255099136707,145945047.42065495,2966899.691320769
2017-01-17,12.367984961630716,170323144.72621036,3598577.650505149
2017-01-18,11.922979828619374,164271453.79840606,3556067.4805203923
2017-01-19,12.184811727125888,167956712.06712285,3199811.1487829145
2017-01-20,11.680486531048478,161070568.64401063,3256418.3211578764
2017-01-21,12.030519015275562,165984986.64012384,2548430.718797809
2017-01-22,11.997854859897297,165607458.4402449,2208773.0055585457
2017-01-23,12.210301833715793,168615196.06935263,2181587.470261028
2017-01-24,11.669316249968505,161222421.44947863,3399317.556929996
2017-01-25,11.767229962261164,162643804.86872295,3427840.20505529
2017-01-26,11.937595037288713,165077433.33541197,1796388.2798513216
2017-01-27,12.20494371068697,168849183.9210055,4053305.7150135688
2017-01-28,12.905268858560513,178623478.14574996,6169763.678408348
2017-01-29,12.57688699539646,174154669.60265383,2792038.468143634
2017-01-30,12.70623427320677,176023364.20065525,1923998.667229097
2017-01-31,13.105214265871655,181636487.41584095,8630856.02312498
2017-02-01,13.288737982247138,184240618.0783509,2642330.950610361
2017-02-02,13.111849330716762,181891245.23351556,2536305.501318618
2017-02-03,12.681662610564684,176003202.75881597,4845544.775661517
2017-02-04,12.501573279802203,173581182.0920138,2835366.194276378
2017-02-05,12.678582524881406,176113993.2423119,1801621.4520631607
2017-02-06,12.714758023594957,176698619.7429261,1883888.4222132177
2017-02-07,12.90477598471697,179384464.57733232,1971465.7097676331
2017-02-08,12.733208708733171,177110885.75057447,1766261.0080236944
2017-02-09,11.99669658461475,166941650.8772455,3518404.1768902643
2017-02-10,11.985494007685777,166861112.70646876,2228734.073027644
2017-02-11,12.324012820331214,171649996.69476545,1974786.8324129384
2017-02-12,12.527149489748709,174554916.99244264,1953957.743577248
2017-02-13,12.263756269296476,170959975.49813542,1381562.4769453132
2017-02-14,13.088476998328233,182536140.88523296,3522164.8711444964
2017-02-15,13.67784295611468,190781631.0665527,4172222.948121156
2017-02-16,13.14482815714762,183350267.4947852,2824858.671174501
2017-02-17,13.370369776159563,186496228.45240796,1472393.1996153807
2017-02-18,13.415080301622368,187119871.96493116,1659593.903870397
2017-02-19,13.055981901163562,182110997.98088676,1397665.2654695213
2017-02-20,12.300152230072271,171568328.97690064,6432205.826465795
2017-02-21,12.429436482033609,173371646.74542427,4584079.880849931
2017-02-22,12.817654902648592,178786700.5152566,2092999.149779796
2017-02-23,12.866310700860552,179465374.5542538,2445327.339979981
2017-02-24,11.94551120377906,167329591.2186017,7064968.355904688
2017-02-25,11.95611066075226,167543286.21847895,2572173.7954866206
2017-02-26,12.103433120200991,169682979.21624386,1636870.0564190352
2017-02-27,12.103736158357222,169765865.6059195,1073132.263191756
2017-02-28,12.257812335811042,171999195.64925808,3440068.4438457824
2017-03-01,12.416651165007323,174295065.40004548,5160437.006187534
2017-03-02,13.129643255601543,184385239.11465564,5606604.319723707
2017-03-03,13.9615057467122,196150876.56839865,6377557.369810176
2017-03-04,13.818753891952316,194225308.24590653,1734109.468071521
2017-03-05,15.24192038042002,214317816.0969552,4443998.246505334
2017-03-06,15.522192427123835,218356020.50654596,5668538.671201916
2017-03-07,13.799736131308888,194209703.2608632,4011833.2784229415
2017-03-08,12.522390811305074,176305582.8150783,3235732.987914748
2017-03-09,13.10900807479662,184639303.79484823,2736010.858205609
2017-03-10,13.041845958784137,183776003.15963867,8636046.672367541
2017-03-11,14.631910233654516,206269623.38183492,5620813.971181233
2017-03-12,16.808641571755423,237055314.45059124,14478141.145632666
2017-03-13,18.40310581887672,259652695.75136736,15537522.19314183
2017-03-14,17.965944267753844,253593597.2000255,8414852.4647088
2017-03-15,19.011179852545045,268461167.2244352,10309403.396535952
2017-03-16,22.01560570057608,310975626.2035825,24695253.78659813
2017-03-17,21.196304999916915,299558730.47138584,29349931.41387033
2017-03-18,19.981642083798235,282506090.6038071,13517870.539740697
2017-03-19,23.04494444924293,325951980.64975953,18399517.73309383
2017-03-20,22.267150899743196,315083970.6470191,7987703.353678687
2017-03-21,21.29529273851149,301456781.569858,14536401.011844598
2017-03-22,21.10021068794371,298820466.35549545,7791316.97817833
2017-03-23,21.687138680293454,307255009.58686715,5824121.416683202
2017-03-24,21.175272326497243,300120649.7786516,11093821.256126856
2017-03-25,20.54578823500266,291322511.809138,8721271.410944352
2017-03-26,19.38578033553068,274992043.5756849,6246002.901904052
2017-03-27,18.718175132239622,265626160.439213,8418783.197589442
2017-03-28,19.61003397379936,278403338.56548595,8798893.467420943
2017-03-29,21.007158929475928,298362388.49502325,5016607.465266624
2017-03-30,21.076320585119152,299458833.30379254,4547847.862236541
2017-03-31,20.588591568108477,292646899.384024,5323085.538142516
2017-04-01,21.145255808335406,300688624.8018775,5792597.182638495
2017-04-02,20.18990408355015,,5843973.157247414
2017-04-03,20.08231710201683,285800411.392229,5359223.072690271
2017-04-04,20.273528063576787,288635415.17929846,4414210.268899729
2017-04-05,19.746646848811533,281251945.2405001,8010143.880052483
2017-04-06,19.254837614742407,274359986.12097645,9470286.082246704
2017-04-07,19.57118397177733,278972588.27207494,4735349.965223327
2017-04-08,20.95265553415365,298789938.45967025,4919420.000583782
2017-04-09,21.0060621098574,299590747.4715562,4897966.357720501
2017-04-10,22.184168457101887,316615713.29252136,5908301.248339945
2017-04-11,21.663076125991505,309301198.2901382,4857335.249223479
2017-04-12,22.0451286247638,314880668.81641144,5847016.505260834
2017-04-13,21.561183188318704,308083649.95308024,5383974.144255972
2017-04-14,20.81665634455224,297566712.53237194,8423273.52266186
2017-04-15,20.81205058563274,297610908.1551084,3948054.021347011
2017-04-16,20.44947154802813,292529976.787144,3812422.56012137
2017-04-17,20.677826911095867,295915749.0914649,5487749.635001385
2017-04-18,21.070967931043555,301663481.6493099,3936960.039987925
2017-04-19,20.578064607745997,294716160.383093,5426387.822818405
2017-04-20,20.83061139371272,298463270.5857578,5501327.882688779
2017-04-21,20.722409102495025,297021107.3386559,6692117.065905154
2017-04-22,20.37891379280524,292218930.5919824,4679630.563338783
2017-04-23,20.30505480307094,291270467.87009144,3585836.646397126
2017-04-24,19.6942517530498,282621079.6557772,4452545.213337742
2017-04-25,19.672488284602007,282419481.1805083,4688324.812932618
2017-04-26,19.54708001939197,280722574.918975,5577720.542658703
2017-04-27,21.64718014365372,311015168.00418025,13333452.309646102
2017-04-28,22.603891921960894,324891796.43737906,11039760.25682782
2017-04-29,22.9625147559552,330169182.0702136,10261275.503246829
2017-04-30,23.83172529281425,342805593.59991384,10820846.561525004
2017-05-01,22.26076214305935,320316918.2696968,13287337.228702528
2017-05-02,23.009420156335946,331225711.24173063,7494936.820900035
2017-05-03,25.312554196193528,364521536.7196277,12935960.308620784
2017-05-04,25.45821165229797,366760034.7281411,13607064.506059548
2017-05-05,27.77958136569222,400360771.1805873,24328172.97947499
2017-05-06,28.590766510601547,412204631.4530128,13738067.740996923
2017-05-07,31.996575365260007,461493517.7534239,28524581.2048708
2017-05-08,29.227605861226657,421712937.0599953,24161233.471472364
2017-05-09,28.17427079633151,406666156.8320632,19891653.760328457
2017-05-10,29.52672905198395,426345121.6399375,12657399.110498372
2017-05-11,29.353682973813765,424025780.0909783,9165817.227331009
2017-05-12,28.843081470412557,416803034.67838687,7524695.670573773
2017-05-13,28.268921842986312,408653442.26199377,6992881.166629143
2017-05-14,28.20086505781154,407829601.9191824,6975827.81171301
2017-05-15,27.295225053419685,394883678.4079797,7580306.864497126
2017-05-16,25.961708675472515,375720314.3137624,9047446.580402188
2017-05-17,26.779160834860157,387707780.0756369,9908702.797460616
2017-05-18,30.322202789965125,439160859.7264695,15211109.09443492
2017-05-19,31.8289693840181,461158606.2919376,11087460.853061607
2017-05-20,35.19448902802148,510122121.9055288,22339398.65551728
2017-05-21,34.81173698047183,504761030.7300157,9962403.429256538
2017-05-22,36.43454501760242,528477173.08403015,26854013.633827157
2017-05-23,57.59854660575325,835691956.0380396,73150500.36336842
2017-05-24,46.140172597237,669703796.0310537,83388084.79375763
2017-05-25,41.350743808719216,600455432.7194698,49685194.8325372
2017-05-26,39.1026233969597,568042949.8299189,23092261.02930138
2017-05-27,34.25616898837956,497819520.0868997,19481905.156608816
2017-05-28,37.71071282448845,548232271.6176484,18080009.06887103
2017-05-29,41.41065337845054,602236415.813061,28985400.330241363
2017-05-30,39.66362936243096,577038894.680636,20461419.344642986
2017-05-31,42.52014605409539,618826427.5908473,14118162.45316472
2017-06-01,44.36738037555318,645948018.4412069,11689684.614512935
2017-06-02,44.68316059092248,650788830.7728629,8365078.214027923
2017-06-03,42.714711725492,622347796.9278941,8954588.394548517
2017-06-04,43.57420464622147,635103183.3016536,9186755.879433837
2017-06-05,48.83887944276057,712112619.5173727,15968954.314129071
2017-06-06,56.29142508185802,821044941.4624745,34158831.054002896
2017-06-07,53.41949986230217,779424798.3099002,46699722.45715847
2017-06-08,56.46274152448485,824148412.7568933,12996442.370486254
2017-06-09,55.77061057674808,814347397.5768197,10550718.607552726
2017-06-10,52.88906557429661,772548888.3936522,13127143.572947714
2017-06-11,58.85364627614922,859956708.1458505,13844351.403238809
2017-06-12,50.77144061874547,742158539.7033174,23207104.248970613
2017-06-13,52.310424555625104,764911432.412884,11918505.47229636
2017-06-14,46.94863621613262,686763007.3673204,10929204.66866998
2017-06-15,46.35996604425052,678385012.2457895,12590445.698537292
2017-06-16,48.40776496251745,708611790.9574307,7639625.751890541
2017-06-17,53.23323487926358,779524388.3479981,14691209.176313937
2017-06-18,50.87435628490043,745237891.9775673,8904559.293350868
2017-06-19,51.224227152274665,750638441.6352999,11589931.717744192
2017-06-20,52.66272975132795,772018924.0691366,14793721.501610056
2017-06-21,49.88032424284562,731481786.615731,10677274.255921558
2017-06-22,50.89015439011951,746548488.652484,6675411.604535115
2017-06-23,51.97470023371491,762740576.1614196,7824707.537924649
2017-06-24,49.17602753327132,721906985.5740476,6432959.4740063865
2017-06-25,46.78780218627968,687097917.7410069,6680541.635993823
2017-06-26,44.33718210025548,651320786.7108921,12028540.572801996
2017-06-27,43.59533670317364,640672883.0375162,10006854.197809769
2017-06-28,47.49692325703478,698239682.1170052,9130117.707800845
2017-06-29,45.550833185070914,669790702.2090795,10129991.96829481
2017-06-30,44.08947274505444,648531409.8855408,9419636.501256423
2017-07-01,41.43708849629505,609745887.0441232,7512583.676135759
2017-07-02,43.07663868706923,634157001.0189197,9583634.061836144
2017-07-03,43.84383764730524,645669124.9624877,10860397.726824503
2017-07-04,45.65110846804559,672455938.2512144,6866981.47184246
2017-07-05,46.064323293454095,678773327.405996,8753580.252822444
2017-07-06,50.3007123784012,741457449.6109734,13461785.894638538
2017-07-07,44.32832249311114,653628119.0358776,11649831.307392474
2017-07-08,46.49409108483501,685811323.0173143,7614294.138204683
2017-07-09,45.326509667358906,668825466.5348798,6054885.141076202
2017-07-10,40.137482822180615,592469303.6632425,7114605.092491482
2017-07-11,37.65910808886839,556067272.4688019,12783586.114545606
2017-07-12,40.30679288232391,595441207.1893214,8912976.843030008
2017-07-13,38.479816153331,568579264.1944488,5347127.187147432
2017-07-14,35.535235645376595,525264334.4387837,3601615.934416351
2017-07-15,32.54731997798532,481236829.29037625,4409132.188546969
2017-07-16,29.443827523138552,435512427.1553442,6324125.444320371
2017-07-17,34.356813071987126,508351961.05957645,6610690.050170268
2017-07-18,36.55165916040621,541010756.8711907,6001266.299662879
2017-07-19,35.50720487978638,525713745.7469022,4805680.876692737
2017-07-20,39.6580289062429,587381451.0730175,9401891.413624551
2017-07-21,40.17245399977684,595172903.2660859,4970147.008874408
2017-07-22,44.26648491055911,656099424.4865843,6060046.686629622
2017-07-23,42.433127643870456,629143677.9686505,4315027.593046141
2017-07-24,45.496355818392246,674780338.72938,7022953.629395826
2017-07-25,40.90742381056662,606931338.479929,6873990.374926756
2017-07-26,46.0336309006859,683232807.0386925,14954349.973597428
2017-07-27,45.15350185605167,670390339.4696469,14562231.110003768
2017-07-28,43.86135377595178,651413430.9452605,17474237.180403363
2017-07-29,43.886444345675045,652005587.2746176,6538909.276432608
2017-07-30,39.722863920915024,590340587.4262642,10684285.233162211
2017-07-31,40.1376100226832,596707264.4937906,12446658.271480452
2017-08-01,44.35954105495626,659686748.8225754,16430725.103312183
2017-08-02,43.61891023213212,648878180.0314647,7245795.325624935
2017-08-03,43.4458156622309,646523699.7420074,7975971.613765676
2017-08-04,45.17977124350545,672549553.573208,7342110.213869264
2017-08-05,48.38713409744116,720536539.6543218,10570713.79615218
2017-08-06,47.45209129983255,706823954.6152121,7586537.190814043
2017-08-07,49.60161890482623,739103058.952751,12431487.840110652
2017-08-08,51.82884706697905,772550843.2417529,11136541.229733247
2017-08-09,50.83201844426921,757939147.464301,10211471.242975082
2017-08-10,48.94694911626044,730076246.8432376,8191184.103948194
2017-08-11,49.94510036276834,745211313.9786246,7520313.202940037
2017-08-12,48.711290335086886,727021317.7818184,15248027.49542114
2017-08-13,47.44257259990344,708316897.2779694,17986677.688377704
2017-08-14,48.42358433007387,723205360.3451353,12539253.12458362
2017-08-15,48.57370874261497,725670127.6250733,12585007.659209022
2017-08-16,47.55222486061342,710647077.5629289,11586592.122536866
2017-08-17,47.93314946153165,716339828.1168274,11540588.601585831
2017-08-18,46.648751832186974,697567988.2653388,13450375.068697704
2017-08-19,55.02915975877247,822885474.1269338,22901119.76488949
2017-08-20,54.175220789807526,810115990.1582063,15305991.797941629
2017-08-21,76.39032471925023,1142312345.8702228,207975495.63855717
2017-08-22,89.31005752921969,1335509198.3304353,147303312.17722997
2017-08-23,89.13238644774837,1332852371.4270976,75180446.8081633
2017-08-24,83.74562722975224,1252300788.7291312,61033897.58338516
2017-08-25,104.76474844735738,1566612866.265863,89667356.95143531
2017-08-26,131.41366874653298,1965110853.7235427,280272195.8188161
2017-08-27,125.47827592269728,1882013777.60383,82840313.5684895
2017-08-28,141.12082073779789,2117098645.2122447,194059082.64542395
2017-08-29,128.53144382983763,1929041167.591673,91841602.35758618
2017-08-30,134.3158129310262,2016423931.9441807,60361610.093369976
2017-08-31,140.69933130906284,2112950097.4438813,64430168.36393897
2017-09-01,141.71472209915268,2128896941.8389764,71317158.26421884
2017-09-02,123.15463232201924,1850654019.65504,60418952.12201709
2017-09-03,127.24361236130352,1912666685.4917543,52503491.67417496
2017-09-04,107.98210030997107,1623643696.1437967,53608519.73478221
2017-09-05,120.32322306880516,1809780635.592114,51424664.56722871
2017-09-06,123.33405985280898,1855637027.6004405,33252311.246663906
2017-09-07,121.56268926627467,1829574027.6064289,28094591.620580595
2017-09-08,117.27036828288912,1765545500.9648485,53257721.39061835
2017-09-09,114.6213155705395,1726183028.6918252,20524098.80431192
2017-09-10,110.98677813036606,1671949997.3745334,24718858.47173986
2017-09-11,111.65081732866987,1682479452.7729886,15143431.928104153
2017-09-12,111.25514580916403,1677045493.5032375,23684986.53766531
2017-09-13,110.8417306692396,1671298217.0461557,47052006.88403893
2017-09-14,84.38970889255788,1272868460.572698,58874203.799524456
2017-09-15,97.67535757166544,1473691804.016853,70843284.12791649
2017-09-16,94.75400899648274,1430046833.592753,28940293.86282211
2017-09-17,92.44052337190124,1395558589.1350496,27345245.957440622
2017-09-18,100.82554194979824,1522579011.351105,37741921.99392566
2017-09-19,98.10866622779756,1481922181.156257,45967434.77527852
2017-09-20,94.89187883183224,1433332909.918216,32891624.245307527
2017-09-21,86.3067651861053,1303655575.300193,31960961.07330837
2017-09-22,88.36311829760595,1334716595.752218,27124996.164614297
2017-09-23,91.53831890609052,1384444392.0294075,25552983.26983873
2017-09-24,89.4554240801023,1353363149.3751247,21583011.09026085
2017-09-25,92.68492927957328,1402639962.45808,26900434.774278224
2017-09-26,92.70395010169494,1403349800.9288552,31500220.324637804
2017-09-27,100.52503048377017,1522193941.023569,47917968.561102815
2017-09-28,96.33189037234084,1459147235.348638,39132593.30876263
2017-09-29,93.96151863342358,1423669694.7641466,36205071.286650926
2017-09-30,95.05514858064228,1440659634.0941577,27203238.841737986
2017-10-01,92.98669800462947,1409725300.0326753,24724850.77360643
2017-10-02,91.33376791074696,1385097323.1317935,26596376.073363237
2017-10-03,93.17102226796526,1413373381.8546176,43659929.5618929
2017-10-04,90.54464189065548,1373877041.2010975,28910000.89776913
2017-10-05,91.2670611556982,1384838653.30358,26913188.41926052
2017-10-06,90.63280384594717,1376083117.4956386,23595372.54007041
2017-10-07,91.20549992589592,1385201588.8135295,21585274.018921006
2017-10-08,89.36598757846933,1357666671.4175224,27766619.4249203
2017-10-09,85.39153458930122,1297649210.5080016,35345279.94688725
2017-10-10,86.89056510447197,1320810185.8966177,31190974.78025428
2017-10-11,87.29496396576502,1327368375.804458,20705939.05439849
2017-10-12,86.14572962426307,1310260266.0421422,30053069.952356312
2017-10-13,94.65491206464796,1439945516.831334,61462999.04890996
2017-10-14,99.78919410601554,1518051198.262484,36722943.43541477
2017-10-15,94.70747874017944,1441746533.8134775,31974708.27172588
2017-10-16,95.17208276694308,1449246024.0810475,30444775.07781368
2017-10-17,91.72870518112504,1397211545.5901914,42005257.13828128
2017-10-18,89.6752824320017,1366325513.9626305,34800372.30464187
2017-10-19,88.79590860544046,1353292713.1625862,33058857.432098445
2017-10-20,89.69886597163742,1367456520.7716334,36444395.49997528
2017-10-21,88.13795549251684,1344048294.3489215,24490959.88890756
2017-10-22,86.6802706949317,1322207760.459613,26159364.43643194
2017-10-23,85.92339647083902,1311042038.9755232,25387209.928520788
2017-10-24,88.80064900312259,1355335711.9256809,40850340.14629941
2017-10-25,87.8957767245852,1341908866.4599717,55604746.30627452
2017-10-26,87.88688549038667,1342120979.8712368,27717652.79658701
2017-10-27,86.98352174257093,1328734183.0829906,27108211.23069941
2017-10-28,86.06437783707521,1315049320.5994103,24913914.937191702
2017-10-29,88.20394365058277,1348150442.4050791,36932458.737939686
2017-10-30,88.41241953709167,1351708217.7917278,27337599.345943924
2017-10-31,86.93068222286728,1329431097.0956738,27114442.413111765
2017-11-01,85.52871442718083,1308363534.929779,34980704.285582475
2017-11-02,83.53530552055612,1278208042.7805982,45365858.58358531
2017-11-03,88.17471676821543,1349585549.8328364,36351731.16569686
2017-11-04,87.18095271395492,1334736898.8125412,22082599.95950882
2017-11-05,86.76233862693775,1328714807.1528091,27038437.215628248
2017-11-06,103.7737740555867,1589696020.2029388,102491173.09092388
2017-11-07,100.9183413890416,1546358726.6382456,79721856.94976825
2017-11-08,113.67779811129184,1742368940.523683,78584604.40548645
2017-11-09,121.14079637839222,1857273875.040008,83388287.24215333
2017-11-10,106.17047640420162,1628238707.4319956,76413161.83152111
2017-11-11,119.31665432560862,1830325590.8873303,76348234.4328743
2017-11-12,119.19900335818971,1829060669.333068,124747197.9340882
2017-11-13,123.19209285291817,1890486022.9939325,86271438.67650677
2017-11-14,122.357519237998,1878522812.83343,42472092.7218549
2017-11-15,121.823631493868,1870851965.5038,45704181.407443
2017-11-16,119.992802328061,1843262953.35118,67883055.2447934
2017-11-17,126.375409321977,1941829187.21221,42614194.1142796
2017-11-18,131.235005280902,2017068251.49191,56891734.8969876
2017-11-19,129.10722187823,1984922445.42306,37828832.4781658
2017-11-20,135.977015182695,2091051276.03113,54827730.4216919
2017-11-21,141.934970742165,2182672573.63371,68013446.7904476
2017-11-22,166.633912897976,2563994518.05594,181133260.561433
2017-11-23,160.975645757358,2477585983.36589,103742285.353455
2017-11-24,160.961451766125,2478063520.09843,65265990.2315455
2017-11-25,169.134963544328,2604572560.09547,61629031.6915596
2017-11-26,164.191118128353,2529146128.9624,57926504.7015315
2017-11-27,173.454426618098,2672543135.5427,76199676.5165413
2017-11-28,199.984528637358,3082125358.15927,131607296.926166
2017-11-29,168.028176244776,2589619839.18459,160024704.41891
2017-11-30,182.016722401119,2806744455.70619,92753723.8373577
2017-12-01,189.811020124329,2927739130.85261,52350184.8046007
2017-12-02,200.828544238761,3098534606.89505,61715954.6534296
2017-12-03,196.708619003162,3035810608.46023,79549586.2025604
2017-12-04,207.474232628566,3201974729.06458,44301997.3792782
2017-12-05,274.480465185666,4238282232.34165,325567357.519082
2017-12-06,275.089428985514,4248820876.69707,299614816.723237
2017-12-07,295.866552052851,4570911003.70457,227201505.12076
2017-12-08,280.533028449609,4334019840.18061,200744853.71254
2017-12-09,268.931195907058,4154780437.60559,131218825.100945
2017-12-10,252.121699847537,3895086633.17897,136154508.156035
2017-12-11,281.488792843149,4348785666.03375,148729114.625442
2017-12-12,307.54026095121,4751260840.77578,189392738.52318
2017-12-13,309.416660654854,4788009326.13801,195120756.354799
2017-12-14,332.029082578244,5139272643.22652,264154605.197983
2017-12-15,316.768816808168,4904141964.99619,163427940.848841
2017-12-16,329.559217093491,5102160000.42149,150756720.516503
2017-12-17,348.280184420106,5393607292.84408,168269246.011639
2017-12-18,378.470787559293,5864472599.50222,169055998.184598
2017-12-19,381.974926332477,5920316473.51026,320617158.67764
2017-12-20,483.349533057516,7493525866.28799,557499252.894302
2017-12-21,434.519518729969,6737348975.97101,277360596.945688
2017-12-22,348.182489200874,5398668727.06897,312249020.624014
2017-12-23,378.485434244989,5868524526.31731,124246907.104679
2017-12-24,350.451261197961,5438815381.4651,105052786.922243
2017-12-25,347.940329815586,5401236748.45807,98106096.5377935
2017-12-26,378.049155719507,5870171497.1551,112747290.283737
2017-12-27,393.149509108009,6105307971.87684,136329617.632559
2017-12-28,369.387977823282,5736309758.68872,93490596.0940759
2017-12-29,367.526987844834,5711317937.33042,130861990.526058
2017-12-30,329.562074322178,5122587979.23777,96129965.6160746
2017-12-31,353.522170544144,5496114087.98594,81168943.7748061
2018-01-01,357.179637593928,5552975744.35028,92648925.6375476
2018-01-02,376.534960037397,5857333030.68151,187770146.03239
2018-01-03,395.262774498778,6150154381.8576565,137780042.61776698
2018-01-04,415.032997425882,6459402578.341488,166783955.96062383
2018-01-05,402.51063795503296,6266159223.343635,184858011.53306457
2018-01-06,407.58686038722,6346762844.144361,160475791.86151972
2018-01-07,465.7044641482299,7253578949.931827,268606424.16683024
2018-01-08,420.8859924270028,6557019072.215625,157777873.24869552
2018-01-09,542.3254860710418,8451244067.086767,528433534.6690055
2018-01-10,455.1325353514595,7094299201.729724,264188346.8909672
2018-01-11,367.972403285296,5737171811.066069,124483743.87140907
2018-01-12,411.1707824874278,6412248647.628119,103617763.7822521
2018-01-13,480.450132895559,7494631947.662809,255698494.1644
2018-01-14,416.5262978796929,6499113557.709274,140551210.9707039
2018-01-15,432.4156172420143,6748752050.195373,183953706.4283549
2018-01-16,325.29608548227543,5078194588.095118,220429681.81732836
2018-01-17,325.0722459289927,5075861388.681995,161818033.0559366
2018-01-18,330.94946895710524,5168966052.055568,144670057.6883104
2018-01-19,387.13478974720846,6048085259.896657,203291418.103216
2018-01-20,419.3047097504512,6552062942.045324,230195640.97614577
2018-01-21,362.901440629088,5672219919.912128,121088985.99798012
2018-01-22,318.0298748016881,4972060298.886978,95634330.91566226
2018-01-23,309.3324100362912,4837299396.269397,97938001.45282368
2018-01-24,323.68649824491683,5063051444.647775,48563954.634953626
2018-01-25,317.14746323029766,4961896384.043593,65253452.166659765
2018-01-26,324.6185345488618,5080121976.463362,87555403.44136347
2018-01-27,326.8994472464488,5116618706.820763,75024814.23622504
2018-01-28,329.9519637451684,5166102769.8251705,63865156.80416755
2018-01-29,315.81855629101125,4946065044.473488,50659854.25814156
2018-01-30,314.3769490001274,4923456140.783199,51377697.76614027
2018-01-31,273.61275031914323,4286163433.867402,86006721.5209635
2018-02-01,270.24170513831456,4234399712.1014166,57529021.37600143
2018-02-02,241.30406625905263,3781917850.0909343,67951423.72817802
2018-02-03,235.47398139050563,3691392563.459471,116027388.67829688
2018-02-04,246.86241108102664,3870905300.5135074,51301377.4226308
2018-02-05,223.62652173403225,3507347856.43004,46758592.64185643
2018-02-06,179.27708531560475,2812437063.8367734,73027099.39190271
2018-02-07,211.03977589318285,3311582137.1331964,99891731.40932168
2018-02-08,208.39995373777413,3270994824.279391,62323553.52696104
2018-02-09,246.49749335272423,3869929794.459952,74089122.6297329
2018-02-10,256.40641622825046,4026418927.358182,66764683.18254948
2018-02-11,251.989788043557,3957969834.168552,71689670.63601764
2018-02-12,232.736926712922,3656491221.256882,47474615.03546054
2018-02-13,248.01845151200885,3897505301.724681,44938899.16895806
2018-02-14,233.7635100626377,3674423654.858584,44290520.49066248
2018-02-15,271.9489490718044,4275624345.2408624,102357987.96144237
2018-02-16,303.97568684638355,4780195501.436187,80991118.68500046
2018-02-17,292.9088266761564,4607181680.954171,63464526.884550855
2018-02-18,324.6411867470047,5107655432.487138,122955404.3350254
2018-02-19,301.6875931406402,4747625674.369383,65272476.2866229
2018-02-20,315.752749158009,4970126987.803084,64603234.95472965
2018-02-21,309.2776451944807,4869380441.560046,63830908.44742939
2018-02-22,283.3815064524025,4463740191.804802,98374718.19566225
2018-02-23,286.8002667949038,4517551610.435935,104581451.71512446
2018-02-24,286.96723845138854,4521300559.764076,84903672.64115024
2018-02-25,269.50289242959894,4247160492.98934,48414102.57456661
2018-02-26,279.7170461915934,4409139519.863436,22844209.657680195
2018-02-27,295.7079304953368,4662222310.232072,41484420.15505235
2018-02-28,303.5079883780986,4786260578.632928,53954018.353165895
2018-03-01,284.56237360156905,4488622854.65709,42295477.62312502
2018-03-02,310.9334672870717,4905755578.52298,52132614.6305215
2018-03-03,344.8688071329691,5442330157.289266,167526059.40231302
2018-03-04,354.14877002899965,5590152276.756642,186665398.93503648
2018-03-05,364.4556126387441,5754233316.495309,116952823.18673134
2018-03-06,374.3831156754285,5912248803.168476,125294096.14127572
2018-03-07,345.60801033009915,5459099366.682517,89264820.27255069
2018-03-08,340.5332422980153,5380262793.952065,157244025.70398235
2018-03-09,278.8208460470412,4406236221.55361,118426952.89312278
2018-03-10,279.1770605807809,4412839009.067929,143526358.22564456
2018-03-11,257.3708238133131,4069068241.662167,78863171.19036171
2018-03-12,280.9024905979321,4442107715.56852,72372201.17235543
2018-03-13,261.3050828872478,4133182173.755562,68042712.268994
2018-03-14,251.24905531109465,3975046730.1936274,70506878.79170853
2018-03-15,215.4124268297321,3408816351.259486,76622519.27169335
2018-03-16,215.87117947960212,3416811835.128476,80353703.07321538
2018-03-17,220.49725632682535,3490857658.349474,65059099.82929494
2018-03-18,200.9340548487036,3181869122.8106127,51026770.77100181
2018-03-19,209.5780646717161,3319530648.65662,81083427.12839772
2018-03-20,217.044183081722,3438523989.781462,71322082.08408716
2018-03-21,224.0279147811789,3550014442.1086545,61823927.67118475
2018-03-22,219.760898850954,3483200797.0689707,56930039.02331437
2018-03-23,213.4671027614916,3384194523.083327,41568969.576545775
2018-03-24,214.40648957694376,3399822478.979129,39963315.830434576
2018-03-25,208.34102112509325,3304398807.4441543,24524184.627217952
2018-03-26,212.274655348124,3367541689.865756,24683018.774473008
2018-03-27,197.25324943637895,3129921655.775977,37428672.68949254
2018-03-28,189.05142182340649,3000451752.2844043,55017900.674273424
2018-03-29,198.8852734089553,3157237486.5711203,46599359.08288914
2018-03-30,177.15119049566215,2812835301.182984,54087342.28920788
2018-03-31,173.21387543719138,2750880227.0792146,43159779.94410202
2018-04-01,180.1851999126979,2862251990.984401,22046843.508599285
2018-04-02,175.88560568902207,2794613849.955819,30803233.604975503
2018-04-03,177.982206635055,2828495719.5951867,27751008.11140272
2018-04-04,190.1578865180024,3022673130.4618983,37157750.23375972
2018-04-05,170.7854668475819,2715357418.067079,38556165.37631699
2018-04-06,174.05635539649353,2767976794.4578524,40632399.88108178
2018-04-07,162.03471567798672,2577082431.778265,40237805.37671237
2018-04-08,169.64105235237227,2698181651.517045,30514767.627026755
2018-04-09,173.3026182989973,2757008965.57616,23243885.846517
2018-04-10,167.1305827602606,2659509854.9076614,22533037.20055367
2018-04-11,165.79715132619916,2638854153.849149,30071441.09008371
2018-04-12,168.2658906739213,2678757138.894113,39589115.009493984
2018-04-13,190.36962330080945,3031251514.0567,60771143.6502994
2018-04-14,188.3570421743505,2999853928.6975465,54096470.82386014
2018-04-15,188.59987666645787,3004393583.4982777,39916931.79129552
2018-04-16,199.05666813507943,3171674796.260328,47939108.885873325
2018-04-17,193.8437533490277,3089292355.5297823,38300354.8056636
2018-04-18,195.1463865866482,3110719656.894043,37424622.30248936
2018-04-19,227.67203405110317,3630011790.1201167,178265159.32794854
2018-04-20,238.7962894843737,3808132426.461494,87298466.25435348
2018-04-21,253.75215837780547,4047465935.888276,100664043.08411406
2018-04-22,256.99303316945327,4099747408.845228,86564854.23444842
2018-04-23,271.2286301283787,4328165311.309629,137768251.79180616
2018-04-24,282.67664274409026,4511801894.838425,106622989.6392206
2018-04-25,295.7264802748457,4721133970.415703,135710862.79652396
2018-04-26,257.18496115433874,4106709142.1005497,154854759.15533355
2018-04-27,267.7099901989602,4275678708.144575,146958752.82044813
2018-04-28,251.34498023083663,4015143815.579871,88444085.3687467
2018-04-29,259.1344986537608,4140445577.665318,81025276.22171524
2018-04-30,255.32664437114445,4080487702.745427,88390126.82140854
2018-05-01,240.88072582511555,3850396261.9869657,99733096.45911506
2018-05-02,238.6807558345803,3816079479.3265305,70234408.8168192
2018-05-03,247.78416216877352,3962452075.177564,80219052.5422979
2018-05-04,242.4826357053264,3878489389.565296,64764259.108115606
2018-05-05,240.8248807588368,3852746786.314847,76674282.14857775
2018-05-06,239.8568499619085,3838073702.088778,69743975.1057764
2018-05-07,234.9953827638792,3761055042.040865,47848156.75527707
2018-05-08,232.6179230146727,3723765157.9631066,43293088.231584735
2018-05-09,222.3316694559211,3559852186.578338,31297961.523870517
2018-05-10,226.34665098877196,3624906758.20093,39383369.93671429
2018-05-11,216.35510556480284,3465597500.092463,33925320.7470981
2018-05-12,198.0123328405264,3172432017.1985493,48304169.350449
2018-05-13,202.2360325758094,3240773571.341866,34016527.29454914
2018-05-14,208.21190823035897,3337239620.611751,29282189.56129979
2018-05-15,214.28209521586376,3435233409.9597898,54458207.869938046
2018-05-16,203.71439859353168,3266498655.9845066,53513864.62752666
2018-05-17,199.46859185529323,3199081465.0156217,45981538.22580138
2018-05-18,191.5868187292587,3073303742.736664,41525128.80139161
2018-05-19,204.1135184265116,3274913634.340455,59762144.4631787
2018-05-20,196.5637983275033,3154430478.8297887,30396074.399315927
2018-05-21,202.20327600748672,3245621804.520004,33289269.748037048
2018-05-22,197.7030219166384,3174007151.4158955,34488253.09276385
2018-05-23,176.38596407939465,2832336315.117072,49298056.877584
2018-05-24,171.4787506584129,2754127659.677495,49774184.515577
2018-05-25,171.52123010722568,2755351972.304761,44431610.36408138
2018-05-26,164.92457884273628,2649895042.869513,25453499.31214938
2018-05-27,164.13025444177012,2637701756.555907,16874983.914014045
2018-05-28,165.67898227869418,2663122203.9384346,31939573.59813829
2018-05-29,149.47668022980983,2403160407.838744,36786262.88619041
2018-05-30,157.5737688862958,2533848132.967862,51062007.45797454
2018-05-31,154.5727654241807,2486103204.487315,34454516.578874774
2018-06-01,155.37485715834254,2499523024.9512877,34696632.18471302
2018-06-02,157.10510254622858,2527859924.7426143,28945879.780617863
2018-06-03,161.43683218225053,2598068229.872613,39606780.96701296
2018-06-04,168.06853680321672,2705318068.658072,43497919.318132944
2018-06-05,159.71970682439772,2571437518.6390114,38503433.49512469
2018-06-06,166.40992051130243,2679703905.186932,40223793.53810984
2018-06-07,163.84278823417287,2638898041.2591643,41371184.07527495
2018-06-08,162.86436704405176,2623653663.610596,39335417.123026304
2018-06-09,157.46417303351691,2537161800.9950714,36815271.36228807
2018-06-10,153.3577287088664,2471497621.230607,29349440.698034696
2018-06-11,139.2393992508834,2244399186.051568,48035856.90755001
2018-06-12,137.97514013408605,2224455209.102276,32328843.13496413
2018-06-13,125.94049619077036,2030823730.0711808,37398393.946928136
2018-06-14,121.36169124577074,1957387716.902147,46420614.05941456
2018-06-15,132.82623993935738,2142727912.18386,45623923.82287462
2018-06-16,122.46564513373878,1975975305.4574351,36077970.115204096
2018-06-17,126.32526905451236,2038629697.842298,31611506.66911682
2018-06-18,122.98832327489218,1985193348.6934843,29425131.69345343
2018-06-19,126.62096782169232,2044228492.4918027,32481416.27191105
2018-06-20,125.66278812666468,2029149584.4637904,33706191.33074287
2018-06-21,122.1074355848888,1972139490.3092208,33247690.75575407
2018-06-22,123.01318694370734,1987133669.344772,29741205.03983697
2018-06-23,111.06719676407236,1794520360.6807623,40772896.34668685
2018-06-24,115.61867005758629,1868417076.845999,33973517.5012322
2018-06-25,121.2625634832237,1960012826.633921,47243642.92607989
2018-06-26,126.72217866893332,2048669503.1446211,38333639.37765528
2018-06-27,120.52584646961787,1948885430.556938,35252334.39200433
2018-06-28,128.437317391815,2077189487.6254632,39866559.16987152
2018-06-29,115.80139611920798,1873180231.017332,46753214.89728574
2018-06-30,126.5939525639322,2048181463.259557,37080048.71998848
2018-07-01,130.89702628461225,2118202612.26542,33368878.35832317
2018-07-02,128.54718588475012,2080585350.8962147,32896824.48161386
2018-07-03,139.8804853451645,2264459251.41266,43217421.4838209
2018-07-04,138.3015465153038,2239327021.826179,34517597.845008284
2018-07-05,138.56245756612822,2243973830.5654783,34179722.778390765
2018-07-06,138.41401821170365,2242008892.8139806,34843102.81497757
2018-07-07,133.9854565937187,2170666789.0900908,35570864.380166434
2018-07-08,134.31477726168285,2176410228.7846293,36871590.37739293
2018-07-09,137.85277965312963,2234174785.1692944,26123024.333610937
2018-07-10,135.33182900556238,2193743566.7707,33101788.766835045
2018-07-11,121.2192063929922,1965317493.8794904,30866799.149297956
2018-07-12,124.7232726854616,2022532129.372228,35638239.96430611
2018-07-13,120.15743699740476,1948865213.493283,27917372.294744037
2018-07-14,122.14829447583509,1981512745.7531097,24186575.120277457
2018-07-15,122.8161750564242,1992718468.4278631,20438315.676351137
2018-07-16,123.65724010919983,2006754912.219005,22685671.900766347
2018-07-17,134.67482482659176,2185972452.9639893,33815995.2435092
2018-07-18,143.64997895816578,2332104934.449641,40380139.51260925
2018-07-19,138.94127055595052,2256064339.299119,30704021.02965125
2018-07-20,139.71283255947552,2269024370.352108,29254250.0281601
2018-07-21,129.96448296332505,2111077680.4396932,37308415.31457545
2018-07-22,131.80793037862145,2141420741.077597,22722745.797529016
2018-07-23,128.70276165851868,2091376213.4571347,34661381.214623705
2018-07-24,133.49219414082555,2169598605.9883494,64451495.83186645
2018-07-25,146.6480238562032,2383842752.3054457,52707503.79132066
2018-07-26,142.38426934996403,2314960617.9248867,34514547.75360662
2018-07-27,136.52163716301666,2220048129.4400687,32512566.037205465
2018-07-28,140.28397556961602,2281651801.513055,27221720.88298628
2018-07-29,139.5108995985495,2269121055.2611704,23626947.819686163
2018-07-30,135.19526830971947,2198928046.310564,28917081.601831272
2018-07-31,131.91250037522758,2145534384.1585264,28937785.390338182
2018-08-01,122.28511321827656,1989175940.8909533,31560292.922537684
2018-08-02,128.37002488297637,2088157407.7867827,33934649.02212423
2018-08-03,122.54418450005512,1993390177.171455,24299636.97183492
2018-08-04,120.14342121783795,1954337667.54801,22905616.44139013
2018-08-05,113.85308724858942,1852014656.4921708,19541704.78917286
2018-08-06,117.28026286068943,1907763513.3512137,20617518.442815702
2018-08-07,113.5853823351794,1847659979.467315,21289387.487213388
2018-08-08,107.69678801649547,1751871949.0511768,22990698.69163859
2018-08-09,94.26508302657147,1533382357.735097,29775385.099897884
2018-08-10,100.19676563457465,1629871292.670128,22508540.41931043
2018-08-11,91.39091033614308,1486629036.6210144,20805651.70113897
2018-08-12,92.97773070319664,1512441376.4356282,29361499.58461245
2018-08-13,93.3147849967182,1517924139.4130836,18915965.36457304
2018-08-14,88.02285222507217,1431841826.7493918,22849041.49494332
2018-08-15,84.13740597734513,1368638416.3570912,30916862.47572739
2018-08-16,89.21117297004572,1459757788.457291,22940264.249532413
2018-08-17,90.93707558329169,1483098221.800917,20508025.48893885
2018-08-18,98.93145268593138,1614600014.2955413,26074345.77781559
2018-08-19,97.99597619724764,1600252098.57689,28668568.631741043
2018-08-20,98.3427959225061,1606739286.6346118,16580656.476867411
2018-08-21,93.95245642158234,1534738405.1854565,21319178.346786108
2018-08-22,94.72109030920556,1546893795.7228096,21152307.069499448
2018-08-23,89.82394882702684,1467701658.6815052,21066026.416325383
2018-08-24,89.92848460498865,1469669549.834863,19019652.138395373
2018-08-25,93.6397153312988,1530864979.695804,29648514.696451925
2018-08-26,92.4400486345758,1511293975.9510112,17292068.110477857
2018-08-27,95.08303037985532,1554853104.9323516,46023365.953692205
2018-08-28,105.0781555731267,1717610081.6036055,28862703.51156402
2018-08-29,107.72777785368088,1762594371.255949,22621938.219153948
2018-08-30,103.50669846112014,1693197678.2101598,19279860.094157524
2018-08-31,102.6740011048693,1680180297.9331982,35177026.082562305
2018-09-01,116.3571799814402,1904595405.057612,61024244.01652916
2018-09-02,121.81692046001412,1999130440.613273,55048442.07756595
2018-09-03,122.42787144834656,2008933338.906553,36375514.61910552
2018-09-04,135.56488225570493,2218550142.927072,57366184.54618986
2018-09-05,137.9251966011634,2258970280.7365265,55160019.08325436
2018-09-06,115.4202065687216,1891221649.220882,54754173.41083337
2018-09-07,117.52859033035224,1926554621.247917,49823968.61425977
2018-09-08,111.4701912771458,1826933917.189232,31121667.82694552
2018-09-09,103.7312377499062,1700262209.712627,26350412.72915719
2018-09-10,105.49914233951908,1745479145.2974243,32851063.06891944
2018-09-11,105.39792009696892,1729402936.8412068,33415517.976009805
2018-09-12,105.42099902215926,1729369001.1462257,31890533.48273145
2018-09-13,104.5326063951444,1714028402.379018,37698662.01722152
2018-09-14,112.11144816296832,1839991305.545268,43440289.19346678
2018-09-15,116.81191515668168,1916815396.7823603,44360444.88325986
2018-09-16,119.37034044009036,1959762663.8483331,38742536.45410815
2018-09-17,117.15991248556728,1922863877.1296992,33647748.53005159
2018-09-18,107.2102626657708,1760946339.5917118,42758498.1476201
2018-09-19,112.44852824074005,1845421854.8175812,38536233.21589639
2018-09-20,109.57619675829388,1799328444.792678,35046537.79135536
2018-09-21,116.10703195079546,1906890483.177388,37063206.24932464
2018-09-22,123.74228266652852,2032617683.024599,46713511.36761367
2018-09-23,122.7109767705005,2016022190.1062136,28431294.12586838
2018-09-24,122.76319707804348,2021154410.8279872,52478408.561794415
2018-09-25,115.17900940412105,1892993021.1801827,32223209.56925721
2018-09-26,116.49454834578049,1914869305.7731328,30022167.94444396
2018-09-27,115.42353503846398,1897446321.3073828,29035299.681371845
2018-09-28,119.51742903552228,1965172900.6701343,40555186.65155353
2018-09-29,116.9612255816582,1923875848.130674,37479780.83062777
2018-09-30,114.82999938622038,1888712864.3446136,39217694.204360016
2018-10-01,116.21199509206927,1911857179.631556,30353471.77173818
2018-10-02,114.62215800201189,1886869247.0393195,23507188.63289638
2018-10-03,116.74723932395491,1921266426.5790167,36275904.66536972
2018-10-04,114.8442609311198,1891751297.6953568,28715375.51318292
2018-10-05,114.78932156400136,1889644847.6574569,27724179.824456785
2018-10-06,115.10727079718616,1894890805.18118,23177771.425864875
2018-10-07,115.20383546768764,1896876208.8375337,25798743.73797931
2018-10-08,113.5813882979914,1870852806.3605351,27319265.910798863
2018-10-09,114.34783666478924,1883645997.4335008,110604466.74995393
2018-10-10,113.71729607501186,1873347242.084331,38922888.330662526
2018-10-11,113.71213304105582,1873826081.7823925,168305106.0209527
2018-10-12,102.32393207892332,1687187606.312724,392783968.7509677
2018-10-13,102.80019747342426,1689353046.1031263,296068722.3587801
2018-10-14,104.71364024373312,1726284896.9756038,525248244.9692022
2018-10-15,101.45868482238332,1674501844.9715009,380622369.9759021
2018-10-16,106.41170920627088,1755042905.610369,292537683.56190246
2018-10-17,107.8132650055855,1778231661.0756783,341151844.28211427
2018-10-18,108.39475045016714,1788083500.91615,19771437.730091214
2018-10-19,103.554090330744,1707624955.222675,255607814.78971544
2018-10-20,105.08976185188254,1733387202.2441096,332927570.1775829
2018-10-21,104.27947488745184,1720064862.692159,371426648.2764816
2018-10-22,104.67290012754196,1727955335.3434262,183628977.59630647
2018-10-23,106.02950320330922,1750537523.3714745,278257268.351154
2018-10-24,107.425296962202,1773881915.469411,174295955.72740704
2018-10-25,105.83875253308828,1747936465.1983812,213014781.84384543
2018-10-26,105.6327350982962,1745040823.4072914,268549110.0181672
2018-10-27,103.68272461006576,1712859443.9769568,189952528.98278585
2018-10-28,102.83962652974024,1699274840.3697782,202971899.7396288
2018-10-29,103.07351094126868,1703236355.699856,233014745.9190209
2018-10-30,99.49433220032137,1644464948.461778,270194027.519682
2018-10-31,102.26393078832922,1690783285.223456,255116949.57437748
2018-11-01,103.15932609282348,1705548997.7717798,263071866.30161372
2018-11-02,103.77949876830245,1716632103.6585827,262544478.68481627
2018-11-03,106.61364930727277,1763291634.2116785,367380485.3125173
2018-11-04,107.15378615472022,1769280456.4827733,433084432.2515442
2018-11-05,112.861272215926,1867142211.5193455,723253372.8149192
2018-11-06,110.44004349105084,1827437602.53084,636317155.7860525
2018-11-07,112.9690882757322,1868813210.019521,692007621.3409905
2018-11-08,111.83618129355344,1850561481.953574,674037229.7587975
2018-11-09,109.6909409524359,1816331538.3831277,699355681.8210101
2018-11-10,107.51440773260404,1778096929.070187,936381118.7804408
2018-11-11,105.932729649367,1749496298.2597446,768949419.0283304
2018-11-12,106.5108421924192,1764061041.2064164,779181878.5584006
2018-11-13,105.86818584353416,1753692126.9551597,1207954453.3700392
2018-11-14,105.98042429737876,1756183950.7453508,553204015.3362465
2018-11-15,93.92294666424873,1556302625.1863906,285954466.3877282
2018-11-16,91.25146648401022,1512304976.3541222,264683974.20664904
2018-11-17,89.49063683027434,1483326967.714275,256390271.8700906
2018-11-18,90.29544869914692,1496800171.0472145,222258637.5470308
2018-11-19,89.65523666484877,1485040143.1630306,25695260.769765407
2018-11-20,74.4643342960832,1236758445.5248916,90353137.20993488
2018-11-21,67.58858715035804,1110809295.5257294,129136341.1954908
2018-11-22,69.65702394136733,1155785487.8846502,134117978.11827898
2018-11-23,66.04740844571059,1106624699.7356498,127949223.32150964
2018-11-24,67.75544828955513,1124265488.8160572,119941585.88037597
2018-11-25,59.83335922541085,992962333.190166,95042985.1852322
2018-11-26,58.96986897978135,979375878.952086,80243893.5115386
2018-11-27,54.47286684950734,905376813.1424176,124390309.69364236
2018-11-28,57.61150960112101,964168504.3275288,122787447.06787369
2018-11-29,63.64143412902858,1049170759.895208,390767004.4438566
2018-11-30,62.05094093002521,1029617737.9800752,376737449.696448
2018-12-01,58.8068814796214,981864121.8428257,465216213.3641246
2018-12-02,59.85235405843935,1000524608.7111248,288222511.6580195
2018-12-03,59.86943920672371,992886685.018773,118010589.1331973
2018-12-04,55.740066406466426,928267583.3077884,96796452.36522344
2018-12-05,57.7401556783817,948539717.6771352,110765779.3091516
2018-12-06,52.661046623111616,877349623.3522965,103588820.8375015
2018-12-07,46.3854428935696,771325778.9747484,106143198.06951945
2018-12-08,46.637721213489584,775498114.6170714,368670464.7441405
2018-12-09,45.54662844773644,755950566.9960972,273828518.69597006
2018-12-10,47.216666949383615,785356665.6643804,373028455.7325647
2018-12-11,44.115674828265625,734083564.8962011,755236956.54578
2018-12-12,42.32453223787692,704420771.810771,764752801.1548257
2018-12-13,43.7734706850756,727276978.8976055,776742743.3881097
2018-12-14,40.73497352428422,677350411.2389245,692396735.867337
2018-12-15,38.62280462741452,640630171.5827981,696987414.6947423
2018-12-16,38.40332471664196,639363125.5634896,727197466.8078301
2018-12-17,38.86713176347672,648709359.2145079,752220714.5022345
2018-12-18,42.89062191885681,714248708.124758,808269789.4071586
2018-12-19,45.43130125179819,756667327.4404187,455274796.1417564
2018-12-20,45.17477496373357,753003638.0850705,368148218.6333869
2018-12-21,53.67676785807377,892930682.7803627,473949680.0012938
2018-12-22,51.01902022174181,850284608.2647147,674911243.2234304
2018-12-23,51.05919851528682,837048867.1077297,774553098.1079024
2018-12-24,52.32456179718953,871663284.2226335,923805515.0570812
2018-12-25,55.50521885250065,926299708.5586548,551461863.5120393
2018-12-26,50.03712409922777,831907578.2265136,901986358.0972602
2018-12-27,48.667144846455166,811517541.2538141,347626316.49862975
2018-12-28,44.42386179117874,742918245.5811253,159965321.3780125
2018-12-29,49.19757835705737,820352915.9120609,227945226.7139057
2018-12-30,48.0204304618434,805854466.1645164,386865217.3319314
2018-12-31,48.130331288328655,803035214.8552158,33915478.41198923
2019-01-01,46.54565866571819,776560583.1717503,732574172.2906677
2019-01-02,48.08691007300983,796370626.941057,749915990.2362084
2019-01-03,51.42343312970918,858349785.8925095,507835370.0853106
2019-01-04,49.80863453483989,831392371.7519826,661614746.3007659
2019-01-05,50.57635809875303,844475058.3830155,574915669.4803066
2019-01-06,50.29497610497572,839245213.268192,816585813.5983874
2019-01-07,54.90067011058837,916096967.7300024,586272509.140541
2019-01-08,53.07870880243153,885637271.2913799,399527610.80653566
2019-01-09,52.708264484355134,880180557.3740381,25604347.659884386
2019-01-10,51.81775723589104,865591524.6978264,133097581.9282805
2019-01-11,45.127783526384846,753915380.5871687,337667519.6435256
2019-01-12,45.75816483101983,762171452.2642924,78110598.72401102
2019-01-13,44.64390227885135,745451150.5558419,49889839.05736172
2019-01-14,42.938476188411855,716964645.3032877,100228248.52147956
2019-01-15,45.32603333387708,757599168.9457102,38303760.38638503
2019-01-16,44.64828350753868,737795449.5984899,38539837.496071175
2019-01-17,45.94851766437199,765791038.0962949,332448219.0255987
2019-01-18,45.004642142288944,752774785.0144461,262213435.1337168
2019-01-19,44.43925797931016,743599661.4457402,463840411.8086998
2019-01-20,45.43444419877883,760172711.1233302,109621673.28267127
2019-01-21,43.60572702479948,730061123.8819089,179739925.57860833
2019-01-22,43.64628853295377,730545463.3670323,227501539.6746856
2019-01-23,45.25339146634326,757693255.5228518,245898475.25428972
2019-01-24,44.52796330558295,745159300.2263999,233445056.39418224
2019-01-25,45.06111474033092,754780735.0868263,54189767.33918784
2019-01-26,46.03193601547981,770884125.5425161,38169308.21002127
2019-01-27,45.109566178539126,755545615.3571486,236012879.41315916
2019-01-28,46.1065115855478,772627615.1215304,651474620.4895948
2019-01-29,43.09743886852736,722047149.8458145,33154681.900112428
2019-01-30,42.784724050323526,716904620.2627325,545669855.6199876
2019-01-31,43.59615412141843,730611289.6391488,254468827.45157656
2019-02-01,43.040840926016,721401952.7216717,148066492.6168832
2019-02-02,42.81545857509264,717720381.8131262,41733817.60837777
2019-02-03,42.30841284188495,705433320.8776627,462578131.41498864
2019-02-04,42.50309412105778,712874241.6740298,74410781.24355738
2019-02-05,42.79275664294412,717473634.4891038,14580532.938648725
2019-02-06,42.83963689800751,718535575.2511904,43627833.13836659
2019-02-07,42.89401151131049,719548453.114819,48380742.83350596
2019-02-08,42.90421899438197,719814151.7422614,64979231.79438646
2019-02-09,47.58255350423226,797383315.2648433,35905429.412522
2019-02-10,48.361349515326026,811388819.7559457,17021173.50821002
2019-02-11,48.898642761602304,820673578.8977283,54781500.43221986
2019-02-12,46.98010982320861,788625551.0260046,54174798.39073782
2019-02-13,48.05410495501995,806725533.6031506,75014436.40543206
2019-02-14,48.560241131513926,815366767.9401417,108910218.06719412
2019-02-15,46.27103136452809,779266371.9422673,74912646.8565456
2019-02-16,46.67002980465346,783841695.3376435,88966792.34843902
2019-02-17,46.56223905283507,782192489.400339,59277663.65773378
2019-02-18,47.37591932126072,795190371.800017,89778012.80228157
2019-02-19,51.06812077478147,858060585.2902845,53881921.89898528
2019-02-20,50.9156411976996,859899884.0779748,109882918.387174
2019-02-21,51.45892787340821,865682549.2831903,56171278.193446524
2019-02-22,49.097964373255245,824660070.6249212,100549047.35196549
2019-02-23,50.92675928580823,856149887.5293188,108522148.82337645
2019-02-24,52.23655678585538,878281599.9589685,161669723.9725193
2019-02-25,47.24169440152796,797609363.0572326,170708962.39044052
2019-02-26,48.09133523707528,808799523.8210473,147611392.56101435
2019-02-27,47.87553714094577,805277543.4408886,202429118.0122229
2019-02-28,48.55155772509287,818393353.4620179,165924777.12524873
2019-03-01,47.41781935890795,797792073.9722741,172255131.17293447
2019-03-02,47.92451275011652,806658330.1552289,78619854.7105069
2019-03-03,47.992204277654665,807670642.1735636,179871609.6459827
2019-03-04,48.312171450754526,813153610.0565894,142099664.560269
2019-03-05,46.70154063647244,786159725.9081492,263721476.23786983
2019-03-06,48.39478114220411,817411197.0861264,182498324.746756
2019-03-07,48.685051422549975,819247012.6009035,328509174.7828483
2019-03-08,49.08835984751612,826160454.99552,187605952.79036072
2019-03-09,48.1070576692793,810392626.942676,286367912.3734877
2019-03-10,49.58448834407671,835129584.4637917,52266787.62649629
2019-03-11,48.62344272169747,819986453.3375733,346568715.4324356
2019-03-12,48.73689575961509,821801192.6044998,342927167.1221184
2019-03-13,49.60194594410508,835121794.1006936,257847256.92460653
2019-03-14,49.9679305448807,841179686.8916568,510630026.8574474
2019-03-15,50.46439424787571,850210196.5021458,160762113.03751084
2019-03-16,52.024120496621386,876888523.8411617,47452391.75839675
2019-03-17,53.07793729458049,894812818.1277564,425558197.5330693
2019-03-18,51.722899387926624,872134231.5179389,324290313.207911
2019-03-19,51.713934694389934,872037545.1500516,303905402.9029825
2019-03-20,52.67120096905781,887982217.0233537,373024427.1545478
2019-03-21,54.48642137285978,918972135.0831676,234935036.5952621
2019-03-22,52.2979279669044,882224015.3139598,250242717.37191972
2019-03-23,52.610479278435065,887585881.7095878,243531205.0253879
2019-03-24,52.38091044523109,882787058.6056039,143114782.3155576
2019-03-25,52.59743638464676,887676505.7762821,218885904.0970811
2019-03-26,51.46041852700248,868735762.3616903,370258288.3895055
2019-03-27,52.04028273040555,876239946.94819,247306642.1626489
2019-03-28,52.856543888016944,895090749.4723557,298489718.0064709
2019-03-29,52.71197327162696,889945391.3512775,329038769.7311883
2019-03-30,53.44575399376858,900057322.6507558,281536743.5179724
2019-03-31,53.37137107191935,900981049.5856082,167416143.6808592
2019-04-01,55.656445175197895,939096468.2115972,283431651.4167273
2019-04-02,60.62459775617168,1024060579.2804332,374644595.546137
2019-04-03,68.62820378304198,1166679317.4615238,195263732.62131065
2019-04-04,66.30019363267945,1125991471.7535164,242202275.8786711
2019-04-05,63.70382233135388,1077017060.9444635,205490167.65866137
2019-04-06,68.27491720156436,1153941122.5662444,284040149.0749325
2019-04-07,67.922666287525,1149249443.3551135,279692604.06333506
2019-04-08,69.5304937655791,1173711406.3340554,276618925.7408039
2019-04-09,71.15442806096515,1202499410.8120668,223117252.07877025
2019-04-10,68.8325899889771,1169296015.656401,189968612.3986568
2019-04-11,70.82528351206939,1198564701.2299013,134175496.9218469
2019-04-12,67.18546122749662,1136754450.4431324,248603949.07712725
2019-04-13,66.01111951501959,1115902314.3656733,127561080.6297446
2019-04-14,65.19802996879564,1102834708.2056189,109210765.26273118
2019-04-15,66.52982269806915,1135647018.6733208,122354390.50116616
2019-04-16,64.13803285997959,1102389313.1275475,103828921.65889695
2019-04-17,69.37587492574494,1173496939.2270615,281625400.4738264
2019-04-18,68.27571500546024,1137804383.6354096,296512233.4104897
2019-04-19,69.62905988937239,1178501533.4660506,227968682.39913335
2019-04-20,69.0965357495653,1169687075.6817036,262741280.33243823
2019-04-21,69.46010717390477,1191775338.9774768,98448418.28764547
2019-04-22,68.59525627287985,1161194867.3052616,99632286.27352016
2019-04-23,69.17373294615565,1158375865.582229,351197969.9272828
2019-04-24,69.92648852554224,1180487206.964786,414226749.3385201
2019-04-25,67.5726946789949,1141731295.270389,125035968.3339362
2019-04-26,61.69602447664809,1049708603.9800076,440650255.05849415
2019-04-27,63.25303053908088,1065054618.6001568,222332529.5977313
2019-04-28,62.86233143427573,1062424683.9782896,301574824.33672166
2019-04-29,61.82471171362689,1044137731.703189,321689332.4351332
2019-04-30,60.71336785060864,1029348936.0604106,270566322.9076892
2019-05-01,61.65062765882155,1045176816.7532946,272646212.6075381
2019-05-02,64.49598108268934,1095842787.229983,176992923.35379812
2019-05-03,64.28285872160724,1090355000.0783255,204467571.04053676
2019-05-04,66.15075044640393,1118643397.336369,290585233.88716364
2019-05-05,67.46580855324058,1144243791.3082905,274627265.9517917
2019-05-06,66.11494480148181,1123182768.2879598,233724761.709774
2019-05-07,66.54524763403525,1129078414.416829,276851511.49029016
2019-05-08,65.66230545976059,1119346711.405132,202927386.78521323
2019-05-09,66.98463579086282,1135739480.109446,276638336.06586504
2019-05-10,64.62060594589691,1098101006.9315724,304753378.411369
2019-05-11,67.88063977106609,1152434096.3801804,296172015.8024182
2019-05-12,77.73459839420421,1383472056.7661598,181377852.25668836
2019-05-13,75.53175946719524,1280587179.6747217,46602444.36202382
2019-05-14,79.06849295763286,1343146045.4874856,60553327.36575637
2019-05-15,83.14524899943973,1411892761.2758396,70513987.30967894
2019-05-16,94.8489579297447,1607820392.051263,75657154.21146159
2019-05-17,85.86198441213664,1462405804.9634438,353280440.4873525
2019-05-18,81.58285890279845,1383903888.156984,277611801.3943365
2019-05-19,79.98846599957876,1359377423.880471,311949349.8524493
2019-05-20,90.11500384026064,1530664586.4313664,69739626.09474109
2019-05-21,86.67410837796838,1471400342.7922816,447074960.86419165
2019-05-22,88.45292498293641,1504268536.9766889,443234866.5898598
2019-05-23,83.71135439663568,1424639935.1511428,604313244.8339175
2019-05-24,84.84244673733575,1444745783.6267068,440614137.004576
2019-05-25,85.35297563937434,1454235897.901972,284719703.82536525
2019-05-26,86.51828996982346,1469668713.3017232,342042134.8085156
2019-05-27,91.83875450607142,1548811523.712054,85742199.25437917
2019-05-28,97.95294407087565,1666471713.5466678,263997495.50271976
2019-05-30,93.11688721116548,1582106099.0850914,391126790.6137525
2019-05-31,92.81686022128528,1580052496.8673189,226206627.35036767
2019-06-01,94.11112842561032,1601157732.513235,378675732.3329295
2019-06-02,92.93051427902374,1581849597.6119258,422204927.0529938
2019-06-03,94.6878378634038,1615303246.4112444,201800547.19511703
2019-06-04,89.43750284939624,1522270294.5550582,113792444.46057084
2019-06-05,83.20562338334345,1414286163.2537816,89053973.32187083
2019-06-06,85.14269049532064,1449760844.8042724,86565454.00364627
2019-06-07,87.76944797416657,1496802626.5976436,348584837.7524572
2019-06-08,88.24856619183791,1507203305.2653294,101133825.42258818
2019-06-09,87.59517286729411,1492826059.1088889,153145298.40551975
2019-06-10,83.62689850680003,1424349092.5212178,199617013.7344414
2019-06-11,86.80857490733361,1491756312.0745842,205599922.6773941
2019-06-12,86.65414841642705,1476259279.064233,210398260.60075188
2019-06-13,90.51104017684574,1528564276.2421172,614414900.9533334
2019-06-14,90.07346558165476,1533770385.2224822,431683884.9009613
2019-06-15,90.95349257985345,1554043949.4584217,386619966.0318472
2019-06-16,94.54934438931524,1604386537.4948485,412588964.34202665
2019-06-17,95.55886326303784,1630984045.0664237,444981176.82174265
2019-06-18,97.6288554431663,1665178655.369479,1948294918.2459867
2019-06-19,97.33623856590012,1658967180.44616,476787337.1031472
2019-06-20,100.8592834495421,1719204560.9404962,480805877.0553787
2019-06-21,105.79053567100968,1805294497.3665805,488102102.7004116
2019-06-22,109.16527777690705,1863758021.0138056,161831301.44701782
2019-06-23,115.01962125388197,1960191049.801051,182086842.32759565
2019-06-24,115.5271929141789,1967132400.6909893,158524275.15113986
2019-06-25,117.60386009803956,2004728489.35525,169072723.15106058
2019-06-26,112.90949762122332,1925250523.9802527,326127052.0474365
2019-06-27,104.26858040933264,1782756491.7136662,354528537.6414396
2019-06-28,95.1424687196008,1621330942.8477802,391911418.7151783
2019-06-29,101.23046471549196,1725287223.748088,175149257.80362177
2019-06-30,100.15108959559872,1709841662.9184732,157505885.57334155
2019-07-01,88.27925193510775,1502405592.9826274,140245568.53033176
2019-07-02,88.91605117705846,1516872140.7305908,155822457.6927803
2019-07-03,86.19331579540274,1467137068.7723355,125174047.84049655
2019-07-04,90.37202444884088,1563349460.8963284,168237146.94106093
2019-07-05,87.95784796223325,1501925078.945438,153386900.37639186
2019-07-06,90.04487107598672,1540944296.794864,197447416.2696145
2019-07-07,94.57783581711304,1617935319.7834322,222839339.6885189
2019-07-08,106.89110740415298,1821988307.0448356,272672209.9059778
2019-07-09,100.90647442902892,1722349071.67138,502977062.0002464
2019-07-10,98.9060206305632,1688426310.3255186,359814720.6705819
2019-07-11,95.18398532571769,1626954890.279546,238892178.04441205
2019-07-12,89.345283026319,1524995529.226249,218008939.005794
2019-07-13,98.50753523845816,1683973860.3505569,118675344.17781997
2019-07-14,93.50085847810124,1596370406.1977544,498436499.076922
2019-07-15,85.14382140671822,1456633890.6212914,657451256.5340384
2019-07-16,90.4118959844753,1550962155.100556,559965139.609008
2019-07-17,75.74210568778906,1281376330.2284238,392119873.1166161
2019-07-18,76.99030171072124,1317290325.048689,418353829.8309031
2019-07-19,84.17299047862217,1455126407.360025,188414471.0128092
2019-07-20,82.02030772788443,1402713567.559928,393584974.9875911
2019-07-21,84.79899756176137,1448493591.15855,349508108.1261769
2019-07-22,83.79288864274622,1441485974.1984043,178375225.6220161
2019-07-23,83.4774822684996,1430069402.3571067,210470720.26387987
2019-07-24,81.2965733901696,1390844749.9356077,290674446.2346072
2019-07-25,80.44443047624178,1381067768.1216464,117476041.0540982
2019-07-26,80.68229742060024,1382682026.3059802,271586762.8820265
2019-07-27,79.89724132995642,1367458047.8854475,170298862.03463474
2019-07-28,78.60954802562547,1345374883.4263237,150616806.48896408
2019-07-29,80.0728510403115,1377142030.421087,153930850.3575141
2019-07-30,78.27396347395359,1339500086.1630175,212055939.79978412
2019-07-31,78.16781996864964,1339114381.2354925,166079995.86950293
2019-08-01,80.80435042364488,1383130998.4055822,149266820.47216448
2019-08-02,81.38769008446337,1401300177.888354,168569206.82502165
2019-08-03,83.80517368343773,1436903029.897784,118867537.85407633
2019-08-04,87.77928377666787,1504124743.8988187,106718794.94713809
2019-08-05,88.01872779536133,1508147151.6574924,91619422.29437508
2019-08-06,93.83638356407936,1608676739.8594923,124957300.9387778
2019-08-07,89.63647320977277,1526780144.034197,156834327.042263
2019-08-08,97.4336352464476,1666488389.850174,141425440.98155135
2019-08-09,95.16495877325572,1631514863.2864325,166195811.78605813
2019-08-10,92.81455069609544,1590997156.987178,234073894.91025048
2019-08-11,90.53682793462396,1553685222.588878,155503339.76362625
2019-08-12,92.36171566594084,1583066609.504664,100107884.92092924
2019-08-13,91.05745246315158,1562311891.0669897,93435928.33111995
2019-08-14,85.62259452254247,1468335835.0887046,155546511.37251705
2019-08-15,78.1994908921545,1340721818.5958457,191002855.3742841
2019-08-16,82.82428775303413,1417200970.760363,199750068.1078209
2019-08-17,82.2368156026079,1407058427.8404574,130352779.55712788
2019-08-18,82.13026790380064,1409561427.7396894,167896962.67652002
2019-08-19,87.70450542652269,1505099641.017406,92354224.27465408
2019-08-20,89.98266952407374,1544653798.5337548,97658857.4128204
2019-08-21,85.59170587924473,1469220653.875873,91296780.25388268
2019-08-22,80.76173916889378,1385918377.9225192,87445435.72245845
2019-08-23,82.08483681224324,1409366466.699503,113038333.65091154
2019-08-24,81.88183839457989,1407018855.1223805,112992620.46236797
2019-08-25,80.43262185007562,1381229725.261933,103526808.33436915
2019-08-26,80.24461057686378,1376589345.918157,110633012.5398826
2019-08-27,79.36407520951644,1363208178.4730432,377298777.261334
2019-08-28,78.16263810618956,1342628718.2568629,88252988.77809401
2019-08-29,72.33024767484291,1242363896.824119,358589905.7195862
2019-08-30,67.28774234179295,1157732950.3292437,353017902.33440626
2019-08-31,68.19319064759308,1171764019.031731,314035835.03452986
2019-09-01,67.42255017565486,1158573405.529168,318356331.11783534
2019-09-02,70.96486270120174,1219625286.2096455,416959959.7589092
2019-09-03,72.97245483226594,1254556688.0595946,72243803.98042032
2019-09-04,74.86522367271797,1287026503.2971687,76349989.10694706
2019-09-05,73.73812633938688,1267099303.287169,56375944.35596392
2019-09-06,75.75433937642225,1302440790.8072042,75343297.39728227
2019-09-07,75.40296679162076,1296831246.6221364,75069338.54894763
2019-09-08,78.01136562749092,1341624220.2759998,68399570.66019453
2019-09-09,76.9869889386911,1324052178.3867135,56485270.913460284
2019-09-10,74.95855376476362,1289391799.3368666,66749088.78728405
2019-09-11,72.22007537142369,1241937567.362545,85062856.71282285
2019-09-12,74.15480982715054,1275721925.0305512,80121953.02351025
2019-09-13,74.98720916287775,1290042544.215283,101471972.09111844
2019-09-14,76.76928551378964,1319779251.0766015,93206483.98148473
2019-09-15,75.9258028477576,1306678970.364241,83594188.87318988
2019-09-16,75.41672218512932,1297912611.5132878,67173748.83227053
2019-09-17,75.34421907227423,1294551459.3693235,114030185.12451652
2019-09-18,74.13895507942232,1277241762.4385643,105144027.34172656
2019-09-19,81.07739133136106,1394397651.0433846,150374195.27756482
2019-09-20,75.8533951253589,1305103221.6711156,117033683.6677906
2019-09-21,73.9085580693393,1272900182.7955596,106883372.4070822
2019-09-22,72.53991412504263,1248795274.1168964,86564374.51200292
2019-09-23,73.06478812916285,1258742818.1658726,73064732.35837635
2019-09-24,68.49951295920408,1179816426.5881715,94205186.1972159
2019-09-25,59.47849705302354,1029198337.2757608,110072515.08115886
2019-09-26,59.65154303070353,1027165483.9368622,113331223.49066882
2019-09-27,57.280542574061954,989232448.36899,146169273.6072884
2019-09-28,57.54296870052414,992219325.9192696,153471884.4001924
2019-09-29,57.70115543938844,992632562.7097732,111310220.1910522
2019-09-30,55.77888896175613,961281436.5926138,80584700.37416224
2019-10-01,56.74070065876924,977683186.020949,105970220.76007544
2019-10-02,55.85935370133685,962944271.4322104,105569143.85359184
2019-10-03,55.81740646807063,962732744.79567,105528630.57042952
2019-10-04,57.33056538865732,988685779.5212424,116726688.12267932
2019-10-05,57.23810662495937,986902659.4449784,115575745.88569814
2019-10-06,56.449031195466006,973394586.6990416,111458843.51134704
2019-10-07,54.61631876312181,942039664.314602,92269282.81282692
2019-10-08,56.14016216268213,968249898.8861892,114692583.88071346
2019-10-09,55.48722148654251,957083659.2681878,102799344.19797602
2019-10-10,57.17267266137831,986156990.2025414,105772960.78499664
2019-10-11,55.73841862198129,961592910.5605042,119393534.25349513
2019-10-12,53.98559398246378,930437754.6749583,83834077.18657696
2019-10-13,53.64780663425217,925708050.1138028,98710727.42213155
2019-10-14,53.412770871978175,920068720.3174728,90863975.56995344
2019-10-15,52.87820724630921,912597141.1155488,89162468.20048171
2019-10-16,52.02623211868115,897981638.9453367,100886476.3723744
2019-10-17,54.83402804548772,946530709.943678,143958459.30178595
2019-10-18,55.928924381862565,964181077.3893816,121785826.50430958
2019-10-19,56.31212542410191,974597807.7595598,90316181.56653202
2019-10-20,54.40867190256354,938714649.3774472,86779912.11666444
2019-10-21,56.415361602643046,972799102.604436,75997689.24954577
2019-10-22,57.70496668983792,992785265.2418264,99311065.00624186
2019-10-23,56.63228145316757,977031949.8689132,99208711.96188636
2019-10-24,52.87297536399679,912983345.82435,92988873.98641127
2019-10-25,53.358192097148944,921736818.1231515,93774763.81364918
2019-10-26,58.8951930816984,1014994662.3834174,160949622.94330043
2019-10-27,56.652002006494,978085097.6615856,191382190.56682065
2019-10-28,59.56290280970736,1029215145.8847584,164528326.34043345
2019-10-29,59.31912384014254,1031662483.3048732,214829482.79767624
2019-10-30,59.53303926746353,1025692376.5380808,216651563.5387483
2019-10-31,58.30142165821286,1008311031.5890634,241440632.61985832
2019-11-01,59.01233157494018,1019739422.624896,197574491.67977515
2019-11-02,60.71497274473794,1049606327.1364954,204255158.40665343
2019-11-03,62.20989242244777,1074869132.019086,200749720.89739013
2019-11-04,63.170134060196254,1094386358.627426,249519534.2779244
2019-11-05,63.01987874909367,1089768717.176671,202810690.8457833
2019-11-06,62.750948756680174,1085200275.3141253,300294579.850582
2019-11-07,64.03372321248975,1107489394.2155485,274570833.30029833
2019-11-08,63.17664432295811,1092653893.447682,264132549.3819157
2019-11-09,60.74406841227405,1050661335.560681,207719035.01353243
2019-11-10,62.16485986910517,1075684497.449097,161981139.93736443
2019-11-11,63.95791490512784,1106215445.1579027,175914074.3373889
2019-11-12,61.70482696453211,1068906507.8477066,210315166.60870832
2019-11-13,62.2623258827203,1075575716.9092786,185631317.8298913
2019-11-14,65.07603865229146,1126328391.795602,228377513.2355457
2019-11-15,65.10143565719177,1127288204.2352989,224614851.11344272
2019-11-16,61.93421466247637,1073510375.4704711,165645706.13635483
2019-11-17,61.62257885849544,1066816740.9534596,182027281.64829332
2019-11-18,61.70844815283539,1067789637.5893136,231296887.32893148
2019-11-19,58.68164056288274,1015342501.265076,272579256.5629377
2019-11-20,58.48457927726084,1011237610.6089088,222867740.2426095
2019-11-21,57.86078710964837,1002302048.5343858,190660406.03967112
2019-11-22,54.11460778278254,935026965.4121634,178774708.40166372
2019-11-23,51.27393438022923,884555527.1514599,184047425.0499525
2019-11-24,51.625684538372,895580407.0709621,169339884.97651055
2019-11-25,47.60260972329148,832081500.6707625,158835647.91147032
2019-11-26,50.119733162992745,867629094.3759469,167825032.63531575
2019-11-27,51.27239731434002,889869545.2336279,181832992.90784797
2019-11-28,55.70690674142977,965279995.9900302,186076314.11467305
2019-11-29,53.89368329898554,934206304.2272311,184931888.6252325
2019-11-30,55.70280085994752,966308353.5927691,174602885.61482584
2019-12-01,54.76292347198312,950184435.4548762,73341846.55185077
2019-12-02,53.47569221186703,926377475.7682216,69039954.46690875
2019-12-03,53.95533488472168,935594859.7194252,136253383.95681998
2019-12-04,53.2922089930677,925713940.3809386,188571652.31559992
2019-12-05,52.62863804195651,913742079.6054282,166663306.4808304
2019-12-06,53.52849742204403,928619491.52767,166847648.9760408
2019-12-07,54.18082254459307,940360537.5142716,145783083.51270536
2019-12-08,54.27191895961984,941367555.2916676,178782702.2146903
2019-12-09,53.819994330603926,933262055.0517834,151733716.920738
2019-12-10,53.75768826585152,933748349.578028,162235935.41136652
2019-12-11,52.63850399647544,912537188.9538884,196720103.6069121
2019-12-12,52.88794530778096,917782829.6843696,159060210.82340914
2019-12-13,53.05096858022033,920425820.5729488,137281385.17791975
2019-12-14,52.42659945288399,909241982.1411026,131457103.44251454
2019-12-15,51.26687049659066,888271107.454054,110457185.25314674
2019-12-16,50.68264230028391,878802618.3106865,128345167.38512096
2019-12-17,49.22431383897216,853766854.1759704,131337037.39251351
2019-12-18,44.99826227419515,780258661.60366,134291842.68806845
2019-12-19,47.78847262056933,830527013.5239308,156141419.20148087
2019-12-20,47.44095095858295,822465710.6112814,165735562.38074136
2019-12-21,46.73871452137202,811538991.5962994,93460677.36211193
2019-12-22,45.18349471943232,784938369.7872932,129160773.3337651
2019-12-23,47.39751383548564,821952761.8038093,148839332.67248857
2019-12-24,47.18512043942656,821176968.1909323,150272824.08521894
2019-12-25,45.90946928772339,797466977.5660672,137686219.23561743
2019-12-26,46.043547767762654,799534957.5534567,113673964.1334235
2019-12-27,45.21668248014291,785358097.1865287,121048307.7105569
2019-12-28,45.05965710935924,783144289.351383,121643831.15086795
2019-12-29,45.49440698485315,791575526.4209915,118673759.30558534
2019-12-30,46.579917765121415,809468970.5142144,115273177.5417106
2019-12-31,46.03286263487057,798210683.9368196,99972969.86304356
2020-01-01,44.58649153843305,776157310.4180708,95555114.14865448
2020-01-02,45.78057840676354,796506586.6568083,105698161.948242
2020-01-03,45.342984562148125,787839196.1112928,103720418.45559004
2020-01-04,50.8512243148835,888836002.9666935,186016725.4179496
2020-01-05,50.29499846146174,872976859.2687373,85815470.84996529
2020-01-06,53.599592895835706,931292660.5662628,78679811.46957998
2020-01-07,58.830147259929,1021415360.6766388,96751979.9784247
2020-01-08,58.595770481287744,1023765551.2970264,107361024.024921
2020-01-09,59.279698273058926,1030845425.986328,115085545.45484594
2020-01-10,58.83564666143205,1023270601.8943168,100693095.22125494
2020-01-11,58.54032217261946,1013563266.8091372,95526532.27825862
2020-01-12,58.215509024019966,1016288301.1205928,121975949.5925954
2020-01-13,59.14583049179684,1027995719.9442624,84169292.38475369
2020-01-14,57.82875171581137,1007797573.032396,97777991.13673232
2020-01-15,62.803517679688845,1090264038.574578,127456980.75415578
2020-01-16,68.38562008699176,1186606736.6747746,186240700.0132127
2020-01-17,65.63548589422436,1142256055.5480392,173193772.22353724
2020-01-18,69.08305939801859,1202766034.378499,163950254.25958806
2020-01-19,67.15058939638784,1168820340.515949,122426489.73614578
2020-01-20,65.00208391351251,1131516388.200321,103016235.50302435
2020-01-21,64.91485070775748,1130090349.672638,79020578.57013687
2020-01-22,65.88905170332393,1147142710.9176643,66083660.56855472
2020-01-23,64.92496950008427,1130453260.8026085,94690984.99152508
2020-01-24,62.26512433042671,1083272227.6052778,99486776.651828
2020-01-25,61.649726648159564,1073609003.736261,97084817.41361736
2020-01-26,61.52554067062445,1071523599.8864492,72324447.95777045
2020-01-27,63.7417025688644,1110209133.909317,82198076.87670805
2020-01-28,65.36721174086311,1138612712.5258677,100631089.1302694
2020-01-29,67.65496962153435,1178559019.523378,91388636.9562625
2020-01-30,69.7538228108973,1215218790.1209738,107874850.65477394
2020-01-31,74.79884819158947,1303212760.7239995,128418951.40482776
2020-02-01,71.86549965398368,1259500451.8375795,144610705.81693858
2020-02-02,73.08848505683872,1273622368.4913137,103365613.7749997
2020-02-03,74.64831134600361,1300909281.0516176,175778086.17690516
2020-02-04,76.85704401638009,1339512226.144168,148099657.56541416
2020-02-05,75.09415203971946,1308880732.453275,92473672.05490796
2020-02-06,77.61440751098577,1350904481.8275845,90702662.39867537
2020-02-07,78.09910080785093,1361487837.750558,97332859.83831438
2020-02-08,79.634274789935,1386541374.0873291,136371049.12353355
2020-02-09,80.86146668600398,1410089507.0610209,125511260.37252428
2020-02-10,87.11802937065139,1515570611.7934754,144462998.99267468
2020-02-11,84.81488687472999,1479029639.2495446,155432127.06975627
2020-02-12,89.92672611729756,1568296871.4086568,186016536.578969
2020-02-13,94.98582320988244,1656661747.151041,229545225.5924051
2020-02-14,92.59853653791546,1613578157.9183106,193123703.6817572
2020-02-15,94.78925616006718,1649392501.6504264,159855609.94560352
2020-02-16,88.55385299014665,1553922210.9663887,168797616.50799108
2020-02-17,89.01514183513278,1553607761.0973206,173147791.35436803
2020-02-18,82.64791334594838,1439666599.3768115,185551539.80178925
2020-02-19,86.01988524899865,1502348165.6230516,160587519.38175076
2020-02-20,78.1501859297471,1370516871.6789858,122737829.11901563
2020-02-21,76.5471996765787,1335232835.052512,179384241.62908095
2020-02-22,80.21538662303075,1400037858.1913755,158607307.83265373
2020-02-23,78.91527005632436,1377454612.3253076,153337777.82215905
2020-02-24,85.04582579194673,1487164780.232747,159306792.1864337
2020-02-25,79.2696763733346,1379617529.22814,171926471.25816002
2020-02-26,76.97181697654162,1345161385.1741984,173470335.96673954
2020-02-27,70.70373286237789,1235234968.2961564,169938407.70224914
2020-02-28,69.92129450148055,1217168607.6874168,153556378.66319868
2020-02-29,68.63780839924877,1198620514.6202853,133374621.02708551
2020-03-01,66.12140560507409,1154764534.574951,117300840.24742436
2020-03-02,64.63436298601555,1129190555.3600016,121568295.21107993
2020-03-03,68.79139422987339,1201575933.2660477,144505863.55143294
2020-03-04,65.9162172708104,1151445219.6307502,136197626.5132282
2020-03-05,65.79158614799478,1149359530.6914136,132489711.58783507
2020-03-06,68.51309117732748,1196469357.0353506,130845008.45932557
2020-03-07,68.9518518383828,1204747321.8070426,168798769.55610132
2020-03-08,65.6985413061043,1147992733.007122,117898866.93384352
2020-03-09,56.3259305275865,998922117.440236,134676213.90990978
2020-03-10,55.56055956636673,970990383.744337,154651827.49561906
2020-03-11,54.94000444342888,960218983.8183268,136704791.901566
2020-03-12,54.25082702208008,948248480.0399946,130349148.67401128
2020-03-13,32.51244849562076,563911553.2941852,167720651.06680995
2020-03-14,36.83026909547622,643851984.1468899,228360430.17376065
2020-03-15,36.15182619081327,632355117.8007421,128172206.51414736
2020-03-16,38.00490766255599,664485407.102783,134857172.4804802
2020-03-17,34.1140643219383,596503312.5586907,158124276.8765963
2020-03-18,36.46182692634435,644391606.5793936,138723008.11725008
2020-03-19,36.838188827210544,644232853.5015104,147463360.27563354
2020-03-20,40.90926249569054,715187225.8093766,164283548.9711713
2020-03-21,40.12497701819938,701188328.0522394,166397685.0692144
2020-03-22,41.09977600384332,718923278.0633963,146570337.84085894
2020-03-23,38.28264411273819,670785474.7320409,133986291.31650238
2020-03-24,44.39554833068499,776692147.6277378,160481263.36405382
2020-03-25,47.31372763881426,827804577.9270217,179334225.94455013
2020-03-26,47.10863048483567,823248759.929839,167604324.66731027
2020-03-27,50.61204647278417,886849191.294834,206323929.0747094
2020-03-28,47.45706587968749,824518870.590626,171474981.0767709
2020-03-29,47.29057301114516,827644722.2538548,159545771.5239488
2020-03-30,44.20292817053849,775153341.9730002,128265430.33010969
2020-03-31,46.62308765441908,817064037.3751211,146008086.99924466
2020-04-01,47.86627431171591,837905258.5524391,154242662.12374407
2020-04-02,48.64247966537872,852791702.5484594,136539063.274413
2020-04-03,50.87037379201055,884720967.892211,152199669.86211765
2020-04-04,52.90947492387215,926392719.1756426,167997854.97771132
2020-04-05,54.17339322761651,945006032.3884528,175001261.6378843
2020-04-06,53.39644216947507,934873156.6400424,154637568.81125888
2020-04-07,58.4790476776155,1021821885.0160744,182177379.5468617
2020-04-08,55.907413407559616,979168971.2951804,157793491.94287735
2020-04-09,57.8048957645898,1012478352.7154244,130851079.8466247
2020-04-10,58.45753745378177,1023987380.9177952,125483259.64011154
2020-04-11,53.72085221110368,941081078.6275536,131387652.16251189
2020-04-12,53.864987775127474,943674508.050506,117942766.90693034
2020-04-13,53.69715660101432,940805329.4717672,145623533.33039647
2020-04-14,53.09539762625555,930328524.5536205,148183731.2220731
2020-04-15,54.15867947451329,949027148.8336746,141686383.55180645
2020-04-16,53.17221590484347,933682955.804392,148453550.24637204
2020-04-17,56.65770804389517,994239311.5084404,157405560.47625428
2020-04-18,56.12118072184268,983625802.3686212,137435740.7541952
2020-04-19,58.01592554673464,1016908810.422304,137378627.59838125
2020-04-20,57.1765633447468,1001342502.1038884,133595727.32620937
2020-04-21,54.90997711435001,962608580.7457776,129977847.71562845
2020-04-22,55.10108390626169,965982674.2092582,132052985.18200888
2020-04-23,56.87106265445848,997126553.0427802,133149950.02267128
2020-04-24,58.66587907663752,1028669945.1805108,123365553.63044956
2020-04-25,60.675916675003656,1066087143.8804482,133674264.55087984
2020-04-26,60.49130487081715,1061036144.5221862,109406603.04610252
2020-04-27,61.35064408643028,1075975984.9663143,97971056.40083356
2020-04-28,62.30020884963849,1092708235.8141448,101780870.35155536
2020-04-29,62.19192458519788,1090885576.020324,113686157.2689984
2020-04-30,66.19771536212868,1161229018.885008,165328094.71145776
2020-05-01,62.07621545999171,1094705897.7905898,170133373.1546143
2020-05-02,63.179594794649226,1109532874.11475,118216297.1301178
2020-05-03,64.4668833116909,1131111891.874642,110138592.13303122
2020-05-04,62.41645441212959,1095212804.007212,107484764.32938276
2020-05-05,61.05049675616736,1071320035.1502668,118187513.35446194
2020-05-06,60.40192627653269,1060012211.3724612,121789320.32774147
2020-05-07,58.279418304087656,1035548044.4258215,143331604.55318385
2020-05-08,64.56305064836383,1133198314.475227,177737148.61563697
2020-05-09,63.22510266790515,1110703496.4255004,157860138.14753455
2020-05-10,63.1008157198405,1108007169.9924357,120774132.99028753
2020-05-11,58.88170838595826,1032600090.6148342,146310899.75962386
2020-05-12,59.406268710474976,1042975882.9142184,152576623.93937352
2020-05-13,61.46553626253166,1079207331.993079,108166215.7421263
2020-05-14,64.9279248671428,1139215255.212964,126718753.70797108
2020-05-15,65.19886800171784,1144911982.0006342,124318928.5926123
2020-05-16,62.6248691543107,1099786481.3072724,102410796.55548626
2020-05-17,65.1338511197484,1147336340.963969,98724302.46068808
2020-05-18,65.08025176043105,1141643695.227837,94116835.09188956
2020-05-19,66.8427888280125,1173373873.9717076,134585591.4138759
2020-05-20,66.6852937209509,1171764658.778097,111914481.94715822
2020-05-21,64.6400402383215,1137789764.6241956,100787782.93506132
2020-05-22,61.47167946271652,1081701548.3345842,97256790.8183079
2020-05-23,62.95012186105964,1106766049.5599954,92717332.471696
2020-05-24,63.43297279391219,1115063791.2328072,95261594.561779
2020-05-25,60.62034388377683,1069209616.2162304,87152706.70875499
2020-05-26,61.439926176942414,1079727012.4973934,92533680.23039332
2020-05-27,61.83349722475551,1084698822.3406324,91821354.53627823
2020-05-28,64.50215791299853,1133048163.8219523,105315846.61202444
2020-05-29,67.08538933461975,1179176944.0620828,116964348.11313708
2020-05-30,66.05144864135562,1161079186.2776666,114688834.18467978
2020-05-31,68.28668109665689,1202133014.6335,113381225.68157458
2020-06-01,65.09574085162089,1145816842.8163218,115209871.32994506
2020-06-02,67.78404034475888,1191053104.5669,128196284.52771586
2020-06-03,66.52579408363718,1170604042.156091,129128096.67338982
2020-06-04,67.06741016332128,1179335360.1849113,106725455.33898428
2020-06-05,68.67822596972024,1207769390.7561524,77110778.4140439
2020-06-06,67.36266782214904,1187176410.6425543,65372725.81634662
2020-06-07,67.70439831555156,1191016374.28222,60008864.49640728
2020-06-08,66.40890767007033,1168071625.7410812,71096315.03372766
2020-06-09,68.24875436961732,1200509710.9173782,66508745.79984113
2020-06-10,68.06623634894198,1197385409.236009,58335652.61908485
2020-06-11,69.58938051801651,1224253276.166806,69685919.54415323
2020-06-12,63.93709015299112,1124889411.3780797,74215881.27697897
2020-06-13,65.71185937164115,1155566308.5397224,65734247.3325338
2020-06-14,66.53347950712953,1170569483.5442734,66492511.421599664
2020-06-15,65.46972554375463,1151854124.9496205,56079058.14459565
2020-06-16,64.61350572602693,1136790057.9977262,77222536.53926392
2020-06-17,65.90811885395041,1159956924.648574,67204967.35073954
2020-06-18,65.23285800819505,1151064234.9054413,72881072.89331682
2020-06-19,64.94954604388556,1143232938.2188413,69238621.23308398
2020-06-20,64.1363692559643,1129137597.867497,72917905.82920924
2020-06-21,63.97558527081168,1124867028.859587,65063517.36491524
2020-06-22,64.4270743226233,1133987914.623679,61099138.47620935
2020-06-23,66.08858398306258,1164087302.4393537,82825718.27145557
2020-06-24,66.80378028645367,1176261841.995184,86543440.20555371
2020-06-25,64.78278742262133,1140751371.8100622,72996057.1253709
2020-06-26,64.33697036620008,1132977687.5974517,68708959.81185105
2020-06-27,64.0256586199465,1128446547.7782,63372808.183827154
2020-06-28,62.139644936063526,1095492937.127566,60277409.47526147
2020-06-29,63.24856901516695,1110800633.56328,63041339.33900399
2020-06-30,64.13484439801192,1129335466.2287662,64688951.517312825
2020-07-01,63.60568715966468,1120923637.8006654,64314688.85045821
2020-07-02,64.5705042427957,1137955163.1942751,64957658.10429384
2020-07-03,65.3606751924626,1152428365.5750468,89189341.28337748
2020-07-04,62.6838612035728,1104611173.9012213,82035161.70335825
2020-07-05,64.12295271190597,1129338124.510893,66278704.02915536
2020-07-06,63.3121265557949,1114014406.6285691,72869122.81852464
2020-07-07,64.8759070175235,1142352353.5122712,76240049.02388337
2020-07-08,64.50807969268534,1136617987.705415,56398330.34012152
2020-07-09,66.22712420391908,1167437287.4941487,90083918.1709132
2020-07-10,67.43451033972325,1187681005.0623565,94643657.0326177
2020-07-11,67.39474483374104,1187972107.0999756,97462949.69868264
2020-07-12,68.66867136775464,1210497334.7718112,91304969.61540146
2020-07-13,69.25390119024333,1220896914.01072,95199344.49374726
2020-07-14,69.19021333435519,1219852193.5558906,89874626.12734
2020-07-15,67.93687926339923,1197899485.0415304,70000743.37002754
2020-07-16,70.80328047320035,1248651882.4670746,104584213.93144374
2020-07-17,67.60702791112269,1191700942.1469748,91062823.1326354
2020-07-18,67.64633549046407,1192931725.151972,54104085.16904432
2020-07-19,68.31995581506928,1205187447.056405,55395163.98740617
2020-07-20,68.8527324299868,1214357535.1675549,51989550.75072459
2020-07-21,69.31718050483776,1222630214.1181128,59205974.80388852
2020-07-22,69.78179777349933,1231320940.686851,74533137.67163527
2020-07-23,71.32187749085742,1257150647.630776,65337175.114412
2020-07-24,72.9864735364602,1288905115.3724406,86697395.99759436
2020-07-25,71.65514999749674,1264179232.1479695,85833363.49951732
2020-07-26,73.55171847209925,1297724758.0119977,74467739.72025393
2020-07-27,78.05271861988334,1377227956.2170143,102158066.49894182
2020-07-28,78.160868545082,1379218081.263282,140874438.5123127
2020-07-29,81.23059516382692,1433481363.2866957,158901724.92176604
2020-07-30,79.10759387412645,1396099949.1741393,107278086.43052508
2020-07-31,81.2253124725688,1435596513.5811949,89098692.33109716
2020-08-01,84.58013533108739,1490725451.1174695,96796333.10303624
2020-08-02,89.69934485206761,1583867445.2788303,124539891.10437678
2020-08-03,85.04260148592164,1501218989.8064764,139274208.05133137
2020-08-04,89.15602195090503,1574638869.9606688,105479779.55806927
2020-08-05,87.25085122962814,1540578247.5865242,90241597.09052636
2020-08-06,90.18542808592385,1592298708.032153,96809582.64944148
2020-08-07,96.06193594464662,1701394504.8714476,135320788.40020743
2020-08-08,93.63533470200314,1656997393.4142709,237966783.3674332
2020-08-09,94.7618469724248,1673249571.1461294,81890578.93330786
2020-08-10,92.8767095906798,1638665249.1818862,86213539.67559864
2020-08-11,93.60984442223985,1654517061.4851415,105845530.00887394
2020-08-12,87.46371391814907,1545511160.5580585,182545714.66736907
2020-08-13,89.75745631121731,1586090397.955895,80554791.9077228
2020-08-14,92.1297858574132,1620854874.175477,94030639.30054957
2020-08-15,91.54208735189496,1612784199.850026,101729358.8932701
2020-08-16,89.9334954469506,1588803770.6447113,86044300.73309352
2020-08-17,91.22725325387069,1611752798.121132,73456720.45677473
2020-08-18,93.26293001586482,1647821353.2170312,96304246.17045556
2020-08-19,93.284417259103,1648299103.4249115,121057355.89521033
2020-08-20,91.20434780575135,1611639390.6630645,107910699.1988347
2020-08-21,101.301967190035,1783579106.9408846,154781127.48860744
2020-08-22,92.23060148868288,1633725860.5338926,228294343.08527577
2020-08-23,94.76870004804992,1674924221.5670085,154439682.22487476
2020-08-24,91.21214502501104,1613069520.669027,124089502.3462944
2020-08-25,93.80247172544716,1660328068.5386548,139011653.14580882
2020-08-26,88.69301752148417,1571729470.1233077,160677790.95155743
2020-08-27,88.94504178143586,1572379152.9161906,143573002.57119346
2020-08-28,89.52896353324132,1581481909.2984335,156007335.9083673
2020-08-29,94.35393863352448,1669853092.1512938,174078624.33764058
2020-08-30,92.6342173514021,1636916130.324868,157946234.5233226
2020-08-31,96.13449368945838,1699875297.8515654,165366565.95709783
2020-09-01,93.23805569054414,1651981964.006753,153608483.1860475
2020-09-02,96.75596426313832,1723543706.125418,178721193.61356208
2020-09-03,91.32256274963162,1612600241.4864786,179079613.77703035
2020-09-04,77.57052195486732,1371945232.954279,154096758.9842771
2020-09-05,82.24720498101587,1455431786.430163,166264205.23070303
2020-09-06,77.51502318331508,1371129344.5481026,216517473.84797105
2020-09-07,80.19542170767711,1418621014.8611732,185391971.25432783
2020-09-08,82.34754586363837,1456996307.6084952,199885394.50920367
2020-09-09,84.02237600133894,1483461684.9472694,236797383.0891021
2020-09-10,84.30157067148986,1491521570.6909056,180454532.30841705
2020-09-11,85.36054778042366,1510343483.1889875,188977151.7102101
2020-09-12,83.97955573414703,1485812736.2775226,160685468.40053254
2020-09-13,86.74532141632787,1532502558.7072504,160600242.45005324
2020-09-14,86.02023079510431,1517704249.3316364,195848693.6559867
2020-09-15,91.72314791638964,1623301344.8184614,210560698.6476423
2020-09-16,91.00897181505404,1609018155.091269,248367591.69373217
2020-09-17,88.20206433898946,1561229643.8307178,214394791.7414913
2020-09-18,92.7088957243628,1640179444.979401,161923686.13359815
2020-09-19,92.40041985019808,1635663917.6301386,164629464.6719999
2020-09-20,94.44493565818232,1672959374.5026977,183154051.2303276
2020-09-21,92.71225169197804,1641372160.4371846,186125850.6890145
2020-09-22,89.35910826684369,1589017997.951461,227784420.81726623
2020-09-23,92.62722653198578,1638832496.7835443,194296801.8136237
2020-09-24,87.27132237176437,1545523306.391268,180712941.8458237
2020-09-25,91.7214336065,1624206590.2190166,189986512.80930665
2020-09-26,92.67299644338549,1639482733.2113993,190814029.01155216
2020-09-27,94.5872885231552,1675144776.900878,159060757.65701813
2020-09-28,97.17820855713188,1723647552.3716052,228801803.411733
2020-09-29,95.14638180032443,1685238065.1843245,199654903.92500567
2020-09-30,100.35104493845138,1781940949.951213,209955257.81311697
2020-10-01,107.64057570210942,1911595493.349141,336700361.0807811
2020-10-02,103.03698348324043,1825314549.5004928,402530217.3162566
2020-10-03,101.72633818515727,1800082227.6721964,358781206.0695071
2020-10-04,103.6986136604638,1837243652.1431391,241089554.63701823
2020-10-05,105.70417362467212,1874168280.191335,271992439.4205288
2020-10-06,112.85491866659136,2008021272.3753383,333175366.98382
2020-10-07,106.75322909679063,1887498925.2090924,349377016.77232057
2020-10-08,110.08168422511004,1951957188.229453,444132294.12145424
2020-10-09,110.74044069369128,1961912113.9316285,375895602.42884463
2020-10-10,115.92519395525537,2053729999.4783635,405076494.95793617
2020-10-11,115.9818357838232,2055678468.614764,277087313.476522
2020-10-12,125.83667804093685,2228735655.513874,286937873.91132224
2020-10-13,130.28282941756018,2308028737.0719166,408353207.9051486
2020-10-14,128.03856274074178,2270584455.66132,363446395.98776793
2020-10-15,128.942957035849,2284583304.1020555,294040625.1101288
2020-10-16,130.28019836893762,2306417597.586508,280641460.3686795
2020-10-17,120.43230226894912,2143003526.7409384,295033075.2806777
2020-10-18,120.4442235987347,2135498805.2406511,298439166.40545857
2020-10-19,124.55477676828056,2206698472.5953274,172266361.49389997
2020-10-20,125.95867411532254,2241882774.731064,227197953.26550543
2020-10-21,118.39749935119296,2090530905.9908252,283110258.2641017
2020-10-22,121.2905583610284,2142153565.3285203,418853163.47884166
2020-10-23,126.99880704819157,2255755282.0996428,334228330.1035361
2020-10-24,127.37373693892226,2255640785.142732,265673120.6127545
2020-10-25,129.02424791636392,2288305936.3771043,253455995.2842823
2020-10-26,131.02260305032138,2324713789.649087,252983697.7356209
2020-10-27,132.2975518351161,2344773049.8035164,337984030.29977536
2020-10-28,134.04019376886166,2375796005.439452,337092692.01019555
2020-10-29,126.26094731359714,2240087076.6349936,343326503.11639655
2020-10-30,124.19779553158232,2202447959.895182,359137886.17718947
2020-10-31,123.35366561517422,2190547973.426317,387622296.8962305
2020-11-01,126.23362797491572,2240360306.348068,342091356.3540459
2020-11-02,126.6725704870248,2247877179.831775,236155397.36401516
2020-11-03,118.94730701994789,2119697253.235035,305336945.356205
2020-11-04,120.97700570511508,2145330389.0755005,301230336.55333453
2020-11-05,115.72086145359498,2053864284.3133025,337378638.1119708
2020-11-06,119.61665508031643,2135058664.7130165,363834485.83139706
2020-11-07,119.23561489743626,2118769758.783426,312558331.54079723
2020-11-08,111.0303199942974,1978360690.911661,333533807.01593304
2020-11-09,120.4490553872958,2143937839.7702668,268025168.10726577
2020-11-10,115.88789621940954,2056054537.6986308,279574759.8966671
2020-11-11,115.39164077236204,2048689366.1700568,214203751.4062067
2020-11-12,113.20997240454214,2011129488.6091664,281702694.0663695
2020-11-13,112.07937129781465,1992513046.9397583,334332123.78770894
2020-11-14,114.11229608309692,2026289984.4940188,266107916.5548057
2020-11-15,116.88656673824732,2074116266.9669845,240978725.4554225
2020-11-16,114.72192214139298,2037069357.7773504,180626675.7263645
2020-11-17,118.39218049171738,2102523778.706006,237654362.2076336
2020-11-18,125.4329109418462,2227090470.3793883,256044218.3339677
2020-11-19,123.80407974973195,2198970682.389148,332122628.00988555
2020-11-20,118.41088285926573,2103053944.99972,304956256.7695692
2020-11-21,120.74630443516168,2147382669.1715643,295949855.2916561
2020-11-22,128.02918634761394,2274316181.329449,368783948.6704489
2020-11-23,123.56752079289993,2204145839.8043046,426152714.2644216
2020-11-24,129.76669054736857,2305181283.493739,381058805.1304531
2020-11-25,134.8584104536787,2395630823.1969504,643845074.3655145
2020-11-26,128.1026863626161,2273876070.067479,528651106.5459226
2020-11-27,119.44957675628316,2117153719.7210648,596053765.5992839
2020-11-28,117.30590481803608,2081045597.9341784,333515610.15216506
2020-11-29,121.86286499471836,2162214055.847444,256623318.57408613
2020-11-30,123.87128119320602,2198434603.024889,264329981.43788904
2020-12-01,129.3986535763208,2304689875.6331644,263227394.13036144
2020-12-02,126.3000015135394,2238154354.708711,327612557.0888484
2020-12-03,127.94355077345304,2275821810.4202824,266657592.933101
2020-12-04,132.78009108613378,2358360291.8031263,236184773.98164383
2020-12-05,127.10014301681792,2259407783.144153,280803959.37406
2020-12-06,133.42947782504933,2372043495.8122315,208939611.5304888
2020-12-07,134.39867572268497,2389400108.7729883,247345886.9352084
2020-12-08,138.93765507501456,2473464839.917083,369687437.0780965
2020-12-09,135.86510565875713,2424697282.733324,316186835.8171776
2020-12-10,132.96843872291657,2363723501.7201285,317934943.4579986
2020-12-11,134.13661239944375,2386268669.125195,288298009.6132036
2020-12-12,141.652503222849,2515018058.292894,358609611.400506
2020-12-13,146.7032062711804,2610879663.8824854,486044105.3419308
2020-12-14,151.8080754573485,2699884757.943539,408047263.5884033
2020-12-15,152.39394426909698,2714221970.954984,494246687.8442597
2020-12-16,151.0044519214105,2685449534.487039,415613262.41335154
2020-12-17,158.66582512990138,2820221425.3421564,442791947.07695854
2020-12-18,160.65753639075527,2857851454.2442493,640816950.2248981
2020-12-19,154.70618458787297,2748219279.9766088,452362006.3872311
2020-12-20,154.81298300857176,2754163767.330046,373848025.2564008
2020-12-21,152.4516132492592,2706618740.5051327,370589092.2457961
2020-12-22,146.12825146898686,2599923953.5126257,407650154.8352383
2020-12-23,156.5791993560016,2786011351.8397417,402565305.8221492
2020-12-24,151.5295452487226,2720520851.7688446,749338567.7748199
2020-12-25,156.94720179405434,2782945990.778809,464252471.2848285
2020-12-26,159.3662501330748,2838831565.166711,393376525.8153011
2020-12-27,168.20525214305326,2993475730.348483,474596216.8169371
2020-12-28,157.48370892834575,2824484146.8046203,521961741.6402239
2020-12-29,166.7720078997519,2972006619.79548,513200927.40994805
2020-12-30,162.04359503914526,2880767721.1868696,460151866.8372093
2020-12-31,159.57459853248122,2840455190.37488,454151326.21961707
2021-01-01,156.72045288039814,2779917364.8713923,368285519.8574254
2021-01-02,135.99920943369665,2421042214.57542,752801407.557126
2021-01-03,143.48163652239077,2561633250.4096985,889961730.4002987
2021-01-04,137.98648771367002,2502408064.326349,582928058.2938806
2021-01-05,130.876962624806,2327202278.143919,507596514.0889316
2021-01-06,136.96674869229454,2434973890.504709,598139608.2975076
2021-01-07,142.31426472519422,2531795515.3816514,512097408.7782263
2021-01-08,143.3244715948472,2552209178.221837,677218358.9328485
2021-01-09,142.53470672988746,2538253401.111561,595466604.3969337
2021-01-10,147.78114151909213,2645268235.0889177,554174062.666398
2021-01-11,186.5478922522337,3322389408.376705,1379805933.349682
2021-01-12,159.340382418272,2868690406.2599115,1496253683.2903044
2021-01-13,157.7194528077175,2805460655.3768225,866355717.8626333
2021-01-14,172.0889888182034,3065325633.020946,706587416.5001849
2021-01-15,163.7770073739989,2917407742.905556,758243118.1083527
2021-01-16,157.39002957216846,2803768991.874677,581010041.7717444
2021-01-17,156.11385182150923,2781182918.550083,472400930.0281573
2021-01-18,159.41497379482618,2869657998.235628,482799849.7609139
2021-01-19,156.39193436343984,2786391585.227935,481423082.7344527
2021-01-20,157.28820118988938,2816807529.352361,560060066.2081883
2021-01-21,153.3953412937268,2733274912.4269123,558547358.1087046
2021-01-22,130.6949181721074,2328903541.273736,630817462.6000628
2021-01-23,136.1808656586712,2410556164.6489744,631394159.0061824
2021-01-24,138.705513689275,2468752345.9413857,540089886.6933218
2021-01-25,137.90186846280548,2457677915.3692346,504356912.6369968
2021-01-26,137.52897842741254,2454229383.7871337,469563367.6994108
2021-01-27,137.88964942559377,2458903014.4009657,426717593.3898894
2021-01-28,125.8434872114458,2243096922.775055,428907925.8386248
2021-01-29,135.44287590750608,2413379004.010064,555624008.1359462
2021-01-30,140.34598915531794,2501836926.3836427,533367712.2528624
2021-01-31,138.90259252330625,2478898958.641306,439777621.23643184
2021-02-01,137.95757052400043,2458607352.662117,417097444.36556894
2021-02-02,143.34435638235368,2555657563.4118547,468392026.4173824
2021-02-03,151.14167123486624,2706166837.343155,495475898.66502976
2021-02-04,154.7427790586968,2755286590.398131,423543188.95324135
2021-02-05,148.3034263879101,2644441987.582171,438537066.4512172
2021-02-06,154.48042752741856,2751972565.610328,465747896.2765256
2021-02-07,152.43334890616373,2715301943.7883496,391614612.54035753
2021-02-08,150.07433214878068,2682652394.665409,393922737.5938987
2021-02-09,162.75314316846806,2883296248.673563,489592169.298965
2021-02-10,169.01798139296218,3014397105.033789,896234152.812728
2021-02-11,175.33396180990584,3127320984.336917,651265823.183708
2021-02-12,189.9962477848017,3388525582.121588,782938778.6764174
2021-02-13,201.22298911883345,3590364658.2268715,979261092.661456
2021-02-14,239.77636852257936,4284617071.259072,1359498376.756717
2021-02-15,230.51833112974043,4112386602.1526575,941216176.0804152
2021-02-16,227.3775922487543,4056538956.716538,969594316.2385212
2021-02-17,221.37499401831596,3943308423.245669,826190974.3892723
2021-02-18,272.07862973286507,4860174460.422804,1185812022.5809965
2021-02-19,262.0430616849388,4675649078.108148,920455394.3127444
2021-02-20,284.11261831855546,5069670509.7429085,1046827106.7885633
2021-02-21,257.6874098939399,4598354955.166616,1043210638.077287
2021-02-22,249.07290713302348,4458290035.110767,922130298.4155464
2021-02-23,225.9012366722473,4032717770.652223,1048701675.4685202
2021-02-24,219.24195912740365,3912843260.905802,1258615777.5128925
2021-02-25,206.55851534043973,3686656796.607021,907910715.7613755
2021-02-26,196.91680645736795,3514740097.245455,714769848.2129292
2021-02-27,204.92778961867143,3660442087.004782,810101705.222994
2021-02-28,211.0150321881509,3753550256.189105,735549952.5431657
2021-03-01,217.5841494826596,3884159218.657216,933569598.6829852
2021-03-02,230.10738146129995,4094244021.898066,715295637.716114
2021-03-03,220.9210589530687,3951211260.260264,698379000.8016189
2021-03-04,220.33415164662537,3939259752.57236,751323969.270465
2021-03-05,218.24643894601653,3896696311.859709,784005108.5102026
2021-03-06,206.8852248698597,3691061273.2614174,671118696.2354348
2021-03-07,205.09618725155232,3659937312.565624,722669187.2547668
2021-03-08,209.09332823074243,3730619439.285864,642584907.6770407
2021-03-09,221.06600091594183,3947481439.8854895,752031357.3361751
2021-03-10,225.3175851424764,4023856564.0708666,653232353.6718318
2021-03-11,220.52629366306627,3946683071.937381,646089438.1639066
2021-03-12,221.2693229946821,3951913007.7405024,564470544.7715967
2021-03-13,222.52994666269615,3972723825.976252,585755902.1052033
2021-03-14,238.4621627625328,4267149896.292397,660500425.2237898
2021-03-15,235.1568244644684,4199011310.223496,683038740.6459404
2021-03-16,222.00387368745533,3978233750.129792,768831658.4681199
2021-03-17,229.9353819401552,4094058325.033628,634559956.8332169
2021-03-18,237.35802665312065,4233599019.188943,625230285.8372079
2021-03-19,229.3100594937659,4099905306.976237,593301102.5159591
2021-03-20,232.81400539036696,4156031936.057266,555696717.688869
2021-03-21,232.7746529852969,4161136090.2701902,541898382.4009835
2021-03-22,232.54941526669677,4160732427.076579,651968594.2763793
2021-03-23,217.97450638378868,3940260614.487578,640780877.1323428
2021-03-24,218.6574244138532,3899155401.912945,683960667.8364357
2021-03-25,211.23014986879005,3788869966.872578,622006074.5492358
2021-03-26,215.00389702454592,3841052717.735451,541646133.9868156
2021-03-27,221.73559603776732,3960941479.7188535,466939760.73345006
2021-03-28,221.22341560851677,3960406566.0008807,467946683.6223412
2021-03-29,231.88645300568143,4144673807.082381,627054098.326594
2021-03-30,234.12370555515056,4184364634.090393,589624410.7547454
2021-03-31,243.7336198096434,4351281225.219336,545918387.7211658
2021-04-01,246.6864772425584,4403863579.419129,844752689.4298699
2021-04-02,249.59801453082704,4438583308.614946,654806248.7046221
2021-04-03,256.92500343257143,4590222361.544584,632606379.5441283
2021-04-04,257.05358395920706,4590196452.354927,534091699.4525719
2021-04-05,264.00778001780634,4713960991.96063,584183622.4836118
2021-04-06,264.692260125508,4743163378.366753,524728249.4796305
2021-04-07,270.8821404557824,4845514429.540901,561388972.3020066
2021-04-08,259.07649661610134,4652877586.330476,716432637.4967055
2021-04-09,269.4929168937238,4815777513.850567,531113725.8561512
2021-04-10,274.3292820949105,4918454492.313895,551164546.2864935
2021-04-11,293.122557329242,5249515085.959333,717256968.7740934
2021-04-12,326.81769182013767,5850108404.972091,813845819.9066261
2021-04-13,316.1473588049056,5661452677.360246,908593539.0694966
2021-04-14,328.2483593820469,5869909991.528455,762907266.9619881
2021-04-15,320.5354538457102,5733404841.540963,653722496.8203402
2021-04-16,343.241716777912,6112388259.0032425,726120526.9588023
2021-04-17,341.2799928782491,6112773785.166678,811410607.3819731
2021-04-18,363.62149085484447,6538906007.798183,959543389.8719176
2021-04-19,339.6691078285179,6115918862.167499,1160211720.4206214
2021-04-20,354.17568857803315,6321028991.742264,1154619855.0090275
2021-04-21,399.9732993350859,7193445263.444254,1888498664.6773608
2021-04-22,386.31545131579895,6937084269.002518,1477500271.0859883
2021-04-23,349.8767996391439,6304007608.589406,942696394.4709128
2021-04-24,354.43138326471046,6306129213.391024,1116260276.056229
2021-04-25,380.8705754470848,6887769379.428165,876916225.7113369
2021-04-26,355.6571019005248,6364614498.113243,752533796.104713
2021-04-27,401.8875248575369,7192212117.816104,777134458.7334826
2021-04-28,401.4016009484639,7188334440.922316,638153247.8574411
2021-04-29,417.1910030211072,7510658300.036778,957201078.2708732
2021-04-30,407.443220572913,7292572536.570741,626539916.3838899
2021-05-01,422.0138579188636,7536424345.190849,609678420.9575101
2021-05-02,426.128747022894,7627638945.987724,605573132.9710727
2021-05-03,405.3746506738402,7248950529.220198,459645160.5967026
2021-05-04,413.0480941236001,7394135767.05036,541584791.8409802
2021-05-05,380.2296822788858,6874468038.782015,580709801.0145651
2021-05-06,417.4802034168153,7453959660.26293,548668916.3474824
2021-05-07,422.1556167279662,7558130099.788947,706673617.926587
2021-05-08,458.3485190195494,8206441906.631104,1683496565.2638185
2021-05-09,475.5486208906033,8501776444.029756,851853899.6418989
2021-05-10,479.605490791866,8612080664.886652,643645826.702844
2021-05-11,442.13955941015854,7917232099.89801,680643723.5614518
2021-05-12,453.2491340954807,8116493371.93108,657544234.6169703
2021-05-13,400.54180603229617,7354227389.692986,646806230.6229663
2021-05-14,403.21347485115086,7213997259.51453,632184471.113714
2021-05-15,412.89172011467537,7386712970.378082,431048268.8417805
2021-05-16,382.8404507552791,6856794408.633222,667311014.5725057
2021-05-17,391.9253681473074,6965838953.485809,525671243.7909599
2021-05-18,339.5331973551858,6081646227.103353,495974494.20757306
2021-05-19,342.17899759228004,6093492201.314453,387734128.1168576
2021-05-20,205.44958729679283,3719803497.2828665,586520701.4167323
2021-05-21,282.3005374349768,5057129645.4856825,596697542.4711092
2021-05-22,255.68064250031037,4580436050.869347,978527177.9485074
2021-05-23,231.76623362586216,4152188727.514488,535769464.0865756
2021-05-24,228.80421215028005,4099293418.60816,582902185.3474574
2021-05-25,254.96151943140708,4559751625.662281,404637725.0621135
2021-05-26,245.6466615215845,4400625162.853564,375463131.1181317
2021-05-27,268.0247025017599,4802560659.698607,328048784.8868947
2021-05-28,251.635476709829,4509075738.740018,279468179.8138508
2021-05-29,262.6314084081402,4706300503.372841,393424930.7669277
2021-05-30,243.4620573271824,4421267140.662553,514334539.6222165
2021-05-31,260.9346631862479,4661054561.160888,272922495.69972503
2021-06-01,272.94326778042307,4891676582.776555,253420632.7533725
2021-06-02,266.0273127235852,4767910377.57924,261982710.31002197
2021-06-03,293.6411067667142,5254168419.035816,292404483.50722563
2021-06-04,310.15729441163006,5562578284.699315,349288631.19040346
2021-06-05,287.0576973573764,5139158218.547476,315155700.2199969
2021-06-06,263.1434322612499,4709168041.634412,295117249.0493234
2021-06-07,271.85934197228164,4873419351.807202,233022203.5804003
2021-06-08,248.59785128062416,4506799998.286186,237769565.28616223
2021-06-09,254.1027074281589,4555473193.384585,308008079.14989346
2021-06-10,274.6053701279364,4923225928.193019,333501479.0928524
2021-06-11,255.3387766760907,4602561628.482521,275490540.5911934
2021-06-12,243.47914601660605,4344143698.3871565,199377302.0372568
2021-06-13,244.2015707992505,4395327867.713768,178317889.29740253
2021-06-14,261.5626905786736,4690137573.002736,161752836.40144634
2021-06-15,275.72813127047783,4944341933.266312,220279492.1819417
2021-06-16,280.84152877190604,5036231306.876767,240130852.8273711
2021-06-17,262.05301383621224,4699483555.906101,205387990.2235737
2021-06-18,276.78224368724904,4937588293.260067,203551810.34451997
2021-06-19,264.61088553660966,4761317879.616702,273010636.8820373
2021-06-20,272.0207685681476,4890144509.838641,253373825.4660372
2021-06-21,264.2812413052758,4734419840.455192,213983245.75763163
2021-06-22,204.2430198583605,3713672756.230505,289182399.93636537
2021-06-23,202.28719071587875,3635461072.173852,325956271.2151209
2021-06-24,218.71372377271013,3931454710.615508,228936664.74228144
2021-06-25,223.90923889079411,4016699635.147133,219958576.85615423
2021-06-26,199.0297861441664,3565458310.986287,247703598.60474372
2021-06-27,202.0128081416057,3611328045.440007,198036158.175904
2021-06-28,211.6956836041135,3798035513.462533,147486176.79028866
2021-06-29,213.19541718861944,3820998505.921111,186006812.53514403
2021-06-30,217.7325639249996,3916265687.702718,226380334.770036
2021-07-01,222.41645121483137,3993051380.273834,195716056.46712783
2021-07-02,207.46923443337303,3722909151.760247,191951905.51607352
2021-07-03,210.97379435759277,3772830685.87496,155717319.28567672
2021-07-04,214.97958722724889,3843989419.514393,142457180.07733598
2021-07-05,220.420581443185,3955638236.262711,172911057.8720109
2021-07-06,215.7486005771294,3879967853.298337,171949219.17770293
2021-07-07,221.82895915955575,3980166323.602009,161671691.44980812
2021-07-08,215.62675090360813,3866339471.339404,185730396.11207533
2021-07-09,205.97604839613737,3695930467.725385,172658365.69462222
2021-07-10,213.7173951891212,3840984704.9235096,158028458.611526
2021-07-11,210.69797245530884,3784354981.77256,151503007.62792408
2021-07-12,211.9938486894045,3802601313.988194,160426757.42005143
2021-07-13,207.04298852382703,3713633551.8204417,155707511.7635159
2021-07-14,203.050637116352,3660474346.71184,145224312.88267076
2021-07-15,203.3388108276833,3650475767.864587,141493867.84242624
2021-07-16,195.57137150331647,3525590130.437319,167158779.14607638
2021-07-17,192.8913417925798,3467336086.299179,138310904.02046236
2021-07-18,198.0020228477532,3555070575.8079786,130051630.86484596
2021-07-19,200.00227303666088,3587670963.857057,126812449.35669072
2021-07-20,190.2265113882501,3432214167.14819,151837624.09472695
2021-07-21,183.84536789922748,3301261490.928514,176035233.31566134
2021-07-22,197.7807686576768,3537766234.927381,185235433.08394095
2021-07-23,197.83671549681785,3547789904.588403,145076893.41660333
2021-07-24,203.36206814024808,3652123130.361045,122122821.0892272
2021-07-25,208.4475899399485,3743590276.43642,143012804.85233563
2021-07-26,214.5822117744284,3856532169.287804,152377984.94877982
2021-07-27,217.3750624056013,3929216506.916785,271581402.74606794
2021-07-28,225.7761452729988,4055259535.220338,227166802.4612725
2021-07-29,234.0956484674797,4203002394.031809,220693660.49451825
2021-07-30,241.2852069898388,4334140328.49902,201954802.87786785
2021-07-31,242.6039260530579,4359936025.28614,216150731.1180105
2021-08-01,241.74813073019493,4336487627.14571,223609647.8668109
2021-08-02,235.490771522014,4221657947.0545993,203759326.2661205
2021-08-03,233.38775938901992,4192902029.212214,198738260.26765817
2021-08-04,226.5005498963327,4069797359.818707,184694768.3632573
2021-08-05,245.02344556184,4380927443.788811,223034017.6551172
2021-08-06,251.9093191019476,4515132471.709771,267999462.5428013
2021-08-07,265.23355600046284,4765725505.673421,280233601.49445826
2021-08-08,270.92087500849505,4868428029.808024,255261518.99948707
2021-08-09,256.33927516635663,4606230668.471649,245168998.39127663
2021-08-10,269.72425173592273,4789208043.709351,249495971.9081647
2021-08-11,266.22557108438724,4768426358.569119,249685042.65415716
2021-08-12,268.683225710647,4827616948.456384,251907490.47918063
2021-08-13,257.30203485883976,4623566735.350697,248969625.53773504
2021-08-14,272.3947551158939,4883605487.272385,248654189.0440541
2021-08-15,271.3826069900793,4890972847.125113,210925334.16809705
2021-08-16,271.896287568234,4887517996.353805,214728738.0275228
2021-08-17,267.91487974503275,4873437269.634034,247105320.63500777
2021-08-18,256.5037646637004,4627636407.074548,222809799.66313523
2021-08-19,254.65914054245687,4577712905.967381,223007710.1916849
2021-08-20,261.94051571786355,4662286669.959381,186607210.37824816
2021-08-21,282.00255452700617,5066033002.770679,249825942.71149856
2021-08-22,288.41235998700233,5185021625.361037,240116316.80627927
2021-08-23,304.9531900857445,5488227164.997983,277074105.00049144
2021-08-24,318.4386158816401,5725228050.098161,361846149.0213049
2021-08-25,308.5498468804986,5585849952.563252,341258962.148061
2021-08-26,313.75496949594066,5641431599.561786,327373585.94513893
2021-08-27,296.1532443916608,5342224275.548283,275163715.09113103
2021-08-28,314.7808631648227,5668357392.685963,271857469.1851066
2021-08-29,300.4618933579952,5402987648.854294,198297104.69897744
2021-08-30,292.4478849816522,5253042147.162331,239567116.4133428
2021-08-31,282.24634735413105,5081457257.522382,254363243.55403933
2021-09-01,287.87537676095934,5177096613.052614,223133790.7965904
2021-09-02,302.5178350354625,5431092673.198702,259007176.92393032
2021-09-03,302.9171776872121,5443135960.634584,247618374.15562776
2021-09-04,304.2475769582153,5460717050.316614,252049047.11133125
2021-09-05,305.4253701671129,5496736157.091451,214814974.9867176
2021-09-06,313.9414553634843,5626753620.038906,267170479.9409447
2021-09-07,316.13718410181355,5681801012.85374,307842509.46818155
2021-09-08,263.19208001961465,4714789764.258053,474087858.6332252
2021-09-09,257.32652514371694,4641460110.384819,369592484.8539952
2021-09-10,261.7291277772361,4717884270.134479,281439876.4952567
2021-09-11,248.230353439884,4462682651.994826,223324362.8045341
2021-09-12,249.57519748957063,4490861931.120141,159884423.52248427
2021-09-13,257.12335494450025,4626096282.668865,188104119.77060297
2021-09-14,263.68572097178657,4743107399.7727375,369288374.59877217
2021-09-15,269.44095532142654,4848442985.921455,321868864.17950386
2021-09-16,268.7945746839353,4836592787.417896,239682110.0936125
2021-09-17,264.70248640948915,4762749263.022162,228299698.61740568
2021-09-18,262.1271451218531,4732478517.290205,187662926.02129197
2021-09-19,271.1834559452247,4879416110.897124,183516917.56687957
2021-09-20,260.74357188925336,4692361714.774667,195091992.52336
2021-09-21,233.20392964848853,4179221173.290988,339691376.7190408
2021-09-22,214.93084149586613,3870058030.467224,252549327.6936207
2021-09-23,244.55820973621115,4392408492.589564,243725011.8803509
2021-09-24,249.38168201729252,4488508349.40118,206708042.86875048
2021-09-25,233.6435431761509,4228047913.833224,260436328.8686584
2021-09-26,237.25372178552476,4273714677.003344,208401429.239354
2021-09-27,234.3990730146976,4251687062.4112616,253508451.17126504
2021-09-28,235.2304187879445,4228538758.3026686,229020575.1795864
2021-09-29,229.39613600707315,4143347503.188383,234605846.47869763
2021-09-30,234.0087824063796,4206100495.687732,199036064.84447783
2021-10-01,251.02864317785472,4520499909.461659,237997717.04382867
2021-10-02,257.8001888635355,4639229961.212992,283486899.9404945
2021-10-03,253.4156321979342,4563972836.519158,201453728.6624184
2021-10-04,259.65823741237267,4674619417.681289,214445795.383016
2021-10-05,264.6188891741226,4770877974.777176,229188146.7880744
2021-10-06,271.5522290530368,4889535726.797973,263445547.1547973
2021-10-07,286.9435599018467,5167455542.602462,316915165.67750245
2021-10-08,279.46471616926056,5024899488.396985,266501512.2439441
2021-10-09,278.4323456632758,5011607970.446033,221870839.0509938
2021-10-10,278.3965047733922,5006751659.574747,202822351.58521232
2021-10-11,270.90335053425343,4881006474.250772,162702225.93809268
2021-10-12,275.2831638711385,4947567896.697538,231752394.6370844
2021-10-13,276.7764195009973,4987606514.454209,243686450.7782956
2021-10-14,275.1649867959459,4953327495.293906,187766065.75217173
2021-10-15,266.88143404069734,4804340511.157417,179841412.0707252
2021-10-16,275.5181455389057,4964739499.976465,269306881.1748228
2021-10-17,269.44585986583263,4853383436.861134,201760536.7808225
2021-10-18,261.4721677749648,4699649987.172592,180434249.90751025
2021-10-19,256.364485991689,4633427940.887787,170103308.10398412
2021-10-20,255.72280892981968,4595983387.290832,172611085.6278102
2021-10-21,261.13819063268033,4710472579.581212,210420979.8513669
2021-10-22,271.03899964137014,4882529535.387615,285717779.3194473
2021-10-23,268.1483281617593,4833402209.717208,217884628.46150395
2021-10-24,267.19372883282847,4835138417.346516,145425008.82593897
2021-10-25,291.2043603717032,5246527599.558476,293114426.33603185
2021-10-26,287.68465306760504,5179299295.635845,288735809.25351083
2021-10-27,280.71508710208417,5077483351.064657,316006307.68899035
2021-10-28,256.55728331496834,4621654134.503168,320903467.67014647
2021-10-29,268.06830206156326,4829057456.392772,335775958.37297255
2021-10-30,269.00466257387154,4838804673.652791,221148706.56339243
2021-10-31,262.52389147640935,4729830283.57341,155145743.1377112
2021-11-01,273.88832036434684,4933857545.762999,192039995.2440616
2021-11-02,271.46451032084843,4893524153.539953,194089569.32388195
2021-11-03,275.10496230215097,4942922846.051881,159971924.14351872
2021-11-04,266.58158858216865,4801278425.597615,187763883.94348225
2021-11-05,261.5087580266815,4703252290.509322,163873453.49660537
2021-11-06,257.3311986553404,4630606461.358645,211096174.0154228
2021-11-07,260.68361908936123,4698661260.421636,159717720.58617678
2021-11-08,267.4443630349072,4816779281.015703,158257807.44865426
2021-11-09,274.7457529074561,4952666226.465091,257834036.0098002
2021-11-10,290.2741314090991,5243614073.4125,326105090.6888439
2021-11-11,268.09242359030355,4793288310.125623,318908987.44665235
2021-11-12,265.7573920378735,4798157387.239502,255204113.03243455
2021-11-13,261.2066966568134,4705720226.91866,198110397.7640261
2021-11-14,271.410198047219,4885867652.091062,172327370.05050424
2021-11-15,276.15032288771124,4974605534.591401,185014453.162578
2021-11-16,269.5863313248388,4856984388.275448,193460787.8338088
2021-11-17,242.83166414772955,4365097231.958879,293628667.70233786
2021-11-18,242.71652522648756,4347037591.786213,199130777.5351736
2021-11-19,226.35125368299825,4073914049.0672193,214754535.7355599
2021-11-20,239.99162366309056,4323238324.85772,170913426.08982348
2021-11-21,248.287648886018,4477023094.980612,159892255.22651038
2021-11-22,252.8594291823237,4576414467.866821,134225199.60163736
2021-11-23,232.4445699984105,4195159616.864957,161015825.25257796
2021-11-24,236.40028158876052,4263569737.177886,170547465.15872642
2021-11-25,244.1743792681995,4403711783.430862,243192017.7819316
2021-11-26,247.9917151223633,4472693669.380099,192853441.36218768
2021-11-27,225.01667283582384,4058445507.044711,202811309.5223197
2021-11-28,226.92057666467835,4085352333.0081,142907377.54963675
2021-11-29,238.67837492600208,4304009257.028902,171642662.9941425
2021-11-30,235.7480165411616,4252403066.992366,189531847.96202588
2021-12-01,238.19435312673627,4303068395.882973,234156918.8884968
2021-12-02,231.04790808388552,4171517706.582755,183426204.1397935
2021-12-03,238.974600582617,4314574261.912673,182751428.72581863
2021-12-04,224.47853577816915,4049624198.761516,200171241.61507437
2021-12-05,203.67562183424783,3665048993.161195,267251255.6037801
2021-12-06,200.97898322350105,3625915142.672784,144986833.89752817
2021-12-07,201.36282504700745,3632955139.69452,165510578.49724326
2021-12-08,206.40814859205847,3724091961.450939,154139073.0406483
2021-12-09,209.9731681513084,3788532146.812717,178245839.71193367
2021-12-10,190.35210129630076,3434552439.3180103,143954998.9850331
2021-12-11,190.5168272323417,3437524614.889468,165292107.1922582
2021-12-12,198.47152481817648,3581052455.1991405,123026411.03880292
2021-12-13,197.69367281608524,3565525465.832923,120926102.9802821
2021-12-14,184.07153140254405,3321231144.191711,142611568.91002935
2021-12-15,186.88931379780516,3364917461.841135,121204961.7870526
2021-12-16,187.8741115694162,3390507625.941121,129236626.23272996
2021-12-17,187.24840855195848,3379336098.6987658,150655641.66274336
2021-12-18,182.10500485166764,3286610316.221432,119396254.9646626
2021-12-19,181.40387003940063,3274058918.363915,100191902.61324392
2021-12-20,183.8251181181732,3317862661.0588865,104483206.63747568
2021-12-21,189.66942993873369,3438218406.0590167,178303835.2428958
2021-12-22,189.6156097446257,3431075355.521409,146172866.3662203
2021-12-23,190.3512643786232,3435960855.2049103,143320171.5841935
2021-12-24,210.7572375304433,3805447157.181544,234532421.05742347
2021-12-25,203.96653261036576,3681944824.989316,131347642.36489189
2021-12-26,212.1766859419564,3835547839.628649,142522740.2781139
2021-12-27,216.93980242544083,3916369592.698335,111215454.77379364
2021-12-28,222.04173194761208,4017469574.8497,230318358.9929054
2021-12-29,209.1620765160861,3776186384.486146,154570276.7322219
2021-12-30,213.24267538407315,3838031547.47428,145908891.83758122
2021-12-31,225.1829267188853,4065669678.2995534,195854927.9857725
2022-01-01,228.92868339447395,4148227995.215816,169283156.02698448
2022-01-02,250.8322871154139,4529041239.529435,246723262.3933571
2022-01-03,239.17164452922435,4321565245.777759,171457202.2584469
2022-01-04,231.5119107656612,4180438025.010375,159317410.64472118
2022-01-05,223.70296284274627,4062463279.5903287,145903589.78425828
2022-01-06,207.79431717224483,3765947499.791194,146031430.4136967
2022-01-07,203.3396810058656,3677351983.560613,150927056.60094988
2022-01-08,194.8931865927434,3518256228.3008013,168687938.51806822
2022-01-09,184.90782083817624,3351827846.6309056,140284823.86944595
2022-01-10,190.61158792513663,3427397250.2807503,143600176.81566748
2022-01-11,183.15149951172532,3307875497.346594,135875867.3590361
2022-01-12,192.62334647938957,3479044895.4945946,137243552.24379733
2022-01-13,199.12343856672055,3603081829.1533775,117213238.68459058
2022-01-14,222.60934908775064,4020868017.736368,334548526.64509976
2022-01-15,229.63816976881824,4147944595.569697,227136023.0915693
2022-01-16,218.02685957476191,3932235821.481,117673481.46892586
2022-01-17,224.7800312685188,4066510187.176117,125513154.80189508
2022-01-18,215.2374029983197,3888165970.929979,187877351.86976397
2022-01-19,203.9243806485536,3691118108.291387,147122811.86862403
2022-01-20,201.74193555455375,3651511047.011035,157477770.72413623
2022-01-21,188.949140070755,3438311863.683598,116947546.63934954
2022-01-22,171.91604258718309,3115821020.003869,184897249.84801516
2022-01-23,151.64823666125972,2734693182.674742,213352481.51716027
2022-01-24,156.1165977345764,2820665314.5795016,128314743.69333968
2022-01-25,147.1839960411852,2659349288.801261,178601029.07695812
2022-01-26,145.24828204336572,2622790011.55564,175755982.3447557
2022-01-27,148.29099533947604,2686713600.06666,166312222.50010273
2022-01-28,144.31105978689644,2607664283.6763096,133397996.42123953
2022-01-29,148.9448851731197,2691472431.6155534,95382878.89215413
2022-01-30,153.63749084459758,2774513661.1393204,79608199.5959757
2022-01-31,148.0656616579535,2675740078.3868804,85850456.0035436
2022-02-01,147.39764677743142,2650978292.059547,112435687.52063435
2022-02-02,146.50947065315083,2647766971.557275,126960453.08013052
2022-02-03,145.11332754939585,2617545912.82334,110542329.01974048
2022-02-04,146.76886772646083,2652603828.662964,95487417.69783354
2022-02-05,165.88137739667417,2967340689.2393703,177204263.54512745
2022-02-06,169.24943041743074,3062119959.0087886,125926147.46450898
2022-02-07,173.73701552012503,3140584148.072151,94939882.74721923
2022-02-08,185.0006650371186,3345697011.691784,140287141.9721647
2022-02-09,179.0733617905377,3236911663.3336034,143997851.90044314
2022-02-10,185.52336924924637,3342443242.0846167,113830537.9444266
2022-02-11,180.4184790395776,3261409252.4189324,138232205.56138143
2022-02-12,168.77976581695924,3050264550.165204,115085643.8328978
2022-02-13,173.79769877733247,3141899708.7087507,106372526.96734324
2022-02-14,174.53179204022615,3155991767.007897,74948189.46602023
2022-02-15,176.40668497169355,3193247519.117026,87510518.83736491
2022-02-16,182.53750194098365,3313273702.712375,125511652.64235409
2022-02-17,180.15174365456105,3260896924.0820813,109346495.164089
2022-02-18,163.58340526819734,2957453883.876552,114741495.96884926
2022-02-19,160.34920959401515,2899263840.6671143,111314297.84019966
2022-02-20,161.578897793705,2923042317.6552258,119921000.96436857
2022-02-21,154.29639227710987,2789980517.99178,103777953.31896816
2022-02-22,148.374622682121,2688833132.327299,135071397.36900184
2022-02-23,150.89605061326475,2728716638.2986226,113950670.77485904
2022-02-24,149.382213182098,2701343382.946521,85531840.24454337
2022-02-25,146.80803379570875,2654387310.467102,153095988.32434908
2022-02-26,153.79573729976528,2787592766.841694,96257824.18042198
2022-02-27,157.45188407364074,2845214937.299735,84055062.06472397
2022-02-28,151.04641617851246,2734392113.064909,86904172.82059242
2022-03-01,170.21524172658266,3074588150.805188,119939036.25618784
2022-03-02,177.5071561930616,3209121621.76965,118913610.86471452
2022-03-03,177.99438581887335,3224538210.9605174,117932932.6665916
2022-03-04,172.44987308575244,3121276987.981084,125835535.2346928
2022-03-05,159.7841605544536,2887137426.3417163,158444565.98900577
2022-03-06,165.40363284760812,2988683076.022881,95460992.85634293
2022-03-07,159.18204961188027,2881554356.403078,155183577.0520495
2022-03-08,158.15014505083775,2861803156.2429,117502602.68753088
2022-03-09,204.1848277209893,3585088428.063483,309893296.2507576
2022-03-10,188.6750048899084,3413194604.774152,453298812.173461
2022-03-11,179.3354206160053,3243987127.377128,231541804.17157745
2022-03-12,171.18655177014452,3103571565.0506315,187964317.20598423
2022-03-13,185.3127036657413,3326786278.559659,216347642.55107388
2022-03-14,176.0753368846153,3182727304.877411,227341704.69579104
2022-03-15,185.771324929987,3350483421.78617,182574666.5206312
2022-03-16,183.28677941041903,3324614530.0194454,212872268.02826068
2022-03-17,189.56118238555,3416516045.84123,245651616.18500164
2022-03-18,187.90598642528207,3400009357.322296,150802621.33050984
2022-03-19,195.1604658056328,3531370694.328232,173417471.53759927
2022-03-20,197.07804968987531,3567696699.684117,207248321.79886356
2022-03-21,194.5013064051203,3522021441.487111,191078379.227734
2022-03-22,191.6871426032088,3466503541.85076,169512417.08062804
2022-03-23,193.87856631848928,3505752207.4873905,151471870.74107662
2022-03-24,196.89298871377576,3563979972.781462,121556825.90558676
2022-03-25,203.9186356328835,3695415625.839372,161900803.12971583
2022-03-26,199.6558017412207,3613387685.87065,155830054.29363033
2022-03-27,207.10827493319584,3748354161.946991,145421342.4814019
2022-03-28,214.58120141235116,3880583337.572936,167377460.03514567
2022-03-29,214.7677377652015,3887195640.977817,201821983.7193278
2022-03-30,221.76180429730985,4013706404.3238792,182145562.0862789
2022-03-31,221.54119505613312,4019070901.198033,172345504.00144076
2022-04-01,212.65513838557288,3849256680.178497,169298827.23581505
2022-04-02,218.23937806132253,3950437186.728304,197778146.72162637
2022-04-03,212.3757999610069,3851008940.979901,158484020.35952342
2022-04-04,217.21718209388277,3932140053.523564,137383080.12636116
2022-04-05,221.6218082806388,4008785337.087829,166877669.58800805
2022-04-06,222.4775336223037,4027580586.127243,210900259.54463536
2022-04-07,214.1075967827668,3876153562.141881,247693147.4011948
2022-04-08,226.48368231612304,4100319084.513161,236962202.6842101
2022-04-09,216.9536142439371,3927886807.089856,225873957.38531443
2022-04-10,239.7347544205182,4340438870.298594,403424515.5748316
2022-04-11,236.6243983883867,4293371137.246458,307083043.2000896
2022-04-12,225.8568858041528,4089393824.766493,431120173.00252205
2022-04-13,233.77205218818355,4232026787.008631,536603173.99436057
2022-04-14,237.102642231091,4293232141.8998895,252156683.1734799
2022-04-15,229.95029739447855,4163827668.3355794,184007570.69697103
2022-04-16,239.50555152930207,4336962436.591036,165982769.13032034
2022-04-17,236.63625380202603,4285117697.248054,157951372.34507114
2022-04-18,241.285042643798,4369411800.22356,135361370.84058318
2022-04-19,264.8502226677912,4790350479.973477,392004330.5328081
2022-04-20,254.1748881958495,4607549103.270609,281882743.9434172
2022-04-21,266.98435168724035,4837721609.713747,324744159.89948165
2022-04-22,280.0418402026685,5071774201.796493,473277137.6097872
2022-04-23,268.0910401815776,4857105853.404462,315329664.3329899
2022-04-24,267.42112293864693,4843452418.814005,205400218.98020655
2022-04-25,253.12424883184943,4601729640.190678,192608005.88308117
2022-04-26,255.02933721429352,4623168444.998602,273587868.95521706
2022-04-27,229.4743051692449,4155492287.479455,241200951.88665184
2022-04-28,229.17514234371177,4135027650.382757,209587453.2999878
2022-04-29,226.71463119384129,4106698884.3644977,185532829.28151917
2022-04-30,220.66576729965817,3991401230.339881,198730230.04906487
2022-05-01,215.5577478057442,3904806893.209016,212313186.5392056
2022-05-02,212.99351832677868,3858448690.3112288,193597729.93852457
2022-05-03,198.8442930368865,3602222818.8515306,202952974.7615225
2022-05-04,208.1776756186468,3771399293.2801976,198918175.8179117
2022-05-05,225.1736978902893,4072508132.3348665,195750175.139976
2022-05-06,207.39980479685715,3759110592.003808,216355106.87077752
2022-05-07,217.34571186825983,3923507230.0685263,189269335.8619837
2022-05-08,204.47678915143123,3708777285.860519,189700493.40517712
2022-05-09,217.2916784387189,3938596278.9794254,262943978.2660767
2022-05-10,176.29866775513486,3194346727.6729865,259754339.6967193
2022-05-11,162.00088513556346,2925191632.456337,275898881.9354211
2022-05-12,138.49993212829486,2619644303.145862,298215616.3572739
2022-05-13,138.07342624631795,2503775524.97151,283535025.5070873
2022-05-14,144.02110616808173,2609769197.209326,154409062.38232335
2022-05-15,154.80511327837857,2805253138.391321,131132750.51894993
2022-05-16,171.59916510117276,3111112633.73799,164778739.10442334
2022-05-17,162.7131412638293,2950508039.78597,160388319.45727405
2022-05-18,173.2733894265023,3143264534.977074,151128605.0493956
2022-05-19,155.46554049253083,2817499565.444322,130284706.07157296
2022-05-20,166.340850764336,3012474968.6451945,145328255.4570439
2022-05-21,174.5386327586683,3162525552.512554,217909476.6454436
2022-05-22,176.576881529727,3200328270.553662,137287509.1070553
2022-05-23,187.1354582488657,3391778571.2832084,124485553.10197778
2022-05-24,185.73634717426157,3364244624.028513,253764262.60710335
2022-05-25,192.8315243929221,3494200103.609062,197673007.4247241
2022-05-26,204.24466084038693,3702147435.608052,224706574.1573706
2022-05-27,189.94354848893343,3444319458.559135,210422377.918817
2022-05-28,180.40093997434445,3269293796.0798097,182921998.1534424
2022-05-29,176.3237150339822,3208834254.963698,112101225.0104538
2022-05-30,186.17250174896984,3382746991.7926607,135661886.56856126
2022-05-31,204.36193137917547,3705748005.92667,229411959.4553992
2022-06-01,200.62070222371293,3638625708.659436,230624264.7285097
2022-06-02,198.7610098771185,3603362659.716927,196881392.810672
2022-06-03,201.71237379830976,3672107654.0841656,159768891.0372915
2022-06-04,194.0208400359849,3514909422.1365204,135626135.77916205
2022-06-05,189.29975138130013,3436291486.7420607,77118343.50884652
2022-06-06,187.98194599904707,3408274434.7616568,97330830.58917886
2022-06-07,189.57163776875905,3437179550.5078936,115538570.4897676
2022-06-08,188.91283370535135,3435714478.6353893,119182629.32453722
2022-06-09,186.5204717781182,3382018328.250249,91057455.8709312
2022-06-10,185.46346984939132,3358979135.713319,79871819.8574533
2022-06-11,174.0381535793327,3157542038.317571,139726065.09531236
2022-06-12,166.1483134507938,3009331859.1907754,109158418.19610184
2022-06-13,160.37221972474913,2914613556.0099964,131425165.03928228
2022-06-14,131.79037723041654,2377085137.025356,184060459.86083812
2022-06-15,119.89237869339976,2175781867.0476685,171358762.70363286
2022-06-16,117.42114802581057,2132394815.394288,170782927.59003493
2022-06-17,106.4403487538353,1930734501.257212,100929046.46168783
2022-06-18,114.42992395956884,2079974208.2062063,101794862.70050605
2022-06-19,104.21384409837846,1890069276.1182573,114091213.4553494
2022-06-20,114.06868464730344,2064803807.4736168,96456846.26272853
2022-06-21,117.54194283936064,2127635245.517352,84161829.58657166
2022-06-22,118.80535114367972,2156423625.482736,90703986.91703224
2022-06-23,111.62800246055195,2025843274.726292,63468680.25290399
2022-06-24,122.83947847627346,2228137881.544542,60937495.27275441
2022-06-25,127.30245823094796,2310497206.317553,74240118.84138624
2022-06-26,127.63082328514174,2313970445.631636,57400430.36096698
2022-06-27,126.0538012252707,2286606875.748261,68042167.16885059
2022-06-28,121.73350080501967,2213480728.33858,75656260.94308664
2022-06-29,117.54111725188618,2127110182.328209,69773802.86940521
2022-06-30,118.7749015385868,2153759842.763702,82298343.94217311
2022-07-01,111.69244014464311,2000524071.522436,73606907.27471381
2022-07-02,115.72863487778226,2108014559.0246005,67970506.20282276
2022-07-03,116.2003089547644,2109477554.860644,68470669.67823876
2022-07-04,116.43409954209044,2115606175.231343,56022332.53322823
2022-07-05,124.12011653363004,2251954614.2839003,68336240.10517174
2022-07-06,122.206522040718,2220273060.7233253,67466090.32118404
2022-07-07,125.88919175955864,2283783287.743145,107112366.86609764
2022-07-08,130.61573883667836,2371511148.1227818,83364140.6209073
2022-07-09,127.03470962542316,2305888919.854464,79252600.30571848
2022-07-10,127.27676200778936,2310902932.1908765,60528182.107910566
2022-07-11,129.20098358107316,2344473990.6960783,77267993.36877565
2022-07-12,127.26902279849205,2309753508.625773,146020332.09224716
2022-07-13,123.70569532065238,2254500425.027611,96129688.81253795
2022-07-14,123.93120791876444,2245982241.411034,90167635.860112
2022-07-15,133.86094517375287,2431744781.5908184,75245217.75577004
2022-07-16,138.66053990261847,2514170072.1196203,101235826.79751514
2022-07-17,139.2896181459502,2526116259.6966963,102960753.5814717
2022-07-18,136.77924738931776,2486480295.4586964,72222434.50857507
2022-07-19,147.18703644441376,2669911063.996431,104512125.25222915
2022-07-20,146.79286666192783,2661901898.302072,153198463.13856184
2022-07-21,151.44286032990237,2748357826.557513,181619159.064866
2022-07-22,150.7423337114797,2740335112.200642,176744255.0739371
2022-07-23,149.0610728874908,2703038258.1780124,136393234.22374728
2022-07-24,146.7152171056939,2662660727.364849,96033116.78792042
2022-07-25,151.66027997365097,2763551591.014937,99377704.02739336
2022-07-26,144.28399830093173,2636373896.218365,107185657.91532151
2022-07-27,150.91604986439842,2736273624.110344,152141783.66354227
2022-07-28,161.59434490017895,2937113587.6079936,178178899.76594022
2022-07-29,162.39979831842015,2947202369.0486474,221606854.64614663
2022-07-30,160.87132621264297,2945489925.616066,202996431.3035929
2022-07-31,155.7921237802621,2827386632.8706093,155533744.65845934
2022-08-01,154.99761509986615,2812868877.605019,129249542.74429467
2022-08-02,160.85531589999357,2920177589.0888896,107093223.41639912
2022-08-03,157.45791345277507,2867882277.640461,124820988.8991307
2022-08-04,156.79822844997415,2844629239.872949,112168244.94846122
2022-08-05,159.32972278288057,2883774618.174949,111044001.63265118
2022-08-06,161.48025604431177,2924851160.8863506,95421400.22524196
2022-08-07,160.9736731990127,2922544904.7914195,84283413.30032915
2022-08-08,165.10432935862758,2997604904.3489985,141623339.0812287
2022-08-09,167.2963874517564,3035909720.85753,121976948.99218509
2022-08-10,158.28301567379293,2871749721.4080725,110442154.50619218
2022-08-11,167.7376578893735,3042389482.6220784,150358280.49957737
2022-08-12,159.3519492201594,2889752683.4034786,161557975.584054
2022-08-13,166.0661347975898,3016379028.0348306,120883347.52036048
2022-08-14,166.05225963600998,3011446435.0900955,99896090.08358848
2022-08-15,164.90653142471214,2996440564.612438,82455644.85408823
2022-08-16,163.72952064670292,2974227076.881106,101699126.53963491
2022-08-17,169.87383839892323,3081655009.351115,137023858.4652644
2022-08-18,168.5273395515673,3064575281.8257523,182771364.76999003
2022-08-19,159.7149783011375,2896728959.6460342,131137423.7572894
2022-08-20,142.66356824831593,2594036220.365237,170314745.03717962
2022-08-21,149.12092586137936,2703646765.7850018,92281284.1846287
2022-08-22,155.25511267930258,2823257355.92222,102366795.15598077
2022-08-23,154.01852431102594,2792227248.693115,100848926.68818869
2022-08-24,154.8346265972401,2808955200.145587,106177295.04795994
2022-08-25,150.91529114835,2730891070.7010207,101492497.48668563
2022-08-26,154.3745517002853,2805496329.82656,81752824.75686723
2022-08-27,142.6693303389967,2580696642.743807,98582437.64041027
2022-08-28,145.37420600322866,2639436766.498936,79908723.8434055
2022-08-29,147.30453853122475,2674707560.0858707,77259976.36109963
2022-08-30,152.76289207477026,2772735941.16055,91931246.90593086
2022-08-31,148.94934653344296,2707244931.6551538,93647954.80016837
2022-09-01,148.81927224813026,2701539984.66592,80867656.98986259
2022-09-02,154.08922339581528,2793871113.639793,99512682.41389832
2022-09-03,153.1806820143792,2779913733.1729536,97012093.5894072
2022-09-04,154.21323939586156,2799868852.795116,67258153.74138759
2022-09-05,155.66624269857977,2822044434.594777,59513276.42830042
2022-09-06,157.2973634839047,2853368750.3472204,76733040.05373268
2022-09-07,145.52396033470885,2648620203.5298896,99775822.43519138
2022-09-08,149.35315645927892,2713052746.554309,91661781.21405403
2022-09-09,152.16080769076294,2759632555.703284,76861758.39637554
2022-09-10,158.99845112477698,2881455177.075601,96029321.21399172
2022-09-11,157.75574671204248,2865522474.8264127,73580471.43457521
2022-09-12,158.70246484037233,2882070335.0275683,65520111.64664628
2022-09-13,163.74358300218114,2962069344.580733,104346526.39754523
2022-09-14,145.75205968451786,2649897541.0091734,113171478.0249767
2022-09-15,150.02825602132734,2721624273.568511,97675073.69900732
2022-09-16,145.47039504408755,2637365002.1460686,94324908.32891656
2022-09-17,149.03631338140897,2703507085.1299047,75957147.6721712
2022-09-18,147.73521396515238,2678605033.7953773,68087159.07225783
2022-09-19,140.3095002735856,2547397505.3420177,78502692.21870233
2022-09-20,140.60195259283398,2558861275.6597447,84922926.2991447
2022-09-21,142.54214347188793,2590678187.31319,76809495.14281327
2022-09-22,135.57044040495092,2459785279.6892858,79525577.22115223
2022-09-23,144.206256218476,2611071087.8680506,75801087.43122502
2022-09-24,141.6923548215945,2577458522.401848,75065088.76722793
2022-09-25,141.7825655460399,2571780217.786836,56534249.82152156
2022-09-26,141.03221256619284,2557970956.94546,47696757.38657024
2022-09-27,145.62632540659752,2641665175.4336257,65344228.84717205
2022-09-28,144.7644861192922,2631183488.986914,93583882.85069393
2022-09-29,147.67554136134808,2679431055.53999,79809401.95964211
2022-09-30,148.2188732780179,2687102629.397859,77438398.42223044
2022-10-01,147.47939559809484,2678365285.12274,66659689.39281283
2022-10-02,140.83764902419864,2555910379.423072,53783067.28525239
2022-10-03,137.05684157716755,2492751217.047643,66973742.72367745
2022-10-04,141.51225005849878,2567481516.3962345,68655632.0832552
2022-10-05,147.03710655215306,2670379956.1669054,72712743.29777046
2022-10-06,146.1517072432329,2651878175.665826,67070470.95338258
2022-10-07,149.1510579654371,2706246894.0766025,108435412.90104865
2022-10-08,144.9998520538874,2631112130.457676,105954786.41131286
2022-10-09,147.0102225247415,2672123668.600516,49336575.57520213
2022-10-10,145.67316285532868,2638871940.633721,46137501.21961127
2022-10-11,142.384087329689,2584723871.0016017,59393884.89043477
2022-10-12,144.68269072664867,2621773029.3177423,65403092.00477208
2022-10-13,144.86210937001505,2629123585.6114,63608970.84455577
2022-10-14,142.82190854033368,2590755246.7070403,96457892.82005182
2022-10-15,140.6031865321538,2545086745.5766,61359039.38808796
2022-10-16,139.69939189894458,2536976682.439681,51267495.06492584
2022-10-17,143.1563774743438,2597402626.861526,49927776.33052144
2022-10-18,143.76441908344222,2610835810.6402183,69226496.93809837
2022-10-19,146.12060379422513,2652609278.5067544,106811279.68014412
2022-10-20,144.97445255047938,2632568403.7975483,85082289.0372345
2022-10-21,141.09962162034006,2560838338.971816,99993333.85965894
2022-10-22,140.76884725430617,2554144132.567699,90686282.0888879
2022-10-23,142.69412411970598,2591213571.5836344,62123070.063315965
2022-10-24,144.54304928912444,2619615575.193717,69140282.15985215
2022-10-25,143.0399503366299,2594141313.249583,74778882.95811836
2022-10-26,144.0977406158493,2615631719.761412,81824219.45292121
2022-10-27,146.94130140211718,2662354756.377865,91749128.39830856
2022-10-28,145.6353644231508,2643916425.334485,96965146.57092586
2022-10-29,146.79887727001446,2663616844.736244,83813595.56022285
2022-10-30,148.7058677785721,2697953909.200873,74487031.65517382
2022-10-31,147.45525051299208,2674227107.959596,67839827.64262061
2022-11-01,149.08064217234914,2702558953.392434,94494092.59934922
2022-11-02,149.6395197269026,2722532443.976576,372441299.4184392
2022-11-03,146.9137021735451,2664401095.2014413,374648697.7539938
2022-11-04,148.98323792625163,2700966416.726965,310242820.1305252
2022-11-05,158.0205004034425,2869941445.3566585,344871423.3138232
2022-11-06,157.3398343898307,2861139109.027641,439751917.5720578
2022-11-07,155.36067458005203,2806851495.442556,341734534.5756665
2022-11-08,155.19741441007736,2808493873.9800587,373677707.4898174
2022-11-09,138.0951009099312,2503881150.900914,173861812.43696994
2022-11-10,118.50327962790904,2159670474.433889,153131543.20394224
2022-11-11,133.11208630178376,2408710646.54767,229110004.1197936
2022-11-12,128.34956736961584,2322306376.0431075,150554478.67451796
2022-11-13,128.35565176534118,2326801797.9687805,64448944.7275395
2022-11-14,127.47433823477056,2307455950.6545124,87336533.7489379
2022-11-15,129.93127746958226,2363859188.7036543,103890281.4938895
2022-11-16,129.1925300863279,2346543271.277756,113581218.02522922
2022-11-17,132.23080809865195,2397330785.620418,97544123.2339033
2022-11-18,132.6466030667309,2407683148.766199,94532227.93688264
2022-11-19,133.32282112980943,2418296334.587757,79721244.3093005
2022-11-20,134.46455700880705,2440513457.303391,59846545.74031141
2022-11-21,130.1388777243492,2366091282.0509744,65815313.90899456
2022-11-22,126.8082600829049,2300602897.7494926,145490346.28577513
2022-11-23,133.86586126837742,2435100325.676296,87499451.3984436
2022-11-24,134.90326147949793,2449640489.2108045,131413455.71307534
2022-11-25,136.76309913593155,2482253138.117057,92140746.02521364
2022-11-26,136.2252317095163,2473255949.7162533,84386959.05410163
2022-11-27,138.68283047852807,2514029010.351995,93713668.4044853
2022-11-28,136.6497126094431,2479473804.3425827,79579779.98525244
2022-11-29,134.96866532015787,2447878864.5549865,66463558.62645668
2022-11-30,137.6776844247209,2500192647.505037,98647396.20069344
2022-12-01,142.33608603044377,2585392911.869597,91765608.02854154
2022-12-02,144.12462723294468,2614536545.419381,109751702.14571103
2022-12-03,145.9110494583462,2639233379.018339,84710964.79195935
2022-12-04,145.45845804314604,2649727729.640623,101148247.54763
2022-12-05,143.04613535620024,2601559986.4349976,97274792.3381196
2022-12-06,145.32338358827042,2639449352.3923388,102957211.22914045
2022-12-07,143.35962542829412,2596435518.484202,87243296.35111165
2022-12-08,144.1368290682395,2616481563.651291,72993933.05791052
2022-12-09,147.7282846429859,2683356497.004187,91528671.04125091
2022-12-10,149.35958396773376,2711423847.618203,78865660.59514011
2022-12-11,149.82930459643012,2715734312.285851,61460982.71090721
2022-12-12,150.17840911292163,2724455190.730604,71310586.12063527
2022-12-13,150.5571504462845,2734804961.912299,122572384.20078236
2022-12-14,151.34800258524055,2749645656.357373,98969586.01010136
2022-12-15,148.50170300487585,2696917776.106639,118803909.32747506
2022-12-16,148.67586840821386,2699490069.246866,84123563.91464235
2022-12-17,142.01609156230168,2571123886.9470205,77710702.604455
2022-12-18,143.52926939327705,2602432294.6101966,63679272.368506186
2022-12-19,144.1420304149342,2617819605.083459,56098632.61359825
2022-12-20,143.75313607787197,2610412681.69921,61481002.0918593
2022-12-21,147.102145394406,2669421017.041784,70009450.45577182
2022-12-22,147.24454388710768,2669449138.961633,70495226.79260747
2022-12-23,145.63686455984907,2643154358.633618,77593731.25668399
2022-12-24,143.29407475112583,2600333764.1797123,88876282.13847329
2022-12-25,143.50823636763891,2604940917.1878724,55418556.88546395
2022-12-26,145.34330208538364,2635182087.7083354,56189516.51686704
2022-12-27,146.6154012790014,2660482266.943174,75384621.28510256
2022-12-28,145.41453572320796,2635904526.4589067,85776384.31077607
2022-12-29,146.61895384578798,2660508699.5691366,69921089.6918998
2022-12-30,145.75933261872228,2647005546.719523,79599208.8727198
2022-12-31,146.0904623827115,2653364735.7377377,78947919.71753044
2023-01-01,147.33481475162196,2673636632.7340827,57346855.200722575
2023-01-02,148.5932823467103,2695057744.1332383,45017363.92793839
2023-01-03,148.06607701106503,2688947255.5546107,57377032.86942042
2023-01-04,148.40747454271283,2692883463.6978617,59077673.04074985
2023-01-05,150.7596287246186,2735284460.8807096,105107970.5565946
2023-01-06,155.725827745151,2823496632.2347445,89157333.77382383
2023-01-07,155.2702154722818,2820115567.688968,98194707.97399516
2023-01-08,155.89090703056527,2829014840.8805475,67958182.4834712
2023-01-09,155.1900144265029,2811110508.370471,111597405.94588111
2023-01-10,158.86185349505254,2882274776.4096427,129415386.87696268
2023-01-11,161.50909110596365,2931167464.957998,123993771.50984326
2023-01-12,169.0224860144327,3059705070.524193,127598607.32729584
2023-01-13,167.1364689291188,3033752605.9104757,167005633.53728017
2023-01-14,170.5519385937273,3093376203.2059293,105291381.1459604
2023-01-15,176.4830309992292,3203551845.582392,197048620.74423352
2023-01-16,173.8428531139414,3161104430.2710915,124525066.30426084
2023-01-17,167.7923309710094,3044312351.080598,110829968.5012676
2023-01-18,172.1799922112849,3126610343.8600693,99770463.9950419
2023-01-19,163.03944899967323,2964253313.962077,111484804.299372
2023-01-20,165.6973734875929,3005479128.14511,137987018.80003464
2023-01-21,173.41714060306987,3137540843.801277,92292326.76406763
2023-01-22,172.39561827867058,3128400908.4345703,138980450.4996787
2023-01-23,176.85887693023486,3207918401.3382306,81334943.3729257
2023-01-24,179.5020066625827,3255064420.468855,91389152.84946182
2023-01-25,171.26571381353568,3096355613.154873,103546691.64466572
2023-01-26,173.95664342330815,3158936307.819018,95281157.32755695
2023-01-27,171.33162295104998,3109828544.951325,104785739.70946778
2023-01-28,180.08928204109915,3267652213.1379976,131250017.24478872
2023-01-29,185.80481858223536,3378915634.122709,125268172.73517393
2023-01-30,186.1803384495575,3378136924.223036,82981472.49347709
2023-01-31,176.13558671430084,3195068071.0654044,100777515.23816729
2023-02-01,177.5364754929963,3225784888.2432604,105856642.11075364
2023-02-02,177.83811066533616,3225732099.1917386,85903280.60978054
2023-02-03,173.29644516280504,3137340232.2510185,103814665.16108423
2023-02-04,171.75002219284,3117392076.900589,96635334.13928217
2023-02-05,172.0937894612931,3123876480.115766,58980034.47845163
2023-02-06,167.1423391181591,3035658684.314355,89476102.99738154
2023-02-07,164.68104515852255,2982204032.341917,77988922.43463868
2023-02-08,168.17453803126205,3049956154.918822,88809920.07944274
2023-02-09,165.69525609623054,3009684851.1502647,101067275.75513774
2023-02-10,152.34471824168136,2767752030.10168,119873962.05350302
2023-02-11,154.60810145341188,2809182454.9349427,112523772.50898996
2023-02-12,161.70497479758265,2933888401.236111,106302093.6922552
2023-02-13,159.33446099829283,2893334574.495592,97940062.21805348
2023-02-14,156.1543814870591,2839583271.0689325,130281581.3626423
2023-02-15,158.37669178840676,2874191754.386784,130697808.23665184
2023-02-16,165.46856827944492,3003673777.098118,119167564.39253163
2023-02-17,156.63865106876477,2832607683.04582,122337008.11111596
2023-02-18,159.82542721574984,2899601560.620418,104955716.11047532
2023-02-19,161.74883989392953,2935299296.628937,76748458.5726009
2023-02-20,161.67621853507714,2942923078.487374,101755098.06639656
2023-02-21,161.4175820969976,2930615591.4281945,127434958.55012356
2023-02-22,159.43177001273165,2888401921.106953,96248924.03709896
2023-02-23,157.70663679212552,2869682630.210722,82861636.52411525
2023-02-24,151.85186318311443,2748453854.857596,109076373.61658472
2023-02-25,150.45652901881397,2731164971.0497494,73529342.67501086
2023-02-26,148.9028553986118,2698624147.276212,67240417.02576327
2023-02-27,151.39245912178313,2747214268.924065,68107413.84051956
2023-02-28,149.7267648515068,2716107625.5599904,69219919.58752468
2023-03-01,150.4065371864959,2724444744.3283906,84517148.7862127
2023-03-02,152.4551478327791,2766961914.94401,93758328.14456628
2023-03-03,151.1309992679389,2742675726.747107,93473466.60434876
2023-03-04,144.7362553840532,2628341327.657464,83005879.19664538
2023-03-05,146.6912726660292,2662204533.2778063,65445342.61972302
2023-03-06,149.29962878084436,2710064134.291838,66069952.31628942
2023-03-07,153.95283308532984,2786261228.1816244,91933839.44424438
2023-03-08,150.4312973278612,2724370108.411775,95766469.96902916
2023-03-09,143.96422042828956,2614773227.845218,94694840.3975315
2023-03-10,142.29294572624968,2585867391.657237,104240098.49855287
2023-03-11,135.2046908631273,2454062568.4629674,106893611.06119564
2023-03-12,140.37520477247296,2545032724.5372763,118131840.35178325
2023-03-13,150.83202700868236,2728470821.2290587,112245184.06961012
2023-03-14,152.79166801708675,2780321006.4640408,127491999.5757126
2023-03-15,150.41110992497005,2731251147.078336,148668316.21465495
2023-03-16,147.04278051687302,2668971475.0947647,112916114.6893296
2023-03-17,149.9271990056111,2724361011.113685,85450713.40220828
2023-03-18,154.15450986234134,2792144067.1540995,103541150.1490592
2023-03-19,150.19268566496552,2729719412.197972,96114996.8331397
2023-03-20,154.68588155486023,2815911339.4600563,105807354.31800576
2023-03-21,152.84725620476792,2778673127.06236,106852070.77718504
2023-03-22,153.6665800053663,2786198445.0260677,110663545.34468327
2023-03-23,149.7877451300763,2715394513.090094,175879370.85743967
2023-03-24,157.18016800173672,2850177580.5339704,122369383.5112829
2023-03-25,161.71587625111115,2951967086.439192,160378379.7606971
2023-03-26,161.68074404810417,2933316009.761924,123288310.65426722
2023-03-27,161.79072741866358,2940774792.567207,110892292.06955884
2023-03-28,152.3089760495375,2757590468.64978,130263748.58043526
2023-03-29,154.31690787647028,2801128126.199048,99109109.98628037
2023-03-30,159.3139609459075,2892981190.440101,101493796.91283517
2023-03-31,155.43017931142694,2818964963.159973,124476462.03930832
2023-04-01,157.80010577581615,2868251848.4037685,92466117.65300448
2023-04-02,156.92088821221304,2846827798.6084576,64005797.43070589
2023-04-03,160.69036776487803,2916796465.9791546,82756832.84650375
2023-04-04,156.7364350118428,2851432717.687241,102312533.54830696
2023-04-05,158.7760179318571,2878762436.7125216,88640924.46094067
2023-04-06,158.10768239406465,2871649562.6315274,85436139.60963058
2023-04-07,156.4892415317395,2841862993.2626133,80166732.43328002
2023-04-08,156.92178211518518,2847222425.4704137,82000695.01538147
2023-04-09,158.4414218566492,2876012565.55963,85461687.61907761
2023-04-10,160.38008290008474,2912507127.585256,74183203.24103473
2023-04-11,159.15223483102793,2888321728.244378,126987982.6004237
2023-04-12,162.0063858403921,2940705013.808645,105950682.76593947
2023-04-13,162.31297285483362,2946914163.294864,110738443.41065592
2023-04-14,162.03009741236454,2939821843.0586486,91626756.4701888
2023-04-15,161.92088230152683,2938610237.098357,101021007.82463586
2023-04-16,162.50884131648252,2951188262.329516,91578122.4912555
2023-04-17,163.52138489161177,2967829489.072215,68097988.63742302
2023-04-18,159.57579770122743,2894723922.973443,91098010.61515664
2023-04-19,162.66749322411326,2950881248.5697346,85308640.72274435
2023-04-20,152.75943615324206,2781527901.9751825,108061532.6557342
2023-04-21,153.60007691515185,2787975784.820962,88707134.21712452
2023-04-22,150.9970636701274,2738817477.1391506,94023173.46558188
2023-04-23,157.44720863358873,2857421257.909806,75966804.89164077
2023-04-24,157.160789797312,2848886845.681397,97042260.40824646
2023-04-25,157.37602016493824,2860200479.982988,97691147.08437428
2023-04-26,159.99353901809053,2897412359.1939745,101055766.30024087
2023-04-27,156.64905134533126,2847052937.211403,138757995.99057668
2023-04-28,153.93001829361577,2794718813.357905,114328815.37708353
2023-04-29,153.32260710481157,2778398414.1147304,104355560.33871046
2023-04-30,154.50695342968862,2804430436.5829263,76585438.62037641
2023-05-01,156.6527757959358,2841844172.90594,70207718.56154172
2023-05-02,152.58541480766988,2767986050.5450897,106728008.43600763
2023-05-03,152.5142188189972,2767557847.7280045,89065980.62640524
2023-05-04,155.06385759064537,2813640929.091237,109107994.07756604
2023-05-05,155.40838268648156,2820479612.746905,102223063.82456268
2023-05-06,158.07153650262964,2872703065.850532,144134719.58912954
2023-05-07,156.35741868789222,2841455627.1843123,143345095.8251862
2023-05-08,156.9034080165551,2842834019.069752,130898032.12478264
2023-05-09,153.34012808815652,2784287443.3192687,149491325.38113865
2023-05-10,154.96722172076716,2810377102.3914986,115929583.60318668
2023-05-11,153.5636265100176,2786870238.562833,126069143.8654408
2023-05-12,152.59291711108114,2768850528.06302,95141615.6305511
2023-05-13,153.7550946656175,2789381924.6563287,72111124.53523737
2023-05-14,152.9377512249259,2782474143.641014,46382114.66976047
2023-05-15,153.88225576318604,2792839214.5173416,50687496.38114295
2023-05-16,152.47099363545553,2766832765.708762,54008074.21912399
2023-05-17,151.57272174895076,2752319762.495511,57167233.54184921
2023-05-18,151.4175279916718,2748689604.725349,55273723.17064352
2023-05-19,150.94080088552596,2741332819.0093284,62579664.38000537
2023-05-20,150.44463621665534,2732959585.9607835,55433860.496277325
2023-05-21,150.34256647189787,2728302189.491487,47051093.68251754
2023-05-22,150.38547652921244,2729119596.9630303,45909409.26003542
2023-05-23,151.41074747710314,2746585681.192724,66182513.58889593
2023-05-24,151.54106000526545,2749378067.979991,70034296.99978611
2023-05-25,150.0834407539165,2725836371.4243155,65150558.9165484
2023-05-26,151.16340912720636,2743274832.3155527,79761194.7824363
2023-05-27,150.65383350876596,2733594589.3521576,57600181.97338795
2023-05-28,151.21620027921094,2744844365.932101,47779668.195207246
2023-05-29,155.5212266404365,2823429706.4288845,75935264.97217864
2023-05-30,153.98631283046657,2795625997.0834,89025689.60403322
2023-05-31,152.9888076020975,2776080769.9001427,73581460.42502405
2023-06-01,146.36338260295705,2652817197.6230392,86957099.19572848
2023-06-02,146.80811470512026,2664763048.482783,72156698.28187257
2023-06-03,145.9423007677399,2648495119.1762886,79357859.81109981
2023-06-04,148.58601973231066,2696969774.2299643,58115352.00716089
2023-06-05,148.50327974382483,2693094778.990895,64999781.842806846
2023-06-06,141.62601768463182,2572063757.5983453,86188657.23229122
2023-06-07,147.32300027345588,2673464026.5313487,87420473.17897697
2023-06-08,145.05681879311774,2632487673.020761,72677821.56456749
2023-06-09,142.92224762005122,2593759442.436109,66281816.17315871
2023-06-10,143.0016439161347,2585885083.735018,64362922.47352117
2023-06-11,137.8827497726279,2503059580.1695285,104950347.7030956
2023-06-12,138.31327975841876,2509374665.6794457,48188852.32616159
2023-06-13,140.30727835177976,2546934724.78159,95659622.19080356
2023-06-14,136.7098910215079,2485434192.968009,95421168.0073968
2023-06-15,133.8819447805403,2429293984.359,83484336.82742324
2023-06-16,134.4053388811404,2439353120.643835,79638209.44476902
2023-06-17,134.27372989489456,2433997485.8159366,64657673.109625965
2023-06-18,136.35149635343288,2473534086.759292,43922855.02039437
2023-06-19,137.3066432523566,2489382141.2272987,62474274.874244615
2023-06-20,138.2414037672028,2511988049.6216865,53516574.23945202
2023-06-21,142.22751153769406,2576784229.2479844,66558564.12164029
2023-06-22,145.24462360925722,2637708092.6803555,73700379.76329431
2023-06-23,150.09157405978493,2727867866.512637,85382039.64857084
2023-06-24,154.13280509736256,2797552633.9932365,79974471.92113891
2023-06-25,156.45964899315817,2839118758.2114453,98970794.72841306
2023-06-26,163.40187277604406,2960371439.2450547,92643383.74650373
2023-06-27,163.55313487371888,2962497990.7549624,106138532.17853424
2023-06-28,167.84467872100433,3044989458.3140416,90459699.82049356
2023-06-29,164.65747461009167,2987968260.521068,80480091.72495809
2023-06-30,164.14081916407287,2978447107.927749,62762385.80497568
2023-07-01,168.13511314530538,3051328002.9414253,100103813.87123924
2023-07-02,167.03331233753997,3030611124.751596,54611783.14695465
2023-07-03,168.51569991715553,3055170261.0946937,53365212.89887428
2023-07-04,168.822626276067,3066160338.86538,80614061.45626545
2023-07-05,165.93247055954308,3021400239.9808755,63452017.97552954
2023-07-06,166.820010355306,3025074874.589944,72033437.25384662
2023-07-07,165.92817198641535,3019897615.0003605,61974678.20274243
2023-07-08,165.24283954135294,2997768901.7112093,60307390.50780577
2023-07-09,167.25916135506228,3037814811.798705,66161430.97873186
2023-07-10,165.7178887578409,3010925323.8360586,49967700.2449608
2023-07-11,163.51361379449023,2966373949.3770256,64374570.76026589
2023-07-12,165.24970592891702,3000942914.569673,57732668.04586581
2023-07-13,163.70827800949556,2972131088.099854,58444919.02009343
2023-07-14,164.90181133102553,2987272023.5683413,73277056.99316493
2023-07-15,160.35373553419518,2905759621.1579204,94040859.29326494
2023-07-16,164.66291656736828,2989538883.636624,61234106.58028433
2023-07-17,165.56391548113314,2995864524.998765,61439293.36351217
2023-07-18,168.2926371367298,3051670853.6159434,70147871.59471595
2023-07-19,166.84594816539004,3025633452.841994,87113692.60279961
2023-07-20,165.91008818371833,3008227906.4949737,107142123.32831204
2023-07-21,165.90109997904483,3014760633.5903525,107015926.0926032
2023-07-22,162.07418501840473,2941768026.1506195,111167205.55917989
2023-07-23,161.93561801184347,2937296199.6267924,99107780.18636858
2023-07-24,163.56357048661718,2964633895.788117,103183391.56020774
2023-07-25,160.8501852523376,2917636137.024977,112156372.69437732
2023-07-26,162.79506956595625,2950495319.619133,87531226.93736286
2023-07-27,163.28529989643096,2962847711.416632,99151946.62001356
2023-07-28,162.1453970988073,2946446089.5516844,111073075.29361735
2023-07-29,163.28502873197377,2962418676.000875,110687145.9873592
2023-07-30,163.1849284493139,2963536826.108639,77792856.28386137
2023-07-31,160.23001865720397,2908518062.8619223,52064255.49202466
2023-08-01,161.59478861767354,2933868333.629576,67125124.18936083
2023-08-02,160.28621699857914,2906865639.3485723,123545584.71045288
2023-08-03,159.59935399776356,2899092745.9384623,85990259.83748536
2023-08-04,160.45154048287498,2914599542.699968,90223637.24611212
2023-08-05,158.5095431369193,2874106100.622292,102711356.47465315
2023-08-06,159.64176160849274,2897083114.790509,90062609.18085922
2023-08-07,159.58943384416614,2896173661.4892173,77585815.62193578
2023-08-08,158.26728714691075,2871173478.8005366,85748970.2751839
2023-08-09,158.94471539789384,2884075689.609946,88478494.86529502
2023-08-10,157.31668062291723,2854690924.4210167,80825520.6223362
2023-08-11,155.96706328644234,2831503241.782558,92901856.76730958
2023-08-12,156.7546632080962,2844952230.684786,78952671.81446214
2023-08-13,157.68363995851848,2861348247.5151863,73608061.915832
2023-08-14,158.1313117872032,2870883645.104163,75144484.04318412
2023-08-15,158.18081367536314,2870537568.941129,88608073.81703721
2023-08-16,155.2926143734567,2818818344.9622746,65401408.052112974
2023-08-17,154.1523991629146,2795656316.070653,86068977.6783589
2023-08-18,141.2440337893352,2562279854.0962734,89427343.55979641
2023-08-19,143.39390749017323,2601085613.5368285,68368532.83727641
2023-08-20,144.19437848121663,2616468911.8333626,46186028.7122246
2023-08-21,147.229187885373,2673693361.884429,61149127.433989614
2023-08-22,149.39025271681194,2705937864.1417527,61832727.30653937
2023-08-23,145.4265575281472,2637784865.64484,66272648.073924616
2023-08-24,143.0924488155774,2594962666.8598437,66661418.96057167
2023-08-25,138.36161940006767,2513105758.3820844,81463757.24704607
2023-08-26,139.86916442471343,2538280829.0212493,62431372.2843176
2023-08-27,143.0085410432821,2592919788.689054,81701269.95011728
2023-08-28,145.3429378716569,2636536253.8347974,61902703.00771283
2023-08-29,145.30847214687168,2638731797.6458497,83376945.38182756
2023-08-30,146.91485449872457,2665909357.1163797,80649126.59107774
2023-08-31,141.9609021536985,2575399561.318608,84987375.13208735
2023-09-01,142.83403897132402,2595174621.629713,91684464.40047778
2023-09-02,140.88963065947488,2556595220.615439,64183880.58197743
2023-09-03,140.00691878345145,2541116100.9745607,50389310.14600445
2023-09-04,140.90505856038158,2558233519.7681365,47007524.437124655
2023-09-05,141.35382274015382,2563198230.9271483,63645725.54816575
2023-09-06,137.6273181239032,2497336904.1045194,50217695.37449223
2023-09-07,142.07363515724754,2581764208.6536574,65798244.44255132
2023-09-08,143.14168784520066,2599740970.711421,64710330.40832324
2023-09-09,143.8800535205529,2610261312.4558787,47684479.48762802
2023-09-10,143.44354286464417,2603100027.7462845,40135347.73970892
2023-09-11,143.02298429281896,2594895596.189392,37339745.73252264
2023-09-12,139.87135902719157,2539237125.676701,61161341.94449017
2023-09-13,140.89779460656644,2554227155.205044,60586602.70128065
2023-09-14,143.0548866159456,2594218050.302833,56083293.98865311
2023-09-15,146.23017781364035,2653841090.5269456,45583210.279798925
2023-09-16,147.2077605554829,2669446426.727367,61812988.22561751
2023-09-17,144.58368972684156,2623347015.9662538,38258376.136883445
2023-09-18,145.76964973714996,2643446867.9301333,34144350.492290035
2023-09-19,145.7474885940479,2645027814.1028657,49461869.117114216
2023-09-20,147.72457258157846,2678466993.6355977,44180298.8371508
2023-09-21,148.04986642914034,2687676507.948508,50335182.64489952
2023-09-22,145.18211229400922,2635619052.114156,45284021.93423994
2023-09-23,145.0702462523234,2632648168.222788,41289717.37001588
2023-09-24,141.7682145484204,2574559636.010437,32708402.135728236
2023-09-25,143.70500935685394,2605401015.815685,36344177.99199087
2023-09-26,144.46925281982,2620727503.737195,45442615.967483066
2023-09-27,144.88744682082208,2630394623.7912564,46889585.50399529
2023-09-28,146.44821561590388,2658543209.395213,50409983.76278153
2023-09-29,145.9646204568188,2649223625.85464,48958832.059315465
2023-09-30,146.74027183062665,2662582222.720992,38373625.91179843
2023-10-01,146.4553271287593,2663093636.3395348,45308684.78615132
2023-10-02,149.11875175429287,2705733118.8546743,70872746.08946848
2023-10-03,146.3226862934094,2656438033.1973305,67602997.6006261
2023-10-04,147.12682648706937,2670786712.5525484,53749536.58485308
2023-10-05,150.45508430663477,2730441374.777633,62376330.37664128
2023-10-06,149.75192789555967,2717219725.632387,60807703.8325434
2023-10-07,152.16053261265972,2760797859.4260035,53663650.9565437
2023-10-08,155.39811773415192,2818852567.791314,62662218.415448666
2023-10-09,156.20378779983108,2833304347.502636,64849511.29632221
2023-10-10,154.13251306513837,2808938818.5057178,65405882.80008887
2023-10-11,152.25795819478202,2762669741.297316,59596144.71493713
2023-10-12,153.74221285991575,2792088922.408771,63572416.17529146
2023-10-13,152.32677723143075,2766743988.103562,71628198.05293356
2023-10-14,153.5707902143193,2786854722.653078,55387639.52878019
2023-10-15,152.79878366854248,2766905619.354946,39450343.67643172
2023-10-16,152.34747964372642,2765164048.4792137,35853921.7183651
2023-10-17,152.61157487250009,2772895276.541912,68484751.2025925
2023-10-18,150.6948684088915,2736246011.548732,61068616.21698889
2023-10-19,149.82665308905723,2718598111.2171774,53666775.71316841
2023-10-20,152.4365300579637,2761729295.4790354,68687753.14376432
2023-10-21,154.77577276488023,2810279555.9810715,77729041.56963192
2023-10-22,157.94671161649305,2864030327.831632,52168266.723238416
2023-10-23,159.117839161654,2867450112.620451,62077442.00434314
2023-10-24,160.6464103374121,2913369436.8483524,101030793.87390555
2023-10-25,157.97695254135962,2868377285.170095,116840301.5758298
2023-10-26,160.05515764294222,2903728148.3416114,88116356.0577158
2023-10-27,159.56056288674208,2899477604.334651,91691410.09273836
2023-10-28,160.82031189944877,2920858348.5788383,84341835.67340058
2023-10-29,162.205521501305,2942867623.309048,55848258.1630265
2023-10-30,174.30999300793349,3153071440.610674,124060888.77904174
2023-10-31,172.71334123458294,3135266920.769269,134402782.68419436
2023-11-01,172.34532760153718,3126034383.678163,86264358.29189864
2023-11-02,171.43809542660844,3108068510.486,106572292.3632104
2023-11-03,170.90423951841464,3104732877.563008,124494901.57301916
2023-11-04,170.8646881238452,3101052048.746641,100347979.69070514
2023-11-05,168.34083693963296,3060822128.159399,52638741.4477908
2023-11-06,169.60443280851285,3077314808.816151,52584444.704726346
2023-11-07,165.49789462825842,3003563753.9927063,71929754.6309328
2023-11-08,166.0810065356696,3008444622.002998,113422737.84322138
2023-11-09,167.3051612556975,3035706710.52328,109705380.98815076
2023-11-10,170.37633258653588,3088185208.518221,133222160.78320733
2023-11-11,171.23138217617193,3113955952.005068,116689746.19172588
2023-11-12,169.28949438593915,3075165629.0167456,110200802.99592872
2023-11-13,171.19053596539328,3104779869.2343006,83126048.23856798
2023-11-14,162.99752265673507,2959036079.1131663,84513699.13732462
2023-11-15,163.28419408799977,2964803463.845282,84652839.25540662
2023-11-16,160.7801459406048,2907270282.8124127,109147428.0071992
2023-11-17,160.79357186920797,2915772246.4546733,103977188.22984631
2023-11-18,162.3105937598622,2945835787.7681828,123156794.66129114
2023-11-19,160.7485066628465,2916185535.257596,69538938.93390621
2023-11-20,163.91125845028904,2977425291.0990605,58026591.31106295
2023-11-21,163.16810891050392,2960183676.177356,73950481.917212
2023-11-22,159.63488633092496,2898438434.6893764,87400127.54651436
2023-11-23,163.48176093909728,2969043979.8213344,93495541.79548006
2023-11-24,166.1367778792821,3017135811.983049,92378119.0187622
2023-11-25,170.29212179827448,3089204562.8114347,92802818.67051671
2023-11-26,171.93513145487103,3121148554.82492,52332764.58075295
2023-11-27,169.28421273816906,3078543543.4858127,66382553.46165227
2023-11-28,165.68708749377925,3005345924.2254148,74281227.17045231
2023-11-29,167.4695107459582,3036011125.104602,62975856.39128706
2023-11-30,165.71135206543025,3011625870.572293,67368422.70456414
2023-12-01,169.60560563092577,3078701377.117467,65451123.81574531
2023-12-02,171.61152036240762,3112687106.0246367,61526959.45285072
2023-12-03,172.77516053410798,3135838679.4788384,69244224.33826727
2023-12-04,171.98657881516408,3124938604.447692,68253141.77761714
2023-12-05,170.34600923221706,3090211573.2173104,90249075.55553056
2023-12-06,171.2454777411336,3109084290.494633,100572795.29627788
2023-12-07,170.73470708429963,3102519998.719697,83697255.90905298
2023-12-08,172.50634550413966,3134572156.9946904,110155714.19231322
2023-12-09,174.34305062506346,3161780839.039212,92899721.5759194
2023-12-10,175.03527727328515,3173536406.0470886,70576963.9956207
2023-12-11,175.6341667664225,3187170507.1923165,60445890.11375743
2023-12-12,171.45981625905415,3111085006.2743053,105454213.883603
2023-12-13,170.66449899502453,3097510232.2344794,82956037.71842644
2023-12-14,169.3323115074786,3072993265.152424,85133001.52886902
2023-12-15,168.07285690690324,3048974614.183792,78881557.68681112
2023-12-16,168.2965842805463,3056803867.3578925,82888873.58783801
2023-12-17,168.93735739257062,3063417805.70866,73662198.78134425
2023-12-18,167.98512924050897,3047690054.847366,60952966.52077464
2023-12-19,173.72893094054214,3151628027.497052,101147885.75993627
2023-12-20,170.25115003396007,3091732337.124949,92697303.10451695
2023-12-21,174.56002980820108,3167381812.1889253,81961376.33816674
2023-12-22,173.11122022572647,3142348200.4781213,63726216.98812429
2023-12-23,176.610109753395,3206044630.831305,81590024.66092035
2023-12-24,178.04047554481488,3231465838.351464,82314298.9576671
2023-12-25,171.3049833883144,3105740840.5745845,63602352.70534831
2023-12-26,174.11043048483393,3155641717.037796,71592644.2832916
2023-12-27,173.59074039151673,3148865201.7418146,87097554.58275597
2023-12-28,174.72945488192437,3177366708.8476887,99436407.3284946
2023-12-29,174.57594380466017,3170729128.6500063,140428786.5773022
2023-12-30,166.83428987757466,3028876281.2620573,126776036.92309503
2023-12-31,165.67451754750834,3012906458.824445,99099216.72564249
2024-01-01,164.65777155935612,2985802776.779333,80919003.75853054
2024-01-02,169.29878322267376,3070843292.03564,69985672.0269809
2024-01-03,167.76530636537137,3034073418.9386606,134189197.15199456
2024-01-04,154.03961215532073,2795898347.921745,137210604.4712846
2024-01-05,163.48974183007977,2965075887.164428,166842215.3969345
2024-01-06,155.34940248187772,2813932407.247777,150567343.4101585
2024-01-07,152.6464991827353,2768268479.652212,75257799.92996766
2024-01-08,146.2594460916397,2648783525.845468,71450269.77065086
2024-01-09,148.01595446526358,2688192772.9214525,135404975.64466652
2024-01-10,144.44058282515343,2617780714.3679657,105162302.18713485
2024-01-11,148.3496127502021,2690462121.453794,120278167.43899076
2024-01-12,152.08697484007783,2765360905.651173,141234474.72548446
2024-01-13,151.75463119629092,2754717952.8909416,132901859.72860758
2024-01-14,155.7213762056569,2822303891.5202065,88895835.37546724
2024-01-15,153.73129158321444,2795937828.762081,81817446.27297625
2024-01-16,157.03621708938647,2849611107.736943,109684790.19215515
2024-01-17,157.3785919600985,2856329395.670747,73275907.95658712
2024-01-18,157.5400012673579,2859258738.5615945,107085030.81511138
2024-01-19,153.07882975009232,2774536234.3674126,76559735.07854256
2024-01-20,158.1408636728362,2863380000.3761754,59498272.00565094
2024-01-21,156.36412602961488,2840277038.6871066,54681595.48995616
2024-01-22,157.8454707967652,2863630540.059075,77368813.26759073
2024-01-23,150.38149484919637,2733651558.509592,82996890.4613441
2024-01-24,149.97249715561665,2718545992.5156665,73171435.43598893
2024-01-25,152.5144247638353,2768812769.4368434,68571141.07095289
2024-01-26,157.52745777284025,2859665398.094696,62393812.52485079
2024-01-27,159.2788766966234,2892882396.579821,75705792.95865223
2024-01-28,160.38065928504778,2911458227.1062346,50884060.89175636
2024-01-29,160.70210422663945,2915789248.8128567,54058282.95431184
2024-01-30,167.9139739550731,3042460229.231894,83257711.72449954
2024-01-31,160.28479803289926,2907245850.873288,82495096.0479281
2024-02-01,165.67698115513798,3012030891.734656,94452123.3229823
2024-02-02,166.299962149288,3016572787.305737,93235294.76277211
2024-02-03,168.34075291270184,3054744432.4772053,78268335.3267834
2024-02-04,165.12364322089138,2995842622.320662,63249575.03161728
2024-02-05,165.8420434783557,3007251876.004455,51304184.45842675
2024-02-06,165.2336663478081,2997368455.8524475,62236003.46689486
2024-02-07,104.7009347074954,1900445770.380727,284942945.92809284
2024-02-08,129.60635754261443,2352727339.132604,201383502.7183644
2024-02-09,128.31788233468887,2329425804.5822845,125866609.7380502
2024-02-10,121.92490598452414,2219427080.0580835,103758495.76052164
2024-02-11,119.06142307438652,2160732321.293011,69502984.74952927
2024-02-12,120.7099665759102,2190253389.802903,81838374.2678667
2024-02-13,126.2944107119068,2295283031.6707306,93123670.10075682
2024-02-14,128.1283578872301,2327641102.5480247,99502329.43835436
2024-02-15,127.583589801611,2315034872.5569835,92071642.43879911
2024-02-16,125.8644682396711,2286699257.065668,84045191.03250301
2024-02-17,122.74814882890736,2227611356.484416,73987305.89890432
2024-02-18,120.66014180240155,2186961600.3246627,53771390.23635078
2024-02-19,122.10784016486969,2217031005.6957283,60858177.42503667
2024-02-20,113.2372602676734,2054172794.419777,92291587.12728414
2024-02-21,123.42585234206716,2239666610.673089,65144052.809640944
2024-02-22,122.2484390171602,2221760118.202294,44055227.39803953
2024-02-23,122.84496912141182,2227120901.445069,103881291.918833
2024-02-24,123.1268152515894,2235569782.75669,47491678.506402805
2024-02-25,123.6784057039198,2244321822.778024,34360329.057102725
2024-02-26,129.3123925398306,2346493275.453873,601232443.8379402
2024-02-27,133.12575020491028,2414276797.2538767,45850703.65676777
2024-02-28,138.15781726577958,2511862238.730766,65327631.42223759
2024-02-29,134.38931302904538,2436776184.2995315,67155415.32422976
2024-03-01,136.8877785292233,2504379431.231376,69474671.07711124
2024-03-02,144.13984592393308,2615178579.003511,55767876.28580603
2024-03-03,144.68440892848747,2626615021.853585,60940765.07401519
2024-03-04,150.8878591218359,2736059763.3453603,70675731.92705135
2024-03-05,150.04059121791087,2717832510.403756,62372711.83780527
2024-03-06,141.54574116139275,2577567355.210137,89355374.39689535
2024-03-07,143.48407592228415,2607580135.789723,70067696.6502828
2024-03-08,143.95472269053442,2617796149.416826,66779850.08601023
2024-03-09,147.44122092621487,2675001634.267654,52911946.94459209
2024-03-10,143.79434556586816,2611132472.087508,43307437.48746484
2024-03-11,146.46311257769378,2656959513.5078926,44642786.70619726
2024-03-12,145.13289071504926,2633790516.23356,66557746.78232639
2024-03-13,145.26280396890215,2640194035.789383,65081629.016097546
2024-03-14,149.2514188087754,2707273485.072264,59104845.97256561
2024-03-15,146.6965710957964,2659789129.5519075,60532977.69004936
2024-03-16,142.00086493435202,2583268532.8895264,58867595.33428415
2024-03-17,139.07806012053462,2521589846.5922794,43591590.87466721
2024-03-18,140.954315481947,2547790658.8149724,56472012.08246096
2024-03-19,141.23444369929604,2562636587.605551,45629078.98731502
2024-03-20,133.00513936449116,2419188776.284343,58947387.37285947
2024-03-21,139.75693345585492,2536713381.91274,54404483.99677284
2024-03-22,138.4756903391415,2513770719.9231133,53878902.81416517
2024-03-23,134.74006566901747,2441228090.8165774,40709547.46623224
2024-03-24,139.1487991645853,2525491577.121227,37957524.93734796
2024-03-25,142.1231763286116,2577436751.808403,41815175.8428757
2024-03-26,142.28576330037106,2575340719.9836555,40806337.46345655
2024-03-27,135.37428736939438,2448156187.0360875,76312736.26757272
2024-03-28,138.04440027624045,2500534919.681924,64659554.73040246
2024-03-29,135.07622226252795,2453015100.155966,46260040.23282895
2024-03-30,133.14079530718337,2416506320.633952,49441706.9266171
2024-03-31,129.2009176603476,2340027097.286253,53439106.51229741
2024-04-01,128.19663760727565,2325520385.905596,41245880.37216307
2024-04-02,123.4998349323235,2248945320.4271665,51879337.13991244
2024-04-03,121.96128359145338,2213296683.373135,61272943.97705425
2024-04-04,128.7596846052958,2337742677.6167784,55495031.78294024
2024-04-05,131.61157043647347,2385878719.3687334,64552549.39713944
2024-04-06,126.95408836154506,2314641517.452403,49495972.80579634
2024-04-07,131.74326940339256,2393716695.188095,38918796.710373744
2024-04-08,131.36463621235654,2385168542.6094084,45552342.35009608
2024-04-09,136.0359125686395,2466403616.3938656,57919738.691714674
2024-04-10,133.26603270659027,2419193298.531993,60044517.36673766
2024-04-11,133.70998654786004,2428709981.84843,46261342.34285162
2024-04-12,133.37262200765943,2419954121.607193,44910232.88717733
2024-04-13,123.3271876203474,2230968966.104038,53699419.87307997
2024-04-14,115.8988654446688,2103952896.4471016,45209082.81417178
2024-04-15,121.90809620705964,2211050837.4938974,54794257.67842232
2024-04-16,123.16036644704934,2232750113.0911746,52424681.05743719
2024-04-17,122.23716382546004,2218186382.272403,52642495.08647598
2024-04-18,117.32494182930208,2127166930.4174583,57399276.85180959
2024-04-19,116.31936935229476,2115784604.2914188,48400840.08753704
2024-04-20,117.02889434660176,2119480407.0082653,55628026.93780738
2024-04-21,121.30693044711823,2197314926.80958,36661720.4553258
2024-04-22,118.79463109837126,2155103829.828216,43863950.72834599
2024-04-23,121.37226211472496,2203023271.16764,51548132.78196847
2024-04-24,121.4390635313901,2202767834.5306826,44997306.094201714
2024-04-25,118.85728059986874,2157039392.8387847,40050937.09844533
2024-04-26,119.86114161905115,2173136279.124363,41895427.643461615
2024-04-27,120.32620356034188,2185534450.909055,43107064.934731
2024-04-28,122.7089662929406,2223985816.56049,44237011.62356724
2024-04-29,126.46095973070278,2300603151.795117,52417672.64624558
2024-04-30,128.72471688168474,2347234255.506824,55533502.03886815
2024-05-01,119.11389232995766,2161830276.78592,55928071.6914455
2024-05-02,122.98782190654518,2237163857.891764,47886834.00276288
2024-05-03,123.21041432534253,2237921859.877549,48584717.73860895
2024-05-04,124.88777423909907,2269042918.1518397,54281616.82216316
2024-05-05,123.39538662478913,2238179550.292713,61499639.61054783
2024-05-06,134.29131788248603,2435420438.271847,68519430.71123764
2024-05-07,130.60133200983157,2372168845.290101,50822858.50175283
2024-05-08,127.83741984071382,2311565565.685541,46779709.362007946
2024-05-09,131.51909331316756,2388402271.802697,41206447.06781191
2024-05-10,132.54343200310615,2408280845.051329,53971661.54793037
2024-05-11,132.8395767862261,2411508006.0264325,46779225.6209837
2024-05-12,131.9246374121072,2396234093.274065,34145919.83698887
2024-05-13,132.97969543237429,2415369885.0704546,34650541.94753532
2024-05-14,135.39104843526508,2461327268.455912,48498846.48310132
2024-05-15,132.09369472675684,2398959146.4318786,44010357.47054094
2024-05-16,134.4644864686594,2444008892.788734,43645468.91088934
2024-05-17,133.92204560709115,2429649097.608734,37689531.79124373
2024-05-18,134.9266919258088,2449784696.781206,42455220.10974735
2024-05-19,135.99587863638686,2467784831.388658,37671981.25555797
2024-05-20,134.51531676433274,2441077216.575925,33427100.45164893
2024-05-21,134.93085392900798,2448935013.928561,48293172.56519511
2024-05-22,136.078837742417,2467977183.621501,75582117.77864996
2024-05-23,138.42933235533172,2511999084.692513,58491145.80021919
2024-05-24,138.5574761350759,2514902340.00048,58518655.77920511
2024-05-25,140.8560906845563,2562155633.278075,61680692.6322876
2024-05-26,141.2076597378283,2562429266.415333,35860078.77608351
2024-05-27,142.25381344512255,2585088410.442872,45564424.51070592
2024-05-28,141.3947601291322,2564145731.6728024,53397096.675744
2024-05-29,141.80885343862917,2574710181.298046,59910005.47719149
2024-05-30,140.30103412940838,2547398782.9608707,50256858.98741296
2024-05-31,146.05558014083442,2646217728.4199944,72875975.33158776
2024-06-01,148.45463653542274,2693694921.608262,60146544.1021421
2024-06-02,148.71458584225854,2698239481.409905,48847153.86633582
2024-06-03,152.73514655127894,2767092574.608838,54480653.35096151
2024-06-04,154.93266066632518,2816946037.122369,78413232.18728767
2024-06-05,160.004743234898,2951220354.0352736,55827241.66223169
2024-06-06,163.2453775303488,3006041468.736413,71388587.97734137
2024-06-07,165.38874572385663,3047927376.837959,64657179.46361063
2024-06-08,154.08726446701806,2842402629.690636,76292204.39925224
2024-06-09,168.59041462335526,3107968103.2537856,67463659.3710222
2024-06-10,174.01424860834166,3208284801.3522186,107935756.89342716
2024-06-11,178.51951701087972,3290376765.230903,139670860.83976132
2024-06-12,174.21676531912485,3217583679.389329,117666900.5127906
2024-06-13,180.72397941941912,3344456271.5511727,99071421.40449242
2024-06-14,171.99492487995593,3178803565.02582,93749097.5040243
2024-06-15,170.5817394590217,3149489998.472185,79166639.76838548
2024-06-16,177.26150493037056,3266353925.167641,54828419.8593172
2024-06-17,176.99747373612837,3263276757.129536,51236011.44281212
2024-06-18,174.04566183325193,3199655920.6101227,70265368.22110827
2024-06-19,169.84747411516958,3136801156.5067234,64546350.09838324
2024-06-20,168.28647128134926,3104391020.081234,54783714.209736064
2024-06-21,169.58702984079278,3128994716.3738256,48726557.352765046
2024-06-22,160.028795282403,2950591063.323356,52071565.90897152
2024-06-23,166.52873280005232,3071579312.3058248,31323576.63572401
2024-06-24,163.94798196066753,3017001807.2628064,33625771.08043997
2024-06-25,158.85404203324856,2929848414.0957017,66958939.84599427
2024-06-26,162.6910096882318,3000446609.936382,48549049.89892367
2024-06-27,164.08674745189063,3025614464.429696,44120850.96186481
2024-06-28,165.94251930071644,3059774607.4397087,39666433.834877886
2024-06-29,167.7233289877463,3094237209.967859,49327791.67459191
2024-06-30,165.41256221367516,3054838959.6700068,42481698.4039615
2024-07-01,167.9252130810855,3094719921.7059846,43206492.12286232
2024-07-02,168.32838819271075,3105247995.924647,65705313.02761531
2024-07-03,168.48761172690922,3107344964.0059304,46592694.45850616
2024-07-04,165.54745715904204,3055247019.496405,56026741.16693557
2024-07-05,156.6042959133816,2897083123.368197,61791852.61999529
2024-07-06,155.16679975515748,2860041980.425453,69714243.29726663
2024-07-07,158.2344432413198,2920492132.336616,48426912.84452876
2024-07-08,149.43056868780155,2764264231.9376383,39199623.93333698
2024-07-09,153.83077033647004,2837097028.939952,77329384.84377736
2024-07-10,155.1111332389702,2863074424.46665,90457567.63752624
2024-07-11,155.7029332092983,2875415971.0665736,70901447.8054907
2024-07-12,158.4818006479974,2924086269.2573915,79323596.25443421
2024-07-13,159.4406020534703,2940229334.591991,77212816.70908448
2024-07-14,157.2786688601849,2899059392.620312,63102269.81540504
2024-07-15,159.48507038365165,2941465959.0743694,69928837.96795435
2024-07-16,158.52507217169318,2926881454.653982,84077477.34545743
2024-07-17,161.83964732770352,2984652875.779418,99571747.01454982
2024-07-18,160.20329198457492,2954523959.5428014,86458280.74541932
2024-07-19,160.78773881608558,2965527767.622469,74738126.62604351
2024-07-20,161.2220733171487,2974220748.9553947,79702543.60751088
2024-07-21,163.37401747936923,3012399367.161134,84985545.30442683
2024-07-22,164.34203394307616,3028477162.5800843,98420407.87003192
2024-07-23,161.29382493782967,2974444056.2074623,163938559.90644106
2024-07-24,160.7934530693462,2966157689.2704363,86098346.28587516
2024-07-25,160.00037676103582,2951261765.8299847,92100481.39489292
2024-07-26,162.31908787782692,2994276906.6910944,110410583.4961229
2024-07-27,161.76485079682365,2983627117.5930977,145419491.49632066
2024-07-28,162.64413731386887,2999051569.4085,82433958.1689629
2024-07-29,164.31388734843196,3030704540.268222,84321231.88925554
2024-07-30,161.2110225624391,2975087257.029165,71014937.21109086
2024-07-31,157.7209748453091,2909144745.7222824,105967214.9513153
2024-08-01,157.73735810992878,2906467201.978046,95596160.08125415
2024-08-02,156.59970598595015,2889154053.85252,97756045.28551294
2024-08-03,158.02461851917985,2913811024.3654394,138379385.73336133
2024-08-04,149.10030014070142,2751501104.152022,116385005.06437775
2024-08-05,149.87363691187443,2768507896.321052,109079181.15475596
2024-08-06,145.52219478148336,2674612578.351892,153317358.03857735
2024-08-07,147.428251160126,2717145226.063084,82729638.42589873
2024-08-08,145.92490288853506,2693506364.302268,79997340.98621942
2024-08-09,158.45909470473163,2919603905.592356,67853622.06945
2024-08-10,153.29108370874303,2820032155.502724,63825518.526308
2024-08-11,150.30626935051475,2771700065.1944466,42322022.65963706
2024-08-12,149.1316191517651,2748057912.9683204,41256724.9416548
2024-08-13,150.35914003343305,2772616522.9804616,54120649.780512445
2024-08-14,147.6837409597845,2721569427.151277,35102701.2078385
2024-08-15,151.15797793136673,2788051666.408791,46925974.827215135
2024-08-16,149.2861490507188,2750013113.6503906,46115676.86704427
2024-08-17,148.66873627075256,2742124081.4221177,31544563.05180758
2024-08-18,150.16684180101703,2768973487.721313,29753138.656795625
2024-08-19,150.98859139968732,2786022221.813676,44400134.85086353
2024-08-20,155.09798594474697,2860842038.4780307,82445439.96921751
2024-08-21,159.29430729082034,2953059757.125632,86712427.523736
2024-08-22,161.92845815445847,2994600172.1028585,61428635.62819381
2024-08-23,168.84521891622387,3112875232.499308,76098494.26018062
2024-08-24,172.9790780270877,3186526861.579947,86455081.82785958
2024-08-25,169.6576064582993,3126948840.4107065,79688058.3586209
2024-08-26,166.5736037925268,3072087054.329213,65995758.33331716
2024-08-27,166.78224136115566,3075957870.342661,63961632.24143705
2024-08-28,155.66103526774677,2877556148.618721,77082266.54643987
2024-08-29,157.73979922815505,2915333779.8003163,65339561.72019017
2024-08-30,162.18821995188642,2992228036.420815,62912972.9244747
2024-08-31,168.23199725013424,3103747476.67421,79069098.78633957
2024-09-01,168.6210250829588,3111644716.6214805,77924564.26611926
2024-09-02,169.76714664304478,3128390604.9931397,64814670.668332
2024-09-03,170.2021521401653,3134974963.0949664,67367085.92040634
2024-09-04,172.9700930252289,3192269523.807857,91224925.97870292
2024-09-05,170.8487605726043,3151603361.593319,58693402.33150331
2024-09-06,172.55931982793612,3183343003.378261,73874606.12319139
2024-09-07,165.11990987731207,3048244116.215385,60485136.11060267
2024-09-08,167.48546699937552,3081613759.1994195,54048269.61075904
2024-09-09,171.97020248167317,3170744994.287704,60455585.45029364
2024-09-10,170.73261340887925,3152651249.7450013,59510869.50637433
2024-09-11,167.23182156010162,3084549012.701462,60859689.064520426
2024-09-12,173.14520073427929,3194264468.147254,60801640.91504972
2024-09-13,172.35216980967377,3181220359.612643,52643407.479284056
2024-09-14,170.43239414593504,3144672446.935375,64408347.412789054
2024-09-15,169.52532558582368,3125985896.219004,50335535.407119766
2024-09-16,170.41870420036855,3141968694.909378,43265678.89045521
2024-09-17,170.35820933836115,3142093192.1812983,59773583.32095679
2024-09-18,172.40381056551175,3181344711.7605557,51723448.83926714
2024-09-19,171.2369513093524,3155688499.126064,61706402.41111717
2024-09-20,175.14629911821766,3229737151.2642307,81216665.04399131
2024-09-21,175.40490782094108,3235867703.8906016,58460000.05341579
2024-09-22,177.1450072738225,3269076596.825508,46360624.21610355
2024-09-23,176.80830356291673,3260157036.4723496,36605069.81530485
2024-09-24,171.73172576357177,3166438844.57184,55985190.12428326
2024-09-25,169.17293364626377,3121944798.729582,67155466.70085746
2024-09-26,165.35714245734337,3048170589.7002635,49885734.75185323
2024-09-27,163.74180509173627,3025804479.706998,52121368.181536056
2024-09-28,164.10009642216176,3027677345.527344,49969962.54869473
2024-09-29,158.65001075993695,2924669432.6120315,43579010.25229869
2024-09-30,152.969190439396,2821681162.990477,66823434.41963433
2024-10-01,154.1076610585011,2841825910.923976,71851124.53380238
2024-10-02,144.5201422113518,2667023131.330543,88699955.43495804
2024-10-03,136.6494957125475,2516411868.8910613,95241137.59570968
2024-10-04,143.9653634405346,2655023806.5806565,67543155.94971265
2024-10-05,148.83746148724845,2745165470.0714283,53374559.16527954
2024-10-06,153.09775829680137,2823414216.64422,45196317.22927156
2024-10-07,147.62067343417192,2723123448.1161485,51102153.14127386
2024-10-08,144.51801487850545,2666023066.644118,50803279.10268324
2024-10-09,149.50671225146982,2757886652.0331907,60250381.41352484
2024-10-10,147.18096901052257,2715422675.930352,55423070.494880535
2024-10-11,153.17216926166446,2821076904.330257,67178182.03503038
2024-10-12,151.89021272820372,2802745955.660672,53296935.78298015
2024-10-13,150.3860491726337,2774195888.7948394,51804568.812934
2024-10-14,148.72806937465884,2743491821.5828204,39402259.153153926
2024-10-15,156.85790208574284,2893517575.714697,63522245.599787146
2024-10-16,153.04774557413913,2823544275.3523307,70954083.91225098
2024-10-17,155.57635146296676,2869877139.3588448,63433848.17081412
2024-10-18,157.58431383300413,2907744331.030779,56680831.0563596
2024-10-19,160.4062496734156,2961700803.728332,58596958.27159381
2024-10-20,160.57176487135482,2962141807.250834,29275565.092302315
2024-10-21,163.21407152051216,3010768206.567024,32906315.461519063
2024-10-22,154.9280343030181,2857866161.890693,54348279.64319995
2024-10-23,156.9647518031217,2895959600.8801365,44387019.38683401
2024-10-24,156.67806874216873,2889396267.3789086,39147049.76304883
2024-10-25,157.24556963085487,2899221492.149013,42986848.667028025
2024-10-26,157.3520179783424,2895835775.236081,48612325.56794034
2024-10-27,160.2654313811004,2956477347.387295,44150465.61716502
2024-10-28,162.93803719750895,3005471509.0868187,39454047.14340197
2024-10-29,163.06996311937675,3005272378.413189,54952187.78161002
2024-10-30,162.65441755793955,3001107135.7542305,63076987.41637961
2024-10-31,161.84085850155145,2986016980.917212,73126653.53820062
2024-11-01,155.71674271037676,2874171088.5201263,62597659.71299892
2024-11-02,156.384012002848,2884374663.2457304,67976952.10278489
2024-11-03,154.30861188389082,2841078024.3666253,65040223.053169735
2024-11-04,156.7754146361859,2893887173.520919,67935617.86799672
2024-11-05,157.90125348411004,2912764082.342053,82720354.34642167
2024-11-06,157.23186932845033,2894208074.137752,97041445.084293
2024-11-07,161.41383863399597,2972252908.852005,142273403.52327898
2024-11-08,162.57943659667546,2999467018.196831,139325396.44371304
2024-11-09,165.72183202810842,3050067120.693187,120078323.96826948
2024-11-10,163.53210638825286,3016634914.378752,92900264.59682836
2024-11-11,162.32841896100126,2994325955.887002,58203515.931111336
2024-11-12,157.21348166872045,2921171836.056783,113044015.29041693
2024-11-13,151.61049789922268,2794905278.55038,157750931.53432003
2024-11-14,149.97558866060336,2767706387.463974,121475405.0610105
2024-11-15,146.59014355440613,2701695313.5905843,97196057.72619492
2024-11-16,141.82458036082895,2605660914.5533195,98205334.94853376
2024-11-17,150.81901032242567,2780048349.9309096,109134474.64323004
2024-11-18,155.90418682514078,2876492217.3493323,128550278.97674397
2024-11-19,156.13271610065783,2878204936.508784,140583532.3990635
2024-11-20,161.5459994338485,2982557457.829217,147751742.2309793
2024-11-21,160.53824827511178,2960211103.4323707,79284435.8699622
2024-11-22,161.0493637770013,2969874857.32536,85447795.4063304
2024-11-23,162.2005935290331,2992072837.4338717,72083333.59890921
2024-11-24,161.46054657355586,2975075426.305344,75733352.62086464
2024-11-25,162.53578310664508,2998319350.776157,69969244.00333934
2024-11-26,156.1838815599969,2878927608.9033384,101186272.71416104
2024-11-27,161.3901143295791,2978357918.76603,131448818.7432941
2024-11-28,156.2372483821251,2881597624.267102,111268096.412732
2024-11-29,159.44601985498684,2940739324.563115,69885444.6188522
2024-11-30,159.09842964386857,2934201550.986105,101352427.84975465
2024-12-01,163.03633481603205,3008355780.258052,89397071.28817478
2024-12-02,162.85681318252463,3001780730.261454,81155501.97358061
2024-12-03,173.74434356414892,3205368196.067756,146452311.55052963
2024-12-04,200.94480799663856,3693796878.927886,230290659.19312796
2024-12-05,196.37219090074103,3628690954.307933,227183541.2795365
2024-12-06,193.4818222261118,3561868752.376261,189534980.49062347
2024-12-07,198.0325250637245,3645252844.7516174,108908755.4165504
2024-12-08,200.7594305141648,3703575494.010864,89859658.05478919
2024-12-09,222.8006896701832,4112759400.44433,119756644.94908802
2024-12-10,175.69287071997945,3237217380.965911,179317549.15377074
2024-12-11,178.69525752280958,3288389728.860224,168360873.8846285
2024-12-12,198.45460304906075,3660841272.6956415,122289282.19394426
2024-12-13,200.1403704012105,3687759598.743613,141884039.4939797
2024-12-14,207.14382227039656,3819353665.7769327,154369934.91915688
2024-12-15,209.01045813999744,3854116517.38595,113854099.48104984
2024-12-16,222.3368717766576,4097535628.1423182,116588071.13741396
2024-12-17,211.7999468787752,3906943963.825832,157851085.53732362
2024-12-18,212.49470309020745,3920108816.468321,127257150.01265126
2024-12-19,212.72626362845645,3922869325.2006,146731420.25361228
2024-12-20,194.1068545191726,3589748383.103478,139863839.5103508
2024-12-21,195.4081027680884,3588611945.159808,183387175.9699825
2024-12-22,183.25971675513844,3369977038.6194806,86148622.88421512
2024-12-23,190.11000820368403,3513692459.056251,106236360.91273277
2024-12-24,190.56923646297437,3520664838.265096,78902531.52922334
2024-12-25,189.56876762254103,3496811424.765065,63809832.5940446
2024-12-26,191.0050299575736,3524298241.779725,70786354.16589671
2024-12-27,188.63225902132,3488223804.1457896,58750406.39460442
2024-12-28,192.75715519275465,3554042284.6757407,56665689.5792866
2024-12-29,196.7151234771384,3631331952.9070487,49585848.233020455
2024-12-30,192.4319414637648,3547457427.681,45851748.99312147
2024-12-31,190.57462556913836,3515937724.483585,56547584.76141166
2025-01-01,193.5379451856504,3570453176.7274995,50866350.11289825
2025-01-02,195.3165561360091,3598807147.3764496,29596675.67773021
2025-01-03,197.09928257670157,3636915776.75496,39512039.38607464
2025-01-04,200.9096938133343,3706005874.440059,56800187.03830805
2025-01-05,194.27877161079903,3586531741.2083387,54201732.80502654
2025-01-06,196.770464820298,3629803404.543185,61205106.331176944
2025-01-07,203.9021747282776,3760480571.9008446,62476943.28540853
2025-01-08,194.16489911828157,3582016228.630524,54415926.20914082
2025-01-09,201.4461569986658,3708796788.384654,90348760.11418082
2025-01-10,190.76146392956892,3520108688.0629687,56694717.89329113
2025-01-11,199.0907205596396,3673373546.277399,54439915.48609973
2025-01-12,198.15052942305505,3656745117.462515,35490729.51980088
2025-01-13,199.9872955119603,3687610074.495644,56672886.99329188
2025-01-14,202.56605830702037,3734130949.049965,69100976.80807228
2025-01-15,205.47970441403257,3788902260.0369534,63558274.85834032
2025-01-16,208.33727743999256,3839872202.053901,72979373.34013002
2025-01-17,221.50591709701055,4084812445.149836,82940331.76053846
2025-01-18,230.6264527879932,4268180298.796879,86876379.86793886
2025-01-19,217.13653069369525,4006146631.578293,75326603.71136187
2025-01-20,204.2890494793901,3780207838.306513,77116471.01068017
2025-01-21,207.92299687786743,3848060796.462174,81477465.10750322
2025-01-22,214.87287423612207,3957541407.583148,62160321.60430511
2025-01-23,222.9390472370165,4112724860.425267,79702856.24477543
2025-01-24,221.60912256060075,4087739505.8879166,69728308.6843459
2025-01-25,221.14670291548555,4073349428.9860806,58360671.07150201
2025-01-26,221.1815125751319,4082507001.9401016,46724214.47408407
2025-01-27,218.5096177336642,4029370394.955072,40719360.334070295
2025-01-28,214.12308195335157,3951137094.960567,72422102.49687587
2025-01-29,218.3196636888979,4026043858.357039,55121086.32349952
2025-01-30,221.7262159107008,4085399978.483413,65838378.67475849
2025-01-31,231.86691431842337,4277189627.592695,89046546.88773541
2025-02-01,239.0253600123712,4419152173.937017,69935924.8887406
2025-02-02,234.1794184943802,4324602843.057343,71267188.59727663
2025-02-03,219.9346158326392,4049119886.5813966,67984269.12503074
2025-02-04,226.07851808855617,4176945220.866112,112823854.89638966
2025-02-05,220.6487690234824,4063992590.359141,84450314.77225424
2025-02-06,226.8455319782341,4178244662.739963,54445224.0351758
2025-02-07,222.37815540932624,4101588322.299676,72246368.54870723
2025-02-08,204.71032274457932,3765787773.849063,73799107.68902506
2025-02-09,214.16999884435907,3948176164.137746,51412429.40705596
2025-02-10,220.25062178262965,4062693388.2556105,48289662.69309384
2025-02-11,221.7988435179244,4089060990.6106415,69377959.8240892
2025-02-12,223.1166328915046,4111395890.633413,62411640.23297189
2025-02-13,227.2210967521524,4190102249.891883,57028351.82722823
2025-02-14,224.4981814781756,4141097394.127134,55136473.10594067
2025-02-15,229.23075180672467,4214901337.303855,45359927.73787472
2025-02-16,230.8390151400299,4258228234.515296,56472779.395703465
2025-02-17,229.561150923696,4235835384.714482,50536072.59187597
2025-02-18,238.7872674185211,4396830860.731254,63837556.54278839
2025-02-19,237.8200625702859,4388111542.050237,63447611.15868169
2025-02-20,239.1844301093742,4410306925.543653,65478819.10937248
2025-02-21,229.5630711528378,4233342734.7188888,71921750.37226129
2025-02-22,233.89568856101465,4319436431.6331415,65571069.0662134
2025-02-23,234.52243046721563,4328919465.234612,48758649.97750369
2025-02-24,236.5859997368922,4365108261.143314,46030061.13302951
2025-02-25,226.82641861861785,4184513318.90365,55938074.40734579
2025-02-26,216.3095402606194,3988830874.127172,61426423.95170829
2025-02-27,213.50897765088635,3935250701.188959,50288493.33275581
2025-02-28,209.03825028257876,3854503231.632536,45766222.58635616
2025-03-01,217.0702955066193,4004674910.18457,85035680.25803153
2025-03-02,223.64753581649236,4118541566.042693,59536080.93718279
2025-03-03,229.8257157227662,4231917086.540957,59653223.23702529
2025-03-04,218.81793018087555,4038742332.621496,70895489.8037322
2025-03-05,223.94760743951815,4128681217.9835706,68980124.3528658
2025-03-06,227.9295903080317,4201615536.011272,70699286.5660029
2025-03-07,228.7283058803337,4213056022.697066,70483991.88619116
2025-03-08,217.3770142869068,4021917668.417544,55941652.18408192
2025-03-09,220.57594077187767,4072573547.6226377,37930842.40341736
2025-03-10,211.85493315415937,3912681327.203592,31007323.05684473
2025-03-11,201.5503650650488,3727515221.743673,69207952.31457241
2025-03-12,212.18122257913987,3914052710.164194,60029738.10230035
2025-03-13,208.7059743005352,3849135733.816812,52643055.56247842
2025-03-14,206.8567043154019,3814056166.880378,50203703.41211481
2025-03-15,209.58226025879588,3866357349.9698544,49933757.121458
2025-03-16,212.79712992880116,3921255401.496247,34793918.365263835
2025-03-17,208.8911695857032,3855359380.6351953,43522528.62600634
2025-03-18,212.2883843999937,3915746388.6020727,52096475.90414526
2025-03-19,208.9343117318584,3851481036.339173,53371356.29636373
2025-03-20,207.3230441239914,3819414274.963044,64412224.83791601
2025-03-21,210.203693607086,3879018217.71744,61358736.712274
2025-03-22,212.8624426608225,3927851418.095123,50805745.86420684
2025-03-23,214.338700322082,3953148114.649775,42904372.59416895
2025-03-24,215.6703085841551,3977598507.6944375,48328689.67809364
2025-03-25,219.0885818495932,4038986422.985514,65052931.464590654
2025-03-26,219.74223252257835,4050933267.179228,70347155.76914604
2025-03-27,222.96429242706984,4111879752.6943655,70075175.16931984
2025-03-28,224.6647255519236,4143753901.954549,57775047.30141587
2025-03-29,217.7950250490589,4015586066.9390087,60127552.70526853
2025-03-30,215.793192899242,3979963987.819714,40951145.3476636
2025-03-31,218.0442851300789,4022705343.3016257,42781239.231828086
2025-04-01,215.119728295733,3961260847.765481,58849328.21684636
2025-04-02,216.70911356823297,3997061925.876742,59866462.0361976
2025-04-03,214.11758383971824,3946421474.6200457,83620657.65586604
2025-04-04,214.7785124985324,3959585447.696802,75207340.84940764
2025-04-05,215.6176232686609,3977446119.169442,71628997.99780984
2025-04-06,213.6929234450905,3934809750.0605264,48811196.61664001
2025-04-07,198.89486388008527,3670090419.4709015,57861334.21378216
2025-04-08,203.8263168408177,3776626982.5035458,103418918.24112593
2025-04-09,194.8193034751318,3596043817.261401,63199783.715502925
2025-04-10,203.3907861078104,3750800738.373549,79751855.24863248
2025-04-11,201.11766142872204,3709979607.569408,53248333.17083521
2025-04-12,206.57995839103904,3810580102.1865535,58173559.4644963
2025-04-13,207.54121659156328,3829022466.317839,53507086.18157152
2025-04-14,203.20036470254223,3746732758.9094114,54478022.17326393
2025-04-15,214.90873388126755,3964345171.019797,65372702.26263792
2025-04-16,215.4506103906742,3976298808.9907994,63062513.19827709
2025-04-17,218.60014288528532,4034319159.940248,80996512.95288125
2025-04-18,216.91593786806183,4000377601.273419,69675781.20055406
2025-04-19,215.95492137732413,3984655954.470524,53933217.391289584
2025-04-20,216.67040748009896,3996005083.885692,57757243.46466854
2025-04-21,214.3321683527153,3955001421.079327,53087852.63437472
2025-04-22,215.2915426419556,3971226955.65104,73649498.1903215
2025-04-23,227.0071506636808,4185844751.625537,73091091.25090188
2025-04-24,230.13992436126992,4243909187.8547897,87220189.59805536
2025-04-25,228.04439609770168,4204315967.166631,62747207.115052745
2025-04-26,227.5690001883396,4198049953.8698006,58858665.08492879
2025-04-27,230.18631546795265,4251801243.269414,50312051.88883448
2025-04-28,234.5850416552468,4326386558.553753,46945091.99457368
2025-04-29,258.12890668488456,4755429540.853649,347281642.8344382
2025-04-30,270.92395309430685,4990539472.108334,137331500.15982568
2025-05-01,278.06407459558886,5129288601.0866165,107070518.40492316
2025-05-02,271.6078241358264,5012128069.204629,99869633.10466592
2025-05-03,283.5159463541636,5253113045.792006,123959208.7986328
2025-05-04,277.6560010247583,5121253071.174188,90015854.90048248
2025-05-05,279.6710090750649,5157235100.72278,97716932.159966
2025-05-06,281.8200723134047,5196789893.916072,123849607.47498624
2025-05-07,287.61350421652656,5312748431.865488,104076723.55561854
2025-05-08,283.0817027403583,5225168104.389333,91215783.57498612
2025-05-09,298.5689556301002,5514471329.237624,118244385.62930083
2025-05-10,316.3057109463607,5833177416.200959,109744584.516106
2025-05-11,325.61700745563064,6008466464.83638,103060403.7851976
2025-05-12,332.53987877425755,6136404543.793877,97803502.8296537
2025-05-13,337.24147592159363,6221940897.917271,136837954.10847467
2025-05-14,341.47531431182296,6297712527.438336,139927775.1670373
2025-05-15,339.8136355345273,6268455167.462238,109823851.60210122
2025-05-16,335.5135669995635,6185987001.913308,110288412.35127208
2025-05-17,334.67674662895246,6173761081.599118,94491028.0069061
2025-05-18,335.3672926774136,6186434618.713094,69441852.6295416
2025-05-19,336.70711566618803,6207679104.814667,73874131.09665096
2025-05-20,342.8644923965145,6324733543.200837,91065286.9983102
2025-05-21,350.4750315612628,6461791343.574244,90072687.68827827
2025-05-22,398.08520285676855,7341200781.239635,179251807.2876529
2025-05-23,390.8453271179876,7216906801.233094,166532583.42212486
2025-05-24,392.7134806486407,7249074133.316789,141215888.96018183
2025-05-25,403.2411503033784,7438486073.082314,102482618.74346256
2025-05-26,417.17564867019206,7695195274.841587,107200372.1126221
2025-05-27,401.93661720019617,7414421911.344582,110784110.89280896
2025-05-28,372.0358934283215,6862869645.101087,99110773.5022565
2025-05-29,347.45181806453064,6408694228.7469845,163785675.6447629
2025-05-30,338.92191963551375,6252793206.00534,97239217.49653776
2025-05-31,325.5353294758985,6005185966.348941,84806064.14561088
2025-06-01,323.64049754923155,5967547857.747041,72514068.14959915
2025-06-02,347.71349695477073,6413112146.908642,72128885.24617131
2025-06-03,357.61047232024004,6595282201.597368,107597334.99679254
2025-06-04,345.026213976841,6363939046.083087,90721868.402507
2025-06-05,316.1871994496944,5845826394.303641,95254186.43818924
2025-06-06,317.78226950257044,5862048196.676512,106412264.22253291
2025-06-07,322.7607828765036,5954394303.937888,89505194.05489074
2025-06-08,328.1047471333399,6052464299.737908,64653611.50586832
2025-06-09,328.7601576786095,6068217062.105444,63712160.36138679
2025-06-10,333.84828573957725,6157205328.716832,89433117.48220594
2025-06-11,338.3941561870525,6254927625.819365,92248950.8218779
2025-06-12,329.6915867126237,6080396642.782599,97199429.66380171
2025-06-13,318.6310148313509,5870198222.474867,90614901.70887633
2025-06-14,311.3510299739345,5769098332.81059,105655508.95779164
2025-06-15,312.57092828227746,5775956827.325722,62412952.8573358
2025-06-16,315.7915778774893,5831245479.60513,58544369.28120061
2025-06-17,322.9070315959359,5958752649.172734,101640481.4763507
2025-06-18,320.2714758937568,5907380790.21023,94902133.14314143
2025-06-19,315.910421167747,5822889345.720778,87330192.03686038
2025-06-20,310.6837292221118,5731070367.21869,83453094.62845281
2025-06-21,310.77552727612164,5734141894.862173,68057274.99765716
2025-06-22,308.03269395563694,5678256753.478737,56604589.82880844
2025-06-23,297.79897870450293,5491007223.014377,65248879.15469102
2025-06-24,311.2807999074555,5733886440.971471,78736135.57402521
2025-06-25,314.1730371604274,5784501379.539672,86573406.615313
2025-06-26,311.28193757673733,5753070448.584405,86388542.09682155
2025-06-27,311.92486057596653,5755108388.571157,85058390.4944771
2025-06-28,307.55170507697795,5668565560.01066,79049250.28419894
2025-06-29,310.6285805232738,5728281499.9714365,94966524.7725187
2025-06-30,313.726100067727,5769188454.890717,94726465.77434188
2025-07-01,324.6466625812854,5989323374.96853,94814197.76604766
2025-07-02,311.70931636155467,5747476090.963991,104982692.4305572
2025-07-03,322.1131632739882,5940431829.220156,113108439.58612184
2025-07-04,320.0613392482125,5911401773.692095,118818295.64181948
2025-07-05,313.5779093146949,5786807026.278213,76350366.79461145
2025-07-06,316.4433938162348,5839380577.233799,53658907.22522698
2025-07-07,319.3403786642768,5890343384.353556,69612217.1263979
2025-07-08,315.83161756367264,5826536463.317043,106136571.85916382
2025-07-09,316.56790175412755,5839647065.609618,117202808.14945588
2025-07-10,325.7488968937717,6006806768.63227,119606969.14994442
2025-07-11,326.195917093254,6019759098.736978,131226715.54610904
2025-07-12,329.8971394918256,6084708047.57571,145047555.15282628
2025-07-13,332.05087905972937,6117547080.885523,93990503.15734547
2025-07-14,336.0158264567104,6195884311.464016,91698786.8777978
2025-07-15,344.4077937737805,6353239527.947389,158842270.09416315
2025-07-16,335.1706567738148,6191954726.151884,134361771.46332505
2025-07-17,331.4200858868614,6119703862.843213,120605199.23372117
2025-07-18,337.75837606756016,6229818062.636177,136471058.96431822
2025-07-19,321.2344115076461,5915890024.576956,120220768.39173196
2025-07-20,322.8666127964721,5955833609.066095,70581929.33317094
2025-07-21,325.40563841915235,6008136724.552102,74608671.12540641
2025-07-22,319.82523220956074,5903412991.022637,112461476.9443902
2025-07-23,325.10474761609146,5988400959.007075,122773449.70524704
2025-07-24,313.8902372346299,5789586008.909002,121758293.71185118
2025-07-25,325.7574080046538,6008500231.163295,173788902.06580403
2025-07-26,321.85957890228053,5937925633.029556,201844499.7095661
2025-07-27,321.1669082308516,5923604712.455171,110953917.48672006
2025-07-28,325.4654081174893,6000780760.627369,119290467.54666217
2025-07-29,315.05390475166087,5814996974.483188,135855672.47024283
2025-07-30,314.04641034161017,5799717828.690401,136765477.08433646
2025-07-31,308.59656809083793,5690798814.617113,134645841.55516225
2025-08-01,306.3437267850793,5639309326.176015,123681091.51512817
2025-08-02,297.5958845621232,5486282853.089384,133220866.84185398
2025-08-03,294.9113149567358,5435406826.837939,107067500.17846872
2025-08-04,303.2888550803537,5595279651.466994,96240705.8801833
2025-08-05,305.94240929451325,5641079041.663891,128298154.5003632
2025-08-06,291.77325279465214,5395924527.256432,119805898.2885882
2025-08-07,285.617514100145,5268777984.98046,102605924.74065064
2025-08-08,267.5465690775964,4937184793.962005,162718434.49077177
2025-08-09,273.30654572157925,5041150218.862247,151140560.8808757
2025-08-10,274.05819008138866,5066021623.598234,106169790.51393113
2025-08-11,268.6539089230766,4956391826.060497,104914352.49970518
2025-08-12,268.0656870707851,4954741760.533466,109087492.4203037
2025-08-13,253.0164869631233,4667509281.673859,109032470.49750093
2025-08-14,251.3670947791885,4635385231.417507,61149942.07149437
2025-08-15,243.6090679615742,4496977803.710918,60023465.94964076
2025-08-16,235.9995195716729,4347138253.101463,48576921.34562673
2025-08-17,252.8773830765568,4665226578.794413,61370960.040539
2025-08-18,269.1708589823756,4964068792.274383,98724316.3754851
2025-08-19,279.1854168936437,5147793049.253572,90178720.18398814
2025-08-20,260.9786026171356,4814612471.427423,81776600.67767961
2025-08-21,260.6286828546438,4804200858.256409,113598764.18786833
2025-08-22,259.6910682182335,4789864147.512303,84476602.52903542
2025-08-23,271.8625744793593,5013104143.550003,93481851.41584665
2025-08-24,266.05438231073174,4904769566.516065,77709421.99902001
2025-08-25,276.2302808317863,5085287824.351101,74920252.36021662
2025-08-26,266.201536202884,4909953480.036023,91427145.92222044
2025-08-27,279.46979075434746,5155358158.537504,109467367.39109094
2025-08-28,274.44193430761743,5062096349.602712,109496361.696414
2025-08-29,266.63600211641324,4918433427.141921,85922847.28225899
2025-08-30,263.0208646334137,4851149123.958273,70645345.77628382
2025-08-31,258.74912119479404,4772587178.568296,71149575.23785076
2025-09-01,262.8772168828308,4850418506.653504,55877265.94929984
2025-09-02,260.1214357058019,4798258381.010609,71260042.79800437
2025-09-03,270.4728059118452,4986786801.001099,71576335.29900062
2025-09-04,270.7897214291863,4989979042.829697,72154016.76675679
2025-09-05,269.75567871707915,4971541958.926437,67710521.49623773
2025-09-06,269.0809551642208,4953124276.301872,68285159.17341544
2025-09-07,268.6209658398849,4954597855.907011,50244867.31886892
2025-09-08,271.6897401419178,5013623375.742019,54211960.4896084
2025-09-09,266.9598877850468,4926202572.681279,71059101.3297873
2025-09-10,266.8079830611079,4918044634.862957,80501211.34808995
2025-09-11,269.1333303535719,4964787611.197526,70209822.25935334
2025-09-12,270.77568931031396,4995834225.828817,80392317.03984499
2025-09-13,284.1567155519221,5238935007.833413,89051306.50140207
2025-09-14,286.39172268166124,5280432077.471651,70252327.62188287
2025-09-15,306.68078810954165,5646493209.889474,82999278.9255755
2025-09-16,305.62595191405734,5636904531.896848,136251389.40729287
2025-09-17,319.55143941902105,5895099168.47293,159733795.07670218
2025-09-18,301.1710362652015,5557072936.780468,117407763.52165304
2025-09-19,299.3681490636153,5525604343.727065,88883233.63598596
2025-09-20,294.31508249321195,5425969943.828094,75468444.13116592
2025-09-21,299.0413796419477,5513468902.446134,65468695.17218899
2025-09-22,292.65337188934416,5398512660.580047,65863138.482365526
2025-09-23,289.33829881883895,5337700485.656948,91789611.3575657
2025-09-24,291.56903425130923,5378499354.6525545,92795386.8497473
2025-09-25,292.1542113030939,5379318930.869715,99618142.326367
2025-09-26,289.19687805844467,5337061720.267403,101040006.56849028
2025-09-27,287.77068441103927,5309850971.33315,88097549.26857537
2025-09-28,286.55053224872375,5281189100.41642,69476871.3708545
2025-09-29,290.587611802724,5357380697.024958,66696463.00830347
2025-09-30,292.85905598019053,5395840006.391782,106273939.84050629
2025-10-01,295.4455090196886,5446172832.618113,124127121.52034576
2025-10-02,314.1111501920556,5799408979.862404,212386764.44132897
2025-10-03,333.3894849851176,6159779387.000311,308597983.5136736
2025-10-04,325.0418437479025,6018779577.580901,227154970.9985068
2025-10-05,330.4639614800078,6094392764.684206,166157924.16534275
2025-10-06,322.1540493153911,5943206701.674881,211471060.94093543
2025-10-07,310.54674558362393,5726993000.682485,174031082.4167615
2025-10-08,318.5215994937616,5879352588.449165,236470487.39110145
2025-10-09,333.3774030953734,6150009986.812999,242614637.47877705
2025-10-10,342.0395884026594,6309516750.340811,248266650.46456116
2025-10-11,295.8690240821683,5455701670.373796,296681010.0850809
2025-10-12,298.4281805890398,5505009472.170129,176208779.23091608
2025-10-13,304.6941262342861,5624214304.168182,179577387.02043712
2025-10-14,311.0435864415095,5736393587.364721,167880147.43053535
2025-10-15,312.48639719932845,5757862883.753274,211072229.56073844
2025-10-16,317.60464790774864,5859887968.856854,245133433.4393721
2025-10-17,301.3212929780016,5565324496.538437,118405143.08853884
2025-10-18,291.89506022114864,5386012232.900903,174402938.48590392
2025-10-19,307.4775129427125,5672986603.204769,124420690.11192624
2025-10-20,315.62861364274977,5818028667.39724,134161247.21916692
2025-10-21,309.56775602118995,5707009781.31035,164228344.5220531
2025-10-22,304.3857977963812,5613905442.236293,184710098.67194104
2025-10-23,312.3150865413778,5758896248.701708,189265886.121359
2025-10-24,323.59245496809007,5966076095.122813,210691473.58295187
2025-10-25,327.0301730177859,6032478767.963611,168334287.67743608
2025-10-26,333.3284665989709,6148708617.675708,134682513.4638739
2025-10-27,347.9790401612624,6419900915.086956,166513302.77288154
2025-10-28,340.8689255240642,6287921831.822773,169008259.02594876
2025-10-29,335.6866615036385,6187037125.965914,153233876.0531718
2025-10-30,336.79324055258087,6212963867.377266,161644711.15172878
2025-10-31,323.09688982987205,5963441007.397355,170808864.96641698
2025-11-01,335.0836936683174,6173480692.66376,140900287.7315337
2025-11-02,347.8729119850016,6417805304.083982,144868749.46140382
2025-11-03,347.01297326258003,6401243142.681219,148519950.56092605
2025-11-04,345.16115106686925,6364858341.63036,219208310.2363607
2025-11-05,339.8547097119957,6270130327.117931,214113339.6827497
2025-11-06,344.81282478468955,6382166895.997887,219641733.69066736
2025-11-07,359.3913367461854,6638257819.989367,149012659.87244388
2025-11-08,368.2143634816577,6803133340.618788,194652238.82043263
2025-11-09,366.6330332412583,6776898136.485308,141263086.03444502
2025-11-10,415.4983450917466,7663140692.595473,415131466.604688
2025-11-11,386.44721742442226,7143413372.07485,232438819.7019579
2025-11-12,369.5852634974334,6834966523.85597,216328546.35388044
2025-11-13,386.805239305959,7127406123.971761,177389001.2192733
2025-11-14,387.0226861713689,7150544767.009307,200852802.6205798
2025-11-15,393.0285190716017,7246799025.132415,205709007.70234653
2025-11-16,420.3742119233285,7764314467.478744,256852058.4694962
2025-11-17,403.8925645726198,7433251633.267595,222354829.10655433
2025-11-18,406.5744802341795,7508655312.012561,203902038.561882
2025-11-19,403.4900681264824,7442406810.182771,201702505.3273289
2025-11-20,365.34601557457785,6744426036.126709,209147394.12680253
2025-11-21,339.67839689211166,6301445544.374652,191422309.7406103
2025-11-22,336.29821671231605,6192319901.680694,220161913.00071228
2025-11-23,369.233557027304,6812240740.950194,143249782.49205846
2025-11-24,389.097248940955,7161082802.059122,203676931.60367128
2025-11-25,385.9527104609455,7120019565.722177,150941245.3712194
2025-11-26,384.4293924967654,7086019796.459282,171129902.1722969
2025-11-27,398.195619617239,7355031534.416663,197325454.4282208
2025-11-28,409.33261302917384,7557396619.012173,164422760.58291695
2025-11-29,411.88338221129425,7599531423.035147,171764127.4444356
2025-11-30,413.3813670466035,7629021122.085595,144938796.94685206
2025-12-01,437.0445087304782,8064065286.204398,153526609.6602965
2025-12-02,405.6853678058098,7507633236.955694,246047400.1243507
2025-12-03,398.0518538533468,7334316022.45237,237177169.61310872
2025-12-04,408.93595153088734,7548357766.616253,183251441.1629028
2025-12-05,402.6654353827742,7427927563.127694,138056990.86868522
2025-12-06,399.8223607364099,7383795324.877174,130718534.4393087
2025-12-07,392.7072289335708,7255169508.303363,100966678.36007673
2025-12-08,362.6967305046947,6703465214.862035,123808712.64108756
2025-12-09,373.56365191599616,6887129366.67476,140846801.32329983
2025-12-10,388.5982292815994,7163535263.17517,162690615.0667785
2025-12-11,400.7199264127438,7399201375.602632,180898996.478876
2025-12-12,407.37778770049937,7521778303.625397,182459128.7239392
2025-12-13,405.4654419621273,7486640121.569178,162523738.9114345
2025-12-14,413.48199787225633,7629527986.843116,121162072.8580447
2025-12-15,409.79518004376257,7557199745.423896,111629563.32872386
2025-12-16,409.1048619191349,7550424459.601495,163575380.25581065
2025-12-17,429.1035587878637,7910296362.028032,171048697.76546875
2025-12-18,417.96084163735327,7711588267.416973,170360811.42084944
2025-12-19,415.3113140433923,7665215999.102784,188763610.3903408
2025-12-20,442.4281112463397,8168724655.360003,187204878.659016
2025-12-21,477.11058129319713,8788762517.356527,202453005.5496683
2025-12-22,471.46567537889325,8696829596.861536,171115702.69614795
2025-12-23,462.9602535734051,8533380489.541426,174962493.5630361
2025-12-24,448.7833048014708,8291060510.983507,133696941.20375444
2025-12-25,435.243283981458,8032466273.2214,104049057.64576948
2025-12-26,442.360856644951,8156357055.096992,84721924.7526593
2025-12-27,445.00711937491263,8217749102.769047,90286102.8774336
2025-12-28,453.4027685154696,8363618920.73643,90276071.14825489
2025-12-29,452.9174781726191,8368541183.6272335,80813607.73892729
2025-12-30,437.3860072642036,8072537557.717344,94852162.12704211
2025-12-31,438.7386199610747,8094958190.581239,50351923.66391241
2026-01-01,433.5367837191708,7996962007.014609,57630435.317640565
2026-01-02,419.5105756573671,7725094036.065028,56638445.55866795
2026-01-03,424.3526567182846,7833636611.662107,70981228.49947017
2026-01-04,434.31495420646627,8011448803.596439,72979197.53022717
2026-01-05,419.5037030869418,7738459839.125102,62941544.27353116
2026-01-06,436.8967350465976,8063490404.938035,77770474.00471674
2026-01-07,441.1274200086162,8128353001.500681,85495778.03962661
2026-01-08,436.5196472472527,8052750588.35846,88460318.38560294
2026-01-09,452.0902633702792,8337697744.214518,132557493.9312435
2026-01-10,450.8291239733113,8329269531.116918,104336759.90823616
