date,prices,market_caps,total_volumes
2018-02-02 00:00:00.000,0.0038760690153899,81283608.31571953,3742360.2763656606
2018-02-04 00:00:00.000,0.0045563763727184,95550082.0415046,2686899.2733210153
2018-02-05 00:00:00.000,0.0038008829610522,79706909.40573508,1877591.7352737647
2018-02-06 00:00:00.000,0.0029726162280623,62337634.39077078,1660083.2652906307
2018-02-07 00:00:00.000,0.0036704546361476,76971745.29159664,2246460.9101090785
2018-02-08 00:05:27.279,0.0034756023984148,72885571.1526857,1272414.4187639272
2018-02-09 00:00:00.000,0.0036495592101041,76533555.04798445,1070487.0072105636
2018-02-10 00:00:00.000,0.003791697855667,79514291.96123104,911605.7370091074
2018-02-11 00:00:00.000,0.003828717678242,80290620.95489725,1351216.3723716177
2018-02-12 00:00:00.000,0.003667493565735,76909649.78022583,898882.1362759295
2018-02-13 00:00:00.000,0.0034949868367763,73292075.03302033,1145171.1542312978
2018-02-14 00:00:00.000,0.003421268204425,71746148.88624093,818442.3751229474
2018-02-15 00:00:00.000,0.0042677929329534,89498305.56613259,1179587.2473820872
2018-02-16 00:00:00.000,0.0043480637118161,113828513.95495644,1341084.519610271
2018-02-17 00:00:00.000,0.0041783214479225,109603878.07370164,783895.8861774225
2018-02-18 00:00:00.000,0.0045178974275437,118511484.80790135,971620.3999673132
2018-02-19 00:00:00.000,0.0040317821083848,105759923.00612976,735958.3594019229
2018-02-20 00:00:00.000,0.0047512016720377,124631418.44304872,1416968.2024630469
2018-02-21 00:00:00.000,0.00441688013069,115861643.80698995,1534285.8699563444
2018-02-22 00:00:00.000,0.0036780994846914,97292899.9344913,729322.6591971142
2018-02-23 00:00:00.000,0.003695411705706,97750841.9216033,738967.2966445072
2018-02-24 00:00:00.000,0.0039967183798568,105720990.69538207,642084.4432377411
2018-02-25 00:00:00.000,0.0036324706593249,96085928.57360516,490018.7540098033
2018-02-26 00:00:00.000,0.0034754104581227,91931380.1436738,633135.5738784798
2018-02-27 00:00:00.000,0.0037778334444452,99931057.550071,1459592.358278484
2018-02-28 00:00:00.000,0.0034731092399292,92445127.87686583,937841.8077055062
2018-03-01 00:00:00.000,0.0030964183251332,82418596.20662045,488013.5436760983
2018-03-02 00:00:00.000,0.0034698425062132,92358175.92826328,464283.66980844113
2018-03-03 00:00:00.000,0.0033588578565433,89499966.06335111,422786.3176886184
2018-03-04 00:00:00.000,0.0034008074613396,90617753.22970176,456327.2347174184
2018-03-05 00:00:00.000,0.0032902473270635,87671773.17091516,605236.7344942964
2018-03-06 00:00:00.000,0.0033482626579103,89217646.90648639,675687.690678115
2018-03-07 00:00:00.000,0.0029421410012736,78396148.6356461,600951.8344509616
2018-03-08 00:00:00.000,0.0024626227484927,66144512.813005686,781437.7254249532
2018-03-09 00:00:00.000,0.0024144983776547,64851922.19373275,776107.9235158407
2018-03-10 00:00:00.000,0.002601430954283,69872814.74315844,545307.5470440885
2018-03-11 00:00:00.000,0.0022748129426507,61100058.43341132,273959.3383089598
2018-03-12 00:00:00.000,0.0023412330364513,62884060.77324152,305260.11402527
2018-03-13 00:00:00.000,0.002282350902436,61302523.337102436,306859.18900298944
2018-03-14 00:00:00.000,0.0021601306290173,59844596.1534881,349886.0596300808
2018-03-15 00:00:00.000,0.0017960644793667,50087784.610488646,483306.84223036305
2018-03-16 00:00:00.000,0.0016945425566646,47256589.93125386,1028897.211812412
2018-03-17 00:00:00.000,0.001941581086979,54151234.31050878,611482.2722465205
2018-03-18 00:00:00.000,0.0016911701636513,47167204.298077695,395971.3522202083
2018-03-19 00:00:00.000,0.0015459901611106,43118093.814097576,528821.2714155943
2018-03-20 00:00:00.000,0.0016299772901685,45460518.106949165,299940.7605831659
2018-03-21 00:00:00.000,0.0017609738229798,49402663.36264267,275004.2126323039
2018-03-22 00:00:00.000,0.0018723298901197,52615824.24191668,271438.1783790441
2018-03-23 00:00:00.000,0.0018164632220479,51045870.78245542,367843.73776867654
2018-03-24 00:00:00.000,0.0017798477014413,50016909.05571594,180097.6302817598
2018-03-25 00:00:00.000,0.001729090093088,48590529.32736054,403083.7774290181
2018-03-26 00:00:00.000,0.0024452125790862,68714854.13668065,2241353.2388372673
2018-03-27 00:00:00.000,0.0020607927424722,57911968.029310726,1104899.0659751608
2018-03-28 00:00:00.000,0.0022000801294491,62236680.93171166,1155781.507894699
2018-03-29 00:00:00.000,0.0021258474602651,60136759.71299401,922804.499914929
2018-03-30 00:00:00.000,0.0015756093657143,44571420.856172614,669228.7855825085
2018-03-31 00:00:00.000,0.0017280404214165,48883446.973239295,874402.5062520421
2018-04-01 00:00:00.000,0.0017548602267643,49642135.55268679,303306.71243108046
2018-04-02 00:00:00.000,0.0016432669670045,46485344.12093952,324182.4157292866
2018-04-03 00:00:00.000,0.0016396295613211,46382447.84279527,251260.0874716285
2018-04-04 00:00:00.000,0.0017810117034384,50723493.90163594,356195.8289382114
2018-04-05 00:00:00.000,0.0015133421470936,43101001.890221395,369343.1545496254
2018-04-06 00:00:00.000,0.0015017414886358,42770607.33729255,202637.28256575175
2018-04-07 00:00:00.000,0.0014691894300498,41843502.8214101,204175.03159499317
2018-04-08 00:00:00.000,0.001558634359014,44390954.53929078,177981.7216937061
2018-04-09 00:00:00.000,0.0015432552720493,43952947.801944375,209610.6143104041
2018-04-10 00:00:00.000,0.0015503111799564,44153904.803389944,187652.7961007004
2018-04-11 00:00:00.000,0.0015713765294768,45038151.90713229,255148.45936823872
2018-04-12 00:00:00.000,0.0016790034550216,48122910.86277349,542005.2945929808
2018-04-13 00:00:00.000,0.0018211289619251,52196454.05864098,434017.510733371
2018-04-14 00:00:00.000,0.001874468662381,53725254.75455916,377363.6690635132
2018-04-15 00:00:00.000,0.0017567026001531,50349892.0069116,225077.7407963796
2018-04-16 00:00:00.000,0.001887816258806,54107818.10847772,327437.62651184975
2018-04-17 00:00:00.000,0.0017760376177606,50904064.37985936,265078.2426839252
2018-04-18 00:00:00.000,0.0017331877585648,50005274.91073755,251861.33311863453
2018-04-19 00:00:00.000,0.0017888081866957,51610014.37741952,497864.59217459935
2018-04-20 00:00:00.000,0.0019184270095604,55393328.432463005,490312.7702516814
2018-04-21 00:00:00.000,0.0019143630988041,55275985.660431035,574258.7085574667
2018-04-22 00:00:00.000,0.0020689672931275,59740080.91686607,425241.18312347727
2018-04-23 00:00:00.000,0.0023789781398165,68691441.88222452,1784343.109200138
2018-04-24 00:00:00.000,0.0024907272115298,71918123.4294458,1049517.7393896468
2018-04-25 00:00:00.000,0.0025955818970725,75429865.05872919,1152412.295060386
2018-04-26 00:00:00.000,0.0021255680343812,61770853.844895855,808918.6737976985
2018-04-27 00:00:00.000,0.0023507791195533,68315683.65104514,740461.6881501579
2018-04-28 00:00:00.000,0.0022311392330395,64838844.60175285,499371.4649130653
2018-04-29 00:00:00.000,0.0021402887606713,62198650.94075546,663126.7387785957
2018-04-30 00:00:00.000,0.0020607784819285,59888013.15925563,874711.5442806957
2018-05-01 00:00:00.000,0.0020964500274089,60924659.26356766,650971.3862420007
2018-05-02 00:00:00.000,0.0020706873148741,60587795.76424382,458563.9294701756
2018-05-03 00:00:00.000,0.0020787774149083,60824510.07888906,942228.6503321816
2018-05-04 00:00:00.000,0.0022270133092505,65161855.474698186,28609.31238645124
2018-05-05 00:00:00.000,0.0022959070233563,67177668.41260503,636618.311485523
2018-05-06 00:00:00.000,0.0023471547262455,68677163.45163657,698526.4639222588
2018-05-07 00:00:00.000,0.0022333556228787,65347429.99385537,462326.5065880004
2018-05-08 00:00:00.000,0.0021517974700212,62961058.72826251,376216.4405175618
2018-05-09 00:00:00.000,0.0021858641828095,64337853.79918036,534267.49215226
2018-05-10 00:00:00.000,0.0021392906286941,62967026.39867154,504637.3842078113
2018-05-11 00:00:00.000,0.0020751475437115,61079064.44005903,684404.9556138369
2018-05-12 00:00:00.000,0.0018843440299509,55463029.98135667,319301.16013554676
2018-05-13 00:00:00.000,0.0018771401367967,55250993.465921834,361649.57618404663
2018-05-14 00:00:00.000,0.0020879739172277,61456590.79807665,784280.8081545247
2018-05-15 00:00:00.000,0.002009584453651,59149306.61882336,497045.1930113132
2018-05-16 00:00:00.000,0.0019402379257752,57480682.54643129,472818.1313940245
2018-05-17 00:00:00.000,0.001879754380181,55688822.15786859,347335.87821738573
2018-05-18 00:00:00.000,0.0018596610108083,55093544.34639059,313757.73347193975
2018-05-19 00:00:00.000,0.0018717822740158,55452643.85333183,252650.34328429017
2018-05-20 00:00:00.000,0.0019488509742075,57735849.14023771,332571.44793497276
2018-05-21 00:00:00.000,0.0019397206714046,57465358.58338536,234926.16961151792
2018-05-22 00:00:00.000,0.0019095984052232,56572968.8424405,320650.8246404606
2018-05-23 00:00:00.000,0.0017617191385041,52510850.02259265,394257.9711155813
2018-05-24 00:00:00.000,0.0015297318511827,45596098.75183904,628345.4111474329
2018-05-25 00:00:00.000,0.0015545177694075,46334882.594352975,446959.5935855785
2018-05-26 00:00:00.000,0.0015350628965804,45754999.066435285,204380.52563219817
2018-05-27 00:00:00.000,0.0015065947333666,44906460.036426894,142734.20154483712
2018-05-28 00:00:00.000,0.0014086272959306,41986384.24121939,331739.18239710556
2018-05-29 00:00:00.000,0.0013460831791462,40122157.041500375,273972.02004021214
2018-05-30 00:00:00.000,0.0015538634211809,46616847.011461675,354910.29427929653
2018-05-31 00:00:00.000,0.0015502992445431,46509919.54616465,270460.1738935607
2018-06-01 00:00:00.000,0.0016085117686398,48256330.6483091,342698.7042167007
2018-06-02 00:00:00.000,0.0016588620402743,49766869.39822372,462994.11386860017
2018-06-03 00:00:00.000,0.0017218791647626,51657421.43216117,194954.1847366245
2018-06-04 00:00:00.000,0.0016764442684764,50294346.93006214,275009.1479254734
2018-06-05 00:00:00.000,0.0015588588647207,46772285.42455033,915187.861011092
2018-06-06 00:00:00.000,0.0015680342323467,47338164.990103506,234089.89061020483
2018-06-07 00:00:00.000,0.0015388649451871,46457558.878500395,495818.0953782121
2018-06-08 00:00:00.000,0.0015173422659408,45807800.01471306,213895.7416239287
2018-06-09 00:00:00.000,0.0015107005590597,45607290.22374825,121097.31597939662
2018-06-10 00:00:00.000,0.0014132123508579,42664170.23998544,116226.85546389372
2018-06-11 00:00:00.000,0.00129438016381,39076686.26765588,209850.43582982125
2018-06-12 00:00:00.000,0.0012956497801784,39115015.34739036,260108.1601941164
2018-06-13 00:00:00.000,0.0012064589156198,36664346.083364844,272810.64873148507
2018-06-14 00:00:00.000,0.0011386424507196,34603400.36274337,189189.1511819726
2018-06-15 00:00:00.000,0.0012446258262309,37824240.383503854,270461.48716098804
2018-06-16 00:00:00.000,0.001140686616374,34665522.65802745,150782.83685827514
2018-06-17 00:00:00.000,0.0011626376581229,35332615.90186091,146468.71466518962
2018-06-18 00:00:00.000,0.0012101066477472,36775200.84302929,101784.99768305912
2018-06-19 00:00:00.000,0.0013991045780272,42745130.60586179,968093.4541019904
2018-06-20 00:00:00.000,0.0013467781618872,41156769.922697075,281500.1602881888
2018-06-21 00:00:00.000,0.0012619779345847,38565323.50393961,540393.223626347
2018-06-22 00:00:00.000,0.0012067465582436,36877484.249552995,324667.69367197936
2018-06-23 00:00:00.000,0.0010487801966236,32050122.63596147,291358.23129301873
2018-06-24 00:00:00.000,0.0010599883087898,32392636.12982963,107808.15215539523
2018-06-25 00:00:00.000,0.0010375653172369,31707402.339707974,207980.7386856712
2018-06-26 00:00:00.000,0.0010041220584503,30860705.411580615,220717.5706227331
2018-06-27 00:00:00.000,0.0009614862447714,29550335.5468275,115632.63769471955
2018-06-28 00:00:00.000,0.0009802036387494,30125596.27012837,98085.11460305392
2018-06-29 00:00:00.000,0.0009156639170394,28142031.301832177,86164.30124625567
2018-06-30 00:00:00.000,0.0009403751833955,28901507.80665102,86203.91137209297
2018-07-01 00:00:00.000,0.0009891861735147,30401665.655229956,156123.78069562692
2018-07-02 00:00:00.000,0.0010164088806057,31238328.824781,129395.63977678448
2018-07-03 00:00:00.000,0.0011264927888902,34621649.64273793,164165.27373001506
2018-07-04 00:00:00.000,0.0010799721729485,33191884.19534101,159809.20006119146
2018-07-05 00:00:00.000,0.0011121277850283,34180155.35557567,103758.2153247296
2018-07-06 00:00:00.000,0.001070652962432,32910995.61472834,102512.88216979496
2018-07-07 00:00:00.000,0.0010860751345275,33385060.56015287,216340.48031845203
2018-07-08 00:00:00.000,0.001142268152939,35112387.94578646,142760.63949807486
2018-07-09 00:00:00.000,0.0010968331194204,33715752.20913304,137003.14779678293
2018-07-10 00:00:00.000,0.0011039931340584,34349695.989624396,219353.3187508856
2018-07-11 00:00:00.000,0.0010179379660548,31672171.313006915,202030.15428270877
2018-07-12 00:00:00.000,0.0010032529771273,31215261.854324616,131082.22941209102
2018-07-13 00:00:00.000,0.000955354702264,29724952.60399874,117074.77734395336
2018-07-14 00:00:00.000,0.0010383451553949,32307121.5932304,105606.11263642344
2018-07-15 00:00:00.000,0.0010087199407995,31385361.227530435,61712.82846566782
2018-07-16 00:00:00.000,0.0010202456370707,31743972.30106792,65843.27774635813
2018-07-17 00:00:00.000,0.0011050090086909,34381303.962278426,117264.3608344632
2018-07-18 00:00:00.000,0.0012045831280272,37752111.21616829,147001.30704319378
2018-07-19 00:00:00.000,0.0011246417504259,35246716.853790455,190361.96369004907
2018-07-20 00:00:00.000,0.0011380493171476,35666915.2927676,107008.90961249048
2018-07-21 00:00:00.000,0.0010893385923193,34140301.92889662,231710.79870017205
2018-07-22 00:00:00.000,0.0010801868431911,33853482.494959444,89281.57226799322
2018-07-23 00:00:00.000,0.0010831476057738,33946273.96423031,54572.03461107649
2018-07-24 00:00:00.000,0.0010765396619398,33739178.39338291,241630.83271601071
2018-07-25 00:00:00.000,0.0010802023113967,34049650.88147492,447217.15575833496
2018-07-26 00:00:00.000,0.0009822140553248,30960909.19435535,178097.51997392098
2018-07-27 00:00:00.000,0.0008747805259148,27574437.853958607,240541.7020710385
2018-07-28 00:00:00.000,0.0009514326200003,29997831.653304648,147160.16965694306
2018-07-29 00:00:00.000,0.0009119088535105,28751682.143036578,56524.24447554068
2018-07-30 00:00:00.000,0.0008313146907773,26210619.249999937,138514.33424930158
2018-07-31 00:00:00.000,0.0008329038889883,26393661.689890496,268773.5023109577
2018-08-01 00:00:00.000,0.0007630005796877,24178514.99520408,154540.61858246362
2018-08-02 00:00:00.000,0.0007246029853412,22961744.214944873,97460.97134177736
2018-08-03 00:00:00.000,0.0007491310244171,23739006.482348673,91624.1490904524
2018-08-04 00:00:00.000,0.0007456941657247,23630096.81485522,83139.60041512783
2018-08-05 00:00:00.000,0.0007612582633171,24123303.21212747,81823.24781130928
2018-08-06 00:00:00.000,0.0007072657549313,22412349.50070644,74011.9165474376
2018-08-07 00:00:00.000,0.000742507688943,23671896.48856759,60371.73391225515
2018-08-08 00:00:00.000,0.0007126671286114,22720549.2286681,87054.64638151405
2018-08-09 00:00:00.000,0.0006219703538991,19829044.27214349,88598.94993181953
2018-08-10 00:00:00.000,0.0006580053759298,20977877.23936601,62317.6648935697
2018-08-11 00:00:00.000,0.0006128833384316,19539341.023626365,54904.48665076272
2018-08-12 00:00:00.000,0.0006759329647839,21549426.913480308,185980.99037433116
2018-08-13 00:00:00.000,0.000626193976785,19963697.643751428,44725.52126492148
2018-08-14 00:00:00.000,0.0005511131749112,17651892.178108413,117109.14514589992
2018-08-15 00:00:00.000,0.0005539856338369,17743895.66768132,145593.94882259698
2018-08-16 00:00:00.000,0.0006127981545216,19651799.24736357,51100.29742904182
2018-08-17 00:00:00.000,0.0006170061228795,19762411.87857003,66195.74326049862
2018-08-18 00:00:00.000,0.0006185185021997,19813447.123855364,47547.700207967566
2018-08-19 00:00:00.000,0.0006354858956482,20399706.36823629,78101.23267218727
2018-08-20 00:00:00.000,0.0006447397700126,20653411.816073373,26863.029387598628
2018-08-21 00:00:00.000,0.0006148646964606,19696881.75561234,40852.99083306501
2018-08-22 00:00:00.000,0.0005852572411139,18748421.792947963,90956.18911703063
2018-08-23 00:00:00.000,0.0006207343050413,19884911.718677767,51022.6060038712
2018-08-24 00:00:00.000,0.0005850168410303,18740720.69700509,66812.84314403553
2018-08-25 00:00:00.000,0.0006088676566207,19504769.59615738,46285.33242311063
2018-08-26 00:00:00.000,0.0006565326285541,21031693.03388403,54713.06330998153
2018-08-27 00:00:00.000,0.0006736292100991,21579373.437484913,215717.54660121672
2018-08-28 00:00:00.000,0.0007630115941905,24442693.222500343,218891.1702782879
2018-08-29 00:00:00.000,0.000787520683192,25227829.5797832,202466.27989698655
2018-08-30 00:00:00.000,0.0007535752044201,24139902.27319033,152832.48967690096
2018-08-31 00:00:00.000,0.0007541910287289,24160130.83777449,55785.86073102552
2018-09-01 00:00:00.000,0.0007213363055686,24154055.701900493,54449.51846695385
2018-09-02 00:00:00.000,0.0007945524167574,25453087.633094545,143162.80045837842
2018-09-03 00:00:00.000,0.0007822778381491,25048145.27404087,132753.90685994367
2018-09-04 00:00:00.000,0.0009357165760308,29975210.580377616,374407.07261521433
2018-09-05 00:00:00.000,0.0009514265723751,30481451.303132165,997322.4260653206
2018-09-06 00:00:00.000,0.0008120611887622,26041349.875673983,297215.125180603
2018-09-07 00:00:00.000,0.0007826484540978,25075584.39638195,196180.4464008488
2018-09-08 00:00:00.000,0.00074100111647,23739660.302608244,79822.81433693467
2018-09-09 00:00:00.000,0.0007356957104093,23584870.176761776,68809.72905686876
2018-09-10 00:00:00.000,0.0007551735883156,24193505.970972955,122650.75477603644
2018-09-11 00:00:00.000,0.00076343899618,24458304.94913289,66488.69325178619
2018-09-12 00:00:00.000,0.0008143835391192,26090415.9271356,145359.6829869008
2018-09-13 00:00:00.000,0.0008298707880113,26597316.83401167,108295.01076250672
2018-09-14 00:00:00.000,0.0008003441403986,25650989.26959349,153555.51114510788
2018-09-15 00:00:00.000,0.0008491767112097,27200016.46506473,111075.27759424316
2018-09-16 00:00:00.000,0.0008268928147145,26503784.95498595,58526.69752703064
2018-09-17 00:00:00.000,0.0007899762219229,25319637.33610793,65743.82461174729
2018-09-18 00:00:00.000,0.0006997688853613,22428389.49419662,134142.8194375948
2018-09-19 00:00:00.000,0.0008143563415957,26100496.71914541,274313.0695801601
2018-09-20 00:00:00.000,0.0008325166190956,26683105.499649145,160854.70912922855
2018-09-21 00:00:00.000,0.0009154319274241,29330567.142585024,120992.3002623388
2018-09-22 00:00:00.000,0.0009439858494703,30255821.24589369,123924.6643196643
2018-09-23 00:00:00.000,0.0010020349280829,32116360.30691542,163022.50104032524
2018-09-24 00:00:00.000,0.0010649797860529,34133818.93032664,167018.70443041727
2018-09-25 00:00:00.000,0.0010714874958994,34346423.495697916,455496.1797345621
2018-09-26 00:00:00.000,0.0010951305455026,37940614.92214848,310530.0248379192
2018-09-27 00:00:00.000,0.0011756221562334,40744769.42038502,453750.2239597944
2018-09-28 00:00:00.000,0.0011713054239285,40595159.903857805,428801.24290529307
2018-09-29 00:00:00.000,0.0011181788625703,38772981.39854505,355532.9905760574
2018-09-30 00:00:00.000,0.0011382451805834,39451464.25629808,273846.695422739
2018-10-01 00:00:00.000,0.0011153345904265,38657385.49006647,341835.9135022031
2018-10-02 00:00:00.000,0.0011248675652003,39974854.81455165,334891.33107745287
2018-10-03 00:00:00.000,0.0010193204885623,35329546.31058858,621024.307276183
2018-10-04 00:00:00.000,0.001109992284212,38472221.69032989,427388.95613052265
2018-10-05 00:00:00.000,0.0011526340482565,34353928.50566659,448538.6484481063
2018-10-06 00:00:00.000,0.0011154797292464,33264470.58902207,250935.9803047734
2018-10-07 00:00:00.000,0.0011482787459704,34246339.51003742,326553.2752891061
2018-10-08 00:00:00.000,0.0011533538007665,34400584.397964165,233704.53938966035
2018-10-09 00:00:00.000,0.001123686681797,33515716.08671637,227816.5298356629
2018-10-10 00:00:00.000,0.0011184173551114,33375359.426402155,236952.81011389903
2018-10-11 00:00:00.000,0.0011114620450439,33517376.21905874,217203.05916855583
2018-10-12 00:00:00.000,0.0009852511241954,29520423.303480174,399896.61386997293
2018-10-13 00:00:00.000,0.0010361781090157,30991462.193416674,292401.29624062346
2018-10-14 00:00:00.000,0.001045492601804,31270053.05399107,180498.4798164871
2018-10-15 00:00:00.000,0.0010294438662554,30757166.059978828,221562.8742527351
2018-10-16 00:00:00.000,0.0009983232882045,29872897.23963459,311758.4641536604
2018-10-17 00:00:00.000,0.0010264354936468,30682124.77083917,212674.6510512803
2018-10-18 00:00:00.000,0.0010196127267373,30483046.487054344,213736.7206011142
2018-10-19 00:00:00.000,0.0009681506908661,28956803.152314976,106330.9564361064
2018-10-20 00:00:00.000,0.0008621851070247,25791667.21709142,225929.29815669308
2018-10-21 00:00:00.000,0.0007999668807447,23925198.39526255,104224.03696319756
2018-10-22 00:00:00.000,0.0008092828324978,24206333.863971904,97293.07531179256
2018-10-23 00:00:00.000,0.0009034374876607,27021270.280982595,285321.2063126131
2018-10-24 00:00:00.000,0.0007837610476411,23441820.151668057,494364.92490308447
2018-10-25 00:00:00.000,0.0008365771813965,25021518.85234669,223459.12903878008
2018-10-26 00:00:00.000,0.0007802086438295,23337521.77135818,88090.31509626996
2018-10-27 00:00:00.000,0.00090523931937,27078632.064556155,1554465.5710679588
2018-10-28 00:00:00.000,0.0009049200710268,27068262.8386652,248626.8034558112
2018-10-29 00:00:00.000,0.0008525618872296,25502180.00659664,151105.40477576823
2018-10-30 00:00:00.000,0.0008181260160545,24472791.776872728,117274.16143599837
2018-10-31 00:00:00.000,0.0009849810319533,29466360.51528405,172740.60137688232
2018-11-01 00:00:00.000,0.0007686548531224,22992949.49629593,112474.80257914476
2018-11-02 00:00:00.000,0.0009762205228022,29201909.13627741,203516.92935932375
2018-11-03 00:00:00.000,0.0009528455249293,28502687.44609464,262349.10248376033
2018-11-04 00:00:00.000,0.0009847678967723,29457588.70067932,203939.5297259051
2018-11-05 00:00:00.000,0.0007594867121522,22717696.989648,294667.03883716906
2018-11-06 00:00:00.000,0.0009815311652737,29360767.60655693,200930.56736561595
2018-11-07 00:00:00.000,0.0007768237307821,23205404.333633736,106482.61743812772
2018-11-08 00:00:00.000,0.0009594155228706,28522403.134631515,216822.94350899488
2018-11-09 00:00:00.000,0.0009825982851984,29382233.267363943,189307.15658632616
2018-11-10 00:00:00.000,0.0007656763590076,24009982.11752768,52762.43319610052
2018-11-11 00:00:00.000,0.0007723227102661,23039469.091299433,46644.38906785153
2018-11-12 00:00:00.000,0.0007404859222331,22171910.882893033,38706.18687395709
2018-11-13 00:00:00.000,0.0007750314445613,23190101.129322782,44537.211282808574
2018-11-14 00:00:00.000,0.0009842496472708,29447499.55714564,192925.35706754096
2018-11-15 00:00:00.000,0.0006895872407908,20559516.249334868,98668.7178638178
2018-11-16 00:00:00.000,0.0006297389023554,18840988.25907516,83855.35568559112
2018-11-17 00:00:00.000,0.0010719034297203,32069972.502872538,130744.95183963672
2018-11-18 00:00:00.000,0.0010716528892514,32060114.338474292,134390.6859776715
2018-11-19 00:00:00.000,0.0010718062130132,32049224.973954175,137167.34224934212
2018-11-20 00:00:00.000,0.0005375972308365,16185406.479344483,81330.64518882637
2018-11-21 00:00:00.000,0.0004868321496678,14578275.780720118,140710.43036403548
2018-11-22 00:00:00.000,0.0010695544858431,32128963.545217223,128920.09540722649
2018-11-23 00:00:00.000,0.0010713350531079,32078473.59331413,126158.54792453173
2018-11-24 00:00:00.000,0.00107055,32192076.120229796,133257.55254253713
2018-11-25 00:00:00.000,0.0003895735744999,10897568.50932728,103845.09427627418
2018-11-26 00:00:00.000,0.0004024493549353,12099512.127337672,89867.26197056897
2018-11-27 00:00:00.000,0.0004170686327151,12544967.82180078,132582.52974424887
2018-11-28 00:00:00.000,0.0004412658850335,13249093.82777247,72343.16157797098
2018-11-29 00:00:00.000,0.0004348932839766,14082686.84825299,97626.93523412215
2018-11-30 00:00:00.000,0.0008013559466721,24092922.04344224,85701.49325966269
2018-12-01 00:00:00.000,0.0010713181971354,32197718.268807106,122257.93741421535
2018-12-02 00:00:00.000,0.0010690724747943,32204633.263439644,136664.6894092187
2018-12-03 00:00:00.000,0.0010710990600334,32201977.267491385,136669.0981981431
2018-12-04 00:00:00.000,0.0010690571280429,32213288.870377243,130990.48610297855
2018-12-05 00:00:00.000,0.0004509104038886,13553560.835609172,85173.72152140453
2018-12-06 00:00:00.000,0.0004853781075483,14537130.646048568,116891.91348856955
2018-12-07 00:00:00.000,0.0003892002572477,11899163.949795522,95352.381063
2018-12-08 00:00:00.000,0.0003832928382155,11506274.637913624,60159.1388596413
2018-12-09 00:00:00.000,0.0002561416290207,7718345.246941648,30088.107056961144
2018-12-10 00:00:00.000,0.0001421976662053,4281086.886628343,16008.355592487787
2018-12-11 00:00:00.000,0.0002650522278303,7969393.185008281,29681.478672859623
2018-12-12 00:00:00.000,0.0002649593976538,7970568.219373571,30138.907476766104
2018-12-13 00:00:00.000,0.0002762592752826,8300430.767566464,31011.854809234756
2018-12-14 00:00:00.000,0.0002806008047665,8428406.10448304,33226.66974527543
2018-12-15 00:00:00.000,0.0001775271437138,5338433.731588613,19557.627403792627
2018-12-16 00:00:00.000,0.0001801796905035,5418508.7078599585,20279.77674933701
2018-12-17 00:00:00.000,0.0001802760663576,5434633.360810534,20351.75698492405
2018-12-18 00:00:00.000,0.0001803784329391,5424175.090686932,20842.410173552544
2018-12-19 00:00:00.000,0.000179813761351,5407200.198084183,20262.7649311052
2018-12-20 00:00:00.000,0.0004447342384331,13379797.711761797,150928.7433386773
2018-12-21 00:00:00.000,0.0004605195905007,13848337.31449622,66947.99201858306
2018-12-22 00:00:00.000,0.0004353609868144,13107269.872297604,37592.55682001307
2018-12-23 00:00:00.000,0.0004715762978743,14192937.698303524,28342.572715003174
2018-12-24 00:00:00.000,0.0004785728336397,14283720.63373254,47514.97698045624
2018-12-25 00:00:00.000,0.0004863014705814,14624287.641724505,85151.35875962838
2018-12-26 00:00:00.000,0.0004528234248264,13548875.520478012,35209.579454597835
2018-12-27 00:00:00.000,0.0004537116462808,13657982.335018037,10304.063491799106
2018-12-28 00:00:00.000,0.0004262435271254,12801579.804719193,38636.57172948251
2018-12-29 00:00:00.000,0.0004899651658569,14720791.604845898,42441.86933608954
2018-12-30 00:00:00.000,0.0004525125171087,13680818.421327803,49579.1908006761
2018-12-31 00:00:00.000,0.0004542422188155,13650046.94670935,14270.13231095555
2019-01-01 00:00:00.000,0.0004149289253576,12473831.44456718,18505.073891094315
2019-01-02 00:00:00.000,0.0004533615157063,13624625.337765653,17689.493617028926
2019-01-03 00:00:00.000,0.0004630641757469,13921976.099894851,24730.26758292329
2019-01-04 00:00:00.000,0.0004184007581936,12581777.087500386,12047.027149424504
2019-01-05 00:00:00.000,0.0004484629925758,13491095.3387487,18172.86628999096
2019-01-06 00:00:00.000,0.0003843029037138,11556416.602783322,85228.46801738691
2019-01-07 00:00:00.000,0.0004402527689635,13235175.025042413,21441.3398670375
2019-01-08 00:00:00.000,0.0004320048011193,12992807.960235149,15766.843759745165
2019-01-09 00:00:00.000,0.0003912427570323,11765105.72622098,38362.67346750287
2019-01-10 00:00:00.000,0.000428572145437,12855173.132676158,23327.674429096183
2019-01-11 00:00:00.000,0.0003632568837552,10923539.32779731,42217.42150465835
2019-01-12 00:00:00.000,0.0003932799005322,11826364.901568905,25391.461193186136
2019-01-13 00:00:00.000,0.000359043152174,11679083.49599445,7094.72872900397
2019-01-14 00:00:00.000,0.0003523449928808,10606005.40949937,6321.024786104236
2019-01-15 00:00:00.000,0.0003651576180903,10989503.496682778,38920.54942802804
2019-01-16 00:00:00.000,0.0003912633575383,11765725.206396203,34365.50670114533
2019-01-17 00:00:00.000,0.0003621507062297,10892456.342695031,7697.328081282782
2019-01-18 00:00:00.000,0.000395257886591,11893468.628033806,19100.243394044606
2019-01-19 00:00:00.000,0.0003849100566553,11586084.545836106,14021.576137681684
2019-01-20 00:00:00.000,0.0003717838860429,11188818.815678263,6964.705470863687
2019-01-21 00:00:00.000,0.0003792343676826,11427478.676238786,12980.89185036489
2019-01-22 00:00:00.000,0.0003519656213971,10584963.884289058,14658.05711265607
2019-01-23 00:00:00.000,0.0003823827148905,11508094.690519994,57185.85735557772
2019-01-24 00:00:00.000,0.0003478985812898,10470268.817792471,26762.671593330113
2019-01-25 00:00:00.000,0.0003503091367825,10542816.2938861,81669.10918493857
2019-01-26 00:00:00.000,0.0003478468962045,10468713.31637305,196482.1893357458
2019-01-27 00:00:00.000,0.000338811986803,10196800.939416772,412764.58107538824
2019-01-28 00:00:00.000,0.0003189575429353,9670445.931401812,169358.83453343017
2019-01-29 00:00:00.000,0.0003344328340828,10065007.05280579,255393.80552583945
2019-01-30 00:00:00.000,0.0003583250386474,10724992.835508598,267027.1120257179
2019-01-31 00:00:00.000,0.000382787255075,11526644.016375436,112285.55480223255
2019-02-01 00:00:00.000,0.0003572943941733,10753042.85580938,238474.1970330113
2019-02-02 00:00:00.000,0.0003561076871977,10721463.097645637,122129.91699707352
2019-02-03 00:00:00.000,0.0003519279128205,10591534.573249135,195788.88381135504
2019-02-04 00:00:00.000,0.000332927284012,10019696.393874897,178357.31097037907
2019-02-05 00:00:00.000,0.0003246598179287,9770880.7993605,197172.40134014224
2019-02-06 00:00:00.000,0.0003345790880806,10069408.676597249,113096.7085937754
2019-02-07 00:00:00.000,0.0003237398924949,9739637.585646832,75146.04721806418
2019-02-08 00:00:00.000,0.0003219545937947,9689465.049429843,147094.85305599848
2019-02-09 00:00:00.000,0.0003471035209352,10446340.879920635,138884.51061392072
2019-02-10 00:00:00.000,0.0003424972141889,10318249.905594433,109631.2592321171
2019-02-11 00:00:00.000,0.0003125345417289,9405961.515035648,93246.88549845268
2019-02-12 00:00:00.000,0.000339227483725,10201651.833839633,96983.94757080458
2019-02-13 00:00:00.000,0.0002859885404622,8609936.022087356,72556.25695361855
2019-02-14 00:00:00.000,0.000294160336475,8852976.022515472,97172.54108389176
2019-02-15 00:00:00.000,0.000288900554073,8696343.775619023,56891.05608059201
2019-02-16 00:00:00.000,0.0002341294221567,7047649.837831628,32153.904055159885
2019-02-17 00:00:00.000,0.00028043889997,8443298.354984295,55292.037154011305
2019-02-18 00:00:00.000,0.0003009685422204,9071766.05356373,90178.31985876952
2019-02-19 00:00:00.000,0.0003768053547169,11342411.2723738,31059.880975410604
2019-02-20 00:00:00.000,0.0002867488829496,8631575.219392378,22627.12688924967
2019-02-21 00:00:00.000,0.0003414278715612,10268384.830880942,17372.698371469025
2019-02-22 00:00:00.000,0.0002856923082505,8599770.722382057,45928.7794605387
2019-02-23 00:00:00.000,0.0002755087261597,8338725.114667661,31478.10661521263
2019-02-24 00:00:00.000,0.0003205629074639,9649428.516893588,35708.73506608006
2019-02-25 00:00:00.000,0.0002745769253269,8449895.754955562,44035.19245548255
2019-02-26 00:00:00.000,0.0002739041473705,8244929.244754058,56201.57573292301
2019-02-27 00:00:00.000,0.0002868507372788,8634641.188803485,51415.419676483754
2019-02-28 00:00:00.000,0.0003030638619034,9291014.914017403,31083.08239402123
2019-03-01 00:00:00.000,0.0003445347206197,10531119.103071876,65160.11401843211
2019-03-02 00:00:00.000,0.0004533503478607,13860184.93526774,182791.93641658215
2019-03-03 00:00:00.000,0.0003994677449391,12209014.927623944,163350.75419767832
2019-03-04 00:00:00.000,0.0003468343376775,10613655.483060803,52554.076810155486
2019-03-05 00:00:00.000,0.0003761363463187,11511093.553248554,29553.20777158264
2019-03-06 00:00:00.000,0.0004296131419885,13147668.355859458,59850.52835645617
2019-03-07 00:00:00.000,0.0004226161724659,12940312.18855256,64718.82303641281
2019-03-08 00:00:00.000,0.0004547441547329,13910271.61558078,109065.9175514182
2019-03-09 00:00:00.000,0.0004702492911025,14402406.550303709,140259.01652090598
2019-03-10 00:00:00.000,0.000484575084002,14829692.599821713,51687.59894897764
2019-03-11 00:00:00.000,0.000475558488928,14518385.674052129,107441.48818581944
2019-03-12 00:00:00.000,0.0004980145961161,15483518.435919715,112209.1742796166
2019-03-13 00:00:00.000,0.0005012757090691,15334542.048057647,131883.52543555517
2019-03-14 00:00:00.000,0.0004871541989354,15053852.71538082,143613.75621586002
2019-03-15 00:00:00.000,0.0004593562799783,14056500.298268706,106772.08995144756
2019-03-16 00:00:00.000,0.0004904363744885,15009067.24262934,123913.18914682504
2019-03-17 00:00:00.000,0.0004899980549128,14995653.131589163,113204.56146111738
2019-03-18 00:00:00.000,0.0004908919906473,15023010.32139996,107716.3443936163
2019-03-19 00:00:00.000,0.0004955526396248,15165634.166103,121819.34943622512
2019-03-20 00:00:00.000,0.0005073596239627,15526964.001479177,127921.66403227251
2019-03-21 00:00:00.000,0.0005133960794003,15663796.409149831,165147.19585872104
2019-03-22 00:00:00.000,0.0005032355822556,15400748.739213752,112553.99161467708
2019-03-23 00:00:00.000,0.0005112650284141,15642144.408239162,126555.31116703218
2019-03-24 00:00:00.000,0.0005149971733656,15745781.30340555,89626.29974792508
2019-03-25 00:00:00.000,0.0005724993081165,17700984.24865161,308001.10514381947
2019-03-26 00:00:00.000,0.0006215478907583,19024347.759534888,281454.53880968195
2019-03-27 00:00:00.000,0.0006210645635934,19006713.564776875,258007.93089237335
2019-03-28 00:00:00.000,0.0006395536302064,19620195.539700627,204901.50068560225
2019-03-29 00:00:00.000,0.0006826136385812,20889848.596442994,187696.36641216185
2019-03-30 00:00:00.000,0.000736784193713,22560530.36135889,422614.7439309885
2019-03-31 00:00:00.000,0.000736941626955,22737006.49863654,163630.60459047978
2019-04-01 00:00:00.000,0.0007409484554344,23541641.008720823,261834.29447523647
2019-04-02 00:00:00.000,0.0007007140450457,22268994.776595555,320472.65168798884
2019-04-03 00:00:00.000,0.0007357118416876,23266104.824050747,379105.4133354672
2019-04-04 00:00:00.000,0.0006860566948825,21676660.842164647,383610.7412569022
2019-04-05 00:00:00.000,0.0006151235496891,19530642.101518538,361167.95754361583
2019-04-06 00:00:00.000,0.000615920127714,19574610.575076975,206329.41003272272
2019-04-07 00:00:00.000,0.0005617358680534,17913516.494540665,180300.9676015902
2019-04-08 00:00:00.000,0.0005938390903842,18846888.322322786,156166.4989579411
2019-04-09 00:00:00.000,0.0005605822271227,17868459.22641375,174973.83900717084
2019-04-10 00:00:00.000,0.0005461190895305,17412297.11347334,208036.86756985087
2019-04-11 00:00:00.000,0.0005602321444276,17863291.078993775,262920.37517740735
2019-04-12 00:00:00.000,0.0005282914397852,16840384.30267549,180144.09006422188
2019-04-13 00:00:00.000,0.0005339314017574,17335593.570409477,242610.24153354613
2019-04-14 00:00:00.000,0.0005445768093948,17361426.94427207,218158.4171159383
2019-04-15 00:00:00.000,0.0006096079580687,19037193.68635645,371977.34186920954
2019-04-16 00:00:00.000,0.0005528719073197,17670272.072954603,195698.81286449308
2019-04-17 00:00:00.000,0.0005744797159833,18799240.13121574,183538.5967799858
2019-04-18 00:00:00.000,0.0005547624803914,17707272.877938617,88621.83958228306
2019-04-19 00:00:00.000,0.0005682923225474,18027701.455064055,148555.14361671192
2019-04-20 00:00:00.000,0.0005643158558116,18038904.9125326,215019.670005867
2019-04-21 00:00:00.000,0.0005760278180153,18439107.2013594,241763.5049846326
2019-04-22 00:00:00.000,0.0005651226536041,18044801.707541015,222692.18821157873
2019-04-23 00:00:00.000,0.0005786382549764,18546901.625326883,195204.9151004256
2019-04-24 00:00:00.000,0.0006503856622895,20718087.905470405,291735.2797641584
2019-04-25 00:00:00.000,0.0005884792655688,18829831.135476284,299145.3678654266
2019-04-26 00:00:00.000,0.0005627905344056,18001754.70165432,290680.66637282894
2019-04-27 00:00:00.000,0.0005577343452794,17855785.080013257,192002.80959163813
2019-04-28 00:00:00.000,0.0005812953144847,18658405.930272803,129338.63791037133
2019-04-29 00:00:00.000,0.0005665068267841,18134732.20953301,226129.988025889
2019-04-30 00:00:00.000,0.0005489522923902,17621663.512080856,275488.4918776121
2019-05-01 00:00:00.000,0.0005606665207447,17947773.651928917,325056.31304190616
2019-05-02 00:00:00.000,0.0005786347191032,18526167.255957108,347871.54391443456
2019-05-03 00:00:00.000,0.0006160843449684,19723730.941768337,299283.6167931959
2019-05-04 00:00:00.000,0.0006224788315743,19926476.51092345,339430.33671192365
2019-05-05 00:00:00.000,0.0006219319729189,19824104.263566453,278579.1492131974
2019-05-06 00:00:00.000,0.0006136505547241,19632252.639262512,263681.8855658726
2019-05-07 00:00:00.000,0.0005923283949438,18988197.81181197,314445.2796355331
2019-05-08 00:00:00.000,0.0006042191150225,19483396.460664336,314617.3641773539
2019-05-09 00:00:00.000,0.0005976461408285,19204912.110915996,228204.7925432692
2019-05-10 00:00:00.000,0.0005650552151411,18088254.340242475,278347.11800829263
2019-05-11 00:00:00.000,0.0005511413396461,17628417.384035543,366217.9038782873
2019-05-12 00:00:00.000,0.0006201656637133,19753337.046809856,417279.67035640305
2019-05-13 00:00:00.000,0.0005946634390494,18994441.11285707,504027.21325569856
2019-05-14 00:00:00.000,0.0005987488935501,19195817.458068136,368465.6698079786
2019-05-15 00:00:00.000,0.0006063043822395,19448085.64267723,462811.934594269
2019-05-16 00:00:00.000,0.0006052136390145,19372055.979746435,552690.6485396449
2019-05-17 00:00:00.000,0.0006126721284412,19527163.71716871,590574.3252844851
2019-05-18 00:00:00.000,0.0005767835939479,18582983.023850784,316560.47223780025
2019-05-19 00:00:00.000,0.0005578137644567,17878377.685452674,389187.119727795
2019-05-20 00:00:00.000,0.0005692398087348,18326712.326139025,173773.840159515
2019-05-21 00:00:00.000,0.0005556836439215,17875120.46412395,194956.10483709376
2019-05-22 00:00:00.000,0.0005615947902787,17983559.156048074,218630.8802111359
2019-05-23 00:00:00.000,0.0005825521403768,18673288.890977647,210870.7450105696
2019-05-24 00:00:00.000,0.0005809155499056,18619196.289511193,250997.89761232628
2019-05-25 00:00:00.000,0.0005760409374547,18472331.63490469,284136.9420031028
2019-05-26 00:00:00.000,0.0005840971917107,18727359.85634538,354726.33286929154
2019-05-27 00:00:00.000,0.0006037586831731,19298158.74137166,295506.960080907
2019-05-28 00:00:00.000,0.0005771491298198,18574294.49156136,263619.26564348245
2019-05-29 00:00:00.000,0.0005843549922456,18758638.82625525,341853.00288339966
2019-05-30 00:00:00.000,0.0006370356255459,20400224.779537905,503326.3176994016
2019-05-31 00:00:00.000,0.0006104051863465,19610149.83533783,456260.7640146342
2019-06-01 00:00:00.000,0.0006181501182493,19878318.042965267,212459.57160993872
2019-06-02 00:00:00.000,0.0006178314447751,19879559.07382636,282351.75763312314
2019-06-03 00:00:00.000,0.0006162051113438,19816420.49668481,357966.6010365097
2019-06-04 00:00:00.000,0.0005837364133809,18767393.6151963,188826.34013675837
2019-06-05 00:00:00.000,0.0005645333415577,18155288.74922693,155046.87381479578
2019-06-06 00:00:00.000,0.0005864464285523,18824193.53932434,305252.8381494378
2019-06-07 00:00:00.000,0.0005767374701074,18630540.20599781,319271.69937019196
2019-06-08 00:00:00.000,0.0005859958323012,18819219.7955484,177266.58375222207
2019-06-09 00:00:00.000,0.0005640919753879,18092964.88559193,247213.8404379924
2019-06-10 00:00:00.000,0.000567907275115,18241825.957955662,242022.91388488657
2019-06-11 00:00:00.000,0.0005716758420736,18344083.793796577,230007.39178830833
2019-06-12 00:00:00.000,0.0005757047363175,18618207.315657187,175721.7840802636
2019-06-13 00:00:00.000,0.0005879150248637,18877203.568024535,191206.11461109857
2019-06-14 00:00:00.000,0.0005770544934157,18501240.024000973,232216.54881800656
2019-06-15 00:00:00.000,0.0005805548783097,18813200.71654692,198673.93932509416
2019-06-16 00:00:00.000,0.0005983799651475,19376210.540835988,217875.6661556262
2019-06-17 00:00:00.000,0.0005894026053814,18935227.539338805,201930.8209543256
2019-06-18 00:00:00.000,0.0005594222083264,19995034.896921128,282725.4841834792
2019-06-19 00:00:00.000,0.0005938623805661,19212286.01082798,444399.1673537662
2019-06-20 00:00:00.000,0.0005843769489092,18947991.02466427,170862.36456608973
2019-06-21 00:00:00.000,0.0006389055174981,20660810.531274285,379924.7507880389
2019-06-22 00:00:00.000,0.0006172044283043,19935433.663473904,317336.79524888814
2019-06-23 00:00:00.000,0.0006287097762778,20312223.145060383,492663.0462994277
2019-06-24 00:00:00.000,0.0006061326357158,19592256.71745887,255124.57521355335
2019-06-25 00:00:00.000,0.0005747474578939,18615072.811956502,219599.63315314348
2019-06-26 00:00:00.000,0.0005991724973732,19356176.867106546,173377.30824461678
2019-06-27 00:00:00.000,0.000636606958652,20356429.686713167,340787.6408176878
2019-06-28 00:00:00.000,0.0005123079687806,16598453.671958303,357014.21544491546
2019-06-29 00:00:00.000,0.000501900116031,16233240.175731791,291712.9825314077
2019-06-30 00:00:00.000,0.0004877579653424,15933308.601970652,349953.3022688788
2019-07-01 00:00:00.000,0.0004698750977081,15289553.58752072,322559.76018665556
2019-07-02 00:00:00.000,0.0004992141233818,16173168.299028404,328267.1151836524
2019-07-03 00:00:00.000,0.0005000376665179,16141919.749497876,280215.5410095458
2019-07-04 00:00:00.000,0.0005084514766692,16423736.44860324,281955.49181835575
2019-07-05 00:00:00.000,0.0004847989538855,15579226.388500812,244906.16636559748
2019-07-06 00:00:00.000,0.0004916026485809,15813780.57585624,289401.03455246496
2019-07-07 00:00:00.000,0.0004749181236754,15273970.270369891,172755.01093230076
2019-07-08 00:00:00.000,0.0004900974972975,15851049.48786713,143919.3682334252
2019-07-09 00:00:00.000,0.0005256051311569,16967837.800204232,158056.94482170322
2019-07-10 00:00:00.000,0.0004964425924635,16203874.27619446,292346.0998582357
2019-07-11 00:00:00.000,0.0005312019302453,17172733.09825625,286011.5989038728
2019-07-12 00:00:00.000,0.0005175031039275,16718542.229614189,244498.53506934975
2019-07-13 00:00:00.000,0.0004932124296825,15961775.01823407,244650.42850016788
2019-07-14 00:00:00.000,0.0004634615452869,14947032.760999352,220023.72801480495
2019-07-15 00:00:00.000,0.0004301894977065,14778809.266179712,246031.1116341781
2019-07-16 00:00:00.000,0.0004683272471511,14620011.336037284,258722.6099643152
2019-07-17 00:00:00.000,0.0004160218000362,13211830.852639385,222257.64423510703
2019-07-18 00:00:00.000,0.0004562581611611,15240190.694840418,257769.03834289417
2019-07-19 00:00:00.000,0.0005686970985855,18488111.032042496,481400.5442189601
2019-07-20 00:00:00.000,0.0005532835611478,17732412.47599338,333337.5032193417
2019-07-21 00:00:00.000,0.0005399557759196,17481621.33537378,215808.6047736149
2019-07-22 00:00:00.000,0.000558522231278,18082237.11487585,265107.9164064456
2019-07-23 00:00:00.000,0.0005614442153773,18148686.520693917,225288.31048021937
2019-07-24 00:00:00.000,0.0005405897466105,18001855.800480805,236287.2923604648
2019-07-25 00:00:00.000,0.0005805935860259,19342719.43879444,289201.8378098187
2019-07-26 00:00:00.000,0.0005562551907154,18563697.24734425,209170.4196754566
2019-07-27 00:00:00.000,0.0006471287499873,21560502.39540733,381340.02697974496
2019-07-28 00:00:00.000,0.0006251326780283,20742263.78512055,303551.9289243804
2019-07-29 00:00:00.000,0.000610433413582,20371658.354034007,233250.33034530116
2019-07-30 00:00:00.000,0.0005962025568723,19788070.819812126,251993.2393475416
2019-07-31 00:00:00.000,0.0006050291532699,20232310.97414528,266637.58449136285
2019-08-01 00:00:00.000,0.0006433694650308,20273692.08131431,302956.87268087955
2019-08-02 00:00:00.000,0.000651112575568,22598140.9254577,310876.92472933786
2019-08-03 00:00:00.000,0.0007527314327837,27277961.777131427,274213.32973718597
2019-08-04 00:00:00.000,0.0007351125746386,24535614.69412229,303795.11453909834
2019-08-05 00:00:00.000,0.0007290250995875,24316369.162154935,323999.1376637189
2019-08-06 00:00:00.000,0.0006846955339691,22830513.98410424,432535.1865949348
2019-08-07 00:00:00.000,0.0006444003814939,21517601.97341192,243134.99448100335
2019-08-08 00:00:00.000,0.0006740066945002,22675306.1898494,148245.26539373724
2019-08-09 00:00:00.000,0.0006447191440666,21650652.800298765,275910.3429704334
2019-08-10 00:00:00.000,0.0006372071129412,21010111.41285193,264642.5172170054
2019-08-11 00:00:00.000,0.0006444859919033,21579584.819258716,195855.46581215132
2019-08-12 00:00:00.000,0.0006835171936304,22796262.919044457,221247.99787474147
2019-08-13 00:00:00.000,0.000667152897462,22251369.78385725,218457.2173627953
2019-08-14 00:00:00.000,0.000652705576891,21318506.040100195,251126.17748773735
2019-08-15 00:00:00.000,0.0006253880200676,20920150.277192913,306263.1831224387
2019-08-16 00:00:00.000,0.0005981187138285,19910325.60229835,209088.2457112112
2019-08-17 00:00:00.000,0.0006657844913568,22230991.268224247,373285.6773324929
2019-08-18 00:00:00.000,0.0006683921055474,22280058.50468265,281991.5085287804
2019-08-19 00:00:00.000,0.0006394238970136,21425400.0826634,281400.5006076175
2019-08-20 00:00:00.000,0.0006631112816567,22224472.39286631,243439.9855770582
2019-08-21 00:00:00.000,0.0007055659563277,23531620.26801736,221584.6799277483
2019-08-22 00:00:00.000,0.000640061881896,21367755.558652237,232871.9661082096
2019-08-23 00:00:00.000,0.000613645064507,20421544.719380643,164193.75771714476
2019-08-24 00:00:00.000,0.0006297466585464,21096965.482008252,153479.6844672596
2019-08-25 00:00:00.000,0.0006225694388837,20824165.181462064,170682.9894599826
2019-08-26 00:00:00.000,0.0006049750966211,20190923.1898663,167630.5841738159
2019-08-27 00:00:00.000,0.0005985417871466,20010564.596427623,159987.57644203556
2019-08-28 00:00:00.000,0.0005557340498967,18534514.76066335,170222.20798475944
2019-08-29 00:00:00.000,0.0005164768757039,17223620.331335116,174136.3675933246
2019-08-30 00:00:00.000,0.0004933229722293,16417835.119647851,142147.21772678988
2019-08-31 00:00:00.000,0.0005219548965008,17468357.954991132,160737.23999279455
2019-09-01 00:00:00.000,0.0005181382027262,17384579.463577595,122084.95432715454
2019-09-02 00:00:00.000,0.0005019579148483,16686357.622190213,119745.06809163648
2019-09-03 00:00:00.000,0.0005219753244517,17400821.376957566,128079.801356075
2019-09-04 00:00:00.000,0.0004812934512117,16067897.232033355,123519.85182762305
2019-09-05 00:00:00.000,0.000440405162619,14704579.756512536,104029.70999008328
2019-09-06 00:00:00.000,0.0004677682727306,15616772.340963934,78271.2575670182
2019-09-07 00:00:00.000,0.0004387826873816,14634021.79065602,120451.82631252184
2019-09-08 00:00:00.000,0.0004277007361309,14267361.250807852,147943.29638847947
2019-09-09 00:00:00.000,0.0004375162991433,14597808.700431792,112304.50882451813
2019-09-10 00:00:00.000,0.0005616032658163,18730261.393636584,285595.48923370446
2019-09-11 00:00:00.000,0.0005313984879374,17720572.598532878,144341.6197763283
2019-09-12 00:00:00.000,0.0005473557463057,18255086.51327376,150438.62880049594
2019-09-13 00:00:00.000,0.0005109390602491,17040538.645683248,133597.68751992306
2019-09-14 00:00:00.000,0.0005828500230917,19438870.730081823,230317.63419414856
2019-09-15 00:00:00.000,0.0006050146435078,20150002.931181416,206386.9034195927
2019-09-16 00:00:00.000,0.0005760898696607,19213410.07390146,127663.764303934
2019-09-17 00:00:00.000,0.0005654977438257,18860147.730750263,161201.81550919678
2019-09-18 00:00:00.000,0.000545100478893,17874378.73397352,178114.68740279583
2019-09-19 00:00:00.000,0.0005382144456499,17932780.051854316,90307.60025375258
2019-09-20 00:00:00.000,0.000524863270726,17504930.713546965,26964.887503272723
2019-09-21 00:00:00.000,0.000530406931363,17717635.34807473,105626.28145005443
2019-09-22 00:00:00.000,0.000515763553347,17268965.304448448,132528.94323078517
2019-09-23 00:00:00.000,0.0004927012463672,16437208.82979562,173958.1723878931
2019-09-24 00:00:00.000,0.0004764833342448,15896156.396289231,136026.68253693663
2019-09-25 00:00:00.000,0.0004251694453412,13880196.669370417,105815.45006779756
2019-09-26 00:00:00.000,0.0004456418611524,14920020.739335371,169145.89188894187
2019-09-27 00:00:00.000,0.0004261385380003,14203899.897685636,165758.32202609035
2019-09-28 00:00:00.000,0.0004278111968171,14272385.2104208,139531.86386019044
2019-09-29 00:00:00.000,0.0004293585597584,14324007.421627289,121439.6801265977
2019-09-30 00:00:00.000,0.0004129608421291,13793177.062607843,135236.89912250487
2019-10-01 00:00:00.000,0.0004627251544901,15451322.231329791,103510.32369143712
2019-10-02 00:00:00.000,0.0004310607739373,14414446.06726751,222335.48621744305
2019-10-03 00:00:00.000,0.0004310607739373,14414446.06726751,222335.48621744305
2019-10-04 00:00:00.000,0.0004206518922492,14060108.372403046,140393.2748591612
2019-10-05 00:00:00.000,0.0004171319655517,13920548.323295144,140456.80033969373
2019-10-06 00:00:00.000,0.0004178829883719,13925778.534755943,193719.4736639528
2019-10-07 00:00:00.000,0.0004095065034506,13652245.50945342,172118.83155813313
2019-10-08 00:00:00.000,0.0004308509233442,14373794.776726384,123473.51068214492
2019-10-09 00:00:00.000,0.0004435303817267,15209139.19068508,112662.81354184177
2019-10-10 00:00:00.000,0.0004622653802788,15884090.769299723,127194.34933171612
2019-10-11 00:00:00.000,0.0004390250697958,15085520.90668892,185193.46720928032
2019-10-12 00:00:00.000,0.0004357066975741,14971496.954594009,189608.64613277925
2019-10-13 00:00:00.000,0.0004336183765059,14886745.244688028,168229.1465965904
2019-10-14 00:00:00.000,0.0004308420887217,14829863.897488434,183876.30925680988
2019-10-15 00:00:00.000,0.000428033470854,14707834.056799311,181229.91761067035
2019-10-16 00:00:00.000,0.0004165639265227,14313724.328894865,157766.77525569397
2019-10-17 00:00:00.000,0.0004001731529116,13799776.51672814,129700.7784705357
2019-10-18 00:00:00.000,0.0004144150701591,14233244.141137196,127881.31501905348
2019-10-19 00:00:00.000,0.0004097171834672,14078460.576064574,138754.89161081435
2019-10-20 00:00:00.000,0.0004063736882406,13963573.3620714,98334.03422081756
2019-10-21 00:00:00.000,0.0004117706509711,14093973.33774277,171157.5483080763
2019-10-22 00:00:00.000,0.000409283617226,14074936.52266135,158282.5549034204
2019-10-23 00:00:00.000,0.0004001846380496,13799557.722735437,142145.22725803874
2019-10-24 00:00:00.000,0.0003799532960658,13059520.923132077,183651.4881210848
2019-10-25 00:00:00.000,0.0003737765171572,12859186.454069017,117682.51676820833
2019-10-26 00:00:00.000,0.0004264509864313,14677354.108066084,192557.00134307184
2019-10-27 00:00:00.000,0.0004193304706827,14408786.69010333,152636.89432720083
2019-10-28 00:00:00.000,0.0004037201256066,13967833.277751395,154087.20994444203
2019-10-29 00:00:00.000,0.0004125929105645,14005284.390276903,172312.42517874623
2019-10-30 00:00:00.000,0.0004128571417853,14186353.974673051,124183.52692485064
2019-10-31 00:00:00.000,0.0004240544315561,14521368.064005278,145923.3968362168
2019-11-01 00:00:00.000,0.0004326419061895,14878528.673989829,167653.3993156163
2019-11-02 00:00:00.000,0.0004010171294211,13745494.085272258,229982.30367306137
2019-11-03 00:00:00.000,0.0003824105120082,13170501.78236238,159516.134026612
2019-11-04 00:00:00.000,0.0003912426400887,13492286.052223146,168070.14296932265
2019-11-05 00:00:00.000,0.0004084489319421,14055322.952312218,182464.993254107
2019-11-06 00:00:00.000,0.0004012631587809,13819800.9258884,110815.05355888412
2019-11-07 00:00:00.000,0.0003956772265591,13627417.275406605,171410.75870679543
2019-11-08 00:00:00.000,0.0003913090725433,13476974.809928188,158178.26544175766
2019-11-09 00:00:00.000,0.0003780522207275,13020398.996802136,129892.6546151818
2019-11-10 00:00:00.000,0.0003930140437657,13549430.327465087,153255.92828997562
2019-11-11 00:00:00.000,0.0003926672375031,13523751.01890256,161155.21019185253
2019-11-12 00:00:00.000,0.0003771549489302,12971231.828113733,177093.92605216312
2019-11-13 00:00:00.000,0.0003671791199637,12638575.423312822,177064.89102889755
2019-11-14 00:00:00.000,0.0003612910358978,12517178.613328949,150362.13717109305
2019-11-15 00:00:00.000,0.0003523135776239,12124133.411468497,198994.07212590784
2019-11-16 00:00:00.000,0.0003376505657619,11552666.867156578,186013.68319245285
2019-11-17 00:00:00.000,0.000346993978657,11885670.690367153,105487.76080509082
2019-11-18 00:00:00.000,0.0003346916214126,11528304.315248352,133646.97574332863
2019-11-19 00:00:00.000,0.0003256507271773,11252853.262216184,132670.48184427954
2019-11-20 00:00:00.000,0.0003121956573049,10752053.475421514,159910.0131761175
2019-11-21 00:00:00.000,0.0002989576187435,10247882.021610992,112522.07158717715
2019-11-22 00:00:00.000,0.0002966922740322,10218302.063492602,95412.834083138
2019-11-23 00:00:00.000,0.0003203206674726,10947539.571225228,298670.8412105527
2019-11-24 00:00:00.000,0.0003250796790397,11090896.7905882,185670.5729089164
2019-11-25 00:00:00.000,0.000304036670821,10542047.299865749,141219.01324385972
2019-11-26 00:00:00.000,0.0002976275487519,10313797.884723194,92258.1395796325
2019-11-27 00:00:00.000,0.0003129412448365,10665904.831550715,126238.09967903816
2019-11-28 00:00:00.000,0.0003438588777385,11842754.892783193,123906.17401535486
2019-11-29 00:00:00.000,0.0003203098523971,10980390.589552907,108084.3899735436
2019-11-30 00:00:00.000,0.0003240526802201,11155458.955474328,78080.99376224507
2019-12-01 00:00:00.000,0.000309527684845,10642023.153701218,78505.67259735252
2019-12-02 00:00:00.000,0.0003024816993978,10422029.887663342,161280.7397130483
2019-12-03 00:00:00.000,0.0002999963980671,10335246.03881062,116218.0932157217
2019-12-04 00:00:00.000,0.0002861707073764,9855339.718048057,88446.73328078647
2019-12-05 00:00:00.000,0.0002752108011941,9555074.119071145,103598.05097781094
2019-12-06 00:00:00.000,0.0002844137326042,9865202.948209012,112073.35753318892
2019-12-07 00:00:00.000,0.0002787237056091,9702433.311259858,109431.46874243414
2019-12-08 00:00:00.000,0.0002776486585091,9635608.488867637,69303.22114557386
2019-12-09 00:00:00.000,0.0002797911267084,9676656.663306491,64571.52938512237
2019-12-10 00:00:00.000,0.0002846810577802,9828710.582643809,112601.79318062768
2019-12-11 00:00:00.000,0.0002922996229535,10117425.133113485,66230.05171603701
2019-12-12 00:00:00.000,0.0002998591094146,10377156.286388174,83251.47640600594
2019-12-13 00:00:00.000,0.0003219791927442,11066218.16433923,60791.031809845335
2019-12-14 00:00:00.000,0.0003263095958172,11238339.292825598,85503.78200303271
2019-12-15 00:00:00.000,0.0003324666216662,11498753.54416495,103375.8304777406
2019-12-16 00:00:00.000,0.0003667405355144,12759597.914321853,119495.17591439652
2019-12-17 00:00:00.000,0.0003576240125483,12355318.257887907,126935.28834875584
2019-12-18 00:00:00.000,0.0002994508713098,10326793.22781929,53414.1258131818
2019-12-19 00:00:00.000,0.0003915538962394,13529733.195518062,126085.90221133929
2019-12-20 00:00:00.000,0.0003599929354231,12443194.477016283,56594.38169201603
2019-12-21 00:00:00.000,0.0003507722715716,12063552.347198866,173618.9695852784
2019-12-22 00:00:00.000,0.0003497166266166,12138034.756732795,79032.24019999315
2019-12-23 00:00:00.000,0.0003698552027262,12856979.304589828,72321.38545984877
2019-12-24 00:00:00.000,0.0003439220270557,11942931.441533295,123496.88824766043
2019-12-25 00:00:00.000,0.0003425785738045,11813788.759562606,89685.03421930816
2019-12-26 00:00:00.000,0.0003284976419077,11374484.37563759,110556.82087994472
2019-12-27 00:00:00.000,0.0003269458974722,11306695.704345256,64495.89245550842
2019-12-28 00:00:00.000,0.0003300876267426,11369406.91668441,145854.980477314
2019-12-29 00:00:00.000,0.0003562468850519,12286950.16730045,179348.484247771
2019-12-30 00:00:00.000,0.0003442885928286,12023102.165584233,134086.98440454024
2019-12-31 00:00:00.000,0.0003876909851551,13739270.668854792,169306.020278365
2020-01-01 00:00:00.000,0.0003517355515907,12384449.249662071,108068.86344680029
2020-01-02 00:00:00.000,0.0003792539757447,13471708.344680632,145581.44482089515
2020-01-03 00:00:00.000,0.0003514310196712,12406857.381998306,192576.0787657273
2020-01-04 00:00:00.000,0.0003565552369078,12618346.787592871,138219.22352322366
2020-01-05 00:00:00.000,0.0003513443880637,12401741.554339211,76646.59571418336
2020-01-06 00:00:00.000,0.000359330334104,12662803.009426037,79785.10912836429
2020-01-07 00:00:00.000,0.0003545777780182,12491763.673270373,202976.52930609605
2020-01-08 00:00:00.000,0.0003326001425996,11747080.017013695,246378.8832081749
2020-01-09 00:00:00.000,0.0003410574162151,13090675.043844702,191048.6995992866
2020-01-10 00:00:00.000,0.0003176611617863,12134650.127819335,103400.12987507269
2020-01-11 00:00:00.000,0.0003273001728238,12481224.718073614,75285.52611310405
2020-01-12 00:00:00.000,0.0003029688529272,11612160.893587315,124538.98922769872
2020-01-13 00:00:00.000,0.0003174625959412,12122007.8853419,226299.97125987767
2020-01-14 00:00:00.000,0.0002652283118909,11549553.73140419,211448.8400874058
2020-01-15 00:00:00.000,0.0002740140180625,11673072.29480587,308664.7288136943
2020-01-16 00:00:00.000,0.0002095397409111,8815721.998349898,259107.89797266535
2020-01-17 00:00:00.000,0.0002046953304164,8672186.951057946,331547.160008912
2020-01-18 00:00:00.000,0.0002433778956231,10333256.426005516,177213.3633186012
2020-01-19 00:00:00.000,0.0002581144369015,11025889.31181066,48335.0750251585
2020-01-20 00:00:00.000,0.0002383591308775,10185124.969902886,55976.11062189238
2020-01-21 00:00:00.000,0.0002307821956491,9800213.69324604,54375.647241201696
2020-01-22 00:00:00.000,0.0002262741163816,9588514.698003408,45377.50806377194
2020-01-23 00:00:00.000,0.0001965809110893,8255523.479179234,177755.6307616586
2020-01-24 00:00:00.000,0.0001989423724177,8415745.687820943,74296.32365781118
2020-01-25 00:00:00.000,0.0001939075806681,8193902.908421315,99113.39230179622
2020-01-26 00:00:00.000,0.0001919017746757,8146853.255632329,39645.513848881215
2020-01-27 00:00:00.000,0.0002008897929003,8508303.856445894,38579.42265054908
2020-01-28 00:00:00.000,0.0002088093654873,8678375.11688596,72912.61584113541
2020-01-29 00:00:00.000,0.0002166943996887,9181278.95382232,38977.180113127135
2020-01-30 00:00:00.000,0.0002150227557852,9156715.322828343,43626.89937338463
2020-01-31 00:00:00.000,0.0002215136959899,9372227.689317482,60732.45361697211
2020-02-01 00:00:00.000,0.0002201352917688,9368949.78278977,35979.091623208435
2020-02-02 00:00:00.000,0.0002237015786089,9478385.928705392,20468.4957696872
2020-02-03 00:00:00.000,0.0002210333492244,9378663.45315245,41286.61544195782
2020-02-04 00:00:00.000,0.0002395552068576,10078509.625232363,53835.98027091704
2020-02-05 00:00:00.000,0.000247054590783,10427499.934573935,99716.12068774502
2020-02-06 00:00:00.000,0.0002451637054237,10655068.584944537,108597.31737777009
2020-02-07 00:00:00.000,0.0002508720716595,10644408.171756782,97785.28494705747
2020-02-08 00:00:00.000,0.0002586726651463,10962941.228902252,108808.66211995056
2020-02-09 00:00:00.000,0.0002626996485285,11106493.095257193,44555.58740884816
2020-02-10 00:00:00.000,0.0002682494166536,11374060.70544842,50526.70713537228
2020-02-11 00:00:00.000,0.0002615077953548,11099178.629235204,47271.040864955125
2020-02-12 00:00:00.000,0.000265787538525,11238939.550895171,89430.32920521966
2020-02-13 00:00:00.000,0.0002782642951335,11775688.860298429,110697.13447110042
2020-02-14 00:00:00.000,0.000272008482165,11437972.157221785,39182.071196757905
2020-02-15 00:00:00.000,0.0002856581274442,12080080.968722682,50188.67586733604
2020-02-16 00:00:00.000,0.0002656216982424,11262831.245883904,31486.444956408806
2020-02-17 00:00:00.000,0.0002687765083112,11292204.5979743,47152.93688190497
2020-02-18 00:00:00.000,0.0002398395816631,10137038.292273743,51471.80867082414
2020-02-19 00:00:00.000,0.0002529888921318,10754406.066738743,36503.93723375845
2020-02-20 00:00:00.000,0.0002216086501306,9437562.657175414,36102.57298135977
2020-02-21 00:00:00.000,0.0002268550018946,9609175.215708716,27861.41255903119
2020-02-22 00:00:00.000,0.0002374332846267,9799896.61622237,51138.526123129785
2020-02-23 00:00:00.000,0.0002426473511611,10259777.97460893,64647.3941212314
2020-02-24 00:00:00.000,0.0002453236614924,10409125.526948614,67156.81979516818
2020-02-25 00:00:00.000,0.0002349210839993,10177974.117470987,65963.44118473654
2020-02-26 00:00:00.000,0.0002360796219815,9472043.285499033,89856.81871968707
2020-02-27 00:00:00.000,0.0002011427449585,8507660.80840162,97122.79734736864
2020-02-28 00:00:00.000,0.0001971041026983,8427343.707771707,115606.7540708848
2020-02-29 00:00:00.000,0.0001878187239913,7953005.685797619,133561.0357143248
2020-03-01 00:00:00.000,0.0001682169512803,7094144.802132927,142990.0072841009
2020-03-02 00:00:00.000,0.0001541314184299,6554043.883960337,121247.64554407152
2020-03-03 00:00:00.000,0.000149320493916,6322490.989064107,108461.35987617532
2020-03-04 00:00:00.000,0.0001300024658317,5555394.758234815,150479.65840162363
2020-03-05 00:00:00.000,0.0001462281971891,6217466.043191292,114433.85792258568
2020-03-06 00:00:00.000,0.0001405697814107,5946508.53324132,94750.98298622172
2020-03-07 00:00:00.000,0.0001481737937385,6330643.059498972,94098.97615940402
2020-03-08 00:00:00.000,0.0001473583312877,6225000.737371722,64529.747777704106
2020-03-09 00:00:00.000,0.0001275832632226,5486072.371125872,61274.00551680646
2020-03-10 00:00:00.000,0.0001231715883511,5256688.208519018,60959.49967269245
2020-03-11 00:00:00.000,0.0001226459241244,5223059.788526979,46775.38460342859
2020-03-12 00:00:00.000,0.0001207160697231,5091820.368791181,58675.84461968259
2020-03-13 00:00:00.000,8.019430525667031e-05,3361948.8353637336,64414.80387615503
2020-03-14 00:00:00.000,9.42406311338215e-05,3949213.8374960646,133611.43639481824
2020-03-15 00:00:00.000,8.5536562512485e-05,3597616.9313781727,63543.40045295264
2020-03-16 00:00:00.000,8.715885655915413e-05,3698737.880233147,57852.49172403432
2020-03-17 00:00:00.000,7.788331002086949e-05,3301850.093786885,63566.86693576746
2020-03-18 00:00:00.000,8.416220543610905e-05,3610641.308757789,69807.6862596017
2020-03-19 00:00:00.000,8.430529055721209e-05,3589802.739077557,45150.5045090508
2020-03-20 00:00:00.000,9.633887278147728e-05,4079304.024835281,30716.5521981337
2020-03-21 00:00:00.000,9.571407602904116e-05,4073996.75195531,34583.56316609662
2020-03-22 00:00:00.000,9.426186263613136e-05,3991300.141700301,16038.142796281569
2020-03-23 00:00:00.000,8.889242312177734e-05,3827531.2474441626,7355.856988716357
2020-03-24 00:00:00.000,9.731887513008472e-05,4134293.86795206,9112.380132791994
2020-03-25 00:00:00.000,0.0001015227795912,4302580.050220945,9971.62061815681
2020-03-26 00:00:00.000,0.0001019143712899,4315988.823338391,19028.521385769083
2020-03-27 00:00:00.000,0.000112964358711,4791289.409497172,64904.76884721315
2020-03-28 00:00:00.000,0.0001008316309306,4283623.409384169,23729.155104167006
2020-03-29 00:00:00.000,9.859940969649951e-05,4167266.7824656614,20091.82264512813
2020-03-30 00:00:00.000,9.687534207670372e-05,4106122.05721189,6446.522221756743
2020-03-31 00:00:00.000,0.0001088404850303,4626199.7435020525,34774.18134368492
2020-04-01 00:00:00.000,0.000107923624125,4578673.023547755,15579.608858161952
2020-04-02 00:00:00.000,0.0001127941207849,4782578.577705514,6463.567833605468
2020-04-03 00:00:00.000,0.0001117933514362,4729973.564991619,33294.05731289405
2020-04-04 00:00:00.000,0.0001143936134798,4850557.563575145,16987.538886323015
2020-04-05 00:00:00.000,0.000115112594841,4869208.212720801,7726.716801182825
2020-04-06 00:00:00.000,0.0001079432855548,4572716.379063316,12527.205529337769
2020-04-07 00:00:00.000,0.0001172134589973,4961935.3567305645,28928.94985861115
2020-04-08 00:00:00.000,0.0001141765011064,4832534.2884358205,21656.93955104701
2020-04-09 00:00:00.000,0.0001128932413429,4790206.840705588,33116.57511870337
2020-04-10 00:00:00.000,0.0001146430986561,4860269.645964783,19129.42550885374
2020-04-11 00:00:00.000,0.0001104440178799,4680835.695582446,22767.12368857526
2020-04-12 00:00:00.000,0.0001080024465226,4579345.732189186,11970.790709191126
2020-04-13 00:00:00.000,0.0001119803934737,4797074.884843229,9567.476638789864
2020-04-14 00:00:00.000,0.0001168754317601,4960439.304288728,78447.1680574734
2020-04-15 00:00:00.000,0.0001330943762699,5661264.735818735,108667.2325565444
2020-04-16 00:00:00.000,0.0001133935589956,4858072.096711165,63941.994956900446
2020-04-17 00:00:00.000,0.0001289926824056,5479703.326837844,105866.49066802968
2020-04-18 00:00:00.000,0.0001216595197742,5187894.916112413,59614.30451867619
2020-04-19 00:00:00.000,0.000125350442778,5299167.0126433745,29805.980711704353
2020-04-20 00:00:00.000,0.000123785329059,5249907.669255209,38711.53889332025
2020-04-21 00:00:00.000,0.0001416660572134,5974568.441189838,104425.04668294729
2020-04-22 00:00:00.000,0.0001502706956638,6377290.221753367,311585.10184867575
2020-04-23 00:00:00.000,0.0001675183793728,7084455.892145638,149137.9141009761
2020-04-24 00:00:00.000,0.0001849560855949,7885364.145872827,237849.34602542667
2020-04-25 00:00:00.000,0.0002150821291345,9231425.385506976,133564.94005992322
2020-04-26 00:00:00.000,0.0002576470713278,10946418.035370074,357958.0245834504
2020-04-27 00:00:00.000,0.0002706759120135,11163814.48167575,201407.8779268977
2020-04-28 00:00:00.000,0.0002948487511704,12439628.295667293,231864.8171728912
2020-04-29 00:00:00.000,0.0003142735363895,13260917.978886692,291389.94916023355
2020-04-30 00:00:00.000,0.0003248728277037,13685568.595504155,414154.84957159514
2020-05-01 00:00:00.000,0.0003484047321903,14807769.660574416,300115.3779546265
2020-05-02 00:00:00.000,0.0003336666663225,14038493.709589016,382919.77866526967
2020-05-03 00:00:00.000,0.0003049613071584,13066714.43500801,157763.82282506293
2020-05-04 00:00:00.000,0.0002844433386571,12181732.868515702,156216.55211025343
2020-05-05 00:00:00.000,0.0003041852728215,13237518.789978988,240711.1456816464
2020-05-06 00:00:00.000,0.000304632240866,12851535.752306532,78924.80799678207
2020-05-07 00:00:00.000,0.0002832178555811,12318853.227586374,106182.72140544798
2020-05-08 00:00:00.000,0.0003284417577028,14099063.395785095,159388.99182647796
2020-05-09 00:00:00.000,0.0003324697213045,14087573.857505905,100939.02054002124
2020-05-10 00:00:00.000,0.0003588676864409,15221909.454818496,144172.17156204904
2020-05-11 00:00:00.000,0.0003169303235057,13427361.511620462,140786.23108116596
2020-05-12 00:00:00.000,0.000295302481271,12554102.230132831,152130.94422312584
2020-05-13 00:00:00.000,0.000312997982424,14164851.05475222,109165.14822256938
2020-05-14 00:00:00.000,0.0003307689045607,14969081.367105195,104325.97124857144
2020-05-15 00:00:00.000,0.0003348306471848,15067120.412987867,53633.10300725824
2020-05-16 00:00:00.000,0.0003328643184897,14966181.598194594,73153.46748224979
2020-05-17 00:00:00.000,0.0003401410792934,15458029.63827451,73889.5717686067
2020-05-18 00:00:00.000,0.0003541777674736,15951462.052619375,67665.433227632
2020-05-19 00:00:00.000,0.0003801690484,17204704.977674335,136281.00088313097
2020-05-20 00:00:00.000,0.0003647277601715,16518558.330683604,62369.81153205956
2020-05-21 00:00:00.000,0.0003540211105008,16021369.408344015,114987.61418721409
2020-05-22 00:00:00.000,0.0003592475854113,16280562.792769209,109990.59707667888
2020-05-23 00:00:00.000,0.0003620076225901,16437397.350917118,102323.5219052324
2020-05-24 00:00:00.000,0.0003650287218167,16528610.850704951,79094.30583084791
2020-05-25 00:00:00.000,0.0003399661470402,15385306.317910962,67254.55060961357
2020-05-26 00:00:00.000,0.0003358833878568,15198214.4851348,107101.29104765505
2020-05-27 00:00:00.000,0.0003415339474302,15442242.123648604,82976.50073154812
2020-05-28 00:00:00.000,0.0003439514779714,15563347.69508419,44880.275610399
2020-05-29 00:00:00.000,0.0003461269056727,15619683.971324228,85424.55517992383
2020-05-30 00:00:00.000,0.0003411953264097,15450764.578259906,96571.768383006
2020-05-31 00:00:00.000,0.000335254589979,15299196.603403049,80941.20050105246
2020-06-01 00:00:00.000,0.0003078625431109,13885361.738282192,164767.2162481743
2020-06-02 00:00:00.000,0.0003134376406962,14086711.4551932,117420.21242909902
2020-06-03 00:00:00.000,0.0002877498031359,13037809.803256163,87374.5172662877
2020-06-04 00:00:00.000,0.0003049737478697,13795909.165023915,35659.465128243944
2020-06-05 00:00:00.000,0.0002980364505754,13467306.600577831,48184.65980213228
2020-06-06 00:00:00.000,0.0003107924279072,14129435.135664577,109842.60168579314
2020-06-07 00:00:00.000,0.0003016542362088,13651485.203966638,38696.43044977414
2020-06-08 00:00:00.000,0.0003029610478142,13963467.368479948,33204.78779820432
2020-06-09 00:00:00.000,0.0002981622589508,13502763.661069505,43495.11370705213
2020-06-10 00:00:00.000,0.0003199250833764,14452985.88133505,110417.38257793494
2020-06-11 00:00:00.000,0.0003156023581064,14145048.95147838,363866.34699130955
2020-06-12 00:00:00.000,0.000302910464651,13612091.7498662,127727.52734415924
2020-06-13 00:00:00.000,0.0002916141251584,13194386.843168257,89337.83818773471
2020-06-14 00:00:00.000,0.0002865281406718,12956073.36162668,118994.91451385642
2020-06-15 00:00:00.000,0.0002860197519685,12949722.24388182,26171.27536807425
2020-06-16 00:00:00.000,0.0002856780354943,12859808.080600796,75102.45765935926
2020-06-17 00:00:00.000,0.0002719634154587,12209479.687757025,73006.101180211
2020-06-18 00:00:00.000,0.0002808429832785,12706441.967057597,67556.09046732789
2020-06-19 00:00:00.000,0.0002872107032782,12924972.212726828,51210.55318908026
2020-06-20 00:00:00.000,0.0002651101527516,12032176.273265695,54559.35137050604
2020-06-21 00:00:00.000,0.0002552340228896,11579689.914287584,38779.86590966855
2020-06-22 00:00:00.000,0.0002784038477826,12601576.280578556,51947.36178544996
2020-06-23 00:00:00.000,0.0002709697798047,12262164.96325744,54359.48568515828
2020-06-24 00:00:00.000,0.0002531611027624,11446586.52342938,94949.6391166844
2020-06-25 00:00:00.000,0.000214977573983,9816347.324557647,220999.69886249953
2020-06-26 00:00:00.000,0.0002305367470891,10457848.756238995,100567.23166092596
2020-06-27 00:00:00.000,0.0002360478229029,10693060.959203718,92098.01880872392
2020-06-28 00:00:00.000,0.0002242937183556,10135676.6564613,39461.99161534084
2020-06-29 00:00:00.000,0.0002147656194069,9716306.32777488,41579.95716213453
2020-06-30 00:00:00.000,0.0002256431948197,10211574.5967015,43751.82759857328
2020-07-01 00:00:00.000,0.0002051684338924,9284980.959670989,56040.37720720943
2020-07-02 00:00:00.000,0.0001909613189034,8724890.87968575,207097.0803492205
2020-07-03 00:00:00.000,0.0001848448510385,8395040.857304404,106280.61956879526
2020-07-04 00:00:00.000,0.000189902285904,8595254.020717463,58633.74326518485
2020-07-05 00:00:00.000,0.0001829022222882,8271988.5912021855,26858.332681073465
2020-07-06 00:00:00.000,0.0001937016726632,8766048.014373016,39455.58148392923
2020-07-07 00:00:00.000,0.0001918953703781,8684303.069466684,101776.81107381127
2020-07-08 00:00:00.000,0.000178199968733,8064512.095304721,88553.24134198063
2020-07-09 00:00:00.000,0.0001904832651581,8568952.798401004,137964.39453696663
2020-07-10 00:00:00.000,0.0002083576670249,9426610.984866252,131341.31594157807
2020-07-11 00:00:00.000,0.000222713441611,10077310.281901203,112808.4834131438
2020-07-12 00:00:00.000,0.0002492739455231,11127230.40958622,184830.33102494708
2020-07-13 00:00:00.000,0.0002419230707897,10907746.286293648,48694.07606459457
2020-07-14 00:00:00.000,0.0002747214465224,12356632.968612848,190747.38627978385
2020-07-15 00:00:00.000,0.0002367769290588,10715436.27005183,215577.55899681675
2020-07-16 00:00:00.000,0.0002232387988432,10102762.678425929,60161.73416527709
2020-07-17 00:00:00.000,0.0002160815491792,9780680.819305437,49675.2008326501
2020-07-18 00:00:00.000,0.0002206066425524,9982539.734562209,39841.95432487319
2020-07-19 00:00:00.000,0.0002082220840587,9536718.5083063,74463.59868104226
2020-07-20 00:00:00.000,0.000235876909933,10460707.482896494,127941.70465739994
2020-07-21 00:00:00.000,0.0002246449459648,10166398.438579986,120568.99206490396
2020-07-22 00:00:00.000,0.0002169023614198,9806716.516574202,75517.46071108425
2020-07-23 00:00:00.000,0.0002132560500047,9636670.497582586,74455.54021312419
2020-07-24 00:00:00.000,0.0002241071028425,10362762.120464137,70534.9969840677
2020-07-25 00:00:00.000,0.0002118085862811,9799638.952557271,91557.3628419458
2020-07-26 00:00:00.000,0.0002152033540723,9947771.03385386,74415.2829536179
2020-07-27 00:00:00.000,0.0002048515944711,9428217.214017523,113046.5656024728
2020-07-28 00:00:00.000,0.0001827405432142,8447130.08487057,93698.78479573486
2020-07-29 00:00:00.000,0.0002058760115169,9522878.68450314,100092.41796356865
2020-07-30 00:00:00.000,0.0002047208880786,9477667.570567315,130541.5824200849
2020-07-31 00:00:00.000,0.0001938017320916,8978662.334901588,99623.47982392284
2020-08-01 00:00:00.000,0.0002043695415726,9460742.725985091,106858.18517359906
2020-08-02 00:00:00.000,0.0001971165770696,9077197.130698014,98121.32630498808
2020-08-03 00:00:00.000,0.0001723885730576,7954321.035603896,210812.89199304284
2020-08-04 00:00:00.000,0.0001748662882266,8088511.315725208,82376.29260620245
2020-08-05 00:00:00.000,0.0001993168331711,9252944.66726962,159484.87712470657
2020-08-06 00:00:00.000,0.0001889165615809,8738412.426844472,59231.57782845633
2020-08-07 00:00:00.000,0.0001887439584469,8963252.98104962,110016.78615220316
2020-08-08 00:00:00.000,0.0002404143553152,11429536.106622798,384287.7374811526
2020-08-09 00:00:00.000,0.0002188489754577,10337052.81434134,205935.64997812943
2020-08-10 00:00:00.000,0.0002740406965989,12957473.77049665,329673.914466164
2020-08-11 00:00:00.000,0.0003451007168526,15971426.58840477,973255.8552943034
2020-08-12 00:00:00.000,0.0003770204012845,17943966.73627113,839086.3676106918
2020-08-13 00:00:00.000,0.0003661468965264,17255667.606431518,483545.8628199069
2020-08-14 00:00:00.000,0.0003872203327784,18491971.218213946,532710.5603339439
2020-08-15 00:00:00.000,0.0003689413073815,17434471.604032807,273315.1129670983
2020-08-16 00:00:00.000,0.0003444131715119,16295017.809107404,429066.8861879538
2020-08-17 00:00:00.000,0.000339608508593,16069425.943800502,259775.2547310072
2020-08-18 00:00:00.000,0.0003407076592797,16094201.743761385,273173.5977835183
2020-08-19 00:00:00.000,0.0003053079166884,14283187.606550474,225646.6946252444
2020-08-20 00:00:00.000,0.0002804944065568,13484315.24192634,194982.6585610436
2020-08-21 00:00:00.000,0.0003413210934698,16676573.040010246,322738.03552772914
2020-08-22 00:00:00.000,0.000308649011691,14967997.1189806,200176.19019969943
2020-08-23 00:00:00.000,0.0003306356880698,15943607.00897082,162639.2798810958
2020-08-24 00:00:00.000,0.0004059189739127,19819438.07719265,668929.9882119378
2020-08-25 00:00:00.000,0.0004125641020992,19892731.01487054,322232.23921900237
2020-08-26 00:00:00.000,0.0003866139760503,18682328.597933337,211780.35815671095
2020-08-27 00:00:00.000,0.0003869109579301,18860953.89681179,162377.71464082206
2020-08-28 00:00:00.000,0.0004217317692213,20332547.454379823,357445.53036274354
2020-08-29 00:00:00.000,0.0004560465975652,20868010.160863563,365843.96977691766
2020-08-30 00:00:00.000,0.000417413740351,20280912.11321054,224898.08764736803
2020-08-31 00:00:00.000,0.0004704430518034,22535680.033029165,193737.60607065712
2020-09-01 00:00:00.000,0.000444473436309,21466668.938378982,694434.5227502938
2020-09-02 00:00:00.000,0.0003390665478422,16440326.3092996,941336.546377744
2020-09-03 00:00:00.000,0.0003227613128452,15571791.41341178,572887.8073675587
2020-09-04 00:00:00.000,0.0002695655372056,12937061.386145169,158535.33446038884
2020-09-05 00:00:00.000,0.0002694335674112,13001626.429041265,179579.51527061616
2020-09-06 00:00:00.000,0.000228397156948,11033606.175321298,104007.0025563316
2020-09-07 00:00:00.000,0.0002443035208181,11730340.821590152,40091.315695154335
2020-09-08 00:00:00.000,0.0002270288371118,11082743.701896075,126813.09679424152
2020-09-09 00:00:00.000,0.0002153256137234,10350446.34045474,84666.7426000622
2020-09-10 00:00:00.000,0.0002464114083278,11807095.44040642,96208.5694810622
2020-09-11 00:00:00.000,0.0002545655477743,12272281.249680562,55291.05656603082
2020-09-12 00:00:00.000,0.0002370998676865,11658607.115629155,78272.76564528588
2020-09-13 00:00:00.000,0.0002156046364176,10661192.61805237,147469.30257113007
2020-09-14 00:00:00.000,0.0002243659370974,11002794.72453698,79967.22105921805
2020-09-15 00:00:00.000,0.0002234710153313,10936519.482824802,39669.86228953936
2020-09-16 00:00:00.000,0.0002094025599998,10396947.645630095,85626.56851256399
2020-09-17 00:00:00.000,0.0002098700198984,10338652.990901286,28973.047145012977
2020-09-18 00:00:00.000,0.0002018028905151,9943456.895942356,124194.6826367994
2020-09-19 00:00:00.000,0.0002050938989391,10034845.365012348,78279.68066028714
2020-09-20 00:00:00.000,0.0002424887142194,11943808.664782591,209444.4217133328
2020-09-21 00:00:00.000,0.0002411115392694,11858591.09440651,47603.79626327519
2020-09-22 00:00:00.000,0.0002046683725197,10126992.098035255,67937.51615253114
2020-09-23 00:00:00.000,0.0002222862570054,10998777.743055642,79185.6185598352
2020-09-24 00:00:00.000,0.0001984646366374,9883174.09182501,82657.10319234694
2020-09-25 00:00:00.000,0.0002016528004911,9956061.807695942,58318.40294700447
2020-09-26 00:00:00.000,0.0002043591702608,10066081.78760668,49801.988033582194
2020-09-27 00:00:00.000,0.0001988530215144,9792044.266538182,22674.299549522228
2020-09-28 00:00:00.000,0.0001943829630273,9590330.951307384,19595.913810584738
2020-09-29 00:00:00.000,0.0002133060900712,10435180.80028135,46624.03884806987
2020-09-30 00:00:00.000,0.0002121068595431,10474701.50010107,38641.592065349374
2020-10-01 00:00:00.000,0.0002155164042906,10622796.860592866,44187.298169001944
2020-10-02 00:00:00.000,0.0002274962944807,11178972.32386055,61856.175719063816
2020-10-03 00:00:00.000,0.0002036587643397,10008275.672147084,37052.673252758315
2020-10-04 00:00:00.000,0.0001973170142835,9705221.960504249,31953.3900113163
2020-10-05 00:00:00.000,0.0001975615602679,9699778.19410213,10585.033744892176
2020-10-06 00:00:00.000,0.0001934147891493,9505871.557247931,28131.479842582776
2020-10-07 00:00:00.000,0.0001830499364245,8978619.549038416,58367.866808835824
2020-10-08 00:00:00.000,0.0001973502046311,9723020.301202526,60090.610480511656
2020-10-09 00:00:00.000,0.0002000503003407,9811650.223222714,68793.66550336912
2020-10-10 00:00:00.000,0.0001978183431527,9752903.41751996,44858.03891096169
2020-10-11 00:00:00.000,0.0001964260705412,9684160.576627571,38560.32285763427
2020-10-12 00:00:00.000,0.000200515076664,9875311.07975674,15765.419647256278
2020-10-13 00:00:00.000,0.0002041405162097,9985718.762564112,31401.297642505157
2020-10-14 00:00:00.000,0.0002003930325868,9869317.600106796,23976.64546502099
2020-10-15 00:00:00.000,0.0001926914849227,9446615.756642677,34936.110177537266
2020-10-16 00:00:00.000,0.0001894591917046,9376882.482762417,27222.21669329477
2020-10-17 00:00:00.000,0.0001789920383832,8910500.525239972,46355.5171219114
2020-10-18 00:00:00.000,0.0001895198831848,9326031.843003988,19947.749192164003
2020-10-19 00:00:00.000,0.0001912618490043,9381306.041377822,18021.571437420847
2020-10-20 00:00:00.000,0.000186443423596,9125145.973827483,31020.133420916252
2020-10-21 00:00:00.000,0.0001797602407945,8706798.67405505,36729.62307939709
2020-10-22 00:00:00.000,0.0001846838128474,9153012.32401578,36514.11466316915
2020-10-23 00:00:00.000,0.000188491356609,9259519.337824916,44734.26300177833
2020-10-24 00:00:00.000,0.0001844554562789,9321290.342749674,43233.1315568752
2020-10-25 00:00:00.000,0.0001826695532252,9172969.554113133,39550.080213554065
2020-10-26 00:00:00.000,0.0001821848651607,9158771.326519158,47435.301358081175
2020-10-27 00:00:00.000,0.0001831497913889,9202532.845853992,60050.81270357771
2020-10-28 00:00:00.000,0.0001694636215971,8384270.203739885,120213.96400771344
2020-10-29 00:00:00.000,0.0001755975396551,8824725.806722285,45349.89247053299
2020-10-30 00:00:00.000,0.0001689747073076,8538558.759040965,63509.72814430168
2020-10-31 00:00:00.000,0.0001796521339708,9047029.840184,55066.98851049486
2020-11-01 00:00:00.000,0.0001957891077536,9794071.077841148,73608.50216886878
2020-11-02 00:00:00.000,0.0002005486762924,10078885.36725679,23299.71132694482
2020-11-03 00:00:00.000,0.0001965721939193,9829467.814185936,47851.724339124776
2020-11-04 00:00:00.000,0.0001663186827058,8303823.746474962,111910.44172614536
2020-11-05 00:00:00.000,0.0001758841399365,8822408.491498053,71290.27302313378
2020-11-06 00:00:00.000,0.0001626796647566,8173614.13475465,68352.52534732838
2020-11-07 00:00:00.000,0.0001815644458044,9088028.134810053,66531.15396204354
2020-11-08 00:00:00.000,0.0001662504741511,8437162.922102476,100086.64413436293
2020-11-09 00:00:00.000,0.0001695958665432,8525426.26721146,15516.889999823556
2020-11-10 00:00:00.000,0.0001663954521746,8353604.759975279,36271.11737293896
2020-11-11 00:00:00.000,0.0001653424707084,8279307.695920466,62573.74457101196
2020-11-12 00:00:00.000,0.000163964238972,8336407.724767541,51728.41965244381
2020-11-13 00:00:00.000,0.000162285325278,8130310.154760039,30984.45276959559
2020-11-14 00:00:00.000,0.0001705499386276,8567607.784450538,62445.59850659078
2020-11-15 00:00:00.000,0.0001618904520173,8078689.182416093,19438.075687001725
2020-11-16 00:00:00.000,0.0001576873034492,7924639.598443666,19535.076335363658
2020-11-17 00:00:00.000,0.0001611678301777,8190574.988145525,24616.821759451657
2020-11-18 00:00:00.000,0.0001636624074998,8189201.995807417,46250.22903031116
2020-11-19 00:00:00.000,0.0001588292886588,7987276.18355353,61456.969875155155
2020-11-20 00:00:00.000,0.0001696605095533,8532246.938309677,108111.86900116464
2020-11-21 00:00:00.000,0.0001774624309598,8920121.303895293,93471.00272526206
2020-11-22 00:00:00.000,0.0001775289421017,8896069.206752185,90364.82365670564
2020-11-23 00:00:00.000,0.0001769818362527,8858680.71753862,67936.22116400322
2020-11-24 00:00:00.000,0.0001699095665397,8524486.70613392,180916.16302027533
2020-11-25 00:00:00.000,0.0001685976665208,8391365.249427987,117345.60641567277
2020-11-26 00:00:00.000,0.0001668320247385,8548485.025968047,62980.65521413236
2020-11-27 00:00:00.000,0.0001552289149979,7949216.749655486,100583.55345048498
2020-11-28 00:00:00.000,0.0001603188078678,8306902.539713017,64562.759078073424
2020-11-29 00:00:00.000,0.0001822263479019,9397776.468069118,127130.85363094768
2020-11-30 00:00:00.000,0.000172110773504,8717497.183510466,78645.94008264533
2020-12-01 00:00:00.000,0.0001803856316215,9341605.386440836,123895.2442385007
2020-12-02 00:00:00.000,0.0001500550370119,7589268.028023239,592392.6605576802
2020-12-03 00:00:00.000,0.0001437748534156,7373583.43164042,103284.98885725572
2020-12-04 00:00:00.000,0.0001667322109724,8445887.3105715,325861.07361417
2020-12-05 00:00:00.000,0.0001706884928397,8729251.357452804,176836.78574263418
2020-12-06 00:00:00.000,0.0001732515953697,8868650.218735771,77647.14083582842
2020-12-07 00:00:00.000,0.0001684394340465,8654583.578955343,80626.24923498764
2020-12-08 00:00:00.000,0.0001535754164065,7877490.351267276,135302.80090337756
2020-12-09 00:00:00.000,0.0001492756711026,7666485.682211091,70737.86474799148
2020-12-10 00:00:00.000,0.000148605730331,7602290.03471301,49067.99440632179
2020-12-11 00:00:00.000,0.0001682391420526,8626836.338605037,306720.5435896043
2020-12-12 00:00:00.000,0.0001647146657988,8399054.378183799,83643.11380125297
2020-12-13 00:00:00.000,0.0001618486521421,8293809.72417066,50124.79421585979
2020-12-14 00:00:00.000,0.0001632256448522,8356276.245380893,26160.006666409405
2020-12-15 00:00:00.000,0.00016185235518,8295808.323134787,25399.688783484533
2020-12-16 00:00:00.000,0.0001590083922123,8103998.004075788,36655.43453916215
2020-12-17 00:00:00.000,0.0001738549767634,8704798.598543165,48900.95001239433
2020-12-18 00:00:00.000,0.0001790565409486,9177963.263089417,400061.78236525354
2020-12-19 00:00:00.000,0.0001736905670557,8898368.134620229,127303.289606142
2020-12-20 00:00:00.000,0.0001744467493271,9030958.355419138,58661.85463540431
2020-12-21 00:00:00.000,0.0001688526450316,8761619.739128986,38299.18343490289
2020-12-22 00:00:00.000,0.000161319599701,8268501.724279408,64927.92976410401
2020-12-23 00:00:00.000,0.0001653507686354,8465977.379939036,65227.38224006508
2020-12-24 00:00:00.000,0.0001590426409069,8345813.098240568,61659.4861135186
2020-12-25 00:00:00.000,0.0001567306951544,8101075.65879845,47672.63244597342
2020-12-26 00:00:00.000,0.0001572174503656,8215461.841276044,58905.827085133096
2020-12-27 00:00:00.000,0.0001638636232792,8548222.599977678,30174.47905046563
2020-12-28 00:00:00.000,0.0001634450465309,8623720.497649128,80555.05505066818
2020-12-29 00:00:00.000,0.0001676928500919,8688072.113569591,81547.91549294062
2020-12-30 00:00:00.000,0.0001665782673268,8876635.793169454,103473.71482283316
2020-12-31 00:00:00.000,0.0001701582986806,8829468.905000135,106071.81319811108
2021-01-01 00:00:00.000,0.0001739681716442,9089378.313510612,73428.59878306434
2021-01-02 00:00:00.000,0.0001706880545046,8903705.032887906,56995.62440291901
2021-01-03 00:00:00.000,0.0001820682988025,9443403.808204284,46192.883188056025
2021-01-04 00:00:00.000,0.0002241030464868,11734531.515266135,193713.6672461344
2021-01-05 00:00:00.000,0.0002377697585229,12224960.509741826,473049.6588031324
2021-01-06 00:00:00.000,0.0003158444678995,16433950.230193572,872680.2150019612
2021-01-07 00:00:00.000,0.0003343147702272,17354769.72544114,589661.5069182053
2021-01-08 00:00:00.000,0.000305949563753,15951556.540774452,510886.9809159154
2021-01-09 00:00:00.000,0.0003861451838299,20521822.600599676,638943.0201674912
2021-01-10 00:00:00.000,0.000486990556516,25923143.42144788,817314.8784845248
2021-01-11 00:00:00.000,0.0004456264855938,23862880.05959754,650727.1418909355
2021-01-12 00:00:00.000,0.0004933704906053,25806241.837495334,850986.7808250126
2021-01-13 00:00:00.000,0.0005004072279073,26644006.272720262,939761.3746562648
2021-01-14 00:00:00.000,0.0005695162616852,29962059.083169326,577676.5692387085
2021-01-15 00:00:00.000,0.0006936675379472,36803572.98430736,1345320.426714679
2021-01-16 00:00:00.000,0.0008285032488041,43754010.495381914,1625466.9960957062
2021-01-17 00:00:00.000,0.0009653825024881,51524500.46102863,1247202.6330855582
2021-01-18 00:00:00.000,0.0009259539936437,46316397.268756814,4349622.674510407
2021-01-19 00:00:00.000,0.0009490349645236,50825091.9266128,2684460.9364018124
2021-01-20 00:00:00.000,0.000814832923977,43606516.27926584,990794.2589851436
2021-01-21 00:00:00.000,0.0007500444536153,39665821.29134254,1367828.868191673
2021-01-22 00:00:00.000,0.0005868506594658,31515054.817357477,736706.3151830325
2021-01-23 00:00:00.000,0.0007995878898212,42614296.54380879,1283367.5740400304
2021-01-24 00:00:00.000,0.0006700221457216,35946429.718182065,1059510.912039837
2021-01-25 00:00:00.000,0.0007562836733545,40061500.749890536,654107.5721703209
2021-01-26 00:00:00.000,0.0008628766286388,46947424.143919654,1016604.7405623064
2021-01-27 00:00:00.000,0.0008287434189689,43899362.24678363,735339.2296531199
2021-01-28 00:00:00.000,0.0007079262835294,37206837.683806725,693627.7058174844
2021-01-29 00:00:00.000,0.0007213659726635,38633884.17503099,552201.9831773048
2021-01-30 00:00:00.000,0.0007759639254712,40021674.753344536,1058431.5693022702
2021-01-31 00:00:00.000,0.0009260037987481,49281855.03349077,3117535.297435476
2021-02-01 00:00:00.000,0.0007824998857512,41696616.67224151,1473374.3890187086
2021-02-02 00:00:00.000,0.0009235189382423,48800601.30659735,1842262.558345659
2021-02-03 00:00:00.000,0.0011007502469071,59406968.98115761,3198103.049954569
2021-02-04 00:00:00.000,0.0014397864779422,76611175.92364432,5823267.226540815
2021-02-05 00:00:00.000,0.001506378930574,81921272.72573158,4035602.4093885073
2021-02-06 00:00:00.000,0.0019304759568125,102006284.81392752,5745138.897261966
2021-02-07 00:00:00.000,0.0020193131218015,109866130.3998938,4037678.6857478577
2021-02-08 00:00:00.000,0.0026666088790738,146387910.9505971,8418323.208026456
2021-02-09 00:00:00.000,0.0039199810276245,213154804.07891464,19068933.582500186
2021-02-10 00:00:00.000,0.0033337855749067,180613108.5816715,11402919.500616444
2021-02-11 00:00:00.000,0.0030858054193464,168933088.97611627,11506364.518406328
2021-02-12 00:00:00.000,0.0037845206445358,202732536.53499007,9479040.762650944
2021-02-13 00:00:00.000,0.0037516923126872,205079326.36980048,7856419.291073818
2021-02-14 00:00:00.000,0.0036502778401458,198456913.25359413,6316596.309570729
2021-02-15 00:00:00.000,0.0038733884739575,210712070.82109243,6846644.856720635
2021-02-16 00:00:00.000,0.0031342973053855,170515464.60744482,8052640.945479667
2021-02-17 00:00:00.000,0.0032694089726034,179311287.76211813,5760747.013760255
2021-02-18 00:00:00.000,0.0031805433853182,172401744.08225745,6100805.182541446
2021-02-19 00:00:00.000,0.0035898277506182,193053494.4742798,6178543.090150752
2021-02-20 00:00:00.000,0.0032868421126237,179093915.57476693,5338753.562860916
2021-02-21 00:00:00.000,0.003415052001631,183218256.5680378,5750822.094915163
2021-02-22 00:00:00.000,0.0036317700469357,196684391.80272388,6874789.42321681
2021-02-23 00:00:00.000,0.0034077003593951,184039724.05874997,7538937.420300912
2021-02-24 00:00:00.000,0.0036697812281953,194260765.40995705,8632743.231942527
2021-02-25 00:00:00.000,0.0035052895384294,189562174.9731793,7018936.404993586
2021-02-26 00:00:00.000,0.0031671014996386,173352768.07689723,4667166.533919618
2021-02-27 00:00:00.000,0.0033445333579526,181653414.6394664,5176689.800203045
2021-02-28 00:00:00.000,0.0032526275051547,176739848.02178526,4553455.160062455
2021-03-01 00:00:00.000,0.00328526282146,178897192.37956327,5023994.264762877
2021-03-02 00:00:00.000,0.003559974178554,191189007.6796708,5031568.359306706
2021-03-03 00:00:00.000,0.0032975784152199,179054031.16011724,4866385.460812782
2021-03-04 00:00:00.000,0.0035693153560472,195106468.69989848,5113992.503965197
2021-03-05 00:00:00.000,0.0033496319011074,181923655.65083975,4450104.852190819
2021-03-06 00:00:00.000,0.0031410561993543,170416093.19498113,4808932.12969343
2021-03-07 00:00:00.000,0.0035105988700839,190884150.61224315,4975106.644455956
2021-03-08 00:00:00.000,0.0036897880396821,200463801.8447479,5120968.981471136
2021-03-09 00:00:00.000,0.0046367369323977,247700006.93691063,12980725.907314448
2021-03-10 00:00:00.000,0.0043327672787692,236226261.89152616,9517722.463137029
2021-03-11 00:00:00.000,0.0057128050275874,311193809.94467884,17653325.684314672
2021-03-12 00:00:00.000,0.0072741142081474,395457242.8760406,22638763.633259498
2021-03-13 00:00:00.000,0.008402583068451,457181855.8007839,33994663.599405155
2021-03-14 00:00:00.000,0.0080697504565738,438435531.3874903,23294770.872590877
2021-03-15 00:00:00.000,0.0077975878800751,405177589.28432965,16080857.930385146
2021-03-16 00:00:00.000,0.0069504467067744,369271241.9914785,15246731.08399576
2021-03-17 00:00:00.000,0.0080666732204046,435830905.7622611,20290090.582451414
2021-03-18 00:00:00.000,0.007704181612336,417412932.62094915,12086469.050584478
2021-03-19 00:00:00.000,0.0073779549198666,401151575.5475461,8567263.559058454
2021-03-20 00:00:00.000,0.0073168110611861,401687151.063356,9125228.534815105
2021-03-21 00:00:00.000,0.0068416314188979,371488187.5056067,8213722.864047104
2021-03-22 00:00:00.000,0.0064448307414329,350090253.27208847,7369752.943728266
2021-03-23 00:00:00.000,0.0069575458281956,380012659.85924906,12158419.270540008
2021-03-24 00:00:00.000,0.0072499306681441,393834375.1424924,9862750.586343683
2021-03-25 00:00:00.000,0.006895759115042,374670570.5994277,8826295.50946971
2021-03-26 00:00:00.000,0.0061787579826326,335027953.1902492,9643033.500070885
2021-03-27 00:00:00.000,0.0071500736081709,383526071.7179784,8976731.89689046
2021-03-28 00:00:00.000,0.0067526099588016,366944467.65066534,8253302.786813009
2021-03-29 00:00:00.000,0.0063020490776253,342591171.355387,6281869.195518847
2021-03-30 00:00:00.000,0.0074181885605596,406299428.9792526,12605496.359215943
2021-03-31 00:00:00.000,0.008235379894983,443197818.65688235,11191674.050534688
2021-04-01 00:00:00.000,0.0078535863778894,425955419.4297257,14257225.093713831
2021-04-02 00:00:00.000,0.0085927301401585,463928533.5248662,12064752.835260034
2021-04-03 00:00:00.000,0.0084717979936117,465650226.8599575,13631367.470363813
2021-04-04 00:00:00.000,0.007722026097405,421502716.6526272,7452775.224977184
2021-04-05 00:00:00.000,0.0072390937733587,392501933.8378777,12231246.083589714
2021-04-06 00:00:00.000,0.0078293213800146,425085347.3303889,12155579.564122086
2021-04-07 00:00:00.000,0.007502890520199,408457716.462353,9567606.571682142
2021-04-08 00:00:00.000,0.0069562281342313,377693394.1858548,9497101.559045313
2021-04-09 00:00:00.000,0.0066977272089513,365969729.96868014,8166815.857280621
2021-04-10 00:00:00.000,0.0071341410252165,383913404.69027025,12312633.037222788
2021-04-11 00:00:00.000,0.0066975730160721,363439863.8377557,10848922.325137528
2021-04-12 00:00:00.000,0.0069981816224144,375180056.5618015,9955050.866774896
2021-04-13 00:00:00.000,0.0074478186818029,402933377.0841218,14888247.822780224
2021-04-14 00:00:00.000,0.0073009441014373,396821432.0602343,10165246.490788693
2021-04-15 00:00:00.000,0.0070029565301322,382172580.79914176,9853095.671716703
2021-04-16 00:00:00.000,0.0071675539059997,386630862.4050733,5908590.449229318
2021-04-17 00:00:00.000,0.0079122665093629,428371729.15175295,17544108.436306577
2021-04-18 00:00:00.000,0.0079608813903599,432369069.94714093,14111155.30314901
2021-04-19 00:00:00.000,0.0074405848547664,403691958.8995424,13718219.55930824
2021-04-20 00:00:00.000,0.0069828492939984,376751323.66533166,9613006.98485399
2021-04-21 00:00:00.000,0.007266657744901,395507377.4549293,10100899.28129612
2021-04-22 00:00:00.000,0.0070245326930896,381642646.0438058,7829114.7907615155
2021-04-23 00:00:00.000,0.0068187379894213,368777087.1915246,8191861.419579464
2021-04-24 00:00:00.000,0.0061317492746231,328790794.5612425,14060321.957116969
2021-04-25 00:00:00.000,0.0059018894569643,311371735.76897085,7457521.118963432
2021-04-26 00:00:00.000,0.0056066188818505,303155440.7139379,6395288.974821661
2021-04-27 00:00:00.000,0.0064045318463834,348130114.18246895,8045684.007197442
2021-04-28 00:00:00.000,0.00702387732766,388492314.46628,10576086.761224864
2021-04-29 00:00:00.000,0.0070546345089546,384879443.5305531,9261057.354599465
2021-04-30 00:00:00.000,0.0069546178471213,379932102.1426467,8670050.349784989
2021-05-01 00:00:00.000,0.0099541308584969,526587077.19369185,23522338.876903743
2021-05-02 00:00:00.000,0.0111931331897851,615636183.364017,47728898.66927834
2021-05-03 00:00:00.000,0.0125559097937037,680794389.1677705,26110302.64160685
2021-05-04 00:00:00.000,0.0179224902838952,955388793.7453834,86248941.7315897
2021-05-05 00:00:00.000,0.0173996073171694,955800712.4343398,50831992.28096103
2021-05-06 00:00:00.000,0.028019030632666,1532595542.6974535,126608761.55228876
2021-05-07 00:00:00.000,0.0423679498681193,2308482262.1823554,387888966.69509584
2021-05-08 00:00:00.000,0.0376338236827199,2064740222.096344,128782524.38742732
2021-05-09 00:00:00.000,0.0363702811982567,1979812876.800588,100764222.89247245
2021-05-10 00:00:00.000,0.0498101057397745,2690916526.3895645,184155965.672572
2021-05-11 00:00:00.000,0.0603521276418668,3263944589.8400154,259925353.3731886
2021-05-12 00:00:00.000,0.0548166218105956,3027559573.692687,154024822.20069057
2021-05-13 00:00:00.000,0.0410795987149612,2274178320.8922453,129178217.55815686
2021-05-14 00:00:00.000,0.036922027022149,1992913466.7483268,133667478.09165996
2021-05-15 00:00:00.000,0.042428682749085,2332039532.6931224,98195948.71989064
2021-05-16 00:00:00.000,0.03569663120402,1995700221.655164,75187441.7526773
2021-05-17 00:00:00.000,0.0400177550397171,2195750484.661237,62719841.84360871
2021-05-18 00:00:00.000,0.0370984982513431,2058995725.6758547,57257315.93894565
2021-05-19 00:00:00.000,0.0421483751444824,2307780912.482461,104163460.09785058
2021-05-20 00:00:00.000,0.0266316483223962,1550590792.962984,150925126.28681007
2021-05-21 00:00:00.000,0.0362296948509996,1949634703.4718993,120080342.69163296
2021-05-22 00:00:00.000,0.0312768445223032,1705451361.8001733,114052332.60559052
2021-05-23 00:00:00.000,0.0276773299040227,1523529710.973815,60469036.48943269
2021-05-24 00:00:00.000,0.0242513726293839,1313585643.442484,107531712.36553152
2021-05-25 00:00:00.000,0.0302643548111182,1680136849.341338,94770206.62120976
2021-05-26 00:00:00.000,0.0362007545546146,1938514563.756512,107450718.7521539
2021-05-27 00:00:00.000,0.0385682106404291,2118201049.299274,104305197.42201269
2021-05-28 00:00:00.000,0.0355355781342134,1942204750.1929076,62769560.3882684
2021-05-29 00:00:00.000,0.0277000030670141,1524298072.4542449,78293231.93985042
2021-05-30 00:00:00.000,0.027020159978218,1477264658.7438638,57123059.782258734
2021-05-31 00:00:00.000,0.0301558531391311,1655135972.992463,60927623.83965599
2021-06-01 00:00:00.000,0.0331740779430414,1811015090.0380528,53552008.0426095
2021-06-02 00:00:00.000,0.0315840900348083,1729143621.138005,52374742.42247905
2021-06-03 00:00:00.000,0.0321120012913861,1761966465.360769,39572886.04258141
2021-06-04 00:00:00.000,0.037482506875652,2043502829.6326537,66022095.59328562
2021-06-05 00:00:00.000,0.032418482448451,1783510133.1641555,68223626.53106214
2021-06-06 00:00:00.000,0.0318948511316101,1745842233.1486375,47798564.7504072
2021-06-07 00:00:00.000,0.0335416461988221,1842409082.4427843,21096982.247499876
2021-06-08 00:00:00.000,0.0292617535073126,1652274109.0347564,39269408.30610682
2021-06-09 00:00:00.000,0.0295199052030889,1642482178.342331,79859270.40220486
2021-06-10 00:00:00.000,0.0331395188587862,1822175117.2151215,66838566.94014537
2021-06-11 00:00:00.000,0.0306281141162448,1683714168.9518466,31356758.699842986
2021-06-12 00:00:00.000,0.0299047511589773,1638309701.6024172,18377941.816441774
2021-06-13 00:00:00.000,0.0289252427513734,1595466557.8905838,23308170.632874753
2021-06-14 00:00:00.000,0.0319137096256658,1750329838.4134896,25862916.385326385
2021-06-15 00:00:00.000,0.0326070910845297,1787342377.0561244,29797359.225443352
2021-06-16 00:00:00.000,0.0333539174868549,1819262087.067502,26613061.341810603
2021-06-17 00:00:00.000,0.0309364002414425,1697528119.2686968,22498709.089652147
2021-06-18 00:00:00.000,0.0311548243929119,1701884775.9677978,13855010.756530488
2021-06-19 00:00:00.000,0.0286336179482696,1571109634.3390002,19396819.442596205
2021-06-20 00:00:00.000,0.0289921296177851,1592200820.5023744,13751441.697063932
2021-06-21 00:00:00.000,0.0291964310098762,1599734928.1323204,21502317.613545615
2021-06-22 00:00:00.000,0.0225581119550331,1245260415.7548938,29329699.59918683
2021-06-23 00:00:00.000,0.0214185112197723,1174144060.3191962,59365263.7514463
2021-06-24 00:00:00.000,0.0236911899192122,1299921539.7186224,26602525.15449879
2021-06-25 00:00:00.000,0.0245624127193043,1359708032.9895885,18604037.164385445
2021-06-26 00:00:00.000,0.0216152631165355,1186090500.8411405,22863546.67163534
2021-06-27 00:00:00.000,0.0213267845650827,1170188020.2567544,16404027.013200669
2021-06-28 00:00:00.000,0.0230608624323911,1264957461.4136302,13621127.92762836
2021-06-29 00:00:00.000,0.0234775970462069,1288201825.4578836,14228948.986320317
2021-06-30 00:00:00.000,0.0254957166684853,1407799014.4125755,18365558.789642267
2021-07-01 00:00:00.000,0.0312302406983856,1779200326.292792,43484193.56048305
2021-07-02 00:00:00.000,0.0251036466488429,1438715365.33512,38999088.662135035
2021-07-03 00:00:00.000,0.0245522664932328,1371171957.6704905,20965562.101333495
2021-07-04 00:00:00.000,0.0242915382292135,1381588782.4348886,15316090.643324472
2021-07-05 00:00:00.000,0.0245498091595559,1397738319.832629,10711219.88813368
2021-07-06 00:00:00.000,0.0226244079018954,1290679440.158516,12793414.808717508
2021-07-07 00:00:00.000,0.02286044594783,1302346047.2101974,11105725.158483652
2021-07-08 00:00:00.000,0.0208233002685735,1179364558.1179214,15009840.405314162
2021-07-09 00:00:00.000,0.0188271523541088,1074379081.9055562,20457341.467256702
2021-07-10 00:00:00.000,0.018387201442247,1051966703.9755064,16027003.119607676
2021-07-11 00:00:00.000,0.017061267967913,978266122.0890338,8555385.241285466
2021-07-12 00:00:00.000,0.0175237700540206,998712887.076056,23782936.75096621
2021-07-13 00:00:00.000,0.0172603662577931,978336299.6043926,16994044.338820446
2021-07-14 00:00:00.000,0.016301990014127,934887241.0276884,9342668.724375486
2021-07-15 00:00:00.000,0.0154627282580986,883233388.7799174,18519044.652938664
2021-07-16 00:00:00.000,0.013246436816264,762929299.0945764,19492718.3935298
2021-07-17 00:00:00.000,0.0115280212344462,658898301.9526596,30324938.65912816
2021-07-18 00:00:00.000,0.0123355487979612,704143685.1902895,11473895.029974
2021-07-19 00:00:00.000,0.0131870910216314,750453961.4552772,12295454.468127389
2021-07-20 00:00:00.000,0.0118885099168166,678382488.8099322,9042032.43349083
2021-07-21 00:00:00.000,0.0098417637717495,560753092.990332,20588842.82799302
2021-07-22 00:00:00.000,0.0141316520166555,804835377.9883537,52836211.28669606
2021-07-23 00:00:00.000,0.0145038238884382,825654342.1501768,24412529.8610317
2021-07-24 00:00:00.000,0.0166320968103399,943904507.8384128,32537462.714069232
2021-07-25 00:00:00.000,0.0199083804670309,1109822511.783621,49173349.30209483
2021-07-26 00:00:00.000,0.021144012483659,1204177878.1427827,35603389.75686396
2021-07-27 00:00:00.000,0.0194920181604353,1113114356.2069185,53457899.64798302
2021-07-28 00:00:00.000,0.0196225734813597,1114820558.0770843,31771830.596861184
2021-07-29 00:00:00.000,0.0191579094241862,1086848531.5358932,16390474.633343318
2021-07-30 00:00:00.000,0.0194469498949657,1114498038.682577,11873708.027328556
2021-07-31 00:00:00.000,0.0195236845066537,1116957902.7645888,18183384.697492916
2021-08-01 00:00:00.000,0.0190053348255407,1089539284.3504677,11355616.806042502
2021-08-02 00:00:00.000,0.0184721218832912,1051991632.424139,13583959.99699318
2021-08-03 00:00:00.000,0.0176893619709582,1008937810.994302,11550314.801228289
2021-08-04 00:00:00.000,0.0158681593149763,907190243.5067984,18120793.19077215
2021-08-05 00:00:00.000,0.0176861409117705,1006348654.8099488,20373136.478166513
2021-08-06 00:00:00.000,0.0175883610116112,1006924931.8512616,19009291.47779836
2021-08-07 00:00:00.000,0.0176818801843394,1007214690.0479102,16519423.433597025
2021-08-08 00:00:00.000,0.018459788426296,1047444406.9902738,24744668.645215996
2021-08-09 00:00:00.000,0.0169309612600283,964696631.0421158,14708332.122416696
2021-08-10 00:00:00.000,0.0183472777931436,1019028748.309384,23233131.718763106
2021-08-11 00:00:00.000,0.0178796030624373,1019821856.7778738,15035215.10565365
2021-08-12 00:00:00.000,0.0198416982953286,1134120667.911712,33258365.1772782
2021-08-13 00:00:00.000,0.0187035462512322,1059814219.8825192,25372438.836368345
2021-08-14 00:00:00.000,0.0206546182801831,1176983373.3558793,20593455.75892292
2021-08-15 00:00:00.000,0.0199682094834052,1140607633.4283037,15902648.348980395
2021-08-16 00:00:00.000,0.0199341518656686,1131889533.5571046,8993046.062038759
2021-08-17 00:00:00.000,0.0193586246214666,1123509820.3063016,18492101.40914684
2021-08-18 00:00:00.000,0.0182693296853743,1051366457.669502,18049641.8889941
2021-08-19 00:00:00.000,0.0178455138262463,1016961704.8885608,13969721.355063869
2021-08-20 00:00:00.000,0.018454834351194,1036737929.3429836,14015229.418351376
2021-08-21 00:00:00.000,0.0208365685191664,1187415822.755555,25035863.12039444
2021-08-22 00:00:00.000,0.0216285647641487,1233083948.499343,26868921.448383436
2021-08-23 00:00:00.000,0.0255315870401123,1457388729.15662,42679238.66994699
2021-08-24 00:00:00.000,0.0273197564764094,1556511113.8840826,59190932.397621855
2021-08-25 00:00:00.000,0.0237015761561496,1351438540.3621483,26615783.003481545
2021-08-26 00:00:00.000,0.0236978651131586,1364649168.8850722,27053119.31285148
2021-08-27 00:00:00.000,0.022308278044171,1272537734.8245428,18719185.112858023
2021-08-28 00:00:00.000,0.0242562006694458,1375761341.0981286,17228393.812059745
2021-08-29 00:00:00.000,0.0232285850098901,1327818450.275427,10076948.238968477
2021-08-30 00:00:00.000,0.0230069762637607,1315193439.8707416,9375187.462685546
2021-08-31 00:00:00.000,0.0217479653293606,1231176703.338872,12218550.889117138
2021-09-01 00:00:00.000,0.0212757295635302,1217313707.055374,13723879.81125136
2021-09-02 00:00:00.000,0.0228669633407918,1292156387.6122804,15084139.756606469
2021-09-03 00:00:00.000,0.0242883384045624,1388876760.1433332,23153301.208529763
2021-09-04 00:00:00.000,0.0236537898994453,1346867243.5067978,17841007.074950833
2021-09-05 00:00:00.000,0.0225263373650339,1287561709.653188,14893186.375567896
2021-09-06 00:00:00.000,0.0243252199026058,1385231051.1608045,22934438.57081363
2021-09-07 00:00:00.000,0.0237232218008322,1353060560.4142926,17536015.128598977
2021-09-08 00:00:00.000,0.0200784391287237,1147182788.804576,19562147.7148112
2021-09-09 00:00:00.000,0.018895335508539,1081397146.0950224,26117878.321749773
2021-09-10 00:00:00.000,0.0185995608061689,1060651689.8359646,14816495.339162383
2021-09-11 00:00:00.000,0.0166855187081249,946800625.6586823,17492620.34333711
2021-09-12 00:00:00.000,0.0172584339803104,988494352.1818448,10636952.634365246
2021-09-13 00:00:00.000,0.0174090140299017,997442522.1055306,8917303.644996554
2021-09-14 00:00:00.000,0.017711685175064,1007853363.6967314,18817091.896421168
2021-09-15 00:00:00.000,0.0191901933616897,1090051451.5373604,20997320.923015285
2021-09-16 00:00:00.000,0.0210947323965085,1195876748.302034,14492759.01909335
2021-09-17 00:00:00.000,0.0198493628668234,1130921090.7015011,17498400.865853153
2021-09-18 00:00:00.000,0.0186194682177034,1065388116.8026168,10275704.108805671
2021-09-19 00:00:00.000,0.0188989145718235,1070463058.8950746,6991693.055592393
2021-09-20 00:00:00.000,0.0177479054680316,1012730951.737468,7029013.855328668
2021-09-21 00:00:00.000,0.0157603795660893,888929787.8896536,27497876.287531912
2021-09-22 00:00:00.000,0.0142931072980196,805271867.7390342,18792069.618843187
2021-09-23 00:00:00.000,0.0159611501944396,909281703.8278323,14894079.24944675
2021-09-24 00:00:00.000,0.0175062214669953,1003855408.0786946,14518805.637253355
2021-09-25 00:00:00.000,0.015813523657152,905076071.0329536,13852725.292660408
2021-09-26 00:00:00.000,0.0158628098809371,906427467.4261708,5188266.372374684
2021-09-27 00:00:00.000,0.0158542089461261,900967488.4800532,9079160.814383132
2021-09-28 00:00:00.000,0.0153503146261428,874411699.3174313,8319026.800010902
2021-09-29 00:00:00.000,0.0146314719854178,840591124.7932708,7472012.646178075
2021-09-30 00:00:00.000,0.0149525983328955,853267272.4533862,7130769.467064682
2021-10-01 00:00:00.000,0.0152220497990031,873925133.3917488,7068850.047769412
2021-10-02 00:00:00.000,0.0171157631538371,971269393.0583966,12698501.499468774
2021-10-03 00:00:00.000,0.0173086605607305,991339713.2354872,8431458.374706313
2021-10-04 00:00:00.000,0.0188031626963865,1074893991.4077718,18147842.853434384
2021-10-05 00:00:00.000,0.0185053034629103,1060314089.4418112,12859334.128380854
2021-10-06 00:00:00.000,0.0192981848184077,1106180695.5165956,14566076.98312916
2021-10-07 00:00:00.000,0.0183680912804549,1055966564.5977623,14007207.82777667
2021-10-08 00:00:00.000,0.0181982681261565,1047039935.1701602,12550429.026180351
2021-10-09 00:00:00.000,0.0179632962888263,1014231625.8189543,16110252.632505791
2021-10-10 00:00:00.000,0.017781720463998,1026071386.878758,10944615.006987274
2021-10-11 00:00:00.000,0.0173266914451169,994564449.8767788,7434307.772218112
2021-10-12 00:00:00.000,0.0176545421829186,1011423296.80319,9102457.33946064
2021-10-13 00:00:00.000,0.0175818376739942,1007973678.1554204,10629595.59374234
2021-10-14 00:00:00.000,0.0202503600942965,1160029462.0535493,34506718.21348518
2021-10-15 00:00:00.000,0.0232922757548448,1334363436.8425946,47621987.621121965
2021-10-16 00:00:00.000,0.0224891400325429,1285969113.2246263,23955412.45109507
2021-10-17 00:00:00.000,0.0211791266634063,1210604855.2732975,10814764.997833155
2021-10-18 00:00:00.000,0.0201146791038272,1147440372.3970883,11249180.600614762
2021-10-19 00:00:00.000,0.0195833564037384,1127129088.4425094,12342752.629367365
2021-10-20 00:00:00.000,0.0191263043223365,1096042585.3058755,13644761.373890547
2021-10-21 00:00:00.000,0.0209977495474815,1241853808.6761715,22770717.038811337
2021-10-22 00:00:00.000,0.0194151641191187,1115372262.5472536,15201876.592068996
2021-10-23 00:00:00.000,0.0193060806129836,1106209467.1700163,10444226.203243734
2021-10-24 00:00:00.000,0.0195289160487811,1126352779.0765553,12085068.016290488
2021-10-25 00:00:00.000,0.0188682576292121,1077363548.7099893,11684443.81369416
2021-10-26 00:00:00.000,0.0205777478372539,1171169893.5270758,32632848.33153389
2021-10-27 00:00:00.000,0.0200713542352944,1144141508.9789684,25127721.13894468
2021-10-28 00:00:00.000,0.0180569516336596,1042387447.1482748,21674275.732447833
2021-10-29 00:00:00.000,0.0186601065469985,1062648925.5620886,22673389.36772847
2021-10-30 00:00:00.000,0.0188327884995191,1077558168.540558,23075365.025745608
2021-10-31 00:00:00.000,0.0177661906145749,1018179662.8191364,15773658.757554144
2021-11-01 00:00:00.000,0.0175840613635866,1008933608.105672,18703800.166619997
2021-11-02 00:00:00.000,0.0178403335445582,1014653002.9687732,13084400.59516929
2021-11-03 00:00:00.000,0.0180922198587165,1032346224.4121982,18368865.23809966
2021-11-04 00:00:00.000,0.0283110557934455,1552597215.6123755,123362869.79962766
2021-11-05 00:00:00.000,0.0258825535751545,1555389994.339656,167095099.85687837
2021-11-06 00:00:00.000,0.0219454049343251,1259387592.7531393,36708556.33189153
2021-11-07 00:00:00.000,0.0211407444120628,1219154876.736022,20633376.404257152
2021-11-08 00:00:00.000,0.021967773149664,1256812004.66089,31129197.84656748
2021-11-09 00:00:00.000,0.0213226502904381,1226289810.8300724,24953743.243654
2021-11-10 00:00:00.000,0.0221512054980555,1269481470.3242078,31400682.64084291
2021-11-11 00:00:00.000,0.0203692347827556,1166144490.0933232,25814573.70886663
2021-11-12 00:00:00.000,0.0211557764182234,1212148691.6182628,19588939.957305185
2021-11-13 00:00:00.000,0.0196546182503795,1123311437.9117043,17265306.38342319
2021-11-14 00:00:00.000,0.019758851703625,1136642355.74063,13212890.172838071
2021-11-15 00:00:00.000,0.0202037939558382,1160166904.5403266,12603593.519794798
2021-11-16 00:00:00.000,0.019898328343583,1140151330.3011284,17334165.585963666
2021-11-17 00:00:00.000,0.0185145931346243,1061109880.5953156,17402764.01938681
2021-11-18 00:00:00.000,0.0190474685337227,1087643202.9185908,10985119.585447917
2021-11-19 00:00:00.000,0.0176966510876083,1013964659.2561116,25906790.547432397
2021-11-20 00:00:00.000,0.0184272327337452,1053927420.7200564,13988017.519095829
2021-11-21 00:00:00.000,0.0183758118465419,1051231564.8412434,12192635.882940575
2021-11-22 00:00:00.000,0.017844004486993,1023386231.1942542,10951514.674316935
2021-11-23 00:00:00.000,0.016471169691752,933229087.5549688,18012797.70661164
2021-11-24 00:00:00.000,0.0172577371989468,986250880.9806998,11544893.454028076
2021-11-25 00:00:00.000,0.0159878340333698,915690193.1985618,15297621.27425557
2021-11-26 00:00:00.000,0.016370308326417,939560015.599236,12249831.502849272
2021-11-27 00:00:00.000,0.0145646225283764,832888812.3917434,12384280.74844135
2021-11-28 00:00:00.000,0.0145104351689793,830328292.3893228,9996727.806042442
2021-11-29 00:00:00.000,0.014506854695792,837416162.8448269,17747304.589647386
2021-11-30 00:00:00.000,0.015430775778295,888732504.6847452,15447748.987715362
2021-12-01 00:00:00.000,0.0147276151172068,844993301.9136685,11237094.817790192
2021-12-02 00:00:00.000,0.0137224959120979,786118729.2954718,9865621.138746977
2021-12-03 00:00:00.000,0.0143871398023558,824370536.8880986,19952525.43158252
2021-12-04 00:00:00.000,0.0131911216616798,790200301.5480683,11739691.445248606
2021-12-05 00:00:00.000,0.0120058692359383,717911703.7083765,19483289.27971591
2021-12-06 00:00:00.000,0.0109951330515458,653803305.272405,10094764.25240342
2021-12-07 00:00:00.000,0.0127418725073275,761794810.3721038,26013963.937359594
2021-12-08 00:00:00.000,0.0125204371958909,744968453.5261425,16117801.277225267
2021-12-09 00:00:00.000,0.01320535398016,789309939.6594355,10064421.614843745
2021-12-10 00:00:00.000,0.0125429799911589,752047194.1298562,12875586.911040876
2021-12-11 00:00:00.000,0.0110427817177622,663051029.56739,9723277.464792076
2021-12-12 00:00:00.000,0.0117718201488298,702887364.4909766,6882592.939217009
2021-12-13 00:00:00.000,0.0119982147882388,714706619.6081417,6305173.616903932
2021-12-14 00:00:00.000,0.0111510161747175,666433868.0595742,8497487.62424416
2021-12-15 00:00:00.000,0.0114630040492079,684042105.0465038,6585085.098058972
2021-12-16 00:00:00.000,0.0117657564697726,700766346.0608103,10256913.206792828
2021-12-17 00:00:00.000,0.0134656501841163,803063671.6753141,22939666.513305243
2021-12-18 00:00:00.000,0.01359500843605,789117961.9430475,20751730.562589705
2021-12-19 00:00:00.000,0.0128597518023426,772000285.1190284,8244403.561700357
2021-12-20 00:00:00.000,0.0126434245796365,755566957.0571948,4745381.499588815
2021-12-21 00:00:00.000,0.0123600064322511,740682011.1739968,6855500.37144636
2021-12-22 00:00:00.000,0.0128506914348032,772723246.1650126,7241171.8678982435
2021-12-23 00:00:00.000,0.0128002418910109,770138445.8281233,6943136.605242416
2021-12-24 00:00:00.000,0.0137932410533381,824587855.710897,9757760.644449782
2021-12-25 00:00:00.000,0.0134407888783887,806448485.0070671,7954450.509141264
2021-12-26 00:00:00.000,0.0141555064280137,851558028.4540584,8869099.981552182
2021-12-27 00:00:00.000,0.0137979561138548,825380652.0763657,6877572.540450173
2021-12-28 00:00:00.000,0.0136995645589016,824104899.3490051,5813014.670823613
2021-12-29 00:00:00.000,0.0126188508461713,759060082.9782836,14234456.592388168
2021-12-30 00:00:00.000,0.0117495787348528,706478442.8771335,7736855.373105463
2021-12-31 00:00:00.000,0.0120343524373193,718524927.3461155,7120363.606478108
2022-01-01 00:00:00.000,0.0117811612646751,708848679.4206191,5702054.364949434
2022-01-02 00:00:00.000,0.0120348767892453,718603977.4898512,5724990.928970006
2022-01-03 00:00:00.000,0.0121800804754105,732224491.1025943,5206604.924030258
2022-01-04 00:00:00.000,0.0119099364363381,715235138.9132049,4574387.028481285
2022-01-05 00:00:00.000,0.0118411497841215,714065017.9603362,4056478.8091678554
2022-01-06 00:00:00.000,0.0110320899051512,660352444.6540772,6013496.549474569
2022-01-07 00:00:00.000,0.0111069147474809,668666504.2762483,7681954.442217759
2022-01-08 00:00:00.000,0.0104638658010608,628209827.3819981,6617958.476114531
2022-01-09 00:00:00.000,0.010071893076861,608028032.5428002,7533853.610113421
2022-01-10 00:00:00.000,0.010208231321252,615281507.4264184,5028088.546652721
2022-01-11 00:00:00.000,0.0100199642612217,601766433.1632744,6882717.598137002
2022-01-12 00:00:00.000,0.0100927903709139,606328907.4449803,5089643.336944924
2022-01-13 00:00:00.000,0.0110180331740181,658991514.7570077,7122020.382576932
2022-01-14 00:00:00.000,0.0104970482581992,629250229.5502985,7303499.057010129
2022-01-15 00:00:00.000,0.0104432777279637,625170557.9257575,4713084.679250354
2022-01-16 00:00:00.000,0.0104893670660167,630536331.9472005,3002568.4633825473
2022-01-17 00:00:00.000,0.010392460179449,623533873.6338788,3539785.6340309987
2022-01-18 00:00:00.000,0.009977200537838,598547370.0909165,5512045.944754594
2022-01-19 00:00:00.000,0.0102247174722799,614928185.6744202,4888682.470130524
2022-01-20 00:00:00.000,0.010006814147748,600687798.4921976,6829269.935655052
2022-01-21 00:00:00.000,0.0097027677205811,580271271.2515713,5647469.564484288
2022-01-22 00:00:00.000,0.0075439223320661,465055996.3017632,15487485.110855583
2022-01-23 00:00:00.000,0.006309924306534,378466089.50925833,18999269.18135432
2022-01-24 00:00:00.000,0.0066706261678119,413898435.50819296,10834648.699312003
2022-01-25 00:00:00.000,0.0063496020083148,391002744.69936913,14217652.046175327
2022-01-26 00:00:00.000,0.0068058709300519,420699228.3125794,12397088.4144613
2022-01-27 00:00:00.000,0.0073536311580618,469082548.2870165,15277808.676216563
2022-01-28 00:00:00.000,0.0077753007677761,483941308.7545846,9882357.850835873
2022-01-29 00:00:00.000,0.0079735978100878,497220862.69748485,5607205.32222549
2022-01-30 00:00:00.000,0.0077589672600763,483374831.1269442,3627229.590535379
2022-01-31 00:00:00.000,0.0076010686686231,474707687.3731595,3705620.473250581
2022-02-01 00:00:00.000,0.0077572608438224,482705368.8466438,4872718.684431553
2022-02-02 00:00:00.000,0.0076689111400911,471530141.294552,8357612.140764125
2022-02-03 00:00:00.000,0.0070678453232874,433138800.1310992,6629375.768047092
2022-02-04 00:00:00.000,0.0067354874407872,413741762.32569575,6939242.387585954
2022-02-05 00:00:00.000,0.0070200321869542,429455527.95205414,14394936.0897516
2022-02-06 00:00:00.000,0.0069630421858513,428686034.4484948,5298304.595331863
2022-02-07 00:00:00.000,0.0070928929995582,438652643.03556746,4384068.576983461
2022-02-08 00:00:00.000,0.0079745044726363,487922913.8904509,14781795.616763202
2022-02-09 00:00:00.000,0.008033740897176,495369138.4915179,12202223.928638391
2022-02-10 00:00:00.000,0.0088444913901697,540323667.236783,11915426.5307104
2022-02-11 00:00:00.000,0.0082393171674526,505916858.4990976,13500881.754498797
2022-02-12 00:00:00.000,0.0075862122639843,465300207.03886634,8272302.8765546
2022-02-13 00:00:00.000,0.0075552941199877,462627251.9821242,4321802.471167046
2022-02-14 00:00:00.000,0.0073847481992226,455390243.3211619,3748807.989580033
2022-02-15 00:00:00.000,0.007570824574683,464690957.8516984,4363311.371336309
2022-02-16 00:00:00.000,0.0081739428539028,501838017.21379983,7106846.536711469
2022-02-17 00:00:00.000,0.0081254086893032,498467989.6384801,5384355.531683096
2022-02-18 00:00:00.000,0.0079922698688214,491095302.7897904,19027229.372333657
2022-02-19 00:00:00.000,0.0074859330845786,460093943.4638491,8911287.805876346
2022-02-20 00:00:00.000,0.0073205283520023,449228364.1762573,4140095.9343124726
2022-02-21 00:00:00.000,0.0065761303574363,405014494.6209885,6372174.200812459
2022-02-22 00:00:00.000,0.0061109746887982,374337835.9723695,8167086.625493452
2022-02-23 00:00:00.000,0.0062369053968156,379620325.8397169,6527123.901376793
2022-02-24 00:00:00.000,0.0059858288556624,366536078.80670774,4663230.307204396
2022-02-25 00:00:00.000,0.005546082079941,339595479.04691553,17065208.804299477
2022-02-26 00:00:00.000,0.0058175297702646,356380124.9654912,5173865.976527075
2022-02-27 00:00:00.000,0.005608567392875,346212507.8928663,3041622.783597396
2022-02-28 00:00:00.000,0.0052098177201666,319396765.2215145,4567419.601755859
2022-03-01 00:00:00.000,0.0059130197844346,361706719.4085507,6205915.432018154
2022-03-02 00:00:00.000,0.0060049677048273,366787057.28119147,6012416.88229092
2022-03-03 00:00:00.000,0.0059739083029459,364328994.3460541,3373652.5289703184
2022-03-04 00:00:00.000,0.0058717194942056,360250995.3557407,4005910.2990937904
2022-03-05 00:00:00.000,0.0055095424331193,337891791.03359616,3304454.638581317
2022-03-06 00:00:00.000,0.0055425211245771,340245783.01993084,1758415.943853069
2022-03-07 00:00:00.000,0.0052591457792827,322699370.82423383,2441849.045936661
2022-03-08 00:00:00.000,0.0049277370996981,301777888.2477855,4940901.7055217475
2022-03-09 00:00:00.000,0.0049536322202499,303736082.1076916,2827528.150389221
2022-03-10 00:00:00.000,0.0052231051622939,321009626.24912953,4446949.014365206
2022-03-11 00:00:00.000,0.0049854835907013,306227879.1024448,2536545.02447795
2022-03-12 00:00:00.000,0.0048504149487632,298970745.695971,2410371.0152576077
2022-03-13 00:00:00.000,0.004778430844014,294076887.7591293,1313281.2159014652
2022-03-14 00:00:00.000,0.0045763014063794,280874512.90048873,2384649.2894869777
2022-03-15 00:00:00.000,0.0046594617490472,284855002.1973981,2261204.8838674575
2022-03-16 00:00:00.000,0.0047990511706585,296721317.4185743,2031282.7064291143
2022-03-17 00:00:00.000,0.0049821671446179,302631294.40822166,2734975.811446416
2022-03-18 00:00:00.000,0.0051777720145108,318984670.69395554,2332050.8950180775
2022-03-19 00:00:00.000,0.0052172247334096,321195912.5762361,2183244.913272564
2022-03-20 00:00:00.000,0.0055101525458057,339673493.6570969,4274748.965819948
2022-03-21 00:00:00.000,0.0071408634831345,438055158.8033095,19516650.74249055
2022-03-22 00:00:00.000,0.0062939854143516,387989062.92536855,9665001.33026403
2022-03-23 00:00:00.000,0.0073952220160738,451398540.5234197,9959852.545250095
2022-03-24 00:00:00.000,0.0081686921176298,500965382.2478811,9718798.06920657
2022-03-25 00:00:00.000,0.008785383439417,542738016.4047942,7644079.222024475
2022-03-26 00:00:00.000,0.0081955778747267,499558104.16846347,8934042.383252973
2022-03-27 00:00:00.000,0.0083598815219547,515826658.3256155,3544084.3981281472
2022-03-28 00:00:00.000,0.009107369979133,542985959.203521,4924449.321890413
2022-03-29 00:00:00.000,0.0088723435440458,555538384.4257848,8971192.33075921
2022-03-30 00:00:00.000,0.00829206994642,512141344.8091914,9693583.107530758
2022-03-31 00:00:00.000,0.0083324568845528,514047401.9530027,5926955.010081334
2022-04-01 00:00:00.000,0.007936655385008,488822287.46251845,6055770.812859194
2022-04-02 00:00:00.000,0.0082273720603189,507587912.4529204,6182226.120789237
2022-04-03 00:00:00.000,0.0080819391917073,497607161.5878764,4071774.521367738
2022-04-04 00:00:00.000,0.0081897701807887,503277316.7408369,3493399.880832522
2022-04-05 00:00:00.000,0.0086869143060125,538224657.615968,9618336.120151658
2022-04-06 00:00:00.000,0.0082095127000018,505402459.5709574,5555144.262973539
2022-04-07 00:00:00.000,0.0077805658592049,480375932.6280722,5274901.0788306985
2022-04-08 00:00:00.000,0.0079750766287334,489746965.1080659,3459994.0903580366
2022-04-09 00:00:00.000,0.0074870053604501,459172725.02387154,3605565.158771086
2022-04-10 00:00:00.000,0.007448969666562,458365734.246004,2333750.3315802077
2022-04-11 00:00:00.000,0.0074218666328762,458468515.8328736,2392475.206139755
2022-04-12 00:00:00.000,0.0061432046098036,378921442.1727215,7310877.192315801
2022-04-13 00:00:00.000,0.0061457503644432,378491440.2758171,5888592.527340072
2022-04-14 00:00:00.000,0.0062873303160991,387325374.3214382,4054366.414117077
2022-04-15 00:00:00.000,0.0061371987274267,378064697.9657616,8249747.049317485
2022-04-16 00:00:00.000,0.0063078139240802,388263191.68212366,3041399.6533386055
2022-04-17 00:00:00.000,0.0060743495869666,374214897.5571344,2331390.652818703
2022-04-18 00:00:00.000,0.0059004211005606,362852166.61297345,2641006.453243849
2022-04-19 00:00:00.000,0.0061193887336106,380113835.3177191,6177072.891228692
2022-04-20 00:00:00.000,0.0062447054128882,388704693.7840061,4489057.195328677
2022-04-21 00:00:00.000,0.0059297198574689,369929173.9446565,4124837.166764055
2022-04-22 00:00:00.000,0.0055037405906937,342365024.16200155,4736939.2700807005
2022-04-23 00:00:00.000,0.0052646071946814,327811132.6720095,4200706.582795588
2022-04-24 00:00:00.000,0.0052973906924836,329968030.0473325,2521828.1424950957
2022-04-25 00:00:00.000,0.0051484432755866,320925390.2884011,3320025.05990774
2022-04-26 00:00:00.000,0.0053650325013093,334607779.97254425,6874151.998350534
2022-04-27 00:00:00.000,0.0047896606223648,297768172.38573366,5404387.004963926
2022-04-28 00:00:00.000,0.0047284678916391,293591325.8108882,4913835.124263219
2022-04-29 00:00:00.000,0.0046507682442481,294228899.00527525,3563653.1906705704
2022-04-30 00:00:00.000,0.0045992113526724,290935685.3896682,5753251.789704449
2022-05-01 00:00:00.000,0.0040232517289301,254709292.56156084,4406244.811795607
2022-05-02 00:00:00.000,0.0041547974313409,262887164.06338763,4489765.76721401
2022-05-03 00:00:00.000,0.00430851200341,272726329.0628313,3471186.108758389
2022-05-04 00:00:00.000,0.0040224229095755,253999387.5675426,3566223.7880549612
2022-05-05 00:00:00.000,0.0045009278431986,284695145.3848766,3999459.800583547
2022-05-06 00:00:00.000,0.0040811149319272,258305598.0830995,5628283.5365590835
2022-05-07 00:00:00.000,0.003990623797787,252667457.70566195,3806821.849195825
2022-05-08 00:00:00.000,0.003778748892099,240076260.92309204,2670617.4888247177
2022-05-09 00:00:00.000,0.003580803473722,226566095.8388855,3629043.408448871
2022-05-10 00:00:00.000,0.0030939684162061,196612513.7498366,6292824.689922008
2022-05-11 00:00:00.000,0.002976991348965,187777008.18107396,6944796.332126974
2022-05-12 00:00:00.000,0.0020121273332611,131671739.1080862,8814277.188678343
2022-05-13 00:00:00.000,0.0021876041841893,138397709.23761055,8292409.117530713
2022-05-14 00:00:00.000,0.0023716630678201,151181075.31146744,7441479.79532815
2022-05-15 00:00:00.000,0.0024832669695432,156799827.19626918,3760150.5662386217
2022-05-16 00:00:00.000,0.0027982327538477,175703810.09097886,3437985.935409836
2022-05-17 00:00:00.000,0.0025315497438091,162023183.58514592,3319790.050793437
2022-05-18 00:00:00.000,0.002625066780398,166191408.96418172,2974005.9531177306
2022-05-19 00:00:00.000,0.0022632289600975,144571644.77945605,4335117.956097517
2022-05-20 00:00:00.000,0.0024973916302881,158921958.3664396,3225618.933548274
2022-05-21 00:00:00.000,0.0023391113313501,148772768.3675003,2483911.938946816
2022-05-22 00:00:00.000,0.0023952864305215,152154639.24574685,1491610.6149306798
2022-05-23 00:00:00.000,0.0024842975342394,157966401.7135896,1579678.4376529213
2022-05-24 00:00:00.000,0.0023667435816104,150700982.47705865,2290759.844529275
2022-05-25 00:00:00.000,0.0023856339964135,151740750.4597758,1876596.0377937795
2022-05-26 00:00:00.000,0.002309700029172,146771439.601637,1692387.9848169645
2022-05-27 00:00:00.000,0.0021549945266714,136771713.58736005,2755303.6877784585
2022-05-28 00:00:00.000,0.0020130014917375,127918428.22854204,2170404.243769447
2022-05-29 00:00:00.000,0.0021245171469894,134955399.43576276,1310336.6887669107
2022-05-30 00:00:00.000,0.0021464188456053,136428763.5755376,1153659.6987318606
2022-05-31 00:00:00.000,0.0023256397418233,147969012.48828128,2436934.3034662404
2022-06-01 00:00:00.000,0.0022691133897673,144346355.95309123,2075887.745647449
2022-06-02 00:00:00.000,0.0020704445897709,131622413.71237156,2074492.129291524
2022-06-03 00:00:00.000,0.0020862175211223,132695891.37035234,1456891.7920007063
2022-06-04 00:00:00.000,0.0019191480276338,121859849.2971686,1870077.7828955625
2022-06-05 00:00:00.000,0.0019252346688704,121868251.95173034,1293694.8178583954
2022-06-06 00:00:00.000,0.001943562087548,123712240.03835016,1106978.2033794697
2022-06-07 00:00:00.000,0.0019926279540383,126733077.09271662,1507707.3415784305
2022-06-08 00:00:00.000,0.0019089379131185,121408448.02668443,2147236.999594231
2022-06-09 00:00:00.000,0.0019038131401022,121515504.24025284,1453107.9815745282
2022-06-10 00:00:00.000,0.0019168639887874,122107696.28111306,1581320.299073393
2022-06-11 00:00:00.000,0.0017745542617218,113529992.41868286,1487818.4190117782
2022-06-12 00:00:00.000,0.0016689434778289,106538935.0827342,1543777.7000641592
2022-06-13 00:00:00.000,0.001553728459486,99616102.4798647,1712120.9586040832
2022-06-14 00:00:00.000,0.0014349306517869,90930342.58660436,3610188.477871919
2022-06-15 00:00:00.000,0.0014723998515878,93926037.65459824,2462791.819778071
2022-06-16 00:00:00.000,0.0015864498964696,100944019.45408382,2826171.2574893935
2022-06-17 00:00:00.000,0.0014008006320641,89877151.95994785,1747250.388984986
2022-06-18 00:00:00.000,0.0014699143178129,93946562.34928846,1537476.2737915074
2022-06-19 00:00:00.000,0.0013998426212913,89879282.18805373,1990159.7655419288
2022-06-20 00:00:00.000,0.0015290965211244,97245314.54253146,1916979.2739371592
2022-06-21 00:00:00.000,0.0015003979374152,95513502.4080668,2271611.3646108066
2022-06-22 00:00:00.000,0.0015543260510296,98955616.83973938,2600244.0352420914
2022-06-23 00:00:00.000,0.0015028183977601,95814804.4548736,1958053.5174517424
2022-06-24 00:00:00.000,0.001589634640598,101685754.89575604,1429075.9697145384
2022-06-25 00:00:00.000,0.0017019104637286,108918892.3760084,2285570.1204584115
2022-06-26 00:00:00.000,0.0017337395131395,110537777.64347592,2020395.833456167
2022-06-27 00:00:00.000,0.0016707119668401,106580324.64008144,1700222.7209552247
2022-06-28 00:00:00.000,0.0016546006647683,106082032.62427226,1701749.7803909597
2022-06-29 00:00:00.000,0.0016120817454307,102867159.46444245,1365187.4600480285
2022-06-30 00:00:00.000,0.0015202481924216,97218585.07497673,1477420.1756223603
2022-07-01 00:00:00.000,0.0014982620208903,93818679.78407152,1640046.941229513
2022-07-02 00:00:00.000,0.0014783281814086,95109065.84187868,1720664.4291408577
2022-07-03 00:00:00.000,0.0014562047117951,93269705.24988525,1360408.943730608
2022-07-04 00:00:00.000,0.0014742408314358,94374581.8666428,1880868.6153826849
2022-07-05 00:00:00.000,0.001501802170786,95359083.7061785,1798835.4625743716
2022-07-06 00:00:00.000,0.0014515953196978,92622396.92110977,1820270.4559041492
2022-07-07 00:00:00.000,0.0014563276189751,93463238.80986346,1422431.5129607688
2022-07-08 00:00:00.000,0.0014848444561544,94738660.01658198,1702390.402461656
2022-07-09 00:00:00.000,0.0014362476200541,91884440.52806178,1466514.3875520604
2022-07-10 00:00:00.000,0.001443425713696,92539080.53892076,1130531.3076332149
2022-07-11 00:00:00.000,0.0014286577814335,91226352.6559733,1253442.5554864905
2022-07-12 00:00:00.000,0.0013607871514357,86920224.39764029,1382693.6718050088
2022-07-13 00:00:00.000,0.0012980334711358,83222753.39017995,1209064.5487764564
2022-07-14 00:00:00.000,0.0013366175720073,85759202.21440466,1380527.1115806426
2022-07-15 00:00:00.000,0.0013822465641948,88285991.1392071,1729802.0976620791
2022-07-16 00:00:00.000,0.0013941699414025,89214324.90964687,2617250.825430358
2022-07-17 00:00:00.000,0.0014562226146206,93175626.58872914,1539027.4882027851
2022-07-18 00:00:00.000,0.0014073120762948,90570874.16953512,1354923.0775219153
2022-07-19 00:00:00.000,0.0015846794089093,101308518.65267092,2773106.630292125
2022-07-20 00:00:00.000,0.0016745194433312,106509660.22017272,2663257.1174474997
2022-07-21 00:00:00.000,0.0016713404525283,107687301.0782456,2335192.746010115
2022-07-22 00:00:00.000,0.0016657444090373,107017130.84247863,2542244.527821888
2022-07-23 00:00:00.000,0.0016699177171344,108699147.04731277,2096478.6421289044
2022-07-24 00:00:00.000,0.0016730673578085,106729716.75394133,1447030.595862193
2022-07-25 00:00:00.000,0.0016534433403507,106536020.3352087,1061359.6308184334
2022-07-26 00:00:00.000,0.0015335208727165,98592917.39397578,1393276.664226912
2022-07-27 00:00:00.000,0.0014966286325851,95538166.02800684,1229575.6755132969
2022-07-28 00:00:00.000,0.0016293119465486,104372895.70175289,1443701.125252633
2022-07-29 00:00:00.000,0.0016174517058416,103093149.6699562,2027186.5306940444
2022-07-30 00:00:00.000,0.0015777039143075,101856452.06148154,1688659.9623391393
2022-07-31 00:00:00.000,0.0016105550626184,103192170.8966607,1693508.067372646
2022-08-01 00:00:00.000,0.0015689837257217,100241685.28084652,1524243.4751327592
2022-08-02 00:00:00.000,0.0015892219444703,101159228.9716274,1233636.237163976
2022-08-03 00:00:00.000,0.0015660587107163,100450471.4252878,1290691.1842838626
2022-08-04 00:00:00.000,0.0015765628046572,100844739.22516406,1271737.2409437145
2022-08-05 00:00:00.000,0.0015555838915136,99185665.16480768,1627628.8226371247
2022-08-06 00:00:00.000,0.0015808665400912,100974719.3642221,1642264.260365784
2022-08-07 00:00:00.000,0.0015532198102684,99754276.57330686,1358733.2667789033
2022-08-08 00:00:00.000,0.0015683898779815,100630493.1190882,968900.4188979836
2022-08-09 00:00:00.000,0.001619244981347,103832370.27899,1582757.504908702
2022-08-10 00:00:00.000,0.0015912282911904,101690727.4619932,1335966.2477581173
2022-08-11 00:00:00.000,0.0016266907196361,104015650.766728,1644254.7872314
2022-08-12 00:00:00.000,0.0017061496776035,109011925.41937582,2052955.4459956917
2022-08-13 00:00:00.000,0.0019149128440837,122442720.84857129,3168740.859489722
2022-08-14 00:00:00.000,0.0019935948893582,127317788.05467506,3512219.3078655307
2022-08-15 00:00:00.000,0.0018272609433848,117035140.27666783,2153460.6772668795
2022-08-16 00:00:00.000,0.0018420277576251,118283912.9729802,1889160.3814082197
2022-08-17 00:00:00.000,0.001762614905437,113251450.74690533,1305907.938500345
2022-08-18 00:00:00.000,0.0017219812594852,110185634.63168582,1344508.0354829277
2022-08-19 00:00:00.000,0.0017125831843321,109973836.19463567,1037722.5106256612
2022-08-20 00:00:00.000,0.0015338554515739,98299624.02040093,1917639.7520605712
2022-08-21 00:00:00.000,0.0015618529315371,97322642.30254184,1606972.3264406635
2022-08-22 00:00:00.000,0.001595103000091,102311007.7663951,1102492.496443391
2022-08-23 00:00:00.000,0.0015977230257422,101679967.84625374,1111286.321592915
2022-08-24 00:00:00.000,0.0016347157319818,104198797.38588087,1221528.0735783326
2022-08-25 00:00:00.000,0.0016356883844682,104636556.60962635,970001.4280959537
2022-08-26 00:00:00.000,0.0016568521514427,106647627.54368947,970240.1818031992
2022-08-27 00:00:00.000,0.0015472475587671,99127426.26566884,1064286.062621225
2022-08-28 00:00:00.000,0.0015439840822927,99175819.88045952,1083407.660943071
2022-08-29 00:00:00.000,0.0015278123793288,97808771.18080509,783732.5613687023
2022-08-30 00:00:00.000,0.0015979834166555,102785084.7522539,1040864.4277537324
2022-08-31 00:00:00.000,0.0015529423124736,100293190.08895832,1152829.5415346834
2022-09-01 00:00:00.000,0.0015509519786023,100466763.78293036,1059159.4039280058
2022-09-02 00:00:00.000,0.0015553314699445,101230385.31635174,1047607.4404080384
2022-09-03 00:00:00.000,0.0015317071628211,100026873.00450516,825868.051158705
2022-09-04 00:00:00.000,0.0015252916098525,99001468.31344092,657936.925097225
2022-09-05 00:00:00.000,0.001568486974381,102304403.6882422,851147.0878353673
2022-09-06 00:00:00.000,0.0015427212799466,100659501.85228495,795808.2041646725
2022-09-07 00:00:00.000,0.0014934218135852,97265750.32001469,1066983.0195503405
2022-09-08 00:00:00.000,0.0015026160003649,99013676.12112369,1275077.9939775155
2022-09-09 00:00:00.000,0.0014843644860542,98154846.37781084,805101.8626523558
2022-09-10 00:00:00.000,0.0015332202197461,100745348.5360608,991064.3973927438
2022-09-11 00:00:00.000,0.00154940857397,100243250.18519837,839018.3452317165
2022-09-12 00:00:00.000,0.0015322237636475,100011299.20654692,751421.3899751304
2022-09-13 00:00:00.000,0.0015170418059199,99202418.0906302,881726.4012162987
2022-09-14 00:00:00.000,0.0014808802258102,96193066.84799165,1174018.1929001943
2022-09-15 00:00:00.000,0.0015056381960877,97958557.2291074,920214.6181338206
2022-09-16 00:00:00.000,0.0014387513895539,93555663.7908488,951503.8651436126
2022-09-17 00:00:00.000,0.0014267229821897,92938116.94203895,877083.6587704549
2022-09-18 00:00:00.000,0.0014478139756011,94854846.50145575,734079.2656745358
2022-09-19 00:00:00.000,0.0013587691678889,88860599.96218462,1276855.3879730413
2022-09-20 00:00:00.000,0.0014197749675029,92627949.6370708,1293767.7425124582
2022-09-21 00:00:00.000,0.001372075967206,89351030.60404381,834088.9387019982
2022-09-22 00:00:00.000,0.001329809156507,86284364.41367117,969058.3765209372
2022-09-23 00:00:00.000,0.0013480536400833,87818422.69153498,993973.0098112524
2022-09-24 00:00:00.000,0.0013447900382643,88707099.22490264,1021647.7214563068
2022-09-25 00:00:00.000,0.0013579404397644,90080614.16398787,1078629.20897148
2022-09-26 00:00:00.000,0.0013362537458523,89242084.1116583,759977.7171446437
2022-09-27 00:00:00.000,0.0013242728023354,87883959.98770593,933141.6707251144
2022-09-28 00:00:00.000,0.0013260664603315,87652443.71531674,1069144.9157142218
2022-09-29 00:00:00.000,0.0012887866401748,85652345.24937145,1442508.805111434
2022-09-30 00:00:00.000,0.0012804080059945,85116891.33534203,1086865.3540245248
2022-10-01 00:00:00.000,0.0012630105086096,83968424.9131219,900629.8374149645
2022-10-02 00:00:00.000,0.0012170740659182,80769361.72338489,941309.0512586468
2022-10-03 00:00:00.000,0.0011817281644282,78212182.22770965,921400.7468829668
2022-10-04 00:00:00.000,0.0012020384804193,79759823.92147171,1115862.9192372267
2022-10-05 00:00:00.000,0.0012188576475515,80783773.8486554,807983.3542114994
2022-10-06 00:00:00.000,0.0011852444444618,78912181.14860101,815539.4577970132
2022-10-07 00:00:00.000,0.0013903207947611,91871287.86161584,2351885.9834276866
2022-10-08 00:00:00.000,0.0012949339350849,86092684.39093772,2287472.701960824
2022-10-09 00:00:00.000,0.001320400056672,87859907.15104625,882753.7770115571
2022-10-10 00:00:00.000,0.0013136003476724,86743380.67631541,819357.2925044412
2022-10-11 00:00:00.000,0.0012605084163218,83983928.2107248,733410.2657021623
2022-10-12 00:00:00.000,0.0012405113346019,82160900.16520488,683706.7484597783
2022-10-13 00:00:00.000,0.001233537335815,81971165.81578451,741353.8234927793
2022-10-14 00:00:00.000,0.0012352157844517,81995896.68551463,977333.3110761812
2022-10-15 00:00:00.000,0.0012273039595183,81372530.0274904,893890.6335468864
2022-10-16 00:00:00.000,0.0012263790654049,81273241.64176975,549328.5982220588
2022-10-17 00:00:00.000,0.0012398743014492,82420374.18759254,642442.7227223542
2022-10-18 00:00:00.000,0.0012614084473572,83688993.00078538,861928.1609695719
2022-10-19 00:00:00.000,0.0012428775416741,82704389.90800276,779382.0252316616
2022-10-20 00:00:00.000,0.0011909619266864,79129070.25407456,788295.1789870046
2022-10-21 00:00:00.000,0.0011968128442601,79361490.17522386,923862.933624604
2022-10-22 00:00:00.000,0.0012018107769484,79988915.50240165,789912.1880943184
2022-10-23 00:00:00.000,0.001212276255664,80588267.8524641,689808.626654793
2022-10-24 00:00:00.000,0.0012311891716944,81906476.1021567,586402.2467191902
2022-10-25 00:00:00.000,0.0011963773761783,79196444.4197781,662962.8637923413
2022-10-26 00:00:00.000,0.0012396922129576,82256854.70749854,868440.5922810329
2022-10-27 00:00:00.000,0.0012643788700545,84177482.55909704,981398.958663314
2022-10-28 00:00:00.000,0.0012287988190835,81666010.32580267,391842.03267479665
2022-10-29 00:00:00.000,0.0012648550705181,84058414.96640511,851093.9250818422
2022-10-30 00:00:00.000,0.0013740680965616,91450638.91261348,1523085.0484139367
2022-10-31 00:00:00.000,0.0014146316512843,93828518.44899376,1450305.072703321
2022-11-01 00:00:00.000,0.0016025631210558,106281895.82450162,2551470.793112648
2022-11-02 00:00:00.000,0.0015879548805129,105563804.0291078,2705422.4690483697
2022-11-03 00:00:00.000,0.0014655734556827,97524361.0424604,2007722.6341490443
2022-11-04 00:00:00.000,0.0015417890545103,102562131.62407258,1425963.9238251543
2022-11-05 00:00:00.000,0.00183766024582,123259078.28628024,3240673.9218943203
2022-11-06 00:00:00.000,0.0017691816996599,117678284.98765612,1710231.697410564
2022-11-07 00:00:00.000,0.0021011895354143,139538758.71289915,4416704.846852997
2022-11-08 00:00:00.000,0.002410559300024,161775899.78312656,7280340.710313477
2022-11-09 00:00:00.000,0.0019401159868198,128408540.0172751,6346541.038229874
2022-11-10 00:00:00.000,0.0013660205329457,89760546.88398115,4202703.951029138
2022-11-11 00:00:00.000,0.0020014710720168,133430701.86480576,6880184.803307239
2022-11-12 00:00:00.000,0.0018361463561481,123084323.48561405,3596905.3384114085
2022-11-13 00:00:00.000,0.0017319775200207,116254917.09316656,1419809.0215825993
2022-11-14 00:00:00.000,0.0016312485191187,108250355.30165836,1653737.7827136044
2022-11-15 00:00:00.000,0.0017454011306433,116013483.35408394,2028736.8883140993
2022-11-16 00:00:00.000,0.0017735395983451,118055960.2915402,1718367.130234517
2022-11-17 00:00:00.000,0.001726465179462,115463455.78643088,1987830.869236861
2022-11-18 00:00:00.000,0.0017555291416384,116059194.3751562,1287773.5909979185
2022-11-19 00:00:00.000,0.0018814301978055,124820835.51499932,1897819.9834448155
2022-11-20 00:00:00.000,0.002052675376351,136977005.40805086,1297041.9591366795
2022-11-21 00:00:00.000,0.0017716471154999,117732547.0855394,1359707.1684144451
2022-11-22 00:00:00.000,0.0016746491705286,111271393.31379163,1416964.835324676
2022-11-23 00:00:00.000,0.002113464569347,140337394.6266582,3169719.911392999
2022-11-24 00:00:00.000,0.0022633041465153,150109892.57716882,3977548.5191337047
2022-11-25 00:00:00.000,0.0022781559050678,151140077.02297115,1389139.144512941
2022-11-26 00:00:00.000,0.0021834042672827,145168723.83103037,565063.3360140995
2022-11-27 00:00:00.000,0.0022144679399249,147205298.03141177,961347.5309939036
2022-11-28 00:00:00.000,0.0025342921408329,168261403.17567265,8287526.869022308
2022-11-29 00:00:00.000,0.0023961039097399,159217361.01247254,1849896.3763241747
2022-11-30 00:00:00.000,0.0029020598716919,194100738.2565113,4653081.598845991
2022-12-01 00:00:00.000,0.0029902997705412,199963989.43193,3960419.16846078
2022-12-02 00:00:00.000,0.0030795512246088,206438200.32950532,2674679.231568175
2022-12-03 00:00:00.000,0.0030038688956006,201303466.79783,1593597.1782505866
2022-12-04 00:00:00.000,0.0029613301992592,199043703.7591577,974791.9813379776
2022-12-05 00:00:00.000,0.0032193761299315,215848026.24783728,1868656.9845817592
2022-12-06 00:00:00.000,0.0031090261420018,208145657.94375408,2725765.6387978275
2022-12-07 00:00:00.000,0.0030446449658846,203717468.83460695,987101.8785599492
2022-12-08 00:00:00.000,0.0029769421314807,199359866.73573104,1491617.2017345857
2022-12-09 00:00:00.000,0.0029555332253516,198318244.89689556,1588336.3433031435
2022-12-10 00:00:00.000,0.0028810201864387,193014715.59078717,571344.6471315096
2022-12-11 00:00:00.000,0.0028263255691333,189777230.354604,644982.68185265
2022-12-12 00:00:00.000,0.0028016099991039,187250033.19348097,518231.2764329516
2022-12-13 00:00:00.000,0.0026537966294208,177517031.7722934,1643465.7017877267
2022-12-14 00:00:00.000,0.0026577008387384,177950096.5582536,1526335.3841090477
2022-12-15 00:00:00.000,0.0025500529978136,170585571.90059602,1167589.822830496
2022-12-16 00:00:00.000,0.0023157577438671,155203145.44675013,1842449.46930232
2022-12-17 00:00:00.000,0.0021081630090547,140636448.410058,1538128.270456368
2022-12-18 00:00:00.000,0.0021485918251194,143900289.28347144,760603.2632768949
2022-12-19 00:00:00.000,0.0022245977223463,148935598.71823323,493139.4488113126
2022-12-20 00:00:00.000,0.0023125084862711,154545111.26071042,1826441.8608693143
2022-12-21 00:00:00.000,0.002320718204208,154469121.42619345,740046.792860336
2022-12-22 00:00:00.000,0.0021589472136082,144332527.67547122,803120.7894896772
2022-12-23 00:00:00.000,0.0021876613707612,146613361.1247025,717557.4131493632
2022-12-24 00:00:00.000,0.0021866807953533,146260699.16734594,270365.88412969257
2022-12-25 00:00:00.000,0.0021716912194003,145826367.83738655,174012.6447942785
2022-12-26 00:00:00.000,0.002167298960845,145210155.4978793,149536.41868455257
2022-12-27 00:00:00.000,0.0022435695265133,150295718.87733373,660470.6979895486
2022-12-28 00:00:00.000,0.0020814358704394,139808811.16304156,858323.5598329436
2022-12-29 00:00:00.000,0.0018876377035034,126981683.9349011,1096516.007690097
2022-12-30 00:00:00.000,0.0019591452283082,131402633.47992118,863569.466900187
2022-12-31 00:00:00.000,0.0019098286357612,128320593.157535,852038.4694958044
2023-01-01 00:00:00.000,0.0019010478631015,127436456.08728792,722094.506809465
2023-01-02 00:00:00.000,0.0019073792641898,128625253.02748252,552848.7131039691
2023-01-03 00:00:00.000,0.0019521792008721,130975284.86219884,727898.6329948757
2023-01-04 00:00:00.000,0.0019230461297217,129049341.62678596,618541.8838124768
2023-01-05 00:00:00.000,0.0019949005972828,133990478.60612994,1156005.7240965825
2023-01-06 00:00:00.000,0.0019407788412899,130336628.03940144,816152.3664809434
2023-01-07 00:00:00.000,0.00200067604759,133727190.01629616,608862.8126255788
2023-01-08 00:00:00.000,0.0019604282391118,132417565.11053954,585101.0604504694
2023-01-09 00:00:00.000,0.0019738408232703,132608523.7700562,888791.4379755585
2023-01-10 00:00:00.000,0.001998385341403,134876332.28179324,1295088.92821412
2023-01-11 00:00:00.000,0.0020404826596615,136736807.40571716,716238.4094457901
2023-01-12 00:00:00.000,0.0020122414531141,134974051.78947985,964080.2831849456
2023-01-13 00:00:00.000,0.0020516344741629,137871053.53055528,1179450.2491858937
2023-01-14 00:00:00.000,0.002235254088689,151423085.3974514,1937500.3337168165
2023-01-15 00:00:00.000,0.002317109369095,156946635.1166346,2186262.466635209
2023-01-16 00:00:00.000,0.0022974780537567,156244771.3148583,1341905.1906717515
2023-01-17 00:00:00.000,0.0023097630797389,157065980.17816862,1414093.0899041223
2023-01-18 00:00:00.000,0.0024638052127309,167200537.90290147,2144965.2918438734
2023-01-19 00:00:00.000,0.0022723644341852,154797924.29744303,3954304.039000996
2023-01-20 00:00:00.000,0.0022583444473181,153107797.32561576,1543958.7131918657
2023-01-21 00:00:00.000,0.0027246776260464,184235346.5511301,4130956.290446407
2023-01-22 00:00:00.000,0.0025970273328985,176006552.93683082,2705820.9023195766
2023-01-23 00:00:00.000,0.0025273516189795,172229390.9125688,2137497.3978500855
2023-01-24 00:00:00.000,0.0025310692889332,171526873.80369172,1639153.507231803
2023-01-25 00:00:00.000,0.0023875915896243,162769228.06701362,1416514.7175795562
2023-01-26 00:00:00.000,0.0024678514321741,167067551.91349757,2129404.2269655056
2023-01-27 00:00:00.000,0.002437730118027,165394683.13083044,1439651.8299275353
2023-01-28 00:00:00.000,0.0023958823286458,162227938.13608694,1128865.459331618
2023-01-29 00:00:00.000,0.0023409342363798,157787042.21283942,915879.7038668658
2023-01-30 00:00:00.000,0.002398073100884,162508204.79366618,1534640.18040508
2023-01-31 00:00:00.000,0.0021797116515823,147896504.83582878,1543785.735814392
2023-02-01 00:00:00.000,0.0022283814544224,150828189.01040825,1137713.1629286837
2023-02-02 00:00:00.000,0.0023514125772904,159607763.11436838,1537529.1599081992
2023-02-03 00:00:00.000,0.0022863629109344,154965278.2335811,1271351.6887748924
2023-02-04 00:00:00.000,0.0023503639779308,159539984.94504493,1304951.7860435282
2023-02-05 00:00:00.000,0.002329085803665,158282440.31116468,1174204.2812251658
2023-02-06 00:00:00.000,0.0024404315547194,165550246.13880673,3840411.773678624
2023-02-07 00:00:00.000,0.0024755038770918,166582311.4977117,2203149.339190145
2023-02-08 00:00:00.000,0.0029808386131711,201722360.1291657,4240944.816853423
2023-02-09 00:00:00.000,0.002877084464809,195400146.77391827,5221801.901844837
2023-02-10 00:00:00.000,0.0025437192290182,172468395.6871247,2992159.0206729784
2023-02-11 00:00:00.000,0.0025101959292454,170116049.74414095,2256187.8391646435
2023-02-12 00:00:00.000,0.0026358468169557,178350499.21367598,843730.3114200793
2023-02-13 00:00:00.000,0.0025699569018369,175011214.53942055,1331608.89518265
2023-02-14 00:00:00.000,0.0024519417787464,165785213.00401086,1895227.7686602443
2023-02-15 00:00:00.000,0.0024969199559387,169201380.52941427,1587760.0122781328
2023-02-16 00:00:00.000,0.0026808547199304,182064632.91661215,1868713.348144765
2023-02-17 00:00:00.000,0.0025959226036658,176479154.1542924,3226809.5097726244
2023-02-18 00:00:00.000,0.0027628868478848,188750629.69258296,3056323.925309283
2023-02-19 00:00:00.000,0.0028478589067327,194705950.7077571,1823537.743771004
2023-02-20 00:00:00.000,0.0026671656856351,183089256.88724637,4239555.289805725
2023-02-21 00:00:00.000,0.0027561243907594,188528396.7325512,2438687.940767301
2023-02-22 00:00:00.000,0.0026206805610411,178694993.7311281,1977755.746690328
2023-02-23 00:00:00.000,0.0025637878773148,175742668.25145802,2232546.8942388576
2023-02-24 00:00:00.000,0.0025079660996174,171337481.8678865,1311693.305557911
2023-02-25 00:00:00.000,0.0024388081203968,164340338.18843934,2090863.615728679
2023-02-26 00:00:00.000,0.0024214183353481,166120428.44370544,1963763.740963352
2023-02-27 00:00:00.000,0.0025073126502115,171000476.01762602,1073935.7474353802
2023-02-28 00:00:00.000,0.0028631625010222,195682765.3900043,4152246.3201638744
2023-03-01 00:00:00.000,0.0026984308467196,184110715.82722417,2624830.62109872
2023-03-02 00:00:00.000,0.0028227016421142,193128740.0889199,1622310.7643719765
2023-03-03 00:00:00.000,0.0027606356007057,188555761.5218235,1489187.6986415368
2023-03-04 00:00:00.000,0.0026325057670445,179495981.97806406,1433998.8189508994
2023-03-05 00:00:00.000,0.0025846140455251,177148042.51278174,649706.0733601615
2023-03-06 00:00:00.000,0.0026899086315739,183787789.60979748,840695.2166795554
2023-03-07 00:00:00.000,0.0026037059266779,177908582.4824406,1179254.5093237387
2023-03-08 00:00:00.000,0.0025542617789886,174299783.62498245,1151963.5816221973
2023-03-09 00:00:00.000,0.0024324379866021,166702104.48466188,1249251.1528237015
2023-03-10 00:00:00.000,0.0022548056291865,153778470.49895042,2341707.590868108
2023-03-11 00:00:00.000,0.0022802519906958,155710320.91207877,1449916.3901373122
2023-03-12 00:00:00.000,0.0022767234328143,155758438.02135646,1741432.7607088664
2023-03-13 00:00:00.000,0.0023672652458265,161991887.2467829,1038106.6441593266
2023-03-14 00:00:00.000,0.0023986786633737,164348876.47928336,1721035.59591972
2023-03-15 00:00:00.000,0.0025861003890416,176885745.3942668,2432226.160549342
2023-03-16 00:00:00.000,0.0023378141208764,160105983.70872992,1629660.6722528744
2023-03-17 00:00:00.000,0.0024274469190463,165753015.11015078,816749.1179596919
2023-03-18 00:00:00.000,0.0024664507597884,168138237.58984065,1488949.12442022
2023-03-19 00:00:00.000,0.002329613484959,159236909.80868605,1256912.2552201336
2023-03-20 00:00:00.000,0.0023077427663619,158441898.00336447,911060.269931118
2023-03-21 00:00:00.000,0.0021708050878877,148597760.8046481,1520756.22564243
2023-03-22 00:00:00.000,0.0021932198427427,149989667.88167438,2210732.7839088123
2023-03-23 00:00:00.000,0.0020496531482707,139932431.30595392,2878540.953816559
2023-03-24 00:00:00.000,0.0020960785263242,144153716.35008067,1683977.18024058
2023-03-25 00:00:00.000,0.0019974940056939,136473579.6043699,1846381.4474868523
2023-03-26 00:00:00.000,0.0021117738453086,144310330.00449646,2642728.5614759475
2023-03-27 00:00:00.000,0.0020889074744298,143448170.06583813,1178004.3882567254
2023-03-28 00:00:00.000,0.0019973743333998,136550366.37074894,955600.945696331
2023-03-29 00:00:00.000,0.0020287044579127,138764083.65023658,991392.3417044831
2023-03-30 00:00:00.000,0.0024068120507318,164769123.82354805,3848535.5277750264
2023-03-31 00:00:00.000,0.0025098105346775,172512453.2804783,2399089.5002604215
2023-04-01 00:00:00.000,0.0026770320338123,185480798.3151404,4470790.324714717
2023-04-02 00:00:00.000,0.0025430357932755,175412629.9358539,1300218.4073139438
2023-04-03 00:00:00.000,0.0024225144819781,166606232.0698466,1336373.910065756
2023-04-04 00:00:00.000,0.0023830018016353,164871158.14608207,1362261.001839395
2023-04-05 00:00:00.000,0.0025130111370585,173025797.2629978,1068244.9355154291
2023-04-06 00:00:00.000,0.0024430162991928,168712177.35619295,1221255.3553689716
2023-04-07 00:00:00.000,0.0024250417503528,167423400.11406443,945798.711576788
2023-04-08 00:00:00.000,0.0023842827227449,164519990.88737944,877087.1899955523
2023-04-09 00:00:00.000,0.0023352539051868,160908459.4779233,813709.0287561003
2023-04-10 00:00:00.000,0.0023721597505971,164218066.4321648,930904.873743915
2023-04-11 00:00:00.000,0.0023824380390433,164388850.10347423,1004399.1183753724
2023-04-12 00:00:00.000,0.0024351856929451,168283206.25705144,1328036.8914587516
2023-04-13 00:00:00.000,0.0025761720246655,178208555.2725633,2091512.9982496863
2023-04-14 00:00:00.000,0.002576168902257,178035911.3706108,1463448.2366010982
2023-04-15 00:00:00.000,0.0026044700077439,179863036.37171763,1687538.67017571
2023-04-16 00:00:00.000,0.0026412652893032,182157418.62990737,1349437.3551347256
2023-04-17 00:00:00.000,0.0027147603919567,187143289.99249172,1374358.931763508
2023-04-18 00:00:00.000,0.0024774777221604,171914474.34268934,1866266.4307544185
2023-04-19 00:00:00.000,0.0025676363283412,177524617.95526353,1328555.545887085
2023-04-20 00:00:00.000,0.002320035303021,160601561.9309081,1494020.7425549722
2023-04-21 00:00:00.000,0.002268648638955,156890344.98243672,1413220.6731459666
2023-04-22 00:00:00.000,0.0022025234781,152363592.03015223,1230579.886094326
2023-04-23 00:00:00.000,0.0022717813680333,157309194.85188177,835240.9624851462
2023-04-24 00:00:00.000,0.0022179536852379,153445085.92739636,687205.7100035405
2023-04-25 00:00:00.000,0.0022832178595349,157681598.27200603,1362180.1442464744
2023-04-26 00:00:00.000,0.0022626207518329,156651627.9512444,1020524.3353916858
2023-04-27 00:00:00.000,0.0022286705389818,154092964.12189388,1297969.004589891
2023-04-28 00:00:00.000,0.002220041515116,153638698.529315,810704.9268727468
2023-04-29 00:00:00.000,0.0021645587575838,149671768.6043732,1083431.7082574214
2023-04-30 00:00:00.000,0.0021708225993273,150128698.47794712,629302.1886629204
2023-05-01 00:00:00.000,0.0021468222822526,148282847.91001636,851874.7100045697
2023-05-02 00:00:00.000,0.0020808316906747,143758071.34924594,978493.2290254564
2023-05-03 00:00:00.000,0.002038012886216,140666648.55137342,838728.1710951452
2023-05-04 00:00:00.000,0.0020483067750096,141611413.11645925,879629.626391951
2023-05-05 00:00:00.000,0.0020118800014545,138971166.407067,888550.3428586789
2023-05-06 00:00:00.000,0.0019802574071642,137218429.44125164,1246110.6165197894
2023-05-07 00:00:00.000,0.001918195417458,132672744.40817782,847607.9188873646
2023-05-08 00:00:00.000,0.001914489162323,132295186.15330018,653558.8869382667
2023-05-09 00:00:00.000,0.0018216801105807,125556305.06303206,994500.1311510238
2023-05-10 00:00:00.000,0.0017405627977904,120493325.2393713,898598.7702394215
2023-05-11 00:00:00.000,0.0017695617091024,122542983.27086954,890505.3940095964
2023-05-12 00:00:00.000,0.0016682708861283,115422722.83989076,776964.2846446797
2023-05-13 00:00:00.000,0.001737346939832,120230005.45805606,984162.9844429176
2023-05-14 00:00:00.000,0.0018024722505581,125082285.69273213,751796.8890381946
2023-05-15 00:00:00.000,0.0018470365043535,128095540.87107743,463727.0473985757
2023-05-16 00:00:00.000,0.0018313091620812,127070546.06491168,609605.3504804125
2023-05-17 00:00:00.000,0.001760723428219,121731563.32420252,1309298.713499854
2023-05-18 00:00:00.000,0.0018106364850064,125070979.26136293,1009622.4044101628
2023-05-19 00:00:00.000,0.00179624771739,124439308.93497697,752363.6310172024
2023-05-20 00:00:00.000,0.0017924382626052,124392597.73663443,426575.3187497588
2023-05-21 00:00:00.000,0.0018067073048817,125159654.6538124,545199.4530812413
2023-05-22 00:00:00.000,0.0017878922222863,123830986.54087844,407047.2690966753
2023-05-23 00:00:00.000,0.0017328366252185,119918529.51430382,502309.4782462949
2023-05-24 00:00:00.000,0.0017370041069749,120221617.74851358,434040.7443079329
2023-05-25 00:00:00.000,0.0017061918152524,118288797.07806918,404978.02404168947
2023-05-26 00:00:00.000,0.0016593729356749,114522499.60072078,473437.242120577
2023-05-27 00:00:00.000,0.0016242928595214,112315702.82391468,596449.320999753
2023-05-28 00:00:00.000,0.0016349473087819,113355292.367654,330001.4702399682
2023-05-29 00:00:00.000,0.0017434405768356,120992449.3202594,547738.3183709331
2023-05-30 00:00:00.000,0.0016762030860863,116289408.53139298,504334.3330578619
2023-05-31 00:00:00.000,0.0016461756700461,114119983.31067608,547568.0790092882
2023-06-01 00:00:00.000,0.0015689482546258,108545581.659009,514742.65438103856
2023-06-02 00:00:00.000,0.0015524242964998,107132234.35619228,419485.00137859664
2023-06-03 00:00:00.000,0.0016262230650139,113879796.06562889,475155.2344225845
2023-06-04 00:00:00.000,0.0015586961548193,108686176.49556428,512918.113573676
2023-06-05 00:00:00.000,0.0015259712585678,106260812.06084014,658050.6786358862
2023-06-06 00:00:00.000,0.0014159592993555,98995546.7939532,625697.1396782628
2023-06-07 00:00:00.000,0.0015122609503371,105526428.48048514,998283.5100223072
2023-06-08 00:00:00.000,0.0014551877442781,101481052.52710707,433520.96188354713
2023-06-09 00:00:00.000,0.0014885764928997,103727574.66889012,354684.28892742
2023-06-10 00:00:00.000,0.001444785022518,100760465.0021293,493875.7363454116
2023-06-11 00:00:00.000,0.0013813282969858,96281459.61034536,966012.0477681964
2023-06-12 00:00:00.000,0.0013952701805811,97164253.40476954,673983.8206208809
2023-06-13 00:00:00.000,0.0013036936566267,90765936.74718107,630346.8784809659
2023-06-14 00:00:00.000,0.0013182193303204,92027632.36922246,665093.1572662272
2023-06-15 00:00:00.000,0.0012914951195552,90132046.4890663,291376.3073208569
2023-06-16 00:00:00.000,0.0012299171752499,85816787.50117408,697422.9423456517
2023-06-17 00:00:00.000,0.0012552480620822,87665605.37059441,618886.97577096
2023-06-18 00:00:00.000,0.0013029927699651,90958502.4417091,415052.46434854635
2023-06-19 00:00:00.000,0.0013550548946581,94575889.3992398,481518.6485428945
2023-06-20 00:00:00.000,0.0013250552652143,92397343.97455856,326305.81223910657
2023-06-21 00:00:00.000,0.0013677708335505,95534621.31281316,405474.87536604854
2023-06-22 00:00:00.000,0.001534917086837,106688950.5131194,1083860.9125148922
2023-06-23 00:00:00.000,0.0015087065736481,104922746.219729,965500.3504920742
2023-06-24 00:00:00.000,0.0015587135918265,108360841.8198346,652887.69913343
2023-06-25 00:00:00.000,0.0015079401126944,104784954.5523834,283804.5741969722
2023-06-26 00:00:00.000,0.001539147753852,106952567.92465836,424867.1283383251
2023-06-27 00:00:00.000,0.0015013059090422,104287046.17579296,411791.7619861148
2023-06-28 00:00:00.000,0.0015114113734777,104819002.72527409,671821.7445792629
2023-06-29 00:00:00.000,0.0013954543901955,97010245.39285924,520026.6937569699
2023-06-30 00:00:00.000,0.0014029310534628,97553955.08316848,343240.34737250104
2023-07-01 00:00:00.000,0.0014355371494062,99661448.08142518,625174.9619730543
2023-07-02 00:00:00.000,0.0014391623325082,99802732.41892436,261955.0504811692
2023-07-03 00:00:00.000,0.0014208337802804,98693962.06053925,269394.2406212696
2023-07-04 00:00:00.000,0.0014373121998056,99913024.66467012,706669.1174875692
2023-07-05 00:00:00.000,0.0013961921168536,97118324.4514783,439296.57048914826
2023-07-06 00:00:00.000,0.0014002971280832,97363180.3139162,767237.2530123998
2023-07-07 00:00:00.000,0.0013580169572723,94910346.55879578,512828.4576920114
2023-07-08 00:00:00.000,0.0013560419830623,94288056.67312749,306764.4521908281
2023-07-09 00:00:00.000,0.0013561839760539,95028788.8847428,209494.83780015944
2023-07-10 00:00:00.000,0.0013656029634592,95747690.57462002,244814.69294658708
2023-07-11 00:00:00.000,0.0013919551755998,97617499.85350738,670219.5914477708
2023-07-12 00:00:00.000,0.0014482617924922,101401605.47042356,578439.8860903562
2023-07-13 00:00:00.000,0.0014335214098532,100296485.34956942,358013.8801752457
2023-07-14 00:00:00.000,0.0015549477253989,109017312.4693343,1161123.3278253523
2023-07-15 00:00:00.000,0.0015536852089359,108699315.93430872,922159.7799559736
2023-07-16 00:00:00.000,0.0015993803747104,112074582.5317372,551172.0720624833
2023-07-17 00:00:00.000,0.0015737302482164,110288620.82395652,637353.290742125
2023-07-18 00:00:00.000,0.0015407270669865,107991985.46634534,629518.7132287144
2023-07-19 00:00:00.000,0.0015154103696847,106126900.45168158,246514.6105728679
2023-07-20 00:00:00.000,0.0014954078251118,104782844.34950162,262757.23266703176
2023-07-21 00:00:00.000,0.0015624486362994,109533004.62788604,406137.8375394209
2023-07-22 00:00:00.000,0.0015324764969388,107409837.95226656,379745.56814511406
2023-07-23 00:00:00.000,0.001506803817903,105507771.22885276,181380.39140677056
2023-07-24 00:00:00.000,0.001502867737246,105227043.23224267,237113.75443542993
2023-07-25 00:00:00.000,0.0014358223319052,100683951.32513276,544225.7332515419
2023-07-26 00:00:00.000,0.0014239860947158,99836363.74840686,329120.13513705594
2023-07-27 00:00:00.000,0.0014552518055645,102027945.80001792,241350.2944480051
2023-07-28 00:00:00.000,0.0014495722185073,101419595.6766855,335432.2572334073
2023-07-29 00:00:00.000,0.0014518142751867,101782490.57527864,253177.92029201912
2023-07-30 00:00:00.000,0.0014524698384312,101948408.37197156,257759.92966302668
2023-07-31 00:00:00.000,0.0014147207405897,99433800.58488078,366071.3200458302
2023-08-01 00:00:00.000,0.0013947715054464,97848453.66498902,316036.91801906156
2023-08-02 00:00:00.000,0.0014230343620243,99126675.94123632,347454.01435474976
2023-08-03 00:00:00.000,0.0013724388509323,96314109.7319694,320393.3604661781
2023-08-04 00:00:00.000,0.0013606239127193,95498345.84000611,266071.0829319195
2023-08-05 00:00:00.000,0.0013483114804152,94382883.1586278,190859.64897100863
2023-08-06 00:00:00.000,0.0013358736686138,93568113.31198016,201735.83850191455
2023-08-07 00:00:00.000,0.0013407315694831,93993695.67239748,204968.62411382905
2023-08-08 00:00:00.000,0.0013101320136991,91815211.90272412,306649.25470582856
2023-08-09 00:00:00.000,0.001357017272285,95194072.4789772,266158.55128932494
2023-08-10 00:00:00.000,0.0013137352249689,92140372.71933614,290741.77323075803
2023-08-11 00:00:00.000,0.0012899799506333,90534752.25777972,267645.2980858358
2023-08-12 00:00:00.000,0.0012678753051261,88946719.44761848,291169.3793829636
2023-08-13 00:00:00.000,0.0012788861531712,89609447.95605619,185716.87755533183
2023-08-14 00:00:00.000,0.001282184148765,89861758.11385313,205158.786009558
2023-08-15 00:00:00.000,0.0013185281824962,93102986.28566512,383271.14882397186
2023-08-16 00:00:00.000,0.0012426883774527,87723871.33231777,476772.512638592
2023-08-17 00:00:00.000,0.0011970944454505,84592828.36689845,421489.4708116396
2023-08-18 00:00:00.000,0.0010972416446916,77497639.25138696,1155447.949963668
2023-08-19 00:00:00.000,0.0011229846412785,79537967.29602905,345983.487598996
2023-08-20 00:00:00.000,0.0011165802169258,78936019.09323828,382664.82265643065
2023-08-21 00:00:00.000,0.001137722832765,80369462.62738988,194873.82584294435
2023-08-22 00:00:00.000,0.0010875853103409,76875424.7641329,274967.58572261134
2023-08-23 00:00:00.000,0.0010643614763889,75265250.47311777,398378.3665666584
2023-08-24 00:00:00.000,0.0010995530032465,77748887.55607755,230652.30489087183
2023-08-25 00:00:00.000,0.001048184044329,74027123.79607944,395900.1074580145
2023-08-26 00:00:00.000,0.0010380840714667,73432132.71284422,259398.37576893315
2023-08-27 00:00:00.000,0.0010388955538844,73681577.83496869,163415.8037917054
2023-08-28 00:00:00.000,0.0010508383157238,74254516.3848341,212302.2445089995
2023-08-29 00:00:00.000,0.0010379359504819,73601258.44274534,145966.79894326776
2023-08-30 00:00:00.000,0.001072906664569,75635453.02948819,244540.20971856744
2023-08-31 00:00:00.000,0.0010502907245594,74561523.85953248,158443.57617025464
2023-09-01 00:00:00.000,0.0010215583353729,72228338.94413127,368858.1291804893
2023-09-02 00:00:00.000,0.0010185789166554,72043676.25498915,193937.5298023439
2023-09-03 00:00:00.000,0.0010272031747152,72529658.00502291,123590.7702018965
2023-09-04 00:00:00.000,0.0010317319663422,72919275.07042772,127473.74152699811
2023-09-05 00:00:00.000,0.0010263528848957,72429775.8944617,143765.37324507468
2023-09-06 00:00:00.000,0.0010155715157593,71936407.09568644,156609.10955091385
2023-09-07 00:00:00.000,0.0010987923489295,77753500.93522419,583448.2047759715
2023-09-08 00:00:00.000,0.0010965193299097,77569885.7434549,221272.30460871785
2023-09-09 00:00:00.000,0.0010439478043053,73934912.16452736,231515.2573261807
2023-09-10 00:00:00.000,0.0010392236618751,73521360.58202916,126521.30435506604
2023-09-11 00:00:00.000,0.0010297344967195,72929922.44626348,164373.91399704092
2023-09-12 00:00:00.000,0.0009646453898238,68398311.18937479,375187.7878552502
2023-09-13 00:00:00.000,0.0009991260190151,70721456.61586405,255956.1781773292
2023-09-14 00:00:00.000,0.0010079540954597,71295177.29538856,199669.57891475456
2023-09-15 00:00:00.000,0.0010203510158317,72102636.2141248,256161.7788032667
2023-09-16 00:00:00.000,0.0010303714422607,72947472.86211853,198177.83981045164
2023-09-17 00:00:00.000,0.0010287994618882,72917481.76930954,176983.88559737836
2023-09-18 00:00:00.000,0.0010258611320382,72597791.80564299,103911.83159029952
2023-09-19 00:00:00.000,0.0010345718631559,73196033.74905543,198472.0757369968
2023-09-20 00:00:00.000,0.0010286440570661,72752474.5523053,207031.56121703863
2023-09-21 00:00:00.000,0.0010516690907926,74402848.65289418,291044.5427675124
2023-09-22 00:00:00.000,0.0010171691190971,72035702.99310398,195699.6201933292
2023-09-23 00:00:00.000,0.001016125836042,71927096.46638562,248855.70634863243
2023-09-24 00:00:00.000,0.0010400987844476,73525616.43184449,278703.6689805715
2023-09-25 00:00:00.000,0.0010347027748823,73041444.4872026,145652.13848043178
2023-09-26 00:00:00.000,0.0010222641232843,72271438.52129184,182432.83229468565
2023-09-27 00:00:00.000,0.0010050151327273,71062951.6784941,167719.77976347343
2023-09-28 00:00:00.000,0.0010009555609894,71284388.55169277,242693.8903038533
2023-09-29 00:00:00.000,0.0010286599557668,73389415.16219477,225920.06584932265
2023-09-30 00:00:00.000,0.0010252631646086,73061908.67651606,192812.45044619543
2023-10-01 00:00:00.000,0.0010325699628738,73650483.51103134,194288.28023003685
2023-10-02 00:00:00.000,0.0010448922664406,74608757.47702123,237445.7623970185
2023-10-03 00:00:00.000,0.0010159276227758,72557080.09879471,334572.9693580773
2023-10-04 00:00:00.000,0.0010112821418872,72300208.79566301,258787.75273843965
2023-10-05 00:00:00.000,0.0009978931203543,71205306.78162064,404102.85484248336
2023-10-06 00:00:00.000,0.0009725992064404,69432279.26274087,359514.9067257205
2023-10-07 00:00:00.000,0.0010062423855566,71823820.81850064,266491.25582492026
2023-10-08 00:00:00.000,0.0009872271468134,70476542.63381173,220352.09126497575
2023-10-09 00:00:00.000,0.0009900909072361,70710001.91572544,156046.67560772385
2023-10-10 00:00:00.000,0.0009592439537614,68444842.37723605,196702.15458579737
2023-10-11 00:00:00.000,0.0009181886572351,65562057.79677831,310372.1819129255
2023-10-12 00:00:00.000,0.0009102313697034,64946897.08414921,270031.8610017336
2023-10-13 00:00:00.000,0.0008988834263496,64173857.62558543,216054.00139674183
2023-10-14 00:00:00.000,0.0009837419888349,70229759.58508626,890817.9645293624
2023-10-15 00:00:00.000,0.0010245685909566,73199798.43521307,290224.1344436625
2023-10-16 00:00:00.000,0.0010235722393775,73045745.21453291,223834.7317941025
2023-10-17 00:00:00.000,0.0010427920108352,73877699.8994339,434448.9458876318
2023-10-18 00:00:00.000,0.0009780952311163,69737274.8559292,459327.6469308828
2023-10-19 00:00:00.000,0.0009917860069375,70806438.45301032,199395.94288389
2023-10-20 00:00:00.000,0.0010437867049805,74766623.8858309,820652.4508895273
2023-10-21 00:00:00.000,0.0011242552737096,80296188.35750201,520925.1994278388
2023-10-22 00:00:00.000,0.0011780259983763,83920370.31558883,455336.8294408305
2023-10-23 00:00:00.000,0.0011961490736255,85133636.96208112,391648.1539104197
2023-10-24 00:00:00.000,0.0013673915713277,97793020.6558874,917133.7765940784
2023-10-25 00:00:00.000,0.0014536526202284,104738788.89656156,1364206.5444031956
2023-10-26 00:00:00.000,0.0014789715551503,106065863.3855245,967283.365435891
2023-10-27 00:00:00.000,0.0015217595596965,108988036.8537346,808556.4671906936
2023-10-28 00:00:00.000,0.0014227535100385,102664392.72973396,520479.12320215296
2023-10-29 00:00:00.000,0.0014537157032626,104424356.14614196,280856.655347821
2023-10-30 00:00:00.000,0.0014629432338536,105223790.1630666,402385.74504980247
2023-10-31 00:00:00.000,0.0014806247598066,106547849.62424389,366869.8205021085
2023-11-01 00:00:00.000,0.0017598202664233,127103047.61863972,1999043.520144244
2023-11-02 00:00:00.000,0.0018500177606777,136344136.1002572,1591364.478146043
2023-11-03 00:00:00.000,0.0017741375854089,128672955.13515596,1265111.6566213754
2023-11-04 00:00:00.000,0.0018356313106395,133067622.7531626,588756.6764520047
2023-11-05 00:00:00.000,0.0022294960080312,161480449.89231387,2260434.2206716277
2023-11-06 00:00:00.000,0.002248522432936,163185556.2316849,797056.6099594104
2023-11-07 00:00:00.000,0.0023647420593406,170812375.7873681,1009978.3349638073
2023-11-08 00:00:00.000,0.0023035636910365,166651573.2496284,1002744.8733576366
2023-11-09 00:00:00.000,0.0024508744822206,176690236.16414228,792318.1329442066
2023-11-10 00:00:00.000,0.0026233299794172,189389090.0400909,2243122.3745520767
2023-11-11 00:00:00.000,0.0027747259018654,201277133.5710019,1591689.3005293296
2023-11-12 00:00:00.000,0.0026096069922758,188895852.3757488,1037331.022594276
2023-11-13 00:00:00.000,0.0026667481688374,192923877.4175617,1046165.1124102992
2023-11-14 00:00:00.000,0.0021447956060682,155214471.18876374,2820407.40845954
2023-11-15 00:00:00.000,0.0022418242811595,162459050.01469615,1806834.6352021736
2023-11-16 00:00:00.000,0.0026483391565816,191880039.272696,1626882.2630232368
2023-11-17 00:00:00.000,0.0024260818814201,175793102.29406375,1425191.4150475026
2023-11-18 00:00:00.000,0.0024495513696775,177502501.6142236,888020.6427467632
2023-11-19 00:00:00.000,0.0023489110837149,170214657.6060485,665993.2682517219
2023-11-20 00:00:00.000,0.0027540053174802,199384947.0749591,2055693.4959678696
2023-11-21 00:00:00.000,0.0027482051337608,198642929.034336,1194171.4219391856
2023-11-22 00:00:00.000,0.0023858467403256,172588201.41243905,1221324.8151047388
2023-11-23 00:00:00.000,0.0026881067108738,194707213.0316121,1442143.2727213353
2023-11-24 00:00:00.000,0.0025767112291168,186750649.04552373,655203.011821661
2023-11-25 00:00:00.000,0.0025230904008256,182737744.71319187,968108.8849299576
2023-11-26 00:00:00.000,0.0025849072612382,187008987.2516929,512135.2205417552
2023-11-27 00:00:00.000,0.0025371802162428,184443816.5757334,856090.0328583729
2023-11-28 00:00:00.000,0.0024072203590765,174276948.8966646,844073.5602227012
2023-11-29 00:00:00.000,0.0024576340662314,178019544.06724414,745227.2730124543
2023-11-30 00:00:00.000,0.0024068049557771,174466604.3227721,727778.7908353461
2023-12-01 00:00:00.000,0.0023965887998862,173843726.77691892,700063.133553805
2023-12-02 00:00:00.000,0.0024330266558476,177652214.60803118,655574.4469034172
2023-12-03 00:00:00.000,0.0024821256148733,181241649.41252905,530431.7564271739
2023-12-04 00:00:00.000,0.0024409714232875,178724189.62679043,639250.5495132941
2023-12-05 00:00:00.000,0.0026308943682709,192264288.7430564,1557277.2567762977
2023-12-06 00:00:00.000,0.002524048643364,184328095.78959048,1813871.1734042244
2023-12-07 00:00:00.000,0.0024372687493621,178152801.20125535,859559.0414287259
2023-12-08 00:00:00.000,0.0023967948875011,174886408.007351,998476.7391319684
2023-12-09 00:00:00.000,0.0025864133425014,188673159.54802385,940260.8873390649
2023-12-10 00:00:00.000,0.0025584347904161,186842001.40889448,1349324.5746548567
2023-12-11 00:00:00.000,0.0026782248149824,195627551.0728877,1186992.2737514402
2023-12-12 00:00:00.000,0.0024421678690898,178576421.03104654,1852576.9711780588
2023-12-13 00:00:00.000,0.0024481881608479,178892602.37655658,917181.036200232
2023-12-14 00:00:00.000,0.0025041704949062,182975332.33198684,1129669.0191531496
2023-12-15 00:00:00.000,0.0024347174880054,177511229.21701092,1215613.2899274698
2023-12-16 00:00:00.000,0.0023670447358061,172871621.7008344,776781.9712376589
2023-12-17 00:00:00.000,0.002267948891188,165502350.03090918,896093.9631450125
2023-12-18 00:00:00.000,0.0020866543894019,152269654.21414036,1576009.1425532775
2023-12-19 00:00:00.000,0.0021745458753386,158817511.72450975,1020279.2199110248
2023-12-20 00:00:00.000,0.0021633503035343,157703263.79589334,941290.10606879
2023-12-21 00:00:00.000,0.0022490540355874,164466873.2854091,734151.5457766565
2023-12-22 00:00:00.000,0.0023167584605984,169215114.3230719,787854.7717344405
2023-12-23 00:00:00.000,0.0023475951425436,171500509.31677324,709512.7483393599
2023-12-24 00:00:00.000,0.0022596707177826,165311977.59005183,798038.0691990718
2023-12-25 00:00:00.000,0.0022147071744125,162158181.7388446,1401824.8431605462
2023-12-26 00:00:00.000,0.0014559285548492,106192046.0236115,28266406.35159947
2023-12-27 00:00:00.000,0.0016460173323888,120155022.43938968,13473378.273107553
2023-12-28 00:00:00.000,0.0014312151447027,104336457.93192412,2926508.18195181
2023-12-29 00:00:00.000,0.0013478023454032,98343355.37341604,1258251.7063082892
2023-12-30 00:00:00.000,0.0013476760788224,98396191.20625496,531692.9807442616
2023-12-31 00:00:00.000,0.0013517184884769,98568236.17678893,369567.3850208291
2024-01-01 00:00:00.000,0.0012842294855257,93854382.47691707,411883.6445663143
2024-01-02 00:00:00.000,0.0013671572053029,98470878.44683775,657007.2613699972
2024-01-03 00:00:00.000,0.0013532078634698,99036638.0420626,542946.9877330571
2024-01-04 00:00:00.000,0.0012924677223145,94484488.393828,506550.3707045999
2024-01-05 00:00:00.000,0.0013043898819838,95358804.80352543,442783.4827471984
2024-01-06 00:00:00.000,0.0012827073394452,93149673.10026424,253684.660782442
2024-01-07 00:00:00.000,0.0013000006947782,101175580.10278732,229107.61790054664
2024-01-08 00:00:00.000,0.0012699311746729,98740523.11202627,234291.52300350825
2024-01-09 00:00:00.000,0.0014511806161382,112728084.85316752,874202.6843220897
2024-01-10 00:00:00.000,0.001370743855337,106673030.98076068,1905098.632490703
2024-01-11 00:00:00.000,0.0013922255302964,108219883.3579999,1305698.104163622
2024-01-12 00:00:00.000,0.0014246329523022,110836477.23507304,1260008.639912085
2024-01-13 00:00:00.000,0.0013395772094431,104388930.69862528,691222.0015194893
2024-01-14 00:00:00.000,0.0013196616176339,102951993.0336595,538450.9256653074
2024-01-15 00:00:00.000,0.0013237465045888,102962000.0354848,704126.7541113594
2024-01-16 00:00:00.000,0.0013075333101736,101768913.60307954,510287.7129938728
2024-01-17 00:00:00.000,0.0013298348164829,103345063.89894244,635616.8481894073
2024-01-18 00:00:00.000,0.0013226322923694,102902139.50598504,1190706.706758676
2024-01-19 00:00:00.000,0.001266220255651,98539914.93425313,765359.4836341193
2024-01-20 00:00:00.000,0.0012433025875763,96754916.42512783,467274.5193170402
2024-01-21 00:00:00.000,0.0012367049684603,96338809.0066932,476580.7493699496
2024-01-22 00:00:00.000,0.0012730206343697,99003677.0744958,511777.9073392635
2024-01-23 00:00:00.000,0.0012131296003169,94024611.64368875,472992.6295792557
2024-01-24 00:00:00.000,0.0011896950946005,92476945.20915964,547897.5862480188
2024-01-25 00:00:00.000,0.0011716112690004,91339160.32511884,523033.275887372
2024-01-26 00:00:00.000,0.0011521058486629,89669999.39568712,426744.5393911915
2024-01-27 00:00:00.000,0.001207991895642,93671326.82627705,472522.6355227336
2024-01-28 00:00:00.000,0.0012222386204064,95154348.05169076,360403.0408087541
2024-01-29 00:00:00.000,0.0012136721530185,93483580.19846918,275918.1231094309
2024-01-30 00:00:00.000,0.0012234809192722,95254492.54851896,315689.6651749722
2024-01-31 00:00:00.000,0.0011747410108881,91235611.26185668,484458.88286018505
2024-02-01 00:00:00.000,0.0011375352964809,88540990.5866976,415152.93849519145
2024-02-02 00:00:00.000,0.0011814380616242,91907054.02678844,330204.3516718122
2024-02-03 00:00:00.000,0.0011436393877498,88993070.1629175,394607.7124695224
2024-02-04 00:00:00.000,0.0011555953242465,89882253.93518485,277361.50742891757
2024-02-05 00:00:00.000,0.0012176018901454,94727039.7477276,632026.5868874441
2024-02-06 00:00:00.000,0.0012562313029635,97697960.15509388,767880.8422510292
2024-02-07 00:00:00.000,0.0012187528100972,94827101.26332508,652363.7781748318
2024-02-08 00:00:00.000,0.0012027095749824,93617964.4499484,391860.26629620465
2024-02-09 00:00:00.000,0.0012661633196019,98721009.3581614,469712.6988419404
2024-02-10 00:00:00.000,0.0013892419974674,107605680.2933398,774655.1998527517
2024-02-11 00:00:00.000,0.0014554866921124,113298619.36271092,689317.349148027
2024-02-12 00:00:00.000,0.0014682757694848,114412679.39360984,955982.9939463928
2024-02-13 00:00:00.000,0.0014871996916434,116219807.06816444,674666.8818479055
2024-02-14 00:00:00.000,0.0014494365242462,112669398.45893092,751133.2816230737
2024-02-15 00:00:00.000,0.0014938405493093,116280556.98188303,731185.1607928436
2024-02-16 00:00:00.000,0.0014194428401894,110392786.15997754,710535.7375006755
2024-02-17 00:00:00.000,0.0013437775314913,104576705.59651376,781065.5142526822
2024-02-18 00:00:00.000,0.0013744924034517,107206560.63692424,573838.0456571975
2024-02-19 00:00:00.000,0.0014072648408382,109387913.54028273,396203.9337905453
2024-02-20 00:00:00.000,0.001376876635233,107324843.8361673,796737.8632002815
2024-02-21 00:00:00.000,0.0013691578896858,106550130.88902642,666289.4931205751
2024-02-22 00:00:00.000,0.0013777868595416,107269137.24774297,573742.5334809499
2024-02-23 00:00:00.000,0.0014166430187533,109831045.20091666,727923.5292952826
2024-02-24 00:00:00.000,0.001389731362234,108349324.55910929,436027.8548204248
2024-02-25 00:00:00.000,0.0015806974901307,123271630.77927364,941565.3938459464
2024-02-26 00:00:00.000,0.0017972486012483,139191858.0125842,1284106.6515292532
2024-02-27 00:00:00.000,0.0019532780193765,151734589.01412007,1468031.9495626737
2024-02-28 00:00:00.000,0.0018343057937237,142319891.18167204,1344942.0370885294
2024-02-29 00:00:00.000,0.0018645240873026,145131280.88939458,1329098.1198997486
2024-03-01 00:00:00.000,0.0020349822862174,158504833.5714498,1735688.013427541
2024-03-02 00:00:00.000,0.0019852355780131,154468659.47453445,1233458.0231786305
2024-03-03 00:00:00.000,0.002028637977561,157925700.3389891,1437383.7753080216
2024-03-04 00:00:00.000,0.0025482463372263,197859728.4508022,3436548.54444391
2024-03-05 00:00:00.000,0.0025820540404093,200543300.3172731,2978075.103106549
2024-03-06 00:00:00.000,0.0031279878796835,243382789.84819436,7883175.124204693
2024-03-07 00:00:00.000,0.0029903199542957,232814875.6202728,3180071.249004899
2024-03-08 00:00:00.000,0.0034223006421726,266168754.63673705,3661512.447452299
2024-03-09 00:00:00.000,0.0038729700259365,301281971.56262386,6728166.896337081
2024-03-10 00:00:00.000,0.0043232054186844,336172576.2246888,4681925.877322287
2024-03-11 00:00:00.000,0.0042134352250555,328005127.29225874,5939374.348700024
2024-03-12 00:00:00.000,0.004908964762559,381423150.7172182,6108265.766212111
2024-03-13 00:00:00.000,0.0049311854156995,381090085.13581735,3515667.371516744
2024-03-14 00:00:00.000,0.0056613472685519,440884636.5174792,6239493.617607515
2024-03-15 00:00:00.000,0.0050871158829998,395640518.4689414,5709641.256392748
2024-03-16 00:00:00.000,0.0047473041099639,367177442.7804164,4916709.2667469345
2024-03-17 00:00:00.000,0.0040969780276393,318134324.8967276,4136111.562814073
2024-03-18 00:00:00.000,0.0043541542754854,338839436.2960531,5275060.042080194
2024-03-19 00:00:00.000,0.0038618311072393,299341754.67351407,3598768.279414956
2024-03-20 00:00:00.000,0.003692780413824,287816038.95659125,4904040.562929584
2024-03-21 00:00:00.000,0.0044859491793596,341937261.4166301,3334676.6153034195
2024-03-22 00:00:00.000,0.0040204984154015,313206306.2620704,2868983.979440672
2024-03-23 00:00:00.000,0.0037906644182877,293569384.146571,1949896.6965860608
2024-03-24 00:00:00.000,0.0041310470140258,321984120.05449843,1681146.450369342
2024-03-25 00:00:00.000,0.004324469616334,336616007.8254234,1637478.4434453377
2024-03-26 00:00:00.000,0.0045292170725714,351603857.34141785,2652995.8028048174
2024-03-27 00:00:00.000,0.0041140369895077,319834232.01439095,5598538.593253084
2024-03-28 00:00:00.000,0.0039173888942854,304310624.3870303,3124450.8988455106
2024-03-29 00:00:00.000,0.0040034367207032,311159190.3606521,2206641.783190506
2024-03-30 00:00:00.000,0.0042546277924524,331551088.86568975,1943375.708997286
2024-03-31 00:00:00.000,0.0040259865178789,314004218.062919,1476240.3555072437
2024-04-01 00:00:00.000,0.0040338505950502,313858384.9584518,1225198.868526219
2024-04-02 00:00:00.000,0.0038968349319765,303245649.26306283,1582351.5317069115
2024-04-03 00:00:00.000,0.0036190842015778,280608500.2379997,2593503.201983243
2024-04-04 00:00:00.000,0.0035872053667971,279115004.37329185,1459687.7776900264
2024-04-05 00:00:00.000,0.0038709305932677,300411726.66958207,1568523.993191844
2024-04-06 00:00:00.000,0.003773121234769,293868040.1565062,1676915.1563454063
2024-04-07 00:00:00.000,0.0036999402909367,288484517.88955367,907243.4518606424
2024-04-08 00:00:00.000,0.0037284262827974,289046940.64870495,847492.8909399335
2024-04-09 00:00:00.000,0.0040256730480157,312873440.2775079,1962634.1772240824
2024-04-10 00:00:00.000,0.0041936832791433,326273893.6059364,2600784.15805818
2024-04-11 00:00:00.000,0.0040962976057403,319194720.3253311,1617856.9658240464
2024-04-12 00:00:00.000,0.0038514395626499,300012964.0746018,1139899.9625024877
2024-04-13 00:00:00.000,0.0035711325043004,277753092.23414683,1919246.1234711632
2024-04-14 00:00:00.000,0.0032762872211425,254210455.7697853,1618094.2838258438
2024-04-15 00:00:00.000,0.0033141204470803,257826934.54184276,1394545.1256687045
2024-04-16 00:00:00.000,0.0031028920863667,241279000.5229538,1416400.5963789015
2024-04-17 00:00:00.000,0.00300857118328,233991503.0059277,1089475.8379093204
2024-04-18 00:00:00.000,0.0029366521107879,228982037.2140658,1217892.1563070822
2024-04-19 00:00:00.000,0.0030689938353529,238761681.72843975,1217016.6147738942
2024-04-20 00:00:00.000,0.0030762706078832,239411386.27035663,1539803.0454494304
2024-04-21 00:00:00.000,0.0033911353431789,263822320.8371678,902195.4695124228
2024-04-22 00:00:00.000,0.0032958081846814,253662084.6699643,741572.6724095707
2024-04-23 00:00:00.000,0.0031984959450841,247862735.91573212,1044644.1821573798
2024-04-24 00:00:00.000,0.0030773942366714,239647980.57883433,908128.986827522
2024-04-25 00:00:00.000,0.0029665285987776,231743029.9595274,1231541.186239358
2024-04-26 00:00:00.000,0.0030357817889503,236103022.77947825,909962.8921920531
2024-04-27 00:00:00.000,0.0029181215098662,227428680.151316,910334.7775606147
2024-04-28 00:00:00.000,0.0029279594590174,227628035.6024185,597827.2086619237
2024-04-29 00:00:00.000,0.0028820215024784,224206547.37795213,675731.2952034328
2024-04-30 00:00:00.000,0.0027768707365245,216192344.0368532,711062.3351274184
2024-05-01 00:00:00.000,0.0025525208404138,197620329.007199,896558.6079668049
2024-05-02 00:00:00.000,0.0029981790453565,233552042.5062299,2300631.6756681576
2024-05-03 00:00:00.000,0.0032391087925912,251207405.57713872,1207553.199901967
2024-05-04 00:00:00.000,0.00361306366792,281994106.7925254,2597292.5802439577
2024-05-05 00:00:00.000,0.0036284442399123,282477770.72573626,1705528.8643044168
2024-05-06 00:00:00.000,0.0033728405631736,262249465.089262,1117029.7941902142
2024-05-07 00:00:00.000,0.0036301949607689,282565308.68911856,1743239.103332003
2024-05-08 00:00:00.000,0.0035076309887729,273159133.61128694,1952890.9063429472
2024-05-09 00:00:00.000,0.003360230617985,262403641.61010185,1558728.0891757964
2024-05-10 00:00:00.000,0.0035792181829639,278691778.4693473,1817796.3411740833
2024-05-11 00:00:00.000,0.0033632102108407,261544538.0766925,1319524.983510211
2024-05-12 00:00:00.000,0.0033742266315637,262365953.87808695,506365.6346712313
2024-05-13 00:00:00.000,0.0033885067914201,263127483.00957873,304040.09722736495
2024-05-14 00:00:00.000,0.003644001792879,283742610.5517908,2075273.0777019272
2024-05-15 00:00:00.000,0.0034379501388304,267464331.3372956,1426136.7126792409
2024-05-16 00:00:00.000,0.003915986957758,304268054.063679,2247956.950896624
2024-05-17 00:00:00.000,0.003882459569207,302602729.7748093,1234247.0452348536
2024-05-18 00:00:00.000,0.0041091671041446,319832545.4720073,1531362.4367495903
2024-05-19 00:00:00.000,0.0040158138854525,313201875.8637297,1053110.7170657506
2024-05-20 00:00:00.000,0.0037773913070052,294121656.35917807,701315.7855170101
2024-05-21 00:00:00.000,0.0040416416641216,314493072.865252,1564987.6494015066
2024-05-22 00:00:00.000,0.0039085896257714,303701311.98217106,1011091.1149319191
2024-05-23 00:00:00.000,0.0038799713242044,299273747.2772604,1123732.1624260368
2024-05-24 00:00:00.000,0.0037281412351613,290029010.4360015,1129040.9598262408
2024-05-25 00:00:00.000,0.0036663119503349,285195759.4349971,737112.1519295042
2024-05-26 00:00:00.000,0.0036905099999443,286915273.7384676,593388.203801025
2024-05-27 00:00:00.000,0.0036280960265768,282222751.34622324,758639.4391496037
2024-05-28 00:00:00.000,0.0035372202080962,275649972.549743,1087202.004542431
2024-05-29 00:00:00.000,0.0034232664293429,266366958.1661496,1149470.8505398016
2024-05-30 00:00:00.000,0.0033825989261737,263153908.05140084,872528.6987015908
2024-05-31 00:00:00.000,0.0033186538871971,258413526.1199309,723509.3073376094
2024-06-01 00:00:00.000,0.0033480693427553,260563007.9005756,815960.6394395861
2024-06-02 00:00:00.000,0.0033705220183243,260311259.3380653,565486.608596799
2024-06-03 00:00:00.000,0.0030128637023094,234384249.3611014,1459247.715346874
2024-06-04 00:00:00.000,0.0029373326822615,229108296.0510856,1868151.406962112
2024-06-05 00:00:00.000,0.0032419217995871,252353050.542139,1410557.0691716769
2024-06-06 00:00:00.000,0.003331733038804,258996362.280626,1147014.1898459585
2024-06-07 00:00:00.000,0.0032855981378614,254860336.66074505,723893.4119196365
2024-06-08 00:00:00.000,0.0030424313584379,236623542.89494196,1849780.1128619537
2024-06-09 00:00:00.000,0.0029064286049413,225880095.88097385,996536.5048952382
2024-06-10 00:00:00.000,0.0029170882481004,227493018.12448087,461025.52537916286
2024-06-11 00:00:00.000,0.0028576738530619,222893477.21112776,838047.028510769
2024-06-12 00:00:00.000,0.0027109887829637,211276476.62140673,1177724.0105611205
2024-06-13 00:00:00.000,0.0026440749707924,205986001.64726785,1051856.348465558
2024-06-14 00:00:00.000,0.0026247858846999,204072603.26350155,873322.880254107
2024-06-15 00:00:00.000,0.0027457626513016,213672416.66420716,1449182.8575086454
2024-06-16 00:00:00.000,0.0027637020332587,214273500.8186927,1145306.4651555892
2024-06-17 00:00:00.000,0.0027655966577918,215166197.3269759,759458.8410825987
2024-06-18 00:00:00.000,0.0025684319592288,199877892.1033506,1158460.238012673
2024-06-19 00:00:00.000,0.0023418033234951,180987832.45565635,1722378.6291377712
2024-06-20 00:00:00.000,0.0023733749302105,184864493.3731815,1264560.4724377147
2024-06-21 00:00:00.000,0.0022852517418141,177470384.85350803,1487286.6834072822
2024-06-22 00:00:00.000,0.002465134211369,191883939.9496259,2124946.35391412
2024-06-23 00:00:00.000,0.0023303398960748,181197754.98130333,571189.1276650141
2024-06-24 00:00:00.000,0.0024261112049931,190377162.2886452,643514.5999334605
2024-06-25 00:00:00.000,0.0025795393001866,200318155.1407929,1521425.527497177
2024-06-26 00:00:00.000,0.0026508423707122,206239361.72123808,1084561.6131013152
2024-06-27 00:00:00.000,0.0025533692934286,198774567.10368583,1077377.0555822512
2024-06-28 00:00:00.000,0.0026093285541188,202684055.74456885,522780.8263052145
2024-06-29 00:00:00.000,0.0024719955644595,192174512.48716575,519381.64031768293
2024-06-30 00:00:00.000,0.0025117882850555,195424298.15158275,384600.3666689839
2024-07-01 00:00:00.000,0.0025490455941727,198196772.69103175,423458.33241691464
2024-07-02 00:00:00.000,0.0024643259983528,191550273.3375554,796063.425608213
2024-07-03 00:00:00.000,0.0024021999258283,186882752.6603504,606872.3139309417
2024-07-04 00:00:00.000,0.0022473799216054,175348536.7533206,854255.8078205138
2024-07-05 00:00:00.000,0.0021026902909026,164611240.9144937,1008427.2111472522
2024-07-06 00:00:00.000,0.0020716210655575,160831669.4505023,958331.5976811833
2024-07-07 00:00:00.000,0.0020265151480021,157756794.644949,929992.7724812132
2024-07-08 00:00:00.000,0.0019035904184064,147980302.70486826,861184.8442121522
2024-07-09 00:00:00.000,0.001886434843504,147336483.13982254,772206.2924430225
2024-07-10 00:00:00.000,0.0019480260563141,151558787.7139115,506745.33877524413
2024-07-11 00:00:00.000,0.0018806557238222,146364676.87807837,540851.0703494444
2024-07-12 00:00:00.000,0.0018921077190816,147679618.7670768,628331.7234154097
2024-07-13 00:00:00.000,0.0019414274867472,150931135.15113124,811508.4043028002
2024-07-14 00:00:00.000,0.0020260529554866,157334863.74450007,555492.3867822269
2024-07-15 00:00:00.000,0.0019889049015954,154873868.85487717,346474.93378700846
2024-07-16 00:00:00.000,0.0022180082869954,172574066.62948984,1041270.4405949032
2024-07-17 00:00:00.000,0.0021235137016655,165327148.66443,679980.0725713992
2024-07-18 00:00:00.000,0.0020689443012805,161128584.42266655,505833.3032447835
2024-07-19 00:00:00.000,0.0019430330956312,151243391.35263106,618137.7688272049
2024-07-20 00:00:00.000,0.0020427747767547,159111135.7243257,827915.9859678118
2024-07-21 00:00:00.000,0.0020760679362663,161605257.15138578,506667.7358207829
2024-07-22 00:00:00.000,0.0021738715097076,169146181.78991687,763105.0599109662
2024-07-23 00:00:00.000,0.0020961971960516,162812916.88320243,679124.3940309323
2024-07-24 00:00:00.000,0.0019544857142648,152061302.37348637,953868.1842320142
2024-07-25 00:00:00.000,0.0018825696976237,146480357.6864931,559026.9877814398
2024-07-26 00:00:00.000,0.0018170653529305,141374700.14723945,732448.0145703407
2024-07-27 00:00:00.000,0.0018773090736802,146048237.5533384,747797.884129952
2024-07-28 00:00:00.000,0.0018605324550417,144765667.8240676,410839.93787878135
2024-07-29 00:00:00.000,0.0018652193140367,145597528.3045324,293740.9860399563
2024-07-30 00:00:00.000,0.0018581633798282,144638545.3700995,458117.47943046415
2024-07-31 00:00:00.000,0.0018643578020027,145019630.64619482,184944.17142107393
2024-08-01 00:00:00.000,0.0018002309205676,140270328.42598155,602247.1680475961
2024-08-02 00:00:00.000,0.0018272244418582,142174013.61274427,859882.0318594009
2024-08-03 00:00:00.000,0.0016618015126039,129411522.46179706,926354.375818931
2024-08-04 00:00:00.000,0.0016056676075673,124934957.66927329,756864.7674075428
2024-08-05 00:00:00.000,0.0015654266607143,121776936.94308804,714349.1043212684
2024-08-06 00:00:00.000,0.0016453508541928,128022660.69944794,1193673.559255646
2024-08-07 00:00:00.000,0.0016740585946987,130235864.79014432,621112.6741514477
2024-08-08 00:00:00.000,0.0015422688678111,120001982.23251696,634653.5879386726
2024-08-09 00:00:00.000,0.0017507468953581,136135801.6883209,817747.1887978085
2024-08-10 00:00:00.000,0.001627524668779,126635627.84807768,687828.9055001534
2024-08-11 00:00:00.000,0.0016279074616764,126679373.30381192,85741.75879167249
2024-08-12 00:00:00.000,0.0015733490492893,122420291.6877444,352568.63140734995
2024-08-13 00:00:00.000,0.0016135382600437,125678223.01649548,488882.3863922389
2024-08-14 00:00:00.000,0.001647972299043,128193265.80494042,564007.1006056152
2024-08-15 00:00:00.000,0.0016589383271308,128652149.86840153,626769.9273341646
2024-08-16 00:00:00.000,0.0016057779764874,124836397.14415656,466839.62611212354
2024-08-17 00:00:00.000,0.0015773981993277,122810372.56509171,523615.1163142211
2024-08-18 00:00:00.000,0.0015703317356489,122201359.64552183,415501.8032842149
2024-08-19 00:00:00.000,0.0015558389052644,121168329.6854881,310199.7430051986
2024-08-20 00:00:00.000,0.0015177426844868,118184819.52646334,432802.0728986543
2024-08-21 00:00:00.000,0.0015032544510011,116949641.0277542,532393.9174835407
2024-08-22 00:00:00.000,0.0015281200932864,118901084.05285528,619946.1627634569
2024-08-23 00:00:00.000,0.0016719393508577,129656776.254679,720829.9636976018
2024-08-24 00:00:00.000,0.0016499267293971,128378703.73865016,804297.221057357
2024-08-25 00:00:00.000,0.0016674588549185,129675149.25357208,592345.4380144441
2024-08-26 00:00:00.000,0.0016406164152088,127654280.01389235,610380.4386998059
2024-08-27 00:00:00.000,0.001535136672269,119443320.12259509,803859.1255472247
2024-08-28 00:00:00.000,0.0014420452489291,112261026.64412418,553799.5489542485
2024-08-29 00:00:00.000,0.0014759640764852,114764359.1404928,523855.0788952333
2024-08-30 00:00:00.000,0.001432069520358,111379491.25082588,335418.87137403974
2024-08-31 00:00:00.000,0.0014518777379035,113036199.85109176,412091.5322303969
2024-09-01 00:00:00.000,0.0014809835842226,115242774.18698514,326767.9391344991
2024-09-02 00:00:00.000,0.0014490918115782,112841924.18216856,232560.24276884133
2024-09-03 00:00:00.000,0.001455899960201,113281727.20254935,270349.73417194147
2024-09-04 00:00:00.000,0.0013643952586452,106408148.35807532,333995.3452309173
2024-09-05 00:00:00.000,0.0013961470247424,108632427.16875084,664722.2466999574
2024-09-06 00:00:00.000,0.0013042313175884,101319619.24057056,498050.0403616337
2024-09-07 00:00:00.000,0.0012915633781145,100567609.8015965,691501.8705513778
2024-09-08 00:00:00.000,0.001224504082302,95198213.94626482,653495.7121263056
2024-09-09 00:00:00.000,0.0012576841414923,97895360.82868452,548137.8460622333
2024-09-10 00:00:00.000,0.0013036453174792,101098790.96563698,471366.83569159487
2024-09-11 00:00:00.000,0.0012289783734866,95779929.22577368,817369.721075242
2024-09-12 00:00:00.000,0.0012031650641784,93669261.54661004,508025.0328167039
2024-09-13 00:00:00.000,0.0012231619338046,95117911.6538532,465877.937527513
2024-09-14 00:00:00.000,0.0014509732350093,112918208.03754611,841372.1535044104
2024-09-15 00:00:00.000,0.0016387020344756,127518250.85910776,1282168.4911141114
2024-09-16 00:00:00.000,0.0015650798864347,121672899.99792697,870815.9908503279
2024-09-17 00:00:00.000,0.0014667576382624,113939226.7578602,667699.1203441996
2024-09-18 00:00:00.000,0.0016009500205792,124618170.4448286,690545.1282436764
2024-09-19 00:00:00.000,0.0016372158190178,127315858.82570311,746267.5417237687
2024-09-20 00:00:00.000,0.0018079832191878,140652905.43162298,1772793.05897815
2024-09-21 00:00:00.000,0.0017352446052324,135260393.36258182,1136055.4851922854
2024-09-22 00:00:00.000,0.0018259683547838,142100695.9914695,573967.8862887905
2024-09-23 00:00:00.000,0.0017461839047881,135881445.04915908,498637.0727252733
2024-09-24 00:00:00.000,0.0018719103754246,145787942.03017974,701577.977849885
2024-09-25 00:00:00.000,0.0019124262031883,148872289.64981434,838090.7863072945
2024-09-26 00:00:00.000,0.0017043283446987,132646525.64383748,810370.013105545
2024-09-27 00:00:00.000,0.0018249013716297,142439271.3337022,751551.755426526
2024-09-28 00:00:00.000,0.0018216260106634,141887131.66932988,717347.0983545161
2024-09-29 00:00:00.000,0.0017495130265298,136095494.12490457,482706.3573420138
2024-09-30 00:00:00.000,0.0018387838145956,143151551.8213827,594838.2074168456
2024-10-01 00:00:00.000,0.0017102421460767,132846411.4974727,415792.1056450768
2024-10-02 00:00:00.000,0.0015968659019594,124250108.13232563,923443.0998551364
2024-10-03 00:00:00.000,0.0015620071272339,121478784.3192649,619067.2931951857
2024-10-04 00:00:00.000,0.0015618309653277,121141022.22750369,537694.4623354503
2024-10-05 00:00:00.000,0.0015943022906961,124486764.37475976,450850.2867478575
2024-10-06 00:00:00.000,0.001530927988987,119117919.69684884,349318.6804410389
2024-10-07 00:00:00.000,0.0015426516114305,120073275.91163354,451033.2823644679
2024-10-08 00:00:00.000,0.0014733372545947,114895048.79887602,407857.5213090303
2024-10-09 00:00:00.000,0.0014505486490555,112874678.69557114,237937.15728585277
2024-10-10 00:00:00.000,0.0014148200016775,110038981.50458914,374795.2766393437
2024-10-11 00:00:00.000,0.0013775574687598,107185997.42275184,447447.3193299935
2024-10-12 00:00:00.000,0.0014407943845876,112152554.43129456,652324.1745247788
2024-10-13 00:00:00.000,0.0014251320133647,111642323.58159515,122554.11804547808
2024-10-14 00:00:00.000,0.0013491104680506,104992195.13919207,386874.2255439097
2024-10-15 00:00:00.000,0.0014953382954974,116303205.44551484,829004.6203973534
2024-10-16 00:00:00.000,0.0014714297272668,114360940.78899206,616295.0144226406
2024-10-17 00:00:00.000,0.001458290060316,113484819.86960664,565193.5137911163
2024-10-18 00:00:00.000,0.0014296719595962,111141464.03005408,338514.2395242532
2024-10-19 00:00:00.000,0.0014898250976164,115919567.54393916,476663.868702606
2024-10-20 00:00:00.000,0.0015075283269183,117272634.14709397,391350.9219141318
2024-10-21 00:00:00.000,0.0017430170182344,135734828.9935997,1107916.486350682
2024-10-22 00:00:00.000,0.001715764143945,134465892.50931606,302068.545913899
2024-10-23 00:00:00.000,0.0016100948888004,125224826.9839364,400746.4387705132
2024-10-24 00:00:00.000,0.0015971413289482,124274266.88862506,830080.8336895292
2024-10-25 00:00:00.000,0.0015528980832701,120635372.9380061,566124.7078831216
2024-10-26 00:00:00.000,0.0014336923168627,111608051.0853278,512168.4455078551
2024-10-27 00:00:00.000,0.0014469127514772,112692400.3421792,831860.046186857
2024-10-28 00:00:00.000,0.0014475167999604,112577695.14008994,830782.833323264
2024-10-29 00:00:00.000,0.0014407779297727,112303608.53549536,637599.5053222975
2024-10-30 00:00:00.000,0.0015291973547654,118624250.99049623,529530.4569714654
2024-10-31 00:00:00.000,0.0014625243000198,113802436.62932776,337782.971801709
2024-11-01 00:00:00.000,0.0013726931997041,107450968.32390954,210292.3079308674
2024-11-02 00:00:00.000,0.0013886358663391,107978782.9311731,438065.5055918068
2024-11-03 00:00:00.000,0.0013894357328654,108043109.0152222,399376.5798595038
2024-11-04 00:00:00.000,0.0013968560614848,109217685.16093108,452133.3918384895
2024-11-05 00:00:00.000,0.0013812359906038,107242794.5229674,748459.3493744405
2024-11-06 00:00:00.000,0.0014265711689098,111029604.09881578,286052.87815913843
2024-11-07 00:00:00.000,0.0017028661052591,132527626.99229626,653626.2240081227
2024-11-08 00:00:00.000,0.0017582024476595,136769883.004323,783410.272933206
2024-11-09 00:00:00.000,0.0017131176526678,133563730.99448696,729569.6082189085
2024-11-10 00:00:00.000,0.0017796754462894,138668099.74893808,710720.1580837434
2024-11-11 00:00:00.000,0.0021263710373295,165738702.2089768,1994703.837124989
2024-11-12 00:00:00.000,0.00251468958364,196294323.79298416,2411293.512037389
2024-11-13 00:00:00.000,0.0024142880781744,187879492.85606456,2961812.608114084
2024-11-14 00:00:00.000,0.0023592509429105,183979397.27723545,1835780.4568947495
2024-11-15 00:00:00.000,0.0022162303993924,171694424.4899596,1702051.9127205512
2024-11-16 00:00:00.000,0.0024110066032872,186926308.35484225,1100897.6478798708
2024-11-17 00:00:00.000,0.0025283258487066,196728658.54405057,1471597.9541436285
2024-11-18 00:00:00.000,0.0024020920834152,186905107.593544,1196874.7737317942
2024-11-19 00:00:00.000,0.0023222339571656,180931610.12357736,1518769.470414865
2024-11-20 00:00:00.000,0.0024441764372391,190153837.7639628,1428380.0152950438
2024-11-21 00:00:00.000,0.0024508048046925,190599084.65965343,1681421.133165961
2024-11-22 00:00:00.000,0.0031223583968603,243448398.8319766,4207454.031328946
2024-11-23 00:00:00.000,0.0036004781975509,280358405.08314615,5656245.941994677
2024-11-24 00:00:00.000,0.0037571504348354,291759264.15006185,5595564.403370825
2024-11-25 00:00:00.000,0.0036168240089348,281348932.7428361,3835513.792485812
2024-11-26 00:00:00.000,0.0036646640610324,285032923.8628826,3732063.2728390926
2024-11-27 00:00:00.000,0.0038368785845929,298730407.7055669,3228315.9554200117
2024-11-28 00:00:00.000,0.0054530953925936,424247883.7338642,14962300.052481072
2024-11-29 00:00:00.000,0.0054701995931027,423862378.3439056,7217497.741637904
2024-11-30 00:00:00.000,0.0054967752831893,427694134.20018256,6278620.909353389
2024-12-01 00:00:00.000,0.0068402911414214,532235778.8391591,16630582.67936147
2024-12-02 00:00:00.000,0.0070352536343712,549147225.7555361,13726719.5043976
2024-12-03 00:00:00.000,0.0070325610269537,547550178.4964654,10877158.460810613
2024-12-04 00:00:00.000,0.0067638745968052,526496601.73197687,8916873.85049103
2024-12-05 00:00:00.000,0.0073031185868118,567679009.7138566,8390372.196995266
2024-12-06 00:00:00.000,0.006519953886427,506564176.0735953,17701160.868700683
2024-12-07 00:00:00.000,0.0065593017245955,510619361.66283226,6865804.8417390715
2024-12-08 00:00:00.000,0.0069224022561015,539599505.1535155,5758647.688556409
2024-12-09 00:00:00.000,0.006701056704617,520711667.1797033,3254503.431010177
2024-12-10 00:00:00.000,0.0062182759091474,482250769.4034258,7788172.410826531
2024-12-11 00:00:00.000,0.0066422944932022,516441819.639864,8084710.017999562
2024-12-12 00:00:00.000,0.0069591594309757,541303857.6466745,5903135.516891066
2024-12-13 00:00:00.000,0.0069989729039116,544173805.4033887,4986526.816057823
2024-12-14 00:00:00.000,0.0071927935897793,559381342.9539741,3253243.0679351487
2024-12-15 00:00:00.000,0.0070145853897375,545802510.3779117,3925636.988468199
2024-12-16 00:00:00.000,0.0072439136700816,563184028.978685,2576833.4449037993
2024-12-17 00:00:00.000,0.0071211689795193,554942498.5193437,4547977.346469831
2024-12-18 00:00:00.000,0.0068793036121982,534320828.5391171,3762359.894747051
2024-12-19 00:00:00.000,0.0063372672717351,493532329.6711276,3455985.9880457013
2024-12-20 00:00:00.000,0.0055700676471002,433281260.8165038,7841128.257076559
2024-12-21 00:00:00.000,0.0058460871400564,454460666.21380424,10098696.253389876
2024-12-22 00:00:00.000,0.0052799689153508,409891790.56185675,3818340.080204378
2024-12-23 00:00:00.000,0.0054990997600994,427630832.5807344,2296244.2159570903
2024-12-24 00:00:00.000,0.005696928326576,441690784.1160509,3349082.262297925
2024-12-25 00:00:00.000,0.0056758219630549,441542661.66402215,3229269.0029482627
2024-12-26 00:00:00.000,0.0055919456267595,434903777.2733885,1314856.472457292
2024-12-27 00:00:00.000,0.0053094308824385,413108557.7556643,2435283.9667573613
2024-12-28 00:00:00.000,0.0052375643583705,407708013.40225273,2240949.571762214
2024-12-29 00:00:00.000,0.0055118317866265,429189206.84937423,1629474.7327623526
2024-12-30 00:00:00.000,0.0051560466844198,400636466.8278093,1500790.9985953516
2024-12-31 00:00:00.000,0.0049072466415318,381279613.6825171,2463426.2966940515
2025-01-01 00:00:00.000,0.0049862005076341,387522434.8563371,2351380.588740975
2025-01-02 00:00:00.000,0.0054099932008588,420616886.44522303,2521067.2376772887
2025-01-03 00:00:00.000,0.0057028557702395,442466904.1482674,3444229.566447216
2025-01-04 00:00:00.000,0.006354890189329,494390639.8016403,3990753.332886472
2025-01-05 00:00:00.000,0.0064321907290746,500884800.0472403,4648605.541021542
2025-01-06 00:00:00.000,0.0064519057543183,501997448.8720349,2487631.364720207
2025-01-07 00:00:00.000,0.0064354138376488,500686267.06273544,2943455.1972604245
2025-01-08 00:00:00.000,0.0058988911525276,458923880.4062549,2834902.250577133
2025-01-09 00:00:00.000,0.0054370114538182,423011659.7893551,3810751.7634153166
2025-01-10 00:00:00.000,0.0052879686732224,411506568.1003151,1239552.281353363
2025-01-11 00:00:00.000,0.0053636362345576,417322761.73099816,1983969.1118128807
2025-01-12 00:00:00.000,0.0053611468083042,417179726.608624,1311215.111095433
2025-01-13 00:00:00.000,0.0052539135632882,408714005.59635806,1293369.430737669
2025-01-14 00:00:00.000,0.0051755285558628,401838886.6034122,3646075.9828722905
2025-01-15 00:00:00.000,0.0056352257710876,438489911.7715164,3730950.350343506
2025-01-16 00:00:00.000,0.0058958872271837,459472062.1889324,2374044.6740915035
2025-01-17 00:00:00.000,0.005638496491415,438965118.7622728,3625304.851284224
2025-01-18 00:00:00.000,0.006479364802171,504022924.95364505,7234898.36594104
2025-01-19 00:00:00.000,0.0064646447930581,503735609.34707576,5274484.468996786
2025-01-20 00:00:00.000,0.0067151570095015,523866025.1649409,12275375.496787734
2025-01-21 00:00:00.000,0.0067397342840407,524174164.2228394,5755535.812278661
2025-01-22 00:00:00.000,0.0071461065977835,556902376.7008512,4297362.726519343
2025-01-23 00:00:00.000,0.0068777591575283,536288148.94120586,3394718.8830537503
2025-01-24 00:00:00.000,0.0066734209688489,518303650.14616543,3824764.055377744
2025-01-25 00:00:00.000,0.0069400505166718,540211688.2327763,3381510.917455897
2025-01-26 00:00:00.000,0.0066688436665982,518972724.4426583,2424526.912527476
2025-01-27 00:00:00.000,0.0065251638118153,507709341.40160614,3034438.4910536213
2025-01-28 00:00:00.000,0.0063324060540368,492144570.2811394,6354164.855249879
2025-01-29 00:00:00.000,0.0059145858654968,460343864.1772292,2689952.7612843392
2025-01-30 00:00:00.000,0.0059920789904887,466696159.3770128,2690407.7724682125
2025-01-31 00:00:00.000,0.0063868019280939,497514347.3828118,2339737.0070667197
2025-02-01 00:00:00.000,0.0064799859534803,503947919.4644452,3404283.044742434
2025-02-02 00:00:00.000,0.0063059106252508,491503916.9775651,2812277.6651579286
2025-02-03 00:00:00.000,0.005487751977782,426276971.1879963,5087939.886032157
2025-02-04 00:00:00.000,0.0070998768290579,551409468.187662,17926269.56292668
2025-02-05 00:00:00.000,0.0068101112396629,529780432.335333,11062965.083078315
2025-02-06 00:00:00.000,0.0069221094924543,538798125.633663,5277972.163596451
2025-02-07 00:00:00.000,0.0067183688129666,521438111.9051994,5629642.47918362
2025-02-08 00:00:00.000,0.006532123245543,507104246.84590673,6424812.640531823
2025-02-09 00:00:00.000,0.0069995453510982,544192573.3552202,2986443.946886835
2025-02-10 00:00:00.000,0.0067673867742274,526322300.1978899,4122357.7308146
2025-02-11 00:00:00.000,0.0068777769241753,535279152.5919933,2546007.3905090904
2025-02-12 00:00:00.000,0.0070475912909679,547337190.0041094,4050377.508374232
2025-02-13 00:00:00.000,0.0071242972608813,554101532.3341337,3719515.7009319416
2025-02-14 00:00:00.000,0.0086730146295373,673728009.418737,15752509.477804445
2025-02-15 00:00:00.000,0.0098192389565902,763818410.6597638,18070466.5459077
2025-02-16 00:00:00.000,0.0119414463923981,929125721.1206218,34117445.5233537
2025-02-17 00:00:00.000,0.0121813322027161,945421363.139415,15402886.139832366
2025-02-18 00:00:00.000,0.0110931217339754,863201541.1562582,12318815.387029313
2025-02-19 00:00:00.000,0.0102134726334557,930567541.2869656,17355179.796381228
2025-02-20 00:00:00.000,0.0116283399140713,1058163682.6111492,14847510.414350426
2025-02-21 00:00:00.000,0.0114784573270841,1044784111.2409034,10441484.52970766
2025-02-22 00:00:00.000,0.010503240308412,954648663.6948204,11348618.5548932
2025-02-23 00:00:00.000,0.0112557386672455,1025702608.0895756,6359655.614233999
2025-02-24 00:00:00.000,0.0110975115822724,1010281820.9715596,4310750.447257443
2025-02-25 00:00:00.000,0.0095173957733523,865854484.3821094,10582780.110650958
2025-02-26 00:00:00.000,0.0092829130477684,847977546.3207759,25026851.18839523
2025-02-27 00:00:00.000,0.0084095354862632,765499948.5981178,13107160.20697186
2025-02-28 00:00:00.000,0.0084253368299159,767126493.1149653,7736521.552052316
2025-03-01 00:00:00.000,0.0087096650382497,792962825.3702615,9210489.46405302
2025-03-02 00:00:00.000,0.0087939140379636,799222160.3469601,4359535.077319128
2025-09-10 00:00:00.000,0.0048962731286639,453269506.8063785,1697266.946083991
2025-09-11 00:00:00.000,0.0051824491725222,479635131.75911546,2170055.6127530495
2025-09-12 00:00:00.000,0.0052116559171144,482416971.3497207,1810157.1629333897
2025-09-13 00:00:00.000,0.0051996645011097,481212602.2128631,1974657.291311463
2025-09-14 00:00:00.000,0.005314161953107,491926207.98494583,1496160.7295274397
2025-09-15 00:00:00.000,0.005060643846896,468938375.8947328,1188845.1971155806
2025-09-16 00:00:00.000,0.0049438842101028,457682889.28086066,1852698.4080208295
2025-09-17 00:00:00.000,0.0049490255969282,457267269.0795781,1807652.396912483
2025-09-18 00:00:00.000,0.0049405169167851,457550363.08040863,1867500.866047796
2025-09-19 00:00:00.000,0.0046457696444811,430049893.8775591,1955602.3025062284
2025-09-20 00:00:00.000,0.0044305398765999,410632763.9717118,2449854.637792882
2025-09-21 00:00:00.000,0.004490461108909,415714531.42455703,1118117.0206182965
2025-09-22 00:00:00.000,0.0044957852085054,416223022.5442853,1449635.816263047
2025-09-23 00:00:00.000,0.0043055883756299,398855530.9126518,1888680.7664930553
2025-09-24 00:00:00.000,0.0042159089239547,390333104.3244489,1811837.2216502624
2025-09-25 00:00:00.000,0.0042582011814753,393809384.67843527,1352624.0455844118
2025-09-26 00:00:00.000,0.0038296301393637,354586797.48452955,2333042.8537090328
2025-09-27 00:00:00.000,0.0040075122387739,371130783.9802133,2239642.045560469
2025-09-28 00:00:00.000,0.0039176162348258,362688807.7315087,1033750.8023666104
2025-09-29 00:00:00.000,0.0039910660610832,369232674.8964834,930418.9531850844
2025-09-30 00:00:00.000,0.0039722405419144,367785265.7201451,2219832.560036964
2025-10-01 00:00:00.000,0.0038771530002532,358934655.9208374,1748437.4837158287
2025-10-02 00:00:00.000,0.0042436074433954,392823895.1305627,2419681.7826592126
2025-10-03 00:00:00.000,0.0047609640912528,452746761.40692365,3226037.3914079308
2025-10-04 00:00:00.000,0.0045797156534188,435505799.73163545,2461938.1952733034
2025-10-05 00:00:00.000,0.0045104247672851,428381231.4230235,1708922.9212012135
2025-10-06 00:00:00.000,0.0047130602020642,447942721.1627667,2596391.620038292
2025-10-07 00:00:00.000,0.0046832002851363,445062273.99897426,1716835.0493598392
2025-10-08 00:00:00.000,0.0044838759314518,426314527.2897691,2572842.4995644316
2025-10-09 00:00:00.000,0.004352302510672,413783183.9130122,2081828.5738977175
2025-10-10 00:00:00.000,0.0040090731110154,381089590.41508186,2565596.9556679586
2025-10-11 00:00:00.000,0.003892962680289,370132129.0276608,6401583.141997797
2025-10-12 00:00:00.000,0.0035150331026062,334013917.82488775,3949769.0081208865
2025-10-13 00:00:00.000,0.0043429233059996,412927328.4594443,3949179.5386727024
2025-10-14 00:00:00.000,0.0042436000708119,403378628.1950457,2988231.4331032145
2025-10-15 00:00:00.000,0.0043079641119446,409612050.6646321,5286173.897086234
2025-10-16 00:00:00.000,0.0041077962425852,390565673.3792389,3750028.1592078735
2025-10-17 00:00:00.000,0.0038250919095972,364157010.5822432,2932953.782686368
2025-10-18 00:00:00.000,0.0039651339903358,377008538.96398914,4847510.91498298
2025-10-19 00:00:00.000,0.0039502595570872,375546042.9725775,2054100.7834921945
2025-10-20 00:00:00.000,0.0040762852424023,387507202.6624148,1935878.1249719805
2025-10-21 00:00:00.000,0.003940224710371,374665578.66151315,1792354.1662931466
2025-10-22 00:00:00.000,0.003907852976575,371546004.9381172,2467307.0578707447
2025-10-23 00:00:00.000,0.0037763917193571,359057567.9215191,2182727.6341094295
2025-10-24 00:00:00.000,0.0037556789725311,357153119.66773176,1451364.6743099452
2025-10-25 00:00:00.000,0.0038240243993109,363412848.96389914,2325015.3086841116
2025-10-26 00:00:00.000,0.0037551710198762,357051108.7794506,1107259.721612873
2025-10-27 00:00:00.000,0.0038058998762844,361945676.03529894,2222589.1650094143
2025-10-28 00:00:00.000,0.0037656434506744,358177400.78990656,4472687.163201285
2025-10-29 00:00:00.000,0.0037061062304709,352316921.85205966,2763863.369755198
2025-10-30 00:00:00.000,0.0035532174839651,337775145.6429519,2513654.65147907
2025-10-31 00:00:00.000,0.0033308079266449,316662721.9010092,3400390.973831174
2025-11-01 00:00:00.000,0.0034132483584174,324534716.0169114,1341515.322529171
2025-11-02 00:00:00.000,0.003229925360726,307393406.1873616,1521297.3874036383
2025-11-03 00:00:00.000,0.0031317117453292,297718343.5058942,1666881.539998622
2025-11-04 00:00:00.000,0.0028705720752226,272365537.3112572,3278512.853881105
2025-11-05 00:00:00.000,0.0027038568529138,256421889.9379428,4038772.347618676
2025-11-06 00:00:00.000,0.0034893894196857,332003885.3401128,5998094.540762969
2025-11-07 00:00:00.000,0.0030649687319798,291302780.8327655,2932026.8434337443
2025-11-08 00:00:00.000,0.0033299064826404,316977067.8070593,3345104.23943102
2025-11-09 00:00:00.000,0.0032232643776899,305508465.1918837,2237146.090930017
2025-11-10 00:00:00.000,0.00329479561186,313297820.3147525,1702885.8282028812
2025-11-11 00:00:00.000,0.0032937985772824,313170949.5073387,1909149.4208634992
2025-11-12 00:00:00.000,0.003051556196043,290442078.15157866,1505811.9949669244
2025-11-13 00:00:00.000,0.0044549392255554,423096467.4863344,13914338.614814144
2025-11-14 00:00:00.000,0.0059104314554333,563588664.1177225,46433606.99354165
2025-11-15 00:00:00.000,0.0050545789297044,480869339.3528361,10881880.383701392
2025-11-16 00:00:00.000,0.0063774351252539,609356689.1960503,14710816.468114955
2025-11-17 00:00:00.000,0.0062601135652066,593903551.1308008,18412594.61149562
2025-11-18 00:00:00.000,0.0064399498463438,609656844.9189229,12590407.341919996
2025-11-19 00:00:00.000,0.0067409519766073,640583757.2362725,10548221.797014607
2025-11-20 00:00:00.000,0.0064208256556908,610530574.270344,7679299.378830414
2025-11-21 00:00:00.000,0.0054064001079146,516156886.7387572,9840674.318926178
2025-11-22 00:00:00.000,0.0052881355097653,502711190.8105424,11422797.436775085
2025-11-23 00:00:00.000,0.0049556896179817,473902257.68915504,4541843.434472394
2025-11-24 00:00:00.000,0.0053942981080824,512445463.7448787,3848233.42083002
2025-11-25 00:00:00.000,0.005585429096928,531118301.6380173,4597144.128543971
2025-11-26 00:00:00.000,0.0050604973392575,482538081.5721844,4002644.348803132
2025-11-27 00:00:00.000,0.0051784611804449,492040603.3790964,4217292.913983918
2025-11-28 00:00:00.000,0.0049785695604865,473170574.971488,2770104.2804756747
2025-11-29 00:00:00.000,0.0048772518269255,464024762.7795425,3222810.633966184
2025-11-30 00:00:00.000,0.0051534817298354,489932732.196936,3422413.701349801
2025-12-01 00:00:00.000,0.0058342741833596,554742255.1940085,6813703.268123254
2025-12-02 00:00:00.000,0.0052744578746374,502295082.5851175,7805735.026731607
2025-12-03 00:00:00.000,0.0055712780960694,529719558.73141056,4821510.327835181
2025-12-04 00:00:00.000,0.0063036769759921,599756490.8907485,6664267.053021547
2025-12-05 00:00:00.000,0.0056524785019114,537310451.7210324,4647780.396159501
2025-12-06 00:00:00.000,0.0054602625006642,519162562.6776742,2968049.415384934
2025-12-07 00:00:00.000,0.0054784743525816,520798063.0893462,1705519.5060704804
2025-12-08 00:00:00.000,0.0053566438054148,509700849.30156064,2701064.637554296
2025-12-09 00:00:00.000,0.0053274706557483,506523453.75095606,2187057.6159252487
2025-12-10 00:00:00.000,0.0054089833305412,514668971.51854247,3442991.568251549
2025-12-11 00:00:00.000,0.0053399689802538,509524959.4084422,2055242.696957399
2025-12-12 00:00:00.000,0.0051148750310531,486632657.90715766,3377882.0687820395
2025-12-13 00:00:00.000,0.0048699370868711,463012278.16497535,1822316.6939814617
2025-12-14 00:00:00.000,0.0048387309083108,459841680.89320654,1489066.9738499476
2025-12-15 00:00:00.000,0.0045262465206198,430924877.11733466,2624378.59004821
2025-12-16 00:00:00.000,0.004031274084166,382788436.85436815,6115586.376888634
2025-12-17 00:00:00.000,0.0043117668840549,409012396.8287683,2954931.619928317
2025-12-18 00:00:00.000,0.0039316685985928,374048118.26925206,2374953.269548463
2025-12-19 00:00:00.000,0.0038809558797786,369073189.5381784,2956098.71539986
2025-12-20 00:00:00.000,0.0039848225288611,379052383.9754946,2181685.151805948
2025-12-21 00:00:00.000,0.0038881899650882,369432911.1725166,1716115.457130022
2025-12-22 00:00:00.000,0.0037662574633095,357939623.64488983,1425183.4037511854
2025-12-23 00:00:00.000,0.0037503584706304,356630563.9218449,2044468.4045149176
2025-12-24 00:00:00.000,0.0038438799090907,365520597.00443023,2103426.440156956
2025-12-25 00:00:00.000,0.003745779494984,356251765.5338633,1271442.818294653
2025-12-26 00:00:00.000,0.0037845624225437,359829575.3607426,2278162.664583295
2025-12-27 00:00:00.000,0.0045206778199726,431002293.2941763,7620608.981798029
2025-12-28 00:00:00.000,0.0041368652014077,393533434.2219695,3494473.415155793
2025-12-29 00:00:00.000,0.0041439438161827,394150488.23867005,1502786.976553059
2025-12-30 00:00:00.000,0.0041504399311586,394644867.91659987,2182263.4142326177
2025-12-31 00:00:00.000,0.0042293657715401,402511258.3386805,1632100.7035132074
2026-01-01 00:00:00.000,0.0039135482210843,372089349.2485495,3071788.6678324887
2026-01-02 00:00:00.000,0.0039154737301274,372316710.541959,1647050.211792566
2026-01-03 00:00:00.000,0.0040073541761448,381767980.51634383,2041165.8948211705
2026-01-04 00:00:00.000,0.0040053881070675,382101252.4007111,1728833.135331547
2026-01-05 00:00:00.000,0.0040718866965874,386968098.8201178,1937875.592195331
2026-01-06 00:00:00.000,0.0041129421380393,391331658.51933366,2439135.6282255272
2026-01-07 00:00:00.000,0.0040473635864408,384747211.5546447,2330678.584914101
2026-01-08 00:00:00.000,0.0038525954734563,366290199.72937053,1941127.2684238085
2026-01-09 00:00:00.000,0.0037151229358098,353282471.7959347,2279558.221353842
2026-01-10 00:00:00.000,0.0036813529568306,350130260.0327358,1283994.238265598
