date,prices,market_caps,total_volumes
2018-01-24 00:00:00.000,0.2168872957598479,121958048.40115088,15022702.945103962
2018-01-25 00:00:00.000,0.2939689382757618,165301881.2239141,19200625.506945137
2018-01-26 00:00:00.000,0.2956980337018605,166274170.09370494,15105722.269054873
2018-01-27 00:00:00.000,0.2612789825173753,146919969.122307,10818759.370865688
2018-01-28 00:00:00.000,0.2956698509161049,166258322.6115497,11395804.234571353
2018-01-29 00:00:00.000,0.2790920849639675,156936467.33510056,203048691.4088497
2018-01-30 00:05:24.318,0.2742017114277758,154186557.93936086,204212161.27798492
2018-01-31 00:00:00.000,0.2150655003298153,120933633.32670172,17008641.718526516
2018-02-01 00:00:00.000,0.2163353125209708,121647662.31639776,22295173.49116987
2018-02-02 00:00:00.000,0.1904064911328419,107067608.45589112,29350537.15778975
2018-02-03 00:00:00.000,0.1707745745075831,96028371.55820867,14198235.225873038
2018-02-04 00:00:00.000,0.1878378447372984,105623231.08774868,22316354.942451812
2018-02-05 00:00:00.000,0.1546000546865338,86933265.89842345,17770973.322493624
2018-02-06 00:00:00.000,0.1169943127188563,65898767.15725867,11780650.291192602
2018-02-07 00:00:00.000,0.1351703314506211,76136677.00445665,14810252.179922014
2018-02-08 00:05:21.832,0.1213023569081686,68325336.40098667,14823561.716330905
2018-02-09 00:00:00.000,0.1305284773412056,73522084.41422187,14797506.342275005
2018-02-10 00:00:00.000,0.1411788962136857,79521089.4692062,16661497.753030086
2018-02-11 00:00:00.000,0.1315429492774504,74093500.65113606,8730766.93082634
2018-02-12 00:00:00.000,0.1175698548594854,66222949.73189076,8257366.874203062
2018-02-13 00:00:00.000,0.116390860015005,65558863.54743896,8415445.67744985
2018-02-14 00:00:00.000,0.1146525060349095,64579710.10391652,6404286.870100969
2018-02-15 00:00:00.000,0.1284833447231429,72370133.39137773,8624559.664265843
2018-02-16 00:00:00.000,0.144665771223844,84328074.43487903,15826678.734027214
2018-02-17 00:00:00.000,0.1396780233319606,81420633.56665637,10039250.73686628
2018-02-18 00:00:00.000,0.1688509258816479,98426001.7119998,17082576.041831482
2018-02-19 00:00:00.000,0.1653953373999487,96411681.94419412,15251649.298995713
2018-02-20 00:00:00.000,0.1695821973846417,98852271.98460738,9935515.87676132
2018-02-21 00:00:00.000,0.1510780861347646,88065919.01645112,9528733.941186404
2018-02-22 00:00:00.000,0.1309736312964658,76346699.26091236,7806281.818777155
2018-02-23 00:00:00.000,0.1343825115492417,78333792.02835685,8114935.289175485
2018-02-24 00:00:00.000,0.1323539616793882,77151316.70629065,7738063.5614114
2018-02-25 00:00:00.000,0.1279832393859467,74603550.2804288,6953247.845687871
2018-02-26 00:00:00.000,0.1187952859059071,69247739.99846429,6107569.238731884
2018-02-27 00:00:00.000,0.1273663059373341,74243929.55372995,8123895.178549332
2018-02-28 00:00:00.000,0.1486601014824766,86656435.70871668,9903743.84266955
2018-03-01 00:00:00.000,0.1454162471748463,84765539.29835236,13748988.106036142
2018-03-02 00:00:00.000,0.2050931762226897,119552209.78866994,42345139.3883416
2018-03-03 00:00:00.000,0.1976266856685234,115199868.76223044,32221225.70853667
2018-03-04 00:00:00.000,0.2305127031327647,134369673.09901595,32686165.23485659
2018-03-05 00:00:00.000,0.2210513839690737,128854513.43174855,29132064.082012616
2018-03-06 00:00:00.000,0.2154594717148963,125594895.148762,23887988.645165183
2018-03-07 00:00:00.000,0.1996548454208448,117413766.60697356,19744882.568625
2018-03-08 00:00:00.000,0.1696293509571897,99756261.76764189,15648193.906668298
2018-03-09 00:00:00.000,0.1448565013111639,85187751.89553216,13778269.476281876
2018-03-10 00:00:00.000,0.1688386837059166,99291283.21974306,18656631.97292844
2018-03-11 00:00:00.000,0.1662506469171079,97769300.88642712,27266148.5842077
2018-03-12 00:00:00.000,0.1852176597906587,108923492.60199691,22885534.98269323
2018-03-13 00:00:00.000,0.1678087719555361,98685608.87394863,18797581.402464125
2018-03-14 00:00:00.000,0.1642808553631023,96610898.51808544,8096767.865541337
2018-03-15 00:00:00.000,0.1487913292454649,87501760.19191377,9387629.144609692
2018-03-16 00:00:00.000,0.149367091171668,87840356.4142188,9356673.55918144
2018-03-17 00:00:00.000,0.1514296034091191,89053286.3081147,8466199.5479686
2018-03-18 00:00:00.000,0.1438533637165227,84597822.99516606,7208350.424275737
2018-03-19 00:00:00.000,0.1404307731149683,82585053.14109582,9479567.27653494
2018-03-20 00:00:00.000,0.1487839527438199,87497422.19129725,9323238.17335594
2018-03-21 00:00:00.000,0.1553685072335687,91369691.56918608,10393512.09199012
2018-03-22 00:00:00.000,0.1551779426673561,91257623.64790086,9588092.151652126
2018-03-23 00:00:00.000,0.1486613830184655,87425340.9297806,9365819.9991179
2018-03-24 00:00:00.000,0.1513833132730793,89026063.83215763,10418978.105438355
2018-03-25 00:00:00.000,0.1460377301013398,85882413.33080465,8502222.634184698
2018-03-26 00:00:00.000,0.144417650946381,84929671.1352211,8257823.894082856
2018-03-27 00:00:00.000,0.1322362292718186,77765975.21577874,8845127.579891581
2018-03-28 00:00:00.000,0.129117579746155,75931948.16392647,6372643.096903881
2018-03-29 00:00:00.000,0.132875919792945,78142166.80476776,10126155.65188612
2018-03-30 00:00:00.000,0.1184765231396824,69674115.88236883,8951426.118880302
2018-03-31 00:00:00.000,0.1167399132334131,68652843.84766181,7775360.565566272
2018-04-01 00:00:00.000,0.1169191185624815,68758231.58637463,7181018.885021232
2018-04-02 00:00:00.000,0.1085674442908222,63846747.81224882,5965494.772555435
2018-04-03 00:00:00.000,0.1145567662620483,67368970.62923709,8429537.46096853
2018-04-04 00:00:00.000,0.1195116201212978,70282839.57829915,7920625.851511952
2018-04-05 00:00:00.000,0.1093605122950958,64313138.20393186,7089439.577216589
2018-04-06 00:00:00.000,0.1076280488847033,63294304.65599476,6155051.288948986
2018-04-07 00:00:00.000,0.100894760087048,59334567.05123587,8069834.922991068
2018-04-08 00:00:00.000,0.1035865182308055,60917546.22605814,7591860.557456492
2018-04-09 00:00:00.000,0.1043203490032724,61349100.16538697,6981665.3344682
2018-04-10 00:00:00.000,0.1060080634043415,62341617.54891781,8116505.661611792
2018-04-11 00:00:00.000,0.1042672672798138,61317883.66735439,7696297.052081631
2018-04-12 00:00:00.000,0.1124353830062441,66121419.647161454,10535557.441584362
2018-04-13 00:00:00.000,0.1240685873129931,72962717.85099286,17553804.132071313
2018-04-14 00:00:00.000,0.1242731475576212,76205718.74969693,13971365.373996075
2018-04-15 00:00:00.000,0.1198649203547425,73502543.29297508,9484493.96588827
2018-04-16 00:00:00.000,0.1236649740549081,75832779.78573227,8166292.842330317
2018-04-17 00:00:00.000,0.1171013217266281,71807872.93232062,10991116.807239028
2018-04-18 00:00:00.000,0.116119239929798,71205649.1159187,9387669.244989678
2018-04-19 00:00:00.000,0.1230115334626,75432082.52348596,8485290.562965604
2018-04-20 00:00:00.000,0.1378114004694945,84507530.63778903,12716463.312822629
2018-04-21 00:00:00.000,0.141063929568997,86502018.76859757,10624779.99392613
2018-04-22 00:00:00.000,0.144535921881508,88631084.25754921,14275815.052399272
2018-04-23 00:00:00.000,0.1507738109258968,92456229.3307284,13483508.76271473
2018-04-24 00:00:00.000,0.1481372787562531,90839477.57909808,10622187.842794929
2018-04-25 00:00:00.000,0.15963696910592,97891219.533964,14852548.366569445
2018-04-26 00:00:00.000,0.1298615752915702,79632606.70188998,12483280.24013844
2018-04-27 00:00:00.000,0.1458621440829881,89444338.9153081,10221781.170854503
2018-04-28 00:00:00.000,0.1341096342118564,82237565.13155696,7504584.986282445
2018-04-29 00:00:00.000,0.1427796930548414,87554144.60762991,8415099.636092728
2018-04-30 00:00:00.000,0.1471908545520308,90259119.40726192,10231543.476428203
2018-05-01 00:00:00.000,0.1423649378683284,87299811.97250672,7572704.048718698
2018-05-02 00:00:00.000,0.1403329347880144,86053764.38877484,8142680.729580141
2018-05-03 00:00:00.000,0.1452174761116005,91283136.08602823,6447320.083158009
2018-05-04 00:00:00.000,0.1740421581847704,109402218.21564443,11155095.662518108
2018-05-05 00:00:00.000,0.174908386057765,109946725.66012938,9044567.03880551
2018-05-06 00:00:00.000,0.1661939471478309,104468863.53065974,7077663.454235847
2018-05-07 00:00:00.000,0.1639308524375794,103046291.06939,7712642.415150172
2018-05-08 00:00:00.000,0.2072166809382312,130255593.1411662,22341340.312649213
2018-05-09 00:00:00.000,0.1986123698596818,124846956.9346938,15368176.787914108
2018-05-10 00:00:00.000,0.2114136279378971,132893777.56892698,10225907.587590365
2018-05-11 00:00:00.000,0.2153548510283297,135371214.9500372,14799146.532152357
2018-05-12 00:00:00.000,0.1796702988003647,112940045.33866766,10912555.518053891
2018-05-13 00:00:00.000,0.185683349428863,116719825.38657022,11072264.676262448
2018-05-14 00:00:00.000,0.1904286941150104,119702730.44978592,7957439.009888992
2018-05-15 00:00:00.000,0.2358341155203629,148244400.3105332,16439309.311534824
2018-05-16 00:00:00.000,0.2336959603951609,146900364.38253745,16873557.363436636
2018-05-17 00:00:00.000,0.239984578428117,150853365.02038231,18583752.65501335
2018-05-18 00:00:00.000,0.2082801700873968,130924098.25039072,9618080.789616004
2018-05-19 00:00:00.000,0.2326454604070801,146240024.2090403,9407844.157474589
2018-05-20 00:00:00.000,0.2255632422705164,141788169.65777367,8218575.491474344
2018-05-21 00:00:00.000,0.2251284603245754,141514867.43133515,5254424.463436246
2018-05-22 00:00:00.000,0.2210684991168277,138962791.73525292,7472755.332692671
2018-05-23 00:00:00.000,0.2016382748786815,126749028.96506342,5720482.326231542
2018-05-24 00:00:00.000,0.1743643530925773,109604748.67136563,8168390.658112828
2018-05-25 00:00:00.000,0.1773560978570272,111485347.69966763,8625014.613952367
2018-05-26 00:00:00.000,0.1687695430334211,106087873.00543028,5137495.149368477
2018-05-27 00:00:00.000,0.1656144649786569,104104603.3112666,10270075.633013496
2018-05-28 00:00:00.000,0.1625220785625264,102160741.33533408,11896784.352169951
2018-05-29 00:00:00.000,0.1618671218941512,103367710.97929126,14003728.54570863
2018-05-30 00:00:00.000,0.194542224347285,124233903.61353678,29093570.94288258
2018-05-31 00:00:00.000,0.293444726655209,187392654.77969056,62431288.5351833
2018-06-01 00:00:00.000,0.2449008678117869,156392736.37731314,45350103.16528558
2018-06-02 00:00:00.000,0.2633897893157826,168199689.33959278,70966514.5246919
2018-06-03 00:00:00.000,0.2518352137424378,160820982.56839988,49278106.499529794
2018-06-04 00:00:00.000,0.2661884073774117,169986875.88835385,57697722.22780315
2018-06-05 00:00:00.000,0.2541489601081081,162298531.9484549,65144088.9964784
2018-06-06 00:00:00.000,0.2575848199621792,164585389.14880314,54820285.99176759
2018-06-07 00:00:00.000,0.254092867854425,162354185.08705726,37147547.85071168
2018-06-08 00:00:00.000,0.2346054518225916,149902581.95464104,36297998.41919282
2018-06-09 00:00:00.000,0.2295905893327995,146698305.03129074,30609254.75765881
2018-06-10 00:00:00.000,0.2064677947921299,131923854.66483387,17420615.221600592
2018-06-11 00:00:00.000,0.177951371964375,113703112.66254131,16144377.553961258
2018-06-12 00:00:00.000,0.2038298070999293,130238296.36619528,24834699.544863235
2018-06-13 00:00:00.000,0.1812862326453249,115833942.20060097,16884442.737951748
2018-06-14 00:00:00.000,0.163672832746032,104579753.0869558,16753361.557611745
2018-06-15 00:00:00.000,0.1732607607571358,110706018.0705442,18366481.575635094
2018-06-16 00:00:00.000,0.1630418416535046,104176577.48628062,12225720.62185739
2018-06-17 00:00:00.000,0.1650315180564026,105447893.33905189,10569900.471872916
2018-06-18 00:00:00.000,0.1583053163386805,101150145.79567108,9719933.958599277
2018-06-19 00:00:00.000,0.1595634113627586,101954013.2718464,11311172.09078789
2018-06-20 00:00:00.000,0.1517465845819603,96959404.20359708,9734200.7506549
2018-06-21 00:00:00.000,0.1473548202987591,94153259.67339294,10009708.162109211
2018-06-22 00:00:00.000,0.1536773165768063,102026783.713646,13953965.262088776
2018-06-23 00:00:00.000,0.1260221764556783,83666461.82255733,15401539.429431967
2018-06-24 00:00:00.000,0.1245629564958143,82697681.76736116,8982972.678155653
2018-06-25 00:00:00.000,0.1369931673756316,90950132.1953089,16472456.181221545
2018-06-26 00:00:00.000,0.160054249692085,106260446.75645272,26769978.46008445
2018-06-27 00:00:00.000,0.1532956977504052,101773425.94862528,21923009.3702258
2018-06-28 00:00:00.000,0.1623898647264373,107811067.85822798,24103926.334439013
2018-06-29 00:00:00.000,0.1373096099447054,91160219.26783109,13942573.071640372
2018-06-30 00:00:00.000,0.1570398806318396,104259199.03171736,17122732.717667606
2018-07-01 00:00:00.000,0.1621845700940938,107674772.1997779,17780715.900050744
2018-07-02 00:00:00.000,0.1620735493761057,107601065.2465709,11273829.014320131
2018-07-03 00:00:00.000,0.1633141510497255,108424704.03366494,14118558.248676592
2018-07-04 00:00:00.000,0.1638102613513757,108754072.99697112,15890269.368571045
2018-07-05 00:00:00.000,0.1613735969235581,107136364.9311524,11358449.26015463
2018-07-06 00:00:00.000,0.1543848212651507,102496497.97871795,11869841.39891158
2018-07-07 00:00:00.000,0.15705636150253,104270140.72608578,9547516.797888592
2018-07-08 00:00:00.000,0.1601434667978687,106319678.23288728,7379111.900790991
2018-07-09 00:00:00.000,0.1566983894092203,104032482.09075052,8185020.184077854
2018-07-10 00:00:00.000,0.1430935635596739,95000201.62585992,7596138.174276252
2018-07-11 00:00:00.000,0.1294182874472807,85921149.04202461,7969520.039827093
2018-07-12 00:00:00.000,0.1289985375819841,85655375.83150503,8115296.548812421
2018-07-13 00:00:00.000,0.1277560988103508,84830393.14622262,6855692.209795017
2018-07-14 00:00:00.000,0.125441831796669,83293713.62607393,6083019.119191656
2018-07-15 00:00:00.000,0.1256827855154256,83453707.5432529,2817734.3599197264
2018-07-16 00:00:00.000,0.1295620230579267,86029531.70274338,2750391.2077697283
2018-07-17 00:00:00.000,0.1462779699095751,97128965.36141896,6446264.067480579
2018-07-18 00:00:00.000,0.1579860509811355,104903162.6759651,8376793.545577509
2018-07-19 00:00:00.000,0.1560021879896499,103585872.31501108,7750261.625130164
2018-07-20 00:00:00.000,0.1468959295960447,97539292.2549284,5194370.439174836
2018-07-21 00:00:00.000,0.1296192197858301,86067510.48387319,4589308.747515603
2018-07-22 00:00:00.000,0.1373723860814031,91215633.7523979,3167516.710444683
2018-07-23 00:00:00.000,0.1322023913030274,87782743.31744044,1910977.6962241728
2018-07-24 00:00:00.000,0.1393440321278433,92524812.0289904,3154625.0972186434
2018-07-25 00:00:00.000,0.136732057965548,90790454.16162774,6706282.927883682
2018-07-26 00:00:00.000,0.1426323612609293,94708271.41567652,5571026.635731288
2018-07-27 00:00:00.000,0.1332214868720283,88459425.51560502,5929243.41280869
2018-07-28 00:00:00.000,0.1324120300972096,87921944.04049614,5448668.85910245
2018-07-29 00:00:00.000,0.1307707736679786,86832145.3581482,5611665.039239655
2018-07-30 00:00:00.000,0.1333338517506902,88534036.09718566,5718012.521684277
2018-07-31 00:00:00.000,0.1270854637851311,84385089.68613921,4659840.792658447
2018-08-01 00:00:00.000,0.1124487797110233,74666292.10288815,4167669.837668953
2018-08-02 00:00:00.000,0.1136284518478265,75449597.57386385,4058824.2541958606
2018-08-03 00:00:00.000,0.1065439798204329,70745489.0975292,4327307.062358553
2018-08-04 00:00:00.000,0.1112396909540883,73863453.91704364,5198326.726339908
2018-08-05 00:00:00.000,0.1077450518357055,71543004.14535284,4106247.30542647
2018-08-06 00:00:00.000,0.1214334966921544,80632168.33826315,6722005.0490741925
2018-08-07 00:00:00.000,0.1165536279843984,77391922.3943462,4672891.20550968
2018-08-08 00:00:00.000,0.1072217165855062,71195508.13197201,4119751.283267908
2018-08-09 00:00:00.000,0.1019332586618572,67683957.85000573,5830829.060308698
2018-08-10 00:00:00.000,0.107769490887952,74765084.19574724,5802510.892719225
2018-08-11 00:00:00.000,0.0987886508323007,68534626.41612,4887424.911886109
2018-08-12 00:00:00.000,0.0845608164027544,58664066.29485008,5202971.261938457
2018-08-13 00:00:00.000,0.0837320992894179,58089143.79830162,4028088.2246033754
2018-08-14 00:00:00.000,0.0742816596915911,51532901.336759694,3345515.7960932944
2018-08-15 00:00:00.000,0.066121071622057,45871493.371680975,2773813.4457401135
2018-08-16 00:00:00.000,0.0654384842845496,45367686.79972282,1535386.6275251317
2018-08-17 00:00:00.000,0.0667275431358899,46292232.98379613,1770485.953127929
2018-08-18 00:00:00.000,0.092252568154426,63994280.53603074,5359661.162842756
2018-08-19 00:00:00.000,0.0759073926268001,52664406.59613357,4439516.817199269
2018-08-20 00:00:00.000,0.0837402711920642,58094813.0557543,2855145.097902484
2018-08-21 00:00:00.000,0.0732690773667695,50830422.34992731,2036250.093803814
2018-08-22 00:00:00.000,0.0759047913400864,52525811.12019156,1011230.3426117108
2018-08-23 00:00:00.000,0.069667496683877,48329477.187767915,1474883.4891909964
2018-08-24 00:00:00.000,0.0826914914672678,57367222.12272558,5559038.846982579
2018-08-25 00:00:00.000,0.1090708227741712,75795265.50767417,34923693.93289113
2018-08-26 00:00:00.000,0.1038861606719059,72071023.86224863,5790626.480031664
2018-08-27 00:00:00.000,0.09689037658335,67217698.65780868,4872440.082480192
2018-08-28 00:00:00.000,0.1017363157360407,70511995.06892125,4688679.848314341
2018-08-29 00:00:00.000,0.1055882424355282,72957404.45114876,5387275.785515426
2018-08-30 00:00:00.000,0.1030608192509463,71485914.6049735,3643847.5308408383
2018-08-31 00:00:00.000,0.1015599555665177,70457219.07271177,2691352.610522956
2018-09-01 00:00:00.000,0.1011382912544285,70164689.45662148,2595017.346130448
2018-09-02 00:00:00.000,0.1068547827996821,74130505.46042468,3634090.1556048025
2018-09-03 00:00:00.000,0.1046623778829394,72583118.20105919,2765902.7588374033
2018-09-04 00:00:00.000,0.1081347389317765,74872082.51109275,4313328.650294203
2018-09-05 00:00:00.000,0.1109606537101536,76978953.40045841,6874946.491182475
2018-09-06 00:00:00.000,0.0920388629718657,63499201.26008553,5024841.437861391
2018-09-07 00:00:00.000,0.0949730812016143,66060659.13818686,3344144.2709399867
2018-09-08 00:00:00.000,0.0916724601542963,63598299.56583688,2734476.615983788
2018-09-09 00:00:00.000,0.0869366521403794,60312302.33545158,2780790.858441091
2018-09-10 00:00:00.000,0.0855402112073114,59343521.43953211,1923028.7234003823
2018-09-11 00:00:00.000,0.0860259822250433,59483347.834236816,1134138.8451509734
2018-09-12 00:00:00.000,0.0821714806816317,58675340.08554765,1137456.9488758345
2018-09-13 00:00:00.000,0.0809247869208642,57760066.5838421,1142519.0774362285
2018-09-14 00:00:00.000,0.0858974355310617,61306028.1847458,1513871.9008045916
2018-09-15 00:00:00.000,0.0832159067285706,59855935.342405595,1375431.777163188
2018-09-16 00:00:00.000,0.0832018534502976,59752947.47816352,752081.1339722968
2018-09-17 00:00:00.000,0.084049078722794,59990029.85434516,830409.4007655348
2018-09-18 00:00:00.000,0.0868418370168771,61983361.08395422,2917179.1826782287
2018-09-19 00:00:00.000,0.0828072818002823,58888419.1363983,2723906.730763703
2018-09-20 00:00:00.000,0.089014253868231,63533923.60943564,2760313.6180693973
2018-09-21 00:00:00.000,0.0876374467250848,62551227.512391895,2125380.226064716
2018-09-22 00:00:00.000,0.0917303810807148,65472559.40462981,3405117.0488492516
2018-09-23 00:00:00.000,0.0884502699708346,63131380.103232965,1680982.4855106738
2018-09-24 00:00:00.000,0.0894511715959955,63853720.026048854,1324482.7271464102
2018-09-25 00:00:00.000,0.0860875137122535,61441273.12679419,1136034.4427582475
2018-09-26 00:00:00.000,0.0860054303716489,61386375.841759026,1451601.8853750348
2018-09-27 00:00:00.000,0.0847149675338055,60456641.63235464,1202229.742357426
2018-09-28 00:00:00.000,0.0875514253920349,62489829.78601354,1053749.004220722
2018-09-29 00:00:00.000,0.0859677610026911,61384543.639331535,1204639.4623353574
2018-09-30 00:00:00.000,0.0875916612215941,62487887.58429248,4241976.665937791
2018-10-01 00:00:00.000,0.088818251163363,63394026.679032154,3279403.477904268
2018-10-02 00:00:00.000,0.0898041631896272,64123408.97020636,2315505.1212998778
2018-10-03 00:00:00.000,0.0931161550604245,66461655.58126184,3034904.9039829085
2018-10-04 00:00:00.000,0.0909377422387031,64934434.79668068,1616537.483541585
2018-10-05 00:00:00.000,0.0985853303842285,70365279.46315776,3013748.0792965055
2018-10-06 00:00:00.000,0.0963636843770722,61206181.72917011,3139142.81862118
2018-10-07 00:00:00.000,0.0933602369200643,59317202.58265077,1185610.1317599658
2018-10-08 00:00:00.000,0.096526941810197,61329393.26258045,1466016.838321061
2018-10-09 00:00:00.000,0.0965736679583313,61359014.27198643,2074790.747491118
2018-10-10 00:00:00.000,0.0966671418728818,61410518.765146926,1141927.637849636
2018-10-11 00:00:00.000,0.0977175007964302,62203482.63528777,1841233.2258570837
2018-10-12 00:00:00.000,0.0806666117791256,51252368.13872909,2713198.4543814673
2018-10-13 00:00:00.000,0.0837711817465122,53217404.87138362,1081695.3663965135
2018-10-14 00:00:00.000,0.0848038677533598,53881016.61669177,1304535.972439246
2018-10-15 00:00:00.000,0.090668585291424,57607225.70941471,2768170.324050447
2018-10-16 00:00:00.000,0.0916231759805603,57549725.16130375,5756278.1407616865
2018-10-17 00:00:00.000,0.0906841764126354,57346313.78599808,1772702.5690036034
2018-10-18 00:00:00.000,0.0914039383107712,57633277.38043604,2154211.421498596
2018-10-19 00:00:00.000,0.0875733975061152,55183009.23099235,1632895.428813613
2018-10-20 00:00:00.000,0.0872218823387562,54974689.18393963,1225060.679124426
2018-10-21 00:00:00.000,0.0898529404134222,56599945.60703342,985059.5782901637
2018-10-22 00:00:00.000,0.0893971374234412,56348810.42030243,1087877.847283781
2018-10-23 00:00:00.000,0.089752526715499,56471581.081669874,1134492.7122240362
2018-10-24 00:00:00.000,0.09068992169902,57146838.295562685,1570781.7194388802
2018-10-25 00:00:00.000,0.088909048692691,56024648.97384983,1209110.3325304857
2018-10-26 00:00:00.000,0.0874681746846446,55114159.47825782,1197015.4463901855
2018-10-27 00:00:00.000,0.0875864574838696,55190962.989684336,1505744.9852983055
2018-10-28 00:00:00.000,0.0890709062984285,56164004.91786643,2004219.080445572
2018-10-29 00:00:00.000,0.0938756835893293,59094862.65431373,3885284.5299359383
2018-10-30 00:00:00.000,0.0880166863290785,55463506.64248876,3182906.2043988276
2018-10-31 00:00:00.000,0.0892069339289016,56222683.79432029,1848114.9011259717
2018-11-01 00:00:00.000,0.0899158641370962,63390926.00041154,2076647.9155897545
2018-11-02 00:00:00.000,0.0940803884152535,66444252.602069326,3854372.8991783606
2018-11-03 00:00:00.000,0.093859308789286,66210526.70373009,2577265.1402709885
2018-11-04 00:00:00.000,0.0915689103462767,64551957.62306399,1671317.183505268
2018-11-05 00:00:00.000,0.0905081681813614,63805684.96875336,1715585.931176426
2018-11-06 00:00:00.000,0.0929526811459281,65531890.15763894,2183351.5814762083
2018-11-07 00:00:00.000,0.0921867366468024,64961796.711383365,2504025.0937237297
2018-11-08 00:00:00.000,0.0930976927524012,65815275.5653051,2202970.742371956
2018-11-09 00:00:00.000,0.0915201260212607,64529660.98786136,2436803.40683244
2018-11-10 00:00:00.000,0.0890708294908697,62933480.31755679,1811129.8530795104
2018-11-11 00:00:00.000,0.0892913895632998,62908663.5285317,1697758.9486589734
2018-11-12 00:00:00.000,0.0876105847675551,61956744.66272798,2032078.7319710131
2018-11-13 00:00:00.000,0.0891038987197733,62899224.69207073,2686380.2807142353
2018-11-14 00:00:00.000,0.0870388373233112,61556053.342697404,1977957.325319691
2018-11-15 00:00:00.000,0.0752261017538498,53113775.95979625,2486131.8221528074
2018-11-16 00:00:00.000,0.0737513211164893,52105506.68610218,2056503.220113412
2018-11-17 00:00:00.000,0.071899463450853,50758954.717866376,1488277.0232309897
2018-11-18 00:00:00.000,0.0693782931881699,49010154.403764494,1482596.151478944
2018-11-19 00:00:00.000,0.0707366570533602,50055566.99932257,1233935.136625216
2018-11-20 00:00:00.000,0.0608336572827466,43026758.2117499,1951742.106075824
2018-11-21 00:00:00.000,0.0504169117113404,35363392.604348324,2611567.608834857
2018-11-22 00:00:00.000,0.0564939621626299,39805151.866981454,2323578.859995548
2018-11-23 00:00:00.000,0.0525919056635786,37479425.333246,1286997.244780223
2018-11-24 00:00:00.000,0.0572022519416536,40413544.8136338,3264342.495002323
2018-11-25 00:00:00.000,0.0508015944166822,35891463.060873374,1419660.743922232
2018-11-26 00:00:00.000,0.0533098186294206,37663530.211787984,2055537.1000054616
2018-11-27 00:00:00.000,0.052303503323696,37002059.49020945,20939797.132986445
2018-11-28 00:00:00.000,0.0518602894703774,36402667.91370625,24421850.30528331
2018-11-29 00:00:00.000,0.0547668888715288,38509902.124067575,14232200.816527002
2018-11-30 00:00:00.000,0.0538270422993299,38010295.109015726,1729707.8649875682
2018-12-01 00:00:00.000,0.0891870318535609,63173547.043193825,54216376.87212681
2018-12-02 00:00:00.000,0.0804372851063029,56864598.10419115,13068711.073804837
2018-12-03 00:00:00.000,0.0671821180646916,47442513.47539618,6132633.239378207
2018-12-04 00:00:00.000,0.0623635664664566,44074805.100174494,6454338.9733119765
2018-12-05 00:00:00.000,0.0662575990896365,46654096.249858275,21026226.9709492
2018-12-06 00:00:00.000,0.0576731797597805,40816136.71671587,3586714.8837381927
2018-12-07 00:00:00.000,0.0503054880821186,35425593.942283645,3506827.803619223
2018-12-08 00:00:00.000,0.0475220264522511,33327920.104049217,3062412.029951746
2018-12-09 00:00:00.000,0.0466055951483116,32813249.924236026,2305513.4891776103
2018-12-10 00:00:00.000,0.047451908118936,33512734.224632703,1649092.0038104015
2018-12-11 00:00:00.000,0.048151204027712,34082141.17707016,1884885.2665475945
2018-12-12 00:00:00.000,0.0454289466104711,32060538.577714913,1476207.8361056969
2018-12-13 00:00:00.000,0.0447729597360311,31615435.893110093,1557130.7971987152
2018-12-14 00:00:00.000,0.0420408994176621,29762842.050198212,1880064.850590347
2018-12-15 00:00:00.000,0.0411842640425559,29106208.96911676,5912402.767885766
2018-12-16 00:00:00.000,0.0412235868764625,29110972.798111584,1127223.891660808
2018-12-17 00:00:00.000,0.0412797000966248,29176567.143133756,1317365.624854261
2018-12-18 00:00:00.000,0.0441064174151828,31163105.37643101,13879171.63717982
2018-12-19 00:00:00.000,0.0459025565238132,32418216.44822387,12637081.14422482
2018-12-20 00:00:00.000,0.0458139091527197,32432648.40108699,3476921.7613667157
2018-12-21 00:00:00.000,0.049544325514047,34938095.30537825,2837313.248538189
2018-12-22 00:00:00.000,0.0481011109815536,34043950.4282777,3592114.090331224
2018-12-23 00:00:00.000,0.0539076073425453,38011473.08694125,18258558.59293884
2018-12-24 00:00:00.000,0.0549917870192898,38822305.51266466,5511651.498910245
2018-12-25 00:00:00.000,0.0536929538687621,38017919.61340807,4355458.309880644
2018-12-26 00:00:00.000,0.0478785759593494,33711683.6681998,2856279.522876983
2018-12-27 00:00:00.000,0.0475765860542984,33612985.98080178,1767237.6016234865
2018-12-28 00:00:00.000,0.0430898586821117,30633752.13474787,1665110.3550052645
2018-12-29 00:00:00.000,0.0491422274359056,34808445.430579916,12308510.241785638
2018-12-30 00:00:00.000,0.0500469854943514,36269261.30126443,6036597.792910332
2018-12-31 00:00:00.000,0.0495167770025356,35032047.952876344,1899080.247918132
2019-01-01 00:00:00.000,0.0464357030489253,32852022.71461673,1578128.7174099432
2019-01-02 00:00:00.000,0.049167184143581,34761415.355578326,2662774.7153686546
2019-01-03 00:00:00.000,0.0497202423230343,35202065.26243995,2438794.117542477
2019-01-04 00:00:00.000,0.0525732989168929,37181438.74281528,4333082.199627469
2019-01-05 00:00:00.000,0.0515925841392655,36585174.43351077,2840885.1096771704
2019-01-06 00:00:00.000,0.0495339014073949,35072248.93849847,1622317.9033290986
2019-01-07 00:00:00.000,0.0512431256340623,36301997.62869079,1853020.507385027
2019-01-08 00:00:00.000,0.0512013135910885,36160447.28078921,2374653.037897278
2019-01-09 00:00:00.000,0.0498406592925608,35292921.12708259,2280655.969316193
2019-01-10 00:00:00.000,0.0500990912933232,35456472.54664438,1545164.8354986352
2019-01-11 00:00:00.000,0.0442861055632295,31354681.82410441,3604670.381498092
2019-01-12 00:00:00.000,0.0457234945597173,32372357.098756727,2188033.384180878
2019-01-13 00:00:00.000,0.045602563592445,32252213.498241976,1270587.6029941123
2019-01-14 00:00:00.000,0.043573581017812,30832513.0624474,1371315.416251512
2019-01-15 00:00:00.000,0.0452807442426681,32074715.270671368,1049497.6250905995
2019-01-16 00:00:00.000,0.0453516917883477,32107175.940091982,2259531.3124745116
2019-01-17 00:00:00.000,0.0467707096653033,33248463.973135296,1502045.7101588596
2019-01-18 00:00:00.000,0.0467693066790352,33229718.15812021,1522462.9954669713
2019-01-19 00:00:00.000,0.0461456372988964,32787187.669051312,1173983.1400489332
2019-01-20 00:00:00.000,0.0497560879633643,35351834.29209093,6142656.942643143
2019-01-21 00:00:00.000,0.0464156340477794,32978432.80258728,2375137.694892407
2019-01-22 00:00:00.000,0.0466769532374532,33163705.545288462,1506188.4962549414
2019-01-23 00:00:00.000,0.0490902420999133,34878749.01564943,3171686.070228368
2019-01-24 00:00:00.000,0.051611388513742,36683992.10287519,5528049.401963429
2019-01-25 00:00:00.000,0.0509759579188974,36161314.06052624,3146158.9957221393
2019-01-26 00:00:00.000,0.0551822294077473,39221122.11155406,5409895.894389985
2019-01-27 00:00:00.000,0.0608129792582914,43184822.06934339,16175450.910518505
2019-01-28 00:00:00.000,0.0566462725951629,40276121.47360957,12329013.98344232
2019-01-29 00:00:00.000,0.0515321145749861,36613705.97538375,5096248.052994402
2019-01-30 00:00:00.000,0.0521653018771415,37083345.43280512,2627709.475080474
2019-01-31 00:00:00.000,0.0539258147135458,38483992.73053535,1778575.6111242194
2019-02-01 00:00:00.000,0.0520623240785937,36990421.2534303,2011804.1778663024
2019-02-02 00:00:00.000,0.0575787509762005,40893196.70380534,3626602.8631222234
2019-02-03 00:00:00.000,0.0565072886927267,40148580.56428162,3520972.7526699603
2019-02-04 00:00:00.000,0.0554301999420753,39404833.52888567,2117190.5071780635
2019-02-05 00:00:00.000,0.0607586072970658,43169153.86446031,4360369.663842387
2019-02-06 00:00:00.000,0.068863696857185,48876049.1048637,11664730.023880454
2019-02-07 00:00:00.000,0.0627766005143932,44602943.471755154,13770433.06913674
2019-02-08 00:00:00.000,0.0683444515780372,48558916.62442574,7496286.968752704
2019-02-09 00:00:00.000,0.0717874963031316,50924171.148992375,4671381.776676469
2019-02-10 00:00:00.000,0.0775665174750002,55111219.24235318,8470632.846314302
2019-02-11 00:00:00.000,0.0854182298767324,60722266.81898338,37393748.61185641
2019-02-12 00:00:00.000,0.0862217382434533,59876841.43255212,12808173.56475545
2019-02-13 00:00:00.000,0.0829817898290263,57638809.20639637,6248071.202116007
2019-02-14 00:00:00.000,0.0900903993656134,63948466.54604557,9209658.40791437
2019-02-15 00:00:00.000,0.092138889260776,63995926.54239568,14276437.921749806
2019-02-16 00:00:00.000,0.0918991660895917,63757308.21364675,5010387.08322805
2019-02-17 00:00:00.000,0.0871017439319192,60557721.68525627,4619074.681620575
2019-02-18 00:00:00.000,0.0895961682253242,62518190.72753999,6242413.8413333865
2019-02-19 00:00:00.000,0.088586534891846,61590026.59274829,5715319.247505841
2019-02-20 00:00:00.000,0.0901075635128063,62647525.83151688,5337613.207920555
2019-02-21 00:00:00.000,0.0971533399833048,67546120.8687239,14115704.76042859
2019-02-22 00:00:00.000,0.0912062720082794,63501594.47853304,3719430.488924793
2019-02-23 00:00:00.000,0.0955656865487921,66617576.653179154,3520886.9708390674
2019-02-24 00:00:00.000,0.096197129032269,66881312.63376502,3025692.3413281166
2019-02-25 00:00:00.000,0.0874506056810721,61100935.13609011,5508084.527139884
2019-02-26 00:00:00.000,0.1110573832270955,77443379.11790156,45469961.43685808
2019-02-27 00:00:00.000,0.1234325371095806,86158997.9042112,33463447.32091729
2019-02-28 00:00:00.000,0.144172580666992,101976634.12870347,53424099.591438934
2019-03-01 00:00:00.000,0.1425041954177997,100576464.95825528,22857013.615695953
2019-03-02 00:00:00.000,0.1392279467810578,98336993.34344186,15396519.847808275
2019-03-03 00:00:00.000,0.1388925736049761,100419691.6981966,8649873.173067875
2019-03-04 00:00:00.000,0.12968500326774,93762594.4138996,10054733.266813831
2019-03-05 00:00:00.000,0.1209111206734064,87419054.49487554,69649564.92038761
2019-03-06 00:00:00.000,0.1248098215500559,90101958.38416652,39711774.90195823
2019-03-07 00:00:00.000,0.1374889960459254,99822279.35903752,30995651.44313137
2019-03-08 00:00:00.000,0.1308120974588185,94527743.88920158,14123465.45113243
2019-03-09 00:00:00.000,0.123819383507189,89688425.83309324,12327772.068237845
2019-03-10 00:00:00.000,0.1360399524680433,98357239.20223184,14750969.360226585
2019-03-11 00:00:00.000,0.1812951128975708,130859592.1036984,150868580.43622407
2019-03-12 00:00:00.000,0.1508185592188763,112078096.7765982,49365651.51182325
2019-03-13 00:00:00.000,0.1277937175033789,95217763.72490342,52740306.62359684
2019-03-14 00:00:00.000,0.1286371752986805,95868706.38259606,20063720.423611943
2019-03-15 00:00:00.000,0.1304086030214348,97135306.92031167,20780570.39786591
2019-03-16 00:00:00.000,0.1291645031087283,96003818.8764865,11208585.30980762
2019-03-17 00:00:00.000,0.1290820643814987,95767853.9987562,7747207.431240145
2019-03-18 00:00:00.000,0.1289762617073601,95825508.0064975,7117826.176749287
2019-03-19 00:00:00.000,0.1280364483953404,95159488.00976144,10430412.789455894
2019-03-20 00:00:00.000,0.1262300270634013,93776383.25296718,7638348.611511172
2019-03-21 00:00:00.000,0.1257971890926882,93467638.44276178,6931655.339556386
2019-03-22 00:00:00.000,0.1187311975568828,88221955.96410128,9501482.409492066
2019-03-23 00:00:00.000,0.1203048800506781,89386986.76069762,32187422.635312792
2019-03-24 00:00:00.000,0.1191381045831523,88523304.17229685,6860299.848386383
2019-03-25 00:00:00.000,0.1163427011535589,86485205.25304693,6968243.813812993
2019-03-26 00:00:00.000,0.1074842430757355,79870974.22366573,8813055.243208589
2019-03-27 00:00:00.000,0.107746577106482,79811127.08465803,8607864.702160073
2019-03-28 00:00:00.000,0.1110776128446714,82468391.30689369,7559173.362566377
2019-03-29 00:00:00.000,0.1134834609170765,84318429.57719685,7891396.572051412
2019-03-30 00:00:00.000,0.1112549791191546,82812820.68057017,5356934.703231795
2019-03-31 00:00:00.000,0.108599704843873,80734841.62165716,4200121.454584879
2019-04-01 00:00:00.000,0.1118879525254341,83181281.00332353,5717651.94455664
2019-04-02 00:00:00.000,0.1088018493302393,80699961.26902424,6301750.761210025
2019-04-03 00:00:00.000,0.1129961949854797,84098914.64836077,11119625.387599817
2019-04-04 00:00:00.000,0.1109599172533258,82963032.61102904,11981283.18961908
2019-04-05 00:00:00.000,0.1214198087142051,90106094.0090584,11804620.277033672
2019-04-06 00:00:00.000,0.1247446922124642,92625135.2425515,12801610.26671896
2019-04-07 00:00:00.000,0.1284178721775666,95457919.90736234,8864229.349105716
2019-04-08 00:00:00.000,0.1262779928985675,93640949.3689603,8297957.90268829
2019-04-09 00:00:00.000,0.119816734153444,88954167.62335621,7563287.93510777
2019-04-10 00:00:00.000,0.1311318245919834,97684164.72501355,21276968.176013
2019-04-11 00:00:00.000,0.1285532209990827,95580869.57154702,12171588.13715577
2019-04-12 00:00:00.000,0.1132375621642261,84174182.74814892,8123452.534925
2019-04-13 00:00:00.000,0.1151674674887762,85578655.08952738,5460418.439931119
2019-04-14 00:00:00.000,0.1187364718179642,88183281.35517445,4806569.4705115305
2019-04-15 00:00:00.000,0.1214418051320072,90191969.84420829,10164218.83997064
2019-04-16 00:00:00.000,0.1177090432450343,87365515.4399423,6507086.706240682
2019-04-17 00:00:00.000,0.1322467751760657,99201984.50150202,13699472.954706611
2019-04-18 00:00:00.000,0.1279271719635207,95068783.2919292,10140483.018194811
2019-04-19 00:00:00.000,0.1260978866051534,93667613.11861733,6605466.7884633625
2019-04-20 00:00:00.000,0.1219791178462958,90687261.74872592,5857329.327513424
2019-04-21 00:00:00.000,0.1233793183128733,91655406.20156462,3938489.4817845537
2019-04-22 00:00:00.000,0.1156403282117236,85924979.04684803,5523819.535809048
2019-04-23 00:00:00.000,0.1123671084606881,83494306.30716425,4228869.434059151
2019-04-24 00:00:00.000,0.1108437883680336,82506714.53400338,4549611.987657569
2019-04-25 00:00:00.000,0.1009725263013324,74987623.70959367,5621470.51629613
2019-04-26 00:00:00.000,0.0950418553525167,70625837.79411992,3638546.826479331
2019-04-27 00:00:00.000,0.1041894200280379,76951897.1056336,5968986.161472464
2019-04-28 00:00:00.000,0.1021326876073028,75436731.65749581,3071758.5561654894
2019-04-29 00:00:00.000,0.0979747938608262,72774864.22395393,3075398.3639677134
2019-04-30 00:00:00.000,0.0908728570088844,67515728.16769686,4313053.335694267
2019-05-01 00:00:00.000,0.0927120604811808,68870553.19311747,4371387.580667817
2019-05-02 00:00:00.000,0.0952543282305703,71114761.64945143,5197969.562280905
2019-05-03 00:00:00.000,0.094662210103746,70315946.67391242,3993234.9388063224
2019-05-04 00:00:00.000,0.0954717951972003,70811217.41946916,4435954.0251509305
2019-05-05 00:00:00.000,0.0902618874269027,67038164.25474625,4761824.942287557
2019-05-06 00:00:00.000,0.0877330045667424,65242646.6420268,4647302.679495058
2019-05-07 00:00:00.000,0.0901976176283927,67015526.631541215,5569747.6146288505
2019-05-08 00:00:00.000,0.0866391138802322,64827403.74807743,4535441.52435306
2019-05-09 00:00:00.000,0.0856036900674823,63563814.48788505,4319258.260394798
2019-05-10 00:00:00.000,0.0809633772794107,60127124.1771092,5394633.4178940505
2019-05-11 00:00:00.000,0.0848233285720953,63051192.533562705,5495367.091223163
2019-05-12 00:00:00.000,0.0917925528133117,68325613.41053775,6255680.7550220005
2019-05-13 00:00:00.000,0.0861490928585521,63898486.881889574,5036405.970888327
2019-05-14 00:00:00.000,0.0900055722993987,66884914.191987745,9546787.444821926
2019-05-15 00:00:00.000,0.1022434396980706,76064007.38483831,12051325.091433516
2019-05-16 00:00:00.000,0.1174085372994393,87025848.78330596,14503302.56667125
2019-05-17 00:00:00.000,0.1126847134607431,83699799.16282515,12870302.939314611
2019-05-18 00:00:00.000,0.1113619147957651,82718445.41403405,12739002.59236078
2019-05-19 00:00:00.000,0.1182106143792428,87566509.81901032,10794612.782827852
2019-05-20 00:00:00.000,0.1174475581370595,87254790.37644027,9389261.547845917
2019-05-21 00:00:00.000,0.1118547019176845,83051439.97738968,5962790.2358564595
2019-05-22 00:00:00.000,0.1137942040467587,84569487.25707093,8572049.927832885
2019-05-23 00:00:00.000,0.1061005632704029,78899229.13987571,6167000.222624477
2019-05-24 00:00:00.000,0.108022219645751,80296748.73785567,5279471.150241348
2019-05-25 00:00:00.000,0.1188319695679369,88391959.04758376,58747384.91218421
2019-05-26 00:00:00.000,0.135594527107026,99716726.57976589,25500226.779800527
2019-05-27 00:00:00.000,0.1243831263628898,92289388.10090604,13609734.682725651
2019-05-28 00:00:00.000,0.126413135002932,94114798.2199042,9593708.279718695
2019-05-29 00:00:00.000,0.1315031623894069,97790636.97460024,8796505.558911247
2019-05-30 00:00:00.000,0.1469279002763508,109642584.89574656,53621656.09215737
2019-05-31 00:00:00.000,0.132794678648378,98829993.99806578,27458949.28548482
2019-06-01 00:00:00.000,0.1361780251067397,101200532.36330576,10990959.647996943
2019-06-02 00:00:00.000,0.131424901767416,97753494.68542248,8320468.783360246
2019-06-03 00:00:00.000,0.14016133326706,104088044.05122128,13151519.07720364
2019-06-04 00:00:00.000,0.1318584508969773,97899860.52507068,11104074.11267395
2019-06-05 00:00:00.000,0.1239178464654349,92019162.25355394,9823278.37378211
2019-06-06 00:00:00.000,0.1308179566103074,97347566.8404989,9784789.146794902
2019-06-07 00:00:00.000,0.1316627462600719,97950921.6380916,8548095.647040145
2019-06-08 00:00:00.000,0.1344740334859326,134698678.465342,5246087.125724287
2019-06-09 00:00:00.000,0.1406362286856432,140622099.6894474,10585373.830522886
2019-06-10 00:00:00.000,0.129961543286465,130526525.2770981,10552320.540728644
2019-06-11 00:00:00.000,0.1439575059068495,143871616.35023,14009987.292237524
2019-06-12 00:00:00.000,0.1411167233142399,141116723.3142399,12573480.184447143
2019-06-13 00:00:00.000,0.1376610151722272,137202169.8478336,10948533.61090146
2019-06-14 00:00:00.000,0.1326682344873118,132421407.9315728,9431122.461709552
2019-06-15 00:00:00.000,0.1290311258812081,129288775.5984118,11217622.184980365
2019-06-16 00:00:00.000,0.1307564669627702,130581509.1068818,7177627.981879122
2019-06-17 00:00:00.000,0.1276564966658046,128041747.0444693,5759673.889686617
2019-06-18 00:00:00.000,0.1279650497454949,127773023.0147224,5271524.024482407
2019-06-19 00:00:00.000,0.1271615659564367,127181189.6973949,3698229.703558637
2019-06-20 00:00:00.000,0.1282083154095536,128241330.0389003,2869732.649229098
2019-06-21 00:00:00.000,0.1289567578513447,129253780.8238987,5391655.016349304
2019-06-22 00:00:00.000,0.1259375430789072,125512605.0180894,4287458.194278585
2019-06-23 00:00:00.000,0.1314142364940359,131528229.9391207,8116587.65962923
2019-06-24 00:00:00.000,0.1295900484033524,129475988.0386125,4874551.040702056
2019-06-25 00:00:00.000,0.1322846096354822,132367770.8742417,5079841.543157256
2019-06-26 00:00:00.000,0.1369345223726948,137148172.360018,11313157.659016686
2019-06-27 00:00:00.000,0.126962181788339,127078426.144256,14020488.296989871
2019-06-28 00:00:00.000,0.116473289104246,116016366.4687575,7906150.723652351
2019-06-29 00:00:00.000,0.1170728620693737,117140436.8550088,5639991.111809781
2019-06-30 00:00:00.000,0.1199715801381257,120135265.8128024,4108070.8149511577
2019-07-01 00:00:00.000,0.1145933443800587,116333850.7838346,5398736.679683602
2019-07-02 00:00:00.000,0.119494327806305,119432575.5678107,5323910.062960043
2019-07-03 00:00:00.000,0.1141796390099566,113773803.7608999,4442489.4377825195
2019-07-04 00:00:00.000,0.1199410180475979,120048158.9071706,4005029.565543116
2019-07-05 00:00:00.000,0.1163635516214153,116068580.6168641,5255304.200209806
2019-07-06 00:00:00.000,0.1129957339310549,113121215.9397466,2706767.545832744
2019-07-07 00:00:00.000,0.1185838930536016,118643966.5352501,3625135.658817323
2019-07-08 00:00:00.000,0.1195602062517397,119338631.2412368,3926237.168094669
2019-07-09 00:00:00.000,0.1167855133408672,116574803.1750772,3362646.948223983
2019-07-10 00:00:00.000,0.1201329613304738,119696685.165758,3869653.0864922274
2019-07-11 00:00:00.000,0.1204850081147979,120609058.9135142,8629482.0108865
2019-07-12 00:00:00.000,0.1110113466497964,110810846.8056367,6251064.472800962
2019-07-13 00:00:00.000,0.1127789408232788,112730384.2986585,3293261.989715106
2019-07-14 00:00:00.000,0.1144347650447863,114192816.2449853,4315316.033457105
2019-07-15 00:00:00.000,0.1037090843206862,103478560.6713238,3032102.3713677996
2019-07-16 00:00:00.000,0.1027797052519887,102706253.0104698,2609442.0277442727
2019-07-17 00:00:00.000,0.0927767544926341,92787004.28388304,3993971.0667621414
2019-07-18 00:00:00.000,0.1105246821506558,110757403.4513047,14679093.150945324
2019-07-19 00:00:00.000,0.1187061290591139,120372782.4409212,7797232.411266044
2019-07-20 00:00:00.000,0.1220005005742524,121954774.4421635,4406242.201393559
2019-07-21 00:00:00.000,0.1204805928462332,120319099.3297773,3091003.2187446193
2019-07-22 00:00:00.000,0.1203253795594179,120417580.6990401,2781352.897614881
2019-07-23 00:00:00.000,0.1260437811181518,126109624.6790627,4624094.702262239
2019-07-24 00:00:00.000,0.1185551945335066,118409552.4313757,5350878.960128804
2019-07-25 00:00:00.000,0.1173561512360156,117537088.1377487,2941990.734671268
2019-07-26 00:00:00.000,0.1265508598759014,126587457.1958714,3866427.5400242456
2019-07-27 00:00:00.000,0.1237282598529961,123678875.1026232,2280878.972203389
2019-07-28 00:00:00.000,0.1240378314324352,124005415.4186234,3047140.787289335
2019-07-29 00:00:00.000,0.1221666596601887,122328086.3094185,2308041.0492818025
2019-07-30 00:00:00.000,0.1235466236672814,123180681.6086781,2163996.282635098
2019-07-31 00:00:00.000,0.1225062958052541,122529723.37886,2938579.475222141
2019-08-01 00:00:00.000,0.1365995336793767,136490713.0697597,4768701.794890484
2019-08-02 00:00:00.000,0.1297949370097885,129670472.4511531,7062437.1174807595
2019-08-03 00:00:00.000,0.1310164180853655,130983824.8470794,3427107.340537631
2019-08-04 00:00:00.000,0.1288393905720594,128783092.3381723,2418359.76361689
2019-08-05 00:00:00.000,0.1271360517400208,127040707.6301949,1621613.1428330028
2019-08-06 00:00:00.000,0.1295687836586517,129687417.8787272,3256470.9448609403
2019-08-07 00:00:00.000,0.123763314723995,123894384.86966,2539229.694784646
2019-08-08 00:00:00.000,0.1201471870272728,120190919.1488368,2803723.15671678
2019-08-09 00:00:00.000,0.1211877993888795,120918074.2686912,1913469.5224495805
2019-08-10 00:00:00.000,0.1153995169331148,115360506.8055645,1659704.9755086403
2019-08-11 00:00:00.000,0.1154296212821262,115420007.9898551,1611126.232855911
2019-08-12 00:00:00.000,0.1180824388129198,117993245.0901441,1856742.563065816
2019-08-13 00:00:00.000,0.1249213744163746,124404619.5872636,4429224.847596059
2019-08-14 00:00:00.000,0.1199897683973797,120023907.6948011,2737334.950696433
2019-08-15 00:00:00.000,0.108264710068939,108188279.0745808,2389181.8648001854
2019-08-16 00:00:00.000,0.1117746027671256,111486368.399281,1750898.939877706
2019-08-17 00:00:00.000,0.1126808625912393,112506807.9899466,2401279.9154773997
2019-08-18 00:00:00.000,0.1147879120843847,114787912.0843847,1919399.1919567224
2019-08-19 00:00:00.000,0.1182229887185321,118234727.6389456,1808476.9226496627
2019-08-20 00:00:00.000,0.1239667138066008,123966713.8066009,2511911.7943208087
2019-08-21 00:00:00.000,0.1212133692436796,121213369.2436797,2649240.347649806
2019-08-22 00:00:00.000,0.1236842624202237,123367277.5227284,2963337.882368211
2019-08-23 00:00:00.000,0.1274612084975524,127325131.5240359,2531393.741115447
2019-08-24 00:00:00.000,0.1286413629345179,128731873.6511134,3268586.941750457
2019-08-25 00:00:00.000,0.1295886753354823,129619485.2406636,2887210.924320927
2019-08-26 00:00:00.000,0.1238233027719723,123940924.5323253,3129154.12435369
2019-08-27 00:00:00.000,0.1210188901904969,120997028.6575988,2257498.803077608
2019-08-28 00:00:00.000,0.1280654023313662,128082711.8191331,3371298.252497624
2019-08-29 00:00:00.000,0.1175822234899074,117582223.4899074,4414497.703730658
2019-08-30 00:00:00.000,0.1139911195038877,114138341.6241411,2740943.579609273
2019-08-31 00:00:00.000,0.108173613133869,108144665.7960296,4302129.182233493
2019-09-01 00:00:00.000,0.1124966632815751,112496663.2815752,1432330.722411853
2019-09-02 00:00:00.000,0.107415718086275,107420459.0303768,2507794.506938076
2019-09-03 00:00:00.000,0.1086198693286873,108597221.2088539,2393363.8973651137
2019-09-04 00:00:00.000,0.1097372387556975,109738646.9083344,31520686.69145298
2019-09-05 00:00:00.000,0.1126052576734087,112557022.6468713,18213087.741644695
2019-09-06 00:00:00.000,0.108518391344745,108660123.2810231,4441574.47198423
2019-09-07 00:00:00.000,0.1103290792606867,110339864.0980884,2004595.8712252576
2019-09-08 00:00:00.000,0.1043497552089741,104347579.8044062,7063466.829366259
2019-09-09 00:00:00.000,0.1109925752937857,110776115.6805968,1124668.8519614963
2019-09-10 00:00:00.000,0.1096868521995251,109686852.1995251,1225265.463887296
2019-09-11 00:00:00.000,0.1042982686500526,104281385.1115366,2503887.9612535834
2019-09-12 00:00:00.000,0.1027325526241048,102695494.9008267,3365426.0260409485
2019-09-13 00:00:00.000,0.0999303322342503,99930332.23425032,31084117.84088323
2019-09-14 00:00:00.000,0.1037031418329611,103754432.5694795,2319299.878649944
2019-09-15 00:00:00.000,0.1007259684873355,100725968.4873355,6160887.717444946
2019-09-16 00:00:00.000,0.1001557175398995,100143484.8904205,43900572.542037375
2019-09-17 00:00:00.000,0.1052944124379954,105294412.4379954,1906066.4819445491
2019-09-18 00:00:00.000,0.1044914852362331,104498323.0390375,3329737.1141479756
2019-09-19 00:00:00.000,0.1040749397749317,104079257.3770921,21593131.18830013
2019-09-20 00:00:00.000,0.1020195888122736,101953772.9064987,9964537.369525475
2019-09-21 00:00:00.000,0.1026416842484237,102614900.7593556,13333702.760171045
2019-09-22 00:00:00.000,0.1066750251573886,106609083.2557363,768442.626478906
2019-09-23 00:00:00.000,0.1001467290876911,100146729.0876912,3851613.899446896
2019-09-24 00:00:00.000,0.0986028046430876,98622651.21835618,3523158.535541737
2019-09-25 00:00:00.000,0.0840964082022473,84380380.07713453,2052860.045548543
2019-09-26 00:00:00.000,0.0828107056651022,82811310.74657276,1659162.8167209215
2019-09-27 00:00:00.000,0.0843879590094421,84551088.02610195,2860235.50695461
2019-09-28 00:00:00.000,0.0848397885717394,84839788.57173946,1765104.451305597
2019-09-29 00:00:00.000,0.084800896907362,84654669.70813107,1339289.852425014
2019-09-30 00:00:00.000,0.0808664382919394,81016686.39583841,934446.9223052544
2019-10-01 00:00:00.000,0.0819850355269213,81998240.21307926,1390592.9295946422
2019-10-02 00:00:00.000,0.0826146553131987,82580672.26763587,1465131.7029751986
2019-10-03 00:00:00.000,0.0826146553131987,82580672.26763587,1465131.7029751986
2019-10-04 00:00:00.000,0.0837108549799003,83632606.11763881,1350301.2621756028
2019-10-05 00:00:00.000,0.0832670018510166,83196028.3629298,1317467.286739951
2019-10-06 00:00:00.000,0.085595812010609,85553665.43649806,1304199.162385313
2019-10-07 00:00:00.000,0.0844559400245082,84455940.02450828,2365791.3983837888
2019-10-08 00:00:00.000,0.0865590075205506,86713570.34347022,1914253.4728116833
2019-10-09 00:00:00.000,0.0902007555268315,90238094.13762347,2298564.1585991695
2019-10-10 00:00:00.000,0.0889431973479126,89035882.3960795,2378398.6442238917
2019-10-11 00:00:00.000,0.0884007109957602,88400710.99576028,8909616.139588842
2019-10-12 00:00:00.000,0.0842163261727583,84207921.35691746,1345871.126703682
2019-10-13 00:00:00.000,0.0870355788357891,87035578.83578914,1557732.5486220731
2019-10-14 00:00:00.000,0.0862603475440299,86362243.52328335,1335653.8591736762
2019-10-15 00:00:00.000,0.08656050794623,86480859.77553956,989029.5168027622
2019-10-16 00:00:00.000,0.0879486514278516,87976913.92575714,2709211.6161656473
2019-10-17 00:00:00.000,0.0844479552721976,84368438.88267592,1450140.7671120963
2019-10-18 00:00:00.000,0.0863063006148302,86234238.82110228,1387510.442025233
2019-10-19 00:00:00.000,0.0818349643238987,81906997.77014019,1266324.5280475456
2019-10-20 00:00:00.000,0.0821916947571509,82186114.98537575,851374.4191829073
2019-10-21 00:00:00.000,0.0854366253844067,85350227.62994236,861108.3555606252
2019-10-22 00:00:00.000,0.0864933605587208,86423711.2364419,922683.5774953668
2019-10-23 00:00:00.000,0.0894270772833253,89486563.23145665,1737497.0185160667
2019-10-24 00:00:00.000,0.0947909490989438,94699391.56413113,8527437.72520196
2019-10-25 00:00:00.000,0.094244858807854,94551817.63549703,3625720.780150944
2019-10-26 00:00:00.000,0.097203150318917,97203150.31891708,4375419.182532498
2019-10-27 00:00:00.000,0.0933387998177646,93681473.41761713,4099716.526047752
2019-10-28 00:00:00.000,0.0962708330507426,96424095.83227624,2537591.493488441
2019-10-29 00:00:00.000,0.0968339988132076,96873154.56670658,2211490.6656313264
2019-10-30 00:00:00.000,0.1008088042167404,100808804.2167404,4617244.781120851
2019-10-31 00:00:00.000,0.0951552063038945,95202081.75248508,2448181.0278166877
2019-11-01 00:00:00.000,0.0934484820711751,93450855.98877752,2511224.6651570024
2019-11-02 00:00:00.000,0.0937786163668772,93785902.70024662,4379785.968345224
2019-11-03 00:00:00.000,0.093655427017148,93655427.01714803,1673573.100413256
2019-11-04 00:00:00.000,0.0932842534867581,93284253.48675816,1158270.9896649453
2019-11-05 00:00:00.000,0.0934668262800878,93392655.54633269,3122737.978199475
2019-11-06 00:00:00.000,0.0937086249641947,93713762.06167497,1539451.3135891163
2019-11-07 00:00:00.000,0.0939361274290365,93941870.39052203,951560.0786356464
2019-11-08 00:00:00.000,0.0915724909521893,91536519.63573287,2367368.181025054
2019-11-09 00:00:00.000,0.0878037056376251,87817286.11352918,1385195.1128795024
2019-11-10 00:00:00.000,0.0899330989910253,89951571.03397806,1330817.694754893
2019-11-11 00:00:00.000,0.0904126722691758,90412651.2701118,1089543.2147492014
2019-11-12 00:00:00.000,0.0884071947196796,88447400.2511924,1235659.6605174562
2019-11-13 00:00:00.000,0.0898602734397731,89919732.57254371,1217543.257996311
2019-11-14 00:00:00.000,0.0901510605694362,90175907.68794784,912954.5763733264
2019-11-15 00:00:00.000,0.0875862949796137,87518775.1352335,1096649.7869416606
2019-11-16 00:00:00.000,0.0925346834473143,92371362.62531744,2655785.4248497193
2019-11-17 00:00:00.000,0.0900155076464257,90052428.89991456,1176497.734896291
2019-11-18 00:00:00.000,0.0885169098244425,88502812.88255353,1063994.54426199
2019-11-19 00:00:00.000,0.0920017530873005,92007435.3184958,3553834.990390297
2019-11-20 00:00:00.000,0.0936964659440401,93677464.04927954,3888145.6338367593
2019-11-21 00:00:00.000,0.0894434793601693,89450681.9584701,3460452.0751414923
2019-11-22 00:00:00.000,0.0828133071032211,82792380.50994425,2886719.5762576708
2019-11-23 00:00:00.000,0.0766013831131004,76601383.11310042,1628882.5798970934
2019-11-24 00:00:00.000,0.075017068122219,74845569.95067261,1762656.4806249277
2019-11-25 00:00:00.000,0.0691465551520093,69927102.88106729,956508.9957818872
2019-11-26 00:00:00.000,0.0714137749724937,71500837.32021564,2231570.303153148
2019-11-27 00:00:00.000,0.0732089481024867,73212507.75421041,1370389.310783148
2019-11-28 00:00:00.000,0.0773989766009428,77564083.4947658,1975799.9780302169
2019-11-29 00:00:00.000,0.0813599979501833,81462688.88214973,1248129.9495314294
2019-11-30 00:00:00.000,0.0780855242326596,78225768.27562007,1130507.1526166818
2019-12-01 00:00:00.000,0.071874004590526,72258298.58189961,1383472.760950661
2019-12-02 00:00:00.000,0.0779322537649512,77910876.12920687,3039372.489960123
2019-12-03 00:00:00.000,0.0795406061388609,79052502.3625757,2108428.8424905767
2019-12-04 00:00:00.000,0.078074328146165,77835710.60752197,2160609.44490098
2019-12-05 00:00:00.000,0.0736596540574138,73530439.29369074,1729156.6360909883
2019-12-06 00:00:00.000,0.0770117308858503,77010147.85679479,2261793.1450473205
2019-12-07 00:00:00.000,0.0792351905279214,79092976.02745879,2121284.5461249677
2019-12-08 00:00:00.000,0.0784525412200436,78423134.03514414,1232319.7742325491
2019-12-09 00:00:00.000,0.0827152653972473,82835801.13868502,3145020.09451706
2019-12-10 00:00:00.000,0.0849496950684457,84636829.54845393,2930557.8455488174
2019-12-11 00:00:00.000,0.0767347364440916,76746344.92492022,3039091.9100314314
2019-12-12 00:00:00.000,0.0824051496450503,82394222.92420334,2354441.992776021
2019-12-13 00:00:00.000,0.0850422104696227,85215475.82869674,3848475.747235041
2019-12-14 00:00:00.000,0.0896646950254927,89424869.28608838,3928657.833152728
2019-12-15 00:00:00.000,0.0881084868161272,88076713.25887373,2023749.4189671625
2019-12-16 00:00:00.000,0.0944407742547736,94245235.39084952,5306254.063848188
2019-12-17 00:00:00.000,0.0913400399273696,91364765.28358652,5970590.101302354
2019-12-18 00:00:00.000,0.093891226227982,93893396.04452167,8053512.291468464
2019-12-19 00:00:00.000,0.1001298780292712,99973041.52218407,6474406.631066427
2019-12-20 00:00:00.000,0.1058676828464304,105703587.3792613,6199739.461523758
2019-12-21 00:00:00.000,0.1053548358050103,105376650.1678062,3095976.6519489703
2019-12-22 00:00:00.000,0.0999373841439568,99941754.57951264,3124155.1879364634
2019-12-23 00:00:00.000,0.0972492730260753,97261382.80874994,3502716.7363681663
2019-12-24 00:00:00.000,0.0907321702129112,90969148.07970844,2979499.820460322
2019-12-25 00:00:00.000,0.0920346405760127,91786022.78817973,1635062.1102702906
2019-12-26 00:00:00.000,0.0907330481676826,90733241.15022808,1536718.6426250169
2019-12-27 00:00:00.000,0.0870908805835717,87357475.74381544,2876776.821719572
2019-12-28 00:00:00.000,0.0852844304348394,85279214.44897152,1273340.4680742202
2019-12-29 00:00:00.000,0.0885299724483484,88530087.0335882,1276786.3748972483
2019-12-30 00:00:00.000,0.087036281218815,87024810.8108122,1142139.025560825
2019-12-31 00:00:00.000,0.0896035276949209,89603113.55316949,1827935.328132786
2020-01-01 00:00:00.000,0.0871899131348579,87163580.420265,2077667.215872637
2020-01-02 00:00:00.000,0.0865288431461943,86547173.45898896,934011.398998244
2020-01-03 00:00:00.000,0.0847235564865279,84716592.44329323,1474893.2079151426
2020-01-04 00:00:00.000,0.0869540823303107,87166457.89136085,1557136.7626295758
2020-01-05 00:00:00.000,0.0928939944112665,92348738.36982831,2920523.073267491
2020-01-06 00:00:00.000,0.0937557458901497,93644358.9854078,2738636.9387852047
2020-01-07 00:00:00.000,0.0986229967512728,99587885.38277276,4521278.4567905925
2020-01-08 00:00:00.000,0.095711177692867,95807792.89021675,4363876.823218745
2020-01-09 00:00:00.000,0.0972283519892784,97268042.98366944,2902375.160645819
2020-01-10 00:00:00.000,0.0923415811087593,92259791.58902527,2819566.417418925
2020-01-11 00:00:00.000,0.0948286858704029,94595863.90923811,2085858.8009669208
2020-01-12 00:00:00.000,0.093366653406051,93456742.90932178,2214673.353550007
2020-01-13 00:00:00.000,0.0946946096845014,94554026.25996882,1480588.2125297748
2020-01-14 00:00:00.000,0.0963555778259195,96321942.90911622,3383369.2487696568
2020-01-15 00:00:00.000,0.103892793841677,103536267.210623,5048151.800586167
2020-01-16 00:00:00.000,0.1032955885929758,103044330.4418132,4062820.09767751
2020-01-17 00:00:00.000,0.1012550108891892,101247768.6768923,3061793.7701261127
2020-01-18 00:00:00.000,0.1087190663783273,108804217.8633321,3704026.7096961695
2020-01-19 00:00:00.000,0.1077734186413265,107902789.1893198,3696537.722795587
2020-01-20 00:00:00.000,0.1104191107480574,110318518.5318805,5048314.507664724
2020-01-21 00:00:00.000,0.1091583702541487,109233763.190198,4644037.815055857
2020-01-22 00:00:00.000,0.1102806879033074,110507872.9018095,4731075.789647843
2020-01-23 00:00:00.000,0.1169801906861309,116608782.0159881,6260249.238714666
2020-01-24 00:00:00.000,0.1095199128848524,109022618.7423775,3721244.578374296
2020-01-25 00:00:00.000,0.10473065260086,104526960.8981183,3568878.631707019
2020-01-26 00:00:00.000,0.1017182700331617,101693653.5152169,1769645.074897044
2020-01-27 00:00:00.000,0.1024440997697244,102636946.3949836,2852083.645565466
2020-01-28 00:00:00.000,0.1021832681270132,102125697.7647778,3099298.366163592
2020-01-29 00:00:00.000,0.1065461993359163,108131880.142649,4031635.81667709
2020-01-30 00:00:00.000,0.1038573372104766,104127098.9139344,4013559.245015613
2020-01-31 00:00:00.000,0.1029966215979128,102823848.4088613,3470533.936493069
2020-02-01 00:00:00.000,0.1033852093935138,103533171.4992709,3178819.741995888
2020-02-02 00:00:00.000,0.1039692494903917,103914306.9028264,2640675.284048376
2020-02-03 00:00:00.000,0.1046076805191682,104641303.5687256,2985017.156464494
2020-02-04 00:00:00.000,0.1072752816027025,107262247.9545118,4717685.23123627
2020-02-05 00:00:00.000,0.121811556201349,120630374.8838862,12648192.875696955
2020-02-06 00:00:00.000,0.1200459523137255,120226126.6305461,8554417.72316136
2020-02-07 00:00:00.000,0.1222237915859349,121867655.5860464,5337007.570965117
2020-02-08 00:00:00.000,0.1234400894036028,123135030.7338008,4779814.023775862
2020-02-09 00:00:00.000,0.1168829209364181,116953846.876997,4274226.900446433
2020-02-10 00:00:00.000,0.1219783603734556,121907523.9027064,3745718.714230318
2020-02-11 00:00:00.000,0.1281457546795332,128127687.4013716,12422107.141376154
2020-02-12 00:00:00.000,0.1272487378232763,127434138.5798569,11674567.621606687
2020-02-13 00:00:00.000,0.1349352459412154,134710217.8714556,9241021.559472471
2020-02-14 00:00:00.000,0.1701236740876006,163512474.0778341,49984673.27180145
2020-02-15 00:00:00.000,0.169488125206501,169193324.1532127,39328856.47534277
2020-02-16 00:00:00.000,0.1529377185574237,152769491.4471238,18867349.495483804
2020-02-17 00:00:00.000,0.1384865583082775,138083441.1519615,10773657.39867193
2020-02-18 00:00:00.000,0.1429978264236416,142894326.9265467,19030208.358881496
2020-02-19 00:00:00.000,0.1441324063055816,144017668.9771024,18952975.29833692
2020-02-20 00:00:00.000,0.1347463321643516,135414903.7027003,12072317.333226288
2020-02-21 00:00:00.000,0.1325292025766191,132677671.092902,10533651.21573292
2020-02-22 00:00:00.000,0.1296800119659798,131786676.6652847,8259852.092444753
2020-02-23 00:00:00.000,0.1279281866167675,127751512.3391154,6417896.370499322
2020-02-24 00:00:00.000,0.138821433515859,138660342.9128778,10412279.991040714
2020-02-25 00:00:00.000,0.1456569708291163,146576008.1597196,16013905.650575936
2020-02-26 00:00:00.000,0.1368361498598881,137047492.120055,18412269.387977585
2020-02-27 00:00:00.000,0.1198930593510081,120785036.6380122,11829302.547143634
2020-02-28 00:00:00.000,0.1213656952133231,121092551.8923783,8136107.222256939
2020-02-29 00:00:00.000,0.1246952141517903,124884374.3804927,8803045.48944812
2020-03-01 00:00:00.000,0.1178509598745855,118331257.8300506,5023578.528218917
2020-03-02 00:00:00.000,0.1176317600561021,117723696.4371352,4844074.487766076
2020-03-03 00:00:00.000,0.1264869829213145,126208812.8139458,8365359.867814019
2020-03-04 00:00:00.000,0.1301216505155004,130368073.0045657,11961317.814916443
2020-03-05 00:00:00.000,0.1319859493361859,131927770.8038758,7857025.122003615
2020-03-06 00:00:00.000,0.1388213116051426,138780769.1517948,8414970.244069913
2020-03-07 00:00:00.000,0.1363265974971055,136089090.684173,7931057.27372965
2020-03-08 00:00:00.000,0.1357442164397367,135607718.7641347,9750539.536182797
2020-03-09 00:00:00.000,0.1134872221906268,113644966.5407064,8204404.218840296
2020-03-10 00:00:00.000,0.1097314061513339,109355367.4695111,9382477.17876056
2020-03-11 00:00:00.000,0.1112035148143986,112383979.7303146,8329955.276432646
2020-03-12 00:00:00.000,0.1013785786016533,100993423.2697394,13018683.645059804
2020-03-13 00:00:00.000,0.0540292757477419,53612315.68299578,6755614.421310632
2020-03-14 00:00:00.000,0.0617003746144687,61292855.68876418,5576759.790361269
2020-03-15 00:00:00.000,0.0614750816162274,61272387.5853002,2730745.3422068823
2020-03-16 00:00:00.000,0.0626186536091066,62670258.40634349,2851408.9102362553
2020-03-17 00:00:00.000,0.0542315191664232,54534919.25395242,5715945.722939341
2020-03-18 00:00:00.000,0.0576272784531026,57921720.53057775,3733133.228723032
2020-03-19 00:00:00.000,0.0566566964169645,56567494.24706935,2043457.9890681296
2020-03-20 00:00:00.000,0.0650973766470991,65526835.96174497,6110103.402950513
2020-03-21 00:00:00.000,0.0707270208542103,71021419.41871507,12168956.627725866
2020-03-22 00:00:00.000,0.072317767129115,72004534.85550602,8798537.635407967
2020-03-23 00:00:00.000,0.0642581776878265,64316346.06110295,3252264.362559509
2020-03-24 00:00:00.000,0.0688715074789839,68578270.68148816,4315463.072711421
2020-03-25 00:00:00.000,0.0709863016153294,70857546.9578623,4197243.248904998
2020-03-26 00:00:00.000,0.0696327701474772,69598359.31969276,2504431.291672517
2020-03-27 00:00:00.000,0.0725190301460718,72522206.08135048,3274129.239155299
2020-03-28 00:00:00.000,0.0725608194612912,72370217.6271976,5754502.896110641
2020-03-29 00:00:00.000,0.0705922130879588,71008477.64449678,2806717.099188649
2020-03-30 00:00:00.000,0.0659921364737408,66126106.06422836,1377532.0369514178
2020-03-31 00:00:00.000,0.0719780745648654,72201281.28391622,3790860.9247205257
2020-04-01 00:00:00.000,0.0736321191884917,73628501.08819917,4237650.388166163
2020-04-02 00:00:00.000,0.0742575252027615,74476592.81412633,1935788.4129351997
2020-04-03 00:00:00.000,0.0773641253749477,77376498.85167834,2934100.0068327393
2020-04-04 00:00:00.000,0.0759944748033029,75869542.90513834,2602841.835610049
2020-04-05 00:00:00.000,0.0782259800572258,78024969.1999168,1918654.434925588
2020-04-06 00:00:00.000,0.080023462234819,80074586.49901213,3936006.0595685695
2020-04-07 00:00:00.000,0.0882407550129311,88052823.08554982,3620281.387710267
2020-04-08 00:00:00.000,0.0846178073098544,84380031.21827081,4532279.540119673
2020-04-09 00:00:00.000,0.0875311330949397,87682112.48083282,2836103.616286872
2020-04-10 00:00:00.000,0.086934868900888,87164166.21049647,2498280.1815695376
2020-04-11 00:00:00.000,0.0802517676018703,80193766.21189694,3175023.760390076
2020-04-12 00:00:00.000,0.0791010744782523,79082737.3642541,1269404.4525967112
2020-04-13 00:00:00.000,0.0793207026979996,79986306.52478494,1365796.8162495168
2020-04-14 00:00:00.000,0.0773751183489993,77442444.60850205,1247307.0952005642
2020-04-15 00:00:00.000,0.0778630527989299,77821779.90862466,1344519.2055504303
2020-04-16 00:00:00.000,0.0747887849853607,74785508.59158938,936882.5468297356
2020-04-17 00:00:00.000,0.0788458674264384,78913084.16067734,2180981.5457237577
2020-04-18 00:00:00.000,0.0777949521383542,78207933.59057271,1086654.6437741655
2020-04-19 00:00:00.000,0.0816407932816906,81647591.57050873,1864709.8572709267
2020-04-20 00:00:00.000,0.0806927162688702,80873925.99062236,2838094.395351072
2020-04-21 00:00:00.000,0.082636928498556,82874570.96749789,10314225.205871774
2020-04-22 00:00:00.000,0.0851421133885117,85342841.16111656,7058946.403498083
2020-04-23 00:00:00.000,0.0910831175552393,91030230.3323714,4214429.214571479
2020-04-24 00:00:00.000,0.0982900120093461,98052463.09462877,6741499.406096002
2020-04-25 00:00:00.000,0.1012639693023509,101168843.1303651,5169524.915024626
2020-04-26 00:00:00.000,0.1058289787383531,105780486.3548832,5617866.676873711
2020-04-27 00:00:00.000,0.1111860378526097,111284855.014942,8693301.82681578
2020-04-28 00:00:00.000,0.1083429656300388,107879293.8455045,9332082.73236323
2020-04-29 00:00:00.000,0.1080642112256463,107773089.4793937,7098234.8445127765
2020-04-30 00:00:00.000,0.116417937338511,116353524.0011484,5392271.753559475
2020-05-01 00:00:00.000,0.1182270089526911,118618250.881859,8145458.581952621
2020-05-02 00:00:00.000,0.1259573233508197,126115962.1862668,5880181.428886205
2020-05-03 00:00:00.000,0.1370513070555014,136860031.5485561,11958313.466105975
2020-05-04 00:00:00.000,0.1410121649117945,140869581.1428165,9608250.29051225
2020-05-05 00:00:00.000,0.1446012603570754,144581910.7994206,8437118.109641274
2020-05-06 00:00:00.000,0.1535575215163568,152205490.817782,16411253.492662432
2020-05-07 00:00:00.000,0.151875586100593,153318187.6710899,14481653.189124266
2020-05-08 00:00:00.000,0.162774281897109,163172303.2462337,12604954.656165283
2020-05-09 00:00:00.000,0.1625908254660997,164153503.6883105,9136522.52243096
2020-05-10 00:00:00.000,0.1487213739230255,154138882.0535876,7165374.996104614
2020-05-11 00:00:00.000,0.1424301917321895,142480843.1652431,8927338.565820068
2020-05-12 00:00:00.000,0.1456255632294417,145263048.4649146,7683736.190265168
2020-05-13 00:00:00.000,0.1765784895374282,177424686.6691702,31278707.265609898
2020-05-14 00:00:00.000,0.1739775818872617,174462491.7231005,14583402.885156024
2020-05-15 00:00:00.000,0.1707598989570241,168249149.4869473,11439108.859538144
2020-05-16 00:00:00.000,0.1912035797139888,188082559.9784851,21382153.123732302
2020-05-17 00:00:00.000,0.184363219622397,184628546.9652765,12630889.026572196
2020-05-18 00:00:00.000,0.1903059938555999,190037635.2388047,10052663.220888818
2020-05-19 00:00:00.000,0.1922371246840398,192506313.1365451,10069255.557307707
2020-05-20 00:00:00.000,0.2153640740247992,214578340.0220635,24870186.174620006
2020-05-21 00:00:00.000,0.2791903679561542,276898615.4251521,81559386.14943416
2020-05-22 00:00:00.000,0.2538270949624603,256240972.7501375,119707494.76382676
2020-05-23 00:00:00.000,0.2692271502598971,269227150.2598971,26998712.407765493
2020-05-24 00:00:00.000,0.2969230458821075,296863994.0743164,37007893.85132893
2020-05-25 00:00:00.000,0.3367557147251545,341994631.0553444,107163949.7883593
2020-05-26 00:00:00.000,0.3513059254989575,351649272.3542192,70867183.44866261
2020-05-27 00:00:00.000,0.4071852653458899,413047804.4533772,147957030.79568005
2020-05-28 00:00:00.000,0.3636969723272714,362448684.2790818,232584161.41733953
2020-05-29 00:00:00.000,0.3174349660243202,322893331.6068274,114094408.8787365
2020-05-30 00:00:00.000,0.3055023939810776,315423513.1419573,81599308.51440771
2020-05-31 00:00:00.000,0.2888968599856916,289312591.6448357,49751895.05508286
2020-06-01 00:00:00.000,0.2497971572170851,247866629.4274088,51718557.024446785
2020-06-02 00:00:00.000,0.2661022781221225,266065019.9659244,66142270.26817675
2020-06-03 00:00:00.000,0.2565773402068345,256261625.0949752,46054374.695982695
2020-06-04 00:00:00.000,0.2697944842905695,270585101.3997447,33092492.93431919
2020-06-05 00:00:00.000,0.2907880695183453,290886367.8559037,47537817.134917386
2020-06-06 00:00:00.000,0.2790598065116055,279529593.4410966,35090642.038188815
2020-06-07 00:00:00.000,0.2709171385079104,270917138.5079104,21111628.22841928
2020-06-08 00:00:00.000,0.2658677360514028,265593695.628623,30068625.65953964
2020-06-09 00:00:00.000,0.2544208632477576,254601946.7757369,21709924.983467117
2020-06-10 00:00:00.000,0.2526847669119524,252496687.4640408,19227285.56856437
2020-06-11 00:00:00.000,0.2397950777477622,239373162.0442891,20156117.019894864
2020-06-12 00:00:00.000,0.2058282492567747,205838570.9522671,29172381.747106217
2020-06-13 00:00:00.000,0.251043860562256,252085966.8764686,60922980.25729527
2020-06-14 00:00:00.000,0.2525711939637229,252625241.0942441,54505303.59897658
2020-06-15 00:00:00.000,0.2310366639746182,231287916.756361,26907403.37595292
2020-06-16 00:00:00.000,0.2348390240575325,235415823.7377093,29582187.462346733
2020-06-17 00:00:00.000,0.2346147170501784,234879192.9820798,17690536.925239418
2020-06-18 00:00:00.000,0.234285075046017,234631548.7199271,19787663.30871461
2020-06-19 00:00:00.000,0.2233799378355405,223154942.4481006,18035727.249131624
2020-06-20 00:00:00.000,0.2235018651819768,222715390.0010664,22197806.6340174
2020-06-21 00:00:00.000,0.2221914075209183,222023483.2168523,9636372.183521142
2020-06-22 00:00:00.000,0.220907748851574,220884435.7195427,9297475.205935584
2020-06-23 00:00:00.000,0.2416606334880678,241643082.4717368,26407260.63906592
2020-06-24 00:00:00.000,0.2563182224360451,256662755.8064583,39139223.3500316
2020-06-25 00:00:00.000,0.2451570005133303,245803719.6892605,28213691.60372307
2020-06-26 00:00:00.000,0.2370717102311914,237066815.0461228,16242836.892237348
2020-06-27 00:00:00.000,0.2319683918510039,231232800.9514513,12993973.760497302
2020-06-28 00:00:00.000,0.2107037107794889,210285187.2459105,16013836.701438649
2020-06-29 00:00:00.000,0.223892668981754,223671076.7479819,14750870.14216712
2020-06-30 00:00:00.000,0.2259626641704935,225962664.1704935,13534280.733976573
2020-07-01 00:00:00.000,0.2214501921787631,222085257.2771977,9600803.337029204
2020-07-02 00:00:00.000,0.2217598618051764,222169175.2449414,7986234.447974722
2020-07-03 00:00:00.000,0.2194123650938755,219344922.8091677,8304816.704452972
2020-07-04 00:00:00.000,0.2166340628750362,217063979.080772,6545795.158902596
2020-07-05 00:00:00.000,0.2226298909595929,222081760.9762664,9143742.8239908
2020-07-06 00:00:00.000,0.2165723874949887,216118618.2619676,7422465.232706236
2020-07-07 00:00:00.000,0.22974789914651,229092812.6699807,13890804.62514607
2020-07-08 00:00:00.000,0.254585948648141,253369057.8761574,26561500.775608458
2020-07-09 00:00:00.000,0.2504467789095159,250760050.1131397,27648494.433359604
2020-07-10 00:00:00.000,0.2404566104154182,240808345.945384,15304771.835924914
2020-07-11 00:00:00.000,0.2423695012019605,241268893.6358821,11808855.893101376
2020-07-12 00:00:00.000,0.2538635808985078,253940299.2399664,19082787.471441627
2020-07-13 00:00:00.000,0.2784633827169442,278126934.7917726,44650374.73708397
2020-07-14 00:00:00.000,0.245652433854997,244984861.2146092,36734821.383378506
2020-07-15 00:00:00.000,0.2410571591644737,241020769.6900773,26098150.73165239
2020-07-16 00:00:00.000,0.2367766679825003,236776667.9825003,16388810.468628738
2020-07-17 00:00:00.000,0.2341441624690055,234267835.480016,21677345.07029409
2020-07-18 00:00:00.000,0.2408909841653509,241548143.0463395,14673682.132299304
2020-07-19 00:00:00.000,0.2482319949747118,248391370.7941625,15008800.530543966
2020-07-20 00:00:00.000,0.2411143842918408,240951450.7285241,14203973.694851369
2020-07-21 00:00:00.000,0.2367737784829792,237301162.7721222,12682031.658515189
2020-07-22 00:00:00.000,0.2383935650027829,238395741.8322618,11858600.752665715
2020-07-23 00:00:00.000,0.2548395519052232,254427228.9189291,17963436.41626984
2020-07-24 00:00:00.000,0.2579897711762001,258031076.7473519,19854295.800369523
2020-07-25 00:00:00.000,0.2507879138522628,251164425.547076,15108770.382864963
2020-07-26 00:00:00.000,0.2594512627815269,259451262.781527,14870599.28650644
2020-07-27 00:00:00.000,0.2505069114045973,250620015.3983028,17087948.831498016
2020-07-28 00:00:00.000,0.2409526512288981,241273596.9742471,27443941.39471606
2020-07-29 00:00:00.000,0.2505230087867857,250955571.1091441,13983027.912110632
2020-07-30 00:00:00.000,0.2486686519303269,248151301.10913,14719392.6572821
2020-07-31 00:00:00.000,0.2571327857032462,257548688.8418007,12447877.763416912
2020-08-01 00:00:00.000,0.2688246032941292,268697171.7354871,25967619.584749248
2020-08-02 00:00:00.000,0.3132190907385765,313903971.7478673,74667654.15592682
2020-08-03 00:00:00.000,0.2801569259809314,280216390.2496429,40641754.39764185
2020-08-04 00:00:00.000,0.2876716842434053,287712451.9961953,21596346.45397783
2020-08-05 00:00:00.000,0.3305502124926343,330519476.9919739,57036277.24354112
2020-08-06 00:00:00.000,0.3136791859084138,313597881.3164229,43113167.17656949
2020-08-07 00:00:00.000,0.31769580939675,317488814.6696027,40835489.47667317
2020-08-08 00:00:00.000,0.3074585939643853,307686488.286198,23380496.648637515
2020-08-09 00:00:00.000,0.3276527858249268,327510319.5897462,21296234.268509332
2020-08-10 00:00:00.000,0.3210250560652644,320834838.7097266,24857400.774978675
2020-08-11 00:00:00.000,0.3707253529851211,370215181.5373462,84777277.97187267
2020-08-12 00:00:00.000,0.3518349516192096,350345939.7603238,59629677.96517754
2020-08-13 00:00:00.000,0.4030054023043707,400050919.7467393,55842892.671643704
2020-08-14 00:00:00.000,0.395740750404057,390197718.1170539,70108737.4774315
2020-08-15 00:00:00.000,0.4029806467336294,399015202.5267571,43597174.073851846
2020-08-16 00:00:00.000,0.3853084443342335,384980931.5424538,24394096.425338987
2020-08-17 00:00:00.000,0.3961531090326758,395725155.4476066,40917327.46290021
2020-08-18 00:00:00.000,0.3859259605055307,386475619.4715792,40283381.05504332
2020-08-19 00:00:00.000,0.4375171473465125,439592566.8982361,74860604.80809869
2020-08-20 00:00:00.000,0.406698332809219,406741582.0645047,64771115.696783565
2020-08-21 00:00:00.000,0.4548983514164039,456621032.6871017,45037984.750671834
2020-08-22 00:00:00.000,0.4215640707912245,422891659.791564,69392535.58460611
2020-08-23 00:00:00.000,0.4498689052778569,451455591.9971667,40965188.88809602
2020-08-24 00:00:00.000,0.4817738957581543,479998512.0995311,50867018.17045783
2020-08-25 00:00:00.000,0.554650043571812,554466169.3327383,135898507.10527873
2020-08-26 00:00:00.000,0.5081450536616688,508145053.6616688,129185202.75802702
2020-08-27 00:00:00.000,0.4930950362380715,492117999.6779552,124559400.55950908
2020-08-28 00:00:00.000,0.4465409714243902,446342203.5308686,108314576.65656447
2020-08-29 00:00:00.000,0.4742815110376855,473932904.9498492,79238682.667239
2020-08-30 00:00:00.000,0.5086870290544349,511900909.0276179,70891854.50786464
2020-08-31 00:00:00.000,0.5004829348210591,502035611.5549186,66421754.33437385
2020-09-01 00:00:00.000,0.477485136042831,479462347.7554664,55796583.182112224
2020-09-02 00:00:00.000,0.4888385372852439,494601296.7135389,69331336.80289057
2020-09-03 00:00:00.000,0.4753841893207813,475951247.0676734,70691671.04355086
2020-09-04 00:00:00.000,0.409256159099298,409636661.8574511,70435419.54658738
2020-09-05 00:00:00.000,0.4240969532048174,422792533.4143746,66642516.742349654
2020-09-06 00:00:00.000,0.3899270949413517,390487900.2418404,63167497.94065362
2020-09-07 00:00:00.000,0.4275399538337463,428548441.2190141,57794422.30193869
2020-09-08 00:00:00.000,0.4150357799132341,415078919.4818949,46847726.774260744
2020-09-09 00:00:00.000,0.3991961116028791,398666935.3412753,32856420.27775342
2020-09-10 00:00:00.000,0.4770116287051764,477770498.4769274,55275796.87608039
2020-09-11 00:00:00.000,0.4872411712247369,489049408.9023787,36440317.0515333
2020-09-12 00:00:00.000,0.4981324265761858,498252960.2603292,23099818.30426021
2020-09-13 00:00:00.000,0.5462348536338248,542953267.5457635,38846523.64892371
2020-09-14 00:00:00.000,0.5403677147259935,541856211.6800864,30194288.652087465
2020-09-15 00:00:00.000,0.5277762862027707,527963741.318354,40244638.22240574
2020-09-16 00:00:00.000,0.5362889277820652,536355975.0472496,32815817.60923154
2020-09-17 00:00:00.000,0.5260048482803323,526221252.92542,35341656.32344051
2020-09-18 00:00:00.000,0.5563715955376004,556076044.9776412,44484701.20848853
2020-09-19 00:00:00.000,0.5695604489916906,570165296.1148646,67740787.84595756
2020-09-20 00:00:00.000,0.5787073807965566,577790531.0839441,52849780.19491501
2020-09-21 00:00:00.000,0.5561606195894923,557322880.4431638,34126649.27514657
2020-09-22 00:00:00.000,0.5695570463704914,569629997.7066034,67303369.47482903
2020-09-23 00:00:00.000,0.5747882941776591,573737129.7491834,32449314.552638784
2020-09-24 00:00:00.000,0.5526643615545815,556812832.3877586,45753601.984716535
2020-09-25 00:00:00.000,0.6385315733021852,635386206.9236579,69812907.35849303
2020-09-26 00:00:00.000,0.6667407443878192,665502947.6999172,89541505.09373493
2020-09-27 00:00:00.000,0.7010977241966984,702372053.6328623,79212150.19541821
2020-09-28 00:00:00.000,0.7488415085198131,746102587.7897102,82096957.94927503
2020-09-29 00:00:00.000,0.7173837432211945,711722233.6939747,67299990.05592246
2020-09-30 00:00:00.000,0.7756558139758857,775284946.5814137,68983654.05476074
2020-10-01 00:00:00.000,0.7424825078579759,739573008.0788578,107335765.17633136
2020-10-02 00:00:00.000,0.7256577327877404,722864662.7461166,77134965.76208386
2020-10-03 00:00:00.000,0.6989481853476028,696782501.9698334,55925315.178591795
2020-10-04 00:00:00.000,0.7520716906423965,756084287.0782782,50044962.03449139
2020-10-05 00:00:00.000,0.77216926887921,772081667.6151282,57958691.80225787
2020-10-06 00:00:00.000,0.7444279010423807,744271596.4550405,41317923.37832758
2020-10-07 00:00:00.000,0.6857011403547372,683515905.8787968,55622464.82036428
2020-10-08 00:00:00.000,0.7386953815524003,738953639.5574532,52779826.72197421
2020-10-09 00:00:00.000,0.7202077550816648,715853960.154637,39143414.835216485
2020-10-10 00:00:00.000,0.7161527856047543,717220534.8036718,29754254.66331009
2020-10-11 00:00:00.000,0.7630507901320841,762782922.196458,37622873.437173955
2020-10-12 00:00:00.000,0.7421474925386226,742092317.45939,28087444.689887244
2020-10-13 00:00:00.000,0.7336935480478178,734941914.4370003,29766880.85394244
2020-10-14 00:00:00.000,0.7536118934925901,751851798.521228,46312781.31106748
2020-10-15 00:00:00.000,0.735749979772041,735111438.6320897,37378079.145170875
2020-10-16 00:00:00.000,0.6914216843992474,694323004.2105386,36144364.14127423
2020-10-17 00:00:00.000,0.663780563661243,667539303.9491425,24792860.656079967
2020-10-18 00:00:00.000,0.6256146948566389,627443817.086291,22977917.106432993
2020-10-19 00:00:00.000,0.6676745940799037,666604106.6192268,29979584.636051707
2020-10-20 00:00:00.000,0.6320412568048044,631085003.0886089,22413152.969422568
2020-10-21 00:00:00.000,0.5987109227228369,596692333.645074,36316193.51141295
2020-10-22 00:00:00.000,0.6360967322064633,635102608.2470349,34458189.0718238
2020-10-23 00:00:00.000,0.6531104992809537,651612356.4614464,21180613.714080345
2020-10-24 00:00:00.000,0.6457335272534175,645220376.5972564,22707327.53829677
2020-10-25 00:00:00.000,0.7216582564054892,721443277.2447231,39272168.63401099
2020-10-26 00:00:00.000,0.6955759955729648,695369471.2591552,19218695.911055155
2020-10-27 00:00:00.000,0.6543551159619138,654451895.1003157,20359849.30104459
2020-10-28 00:00:00.000,0.6584694129315337,653304095.4782948,18937396.831093527
2020-10-29 00:00:00.000,0.6235828954613579,622340907.1022975,17210664.093877494
2020-10-30 00:00:00.000,0.5928230897030349,592759715.631796,15400356.05152256
2020-10-31 00:00:00.000,0.6098021839235639,609764384.9196872,27064535.96313459
2020-11-01 00:00:00.000,0.6097599342444708,608472932.6886859,15619854.579312166
2020-11-02 00:00:00.000,0.6107819546718999,610884738.4815168,13916323.165192788
2020-11-03 00:00:00.000,0.591374198177716,593434730.2417237,21076777.222809065
2020-11-04 00:00:00.000,0.5837702282695427,582984495.1270078,14454072.939232644
2020-11-05 00:00:00.000,0.5910517957462945,587380120.9489017,10865935.69630372
2020-11-06 00:00:00.000,0.6298146643454523,630244081.1901922,16847314.56234909
2020-11-07 00:00:00.000,0.6751808835939237,675793810.7742255,20757300.88087165
2020-11-08 00:00:00.000,0.6391068369382588,641910932.5917697,30667279.599032298
2020-11-09 00:00:00.000,0.663545150365597,663778408.0288779,15113969.084828008
2020-11-10 00:00:00.000,0.6403240784815353,639646558.1560777,24455783.48658653
2020-11-11 00:00:00.000,0.6406652545190445,642446285.754017,22085725.380457506
2020-11-12 00:00:00.000,0.6127709253779934,611226873.6766415,22485463.478283186
2020-11-13 00:00:00.000,0.6013849797015223,600051543.3147409,20479253.23983334
2020-11-14 00:00:00.000,0.6325027438855714,631692773.261302,19638939.627673
2020-11-15 00:00:00.000,0.6132166815447228,614136475.2980294,12172797.542853666
2020-11-16 00:00:00.000,0.6061927313472774,606566381.513496,11672441.546711352
2020-11-17 00:00:00.000,0.6199683455489864,618631849.6149968,14205570.598351013
2020-11-18 00:00:00.000,0.6537817469727635,653178251.6051128,21575075.651335157
2020-11-19 00:00:00.000,0.626253119238971,624428398.7770371,18560119.26458698
2020-11-20 00:00:00.000,0.6230179432604496,620504227.5167282,13527625.648341907
2020-11-21 00:00:00.000,0.6305522201746874,632451836.8064601,25775183.961516216
2020-11-22 00:00:00.000,0.7014731799430329,701261297.6793267,46021076.5763175
2020-11-23 00:00:00.000,0.6518831347929506,651344968.797604,30770330.350464594
2020-11-24 00:00:00.000,0.6665738998395729,662681753.2968035,34381903.59751529
2020-11-25 00:00:00.000,0.6916976612661664,690693758.465288,47072944.955004744
2020-11-26 00:00:00.000,0.6918702798094535,691662346.5327789,37818359.89543039
2020-11-27 00:00:00.000,0.620489473887634,621412917.9813123,37599796.288167514
2020-11-28 00:00:00.000,0.6069974882599024,606507344.7366991,13947703.489109444
2020-11-29 00:00:00.000,0.6238615312458435,624133001.4408933,10450710.499763291
2020-11-30 00:00:00.000,0.6188787634488762,618604617.3500115,11275131.579607574
2020-12-01 00:00:00.000,0.6392824338163563,640308277.0634243,17158952.704878807
2020-12-02 00:00:00.000,0.6104522843585733,607636371.043593,24026305.93445166
2020-12-03 00:00:00.000,0.6321778466335695,633542506.9343253,15898358.91101725
2020-12-04 00:00:00.000,0.661874003059554,660132037.242934,14190836.395302027
2020-12-05 00:00:00.000,0.6696391297805957,669529882.281668,42376993.99938163
2020-12-06 00:00:00.000,0.735921082779687,736131137.7201102,34092292.28117211
2020-12-07 00:00:00.000,0.6998015900676071,699047096.1342986,28270021.53179985
2020-12-08 00:00:00.000,0.6820721315513731,683087952.6291412,20578256.09296025
2020-12-09 00:00:00.000,0.7470827982128708,745833656.9455044,83427628.55231832
2020-12-10 00:00:00.000,0.7262967478794576,725756292.1870595,86643375.42827296
2020-12-11 00:00:00.000,0.6931379699176721,693683973.2201204,27934330.820982102
2020-12-12 00:00:00.000,0.6844221375451984,684808610.6499655,26007442.796903037
2020-12-13 00:00:00.000,0.7091819042783815,694474578.285945,18048963.36980839
2020-12-14 00:00:00.000,0.7286788595340647,726375043.9893359,20286227.904283337
2020-12-15 00:00:00.000,0.7499389309769419,749937740.6653543,39365105.48393349
2020-12-16 00:00:00.000,0.7633221500346573,762547125.5168501,28820600.971619215
2020-12-17 00:00:00.000,0.8516579560291686,850822533.1569167,57467620.08650253
2020-12-18 00:00:00.000,0.8129978119310358,812222394.3083152,68003741.0459991
2020-12-19 00:00:00.000,0.9105924224285524,918051152.278383,55889659.50653526
2020-12-20 00:00:00.000,0.9001823097471786,900153813.7575152,47979125.90618204
2020-12-21 00:00:00.000,0.910903031377576,911956055.5881422,42228138.591971666
2020-12-22 00:00:00.000,0.9359684675253288,939565539.8641276,60973367.51082616
2020-12-23 00:00:00.000,1.0846040478570038,1079998688.616429,160158978.50334057
2020-12-24 00:00:00.000,1.072563107352399,1091084032.129269,162407790.40374455
2020-12-25 00:00:00.000,1.1876138603313384,1175775446.57179,87755961.28008603
2020-12-26 00:00:00.000,1.2959603740563344,1294424448.003699,114377152.144439
2020-12-27 00:00:00.000,1.6668440986955415,1647761264.830081,263234982.0356216
2020-12-28 00:00:00.000,1.3511664329911215,1354648189.87523,270426843.3267921
2020-12-29 00:00:00.000,1.5661681342418583,1573415803.016565,199325248.48954263
2020-12-30 00:00:00.000,1.4351352182355794,1464911635.630689,97520365.40269671
2020-12-31 00:00:00.000,1.5950865599520716,1588653462.851883,104900497.59699143
2021-01-01 00:00:00.000,1.8674708597267256,1861215575.906062,179948362.85345268
2021-01-02 00:00:00.000,1.9641447015088196,1996675702.232271,388400221.3297689
2021-01-03 00:00:00.000,2.3992488674342396,2383197866.359364,341198603.3371188
2021-01-04 00:00:00.000,2.1322478881058244,2166390124.154044,277019045.8201381
2021-01-05 00:00:00.000,1.88693476239345,1878706582.164529,222385852.0659094
2021-01-06 00:00:00.000,2.1393050713997543,2136129986.245076,241761502.2999625
2021-01-07 00:00:00.000,2.1802779150513034,2180082147.100357,174726669.713444
2021-01-08 00:00:00.000,1.996887723477993,1992582415.899383,157288342.65039006
2021-01-09 00:00:00.000,1.9950730728430952,1979133715.719621,132941578.96342228
2021-01-10 00:00:00.000,2.0566287663659306,2056654510.721088,147946208.05793118
2021-01-11 00:00:00.000,1.9927026081216288,2001055960.07587,128833802.99410616
2021-01-12 00:00:00.000,1.8121225929696,1810271724.290837,166063676.88973153
2021-01-13 00:00:00.000,1.818143954168722,1811859475.596948,125516932.83379042
2021-01-14 00:00:00.000,2.110404652611678,2106639261.430973,138027106.78099895
2021-01-15 00:00:00.000,2.1826627083799823,2159101640.836164,167078594.45879182
2021-01-16 00:00:00.000,2.054062592813298,2062253085.924403,136921068.9486382
2021-01-17 00:00:00.000,2.0598082057100395,2070843522.577844,126255234.71165712
2021-01-18 00:00:00.000,1.999524765817331,2024680350.895738,109887329.95626058
2021-01-19 00:00:00.000,2.0377319188448015,2041368909.439275,125818746.52250697
2021-01-20 00:00:00.000,2.0053726906237266,2019903215.977496,109362815.84032032
2021-01-21 00:00:00.000,2.0345376339107446,2028607227.141603,98970304.05592825
2021-01-22 00:00:00.000,1.7511802462491806,1772546772.84368,87527660.00050911
2021-01-23 00:00:00.000,1.9042187698530508,1904331385.955238,127986592.1065398
2021-01-24 00:00:00.000,1.925714927041226,1930493014.531948,103053263.86459485
2021-01-25 00:00:00.000,1.94797860080246,1946321497.801189,75003095.71109013
2021-01-26 00:00:00.000,2.084948338617314,2091911691.564415,231635529.3467525
2021-01-27 00:00:00.000,2.301346137946801,2311605366.296066,258149066.86642656
2021-01-28 00:00:00.000,2.0036507544511304,1994214018.568799,109544678.2938978
2021-01-29 00:00:00.000,1.9971200629033805,2004286731.151756,138475681.3357516
2021-01-30 00:00:00.000,2.0563992568314315,2063891315.326587,147612055.36209333
2021-01-31 00:00:00.000,1.9933281761436037,1992902380.850902,66002618.826339655
2021-02-01 00:00:00.000,1.9077584109900227,1911078099.230949,146546987.97060326
2021-02-02 00:00:00.000,2.0332303776135774,2036262207.004735,107907849.09537688
2021-02-03 00:00:00.000,2.15839676199975,2165919407.424554,152664533.45019013
2021-02-04 00:00:00.000,2.185671781538958,2170572320.796431,89576168.03542271
2021-02-05 00:00:00.000,2.12241638230324,2130608908.679205,94286782.39596716
2021-02-06 00:00:00.000,2.453811902079225,2450045251.175275,224635482.3970246
2021-02-07 00:00:00.000,2.28040503334084,2282306677.572686,125627607.80246273
2021-02-08 00:00:00.000,2.286233482688082,2290929909.646312,100291052.01039952
2021-02-09 00:00:00.000,2.9301180824109294,2902165086.662043,356863636.0764434
2021-02-10 00:00:00.000,2.914477614256916,2925924243.687258,322838219.05807066
2021-02-11 00:00:00.000,2.827070045380337,2854635114.744487,278068931.8163982
2021-02-12 00:00:00.000,2.9277540755839544,2927560429.330888,297833242.49124235
2021-02-13 00:00:00.000,2.9875101799408688,2983825554.481754,228935721.25351724
2021-02-14 00:00:00.000,3.3404908022667414,3347904428.685592,432748460.2511701
2021-02-15 00:00:00.000,3.202966643536107,3214565909.09938,301239329.40238476
2021-02-16 00:00:00.000,3.3864516284703816,3371690045.336591,517758932.14617294
2021-02-17 00:00:00.000,3.4084427263860464,3397643916.355295,264250919.03017855
2021-02-18 00:00:00.000,3.50830288057512,3509949705.414252,236098748.93633333
2021-02-19 00:00:00.000,3.5578286165764292,3538032924.148208,184419904.85344383
2021-02-20 00:00:00.000,3.739930092845163,3739276527.268294,259173405.8901526
2021-02-21 00:00:00.000,3.696876598985028,3662466671.461324,269157048.80364984
2021-02-22 00:00:00.000,3.5753572974017978,3575782092.223921,177759958.11804903
2021-02-23 00:00:00.000,3.3546565009300107,3356055517.681924,296203482.2298685
2021-02-24 00:00:00.000,3.0551083723328176,3042434158.172198,333562934.651138
2021-02-25 00:00:00.000,3.3295678706010556,3332914754.808887,265180409.4530618
2021-02-26 00:00:00.000,2.975840437412998,2993900169.892148,196849640.92199397
2021-02-27 00:00:00.000,3.0625938562148978,3073420041.506299,202691004.27966332
2021-02-28 00:00:00.000,3.191163553165285,3147601125.340057,176811978.3280455
2021-03-01 00:00:00.000,3.127933514223936,3147795602.416506,183118511.97182843
2021-03-02 00:00:00.000,3.2827014386086333,3285741644.378534,162909999.51035443
2021-03-03 00:00:00.000,3.738383598678839,3740967899.858753,470777349.71766704
2021-03-04 00:00:00.000,3.989969254766918,3992477601.382879,333564955.2541492
2021-03-05 00:00:00.000,4.488008857825304,4547648621.790125,445729783.47751045
2021-03-06 00:00:00.000,4.152162722886333,4101714904.803843,479474815.06406856
2021-03-07 00:00:00.000,4.1648765016848985,4157860704.783794,232275546.36345437
2021-03-08 00:00:00.000,4.352604346941957,4350460434.545854,207431832.4054633
2021-03-09 00:00:00.000,4.900444719716065,4904429334.658191,370402503.1629481
2021-03-10 00:00:00.000,5.386515962080057,5370006053.620484,365079372.1637125
2021-03-11 00:00:00.000,6.562846422126656,6621563126.723485,535887145.75793594
2021-03-12 00:00:00.000,6.976189739242779,6944499170.218652,1396089741.602357
2021-03-13 00:00:00.000,6.984475023622138,6994315671.340396,875604885.0052823
2021-03-14 00:00:00.000,6.845228756786608,6848077039.905728,436912163.6860698
2021-03-15 00:00:00.000,7.459237880100537,7513821401.005101,710558672.1432325
2021-03-16 00:00:00.000,6.761619073460992,6800777426.508998,454412911.0761796
2021-03-17 00:00:00.000,7.0468767602942295,7017735947.638187,453475287.4644667
2021-03-18 00:00:00.000,7.850886094166842,7780103945.920966,340141458.5987153
2021-03-19 00:00:00.000,8.441641612783268,8411995291.723681,577866810.6507056
2021-03-20 00:00:00.000,8.198650709860923,8212466381.811337,513439307.07677776
2021-03-21 00:00:00.000,8.369311465437859,8405023570.386408,319546856.744358
2021-03-22 00:00:00.000,9.565600262648369,9542831906.250422,578632570.4468294
2021-03-23 00:00:00.000,10.141781311441544,10273634913.26912,1009761627.4491262
2021-03-24 00:00:00.000,13.039007423079346,13178116548.28795,2577470830.272474
2021-03-25 00:00:00.000,11.330151514363168,11365538756.93229,2191487662.843415
2021-03-26 00:00:00.000,13.082680074616665,13096379591.828,1940442506.5222237
2021-03-27 00:00:00.000,12.469205320179116,12416691563.69143,931406404.2298326
2021-03-28 00:00:00.000,11.842157452811769,11879182277.27866,620462496.5742134
2021-03-29 00:00:00.000,12.810722971428946,12803449385.31902,780762162.6053256
2021-03-30 00:00:00.000,13.12763189566447,13120834411.67316,832785749.5450642
2021-03-31 00:00:00.000,12.946820575247187,12949367808.58604,490651186.9073053
2021-04-01 00:00:00.000,12.22972675253324,12242179343.53216,592172179.5257303
2021-04-02 00:00:00.000,11.51997723499744,11514319689.05315,613639060.2668929
2021-04-03 00:00:00.000,11.65535375300046,11671063105.30461,474926604.96786875
2021-04-04 00:00:00.000,11.433236386238727,11470290250.78782,491454460.64552355
2021-04-05 00:00:00.000,11.82084533434152,11817911062.29725,281532087.49556965
2021-04-06 00:00:00.000,11.578127390615167,11575527681.68901,347451008.98006177
2021-04-07 00:00:00.000,11.716738181701386,11701539766.7084,377055087.959186
2021-04-08 00:00:00.000,12.306541795266591,12378894545.95629,1437810418.5219915
2021-04-09 00:00:00.000,12.905710783400302,12924673739.95014,601823634.6601518
2021-04-10 00:00:00.000,12.601685242825928,12618069394.80642,373489108.5528245
2021-04-11 00:00:00.000,12.395925224247234,12387525924.6083,347412210.6580952
2021-04-12 00:00:00.000,12.21812554216401,12197305948.24384,275215215.60707325
2021-04-13 00:00:00.000,12.114971309449572,12101031166.9612,262331959.95988125
2021-04-14 00:00:00.000,12.484426957356405,12491051348.82601,427392752.9925886
2021-04-15 00:00:00.000,12.127980566234616,12115583163.57577,542185089.1537641
2021-04-16 00:00:00.000,12.562048596292136,12536959053.90582,318956543.3878545
2021-04-17 00:00:00.000,14.10005641603163,14012980204.64918,1205161056.295616
2021-04-18 00:00:00.000,13.428248448959708,13471456851.44328,783208186.633007
2021-04-19 00:00:00.000,11.868695353923403,11868695353.9234,1231283685.3154562
2021-04-20 00:00:00.000,10.884023982143647,10882060848.66269,642929181.1457946
2021-04-21 00:00:00.000,11.696348627155746,11722359762.0151,786537222.9090842
2021-04-22 00:00:00.000,11.100759266267012,11162213382.381,509869301.74296504
2021-04-23 00:00:00.000,10.02974569721384,10066383488.30325,607155737.4246368
2021-04-24 00:00:00.000,9.970844802698108,9938002664.707006,1267545106.4492974
2021-04-25 00:00:00.000,8.647279354467578,8701809002.416895,513873892.55974287
2021-04-26 00:00:00.000,9.020132136362614,8994186978.377567,526845999.4199755
2021-04-27 00:00:00.000,10.74847285704191,10618191905.03432,757971077.4531729
2021-04-28 00:00:00.000,11.220727500194355,11200346915.86486,442555419.9129634
2021-04-29 00:00:00.000,11.05701917713359,11033027265.32909,395206023.86924857
2021-04-30 00:00:00.000,10.92310827457941,10942892353.33967,351065734.9770103
2021-05-01 00:00:00.000,11.211050859299949,11185911208.1599,291389002.2419681
2021-05-02 00:00:00.000,11.467776270292552,11459697279.49498,372182772.371203
2021-05-03 00:00:00.000,10.976897390332768,10952421277.56805,298946100.96464586
2021-05-04 00:00:00.000,11.578305638998524,11614316815.21586,515751884.7735035
2021-05-05 00:00:00.000,10.22780265375993,10304680559.11874,527552612.2493026
2021-05-06 00:00:00.000,10.965997799056638,10960079216.78963,403769888.38321984
2021-05-07 00:00:00.000,10.856799743624192,10864113160.05484,400154158.9490665
2021-05-08 00:00:00.000,11.550891316518616,11543062433.31736,757249185.2156878
2021-05-09 00:00:00.000,12.409709893412632,12460186603.27425,720844776.7569945
2021-05-10 00:00:00.000,11.950692899785748,11950692899.78575,538848395.8105571
2021-05-11 00:00:00.000,10.581971440322963,10571347917.71197,563014802.7164016
2021-05-12 00:00:00.000,10.837887426518506,10848399961.42564,447140704.43038374
2021-05-13 00:00:00.000,9.674505769185131,9702553369.804508,512324757.2505119
2021-05-14 00:00:00.000,9.765816774405266,9677115755.110994,660946140.0420388
2021-05-15 00:00:00.000,10.038881535666729,10032956873.77813,382742697.6521844
2021-05-16 00:00:00.000,9.291623607352282,9303797214.711884,291510796.54798067
2021-05-17 00:00:00.000,9.503598325634028,9463228381.274584,414803883.66624653
2021-05-18 00:00:00.000,9.63151741292466,9786515805.774946,611940332.1557746
2021-05-19 00:00:00.000,9.81309163041897,9765787684.559467,355359714.495981
2021-05-20 00:00:00.000,6.029590635909725,6165545822.658599,991370700.6987014
2021-05-21 00:00:00.000,7.236771465175208,7197032005.280845,766164791.9090261
2021-05-22 00:00:00.000,6.320999601993724,6272590876.724341,546930543.498211
2021-05-23 00:00:00.000,6.874173730339093,6874317444.120433,529660923.2903601
2021-05-24 00:00:00.000,6.020671695186485,6006949705.755802,766434001.2276801
2021-05-25 00:00:00.000,6.726980049948021,6662708702.609242,436222599.7786732
2021-05-26 00:00:00.000,6.8834106598784475,6899892627.862696,426185222.87094855
2021-05-27 00:00:00.000,7.592537955545955,7532836563.133581,506838741.2207093
2021-05-28 00:00:00.000,7.792150495055959,7820657521.271784,404618466.6273176
2021-05-29 00:00:00.000,6.62400284263355,6699448260.302297,722630208.0469887
2021-05-30 00:00:00.000,6.312517528378158,6420399808.393801,336323738.36469823
2021-05-31 00:00:00.000,6.511241452879751,6499951067.839461,275919095.68175817
2021-06-01 00:00:00.000,7.08847546102495,7087645980.586981,295851228.5212169
2021-06-02 00:00:00.000,7.564644673811831,7573782735.219456,544398137.3116382
2021-06-03 00:00:00.000,7.979033462594432,7974909582.4045,314563843.5933699
2021-06-04 00:00:00.000,9.562536969878275,9689274935.026514,567989674.630197
2021-06-05 00:00:00.000,8.949413917257234,8948424714.16594,1086904341.0289118
2021-06-06 00:00:00.000,8.963032868045804,8930616766.515244,711376293.8914014
2021-06-07 00:00:00.000,8.825318945557232,8831941830.621824,336020535.13128513
2021-06-08 00:00:00.000,8.668089310215567,8771160842.132193,695710066.9946523
2021-06-09 00:00:00.000,8.991252075204649,9036044440.41339,788869882.223463
2021-06-10 00:00:00.000,9.343839900668591,9388682125.181925,733893737.50848
2021-06-11 00:00:00.000,8.816697749487185,8818364522.20327,379494498.04992855
2021-06-12 00:00:00.000,7.824045078262595,7803224200.569717,350754955.2625219
2021-06-13 00:00:00.000,7.889446315376638,7924958673.640891,371220577.7511898
2021-06-14 00:00:00.000,8.76034653824938,8756044605.157654,337332125.15405226
2021-06-15 00:00:00.000,9.100308114792105,9095070574.602762,411063252.1055307
2021-06-16 00:00:00.000,8.955779425633667,8959554018.764963,239806112.27119583
2021-06-17 00:00:00.000,8.83805437645231,8832262264.216282,230635477.13532007
2021-06-18 00:00:00.000,9.552806317758344,9491469668.268251,428895918.7230773
2021-06-19 00:00:00.000,8.926440712921499,8940664415.68534,527498836.80755657
2021-06-20 00:00:00.000,8.943375273686934,8959337088.25755,241599350.71505857
2021-06-21 00:00:00.000,8.713677051946522,8721394411.981564,263474174.6878914
2021-06-22 00:00:00.000,6.605611683594413,6684116072.263357,438170261.0403489
2021-06-23 00:00:00.000,6.349983356424532,6117691915.362808,683119716.2611824
2021-06-24 00:00:00.000,6.89724388732338,6905172874.089474,482454294.18635947
2021-06-25 00:00:00.000,7.290770979106364,7294375989.394539,327326804.9130306
2021-06-26 00:00:00.000,6.774883539673381,6781768323.839761,374066997.9982173
2021-06-27 00:00:00.000,6.545378151096166,6545064380.413232,290295780.72937024
2021-06-28 00:00:00.000,6.914583468144957,6893968914.19036,247548441.41874397
2021-06-29 00:00:00.000,6.9676256344956675,6956355721.667237,250120318.86551353
2021-06-30 00:00:00.000,7.095211652858936,7137709976.276741,281014133.19971365
2021-07-01 00:00:00.000,6.953977626582622,6957145520.213098,282399604.32326317
2021-07-02 00:00:00.000,6.374225483755731,6371116198.544127,244207337.14013
2021-07-03 00:00:00.000,6.251630326493835,6232249081.556396,245070317.839704
2021-07-04 00:00:00.000,6.245126083231077,6235806664.644989,144208222.51189098
2021-07-05 00:00:00.000,6.360452519109381,6381221751.526272,172969597.99572918
2021-07-06 00:00:00.000,6.021854370524161,6023342624.347794,200490563.72125173
2021-07-07 00:00:00.000,6.1388559495740385,6138046852.772803,182933439.70560017
2021-07-08 00:00:00.000,6.371964794969192,6372233371.641048,265201142.94359663
2021-07-09 00:00:00.000,6.151064557009286,6151121235.325432,522632066.70947254
2021-07-10 00:00:00.000,6.099389337985673,6101682334.142795,248963902.1976083
2021-07-11 00:00:00.000,5.936757146618968,5938675634.197779,161868562.62204716
2021-07-12 00:00:00.000,5.943005362855011,5942883146.376984,147613231.04806796
2021-07-13 00:00:00.000,5.604139385772602,5604671086.726987,189952624.9196528
2021-07-14 00:00:00.000,5.267604284711119,5283594420.156663,190774243.3890144
2021-07-15 00:00:00.000,5.157511355968385,5151114430.955938,257319716.3326108
2021-07-16 00:00:00.000,4.8374457462539,4868703639.64797,200940197.01411077
2021-07-17 00:00:00.000,4.428235541240731,4424520294.681294,232566915.672627
2021-07-18 00:00:00.000,4.4312931948723655,4435268311.767814,207688420.80151224
2021-07-19 00:00:00.000,4.455368200210725,4452365513.946602,194324302.12754893
2021-07-20 00:00:00.000,4.0886860431229595,4125768581.268689,207202264.5829679
2021-07-21 00:00:00.000,3.7135566804151257,3710131832.480018,292166734.61422884
2021-07-22 00:00:00.000,4.370567618611224,4352740126.569271,325206998.2044344
2021-07-23 00:00:00.000,4.89231884240804,4885028806.696428,348113838.61783457
2021-07-24 00:00:00.000,5.023265322155524,5007003856.692953,329361657.066327
2021-07-25 00:00:00.000,5.665757904384725,5668733068.283707,590161597.0417951
2021-07-26 00:00:00.000,6.204137290519047,6199535534.666879,898526768.6574886
2021-07-27 00:00:00.000,5.574221718107639,5596369560.566618,692626747.4099987
2021-07-28 00:00:00.000,5.967127704960955,5947954949.089092,535506210.7607444
2021-07-29 00:00:00.000,5.776400160865472,5779015054.689298,422490376.6553838
2021-07-30 00:00:00.000,6.005514372333405,6018532441.092195,330368098.7006803
2021-07-31 00:00:00.000,5.997539481138976,5998882389.593999,310844419.8031669
2021-08-01 00:00:00.000,6.1282503519954,6130896254.346984,322452877.7692787
2021-08-02 00:00:00.000,5.768139213059445,5764173204.25123,320605148.8684984
2021-08-03 00:00:00.000,5.83927114106951,5849791464.801611,238097039.34586167
2021-08-04 00:00:00.000,5.886764527175414,5883370785.719059,250062142.7276076
2021-08-05 00:00:00.000,6.0767307953510326,6095814490.390681,276066437.4418928
2021-08-06 00:00:00.000,6.958429414838443,6926701632.625011,596883813.8850343
2021-08-07 00:00:00.000,6.897675866425747,6921189325.386889,512427178.9162241
2021-08-08 00:00:00.000,6.960163356897056,6943460327.292503,438957270.1904272
2021-08-09 00:00:00.000,6.39719696399762,6427155803.552054,345144483.5239785
2021-08-10 00:00:00.000,6.764803116802959,6741628062.180135,362651543.72824234
2021-08-11 00:00:00.000,6.951680597280095,6934937126.599082,335161900.6450184
2021-08-12 00:00:00.000,7.17298181036789,7171088235.600955,451466857.7400356
2021-08-13 00:00:00.000,6.749973343979852,6748116491.526722,411565624.67653733
2021-08-14 00:00:00.000,7.151140316592293,7158427769.668125,362577309.770748
2021-08-15 00:00:00.000,7.219690358052127,7255087053.088929,416524604.6189087
2021-08-16 00:00:00.000,7.460706120421248,7453704653.179765,399680566.47623146
2021-08-17 00:00:00.000,7.602813439522968,7646047685.226392,672153105.0981423
2021-08-18 00:00:00.000,6.99502155014786,7026413857.183984,514578711.3541848
2021-08-19 00:00:00.000,6.905471363280572,6968250849.554278,448466337.18369853
2021-08-20 00:00:00.000,7.0786005766292925,6993729065.546478,341098570.15302396
2021-08-21 00:00:00.000,7.262869993602106,7254935167.475696,299268587.5347335
2021-08-22 00:00:00.000,7.273229285732146,7285540170.91602,397629400.9074541
2021-08-23 00:00:00.000,7.341698829464838,7355824734.781018,277350796.1760926
2021-08-24 00:00:00.000,7.825700433587858,7839027942.171376,436380819.281643
2021-08-25 00:00:00.000,7.118932953818267,7122824942.759824,543603954.1136376
2021-08-26 00:00:00.000,7.206521053014765,7232997157.505523,378972022.7743531
2021-08-27 00:00:00.000,6.639705924743154,6644261726.798165,330166347.5216535
2021-08-28 00:00:00.000,6.933141056356118,6937683665.260748,294707442.70280784
2021-08-29 00:00:00.000,6.918618496323543,6906838450.876408,174368048.8991362
2021-08-30 00:00:00.000,6.939134606612036,6903348611.279271,284108817.6476612
2021-08-31 00:00:00.000,6.57730461100948,6566388475.025815,238996367.13465127
2021-09-01 00:00:00.000,6.654577861616102,6652948978.134742,271203054.39646363
2021-09-02 00:00:00.000,7.093156931986336,7085024938.95125,323407290.50037503
2021-09-03 00:00:00.000,7.043052799389121,7024820559.358737,264380791.0004745
2021-09-04 00:00:00.000,7.23024791029654,7219310232.424001,319981198.50637645
2021-09-05 00:00:00.000,7.541064595903232,7535450284.6192,381184670.89144707
2021-09-06 00:00:00.000,8.184373592139728,8134972773.488732,538048876.8745124
2021-09-07 00:00:00.000,9.242610570887315,9323992568.108206,1081624661.0459352
2021-09-08 00:00:00.000,7.042314950672625,7039543473.398441,1536999967.4158957
2021-09-09 00:00:00.000,6.793059538061313,6797314107.422135,861885964.068644
2021-09-10 00:00:00.000,6.962124400425543,6975682614.063447,610864992.880021
2021-09-11 00:00:00.000,6.45926055284674,6454456099.846665,433338086.2616271
2021-09-12 00:00:00.000,6.429726912474179,6423110653.231202,275157639.85094756
2021-09-13 00:00:00.000,6.618448011008838,6649167302.255318,337592851.4673264
2021-09-14 00:00:00.000,6.160535743411998,6163110149.393628,336404319.3730823
2021-09-15 00:00:00.000,6.4644941196149235,6461047710.063791,234140162.06063664
2021-09-16 00:00:00.000,6.880348845292578,6890217318.544094,405427231.1878029
2021-09-17 00:00:00.000,6.673719473652523,6668491473.369444,234572508.19659764
2021-09-18 00:00:00.000,6.329877090210157,6328806783.734493,211285644.4606125
2021-09-19 00:00:00.000,6.350168094102439,6351737357.324241,173754379.06667662
2021-09-20 00:00:00.000,6.103821832016241,6099396986.846784,163462437.12239698
2021-09-21 00:00:00.000,5.149161660349033,5115601847.708069,509481032.2212118
2021-09-22 00:00:00.000,4.946992808387887,4940781254.585285,503817075.8863203
2021-09-23 00:00:00.000,5.546275718989139,5541265390.277909,321943438.587294
2021-09-24 00:00:00.000,5.73028777308799,5734993070.898119,291574909.835115
2021-09-25 00:00:00.000,5.181120466546575,5200840875.871016,336348694.66122526
2021-09-26 00:00:00.000,5.131121418885619,5130942354.68649,201095922.1476825
2021-09-27 00:00:00.000,5.0966233003152,5088900060.353071,314987219.4116455
2021-09-28 00:00:00.000,4.913947405576731,4961158107.787842,229483045.45243728
2021-09-29 00:00:00.000,4.685778488621046,4714358546.996945,208203276.0649558
2021-09-30 00:00:00.000,4.833713783618702,4822127372.167961,236638251.37308148
2021-10-01 00:00:00.000,5.036934209110459,5036791383.44276,209739883.2450059
2021-10-02 00:00:00.000,6.031311724030322,6029985946.413786,431924330.1547411
2021-10-03 00:00:00.000,6.092458527336216,6091141615.621987,377934812.28596413
2021-10-04 00:00:00.000,6.115715732671056,6118390427.145788,257667014.30596897
2021-10-05 00:00:00.000,6.018052206004068,6016712859.725112,274908031.7312977
2021-10-06 00:00:00.000,6.7118280545753,6716901797.167225,539442223.3938205
2021-10-07 00:00:00.000,6.430097239217466,6429724431.856217,481984804.9193231
2021-10-08 00:00:00.000,6.538060425630613,6502625501.342673,320127147.3138607
2021-10-09 00:00:00.000,6.422151935144587,6431490285.049841,274020110.702449
2021-10-10 00:00:00.000,6.948322400414955,6962610475.241773,265221315.8115609
2021-10-11 00:00:00.000,6.3219068813324775,6345899551.178515,251016128.5505806
2021-10-12 00:00:00.000,6.165093774387004,6141531577.657448,231232064.4934848
2021-10-13 00:00:00.000,5.911666939495723,5910764882.386172,270761597.6116461
2021-10-14 00:00:00.000,6.10580223207578,6107217694.8061,291881949.73522484
2021-10-15 00:00:00.000,6.048722605024377,6048140357.549531,188123906.32065544
2021-10-16 00:00:00.000,6.285429751951675,6285999464.555847,296996343.7198238
2021-10-17 00:00:00.000,6.178251389580301,6159230700.966671,171731908.7494329
2021-10-18 00:00:00.000,6.0032923691362186,5994348508.29181,166402884.47635275
2021-10-19 00:00:00.000,5.856854258107784,5864102472.078303,152572566.60773936
2021-10-20 00:00:00.000,5.95510804782208,5950523328.473072,143394084.03507316
2021-10-21 00:00:00.000,6.248373367873308,6247087748.919901,182473240.54472384
2021-10-22 00:00:00.000,6.002340697738093,6008261144.399272,244309262.66500664
2021-10-23 00:00:00.000,6.697110708497962,6715153316.038702,463225059.0400339
2021-10-24 00:00:00.000,6.557795889125032,6558746966.88532,186314872.1125067
2021-10-25 00:00:00.000,6.461261860744338,6451872008.660515,244947707.80740225
2021-10-26 00:00:00.000,6.801068677981904,6787699430.622696,232494277.60666516
2021-10-27 00:00:00.000,7.0259079005434595,7054306817.93955,359922243.9786901
2021-10-28 00:00:00.000,6.191502708500381,6199131722.310885,554166977.6278617
2021-10-29 00:00:00.000,6.43741833631344,6419030744.130272,358828199.3889665
2021-10-30 00:00:00.000,6.95583991463595,6967403132.729385,442666214.8554188
2021-10-31 00:00:00.000,8.21343151956138,8271976002.881988,1000834974.4876804
2021-11-01 00:00:00.000,7.204125840690358,7212684567.753574,673823185.0911235
2021-11-02 00:00:00.000,7.347622785784233,7315146905.804996,432402617.3316911
2021-11-03 00:00:00.000,7.600086717400892,7565374252.377803,374968784.7680087
2021-11-04 00:00:00.000,7.439374610720858,7444060224.058397,356810726.2755501
2021-11-05 00:00:00.000,7.740304079612257,7663036995.023679,427648432.8317901
2021-11-06 00:00:00.000,7.604987945410167,7593292158.267314,352029217.235315
2021-11-07 00:00:00.000,7.476621879375275,7439250651.906723,229503540.9132776
2021-11-08 00:00:00.000,7.436397304617549,7436397304.617549,165988261.24640948
2021-11-09 00:00:00.000,7.874231640471792,7855587516.990357,288590245.7368967
2021-11-10 00:00:00.000,7.936280298554776,7958943103.729251,527580051.1818561
2021-11-11 00:00:00.000,7.351273201273133,7320432082.063919,535058054.77797574
2021-11-12 00:00:00.000,7.397990114842792,7421201049.813396,316709552.0533519
2021-11-13 00:00:00.000,7.1822579647557125,7178244994.499572,278644312.60528517
2021-11-14 00:00:00.000,7.214943478421979,7202410773.739786,158639084.86759615
2021-11-15 00:00:00.000,7.0645504400558545,7041097702.480108,160884897.68449017
2021-11-16 00:00:00.000,6.8338309727636615,6829076155.187779,147938674.24598533
2021-11-17 00:00:00.000,6.30958142802922,6310164716.020358,361810405.73066074
2021-11-18 00:00:00.000,6.631575115323359,6595145082.611974,263892666.8288182
2021-11-19 00:00:00.000,5.970532583325247,5963277277.281434,303857385.3039604
2021-11-20 00:00:00.000,6.383306295044946,6361376697.859049,203952302.83218548
2021-11-21 00:00:00.000,6.750557667376898,6755612181.885472,175470354.89007324
2021-11-22 00:00:00.000,7.1741675317503555,7196708257.247595,276245841.46173555
2021-11-23 00:00:00.000,6.516658677330502,6514792840.042289,325962634.79089355
2021-11-24 00:00:00.000,6.897709052137158,6890950537.445649,227374714.4572432
2021-11-25 00:00:00.000,6.614445079891189,6616843322.000891,261630082.42705503
2021-11-26 00:00:00.000,7.430639359879296,7463380338.619104,431036696.06593144
2021-11-27 00:00:00.000,6.525573938162231,6522049368.030485,435516094.0401709
2021-11-28 00:00:00.000,6.49818381005212,6493180083.570009,195849474.17469528
2021-11-29 00:00:00.000,6.596567507224324,6567840693.836105,223640235.3258333
2021-11-30 00:00:00.000,6.662006162438441,6685492018.752297,201820271.9682552
2021-12-01 00:00:00.000,6.617295620430561,6638370536.53274,240370467.66472808
2021-12-02 00:00:00.000,6.515467106496925,6520744758.753661,188216538.8408611
2021-12-03 00:00:00.000,6.334647352923602,6345837349.037937,152385893.03565025
2021-12-04 00:00:00.000,6.156344357634645,6160425246.956539,337074815.2229272
2021-12-05 00:00:00.000,5.146539194177576,5126579563.697133,648322558.815088
2021-12-06 00:00:00.000,4.721973850599235,4706270710.373483,304623501.295035
2021-12-07 00:00:00.000,4.79875379997202,4788664453.553859,327522539.90098464
2021-12-08 00:00:00.000,4.677877100746059,4675057089.202307,205250832.38135964
2021-12-09 00:00:00.000,4.9165332122084395,4918539398.008557,246158594.8647311
2021-12-10 00:00:00.000,4.416373826875304,4459961469.043774,189314812.57813817
2021-12-11 00:00:00.000,4.282145013663908,4350690568.079933,194360364.15408936
2021-12-12 00:00:00.000,4.418205534745158,4418629709.888839,134117709.35720004
2021-12-13 00:00:00.000,4.422448687370591,4440790608.380224,90893573.39882106
2021-12-14 00:00:00.000,3.919440289991328,3919440289.991328,170614297.98457727
2021-12-15 00:00:00.000,4.04233574340416,4036103947.617836,164865587.17134827
2021-12-16 00:00:00.000,4.4071428788681795,4394715002.018296,203620131.52519327
2021-12-17 00:00:00.000,4.261362206886831,4245965571.690308,116864326.92831932
2021-12-18 00:00:00.000,4.059794204730727,4058855973.839171,135079903.48596227
2021-12-19 00:00:00.000,4.093562892963212,4093664167.404103,91674938.53668632
2021-12-20 00:00:00.000,4.150752670339281,4160164776.300833,103840019.27263486
2021-12-21 00:00:00.000,4.007017822923757,4024362380.394071,131156861.94711202
2021-12-22 00:00:00.000,4.158112100946158,4163384856.958502,87840467.61820413
2021-12-23 00:00:00.000,4.4395409235054135,4444992646.043001,147448126.7511815
2021-12-24 00:00:00.000,4.7757266386218795,4772798277.327555,170392290.95527783
2021-12-25 00:00:00.000,4.723427346537595,4727670399.879456,185587611.75751907
2021-12-26 00:00:00.000,5.066530880652787,5071020356.86161,258014532.7570159
2021-12-27 00:00:00.000,5.511808450869752,5501028094.683889,323413060.59968305
2021-12-28 00:00:00.000,5.4943001754488066,5506326139.549555,365082169.92870456
2021-12-29 00:00:00.000,5.124102775299494,5138615799.918496,261087669.72126132
2021-12-30 00:00:00.000,4.916919113365887,4882551815.088316,211943380.39972556
2021-12-31 00:00:00.000,4.80953793260554,4799069360.972143,161799849.1457788
2022-01-01 00:00:00.000,4.723231780445983,4746444714.972617,160318022.43911874
2022-01-02 00:00:00.000,4.961862677902386,4937761996.411203,121314207.90729047
2022-01-03 00:00:00.000,4.888223523937735,4893598986.00914,111456087.9314941
2022-01-04 00:00:00.000,4.714468062526167,4723170871.259624,125119724.84586664
2022-01-05 00:00:00.000,4.768780076291545,4831051040.833882,179917538.42645532
2022-01-06 00:00:00.000,4.441051999267806,4456552634.818642,381989800.1939995
2022-01-07 00:00:00.000,4.39893457119907,4411913081.48467,236377225.8283331
2022-01-08 00:00:00.000,4.20148952129057,4198939493.371353,241761910.48259872
2022-01-09 00:00:00.000,3.9809432859119616,4006410778.806959,208065206.62306097
2022-01-10 00:00:00.000,4.043025408551709,4030266387.238867,83408893.66814853
2022-01-11 00:00:00.000,3.849208629397556,3846037669.99467,183778651.6917215
2022-01-12 00:00:00.000,4.093832511694235,4103520264.556803,146861135.8728718
2022-01-13 00:00:00.000,4.28295149177436,4291171561.730634,154963442.58518448
2022-01-14 00:00:00.000,3.98484799878852,4008250841.946965,174310705.5743774
2022-01-15 00:00:00.000,4.142950418676237,4139311567.380528,144932888.70373628
2022-01-16 00:00:00.000,4.1000068119535,4091693450.075848,101494618.34602349
2022-01-17 00:00:00.000,4.213869559587049,4222984342.789933,125698256.41425246
2022-01-18 00:00:00.000,3.972319556557709,3972856612.968311,143263463.06409934
2022-01-19 00:00:00.000,4.222600040504158,4229842758.638039,282744770.1481231
2022-01-20 00:00:00.000,4.3328139423622725,4346558952.116291,420297498.3861313
2022-01-21 00:00:00.000,4.1450154324622925,4169489047.821935,330678549.50296485
2022-01-22 00:00:00.000,3.395716498418725,3409883552.491891,478164367.0004233
2022-01-23 00:00:00.000,2.7701488113106887,2766607734.505356,674156511.2672042
2022-01-24 00:00:00.000,2.7840150427103234,2778846436.995592,310670155.888834
2022-01-25 00:00:00.000,2.602245471112739,2609324134.783163,331931598.09705514
2022-01-26 00:00:00.000,2.6189702877155474,2626596019.394725,200763365.3686191
2022-01-27 00:00:00.000,2.847058442060917,2839263644.145559,421815841.582482
2022-01-28 00:00:00.000,2.9171028265455883,2917102826.545588,536683618.4629061
2022-01-29 00:00:00.000,2.951995575144186,2952380268.584005,193303746.96352255
2022-01-30 00:00:00.000,2.9883146720318643,2978935050.988758,144681107.48079646
2022-01-31 00:00:00.000,2.8861874671566063,2880217624.506868,148315500.70152548
2022-02-01 00:00:00.000,2.9481716619686575,2936604068.084529,163463144.41338682
2022-02-02 00:00:00.000,2.930361548399419,2933228126.040998,127632063.4720506
2022-02-03 00:00:00.000,2.7663262479464494,2761301006.30423,134022512.08524692
2022-02-04 00:00:00.000,2.7973238053935474,2779668788.60772,135363079.75195223
2022-02-05 00:00:00.000,3.052253627455575,3041414365.655966,170821837.21776906
2022-02-06 00:00:00.000,3.282726708051562,3299837485.048997,346132193.5282458
2022-02-07 00:00:00.000,3.5060647095167248,3485556657.866789,350996737.06144166
2022-02-08 00:00:00.000,3.604084527357295,3611155090.91394,263835852.1073656
2022-02-09 00:00:00.000,3.4619628283237973,3454099401.967138,253843006.67036995
2022-02-10 00:00:00.000,3.442455872659543,3438045173.365915,160246192.68197346
2022-02-11 00:00:00.000,4.097750776278856,4019190443.09575,757324195.0875969
2022-02-12 00:00:00.000,3.945632424400822,3942198751.905561,765003268.9205498
2022-02-13 00:00:00.000,3.89819581608904,3882011915.357002,486454292.00813615
2022-02-14 00:00:00.000,3.60383322054157,3610124840.847234,209927179.05053943
2022-02-15 00:00:00.000,3.5821272489871134,3577147677.631908,275081714.16003305
2022-02-16 00:00:00.000,3.8586585432512632,3866618219.971353,273464746.86222637
2022-02-17 00:00:00.000,3.919274266497072,3937569297.226145,385331254.15297943
2022-02-18 00:00:00.000,3.447292523108651,3446711303.836956,286067891.53035307
2022-02-19 00:00:00.000,3.3080159468591814,3311809153.688163,201769770.8812132
2022-02-20 00:00:00.000,3.226573746945121,3217835334.365365,142244871.33197254
2022-02-21 00:00:00.000,2.9767243599334785,2995214154.956164,149862324.5051828
2022-02-22 00:00:00.000,2.676596771579957,2685480737.774658,220008614.793686
2022-02-23 00:00:00.000,2.893323639416334,2880452198.86011,192129343.12294215
2022-02-24 00:00:00.000,2.703760777255609,2700933308.944605,174530085.4651115
2022-02-25 00:00:00.000,2.622341751472514,2616612582.439934,351385927.8673029
2022-02-26 00:00:00.000,2.8320507230107577,2827508102.837271,244418813.0285551
2022-02-27 00:00:00.000,2.8246092775791376,2819024264.848713,138749643.80541125
2022-02-28 00:00:00.000,2.758747973192506,2758271115.929253,202238628.7036457
2022-03-01 00:00:00.000,3.351085060552478,3327944383.928755,258578941.2497411
2022-03-02 00:00:00.000,3.278702459413028,3275940610.001465,293620022.0187154
2022-03-03 00:00:00.000,3.1764718773948943,3184060818.801014,191587481.739545
2022-03-04 00:00:00.000,3.0680337272983937,3070877910.779109,231857001.89677995
2022-03-05 00:00:00.000,2.8165840666558646,2815476178.271707,155568194.72449228
2022-03-06 00:00:00.000,2.8848931606859276,2877644563.816335,94261116.7840136
2022-03-07 00:00:00.000,2.7097082313366863,2711300890.096551,90765597.73593052
2022-03-08 00:00:00.000,2.7266308226290956,2734573812.71524,130648404.7119461
2022-03-09 00:00:00.000,2.8360298231315824,2834533915.520986,208675037.8096136
2022-03-10 00:00:00.000,3.0633199818573997,3057333087.878854,169514227.24953333
2022-03-11 00:00:00.000,2.872481023957618,2873540831.243975,128744382.73806351
2022-03-12 00:00:00.000,2.7909928270410234,2801214552.411248,127849388.42497678
2022-03-13 00:00:00.000,2.850231312861898,2846989684.26933,64717017.15706184
2022-03-14 00:00:00.000,2.7014554216266897,2700608757.533968,72148040.40063745
2022-03-15 00:00:00.000,2.7783859723495223,2764904804.259671,131452442.40246844
2022-03-16 00:00:00.000,2.7244010526301503,2731073602.899441,128058404.82789084
2022-03-17 00:00:00.000,2.9016621208609568,2868030183.343416,130725348.00097951
2022-03-18 00:00:00.000,2.8560165095907166,2850589003.201795,87495471.85733101
2022-03-19 00:00:00.000,2.924730967147944,2926693276.847383,94182436.56810915
2022-03-20 00:00:00.000,2.9755208194201552,2975860101.918711,115487468.38630684
2022-03-21 00:00:00.000,2.882206566845359,2885683954.551167,110079606.40987536
2022-03-22 00:00:00.000,2.9309685489862267,2921305602.557122,96960725.65368226
2022-03-23 00:00:00.000,3.0754625916176432,3072819677.017827,154184370.85388932
2022-03-24 00:00:00.000,3.1870941000802016,3187511824.309503,146889766.79120606
2022-03-25 00:00:00.000,3.281239087425813,3283630583.167876,190154771.79460353
2022-03-26 00:00:00.000,3.1682097908301934,3156547207.264239,136065173.47661546
2022-03-27 00:00:00.000,3.2921359646713086,3295598512.107366,78322493.47647338
2022-03-28 00:00:00.000,3.5684795674691605,3562199833.573683,278535523.20261633
2022-03-29 00:00:00.000,3.5980801073843107,3668860590.451211,348770244.5273539
2022-03-30 00:00:00.000,3.8953260359129054,3894473356.457175,479441952.5239681
2022-03-31 00:00:00.000,3.925102622960333,3934712274.463364,347257058.22290033
2022-04-01 00:00:00.000,4.165873848361466,4095412362.020395,586270070.451512
2022-04-02 00:00:00.000,4.080199117199805,4062705494.428078,514181104.4984114
2022-04-03 00:00:00.000,4.074685191717832,4085563235.635695,292652234.12996584
2022-04-04 00:00:00.000,4.040871359767799,4038683244.369219,187754900.3423212
2022-04-05 00:00:00.000,3.844556046251034,3843706721.608406,253019939.35182652
2022-04-06 00:00:00.000,3.704082556747235,3717821162.81016,199314236.0022177
2022-04-07 00:00:00.000,3.300105021291944,3333115125.449941,269086850.9283866
2022-04-08 00:00:00.000,3.5045581228302787,3504691325.08698,161719804.7358953
2022-04-09 00:00:00.000,3.32646628789638,3316260916.479212,156599027.70997632
2022-04-10 00:00:00.000,3.460959885997265,3442633942.938238,110314729.69590376
2022-04-11 00:00:00.000,3.352478965377267,3379660788.539107,109684813.00195916
2022-04-12 00:00:00.000,2.9995511093634573,3008190105.085433,164515653.74191925
2022-04-13 00:00:00.000,3.09650500154672,3096505001.54672,149442525.41707247
2022-04-14 00:00:00.000,3.1763169600829873,3179488721.208895,125498609.34976514
2022-04-15 00:00:00.000,3.0399957035523046,3041990981.88954,137326535.31096748
2022-04-16 00:00:00.000,3.055123063120019,3058093835.387028,99498744.41266452
2022-04-17 00:00:00.000,3.054693363578686,3061127502.790979,69322356.33861999
2022-04-18 00:00:00.000,2.8807463337116017,2875780357.697517,86590021.07654724
2022-04-19 00:00:00.000,3.0394008939397543,3030232666.748708,181477288.11225992
2022-04-20 00:00:00.000,3.149253351533101,3147093060.724002,158551259.00291005
2022-04-21 00:00:00.000,3.1000797298034293,3096608453.470654,156123206.6214284
2022-04-22 00:00:00.000,3.2689307198375004,3275393436.801314,587460530.926661
2022-04-23 00:00:00.000,3.1415691216525494,3143567719.247061,314153967.537985
2022-04-24 00:00:00.000,3.117528311989916,3124521902.463276,129614493.62023984
2022-04-25 00:00:00.000,3.0027407204471106,3019823355.056279,145545501.9276092
2022-04-26 00:00:00.000,3.0254782581287594,3030661749.069702,180614728.4778151
2022-04-27 00:00:00.000,2.7265901399075165,2723577752.041928,198056543.93959036
2022-04-28 00:00:00.000,2.8159387460268333,2814955788.243026,138238528.35114124
2022-04-29 00:00:00.000,2.7632520908798672,2759295398.524352,121973533.21970315
2022-04-30 00:00:00.000,2.554290943733495,2558675496.584384,142794134.02696964
2022-05-01 00:00:00.000,2.228177739291041,2217013368.415741,135572009.76036242
2022-05-02 00:00:00.000,2.356611166219977,2348246809.496587,178515317.55212307
2022-05-03 00:00:00.000,2.311852669977321,2313714669.514665,153022476.10986826
2022-05-04 00:00:00.000,2.306452035005528,2304426525.410733,123606490.10579254
2022-05-05 00:00:00.000,2.598915617252173,2598253007.871721,172196502.49728164
2022-05-06 00:00:00.000,2.3026113628763833,2295181185.045897,217641790.4100969
2022-05-07 00:00:00.000,2.2303163909204997,2236690018.846163,183859086.92632985
2022-05-08 00:00:00.000,2.1154924091492444,2119984795.002582,145831953.7904428
2022-05-09 00:00:00.000,2.083644103669992,2086973138.63569,140759638.38747665
2022-05-10 00:00:00.000,1.713336932525743,1738102932.118973,253073630.89662704
2022-05-11 00:00:00.000,1.7858503117466362,1779825113.039578,321869628.0430442
2022-05-12 00:00:00.000,1.316743126543811,1374399499.236987,306762378.99620783
2022-05-13 00:00:00.000,1.2220465414820725,1225474529.907096,232080941.8953591
2022-05-14 00:00:00.000,1.405312640832995,1390987499.491233,170998941.7842969
2022-05-15 00:00:00.000,1.4384241307256775,1432559730.251729,143646159.27321863
2022-05-16 00:00:00.000,1.4642812642695846,1465408475.52577,112430290.02292474
2022-05-17 00:00:00.000,1.3392106768337768,1335867196.054511,101834383.0272209
2022-05-18 00:00:00.000,1.399612437727788,1398789344.310247,98276668.289544
2022-05-19 00:00:00.000,1.2174573704556293,1217276373.208062,92292458.0661633
2022-05-20 00:00:00.000,1.2917346708062447,1291734670.806245,87978629.94877374
2022-05-21 00:00:00.000,1.2228931502815144,1225832992.855928,90612078.49692129
2022-05-22 00:00:00.000,1.2512228976206916,1251222897.620692,61495393.57144071
2022-05-23 00:00:00.000,1.3120823031246427,1310159350.242262,82631918.50023344
2022-05-24 00:00:00.000,1.2291728539619478,1228989072.23499,85507636.75530468
2022-05-25 00:00:00.000,1.2724014578082918,1264853985.45527,72661033.16203628
2022-05-26 00:00:00.000,1.2313043150466398,1234292088.008827,68553196.13289812
2022-05-27 00:00:00.000,1.1429604890217488,1141773722.89052,90340372.96836436
2022-05-28 00:00:00.000,1.0985076398972125,1097987840.79988,77989236.37597199
2022-05-29 00:00:00.000,1.1352667728487775,1139938259.524172,56209099.297419064
2022-05-30 00:00:00.000,1.1726385443979432,1173454390.323688,50596198.81460119
2022-05-31 00:00:00.000,1.3308943792430787,1330186329.883101,82335048.85289052
2022-06-01 00:00:00.000,1.3502213006922557,1351993432.798607,98171173.54179823
2022-06-02 00:00:00.000,1.208991184104545,1210297761.243123,112606157.64054488
2022-06-03 00:00:00.000,1.2438691005734803,1247034892.71422,66833204.623802595
2022-06-04 00:00:00.000,1.195517125076732,1191991196.396403,49134664.17084554
2022-06-05 00:00:00.000,1.1957270165765272,1190072166.000191,48225901.18102829
2022-06-06 00:00:00.000,1.2092143489624312,1213140220.398294,47022082.01228601
2022-06-07 00:00:00.000,1.307895648374348,1307593047.008178,139745540.24208313
2022-06-08 00:00:00.000,1.2475342837884096,1254075155.638615,74207237.5340163
2022-06-09 00:00:00.000,1.3346725656052885,1334672565.605288,153672528.75191334
2022-06-10 00:00:00.000,1.4252679704140052,1423658381.628295,171290804.38841054
2022-06-11 00:00:00.000,1.310046827667516,1310046827.667516,135156101.06534228
2022-06-12 00:00:00.000,1.2161297106244795,1209951060.434402,130583200.16603622
2022-06-13 00:00:00.000,1.0948769199245891,1105292119.794244,103736038.6259154
2022-06-14 00:00:00.000,1.1469238690679655,1144066014.821207,160036621.9864718
2022-06-15 00:00:00.000,1.152123272737576,1151351082.069235,125510903.25661956
2022-06-16 00:00:00.000,1.3401107037824085,1347256860.820068,120766249.98657028
2022-06-17 00:00:00.000,1.1822403306822968,1182886937.328184,122030179.83289167
2022-06-18 00:00:00.000,1.2107051558319064,1214253124.494886,85944055.67951848
2022-06-19 00:00:00.000,1.170238427059825,1167255522.838588,108735059.31398636
2022-06-20 00:00:00.000,1.220478796442649,1218392143.395215,71768421.32567796
2022-06-21 00:00:00.000,1.2783884016360123,1288240847.124976,90571654.52957898
2022-06-22 00:00:00.000,1.267476778117704,1262162647.152623,88045464.1376186
2022-06-23 00:00:00.000,1.2322961132942216,1233498989.160661,66606937.65199568
2022-06-24 00:00:00.000,1.3034449345066452,1306229861.959647,59576680.1382245
2022-06-25 00:00:00.000,1.4030068691860167,1408197028.390443,103626289.35058174
2022-06-26 00:00:00.000,1.4758644868228856,1475085932.313124,137032969.99248338
2022-06-27 00:00:00.000,1.3486817596032348,1345215585.509605,77984158.4639401
2022-06-28 00:00:00.000,1.3335915351888887,1334987760.613618,61089290.47715819
2022-06-29 00:00:00.000,1.2659564227045412,1264736804.895791,60736282.77169769
2022-06-30 00:00:00.000,1.2306389166053608,1231939248.982747,53564996.38093859
2022-07-01 00:00:00.000,1.1835130235917322,1171355846.215826,56266573.42712267
2022-07-02 00:00:00.000,1.1792160751403828,1186041586.26315,48915877.92545806
2022-07-03 00:00:00.000,1.1871253692330357,1186850693.911048,37399693.64701002
2022-07-04 00:00:00.000,1.2188037890154646,1219312590.358945,58247369.37419219
2022-07-05 00:00:00.000,1.2510438495816452,1247951676.704594,48922506.79470717
2022-07-06 00:00:00.000,1.196244747470146,1197079613.110614,56404874.70441559
2022-07-07 00:00:00.000,1.2269723842405755,1228933101.767907,38518975.716643974
2022-07-08 00:00:00.000,1.282016406494141,1283887331.716884,44343946.322768845
2022-07-09 00:00:00.000,1.2561829320654831,1257162054.313448,47754857.42527539
2022-07-10 00:00:00.000,1.2686924052737285,1272704612.037528,34120233.48434881
2022-07-11 00:00:00.000,1.1985533507303965,1199239296.266079,33602505.99339565
2022-07-12 00:00:00.000,1.143642809031017,1144767652.338738,34197068.973382585
2022-07-13 00:00:00.000,1.0928348685603395,1103093865.791827,33978104.10913427
2022-07-14 00:00:00.000,1.1501533297766935,1148294659.854092,42856843.213253856
2022-07-15 00:00:00.000,1.1660485237681315,1167154497.47798,41332544.534258515
2022-07-16 00:00:00.000,1.1668088848510705,1166163143.76609,37940725.645407096
2022-07-17 00:00:00.000,1.1927614453984765,1189485707.282115,35865444.76597242
2022-07-18 00:00:00.000,1.197379140058218,1198834590.220805,44978521.90204515
2022-07-19 00:00:00.000,1.291126148553322,1291810104.883877,79129844.89034176
2022-07-20 00:00:00.000,1.3262392752577612,1324178354.924641,78439470.76650263
2022-07-21 00:00:00.000,1.2311300713552855,1234294065.386293,68201858.12847161
2022-07-22 00:00:00.000,1.2573919471564254,1258476238.547441,48219232.733886026
2022-07-23 00:00:00.000,1.226547201332127,1222697963.000614,41986609.832577586
2022-07-24 00:00:00.000,1.3065188950869815,1307858568.640881,64670353.85292058
2022-07-25 00:00:00.000,1.2934669113917858,1299776643.089485,53388631.738648
2022-07-26 00:00:00.000,1.1642951850855408,1177173977.742866,49214711.12250095
2022-07-27 00:00:00.000,1.196943572456319,1191187545.224305,38515812.22590271
2022-07-28 00:00:00.000,1.2775964074262678,1274548484.465366,49184113.44033833
2022-07-29 00:00:00.000,1.3501129585695246,1350261065.336605,65938408.10572285
2022-07-30 00:00:00.000,1.425866180506696,1440792548.710272,119735658.2050448
2022-07-31 00:00:00.000,1.388812917636728,1386674179.254679,108370045.43720518
2022-08-01 00:00:00.000,1.3430522812104877,1344000514.034413,78883996.70889905
2022-08-02 00:00:00.000,1.4854524245106857,1478658669.661901,101485802.57372148
2022-08-03 00:00:00.000,1.3837474357944746,1389057872.230844,147203841.19379508
2022-08-04 00:00:00.000,1.381804107110822,1376489071.094667,82411110.04261051
2022-08-05 00:00:00.000,1.4304548815131464,1422604874.849648,67085489.76665846
2022-08-06 00:00:00.000,1.6354991904226324,1629491477.304693,176639299.85541645
2022-08-07 00:00:00.000,1.5562391064478205,1553007921.365257,64143714.17517025
2022-08-08 00:00:00.000,1.6738544016083323,1677161198.693077,97665101.0597973
2022-08-09 00:00:00.000,1.622846149353005,1623615732.387168,106477441.25329104
2022-08-10 00:00:00.000,1.5347849630912354,1535216799.355002,75825019.18689069
2022-08-11 00:00:00.000,1.6095424073060849,1607617414.610623,73135168.4416789
2022-08-12 00:00:00.000,1.5761166703890197,1576620115.502382,65112622.67860317
2022-08-13 00:00:00.000,1.6324962737066822,1630948644.148007,80664609.72842582
2022-08-14 00:00:00.000,1.5926995670251636,1591328035.243064,41802003.54822226
2022-08-15 00:00:00.000,1.5308757878322214,1531401914.004582,52532187.59167423
2022-08-16 00:00:00.000,1.4973077203091942,1494912222.562616,49762409.519917265
2022-08-17 00:00:00.000,1.4544889372839584,1452301820.571483,41886001.767225735
2022-08-18 00:00:00.000,1.4007004565189145,1399441222.731045,49935149.880086824
2022-08-19 00:00:00.000,1.3297177529811135,1331442440.91863,35799583.43460552
2022-08-20 00:00:00.000,1.208776664381616,1209863257.987484,58770546.40326787
2022-08-21 00:00:00.000,1.2005294907982518,1198676505.571856,29949188.40839739
2022-08-22 00:00:00.000,1.2368764697509118,1238958728.456468,22733401.22317321
2022-08-23 00:00:00.000,1.2206598385784082,1217450087.746389,25067375.90156336
2022-08-24 00:00:00.000,1.238468532053052,1238164512.929206,22229699.093733296
2022-08-25 00:00:00.000,1.2273718596009318,1227155278.17717,27293637.84301904
2022-08-26 00:00:00.000,1.268648444202099,1271162314.315675,31715310.0397569
2022-08-27 00:00:00.000,1.159424283895852,1154730037.982049,74863926.44349962
2022-08-28 00:00:00.000,1.1330207506640673,1133726868.537099,31391297.172996428
2022-08-29 00:00:00.000,1.106578846496726,1109202330.568588,22223454.195947856
2022-08-30 00:00:00.000,1.1898752748684522,1190352423.491553,35658015.27952653
2022-08-31 00:00:00.000,1.150131511430314,1157237954.454013,26446432.11036582
2022-09-01 00:00:00.000,1.1601672423294913,1161220418.947231,27629004.891813103
2022-09-02 00:00:00.000,1.1689364783485623,1166273133.037538,27779522.497544702
2022-09-03 00:00:00.000,1.1339662745335353,1136041242.526927,25016971.970441915
2022-09-04 00:00:00.000,1.144901830405,1146230313.873486,14469963.720053352
2022-09-05 00:00:00.000,1.1691757043683737,1167251765.811314,16240710.097240176
2022-09-06 00:00:00.000,1.1760836836674746,1177371156.191252,21659933.022249613
2022-09-07 00:00:00.000,1.079400310485478,1079604371.822451,34317076.62849036
2022-09-08 00:00:00.000,1.111937821904159,1115321867.669091,26373806.288015425
2022-09-09 00:00:00.000,1.1261335498698926,1124077954.056849,28012058.681613714
2022-09-10 00:00:00.000,1.1866367356647114,1185398294.810934,39684637.052521035
2022-09-11 00:00:00.000,1.1897610097175764,1190135560.763774,32403539.39685772
2022-09-12 00:00:00.000,1.177302276445403,1176969504.840145,24867386.779210176
2022-09-13 00:00:00.000,1.181886983380542,1181515627.020246,43741893.91391647
2022-09-14 00:00:00.000,1.0889160083315337,1090517996.552874,48023816.693891406
2022-09-15 00:00:00.000,1.1131942607465142,1110058065.234013,33992987.57319823
2022-09-16 00:00:00.000,1.0855352323213787,1086736502.421232,32949438.070940997
2022-09-17 00:00:00.000,1.0827760769817862,1082154298.134135,23481605.948198516
2022-09-18 00:00:00.000,1.124890951377541,1122605967.504695,17379303.43575673
2022-09-19 00:00:00.000,1.0409044491955932,1040861418.91794,28434286.714293968
2022-09-20 00:00:00.000,1.0544214613477387,1055066572.939786,30996799.59258853
2022-09-21 00:00:00.000,1.0379290543064872,1039138479.606969,24948844.572455622
2022-09-22 00:00:00.000,1.0381193530476762,1038103260.490304,44849690.56965769
2022-09-23 00:00:00.000,1.117573658863404,1116773904.123661,30961699.390325207
2022-09-24 00:00:00.000,1.1417235946631703,1147009696.781019,54990720.12797966
2022-09-25 00:00:00.000,1.1030172248012031,1103655131.023592,20617223.045969643
2022-09-26 00:00:00.000,1.082462388643871,1082408487.92544,25369630.09114216
2022-09-27 00:00:00.000,1.0948807903786506,1093999308.140843,33453016.15534383
2022-09-28 00:00:00.000,1.0911101011358697,1092100631.140096,47550908.714955986
2022-09-29 00:00:00.000,1.0972350600847274,1095390973.552931,33367094.735051837
2022-09-30 00:00:00.000,1.0925167962406737,1093323084.295367,25095334.173650533
2022-10-01 00:00:00.000,1.0755450744873123,1075826654.025072,23508430.54504105
2022-10-02 00:00:00.000,1.0621294204098155,1060868511.038785,14541072.643222874
2022-10-03 00:00:00.000,1.0319611876702592,1028604997.76989,14047322.175064895
2022-10-04 00:00:00.000,1.0668924210848592,1066069033.314604,17604293.109408412
2022-10-05 00:00:00.000,1.0836901158310994,1084583831.326337,16464674.413732773
2022-10-06 00:00:00.000,1.0893743234576934,1088817126.69324,15318413.292289294
2022-10-07 00:00:00.000,1.0754297535097994,1076712551.280959,22636870.621729273
2022-10-08 00:00:00.000,1.061074113381261,1060971622.4317,16703727.48939224
2022-10-09 00:00:00.000,1.0549704819262735,1054355949.236052,11224608.739119038
2022-10-10 00:00:00.000,1.0620966738103343,1059272197.413524,9779428.301094895
2022-10-11 00:00:00.000,1.019929576779197,1021841093.042058,17437378.25120035
2022-10-12 00:00:00.000,1.0183827699557202,1016591741.303537,20295925.376865633
2022-10-13 00:00:00.000,1.0151775889678885,1016254499.326684,12409799.978562614
2022-10-14 00:00:00.000,1.0066992643174513,1006002814.973998,30410084.39969698
2022-10-15 00:00:00.000,0.9913320710324872,989772913.7361037,16982894.747144803
2022-10-16 00:00:00.000,0.9924162023095964,995021537.234986,9983084.335557312
2022-10-17 00:00:00.000,1.0074906769201717,1006350642.022367,10876602.81625352
2022-10-18 00:00:00.000,1.0208674090535526,1021188022.236782,14199861.223749826
2022-10-19 00:00:00.000,1.0124165804513086,1011032682.885501,18217302.37562695
2022-10-20 00:00:00.000,0.9838718886993956,984220992.2025326,27329135.53206412
2022-10-21 00:00:00.000,0.977805321820968,978249622.9625738,21027229.22783296
2022-10-22 00:00:00.000,0.994733916405281,994882422.152622,22506680.303504217
2022-10-23 00:00:00.000,0.9971589173241976,998807978.0131712,12783204.81325375
2022-10-24 00:00:00.000,1.0211280610522773,1021389159.437511,20425860.34714744
2022-10-25 00:00:00.000,1.0490720915206209,1048962947.948769,40896243.47854185
2022-10-26 00:00:00.000,1.0761723643547494,1076015009.452122,60668097.81018288
2022-10-27 00:00:00.000,1.1222159814651285,1120936425.732542,42447777.20563424
2022-10-28 00:00:00.000,1.10994900124233,1110179690.788359,40047301.86973923
2022-10-29 00:00:00.000,1.154521268169923,1153811023.648947,53021797.397375174
2022-10-30 00:00:00.000,1.2383302161482468,1230659229.034971,74941830.03400269
2022-10-31 00:00:00.000,1.1724140817808146,1169025186.996664,49410798.56353668
2022-11-01 00:00:00.000,1.16641846584034,1167274889.458354,39577526.969075896
2022-11-02 00:00:00.000,1.2014937526571314,1200793411.083338,35791672.054227084
2022-11-03 00:00:00.000,1.147808475146897,1147639928.797536,69604010.95891163
2022-11-04 00:00:00.000,1.2329015640630605,1230394417.359456,80749087.55981587
2022-11-05 00:00:00.000,1.2929424147866144,1290225372.590877,72280447.1398836
2022-11-06 00:00:00.000,1.2855732070292687,1287120983.188906,51573739.1653282
2022-11-07 00:00:00.000,1.2045753007618825,1205481102.91764,45385143.66908912
2022-11-08 00:00:00.000,1.210853608029442,1210444957.013149,46389064.57672866
2022-11-09 00:00:00.000,1.0366810174151253,1041853600.064523,95736928.42114186
2022-11-10 00:00:00.000,0.8860947649416394,884064973.5674337,78603116.5900455
2022-11-11 00:00:00.000,1.006811079159136,1006917772.029922,73911875.93495257
2022-11-12 00:00:00.000,0.9582964952412532,955811074.3785716,43680817.2722056
2022-11-13 00:00:00.000,0.8936004537901812,891567255.128352,28299131.7660569
2022-11-14 00:00:00.000,0.878617570679035,873400672.1756942,27132232.983660195
2022-11-15 00:00:00.000,0.8985538248612054,900913376.161384,35145098.26047574
2022-11-16 00:00:00.000,0.9222310866502178,922714281.7110612,26206242.278283454
2022-11-17 00:00:00.000,0.8978183250495083,898062642.3028674,19557969.693752155
2022-11-18 00:00:00.000,0.8821216319894849,882123810.0441084,15207351.36082714
2022-11-19 00:00:00.000,0.9054384686012424,903927157.746928,17089146.632285874
2022-11-20 00:00:00.000,0.9065501888023324,906209720.5138224,8965709.537069445
2022-11-21 00:00:00.000,0.8535285885857999,853349311.633936,17493575.576463908
2022-11-22 00:00:00.000,0.8330517802146917,833270055.429421,25083259.934646033
2022-11-23 00:00:00.000,0.8503468763746187,852537392.6680259,20461758.84830186
2022-11-24 00:00:00.000,0.889566907143713,889190981.166647,20398276.157635204
2022-11-25 00:00:00.000,0.8971745615215347,896985257.9734273,27131450.47244305
2022-11-26 00:00:00.000,0.9212676480178535,921838932.7367374,25706151.04667112
2022-11-27 00:00:00.000,0.9152773106938784,915551510.9282584,18851333.85697451
2022-11-28 00:00:00.000,0.9585070319324268,959098904.5932924,31728382.43202821
2022-11-29 00:00:00.000,0.9250583457532906,924558972.531115,30292807.239174757
2022-11-30 00:00:00.000,0.9299505639609642,930985617.9094244,27534959.44938956
2022-12-01 00:00:00.000,0.9645972009386392,966244566.2907068,29282538.864165604
2022-12-02 00:00:00.000,0.9237805002226988,923682025.6548486,25077344.615962382
2022-12-03 00:00:00.000,0.9225261693030196,922302579.8203218,19994940.63776941
2022-12-04 00:00:00.000,0.890420523677614,893179313.639539,12924728.954041738
2022-12-05 00:00:00.000,0.8934167686935998,892866436.5623324,17213620.744486492
2022-12-06 00:00:00.000,0.8809446997227114,880099193.3471388,19202180.56481423
2022-12-07 00:00:00.000,0.9050333123547096,903269826.3674116,15992282.430526854
2022-12-08 00:00:00.000,0.8768122608412144,878743510.1360198,19681367.31201433
2022-12-09 00:00:00.000,0.8777771077928641,877497394.2982134,19789777.914025627
2022-12-10 00:00:00.000,0.8613331428512462,861166973.596875,12932191.131800422
2022-12-11 00:00:00.000,0.855322958377854,853228202.4674319,11038140.049013574
2022-12-12 00:00:00.000,0.8470916820252782,846831583.0922554,11380033.209784005
2022-12-13 00:00:00.000,0.829488216779684,828233078.511852,17048152.493099228
2022-12-14 00:00:00.000,0.8450024504281984,845205479.9684067,27312833.060650136
2022-12-15 00:00:00.000,0.8297120621890234,830071914.5340247,16530380.087209849
2022-12-16 00:00:00.000,0.8208524697796296,821483922.2802967,11068168.112584315
2022-12-17 00:00:00.000,0.7451320219207653,739846754.9713862,26518657.889573988
2022-12-18 00:00:00.000,0.7547927425536758,754595816.7081249,16703382.836458435
2022-12-19 00:00:00.000,0.7535219545552361,754379812.3680042,8123204.3533195
2022-12-20 00:00:00.000,0.7353675669596557,735340531.6411767,14453442.250121748
2022-12-21 00:00:00.000,0.7772877535293597,777226698.5322074,13852826.5152433
2022-12-22 00:00:00.000,0.7715455641741459,770597916.0531846,9477581.475104531
2022-12-23 00:00:00.000,0.7866461426190082,786493340.1856095,10882961.79004905
2022-12-24 00:00:00.000,0.7807820872943174,780574382.5232611,8546724.751561267
2022-12-25 00:00:00.000,0.7789882496098183,779670709.7371166,4867387.014252036
2022-12-26 00:00:00.000,0.7616630790145673,761458149.3377259,7509544.15209332
2022-12-27 00:00:00.000,0.7756192561508026,776270796.1128924,8682387.4290892
2022-12-28 00:00:00.000,0.7571543625134929,756519195.172615,8518766.079452947
2022-12-29 00:00:00.000,0.7522209100036439,753586336.9255444,15852476.302862728
2022-12-30 00:00:00.000,0.7277423447685205,727042946.2898977,12276667.836676762
2022-12-31 00:00:00.000,0.7295300074825762,730033738.7023381,14284559.747813258
2023-01-01 00:00:00.000,0.723363902905399,722830644.7814947,8993240.835331393
2023-01-02 00:00:00.000,0.7347585988036716,735399068.8461568,8520890.617069002
2023-01-03 00:00:00.000,0.7503428782998183,750262177.1652814,16119681.263615778
2023-01-04 00:00:00.000,0.7357852537276347,736286660.4119943,11492784.68953473
2023-01-05 00:00:00.000,0.7522423267661942,751327947.4617113,17318242.09784612
2023-01-06 00:00:00.000,0.7503609914825683,750682217.29397,17704145.477671698
2023-01-07 00:00:00.000,0.7619651897911689,759884092.0525016,12539694.798904646
2023-01-08 00:00:00.000,0.7685690732543429,767433737.1450725,7735994.414498127
2023-01-09 00:00:00.000,0.7943079871073663,794712812.0540559,9813552.640643498
2023-01-10 00:00:00.000,0.8033925867733426,804955343.2222551,28067754.20722598
2023-01-11 00:00:00.000,0.8159350458630398,815776236.9115815,22029312.755017363
2023-01-12 00:00:00.000,0.8335572565303924,830643661.9042599,26130211.67733549
2023-01-13 00:00:00.000,0.8469770623785425,846945574.286848,38760562.82196585
2023-01-14 00:00:00.000,0.8931384836989363,894892177.7352957,26186814.13109774
2023-01-15 00:00:00.000,0.914045885354566,912446345.11524,54893172.13468785
2023-01-16 00:00:00.000,0.9276631287323156,926985493.7709844,39601886.243777454
2023-01-17 00:00:00.000,0.9160308317726688,915397617.559307,38928905.432834566
2023-01-18 00:00:00.000,0.963562835215012,963774656.3225003,57040261.0414224
2023-01-19 00:00:00.000,0.8715068158607286,869961772.9706022,46431478.056145474
2023-01-20 00:00:00.000,0.8927539847817648,893487914.5980564,21169936.636874773
2023-01-21 00:00:00.000,1.008162275256668,1010161425.209732,37706012.606096074
2023-01-22 00:00:00.000,1.0125307892224722,1012405053.807673,46316463.5421129
2023-01-23 00:00:00.000,1.0715992823432516,1071496554.531668,51029267.73142906
2023-01-24 00:00:00.000,1.0700019877963551,1067846923.050799,54794338.607326694
2023-01-25 00:00:00.000,0.9948294990208854,991219533.7371552,39231484.91423264
2023-01-26 00:00:00.000,1.0534278727560864,1051263206.891072,44846777.44244698
2023-01-27 00:00:00.000,1.0587336810081371,1057011712.238121,37731668.088562295
2023-01-28 00:00:00.000,1.1197652761236427,1122018958.159918,91125944.26923469
2023-01-29 00:00:00.000,1.0734705798713997,1071763665.692917,26956665.627162717
2023-01-30 00:00:00.000,1.109859543344252,1108684106.44412,27469038.460278697
2023-01-31 00:00:00.000,1.0152142086569351,1012821737.30421,35311322.69092779
2023-02-01 00:00:00.000,1.02557772553341,1025186145.722581,24826821.573267
2023-02-02 00:00:00.000,1.0817479481102803,1079643396.604296,32756130.682467893
2023-02-03 00:00:00.000,1.06932822159751,1069582657.50959,34802595.44354635
2023-02-04 00:00:00.000,1.118414674399232,1119522975.300561,37553384.58682401
2023-02-05 00:00:00.000,1.1164906846642113,1117980664.735059,18994478.095511816
2023-02-06 00:00:00.000,1.095773261628156,1096698084.529383,48093089.64662269
2023-02-07 00:00:00.000,1.0720658999371857,1071932905.894496,25122688.59319892
2023-02-08 00:00:00.000,1.200351700242532,1200709078.172941,56844481.77576578
2023-02-09 00:00:00.000,1.1415820684252458,1141697116.730906,35655365.20580085
2023-02-10 00:00:00.000,1.0448270536483224,1044982530.23795,62531409.62015767
2023-02-11 00:00:00.000,1.051584178426575,1054791578.065229,27343468.42820732
2023-02-12 00:00:00.000,1.0792429224507305,1079537245.663312,13265876.686856745
2023-02-13 00:00:00.000,1.0651569785507926,1067743052.892793,20615359.910381377
2023-02-14 00:00:00.000,1.044477953754228,1045665814.958212,26746160.758748323
2023-02-15 00:00:00.000,1.0793714164267676,1079076411.96503,23827974.668223552
2023-02-16 00:00:00.000,1.1610229782715369,1158977106.07078,31499231.50680525
2023-02-17 00:00:00.000,1.137947108318245,1139467771.733742,52582998.71753835
2023-02-18 00:00:00.000,1.2095578477520352,1209664699.766547,56426887.7475221
2023-02-19 00:00:00.000,1.1980962681973606,1197925809.214797,39444429.544743344
2023-02-20 00:00:00.000,1.1962745056680226,1199128962.710301,37670298.30881916
2023-02-21 00:00:00.000,1.28321560632286,1283502637.341163,52916585.98227125
2023-02-22 00:00:00.000,1.2412739653428748,1240720620.505269,47587026.98506267
2023-02-23 00:00:00.000,1.187996196811068,1189982722.817493,45320884.15485321
2023-02-24 00:00:00.000,1.1947060558530622,1191408770.273543,29602042.53429942
2023-02-25 00:00:00.000,1.1750831135238733,1173950627.766503,53632686.625673905
2023-02-26 00:00:00.000,1.1949219991618756,1191387658.071453,43514995.990195066
2023-02-27 00:00:00.000,1.2224193796611975,1221824608.335156,32728034.154372927
2023-02-28 00:00:00.000,1.1798758618048582,1178925172.352981,29928055.675566807
2023-03-01 00:00:00.000,1.1283113257844748,1125090650.457269,21106065.950788256
2023-03-02 00:00:00.000,1.1953271282389883,1195226465.086424,27082954.40196148
2023-03-03 00:00:00.000,1.168584402498225,1169159139.885122,23753047.583775952
2023-03-04 00:00:00.000,1.0546041311922376,1053205071.487584,38517086.52736309
2023-03-05 00:00:00.000,1.0209858364673288,1020399015.437441,20249982.69383048
2023-03-06 00:00:00.000,0.9959307302368868,995563403.5662836,15244759.172637329
2023-03-07 00:00:00.000,1.0173118493008113,1016962809.505399,20172123.48852207
2023-03-08 00:00:00.000,1.0048200975369703,999550005.6873084,18893155.393441167
2023-03-09 00:00:00.000,0.9561557024935404,958989663.3203744,19124606.09929029
2023-03-10 00:00:00.000,0.8864505061806263,883467692.0373933,25929699.19784856
2023-03-11 00:00:00.000,0.909152135556146,912256445.1705196,25236846.509770483
2023-03-12 00:00:00.000,0.903610803741132,902203583.2552748,21933000.446306366
2023-03-13 00:00:00.000,0.9809057479095072,978784796.8304192,20347045.91302417
2023-03-14 00:00:00.000,1.0240833094666235,1023733066.653923,37133064.22672696
2023-03-15 00:00:00.000,1.0705540289828122,1069840769.074826,52439712.744061686
2023-03-16 00:00:00.000,1.0140078502617622,1014346707.500024,40013007.33489213
2023-03-17 00:00:00.000,1.026937897492082,1028084583.48399,24334924.65227068
2023-03-18 00:00:00.000,1.092494493707554,1090592821.589945,30417326.837045055
2023-03-19 00:00:00.000,1.043341390997381,1042529973.462795,28255612.73531547
2023-03-20 00:00:00.000,1.0726861600706483,1081290278.922735,25916154.04422644
2023-03-21 00:00:00.000,1.017909768057149,1018257541.032667,28029998.52924109
2023-03-22 00:00:00.000,1.0516691188519462,1050952468.925635,19574403.30888255
2023-03-23 00:00:00.000,1.0049524832549672,1002964750.724529,34136216.62196324
2023-03-24 00:00:00.000,1.055222920873179,1054662559.405884,16632712.525811927
2023-03-25 00:00:00.000,1.0172257812701109,1022813946.702272,24958729.1038252
2023-03-26 00:00:00.000,1.01124610932265,1010606778.182795,15569449.29043338
2023-03-27 00:00:00.000,1.020813523296008,1024500342.351919,12397621.194230253
2023-03-28 00:00:00.000,0.9726241075117824,970972156.9106102,20663446.428296942
2023-03-29 00:00:00.000,0.9792746139332767,977127226.8574294,23664553.57595342
2023-03-30 00:00:00.000,1.0476146659087748,1047975262.85851,27180133.03000136
2023-03-31 00:00:00.000,1.02099286253131,1021017944.074644,24222243.191745102
2023-04-01 00:00:00.000,1.0413532725648926,1041701495.173444,16152381.831211455
2023-04-02 00:00:00.000,1.0830793371972014,1082255204.054211,27072035.7453874
2023-04-03 00:00:00.000,1.0443288807677964,1044928903.21331,19540184.814670164
2023-04-04 00:00:00.000,1.0533994477131732,1055564910.739598,32880785.610491455
2023-04-05 00:00:00.000,1.0941357889038474,1094048390.668164,45475645.51424491
2023-04-06 00:00:00.000,1.0965331972924757,1099166486.301649,25392957.36905574
2023-04-07 00:00:00.000,1.0796283050078217,1079418971.024784,20793730.475804925
2023-04-08 00:00:00.000,1.0613197056675785,1061165906.200774,18501174.876190946
2023-04-09 00:00:00.000,1.058114823018362,1060261149.254576,14889887.886194674
2023-04-10 00:00:00.000,1.0517500846475911,1051498673.412467,22829275.732868414
2023-04-11 00:00:00.000,1.0853177464378638,1084426154.401953,20323450.678917184
2023-04-12 00:00:00.000,1.0672755017382287,1066933728.441191,19499971.525218967
2023-04-13 00:00:00.000,1.0486796293234644,1049831836.960376,20966064.840121083
2023-04-14 00:00:00.000,1.0809157373739648,1080386303.343908,18329555.81426015
2023-04-15 00:00:00.000,1.1257633587418137,1126774853.740018,28734449.564423617
2023-04-16 00:00:00.000,1.1314187288424156,1132898532.890052,22229169.145461336
2023-04-17 00:00:00.000,1.1323730319898473,1131941917.369201,22767997.441436164
2023-04-18 00:00:00.000,1.1162173777440771,1115184605.404354,20590150.861327283
2023-04-19 00:00:00.000,1.224155393198222,1224030972.584351,55249622.919315726
2023-04-20 00:00:00.000,1.0976479316459171,1096129570.714777,59280601.43152188
2023-04-21 00:00:00.000,1.034820773012098,1032955162.296884,30559873.405895647
2023-04-22 00:00:00.000,0.991130919188876,989948166.0530548,22835430.36837224
2023-04-23 00:00:00.000,1.041120733736829,1040133436.096287,13005268.46624908
2023-04-24 00:00:00.000,1.0199524452924844,1018639322.388902,11654109.15154807
2023-04-25 00:00:00.000,1.001451464509172,1001110655.54619,13088049.475738809
2023-04-26 00:00:00.000,1.0299455046493635,1032005188.933193,15417513.45134968
2023-04-27 00:00:00.000,0.9974920799885052,996731133.1253576,28562149.814694
2023-04-28 00:00:00.000,1.0110072973249593,1010925865.846487,22607091.371773828
2023-04-29 00:00:00.000,1.007809722450579,1007790541.272207,12369065.95829245
2023-04-30 00:00:00.000,1.0218808608185062,1019895248.646925,11385984.059421582
2023-05-01 00:00:00.000,0.9941343493703978,993855749.796418,11349983.971788282
2023-05-02 00:00:00.000,0.9886177372178976,987088090.8370965,15037115.720295304
2023-05-03 00:00:00.000,0.986157508878996,985253499.9305588,8931893.016215019
2023-05-04 00:00:00.000,1.00716782794398,1004912538.327969,14302228.820555018
2023-05-05 00:00:00.000,0.9899683506935424,990379256.0026149,11111801.820328726
2023-05-06 00:00:00.000,1.0029558533666063,1002935483.051036,14013997.42445389
2023-05-07 00:00:00.000,0.9614636873597142,961303165.1576084,11806120.384846147
2023-05-08 00:00:00.000,0.9524576192129136,953669278.1129094,7006430.234010854
2023-05-09 00:00:00.000,0.8944002937846192,893693877.5151073,19733775.929208685
2023-05-10 00:00:00.000,0.8999798591828175,900322519.7897462,9510987.946262652
2023-05-11 00:00:00.000,0.9243019533897764,925048886.7504106,18531278.5445788
2023-05-12 00:00:00.000,0.895045433079532,894988474.7189049,12287863.904482037
2023-05-13 00:00:00.000,0.9117033812125978,911920593.0920994,11636022.129685642
2023-05-14 00:00:00.000,0.906086941146048,908762135.2107846,5859205.541483656
2023-05-15 00:00:00.000,0.895489680972416,891278387.1313027,6188990.103677397
2023-05-16 00:00:00.000,0.9099483214712868,909122928.807038,8682920.28111841
2023-05-17 00:00:00.000,0.9090075496832042,909528905.3061523,7262716.767137606
2023-05-18 00:00:00.000,0.9297500131685812,933799868.9775444,9688105.457129557
2023-05-19 00:00:00.000,0.9160968979347122,916530488.039813,7752821.428091496
2023-05-20 00:00:00.000,0.9158623202674264,916373413.4910955,5888268.24786969
2023-05-21 00:00:00.000,0.8912950549241097,892119070.5490032,6951210.314739304
2023-05-22 00:00:00.000,0.8538919983409847,854865450.8401029,14251645.780801823
2023-05-23 00:00:00.000,0.8592140310824281,859054241.7395104,7522570.462993691
2023-05-24 00:00:00.000,0.8736115827867038,873205229.4413677,7198278.009493545
2023-05-25 00:00:00.000,0.8454326129531904,843355002.1524588,8208348.96499887
2023-05-26 00:00:00.000,0.8436793059009925,843907956.5939522,8261775.680054088
2023-05-27 00:00:00.000,0.8449427192513703,844413506.7052821,6896688.037083134
2023-05-28 00:00:00.000,0.8524715579199696,852491482.6458353,6746311.253353804
2023-05-29 00:00:00.000,0.8782491185518329,879101171.7354844,9870843.754998311
2023-05-30 00:00:00.000,0.8661519073690752,866308337.9055777,9206756.045895113
2023-05-31 00:00:00.000,0.8743231682003046,874318939.2767913,11143279.040247686
2023-06-01 00:00:00.000,0.8378229467546369,835632388.1115167,10681548.152572906
2023-06-02 00:00:00.000,0.8375725715799975,838449527.1793221,10101669.983906358
2023-06-03 00:00:00.000,0.8397130873752843,842326864.6783235,8687467.787439086
2023-06-04 00:00:00.000,0.838861644070994,839481394.7960824,8295493.580692353
2023-06-05 00:00:00.000,0.8402092349978938,841497704.1796073,7979856.763230759
2023-06-06 00:00:00.000,0.780472781683567,778888756.3584431,19727892.823497612
2023-06-07 00:00:00.000,0.8027574073609669,802401763.0805131,9766567.2618324
2023-06-08 00:00:00.000,0.7561572161569202,755977755.044745,10950110.673283627
2023-06-09 00:00:00.000,0.7586378749495465,758434665.020289,7756435.303865436
2023-06-10 00:00:00.000,0.7459670565826744,747857013.0522437,7486423.718492881
2023-06-11 00:00:00.000,0.6579139734083554,659879971.4789782,34290539.11492172
2023-06-12 00:00:00.000,0.6470566653553987,646619348.2539897,10653015.74147146
2023-06-13 00:00:00.000,0.6525419029232594,652364755.707029,11015504.64803489
2023-06-14 00:00:00.000,0.641410349366524,641330426.6177392,9450103.637172814
2023-06-15 00:00:00.000,0.623111554188906,623391822.123855,11067820.833387606
2023-06-16 00:00:00.000,0.6467408478122976,645709417.5321099,9921414.704093222
2023-06-17 00:00:00.000,0.653244253658028,652648346.1416475,7469836.138032447
2023-06-18 00:00:00.000,0.6539180115089507,653973387.8229502,7009604.075914472
2023-06-19 00:00:00.000,0.645645930402459,646209115.8032749,6796386.183472249
2023-06-20 00:00:00.000,0.645325812369433,645904125.7041953,7210376.24741151
2023-06-21 00:00:00.000,0.6645018020244173,664456437.6563919,6672372.224303738
2023-06-22 00:00:00.000,0.7127897090966202,714403175.380128,10559508.661739085
2023-06-23 00:00:00.000,0.7127474447940464,712719275.4653372,9341049.962531568
2023-06-24 00:00:00.000,0.7536121292865348,753813573.8819944,10659828.977674564
2023-06-25 00:00:00.000,0.7400808579503543,739769457.6714618,10342212.74187281
2023-06-26 00:00:00.000,0.7662906874526757,765895451.1093644,33348393.162598703
2023-06-27 00:00:00.000,0.7346059098723241,733041145.5986367,11681417.09869912
2023-06-28 00:00:00.000,0.7455463666348229,745104139.9725734,7263067.102950881
2023-06-29 00:00:00.000,0.6977354644709084,697544019.6226294,10367304.36125406
2023-06-30 00:00:00.000,0.6985580677062778,698804836.3604891,6498070.551969175
2023-07-01 00:00:00.000,0.7302281060851746,730085900.4753826,13657562.529846778
2023-07-02 00:00:00.000,0.7639845315690434,761920613.1293201,11252527.183348743
2023-07-03 00:00:00.000,0.7626239443418164,762568452.2506802,13813619.535387551
2023-07-04 00:00:00.000,0.7697573815135685,770589434.4929366,10973082.262377763
2023-07-05 00:00:00.000,0.7715510872484557,773185989.1353126,11911047.071400966
2023-07-06 00:00:00.000,0.7343577750988005,735380868.8532305,14241782.437011832
2023-07-07 00:00:00.000,0.7144453105502547,715830270.1254629,9363166.319355952
2023-07-08 00:00:00.000,0.7250024943425619,724201181.3244948,7199185.946861175
2023-07-09 00:00:00.000,0.7225035755048418,721629070.715862,6246193.157263089
2023-07-10 00:00:00.000,0.720904501339876,720825946.3070517,5619081.253880427
2023-07-11 00:00:00.000,0.7330273344776718,732376439.4098136,8916653.174032308
2023-07-12 00:00:00.000,0.7515177329092472,751408839.4722663,5494100.0850083465
2023-07-13 00:00:00.000,0.7577618410808753,757789390.8384022,14083648.41376628
2023-07-14 00:00:00.000,0.8323485747707774,828912504.284987,34801536.298240915
2023-07-15 00:00:00.000,0.8035359738699785,803059507.5410357,23562908.70155168
2023-07-16 00:00:00.000,0.8014047898520233,802061684.5097777,13284991.450895384
2023-07-17 00:00:00.000,0.7663829689666889,767150926.9026034,13350407.94215522
2023-07-18 00:00:00.000,0.7772187711389084,776999376.7256588,16847380.5652943
2023-07-19 00:00:00.000,0.758303623070602,757146447.7554584,14405378.21941954
2023-07-20 00:00:00.000,0.7705279566147951,770251275.4063362,14887063.212105203
2023-07-21 00:00:00.000,0.7878635972755038,788660062.8250803,16508411.5912338
2023-07-22 00:00:00.000,0.8075766116473211,808047596.9228117,21635452.864909403
2023-07-23 00:00:00.000,0.7888807514879003,788938363.3406554,12104148.56336774
2023-07-24 00:00:00.000,0.8264804362667022,826667314.1215725,13227488.451250792
2023-07-25 00:00:00.000,0.7856710996991874,784995568.684966,17418736.01208235
2023-07-26 00:00:00.000,0.8508725650571737,849478298.8930153,25742304.346551225
2023-07-27 00:00:00.000,0.8221549306645436,820981611.1628336,29053922.67913238
2023-07-28 00:00:00.000,0.7831683398321408,783417514.8373688,16547430.79719045
2023-07-29 00:00:00.000,0.7930144135109918,793334066.842547,14466908.51535451
2023-07-30 00:00:00.000,0.8137079050509999,814323270.479537,11296348.73701065
2023-07-31 00:00:00.000,0.808236377202829,808198385.3292687,12900495.290064488
2023-08-01 00:00:00.000,0.7843376546283428,783854872.927034,11424893.594938047
2023-08-02 00:00:00.000,0.7749156409832327,774113563.6753296,18616633.787305903
2023-08-03 00:00:00.000,0.7578551075789232,757916268.1879457,13046471.001650186
2023-08-04 00:00:00.000,0.7586951676670831,760000336.7256649,11297836.886423428
2023-08-05 00:00:00.000,0.7592395684208322,758599147.2553195,9203712.473272275
2023-08-06 00:00:00.000,0.7433361343990774,742767447.3063765,8274823.371769071
2023-08-07 00:00:00.000,0.7205195008919288,719888215.9159989,10746135.087959222
2023-08-08 00:00:00.000,0.7175876005997496,716840327.9625663,13075492.96766237
2023-08-09 00:00:00.000,0.7333042813381234,733214668.5966078,11775295.662655711
2023-08-10 00:00:00.000,0.7432464769792068,743662232.326003,10912794.172114674
2023-08-11 00:00:00.000,0.7398149876673381,740281008.2866942,9766901.773065029
2023-08-12 00:00:00.000,0.7474744746001996,747214532.115238,10545745.192391455
2023-08-13 00:00:00.000,0.733556859580112,733535164.3528496,9140181.68087654
2023-08-14 00:00:00.000,0.7362216208247555,736138722.5599536,8003782.922750963
2023-08-15 00:00:00.000,0.746875535958144,747203252.2405787,13261669.33055315
2023-08-16 00:00:00.000,0.7123610049328974,712956980.393381,17933423.77250961
2023-08-17 00:00:00.000,0.6767825397557136,677434933.9944633,18094793.694306485
2023-08-18 00:00:00.000,0.6173376106618921,618144591.2245411,22327995.832978584
2023-08-19 00:00:00.000,0.6267088513026858,626317638.693009,9831986.84471164
2023-08-20 00:00:00.000,0.6252406785106196,624759709.5587984,5809821.049714896
2023-08-21 00:00:00.000,0.6252433182344602,625498334.0798666,5160677.345770938
2023-08-22 00:00:00.000,0.623022339098701,623690985.8115064,5746217.979351443
2023-08-23 00:00:00.000,0.622894714340067,623126731.1435481,8317274.979289228
2023-08-24 00:00:00.000,0.6439917119016507,643715098.7303596,6944548.06455574
2023-08-25 00:00:00.000,0.6319621350661756,631959696.9917574,7496815.257210863
2023-08-26 00:00:00.000,0.6357954017609082,635592471.1023879,8852960.245864391
2023-08-27 00:00:00.000,0.6337841975946849,633165187.2122865,5556456.510122515
2023-08-28 00:00:00.000,0.6084644711269909,608087428.0762372,10921942.475128602
2023-08-29 00:00:00.000,0.6203692735696561,620719255.5246983,10099644.569677344
2023-08-30 00:00:00.000,0.6506051549758671,649246425.0974895,12158148.279746115
2023-08-31 00:00:00.000,0.6460942709892088,645389307.0234903,8015444.614926147
2023-09-01 00:00:00.000,0.6170240283511497,617279707.1028445,24214856.828087196
2023-09-02 00:00:00.000,0.6019272912316529,602615021.2435023,7650214.042385864
2023-09-03 00:00:00.000,0.6064257489425233,606391496.8202354,5824087.8117982475
2023-09-04 00:00:00.000,0.6104190517333717,610475612.8908672,3984420.386265144
2023-09-05 00:00:00.000,0.6048006539354336,604947545.9803497,6968065.999587244
2023-09-06 00:00:00.000,0.6273400517070216,627156500.7658293,7328191.167125577
2023-09-07 00:00:00.000,0.6300618185246327,629503436.7836865,6215689.751718073
2023-09-08 00:00:00.000,0.6286601765639419,628393952.3106453,4848996.340563311
2023-09-09 00:00:00.000,0.6336696486421773,633516132.4165648,5753745.000552622
2023-09-10 00:00:00.000,0.6253632206680677,625171513.5683018,3280164.5427249335
2023-09-11 00:00:00.000,0.606280631503665,606378052.9066675,8268383.82715727
2023-09-12 00:00:00.000,0.5851885594796912,584836324.405513,9121431.248159138
2023-09-13 00:00:00.000,0.5812507869659618,581620059.5565054,8549973.213619443
2023-09-14 00:00:00.000,0.591031121664999,591198214.2874631,6281832.326150779
2023-09-15 00:00:00.000,0.6056682291058253,605530891.4571491,6458442.952827922
2023-09-16 00:00:00.000,0.6140811603346454,613854604.134922,6166654.52662271
2023-09-17 00:00:00.000,0.613651255983096,613252528.1290137,4492431.780015681
2023-09-18 00:00:00.000,0.5968364996233962,596189477.3078249,5169850.780797107
2023-09-19 00:00:00.000,0.6007071518828967,600687786.0200295,11584411.987491667
2023-09-20 00:00:00.000,0.6115172236732411,611619491.6169982,7733291.300256929
2023-09-21 00:00:00.000,0.5980143746469915,598029403.4158201,9997620.013890596
2023-09-22 00:00:00.000,0.5899174268703773,590534237.3002723,7181017.880469677
2023-09-23 00:00:00.000,0.5989894133600099,598825428.3374249,5692071.794074027
2023-09-24 00:00:00.000,0.6447149706957789,644911552.0583237,64160728.67121461
2023-09-25 00:00:00.000,0.6216900402790126,621444615.3972104,11176379.55521887
2023-09-26 00:00:00.000,0.6345450795415816,634365337.5243948,9184851.065529188
2023-09-27 00:00:00.000,0.6385802573790603,638664837.5836395,12855222.981647888
2023-09-28 00:00:00.000,0.6330062890754362,632824760.3845687,7642934.055612308
2023-09-29 00:00:00.000,0.6465485599421592,646895756.0156388,6418163.272445442
2023-09-30 00:00:00.000,0.6463538460926281,646314969.9622357,7086176.936149611
2023-10-01 00:00:00.000,0.6473492222297377,648080399.6260464,6433689.601549599
2023-10-02 00:00:00.000,0.6702649251590509,669963402.7325301,9346206.349405034
2023-10-03 00:00:00.000,0.6294271984920514,629408789.6049371,12928318.10402309
2023-10-04 00:00:00.000,0.6271065156704037,627780541.1720269,12504042.228468085
2023-10-05 00:00:00.000,0.6211103661728133,621145531.713823,11037034.110477444
2023-10-06 00:00:00.000,0.6160121355652464,616347155.1073312,7570049.433179108
2023-10-07 00:00:00.000,0.6240379933633788,623837390.6658325,7383974.982270684
2023-10-08 00:00:00.000,0.6185602424099466,618620722.5417486,4369372.480439907
2023-10-09 00:00:00.000,0.6151576436712217,614928416.5478874,3810734.6448450834
2023-10-10 00:00:00.000,0.5942300882640384,594105736.1267666,8854038.836626159
2023-10-11 00:00:00.000,0.5935584400904915,594361255.2639439,5206713.461486264
2023-10-12 00:00:00.000,0.593702453146229,593757570.9382116,5016433.042674572
2023-10-13 00:00:00.000,0.5823995572906449,582778897.0019913,5586702.684123055
2023-10-14 00:00:00.000,0.581197288153936,581243424.7949231,5028330.170650067
2023-10-15 00:00:00.000,0.589439654058045,590892430.7545851,2969017.739398125
2023-10-16 00:00:00.000,0.5970628981769848,597220533.8172121,3596256.5544043225
2023-10-17 00:00:00.000,0.6078959937502981,608649722.9395016,6456407.399022582
2023-10-18 00:00:00.000,0.5975111524220128,597818463.9269017,9226041.225419896
2023-10-19 00:00:00.000,0.585060926661219,585642717.6206214,5912986.717887361
2023-10-20 00:00:00.000,0.5652016187524109,564497828.4985563,10384308.646882856
2023-10-21 00:00:00.000,0.5870428591383497,587127440.8855522,8430965.338730898
2023-10-22 00:00:00.000,0.6067809492865759,606743239.277142,7326221.621433995
2023-10-23 00:00:00.000,0.6183882928469953,611230353.0757186,8577970.552828195
2023-10-24 00:00:00.000,0.6477236310268567,647730418.378492,15399345.678257454
2023-10-25 00:00:00.000,0.6596593550664481,660442232.3917173,30114985.425354976
2023-10-26 00:00:00.000,0.6601624500954268,659477542.8017176,15267810.708252536
2023-10-27 00:00:00.000,0.6499815648898072,649306042.2177335,19561372.12511714
2023-10-28 00:00:00.000,0.6437408577715781,643739072.6313407,12546421.025424875
2023-10-29 00:00:00.000,0.671868072906548,671677832.1418622,11028429.905792337
2023-10-30 00:00:00.000,0.6835312158961345,683497867.27572,14974304.964386078
2023-10-31 00:00:00.000,0.6931529922037529,693046304.42941,15646746.789150978
2023-11-01 00:00:00.000,0.7224998892299603,721726035.79372,32027992.188648872
2023-11-02 00:00:00.000,0.7634777415124444,762990482.8932118,111828392.33880076
2023-11-03 00:00:00.000,0.765029674239845,764625760.5083208,24733137.524927907
2023-11-04 00:00:00.000,0.7540309167021115,753308163.3087487,16451488.57541916
2023-11-05 00:00:00.000,0.773869674907279,774956697.9410446,11537510.803714631
2023-11-06 00:00:00.000,0.7941196083604896,794421964.3971037,13374707.938033417
2023-11-07 00:00:00.000,0.8180205890300407,816616357.2311136,11981927.372225018
2023-11-08 00:00:00.000,0.8283078226480123,825173234.1650208,16999003.880249266
2023-11-09 00:00:00.000,0.8852690882799167,885385873.2151147,20239463.6567048
2023-11-10 00:00:00.000,0.9293508501957616,928675393.0814075,43952049.87643709
2023-11-11 00:00:00.000,1.0351606807096212,1037294516.635013,40922771.13173439
2023-11-12 00:00:00.000,1.0267367808335532,1030127881.294529,47288551.90518352
2023-11-13 00:00:00.000,0.9913153572614742,989208599.2239012,23479706.919636957
2023-11-14 00:00:00.000,0.9218036335598288,922855849.3061764,25133128.415999833
2023-11-15 00:00:00.000,0.9212069468660864,922531566.1030868,19965916.03985721
2023-11-16 00:00:00.000,0.9602163441685484,958311261.5909168,19351360.082959622
2023-11-17 00:00:00.000,0.9369985939348436,936643690.1056068,21397514.536522426
2023-11-18 00:00:00.000,0.9278731734926212,928596018.813076,27159128.34857572
2023-11-19 00:00:00.000,0.9295102469922516,928780829.0329432,13691625.97135211
2023-11-20 00:00:00.000,0.970606587276176,970453735.7419544,16430547.057037946
2023-11-21 00:00:00.000,0.962522598102776,962354106.7014486,13882578.596472817
2023-11-22 00:00:00.000,0.8684110823748632,869042749.9147235,21517632.46840287
2023-11-23 00:00:00.000,0.9510603423367948,951020733.5869548,14185127.309405558
2023-11-24 00:00:00.000,0.9423223219961376,942370257.9012028,12193004.288227228
2023-11-25 00:00:00.000,0.9891359895605604,988272124.015711,23008913.214781232
2023-11-26 00:00:00.000,1.0119516369875354,1010582232.773468,18248099.653758325
2023-11-27 00:00:00.000,0.9814987526722304,981505690.8269492,16383364.9616228
2023-11-28 00:00:00.000,0.9535114832661088,952614468.4041373,16781643.34443585
2023-11-29 00:00:00.000,0.9591921754694854,957806846.6382668,9578825.296649791
2023-11-30 00:00:00.000,0.9605113330850076,961348327.8984342,13809265.234086731
2023-12-01 00:00:00.000,1.010898027603685,1011306714.812283,52238040.08167904
2023-12-02 00:00:00.000,0.996797812466165,995275310.099984,16658571.252550652
2023-12-03 00:00:00.000,1.0925633955653378,1093042632.79482,30004274.97583616
2023-12-04 00:00:00.000,1.0797128622198948,1080310313.664833,14444888.216831263
2023-12-05 00:00:00.000,1.1121699249650692,1108708385.196964,28550074.99146946
2023-12-06 00:00:00.000,1.1092698837942732,1109403263.056074,24694811.940681383
2023-12-07 00:00:00.000,1.048149324299188,1049475819.207755,41959761.91351201
2023-12-08 00:00:00.000,1.0643915355523792,1063666856.488386,18726130.671775956
2023-12-09 00:00:00.000,1.1579231662152296,1160911983.18251,23338487.922169752
2023-12-10 00:00:00.000,1.1620326835126484,1162268309.093361,33521269.97846436
2023-12-11 00:00:00.000,1.1401096026124593,1139589858.433915,19119183.92578373
2023-12-12 00:00:00.000,1.0418466450197374,1042161349.950124,31211696.36141943
2023-12-13 00:00:00.000,1.058128186463026,1059117419.780542,17010678.488964103
2023-12-14 00:00:00.000,1.1072937437725998,1107368043.01949,20850505.435733717
2023-12-15 00:00:00.000,1.115649493771976,1116197735.585304,25266230.604211394
2023-12-16 00:00:00.000,1.0443187937665264,1045407955.905165,14896721.962532183
2023-12-17 00:00:00.000,1.0887196687062408,1087422097.283113,16973695.086876474
2023-12-18 00:00:00.000,1.0476884594274032,1047159894.446323,14045654.59923613
2023-12-19 00:00:00.000,1.019182965107324,1018923072.742073,27784487.15624164
2023-12-20 00:00:00.000,1.0190502183357133,1017882821.230355,20218697.17159035
2023-12-21 00:00:00.000,1.0828859789687275,1082742436.859579,23143725.021782488
2023-12-22 00:00:00.000,1.1681326387456,1167183857.136,38046568.1443192
2023-12-23 00:00:00.000,1.157293048693103,1157927710.293377,30654968.563118603
2023-12-24 00:00:00.000,1.1447136003732648,1145371183.024281,22186789.231337667
2023-12-25 00:00:00.000,1.2569538992498788,1257433067.401033,70651294.46345533
2023-12-26 00:00:00.000,1.419915225479223,1419042365.832448,71396078.09700303
2023-12-27 00:00:00.000,1.4059176673235598,1405101065.432911,59402284.301840425
2023-12-28 00:00:00.000,1.3467728822272995,1345238695.370644,36130943.53583448
2023-12-29 00:00:00.000,1.3420576760397038,1342752622.362306,54175394.140820734
2023-12-30 00:00:00.000,1.2734460978945543,1272359078.744113,31502899.693885036
2023-12-31 00:00:00.000,1.255321415137213,1256107938.527986,35008522.785872094
2024-01-01 00:00:00.000,1.250409371594032,1250974775.404108,22358477.479051825
2024-01-02 00:00:00.000,1.3405383806505324,1340314133.300352,23645029.813069403
2024-01-03 00:00:00.000,1.361971891407452,1358111473.30701,51612148.86181518
2024-01-04 00:00:00.000,1.180366063749955,1180423514.005206,75493187.61261941
2024-01-05 00:00:00.000,1.211638632002105,1211966611.892418,31299171.975674056
2024-01-06 00:00:00.000,1.1475211955673834,1146703656.98542,28482676.46706027
2024-01-07 00:00:00.000,1.108000621747408,1108056098.439286,15521247.765497154
2024-01-08 00:00:00.000,1.0411240669635016,1039299626.101427,17742401.43926451
2024-01-09 00:00:00.000,1.0961244297959392,1098079134.980516,30711542.204098307
2024-01-10 00:00:00.000,1.0145079973198132,1013703116.000346,26280287.76025341
2024-01-11 00:00:00.000,1.0872731360803989,1089496591.862903,29115375.78896866
2024-01-12 00:00:00.000,1.1352379964472057,1135761896.574288,35401056.46087371
2024-01-13 00:00:00.000,1.0474406179266356,1046013806.922608,31787407.59410017
2024-01-14 00:00:00.000,1.059646073808679,1059699335.171921,16945759.96976591
2024-01-15 00:00:00.000,1.0127187020583166,1016748404.699996,15297715.831476994
2024-01-16 00:00:00.000,1.038557989041589,1038493010.19259,15646758.89619734
2024-01-17 00:00:00.000,1.0760228953788191,1076679122.847089,19137278.696988437
2024-01-18 00:00:00.000,1.0572803335992236,1057741525.981654,17669179.61931536
2024-01-19 00:00:00.000,0.9850019104839788,985861025.518958,18869248.031313032
2024-01-20 00:00:00.000,1.006298972210873,1006298972.210873,20734153.632840343
2024-01-21 00:00:00.000,1.0264869184272167,1025739148.574516,11924269.219885778
2024-01-22 00:00:00.000,1.0097524440943824,1012013365.028783,11425446.709297713
2024-01-23 00:00:00.000,0.9434406660864696,944453712.9108036,16125641.126736002
2024-01-24 00:00:00.000,0.9358485660033764,933960901.8866072,17571377.164408747
2024-01-25 00:00:00.000,0.9659428576906264,967073850.3639848,12955766.603231585
2024-01-26 00:00:00.000,0.9371470308495508,937265915.4484396,11561895.43517607
2024-01-27 00:00:00.000,0.9816108140098786,981657895.2139976,12526491.486867728
2024-01-28 00:00:00.000,1.0014955498718716,1001218976.689979,12613326.81450206
2024-01-29 00:00:00.000,1.0188207290042903,1018949898.361362,17112681.00665499
2024-01-30 00:00:00.000,1.0357488401533443,1036274151.612425,19293338.245469794
2024-01-31 00:00:00.000,1.0046403539764333,1003537565.415947,17053554.109451786
2024-02-01 00:00:00.000,0.9720626760467044,972394980.813433,18782600.4205528
2024-02-02 00:00:00.000,0.976402798983898,976388698.592026,13598942.639106777
2024-02-03 00:00:00.000,1.000151327205855,1000256699.180299,11357844.9263128
2024-02-04 00:00:00.000,0.9887355359090364,988403200.5724448,9151604.320405755
2024-02-05 00:00:00.000,0.9528577420580836,952098372.731796,9165288.314577766
2024-02-06 00:00:00.000,0.9588768476214192,958566295.1213456,10656942.610487182
2024-02-07 00:00:00.000,0.9464754198212724,946361525.4925808,11970641.759389551
2024-02-08 00:00:00.000,0.9916746195845396,991423382.2401888,10843377.58024433
2024-02-09 00:00:00.000,0.9931754608586834,993796798.3801912,12360197.492831737
2024-02-10 00:00:00.000,1.0355324395951702,1036245412.944135,17878515.503492553
2024-02-11 00:00:00.000,1.0237466238535642,1023973929.401838,11124711.073677318
2024-02-12 00:00:00.000,1.017502276985489,1015457193.160293,10418914.54670723
2024-02-13 00:00:00.000,1.0805056650742908,1080125469.362295,16914885.932028886
2024-02-14 00:00:00.000,1.0736457704511542,1072582380.053047,18468594.3000056
2024-02-15 00:00:00.000,1.0888642505716255,1088641139.753833,16770701.583838424
2024-02-16 00:00:00.000,1.112978015231516,1113701603.261052,20905903.95283296
2024-02-17 00:00:00.000,1.1233279484545713,1123735215.356756,23749898.40846213
2024-02-18 00:00:00.000,1.1778272374753338,1178413117.668644,22844127.79836471
2024-02-19 00:00:00.000,1.15921737273609,1159283419.777903,20287722.521214537
2024-02-20 00:00:00.000,1.2684375009587516,1267994903.365192,48457711.04951223
2024-02-21 00:00:00.000,1.2012603731071807,1202996312.160969,42961329.61397249
2024-02-22 00:00:00.000,1.1728656076870196,1172992663.058606,23535409.353983782
2024-02-23 00:00:00.000,1.2179869136020518,1217337780.250353,24915276.9242135
2024-02-24 00:00:00.000,1.1969857519107336,1198354251.658323,24854238.00391547
2024-02-25 00:00:00.000,1.3241392233729916,1324110025.141601,84650228.55541109
2024-02-26 00:00:00.000,1.3995693113579262,1396699658.117263,36812394.69065932
2024-02-27 00:00:00.000,1.801151054870642,1797083952.222511,276660296.39512426
2024-02-28 00:00:00.000,1.8521603863691736,1851894162.583947,392247841.1558221
2024-02-29 00:00:00.000,1.9278805222597233,1929368125.376865,246907188.32539725
2024-03-01 00:00:00.000,1.836710257886136,1839721003.528569,103083184.315701
2024-03-02 00:00:00.000,2.0279732245924995,2027973224.5925,92520210.48104589
2024-03-03 00:00:00.000,2.1346902380132575,2135078361.873117,101466449.93807918
2024-03-04 00:00:00.000,2.3829514174661224,2378665549.646928,182241800.27248877
2024-03-05 00:00:00.000,2.35058802647838,2349437035.755117,106853883.22159864
2024-03-06 00:00:00.000,2.801147105390918,2808708808.58655,432887243.27994525
2024-03-07 00:00:00.000,2.891560053739449,2887403610.180612,187690007.4043952
2024-03-08 00:00:00.000,2.952876187596588,2951207783.257665,134447572.72305724
2024-03-09 00:00:00.000,3.0450284852996874,3044410846.874451,162597240.2707352
2024-03-10 00:00:00.000,3.1666134716594616,3150924104.358336,112268697.38980073
2024-03-11 00:00:00.000,3.222223650546008,3221956830.280921,140238521.97959033
2024-03-12 00:00:00.000,3.477429581872135,3477340649.625554,273622790.9017176
2024-03-13 00:00:00.000,3.414069257642663,3411508706.545265,124416915.82525298
2024-03-14 00:00:00.000,3.375582347982758,3379580916.521593,76016132.74238893
2024-03-15 00:00:00.000,3.3544626523877388,3353214941.99691,115827040.99381147
2024-03-16 00:00:00.000,3.100833896004524,3100118887.046088,127208608.80684614
2024-03-17 00:00:00.000,2.73820244764988,2740199842.034845,80820315.7344793
2024-03-18 00:00:00.000,3.1471625566058856,3137085297.231573,110786590.85270672
2024-03-19 00:00:00.000,2.994628062297339,2994728566.804532,128194341.08267497
2024-03-20 00:00:00.000,2.5731747558022477,2574110557.416649,128169757.32271875
2024-03-21 00:00:00.000,3.024280148651183,3021526585.657308,120440942.40490894
2024-03-22 00:00:00.000,2.84954842885816,2853271646.577535,81779478.24411683
2024-03-23 00:00:00.000,2.794211899781861,2787989109.901686,70172416.02548347
2024-03-24 00:00:00.000,2.7955445129175764,2797716807.981097,56075162.556439415
2024-03-25 00:00:00.000,2.926967370360899,2927403000.333611,43274289.28309654
2024-03-26 00:00:00.000,3.0712622943418095,3063224168.691407,82015966.28013939
2024-03-27 00:00:00.000,3.070314652100621,3066409278.474816,76577406.73806228
2024-03-28 00:00:00.000,2.9804014883457617,2971779114.321251,67887115.84852068
2024-03-29 00:00:00.000,2.9432930704415017,2943904828.1009,42042975.063839026
2024-03-30 00:00:00.000,2.93152212207229,2931520290.783761,48956072.49389886
2024-03-31 00:00:00.000,2.807674301135718,2797439939.102312,42657795.1884903
2024-04-01 00:00:00.000,3.067301765312673,3062007455.029268,67356905.69811182
2024-04-02 00:00:00.000,2.8776038435152405,2881472083.008886,73964832.0972581
2024-04-03 00:00:00.000,2.5805689480933003,2583694090.315008,58361460.52398574
2024-04-04 00:00:00.000,2.5148584266731526,2518338559.765515,42036979.16387569
2024-04-05 00:00:00.000,2.564954497004956,2561473463.298181,36241523.6726725
2024-04-06 00:00:00.000,2.592145980382601,2593203688.651438,46312944.47707888
2024-04-07 00:00:00.000,2.6482864579228393,2655486740.831596,61732240.89111444
2024-04-08 00:00:00.000,2.6830144277354644,2682429686.949797,24332832.489628974
2024-04-09 00:00:00.000,2.9072402747212345,2903801907.918014,56826994.058559395
2024-04-10 00:00:00.000,2.8701029465980143,2875943289.934512,112959156.8886204
2024-04-11 00:00:00.000,3.0339897136217693,3035049731.561844,641722425.0422882
2024-04-12 00:00:00.000,2.903648973220388,2903239816.789804,62353758.75490487
2024-04-13 00:00:00.000,2.444903658744833,2442643408.095147,106123232.70038182
2024-04-14 00:00:00.000,2.0006885971644053,2006055916.537294,123474730.42240666
2024-04-15 00:00:00.000,2.169114712780142,2172641858.752442,77029875.94933628
2024-04-16 00:00:00.000,2.016964191685787,2014891741.72955,68650703.50756
2024-04-17 00:00:00.000,2.035292558101559,2036662786.624045,38359911.324523665
2024-04-18 00:00:00.000,1.9875893548575536,1990358073.46091,40157761.13543003
2024-04-19 00:00:00.000,2.078413089317241,2080095188.222899,36346439.32272258
2024-04-20 00:00:00.000,2.0688769471576256,2068284994.991353,49968108.32138573
2024-04-21 00:00:00.000,2.320283797636027,2318004237.97769,40690966.62434824
2024-04-22 00:00:00.000,2.249701938079957,2249678471.710892,40422918.58307847
2024-04-23 00:00:00.000,2.3496753509881287,2350501644.522764,40836036.12208296
2024-04-24 00:00:00.000,2.3880480981905254,2386397869.685161,60899167.96090384
2024-04-25 00:00:00.000,2.3179025897751897,2316142859.838324,64992466.94821591
2024-04-26 00:00:00.000,2.473170559508536,2469299863.909733,59206272.78743211
2024-04-27 00:00:00.000,2.3767333802346697,2378118332.234604,56260941.49285477
2024-04-28 00:00:00.000,2.3481514786332087,2347743142.047004,40366345.72615366
2024-04-29 00:00:00.000,2.2570504292297944,2256289698.848985,25575980.10370811
2024-04-30 00:00:00.000,2.181916562063254,2178945957.415564,81282353.67251983
2024-05-01 00:00:00.000,2.020071614474503,2023569324.541759,57206519.19324363
2024-05-02 00:00:00.000,2.037649544659143,2040186957.687858,59613669.46564707
2024-05-03 00:00:00.000,2.0469355060179857,2047739427.266559,44873166.944464445
2024-05-04 00:00:00.000,2.182435922128059,2186435500.102271,33475105.391096048
2024-05-05 00:00:00.000,2.175311854889672,2176291769.172649,29162143.155382097
2024-05-06 00:00:00.000,2.2437020402455636,2240857950.508159,30845302.620761443
2024-05-07 00:00:00.000,2.237358989094384,2239900872.440835,44886033.22393058
2024-05-08 00:00:00.000,2.1393332655195905,2144338339.082036,34006430.83435371
2024-05-09 00:00:00.000,2.150362732654029,2147159886.598415,33340217.478311237
2024-05-10 00:00:00.000,2.210242819965209,2211441787.171093,26586985.763050705
2024-05-11 00:00:00.000,2.0791292929145477,2079430759.565209,45955557.467235014
2024-05-12 00:00:00.000,2.001540884037545,2001738277.198461,27517094.98512911
2024-05-13 00:00:00.000,1.994814368539848,1993019610.428826,16838024.899473816
2024-05-14 00:00:00.000,1.988022367487977,1988087160.387216,34816843.3603947
2024-05-15 00:00:00.000,1.9216868383334045,1922468903.612697,26948368.075933874
2024-05-16 00:00:00.000,2.0896169125350625,2095902484.389976,30489175.700353365
2024-05-17 00:00:00.000,2.195286002976224,2198044514.745952,47217151.997530386
2024-05-18 00:00:00.000,2.2232589218928833,2220445173.650044,30515481.901480865
2024-05-19 00:00:00.000,2.200248086902489,2199891356.714797,18427551.040172733
2024-05-20 00:00:00.000,2.145913049632472,2141417627.41707,18458039.75354449
2024-05-21 00:00:00.000,2.496987906780936,2497848829.888537,74227482.46995895
2024-05-22 00:00:00.000,2.4883709761857657,2489767020.128992,49644840.67167437
2024-05-23 00:00:00.000,2.468335380349834,2462050518.387311,43161844.09912589
2024-05-24 00:00:00.000,2.3367874607861707,2339406246.819988,44307922.376827806
2024-05-25 00:00:00.000,2.3260709833106703,2321924045.014628,17732631.77014748
2024-05-26 00:00:00.000,2.3676987191201713,2366006495.224146,17039784.304048806
2024-05-27 00:00:00.000,2.282669128849143,2284339905.225283,17045017.124540452
2024-05-28 00:00:00.000,2.3500844842233897,2345420192.002902,23701166.47981458
2024-05-29 00:00:00.000,2.2700228176492936,2269915129.821955,26624869.6821957
2024-05-30 00:00:00.000,2.2189052925975163,2219447737.475019,28078113.79077447
2024-05-31 00:00:00.000,2.193249139098134,2191582589.192493,23469214.645584
2024-06-01 00:00:00.000,2.137366666313524,2141077671.398393,23780408.780589543
2024-06-02 00:00:00.000,2.097710654072857,2095253391.090732,16773276.41033196
2024-06-03 00:00:00.000,2.0652554681685222,2067121318.075881,16601163.366547355
2024-06-04 00:00:00.000,2.120450610324745,2113866453.899974,23931535.24549308
2024-06-05 00:00:00.000,2.148729233735089,2145729918.512195,17047134.566620056
2024-06-06 00:00:00.000,2.2393386838477225,2236027060.90363,25997221.142424315
2024-06-07 00:00:00.000,2.199438222510613,2199932168.350122,23815898.15259282
2024-06-08 00:00:00.000,1.9988983838874443,1998909405.161274,42614434.99470763
2024-06-09 00:00:00.000,1.9198805372777912,1918083677.989724,21608174.81566109
2024-06-10 00:00:00.000,1.9809826049071528,1980915313.349238,14221472.193884991
2024-06-11 00:00:00.000,1.909020730813942,1909552251.229645,18477593.996080004
2024-06-12 00:00:00.000,1.7975220443565447,1797545119.260253,29041630.85831846
2024-06-13 00:00:00.000,1.9201936108001405,1922130373.259065,28460616.110120505
2024-06-14 00:00:00.000,1.7511017251916123,1755140146.435834,24203629.13247861
2024-06-15 00:00:00.000,1.6613667649797474,1662650551.327159,25161344.507956453
2024-06-16 00:00:00.000,1.6804866586851668,1679666114.685614,13189237.027419128
2024-06-17 00:00:00.000,1.688223807567988,1686413524.030606,12912624.358162604
2024-06-18 00:00:00.000,1.5413262388132012,1539552631.570744,26555188.623827
2024-06-19 00:00:00.000,1.4112177094381386,1409230841.256013,36501340.37235261
2024-06-20 00:00:00.000,1.4661679595873125,1464538454.448755,21446662.55703002
2024-06-21 00:00:00.000,1.520901541400129,1522573856.892942,27588803.98776982
2024-06-22 00:00:00.000,1.5021699195064266,1502798526.677549,18662195.21952704
2024-06-23 00:00:00.000,1.551877716598203,1551646694.648267,10974495.905522758
2024-06-24 00:00:00.000,1.5009476766070098,1496324015.588709,14636447.171964528
2024-06-25 00:00:00.000,1.5181233513911183,1515488424.166766,25727447.868554432
2024-06-26 00:00:00.000,1.610865443958386,1611802806.050403,20148855.246866982
2024-06-27 00:00:00.000,1.5839794127649904,1582950216.040273,15700420.947804036
2024-06-28 00:00:00.000,1.572586330769952,1573023431.064786,17068557.534009874
2024-06-29 00:00:00.000,1.507768825864471,1507185931.498881,13981781.507127374
2024-06-30 00:00:00.000,1.488702057866985,1488260641.383787,8465196.117364189
2024-07-01 00:00:00.000,1.5589494292132782,1558210558.830481,11240190.232585892
2024-07-02 00:00:00.000,1.585263616602004,1584366073.564281,14691184.166907696
2024-07-03 00:00:00.000,1.5582374070429938,1556576074.507314,12673706.470559506
2024-07-04 00:00:00.000,1.4496576194291193,1449057561.63151,19671900.635383017
2024-07-05 00:00:00.000,1.2956660944122722,1296883719.839686,24657111.930425495
2024-07-06 00:00:00.000,1.2745876538841754,1274481519.30418,42289238.45660618
2024-07-07 00:00:00.000,1.3639929142713925,1362992360.850193,14067450.510279724
2024-07-08 00:00:00.000,1.250413626751819,1247268245.709539,13025523.273476915
2024-07-09 00:00:00.000,1.2741847146892478,1274808201.749006,23327101.29796452
2024-07-10 00:00:00.000,1.3348464027844176,1338317748.050154,16925223.99543308
2024-07-11 00:00:00.000,1.3669059703836617,1369787755.569186,18912122.896440163
2024-07-12 00:00:00.000,1.3392685723214075,1338313198.335025,18144474.38851082
2024-07-13 00:00:00.000,1.394233933360935,1392038055.673471,16180388.347273292
2024-07-14 00:00:00.000,1.418819607963103,1419553233.649273,12221822.124531364
2024-07-15 00:00:00.000,1.4542270687613137,1454576181.624621,14784399.73892773
2024-07-16 00:00:00.000,1.5493704747805177,1549173087.180763,21656644.98001026
2024-07-17 00:00:00.000,1.5212498850174738,1521300189.345937,25898945.707340907
2024-07-18 00:00:00.000,1.4832968717351858,1485095012.701984,20395781.95125522
2024-07-19 00:00:00.000,1.486621121737515,1486621121.737515,17356442.8365524
2024-07-20 00:00:00.000,1.5776209442934772,1577562620.222962,25981761.575479876
2024-07-21 00:00:00.000,1.6349923800207693,1635099098.260552,19554217.203562923
2024-07-22 00:00:00.000,1.6439388309788288,1642416374.127078,25084065.849862587
2024-07-23 00:00:00.000,1.5425014618232773,1542374920.309532,25523247.165538374
2024-07-24 00:00:00.000,1.4520258935404011,1452086268.355938,24897378.224284224
2024-07-25 00:00:00.000,1.4567130375557562,1456450327.879377,19375449.23107327
2024-07-26 00:00:00.000,1.4023679567421308,1402391860.714765,24559671.824814375
2024-07-27 00:00:00.000,1.5064324428841915,1506152678.475621,16527856.840841718
2024-07-28 00:00:00.000,1.5134153171898914,1513415317.189891,17784404.14962664
2024-07-29 00:00:00.000,1.451611199615109,1451455613.874689,11630029.19674883
2024-07-30 00:00:00.000,1.470126267960458,1470126267.960458,20024322.902056668
2024-07-31 00:00:00.000,1.3960750033257308,1396384685.290005,31324676.90181456
2024-08-01 00:00:00.000,1.3639680769240126,1364068051.022293,26659041.27651875
2024-08-02 00:00:00.000,1.3576258248876096,1357625824.88761,35313568.44469484
2024-08-03 00:00:00.000,1.2427149194799647,1240310656.33017,29490389.994125072
2024-08-04 00:00:00.000,1.2083112511741982,1206396868.61736,30811721.13346984
2024-08-05 00:00:00.000,1.137695041900345,1139564047.220778,28005685.065303534
2024-08-06 00:00:00.000,1.063670938728029,1059626448.539216,101885412.80359489
2024-08-07 00:00:00.000,1.1009353177393482,1102471384.583302,29613555.212845523
2024-08-08 00:00:00.000,1.061157095291397,1061141031.218211,27996432.150269937
2024-08-09 00:00:00.000,1.215362931709005,1212072242.398761,30049325.21996875
2024-08-10 00:00:00.000,1.176826919721278,1174401315.636752,20434739.819215264
2024-08-11 00:00:00.000,1.1892330778349938,1189759631.388229,13088998.577325312
2024-08-12 00:00:00.000,1.1101983593422464,1110198359.342246,18844869.34490762
2024-08-13 00:00:00.000,1.1866158904618582,1187099612.378042,27647201.536328625
2024-08-14 00:00:00.000,1.2099645024036998,1210410749.273913,20684391.031152923
2024-08-15 00:00:00.000,1.168255443401019,1168016663.141401,18637565.206026852
2024-08-16 00:00:00.000,1.1601549532256856,1159908572.293251,31988660.801459957
2024-08-17 00:00:00.000,1.14131251289442,1141312512.89442,18470951.5048944
2024-08-18 00:00:00.000,1.139310221626802,1139310221.626802,10110714.070628207
2024-08-19 00:00:00.000,1.1294701406930978,1131919416.781631,13057904.380329372
2024-08-20 00:00:00.000,1.1655300430804345,1163772882.891024,19305223.79921931
2024-08-21 00:00:00.000,1.18162184798485,1181487695.887692,18588470.51741653
2024-08-22 00:00:00.000,1.2394584480681494,1238197098.853981,23173991.49363757
2024-08-23 00:00:00.000,1.3219288346019695,1322008140.280139,27333955.218146257
2024-08-24 00:00:00.000,1.4111639557257556,1414808639.362881,27284996.963387236
2024-08-25 00:00:00.000,1.4161868761948369,1415377335.574555,25760183.66316183
2024-08-26 00:00:00.000,1.3737383338289066,1377340364.928088,18640796.74456541
2024-08-27 00:00:00.000,1.32623266378311,1326004338.19175,26199024.1887742
2024-08-28 00:00:00.000,1.2528883765084118,1255460981.911313,27769061.759670604
2024-08-29 00:00:00.000,1.244991170730862,1249564048.994057,23266084.73467406
2024-08-30 00:00:00.000,1.2248961182019662,1225603110.783425,22849964.796945315
2024-08-31 00:00:00.000,1.2213400473236706,1221429241.186953,19664691.973693233
2024-09-01 00:00:00.000,1.2010227978663992,1200021618.800993,10646446.345001511
2024-09-02 00:00:00.000,1.1517683402218075,1152876185.656674,17142570.58483662
2024-09-03 00:00:00.000,1.185851840370255,1185551561.216566,15544093.119955376
2024-09-04 00:00:00.000,1.130873965353509,1131215202.786061,15522359.564269504
2024-09-05 00:00:00.000,1.1485117184887608,1146620101.69254,22098700.58043777
2024-09-06 00:00:00.000,1.106828473888407,1108211679.523138,14369996.92773354
2024-09-07 00:00:00.000,1.0923673717655114,1090620537.653718,20371201.038909692
2024-09-08 00:00:00.000,1.1220014699659988,1121440618.778219,15729129.735142538
2024-09-09 00:00:00.000,1.1587300210555298,1158760545.668025,14464134.837284915
2024-09-10 00:00:00.000,1.192597998394027,1195848022.476037,19104466.114031337
2024-09-11 00:00:00.000,1.2087660805309322,1208679175.253798,15113729.288730104
2024-09-12 00:00:00.000,1.188541328240717,1189652452.990197,15955559.34459828
2024-09-13 00:00:00.000,1.1988451359552348,1199753218.011594,16854830.446550444
2024-09-14 00:00:00.000,1.2929248474227817,1292386830.237723,39535488.92987891
2024-09-15 00:00:00.000,1.294842694654457,1295405485.592432,22547508.362264607
2024-09-16 00:00:00.000,1.3029005628149577,1303983410.801051,23085871.7308426
2024-09-17 00:00:00.000,1.3118139585699582,1313686581.590682,31899432.494321477
2024-09-18 00:00:00.000,1.2963307080496485,1296564144.051493,19876325.36544536
2024-09-19 00:00:00.000,1.3963039746388477,1396820937.559142,25597961.090454537
2024-09-20 00:00:00.000,1.4016931286493006,1401288653.166328,26740108.5993234
2024-09-21 00:00:00.000,1.413779828726447,1413779828.726447,23244333.000661556
2024-09-22 00:00:00.000,1.440777832259074,1440770149.048146,27841239.32727782
2024-09-23 00:00:00.000,1.3961629675047045,1394092506.680101,21111794.50587632
2024-09-24 00:00:00.000,1.3854536113333138,1385164734.761262,41148778.13856389
2024-09-25 00:00:00.000,1.401359847079819,1402365806.042902,32386322.91826511
2024-09-26 00:00:00.000,1.3847195438071551,1382607478.680899,39503391.12717772
2024-09-27 00:00:00.000,1.5206014303203,1520748908.087621,64632117.49595116
2024-09-28 00:00:00.000,1.5197267801756822,1519600179.30153,31853959.041748583
2024-09-29 00:00:00.000,1.462166143045171,1463907173.833163,34453639.99904301
2024-09-30 00:00:00.000,1.4741562141135818,1474132133.019751,31557471.94992652
2024-10-01 00:00:00.000,1.4002234601275272,1397185891.791543,25725832.18695834
2024-10-02 00:00:00.000,1.3075961478120854,1307660230.535786,46377404.46896432
2024-10-03 00:00:00.000,1.2288402652652506,1227936845.236444,36712662.34344183
2024-10-04 00:00:00.000,1.22779614375233,1227731543.87243,31861027.67839289
2024-10-05 00:00:00.000,1.2802028217464283,1278871601.714,23991355.50034734
2024-10-06 00:00:00.000,1.2816998758341875,1281606640.887516,17228337.239951834
2024-10-07 00:00:00.000,1.334682307074337,1336230519.431774,13022700.13510059
2024-10-08 00:00:00.000,1.303322952550463,1309312632.365395,22926707.26161647
2024-10-09 00:00:00.000,1.2850028213350273,1284446657.706573,20119491.80566417
2024-10-10 00:00:00.000,1.2279493111452882,1228335505.356132,19472541.81361654
2024-10-11 00:00:00.000,1.1971065036586357,1197092219.995685,21356135.925357938
2024-10-12 00:00:00.000,1.2861963780555778,1285849285.76639,22628096.40041623
2024-10-13 00:00:00.000,1.2969792193759102,1297104297.107311,15100409.137634998
2024-10-14 00:00:00.000,1.2815550409836292,1281429367.263843,17066307.738935206
2024-10-15 00:00:00.000,1.3505612269266347,1350820902.565573,24351438.734019957
2024-10-16 00:00:00.000,1.3306155016443866,1330353504.593432,28480603.063943528
2024-10-17 00:00:00.000,1.3046621622479486,1304442558.282065,24127744.09247448
2024-10-18 00:00:00.000,1.244484122506766,1244009790.317572,20181447.24557709
2024-10-19 00:00:00.000,1.2987254443102774,1300094016.331565,16910092.333907906
2024-10-20 00:00:00.000,1.2992475989926306,1299329816.394633,12006513.185008531
2024-10-21 00:00:00.000,1.3656215331682249,1364773979.232227,18315525.133537937
2024-10-22 00:00:00.000,1.3244084767726652,1324447920.932079,32684241.207810048
2024-10-23 00:00:00.000,1.2940407180962608,1294062762.28374,24946502.69454544
2024-10-24 00:00:00.000,1.2481185115410047,1248080370.327416,24021327.575182468
2024-10-25 00:00:00.000,1.2584280647078858,1256768565.246735,22542955.33863109
2024-10-26 00:00:00.000,1.1313974605744186,1128027619.636309,26013670.449895315
2024-10-27 00:00:00.000,1.1485534677083686,1148948263.230859,21927233.62790628
2024-10-28 00:00:00.000,1.169293804276113,1169350640.586877,12087326.840632869
2024-10-29 00:00:00.000,1.1881563867864515,1188497965.4429,22859776.88929833
2024-10-30 00:00:00.000,1.219616402254172,1217432015.520297,26371121.68041451
2024-10-31 00:00:00.000,1.1943876029664289,1194558743.124243,19606893.76864222
2024-11-01 00:00:00.000,1.1287350613574452,1128295109.024114,20120422.87783896
2024-11-02 00:00:00.000,1.114126139787629,1113984003.813026,21221955.141182445
2024-11-03 00:00:00.000,1.0969484823271254,1096565391.662752,13032137.70501219
2024-11-04 00:00:00.000,1.0544239555624924,1054647002.120523,24621767.346051857
2024-11-05 00:00:00.000,1.0189184944656635,1018929250.203666,22231588.309906755
2024-11-06 00:00:00.000,1.0899960967501272,1090504601.176181,22042445.69105222
2024-11-07 00:00:00.000,1.214839190374845,1215006682.842451,48361942.82355003
2024-11-08 00:00:00.000,1.2111292578135595,1210425982.044506,31297235.88609975
2024-11-09 00:00:00.000,1.2220523709605555,1221731499.297433,34608919.0033844
2024-11-10 00:00:00.000,1.3009173623232433,1306376594.007396,50864785.39846877
2024-11-11 00:00:00.000,1.389127420727383,1386884231.230505,81683800.4787966
2024-11-12 00:00:00.000,1.5425680942854494,1538660556.256529,170351165.84233722
2024-11-13 00:00:00.000,1.4574150089276507,1455184754.65656,107694120.75666426
2024-11-14 00:00:00.000,1.4040656353897172,1405444917.017181,84436898.47196487
2024-11-15 00:00:00.000,1.2957843206160442,1291837767.374219,56868621.499195136
2024-11-16 00:00:00.000,1.3678279915939326,1367555360.289402,41243679.133905806
2024-11-17 00:00:00.000,1.5319146322824249,1529878200.539703,81385825.19921471
2024-11-18 00:00:00.000,1.433840328191038,1434412841.505461,75955169.42151144
2024-11-19 00:00:00.000,1.722586462324162,1725891792.374927,204798318.63724804
2024-11-20 00:00:00.000,1.720631717978597,1720628257.80879,133785639.70726208
2024-11-21 00:00:00.000,1.6451095474576969,1645762469.579,63275379.49637617
2024-11-22 00:00:00.000,1.7144128136120271,1713824986.934168,90135186.02615736
2024-11-23 00:00:00.000,1.7873111346936288,1780841288.002927,83329555.44099043
2024-11-24 00:00:00.000,1.8813645223910416,1879055223.467632,152079234.2356544
2024-11-25 00:00:00.000,1.966404663846288,1970731524.736385,140206586.21623114
2024-11-26 00:00:00.000,1.86404314686052,1862705396.765703,103325028.97692087
2024-11-27 00:00:00.000,2.034062329147107,2034780077.880904,198613258.8949793
2024-11-28 00:00:00.000,2.0705630313678585,2070754740.797277,106104220.14161368
2024-11-29 00:00:00.000,2.1275163303523374,2126580168.588944,91814543.27675246
2024-11-30 00:00:00.000,2.417898943264736,2419006031.132618,158454005.32491755
2024-12-01 00:00:00.000,3.089318582685737,3096653418.87371,652023808.5784389
2024-12-02 00:00:00.000,2.8814368998298723,2884306244.404625,331838686.2775168
2024-12-03 00:00:00.000,2.835318743952704,2832831438.044562,246375638.7339721
2024-12-04 00:00:00.000,2.9931427252736778,2993892218.938418,298199580.33101374
2024-12-05 00:00:00.000,2.9637247559114024,2961738970.429488,240703346.07251304
2024-12-06 00:00:00.000,3.0309514918233624,3030589568.919147,249236871.9538986
2024-12-07 00:00:00.000,3.1486166238208866,3144416628.818431,170265928.32822376
2024-12-08 00:00:00.000,3.0553259774771604,3061406063.457346,139874613.5872728
2024-12-09 00:00:00.000,3.0602049471522488,3056705304.437657,77070562.95716193
2024-12-10 00:00:00.000,2.5003217422724338,2499646779.728528,225767272.0691907
2024-12-11 00:00:00.000,2.382065534069903,2382572521.951229,156966141.96415713
2024-12-12 00:00:00.000,2.581952250638821,2580845206.111687,142085153.56494486
2024-12-13 00:00:00.000,2.6613103303654517,2661170216.009048,128525804.81415027
2024-12-14 00:00:00.000,2.727384686766911,2726869133.492092,83646823.66261472
2024-12-15 00:00:00.000,2.6092347809078817,2609711666.500042,75276841.66097637
2024-12-16 00:00:00.000,2.743733307042809,2744811747.238152,72190699.78276137
2024-12-17 00:00:00.000,2.7193026478381235,2719450614.982262,100146059.97990613
2024-12-18 00:00:00.000,2.688264566103371,2689518627.486416,72491405.2524798
2024-12-19 00:00:00.000,2.325315788284779,2330212513.60755,98773966.9773827
2024-12-20 00:00:00.000,2.0421818878255467,2047210023.011014,109381047.27889211
2024-12-21 00:00:00.000,2.1149825571950376,2113807080.238475,105373759.3085786
2024-12-22 00:00:00.000,2.1480220980880507,2144187437.806043,72572282.21805485
2024-12-23 00:00:00.000,2.1368270650858485,2140518935.06448,54667129.443945654
2024-12-24 00:00:00.000,2.315158756808823,2315107597.230358,65186530.6741698
2024-12-25 00:00:00.000,2.3716693385709067,2369617028.003432,47529552.33381775
2024-12-26 00:00:00.000,2.372204936710833,2371704304.205579,41511910.82591407
2024-12-27 00:00:00.000,2.142960047644646,2142849527.993843,38347553.82968096
2024-12-28 00:00:00.000,2.1702978812201663,2170184846.336029,46324613.11679392
2024-12-29 00:00:00.000,2.3766208302093026,2382149481.600752,41573369.41427009
2024-12-30 00:00:00.000,2.307300915643724,2308556967.989877,51101055.14263877
2024-12-31 00:00:00.000,2.325129082883664,2324416619.533204,59785815.43588409
2025-01-01 00:00:00.000,2.217219038713018,2218034923.880837,49261614.14282558
2025-01-02 00:00:00.000,2.349484979277852,2350656689.02651,46833231.010592975
2025-01-03 00:00:00.000,2.4107246770651196,2410215391.661317,49975730.382141255
2025-01-04 00:00:00.000,2.495051790347582,2495897250.867679,51204945.45332779
2025-01-05 00:00:00.000,2.4705067290051974,2471366385.485933,33610913.40939409
2025-01-06 00:00:00.000,2.4513148713416584,2451332112.762863,26299611.5244612
2025-01-07 00:00:00.000,2.567526927670575,2564675362.205434,49010770.17027161
2025-01-08 00:00:00.000,2.2934148869848396,2294390117.469565,53247687.04865873
2025-01-09 00:00:00.000,2.153847423395651,2157634219.964991,45123654.11347357
2025-01-10 00:00:00.000,2.1131146359399393,2116592986.318365,39848906.384489864
2025-01-11 00:00:00.000,2.177521136134354,2178801723.590523,32291931.612891812
2025-01-12 00:00:00.000,2.156985118595645,2156899853.556962,20297733.74009982
2025-01-13 00:00:00.000,2.113366839646399,2112366536.390845,54582266.76878859
2025-01-14 00:00:00.000,2.060376048238702,2060137576.126136,40692469.851442225
2025-01-15 00:00:00.000,2.173546767172296,2173719360.996027,28380865.646011177
2025-01-16 00:00:00.000,2.4005622662258768,2400994051.975869,47094908.21787135
2025-01-17 00:00:00.000,2.4019709310418063,2400205364.450368,49487704.85863584
2025-01-18 00:00:00.000,2.514815499052117,2514705889.592148,41073826.58296052
2025-01-19 00:00:00.000,2.287457872440795,2287479442.145228,41636502.91264317
2025-01-20 00:00:00.000,2.0000342595421268,2009356741.269621,94048865.03525124
2025-01-21 00:00:00.000,2.0038460129394897,2004026502.665429,76344475.13158214
2025-01-22 00:00:00.000,2.1132930702257977,2109035835.440027,46523129.3618882
2025-01-23 00:00:00.000,2.043347561845273,2044522638.47888,26091802.311058898
2025-01-24 00:00:00.000,2.036921345480389,2037104625.201487,30591425.83055178
2025-01-25 00:00:00.000,1.973702464421208,1972215217.441738,23319778.928311184
2025-01-26 00:00:00.000,2.0035156705785013,2003515670.578501,15251417.139122466
2025-01-27 00:00:00.000,1.938771616594636,1941305333.658459,15128234.641614
2025-01-28 00:00:00.000,1.8991290050232164,1896390966.297228,42003946.69642884
2025-01-29 00:00:00.000,1.7972524374338852,1797097048.126909,22245181.518473383
2025-01-30 00:00:00.000,1.8998289572583933,1902422128.52223,26038270.18230256
2025-01-31 00:00:00.000,1.9517606942583516,1952325356.143501,20833475.20951683
2025-02-01 00:00:00.000,1.9320826190708256,1930785551.780134,51278529.846439056
2025-02-02 00:00:00.000,1.7788290550741483,1782173416.916646,39291630.079956934
2025-02-03 00:00:00.000,1.539537705818733,1539112951.69143,60241448.878323525
2025-02-04 00:00:00.000,1.562415869361525,1562056442.042141,100129860.0454782
2025-02-05 00:00:00.000,1.443418830276643,1439979547.881689,44105244.98176578
2025-02-06 00:00:00.000,1.3699561970605432,1368512135.224558,24844404.638845112
2025-02-07 00:00:00.000,1.2999502927340774,1297068694.103614,21518504.08079431
2025-02-08 00:00:00.000,1.3191635455712902,1316819380.712449,25992747.18815055
2025-02-09 00:00:00.000,1.3345422518933625,1333992042.333856,18864097.931073792
2025-02-10 00:00:00.000,1.278487045787285,1278438542.106952,19692511.437045384
2025-02-11 00:00:00.000,1.3711047286305085,1370192003.337946,40762516.87597416
2025-02-12 00:00:00.000,1.3626638249639702,1363568208.93071,24127738.7697588
2025-02-13 00:00:00.000,1.437117071238562,1436464241.932946,31295583.348957077
2025-02-14 00:00:00.000,1.3783439956447574,1378485125.698234,20782015.55350616
2025-02-15 00:00:00.000,1.4194279079370098,1418116836.564717,18771579.894950252
2025-02-16 00:00:00.000,1.3601416698297468,1360498367.723995,14549551.02476691
2025-02-17 00:00:00.000,1.334993137429427,1337878740.622003,12147626.913832027
2025-02-18 00:00:00.000,1.328189640645876,1328018249.507431,19962441.744319662
2025-02-19 00:00:00.000,1.255355700560577,1254769040.985981,20058843.99226406
2025-02-20 00:00:00.000,1.2699953464845637,1269928549.575574,17373565.9121499
2025-02-21 00:00:00.000,1.342666330003386,1339976792.599196,15055903.906336684
2025-02-22 00:00:00.000,1.3174637043393975,1320620737.886637,29453987.815915383
2025-02-23 00:00:00.000,1.3549362334354476,1354168149.080883,11673084.27277744
2025-02-24 00:00:00.000,1.3184563428618423,1318462322.269892,11655637.631955933
2025-02-25 00:00:00.000,1.1392670461870282,1137839836.169731,37525574.76147717
2025-02-26 00:00:00.000,1.1674607804633566,1167593284.906303,34534304.84671345
2025-02-27 00:00:00.000,1.175448818796205,1174580901.709389,21511214.85388379
2025-02-28 00:00:00.000,1.17358240788697,1173582407.88697,17406410.824829794
2025-03-01 00:00:00.000,1.1663491131326025,1166214757.07446,27675143.388347637
2025-03-02 00:00:00.000,1.171389063276323,1169920803.736916,13671626.435162148
2025-09-10 00:00:00.000,0.8150497663053877,815049766.3053877,29139681.1202408
2025-09-11 00:00:00.000,0.8316487986329206,831315715.6748925,20575711.30632617
2025-09-12 00:00:00.000,0.8374586600735799,837054097.4926721,21209750.71201454
2025-09-13 00:00:00.000,0.8582151810515597,857942305.9884638,23852362.829378776
2025-09-14 00:00:00.000,0.8795130917786421,878982169.1613253,28746561.847599637
2025-09-15 00:00:00.000,0.842227188487057,842227188.487057,20704906.931953084
2025-09-16 00:00:00.000,0.808404807398429,807684413.337342,22506578.943849973
2025-09-17 00:00:00.000,0.823835118257034,823969587.8689111,17361713.055000596
2025-09-18 00:00:00.000,0.8445968059007307,844601136.7094418,22713245.495752733
2025-09-19 00:00:00.000,0.8655875177961081,865587517.7961081,21481832.219266336
2025-09-20 00:00:00.000,0.8181866085375711,817865511.6876976,21359952.04779192
2025-09-21 00:00:00.000,0.816547705748858,816492039.0960522,14540125.712174837
2025-09-22 00:00:00.000,0.8039121260174459,803921841.0671341,15361218.449452978
2025-09-23 00:00:00.000,0.7477489249251331,748039572.5361366,27805223.569769435
2025-09-24 00:00:00.000,0.7359076100049646,736383924.994586,19031117.60607851
2025-09-25 00:00:00.000,0.7387534526412911,738728103.266605,16972738.234644074
2025-09-26 00:00:00.000,0.6834645274159563,683801314.2658361,31322326.52497962
2025-09-27 00:00:00.000,0.715539230961529,715273933.099765,20817145.34719191
2025-09-28 00:00:00.000,0.69751282727007,697237338.5696301,10492334.941442624
2025-09-29 00:00:00.000,0.7084589605771725,708853858.494981,14710933.078534542
2025-09-30 00:00:00.000,0.6960565234654723,696422358.4502923,21438198.355278317
2025-10-01 00:00:00.000,0.6853233357280377,685126539.8441895,23400172.243195843
2025-10-02 00:00:00.000,0.7282886407089187,729025907.2471652,21704691.367313515
2025-10-03 00:00:00.000,0.7403412340070663,739778178.9252709,22149937.41298601
2025-10-04 00:00:00.000,0.7558738942141834,756708457.4825308,31651948.67910005
2025-10-05 00:00:00.000,0.7311681125396137,731484095.5898595,14615217.540074617
2025-10-06 00:00:00.000,0.7355811686963876,735975173.1589437,26454460.77861604
2025-10-07 00:00:00.000,0.7752507458478797,773844710.1616881,24136655.193782993
2025-10-08 00:00:00.000,0.7321518719277488,732151871.9277488,27477415.4680258
2025-10-09 00:00:00.000,0.7337533923252736,733770811.8373555,25519302.907600146
2025-10-10 00:00:00.000,0.7073176110291541,707433230.6230232,21485261.496774063
2025-10-11 00:00:00.000,0.4693405981006921,479738207.2324582,87637719.55781211
2025-10-12 00:00:00.000,0.483022785392683,483208304.2645875,60398299.05643009
2025-10-13 00:00:00.000,0.5701244019958273,569526811.4777788,33734622.43587792
2025-10-14 00:00:00.000,0.6006385504894366,600557342.1119087,44225907.144960046
2025-10-15 00:00:00.000,0.5736451007801004,573576198.275694,32102991.109080244
2025-10-16 00:00:00.000,0.5523814347484626,552187169.9485159,23727360.547435947
2025-10-17 00:00:00.000,0.5347486669738436,534349058.58564,32045872.75843111
2025-10-18 00:00:00.000,0.5399844628067683,540904000.5814806,36063168.02745168
2025-10-19 00:00:00.000,0.5545452381892285,554027010.7491962,19071349.518138357
2025-10-20 00:00:00.000,0.5617866120364965,561750803.039311,25097554.663368527
2025-10-21 00:00:00.000,0.5603182128345505,560275833.871265,19529249.750920095
2025-10-22 00:00:00.000,0.5554833046752458,555538170.8456836,29574167.100485746
2025-10-23 00:00:00.000,0.5391154989551037,538807571.3301266,25727259.301521577
2025-10-24 00:00:00.000,0.5549906321412245,554747572.0214862,18130010.721289143
2025-10-25 00:00:00.000,0.5519519537282469,552031005.6221324,14516075.448095124
2025-10-26 00:00:00.000,0.5567562748071515,556903218.0395942,9571674.89486226
2025-10-27 00:00:00.000,0.5641375333995085,565115341.1178926,19361937.156636983
2025-10-28 00:00:00.000,0.5382346158020178,538041564.1291215,20639602.53555135
2025-10-29 00:00:00.000,0.5195799652795442,519941180.5495462,16791201.14320559
2025-10-30 00:00:00.000,0.5247815220272047,524486719.1984893,18856185.952750005
2025-10-31 00:00:00.000,0.4814349163918285,481434916.3918285,23609499.442859247
2025-11-01 00:00:00.000,0.48640127303114,486364574.7175976,13963915.103058113
2025-11-02 00:00:00.000,0.5005592665052311,500380439.8936076,13130585.35326471
2025-11-03 00:00:00.000,0.498987627609345,498705586.444761,14418450.71196472
2025-11-04 00:00:00.000,0.4230855159766676,423085515.9766676,37676009.09632323
2025-11-05 00:00:00.000,0.4087840121437724,408205116.4816392,35611934.84184647
2025-11-06 00:00:00.000,0.4294929153718972,429813938.3554128,21452627.68678634
2025-11-07 00:00:00.000,0.4172593670587309,416928020.6447388,19744344.046049017
2025-11-08 00:00:00.000,0.5147663455262084,514696849.0838232,56995846.09906638
2025-11-09 00:00:00.000,0.4995006271791276,499499634.7912275,28872320.134685155
2025-11-10 00:00:00.000,0.4840416207999221,483687680.6075764,20488334.18127856
2025-11-11 00:00:00.000,0.4882354714150091,488133709.8631412,22725346.538815547
2025-11-12 00:00:00.000,0.4539073450304688,454499910.7297161,22528428.710513804
2025-11-13 00:00:00.000,0.4452804522193032,445325070.4162156,23246803.88859987
2025-11-14 00:00:00.000,0.4241594192930144,425822029.1447696,20851388.702398337
2025-11-15 00:00:00.000,0.4138109640978097,415574539.8951935,22265346.58675518
2025-11-16 00:00:00.000,0.4218788875199225,422031620.5779731,11224286.536820604
2025-11-17 00:00:00.000,0.4046389398762309,405083623.417297,18759884.340717047
2025-11-18 00:00:00.000,0.3927365503451697,392279426.8083133,20098019.738744624
2025-11-19 00:00:00.000,0.4077421078314597,407543806.4965045,18766452.005681947
2025-11-20 00:00:00.000,0.3993077376806788,398824921.2590196,29135582.19242558
2025-11-21 00:00:00.000,0.3757152248555198,375686714.4127757,30012119.26891473
2025-11-22 00:00:00.000,0.3508370416882466,351033018.7242471,38339723.144064054
2025-11-23 00:00:00.000,0.3460305839895883,345975031.899645,17774434.676783714
2025-11-24 00:00:00.000,0.3557496441683896,356343113.3933772,11562640.156002278
2025-11-25 00:00:00.000,0.3667092944889544,366878994.2179131,17182161.216252342
2025-11-26 00:00:00.000,0.3698150848846784,369833725.479775,14907142.465670366
2025-11-27 00:00:00.000,0.368637535556344,368787889.6583609,15703394.838417072
2025-11-28 00:00:00.000,0.3696446334245444,369477194.2796802,13711329.871163676
2025-11-29 00:00:00.000,0.3563657047757824,356528206.2522269,15968497.440577906
2025-11-30 00:00:00.000,0.3517829017399055,351611355.4076687,11102348.507174414
2025-12-01 00:00:00.000,0.3356580924847467,335859340.026716,18404542.13486689
2025-12-02 00:00:00.000,0.312918522671526,312808139.5533182,27849306.919443585
2025-12-03 00:00:00.000,0.3399909018203558,339999819.5353224,23464505.21348702
2025-12-04 00:00:00.000,0.351544384209216,351501966.3225359,20800149.182177864
2025-12-05 00:00:00.000,0.3398979264663632,339882837.8336176,16627416.087483378
2025-12-06 00:00:00.000,0.3315751462292114,331548247.3767805,16937510.037045587
2025-12-07 00:00:00.000,0.3415176552182077,341524587.7165737,10082460.258245973
2025-12-08 00:00:00.000,0.3297495438802535,329833041.8266687,11869867.776001362
2025-12-09 00:00:00.000,0.3455144892651632,345327923.033533,13875919.739450583
2025-12-10 00:00:00.000,0.3566176815965252,357067231.5226227,13605955.299574455
2025-12-11 00:00:00.000,0.3479934220499329,348456525.8840432,15916753.511899542
2025-12-12 00:00:00.000,0.3450651863383703,345514753.5696271,26719025.91386523
2025-12-13 00:00:00.000,0.3431989728059141,343279681.4321902,20458060.86669963
2025-12-14 00:00:00.000,0.3564296363455325,356483227.2026271,13183572.4203144
2025-12-15 00:00:00.000,0.3371510811427198,337282456.4398273,11046493.378915984
2025-12-16 00:00:00.000,0.3216338418822083,321557636.9093041,14796463.189886527
2025-12-17 00:00:00.000,0.325320990415018,325472341.1337545,12344687.958279593
2025-12-18 00:00:00.000,0.2994478455312435,299451544.5080408,29516305.23658056
2025-12-19 00:00:00.000,0.2772797473050609,277072484.8556347,18209439.70474918
2025-12-20 00:00:00.000,0.3004720775032378,300491317.2240229,14201951.159073642
2025-12-21 00:00:00.000,0.2927639595617197,292623017.5386066,7360463.881965672
2025-12-22 00:00:00.000,0.2785928531807914,278592805.3738907,10460225.377912937
2025-12-23 00:00:00.000,0.278486568518002,278338931.7961719,14053192.033604171
2025-12-24 00:00:00.000,0.273583888178799,273499522.6189342,8523974.89481205
2025-12-25 00:00:00.000,0.2726245792165599,272600732.7318492,11478111.834636131
2025-12-26 00:00:00.000,0.2607132288417547,260768223.7996312,12776877.292020928
2025-12-27 00:00:00.000,0.2600018283429982,259744715.7953217,10620795.082408348
2025-12-28 00:00:00.000,0.2757981321084659,275707617.352637,8876310.547802327
2025-12-29 00:00:00.000,0.2750822927538275,275082292.7538275,11119968.803066332
2025-12-30 00:00:00.000,0.2670148829552836,267026042.3939298,14330750.53863958
2025-12-31 00:00:00.000,0.2709834667522517,270823355.5986655,13568838.071426537
2026-01-01 00:00:00.000,0.2638253085316486,263825308.9398313,9754748.337045928
2026-01-02 00:00:00.000,0.2791636427359732,279079728.1057841,7816243.794427274
2026-01-03 00:00:00.000,0.2895068709207481,289473036.4025195,10315265.590234015
2026-01-04 00:00:00.000,0.2904190363870176,290427951.6661688,9103644.967600709
2026-01-05 00:00:00.000,0.300131685842911,300051481.3547886,11321831.321404034
2026-01-06 00:00:00.000,0.3221911858999083,322339947.248729,20174106.00992477
2026-01-07 00:00:00.000,0.3217988413225002,321775306.0622513,22543678.604429424
2026-01-08 00:00:00.000,0.3047046581174851,304685018.9997838,11621950.8363332
2026-01-09 00:00:00.000,0.3036364453585267,303464976.7725166,9508734.73903224
2026-01-10 00:00:00.000,0.3019879506629408,302546890.6804203,8778089.924943319
