date,prices,market_caps,total_volumes
2017-11-09 00:00:00.000,0.0023868224612059,156404161.61769113,1224287.1701759468
2017-11-10 00:00:00.000,0.0020444407393174,133968506.2492818,990422.8194999616
2017-11-11 00:00:00.000,0.0019147582843986,125470649.38402924,707642.9643405275
2017-11-12 00:00:00.000,0.0018043416345783,118235245.9032626,814789.232402891
2017-11-13 00:00:00.000,0.0020176800199983,132386427.48493508,894985.5678109237
2017-11-14 00:00:00.000,0.0024153601045655,158479487.413139,1073924.14464444
2017-11-15 00:00:00.000,0.0023203001607844,152242301.026122,1179822.35257729
2017-11-16 00:00:00.000,0.0022475814793248,147470996.18371,1324833.20109975
2017-11-17 00:00:00.000,0.0020229100837306,132729588.66321,1905625.2295888
2017-11-18 00:00:00.000,0.0020223654998117,132693856.773722,2184964.12424888
2017-11-19 00:00:00.000,0.0019852680720025,130259776.10292,1832646.81839489
2017-11-20 00:00:00.000,0.0021332441425796,139968958.501911,1679383.57714952
2017-11-21 00:00:00.000,0.0021295683282616,139727776.589602,1420954.84638254
2017-11-22 00:00:00.000,0.0023330834461026,153081053.186036,1345920.56312006
2017-11-23 00:00:00.000,0.0021376229695684,140256267.319897,3417832.23017086
2017-11-24 00:00:00.000,0.0020710267960791,135886679.771313,3239315.25444964
2017-11-25 00:00:00.000,0.0020146376293233,132186806.520027,3671891.51887357
2017-11-26 00:00:00.000,0.0021140039648504,138886239.354519,5253948.62423723
2017-11-27 00:00:00.000,0.0020896593301154,137391323.843611,5447503.32653088
2017-11-28 00:00:00.000,0.0023925199436404,157303861.754746,5378421.52819489
2017-11-29 00:00:00.000,0.0020537156781756,135028093.697619,5544747.84531279
2017-11-30 00:00:00.000,0.0023112674228171,151961655.37658,3050584.80293603
2017-12-01 00:00:00.000,0.0021409131043767,140761166.858812,4702198.48548487
2017-12-02 00:00:00.000,0.0021186876013036,139299880.204911,4503131.91222867
2017-12-03 00:00:00.000,0.0020997059564561,138051871.365982,5437976.41784144
2017-12-04 00:00:00.000,0.0021527806159571,141541434.294398,8662135.50283184
2017-12-05 00:00:00.000,0.0021370573482871,140507657.865294,7906227.90146748
2017-12-06 00:00:00.000,0.0038235475363712,251391339.358649,16493.0483304424
2017-12-07 00:00:00.000,0.0039272819471211,258211689.362915,29058706.2020901
2017-12-08 00:00:00.000,0.0042430780198502,278974710.335557,11196823.6116716
2017-12-09 00:00:00.000,0.004406601678722,289726095.333273,9671290.16703499
2017-12-10 00:00:00.000,0.0043314918542018,284787760.133959,9169891.35304873
2017-12-11 00:00:00.000,0.0051361499724741,337692576.970699,10857313.173528
2017-12-12 00:00:00.000,0.0075366041519612,495518100.391034,27517250.1554016
2017-12-13 00:00:00.000,0.0154898457346668,1018429358.77093,102445084.447474
2017-12-14 00:00:00.000,0.0169942681141392,1117342410.94018,132447135.720041
2017-12-15 00:00:00.000,0.017619540606115,1158452947.09193,88750291.767574
2017-12-16 00:00:00.000,0.036781867275272,2418341289.20449,353192316.756497
2017-12-17 00:00:00.000,0.0341966186829019,2248365867.15762,183470502.642581
2017-12-18 00:00:00.000,0.039992128127492,2629410137.61121,174403915.86491
2017-12-19 00:00:00.000,0.0434546496853134,2857064671.44368,127705005.763451
2017-12-20 00:00:00.000,0.0496841375056056,3266642235.67293,243752660.538473
2017-12-21 00:00:00.000,0.0471933078996138,3102874691.31574,450951569.822735
2017-12-22 00:00:00.000,0.0356090035427112,2341227618.76913,263089969.203049
2017-12-23 00:00:00.000,0.0511145237776011,3360687547.59768,332400866.263498
2017-12-24 00:00:00.000,0.0375590534648345,2469439876.38476,226673039.536318
2017-12-25 00:00:00.000,0.0322068775245591,2117543982.50347,128577344.585411
2017-12-26 00:00:00.000,0.038447670182638,2527864819.3834,177913633.415671
2017-12-27 00:00:00.000,0.0373240517645088,2453988939.35979,147613938.056823
2017-12-28 00:00:00.000,0.0419151006934076,2755842107.99917,183933415.604636
2017-12-29 00:00:00.000,0.0368507724960489,2422871682.92266,209966222.620066
2017-12-30 00:00:00.000,0.0384059262535727,2525120231.50055,226097108.487701
2017-12-31 00:00:00.000,0.0465589544177895,3061167096.49557,326114315.176257
2018-01-01 00:00:00.000,0.0516540472349516,3396160239.71634,437407541.337463
2018-01-02 00:00:00.000,0.0808930764019199,5318573557.16831,1484796785.37526
2018-01-03 00:00:00.000,0.0981068315217296,6450346842.00308,1035141622.348886
2018-01-04 00:00:00.000,0.2181389620970238,14342242466.251856,3915550001.347465
2018-01-05 00:00:00.000,0.2316727559619777,15232064950.201818,3738421738.262549
2018-01-06 00:00:00.000,0.1792874893636196,11787828359.03878,2292851346.6642747
2018-01-07 00:00:00.000,0.1997859606678483,13135565795.792473,1648243398.40144
2018-01-08 00:00:00.000,0.1569054816516139,10316251808.012896,1406087829.2421513
2018-01-09 00:00:00.000,0.1326940095198569,8724391278.191036,1183955759.80081
2018-01-10 00:00:00.000,0.1342645680050633,8827652659.769632,1544277292.2625835
2018-01-11 00:00:00.000,0.1141724318173448,7506631022.4656,893878819.6094507
2018-01-12 00:00:00.000,0.1159641617098585,7624434024.301804,579869769.6953688
2018-01-13 00:00:00.000,0.1091444679100139,7176051483.729059,733968478.983531
2018-01-14 00:00:00.000,0.0892585099875546,5868585694.693454,619598484.3891735
2018-01-15 00:00:00.000,0.0804685414469183,5290661151.234503,924955385.9055698
2018-01-16 00:00:00.000,0.0551393725142289,3625314077.01625,536117811.546999
2018-01-17 00:00:00.000,0.0773421115393744,5085104035.913708,1130206042.7519546
2018-01-18 00:00:00.000,0.0847628342124593,5573003138.527293,1172676300.2581897
2018-01-19 00:00:00.000,0.0824775163525725,5422747620.008902,626942121.4568021
2018-01-20 00:00:00.000,0.0885714800739178,5823414719.695579,576340854.543749
2018-01-21 00:00:00.000,0.0729066032789143,4793477385.080525,394856181.49534625
2018-01-22 00:00:00.000,0.0736099317377766,4839719959.966953,494944751.6417088
2018-01-23 00:00:00.000,0.069001296609717,4536710530.520242,337816551.989398
2018-01-24 00:00:00.000,0.0703285194653271,4623973034.288114,430680392.2288616
2018-01-25 00:00:00.000,0.0691584370325599,4547042229.286917,296896638.38525045
2018-01-26 00:00:00.000,0.0659361489414104,4335182611.660119,266396098.41303337
2018-01-27 00:00:00.000,0.0687918668969277,4522940905.453789,235033707.1985266
2018-01-28 00:00:00.000,0.0650943353397335,4279834888.948997,170525854.4194309
2018-01-29 00:00:00.000,0.0633302896350999,4163852072.426046,159319598.83226895
2018-01-30 00:05:08.241,0.0631578203296875,4152512527.337768,160224975.95674708
2018-01-31 00:00:00.000,0.0534544885669122,3514536002.950034,157554182.79440758
2018-02-01 00:00:00.000,0.0541825477129739,3562404575.818484,152353914.64948863
2018-02-02 00:00:00.000,0.0458139777110292,3012186224.5901117,184210499.76045153
2018-02-03 00:00:00.000,0.042133592261805,2770207533.6923323,221441253.0381867
2018-02-04 00:00:00.000,0.0447149501788167,2939927150.8668785,164316582.77623305
2018-02-05 00:00:00.000,0.0389172266181113,2558737306.280775,105031489.855306
2018-02-06 00:00:00.000,0.0296972302728132,1952539211.9513197,129736114.60463417
2018-02-07 00:00:00.000,0.0359310457153471,2362401309.520669,217524804.5540547
2018-02-08 00:05:07.122,0.0328725643653876,2161311689.0423307,163516283.88489023
2018-02-09 00:00:00.000,0.0374035493729111,2459215763.4183264,85573286.94110927
2018-02-10 00:00:00.000,0.0463665202717221,3048514899.2211747,262467300.16988897
2018-02-11 00:00:00.000,0.0481446701321887,3165425038.4965324,374516736.7348964
2018-02-12 00:00:00.000,0.0424976808680346,2794145701.452665,169372154.6784415
2018-02-13 00:00:00.000,0.0462825367969483,3042993137.557031,184672982.2231028
2018-02-14 00:00:00.000,0.0429538219956372,2824136156.1060443,151239234.99441135
2018-02-15 00:00:00.000,0.0459200831459916,3019162465.15066,145894481.42874292
2018-02-16 00:00:00.000,0.0467769038269528,3075496876.19906,158601725.0395692
2018-02-17 00:00:00.000,0.0520546796334744,3422501095.7661376,279186718.4433509
2018-02-18 00:00:00.000,0.0545250118873399,3584920976.2704883,181757540.9402886
2018-02-19 00:00:00.000,0.0500260451772084,3289122047.0741444,159098418.18517518
2018-02-20 00:00:00.000,0.0513473510171333,3375995517.755868,155485063.65198454
2018-02-21 00:00:00.000,0.047868552524825,3147270804.901846,173284515.26102474
2018-02-22 00:00:00.000,0.0405476470383222,2665934501.883978,132992781.93332894
2018-02-23 00:00:00.000,0.040600461738666,2669406972.96769,133221738.29761048
2018-02-24 00:00:00.000,0.0431795192386269,2838975341.879208,138429033.67660844
2018-02-25 00:00:00.000,0.040772710330201,2680732006.5174823,171805586.65072787
2018-02-26 00:00:00.000,0.0403436993698398,2652525311.321767,164522062.7146986
2018-02-27 00:00:00.000,0.0417323452324526,2743826266.776447,174405113.56088892
2018-02-28 00:00:00.000,0.0428021069403415,2814161165.4491105,204312343.1203454
2018-03-01 00:00:00.000,0.0431922114973117,2839809834.9461594,281204549.1291561
2018-03-02 00:00:00.000,0.0477177873086968,3137358264.453314,296679613.7032258
2018-03-03 00:00:00.000,0.0534076403149465,3511455815.062678,687333253.5569395
2018-03-04 00:00:00.000,0.0488595574605806,3212427588.16158,334505046.9217351
2018-03-05 00:00:00.000,0.0470509820204778,3093517022.020143,264425885.95851088
2018-03-06 00:00:00.000,0.0467836194958736,3075938419.2918615,208181102.04041636
2018-03-07 00:00:00.000,0.0439312941296519,2888403182.1121964,227821178.6194161
2018-03-08 00:00:00.000,0.0390624823784777,2568287609.971452,244471702.96976867
2018-03-09 00:00:00.000,0.0368310155390523,2421572698.7113295,212265532.44779617
2018-03-10 00:00:00.000,0.0363403363269225,2389311427.4287357,253806039.2557453
2018-03-11 00:00:00.000,0.0352238738757126,2315906039.295478,237478869.71272603
2018-03-12 00:00:00.000,0.0387324158103978,2546586329.723773,246496973.25166395
2018-03-13 00:00:00.000,0.0364513738902307,2396611946.513081,210936516.26577643
2018-03-14 00:00:00.000,0.0362593895312072,2383989321.923814,188052752.51461753
2018-03-15 00:00:00.000,0.0313628140855124,2062048337.0519128,190228415.59252697
2018-03-16 00:00:00.000,0.0305449989939073,2008278473.0001028,165910996.78397486
2018-03-17 00:00:00.000,0.0311147578361759,2045739087.0259137,150415480.9568094
2018-03-18 00:00:00.000,0.0289268106541959,1901885514.5799575,119793020.9168144
2018-03-19 00:00:00.000,0.0286567041851729,1884126502.465888,126996928.69151716
2018-03-20 00:00:00.000,0.0329478811085808,2166263628.7703876,172110392.72293964
2018-03-21 00:00:00.000,0.0380401039605714,2501068076.968664,251688635.21120855
2018-03-22 00:00:00.000,0.0372444488955488,2448755194.6098437,224655146.0651531
2018-03-23 00:00:00.000,0.037741957334749,2481465475.2283206,225249340.3114912
2018-03-24 00:00:00.000,0.0412543964819876,2712402000.337688,234335789.9047697
2018-03-25 00:00:00.000,0.0502110679775488,3301286961.763192,693362872.5110286
2018-03-26 00:00:00.000,0.0454968989303067,2991338867.885427,305597090.4607582
2018-03-27 00:00:00.000,0.0447192264679018,2940208309.144727,322029559.92336154
2018-03-28 00:00:00.000,0.0434883135529359,2859278009.891583,265604409.7262921
2018-03-29 00:00:00.000,0.0485692136509686,3193338007.483283,290960327.39635015
2018-03-30 00:00:00.000,0.0431708863040858,2838407742.037378,462839591.8822453
2018-03-31 00:00:00.000,0.0416092174598249,2735730838.2826986,347415196.9850333
2018-04-01 00:00:00.000,0.0341375904343795,2244484866.5123024,338758494.631627
2018-04-02 00:00:00.000,0.0323110123415188,2124390658.492282,220097393.91809535
2018-04-03 00:00:00.000,0.0357433789692339,2350062560.1760592,243837718.2566061
2018-04-04 00:00:00.000,0.0349417672615128,2297358039.3266025,236782381.42831525
2018-04-05 00:00:00.000,0.030279618200977,1990830165.547355,135149862.83044472
2018-04-06 00:00:00.000,0.0399240547753694,2624931210.692086,1381640354.563971
2018-04-07 00:00:00.000,0.0369578373329434,2429908015.1241145,680234495.2565551
2018-04-08 00:00:00.000,0.0370413611057355,2435399545.4626603,255103021.43869567
2018-04-09 00:00:00.000,0.0375181084328482,2466744781.952124,223300784.46826607
2018-04-10 00:00:00.000,0.0358799166891581,2359036768.2920694,305971994.8569073
2018-04-11 00:00:00.000,0.0369606939180039,2430095830.197599,309077177.88250405
2018-04-12 00:00:00.000,0.036153999805124,2377057215.600606,302803761.6660272
2018-04-13 00:00:00.000,0.0393492807253511,2587140902.2808366,423016325.5758067
2018-04-14 00:00:00.000,0.0388191133678557,2552283399.6696897,485655882.5552558
2018-04-15 00:00:00.000,0.0395722150471181,2601798412.957875,313452720.52316403
2018-04-16 00:00:00.000,0.0426107440096854,2801575954.425311,314114410.48328817
2018-04-17 00:00:00.000,0.0412579537081512,2712632546.6477733,305203433.40281105
2018-04-18 00:00:00.000,0.0420040352613619,2761685999.904541,366803023.35977167
2018-04-19 00:00:00.000,0.0471759038584944,3101726593.842081,489656504.27673686
2018-04-20 00:00:00.000,0.0493594201942148,3245288669.661702,595728251.0401994
2018-04-21 00:00:00.000,0.0526076309327977,3458852391.9485393,445614314.62471735
2018-04-22 00:00:00.000,0.0535867270422428,3523226112.263521,728400497.6267182
2018-04-23 00:00:00.000,0.0523229652829622,3440136163.0216627,329051124.8367566
2018-04-24 00:00:00.000,0.0582333531384324,3828733003.608371,498590625.4800805
2018-04-25 00:00:00.000,0.0731643170792151,4810415687.754417,1620156484.6202917
2018-04-26 00:00:00.000,0.0698999981853324,4595792884.674538,2167971115.238894
2018-04-27 00:00:00.000,0.0738626600042987,4856330416.359308,776021937.9798367
2018-04-28 00:00:00.000,0.0741494685306136,4875187535.368203,728964925.0902597
2018-04-29 00:00:00.000,0.0813774671527012,5350414795.743118,731800800.5630354
2018-04-30 00:00:00.000,0.0887923254610584,5837927727.632846,1168723820.6893692
2018-05-01 00:00:00.000,0.0934757345687384,6145853032.5238,1768978578.089003
2018-05-02 00:00:00.000,0.0924903778103722,6081067686.364587,1056291425.5836424
2018-05-03 00:00:00.000,0.0906649444012156,5961048886.778842,404665497.08502406
2018-05-04 00:00:00.000,0.0877461611062984,5769144396.837065,274438064.52259296
2018-05-05 00:00:00.000,0.0865879292253099,5692992837.815038,743562142.2390903
2018-05-06 00:00:00.000,0.0867087774202959,5700938378.431071,478414783.470047
2018-05-07 00:00:00.000,0.0847663102266451,5573224828.5161705,395740489.25818026
2018-05-08 00:00:00.000,0.0830604770667545,5461069519.471939,416111259.88254136
2018-05-09 00:00:00.000,0.0827338811884626,5439596457.203208,373785701.5977377
2018-05-10 00:00:00.000,0.0805210865560806,5294109388.665898,356588535.26476306
2018-05-11 00:00:00.000,0.0734019392171208,4826038894.606768,341843488.578918
2018-05-12 00:00:00.000,0.0660942565333947,4345572557.650908,832749531.0121013
2018-05-13 00:00:00.000,0.0688864279512636,4529152555.764934,625415452.2576516
2018-05-14 00:00:00.000,0.0757269121655995,4978901475.594945,607293428.8985273
2018-05-15 00:00:00.000,0.0728045296794545,4786760345.626496,464356003.5134933
2018-05-16 00:00:00.000,0.0683053583504542,4490948326.7774,286447407.35828066
2018-05-17 00:00:00.000,0.0718506636201461,4724045453.464707,500948608.117533
2018-05-18 00:00:00.000,0.0673566649482049,4428573527.049439,306540307.6188565
2018-05-19 00:00:00.000,0.0693626099570673,4560460623.445852,265908142.16019708
2018-05-20 00:00:00.000,0.068827897841296,4525304311.560185,206363326.11887768
2018-05-21 00:00:00.000,0.0768630899282031,5053603017.979172,477982919.5136594
2018-05-22 00:00:00.000,0.0822020524238755,5404629720.213115,815479883.3882209
2018-05-23 00:00:00.000,0.0748368152884417,4920379286.740708,499317916.16346985
2018-05-24 00:00:00.000,0.0700651150542495,4606649007.00657,615907602.2181734
2018-05-25 00:00:00.000,0.0728930817560992,4792582477.448126,590563565.3894868
2018-05-26 00:00:00.000,0.0712071621293955,4681736445.607116,300673323.8163399
2018-05-27 00:00:00.000,0.0729602145163373,4796996329.6633,335087321.26700944
2018-05-28 00:00:00.000,0.0705647658268135,4639500101.7846155,309647374.20053416
2018-05-29 00:00:00.000,0.0606724401839569,3989098370.9893823,482116209.81407034
2018-05-30 00:00:00.000,0.0649727626905738,4271836455.263941,571298693.2552795
2018-05-31 00:00:00.000,0.0623503187358381,4099415717.34522,461803767.7887979
2018-06-01 00:00:00.000,0.0604883422534345,3976994279.699784,366144731.5206484
2018-06-02 00:00:00.000,0.0587561623096725,3863106719.368093,264877508.16250375
2018-06-03 00:00:00.000,0.0608184544078472,3998698530.48348,292737104.9784849
2018-06-04 00:00:00.000,0.0616675189818203,4054522922.886882,246620499.56831527
2018-06-05 00:00:00.000,0.0589464319023808,3875616585.792124,211713978.81339425
2018-06-06 00:00:00.000,0.0603336052512889,3966820614.0071025,209239884.05312735
2018-06-07 00:00:00.000,0.0591653196090544,3890008039.168217,184602378.30687937
2018-06-08 00:00:00.000,0.0584860304398463,3845346059.031889,156963078.9456481
2018-06-09 00:00:00.000,0.0572566105559504,3764514023.246916,168318101.46701455
2018-06-10 00:00:00.000,0.0567100680484096,3728579885.442382,175333460.3247995
2018-06-11 00:00:00.000,0.047986004487996,3154989180.4742384,332564214.7612674
2018-06-12 00:00:00.000,0.048645526497324,3198351507.175865,248732237.2520995
2018-06-13 00:00:00.000,0.0440452972346064,2895895120.0181174,193931372.2963353
2018-06-14 00:00:00.000,0.0415364160043111,2730940916.7846136,242180840.1865352
2018-06-15 00:00:00.000,0.0453166289239809,2979482777.8689365,281934582.1794637
2018-06-16 00:00:00.000,0.0425027667151691,2794476651.210332,196037936.72620597
2018-06-17 00:00:00.000,0.0430277432896821,2828992869.6424193,126208660.2444168
2018-06-18 00:00:00.000,0.0423369045816256,2783571529.136435,103068445.50188406
2018-06-19 00:00:00.000,0.0450253663435328,2960332813.21162,164038536.77727523
2018-06-20 00:00:00.000,0.0492861501518248,3240471302.7344165,349035948.3513482
2018-06-21 00:00:00.000,0.0492322220834048,3236925634.071133,387358637.83928853
2018-06-22 00:00:00.000,0.0484314729970451,3184277893.7415304,197357530.91858077
2018-06-23 00:00:00.000,0.0433979141163809,2853330902.483937,226336515.38411617
2018-06-24 00:00:00.000,0.0443015443756428,2912742885.655687,148414660.04660177
2018-06-25 00:00:00.000,0.0423460272882797,2784171329.872036,229969638.4488349
2018-06-26 00:00:00.000,0.0421959607564323,2774304738.7819543,135600900.81167352
2018-06-27 00:00:00.000,0.0383737001247727,2522998320.035307,85125832.55560046
2018-06-28 00:00:00.000,0.0390703292141865,2568800367.181245,96262016.71679272
2018-06-29 00:00:00.000,0.036888986002172,2425381170.141652,97477403.89468282
2018-06-30 00:00:00.000,0.0371426544894509,2442059394.164081,138008579.32132092
2018-07-01 00:00:00.000,0.0384116916421501,2525496190.5614014,180811433.191244
2018-07-02 00:00:00.000,0.0372589796381081,2449707553.0251145,107695156.65364124
2018-07-03 00:00:00.000,0.0395275294909475,2598860422.021849,154507691.88143814
2018-07-04 00:00:00.000,0.0388813467614419,2556375127.7792444,163162984.35457093
2018-07-05 00:00:00.000,0.038874836011591,2555947058.2711535,113473692.8612152
2018-07-06 00:00:00.000,0.0378835160387126,2490769642.018429,134448272.66185868
2018-07-07 00:00:00.000,0.0371487157929973,2442457913.4263616,111303707.31309783
2018-07-08 00:00:00.000,0.0378887285399645,2491112354.1326876,88065890.14225182
2018-07-09 00:00:00.000,0.0371701435515478,2443866748.087845,92576207.2345416
2018-07-10 00:00:00.000,0.0359538032894275,2363894672.735651,95314258.07535434
2018-07-11 00:00:00.000,0.0339816637823529,2234230224.2449975,100667286.16960695
2018-07-12 00:00:00.000,0.0337510554868264,2219068164.2844553,129131123.1333374
2018-07-13 00:00:00.000,0.0324765619079804,2135272618.1716545,146321395.8385464
2018-07-14 00:00:00.000,0.0332359457691166,2185200673.055045,162718385.0413904
2018-07-15 00:00:00.000,0.0334158566881825,2197029476.247948,150262631.91885176
2018-07-16 00:00:00.000,0.0344843239335064,2267279179.9825273,160740953.99603084
2018-07-17 00:00:00.000,0.0371892498921865,2445122953.905286,215880116.2925074
2018-07-18 00:00:00.000,0.0395958545985587,2603352668.825226,226073770.64514816
2018-07-19 00:00:00.000,0.0395596696058479,2600973573.884605,289500115.30520874
2018-07-20 00:00:00.000,0.0378480192744655,2488435796.7996726,251118328.623662
2018-07-21 00:00:00.000,0.034908073850809,2295139936.854898,218715819.6129568
2018-07-22 00:00:00.000,0.0355592355871622,2337952591.395603,196749761.2822056
2018-07-23 00:00:00.000,0.0351544542932189,2311338985.689607,176969408.4120596
2018-07-24 00:00:00.000,0.0341725194282627,2246778622.5603476,190245566.5425967
2018-07-25 00:00:00.000,0.0380820049199444,2503819911.1419463,336012395.39311326
2018-07-26 00:00:00.000,0.0370621403607125,2436765742.2387877,217725410.06648865
2018-07-27 00:00:00.000,0.0359269049620621,2362126158.5049696,182428744.4904623
2018-07-28 00:00:00.000,0.0364589634075023,2397107996.5774336,197247050.26685137
2018-07-29 00:00:00.000,0.0368005632717437,2419567542.5894914,161212104.44881743
2018-07-30 00:00:00.000,0.0392619409415847,2581398476.4267087,276573663.02194065
2018-07-31 00:00:00.000,0.0365348585663433,2402097959.954229,219165795.1464621
2018-08-01 00:00:00.000,0.0338794112130203,2227507310.9005275,209771821.02628303
2018-08-02 00:00:00.000,0.0326703313510657,2148012593.149017,148301930.52177772
2018-08-03 00:00:00.000,0.0315025750642899,2071234822.431928,153600511.93591717
2018-08-04 00:00:00.000,0.0305475370424982,2008442875.949947,165593374.9210506
2018-08-05 00:00:00.000,0.0289177251269441,1901285820.165743,134458580.84483722
2018-08-06 00:00:00.000,0.0303157923236982,1993206098.305144,135010721.47473663
2018-08-07 00:00:00.000,0.0291847621586841,1918843000.7419355,130344941.97472867
2018-08-08 00:00:00.000,0.0277695836900441,1825797688.7881944,124044640.27898246
2018-08-09 00:00:00.000,0.0244504191230213,1607568886.2674513,154682804.63150063
2018-08-10 00:00:00.000,0.0258808729885483,1701618526.7211409,146368373.9720404
2018-08-11 00:00:00.000,0.023788624109224,1564057113.8142023,162149792.82429075
2018-08-12 00:00:00.000,0.0224412087406186,1475467097.7269452,123378619.8199051
2018-08-13 00:00:00.000,0.0225345849003541,1481606403.9022176,104902651.79174715
2018-08-14 00:00:00.000,0.019381047071782,1274267246.672528,126006674.16367052
2018-08-15 00:00:00.000,0.0189427361877113,1245449133.7314255,113106499.02867948
2018-08-16 00:00:00.000,0.019426817521476,1276171153.3370292,136200721.64945516
2018-08-17 00:00:00.000,0.0194670817124384,1280094412.2079866,104436023.45957749
2018-08-18 00:00:00.000,0.0232282042551012,1526017079.5302238,160619270.22231358
2018-08-19 00:00:00.000,0.0215973650135724,1418492384.0606954,141545589.19934717
2018-08-20 00:00:00.000,0.0222369445125249,1461363809.4900675,98945315.33634996
2018-08-21 00:00:00.000,0.0205304987486198,1349816560.4332974,96143267.1531526
2018-08-22 00:00:00.000,0.0210305008458796,1383066816.9444244,100172260.05032586
2018-08-23 00:00:00.000,0.0196810199725753,1294077866.5790467,95993215.84770924
2018-08-24 00:00:00.000,0.0207453195508924,1363765298.2089589,84341793.11838305
2018-08-25 00:00:00.000,0.0215843519462215,1418507720.8889165,91259422.29287954
2018-08-26 00:00:00.000,0.0224707646413972,1477232016.4742937,89929166.46459071
2018-08-27 00:00:00.000,0.0227911210376908,1496936782.9417863,98736548.08706206
2018-08-28 00:00:00.000,0.0245988662262384,1613796031.786938,110184196.9979681
2018-08-29 00:00:00.000,0.0269077486055259,1769595648.0930667,172150651.71790892
2018-08-30 00:00:00.000,0.0254419051802406,1672536743.4181716,143430983.26349205
2018-08-31 00:00:00.000,0.0247736991278425,1628752154.5606198,119638455.23649704
2018-09-01 00:00:00.000,0.0253043238702463,1664207198.359877,106731989.84351753
2018-09-02 00:00:00.000,0.0266688193992015,1752512493.869871,109715984.21550612
2018-09-03 00:00:00.000,0.0255779227854254,1683675787.590032,104969811.19359475
2018-09-04 00:00:00.000,0.0250439381389487,1646550201.1340115,92037392.73775724
2018-09-05 00:00:00.000,0.0252241159275703,1658458830.5694828,89042237.88182114
2018-09-06 00:00:00.000,0.0218696200666369,1437244248.1895308,146061002.48654807
2018-09-07 00:00:00.000,0.0215986089902429,1417612004.799073,136928199.2429272
2018-09-08 00:00:00.000,0.0205211829399987,1349268301.9953432,158287602.71870908
2018-09-09 00:00:00.000,0.0191709364799427,1260422635.068001,115247887.51117972
2018-09-10 00:00:00.000,0.0193831560592605,1275731225.6276908,163886983.44628435
2018-09-11 00:00:00.000,0.0193146720807628,1268659639.5222676,141161451.64046016
2018-09-12 00:00:00.000,0.0185201362916978,1217727716.8921075,140295668.44764048
2018-09-13 00:00:00.000,0.0181935883002442,1195261409.3207986,153774835.21567214
2018-09-14 00:00:00.000,0.0200180483809343,1320991099.7723532,164657402.24909803
2018-09-15 00:00:00.000,0.0198119933404597,1307597223.2894318,159466002.56161642
2018-09-16 00:00:00.000,0.0198552038108371,1305966262.141116,149466615.20677385
2018-09-17 00:00:00.000,0.0199516632937768,1311784185.7426867,131547673.23395604
2018-09-18 00:00:00.000,0.0184724448387853,1214725075.163457,149476262.26925868
2018-09-19 00:00:00.000,0.0193954038809467,1275104571.6613653,169818551.1805499
2018-09-20 00:00:00.000,0.0196882807428227,1293952365.4831536,127885555.872148
2018-09-21 00:00:00.000,0.0213315128568233,1402506688.8671725,140398941.93317664
2018-09-22 00:00:00.000,0.0250990238846288,1650213424.547102,295615381.5086773
2018-09-23 00:00:00.000,0.0233428489762865,1534748279.341612,164203398.5931781
2018-09-24 00:00:00.000,0.0238568610504669,1568769482.0246203,136855691.71591705
2018-09-25 00:00:00.000,0.0221136255556367,1453872139.0351455,108527697.61865528
2018-09-26 00:00:00.000,0.0212851268506659,1402299600.2946513,122866519.96755138
2018-09-27 00:00:00.000,0.0209335419539248,1378532898.2843146,95321434.48745167
2018-09-28 00:00:00.000,0.0225251071600975,1481644097.530758,120909875.6893403
2018-09-29 00:00:00.000,0.0219347749225572,1442740818.8418362,121875211.44583416
2018-09-30 00:00:00.000,0.0220629454996947,1450091926.4500656,126885035.14587475
2018-10-01 00:00:00.000,0.0221609307167225,1457076025.4933484,126179237.01791546
2018-10-02 00:00:00.000,0.0220812845512112,1452059011.6020317,119522578.24786808
2018-10-03 00:00:00.000,0.0220155541502587,1447475718.159726,117381870.56963529
2018-10-04 00:00:00.000,0.021628261607478,1423204856.7068822,121066823.43175247
2018-10-05 00:00:00.000,0.0228384189496417,1501659371.0732892,181976814.3716604
2018-10-06 00:00:00.000,0.0233070167505825,1532096345.68963,169518475.48762894
2018-10-07 00:00:00.000,0.0237477803125703,1561212565.969951,174293595.1154264
2018-10-08 00:00:00.000,0.0268580282075631,1765993903.995668,332866137.00680745
2018-10-09 00:00:00.000,0.0266840595543099,1754075920.096436,322535849.77948314
2018-10-10 00:00:00.000,0.0260556160686603,1716780003.0642755,197925392.3005551
2018-10-11 00:00:00.000,0.0253718940454643,1671349061.3200154,173717639.34304228
2018-10-12 00:00:00.000,0.0210847132855983,1389322885.084535,212699066.69460472
2018-10-13 00:00:00.000,0.0229142225488951,1512588537.6783717,210683079.66203073
2018-10-14 00:00:00.000,0.0238127668432899,1568736652.015941,165189218.8014577
2018-10-15 00:00:00.000,0.0238171589829538,1571206016.7718337,158993248.14115506
2018-10-16 00:00:00.000,0.0253568241198943,1669936064.2446947,236379489.5564223
2018-10-17 00:00:00.000,0.0246714664190276,1624996522.958051,117890607.91111644
2018-10-18 00:00:00.000,0.0246673981669851,1624929338.9328983,122375598.04383236
2018-10-19 00:00:00.000,0.0244857792191941,1613427366.4318557,125414404.99116452
2018-10-20 00:00:00.000,0.0242497104281734,1598577633.6273296,95276604.45943436
2018-10-21 00:00:00.000,0.0243856157947943,1606997349.320394,96243276.37150964
2018-10-22 00:00:00.000,0.0243763437593743,1606016300.262707,108777927.55055848
2018-10-23 00:00:00.000,0.0239751409695512,1578485681.0751183,93815098.31087583
2018-10-24 00:00:00.000,0.0235428255989442,1550291114.479024,98169584.88231578
2018-10-25 00:00:00.000,0.0235762752159561,1549558850.4162092,76988938.9795848
2018-10-26 00:00:00.000,0.0232433524780671,1527774203.1705296,76857279.87581816
2018-10-27 00:00:00.000,0.0237466309461086,1560368341.8886306,92944435.8566704
2018-10-28 00:00:00.000,0.0234248281822361,1541058009.2762976,90582181.55187476
2018-10-29 00:00:00.000,0.0235624943842151,1547980242.4111097,73681694.17469215
2018-10-30 00:00:00.000,0.0221257071411651,1455813925.1905758,100705641.16526169
2018-10-31 00:00:00.000,0.0222102331213501,1461161491.1213582,55954983.45689155
2018-11-01 00:00:00.000,0.0224040560345263,1474002805.7693253,47516077.4602771
2018-11-02 00:00:00.000,0.022397363119498,1476619375.1065595,81224575.54161952
2018-11-03 00:00:00.000,0.0229481033467378,1509733452.149058,99063422.7966628
2018-11-04 00:00:00.000,0.022727860484211,1495317814.6774564,84941623.25339456
2018-11-05 00:00:00.000,0.0231280571140731,1521090715.1210532,116804494.97547984
2018-11-06 00:00:00.000,0.0236161418344311,1510231901.105579,119776245.11136848
2018-11-07 00:00:00.000,0.024606840336281,1610459792.0279565,136945217.945951
2018-11-08 00:00:00.000,0.0241589218137452,1587945658.9485078,190577019.587695
2018-11-09 00:00:00.000,0.0233094750413811,1530190198.1317456,103321245.98806512
2018-11-10 00:00:00.000,0.0230661445246758,1517547132.4787116,72159200.74199438
2018-11-11 00:00:00.000,0.0230547432659828,1516846353.46621,71163160.8634248
2018-11-12 00:00:00.000,0.0229170891809749,1506487292.4743664,66781063.59692963
2018-11-13 00:00:00.000,0.022551806767945,1482194954.123427,84248880.98300818
2018-11-14 00:00:00.000,0.0221447303667951,1454937843.1253014,114645074.0165761
2018-11-15 00:00:00.000,0.0197211688438142,1289105113.3606596,172435258.63490912
2018-11-16 00:00:00.000,0.0192557678897548,1265312424.5257006,112493525.56552032
2018-11-17 00:00:00.000,0.0190055228365512,1245913004.160334,71480593.35515891
2018-11-18 00:00:00.000,0.0189979001929326,1248282681.9746213,64480449.19372773
2018-11-19 00:00:00.000,0.0189484978852176,1246066370.3587253,88273141.9502063
2018-11-20 00:00:00.000,0.015856878437976,1042497550.1291668,115257364.07049918
2018-11-21 00:00:00.000,0.0140041927939938,911102935.0946382,132278923.50568824
2018-11-22 00:00:00.000,0.0148027718051489,973811292.7574592,108507268.75090118
2018-11-23 00:00:00.000,0.0137654391325764,911866903.9018526,58957110.08073957
2018-11-24 00:00:00.000,0.0137867932795462,906371859.86557,65116709.5100699
2018-11-25 00:00:00.000,0.0126463819006387,831348611.0175073,70481358.27967219
2018-11-26 00:00:00.000,0.0124121624181221,816236121.2749351,85669643.9201108
2018-11-27 00:00:00.000,0.0118171699169046,780420739.4646164,77949624.64524677
2018-11-28 00:00:00.000,0.0119603617019658,786976427.208439,58141490.90534344
2018-11-29 00:00:00.000,0.0145978115002061,954193660.744017,158348005.94439125
2018-11-30 00:00:00.000,0.0157093444347012,1032836730.1363788,193441960.95467785
2018-12-01 00:00:00.000,0.0143874981790691,942162802.1191728,116015554.54098354
2018-12-02 00:00:00.000,0.0151831679508559,996749132.0558946,91996319.76149802
2018-12-03 00:00:00.000,0.01488616057202,973692999.3331512,65097505.62179786
2018-12-04 00:00:00.000,0.0138660053808112,908127013.323068,77228503.22328632
2018-12-05 00:00:00.000,0.0143425859757227,938958909.3081648,81571652.38926046
2018-12-06 00:00:00.000,0.0139795418340661,916436236.8263416,73288443.6541549
2018-12-07 00:00:00.000,0.01271775462938,828583943.5008113,81336409.74356587
2018-12-08 00:00:00.000,0.0131298843675009,858833713.4989401,103486391.81021836
2018-12-09 00:00:00.000,0.0132659377985252,877116429.205366,73046196.1828027
2018-12-10 00:00:00.000,0.0134282195506571,887068639.8657838,63293906.09660856
2018-12-11 00:00:00.000,0.0130948135378282,866232198.0525633,64001507.39928313
2018-12-12 00:00:00.000,0.0131631350916825,868903712.5593507,67115273.0517778
2018-12-13 00:00:00.000,0.0132200567857769,865907233.2113326,65840328.6278208
2018-12-14 00:00:00.000,0.0129931808334653,849916729.4360301,83174234.56886634
2018-12-15 00:00:00.000,0.0127150295264613,833388540.5970787,57260656.12907303
2018-12-16 00:00:00.000,0.0127109877172663,833295418.8441553,41299461.957849875
2018-12-17 00:00:00.000,0.0129499504293932,847259557.705748,48480731.95734214
2018-12-18 00:00:00.000,0.0141119587076534,925399405.3351676,77676343.84174351
2018-12-19 00:00:00.000,0.0146367549823553,962528051.696431,85801419.15499003
2018-12-20 00:00:00.000,0.0155111454216699,1017768970.4802804,152702286.0225966
2018-12-21 00:00:00.000,0.0170882257483361,1115117577.2198873,152320199.3669661
2018-12-22 00:00:00.000,0.0197716966930016,1297603434.6552668,308092633.56899846
2018-12-23 00:00:00.000,0.0206406215246817,1351692355.959984,208568279.068152
2018-12-24 00:00:00.000,0.0205935520356186,1348940352.7832892,126044805.06472008
2018-12-25 00:00:00.000,0.0208620793314075,1372773627.271713,181777886.4142792
2018-12-26 00:00:00.000,0.0194577838933806,1275141927.005564,129356801.4852795
2018-12-27 00:00:00.000,0.0200817974174156,1315620474.5334404,120885511.52637348
2018-12-28 00:00:00.000,0.0181815090598012,1194905410.1699202,94695558.07255732
2018-12-29 00:00:00.000,0.0203767060073101,1335620512.5274818,127072328.8362484
2018-12-30 00:00:00.000,0.0198773598999774,1305954531.6152742,90996003.15013842
2018-12-31 00:00:00.000,0.0196066293750949,1284441290.4648187,75015839.05726473
2019-01-01 00:00:00.000,0.0186052973362949,1219908618.1239524,66923561.12273487
2019-01-02 00:00:00.000,0.0192838454346583,1264376445.8052049,72101064.63623764
2019-01-03 00:00:00.000,0.0198372920685308,1300297560.2215447,96596672.45929196
2019-01-04 00:00:00.000,0.0197479226392944,1294662581.7414052,91321531.111707
2019-01-05 00:00:00.000,0.0212560424166025,1393197052.1182723,150367586.7970132
2019-01-06 00:00:00.000,0.0220100661188556,1441708602.4675488,213737819.08769804
2019-01-07 00:00:00.000,0.0226462627960486,1483149282.571106,153779539.5941366
2019-01-08 00:00:00.000,0.0231542727962414,1517013596.5401163,149237016.3131008
2019-01-09 00:00:00.000,0.0260140329839222,1706673632.13947,316642700.28202313
2019-01-10 00:00:00.000,0.0279472197685344,1829467002.9130228,281404959.8838086
2019-01-11 00:00:00.000,0.025630554841117,1686722516.9745998,951107554.5043002
2019-01-12 00:00:00.000,0.0248918838256588,1624693229.8480625,349294041.5663406
2019-01-13 00:00:00.000,0.0231305700945749,1516163483.0853038,225152767.7960159
2019-01-14 00:00:00.000,0.0210180197797282,1377692063.3045294,170981557.60003424
2019-01-15 00:00:00.000,0.0252761406892163,1657472967.3747046,429861863.7150416
2019-01-16 00:00:00.000,0.0243452067908458,1598024281.323738,243037256.1807503
2019-01-17 00:00:00.000,0.0248805166928662,1632525068.7400672,156321943.28780738
2019-01-18 00:00:00.000,0.0249517217815894,1637600515.092165,174124147.07749024
2019-01-19 00:00:00.000,0.0244508971692482,1603667629.6187296,123869984.405976
2019-01-20 00:00:00.000,0.0242155637165569,1587423512.5003605,129121231.92029892
2019-01-21 00:00:00.000,0.0235352533829182,1541548359.3858778,110086952.12312289
2019-01-22 00:00:00.000,0.025311895539335,1654286771.4729545,191499430.8337289
2019-01-23 00:00:00.000,0.0262273618146303,1718507417.1458144,233125724.51297393
2019-01-24 00:00:00.000,0.0262655390135733,1716280909.470994,156475317.35098997
2019-01-25 00:00:00.000,0.0266652878795047,1748348277.558286,126945752.1690125
2019-01-26 00:00:00.000,0.0265150591427859,1738012758.6662052,126142869.06237644
2019-01-27 00:00:00.000,0.0284082266848607,1862106366.1780732,210100880.93032244
2019-01-28 00:00:00.000,0.0290964974764555,1906112153.5273976,320892001.8185643
2019-01-29 00:00:00.000,0.0266615072934333,1747612162.2706854,423976622.21112496
2019-01-30 00:00:00.000,0.0270545503555535,1773908655.9854002,213717899.24917087
2019-01-31 00:00:00.000,0.0270887482043913,1775617008.5080826,188530546.99498335
2019-02-01 00:00:00.000,0.0253085722176916,1658929787.0731268,178424366.40179226
2019-02-02 00:00:00.000,0.0261685888948523,1718374798.835996,189367356.23457333
2019-02-03 00:00:00.000,0.0259140227012899,1689534924.0722375,138210463.6639566
2019-02-04 00:00:00.000,0.0253885544415749,1664172472.930514,102542204.85794096
2019-02-05 00:00:00.000,0.0268838166219286,1759241153.4552393,272368243.2253483
2019-02-06 00:00:00.000,0.0261573172771841,1714563445.452281,164338579.73938283
2019-02-07 00:00:00.000,0.0255391784917914,1674317076.2383473,138072420.4882951
2019-02-08 00:00:00.000,0.0256635135240834,1682195528.8451717,95131747.15693109
2019-02-09 00:00:00.000,0.0267934431441252,1756260311.6333978,161674159.1846831
2019-02-10 00:00:00.000,0.0262637991601314,1721543134.6218452,130695560.27516222
2019-02-11 00:00:00.000,0.025838267478118,1690885440.56506,153602207.15727982
2019-02-12 00:00:00.000,0.0246230273137274,1610879930.7668142,158466956.25755292
2019-02-13 00:00:00.000,0.0244086762169138,1600973134.6363564,102115104.35919674
2019-02-14 00:00:00.000,0.0240977007534621,1579559417.1032643,107423883.36448713
2019-02-15 00:00:00.000,0.0233174488144565,1528634703.1237426,94421512.07888216
2019-02-16 00:00:00.000,0.023692727780821,1553014192.762069,93981332.18112984
2019-02-17 00:00:00.000,0.0235636523552004,1544553538.936983,77323266.8352439
2019-02-18 00:00:00.000,0.023803314663101,1559862263.7959275,95990297.7088166
2019-02-19 00:00:00.000,0.0247558402775347,1623598271.8297946,172450935.22956368
2019-02-20 00:00:00.000,0.0248430604882431,1628416359.9397595,150969103.15228477
2019-02-21 00:00:00.000,0.0251027066163485,1645435680.204342,120708159.43441932
2019-02-22 00:00:00.000,0.0246852154945097,1618069914.4906714,127528107.18071322
2019-02-23 00:00:00.000,0.0249781851027757,1637273526.8351035,106187051.0484523
2019-02-24 00:00:00.000,0.0252644423933492,1656037159.252389,146711255.37388545
2019-02-25 00:00:00.000,0.0237824932411781,1558185742.568507,341851317.7839188
2019-02-26 00:00:00.000,0.0240946351205934,1579358470.5765886,184525907.25902757
2019-02-27 00:00:00.000,0.0240763466001521,1578159692.1128898,154834699.4462562
2019-02-28 00:00:00.000,0.0239271754799523,1568381802.9241216,149238715.49978778
2019-03-01 00:00:00.000,0.0236574699625774,1550692005.1889772,143949535.5643166
2019-03-02 00:00:00.000,0.0235113419474919,1541016108.721321,90165211.19531389
2019-03-03 00:00:00.000,0.0227109511664242,1488660563.6491604,146421367.68934488
2019-03-04 00:00:00.000,0.0224707902227534,1472679850.1718628,107017769.78669187
2019-03-05 00:00:00.000,0.0227027856698017,1488125330.5488195,228390647.6977401
2019-03-06 00:00:00.000,0.0237391041023083,1556712535.4125135,231318511.78849435
2019-03-07 00:00:00.000,0.0232102240137395,1521129598.1911771,158457965.31005213
2019-03-08 00:00:00.000,0.0229744422835061,1505295096.7817807,141709032.63056716
2019-03-09 00:00:00.000,0.0223623543699659,1466748098.3901076,156712428.0619152
2019-03-10 00:00:00.000,0.0228116393392822,1496436066.5121872,158026382.28983185
2019-03-11 00:00:00.000,0.0229555069451696,1503331229.6557894,151424208.1219948
2019-03-12 00:00:00.000,0.0220612872650742,1446609544.1979425,136786388.1163289
2019-03-13 00:00:00.000,0.0222542352750117,1460221885.5543296,103683137.66954324
2019-03-14 00:00:00.000,0.0222655807145115,1459235747.8463151,99317278.60421208
2019-03-15 00:00:00.000,0.0224130196930574,1469920573.717525,146727994.10583922
2019-03-16 00:00:00.000,0.0229455272187799,1503021183.8149123,140494787.45473942
2019-03-17 00:00:00.000,0.0231769976080721,1519733633.6135783,196114559.08513236
2019-03-18 00:00:00.000,0.0229229849002074,1502310183.7148347,154882243.19758102
2019-03-19 00:00:00.000,0.022791192328692,1494806040.7930217,170423987.48886123
2019-03-20 00:00:00.000,0.0227864458894919,1493265751.544737,152668468.57930654
2019-03-21 00:00:00.000,0.0228517184454436,1497813672.0037389,157096296.61916602
2019-03-22 00:00:00.000,0.0222151357483045,1456232343.3576157,165754649.671577
2019-03-23 00:00:00.000,0.0225600269005284,1478785053.0144444,155143985.26547843
2019-03-24 00:00:00.000,0.0242583029108237,1590031233.8208811,328690182.20308673
2019-03-25 00:00:00.000,0.0232542776035335,1525184756.2340133,238130401.4031692
2019-03-26 00:00:00.000,0.0225668295562033,1479886047.14386,227966577.069687
2019-03-27 00:00:00.000,0.0223856288586415,1487052529.5514448,198124319.63578627
2019-03-28 00:00:00.000,0.0233545243331176,1554437648.2473023,219293136.4054142
2019-03-29 00:00:00.000,0.0231430490065333,1538538236.9797597,209836478.94945404
2019-03-30 00:00:00.000,0.0233397312661902,1553573796.5861423,250097233.4943679
2019-03-31 00:00:00.000,0.0232662168785974,1546912950.947333,209456690.07076213
2019-04-01 00:00:00.000,0.0235265163494643,1564123250.932082,175094518.21968907
2019-04-02 00:00:00.000,0.0242109561050652,1609719716.0667274,296888846.6801295
2019-04-03 00:00:00.000,0.0267659388236271,1788667564.618652,586964874.1663953
2019-04-04 00:00:00.000,0.0260625393682617,1747897484.162684,568637485.2347119
2019-04-05 00:00:00.000,0.0258806333137825,1723175092.1593664,381726217.1487813
2019-04-06 00:00:00.000,0.0271201529965154,1801859182.177595,392593663.77643144
2019-04-07 00:00:00.000,0.0267705164287277,1780675778.4418137,346327298.24636996
2019-04-08 00:00:00.000,0.0287690612188249,1904740848.570758,489546514.06862766
2019-04-09 00:00:00.000,0.0306848623108854,2041053822.102476,693207035.5891588
2019-04-10 00:00:00.000,0.0299072345566618,1987081573.3487277,526419143.71864784
2019-04-11 00:00:00.000,0.0300502281632751,1999230288.861771,518701290.97836626
2019-04-12 00:00:00.000,0.0266828911915883,1775973524.3545768,582720213.4986637
2019-04-13 00:00:00.000,0.0264937124219081,1760624800.1856875,405744465.9792007
2019-04-14 00:00:00.000,0.0262314847089105,1743639301.696934,359209175.3344545
2019-04-15 00:00:00.000,0.026966391594655,1792447168.4728167,373511883.2188496
2019-04-16 00:00:00.000,0.0263967644010129,1751840124.308669,409800570.5685839
2019-04-17 00:00:00.000,0.0269106927598926,1787152946.38226,350597857.1665083
2019-04-18 00:00:00.000,0.026669772225389,1774077726.8859627,373857875.96195143
2019-04-19 00:00:00.000,0.026903139596792,1788568419.090308,394762159.6676188
2019-04-20 00:00:00.000,0.0264326640924112,1757901288.2111206,421350881.2461427
2019-04-21 00:00:00.000,0.0261067310085034,1735873596.129898,419615548.25168985
2019-04-22 00:00:00.000,0.0250406274425719,1663835315.814273,462118657.0495477
2019-04-23 00:00:00.000,0.0250871393040922,1668951330.8792183,426461684.97239786
2019-04-24 00:00:00.000,0.0243530827734159,1619634278.7910686,399826481.3597338
2019-04-25 00:00:00.000,0.0233693876709655,1551168199.74011,425388459.0418109
2019-04-26 00:00:00.000,0.0230562602568411,1532207032.4039762,508862699.17566454
2019-04-27 00:00:00.000,0.0240030344043398,1586043241.456097,545565980.2125534
2019-04-28 00:00:00.000,0.0236788286888538,1559243397.9544356,408057155.10652775
2019-04-29 00:00:00.000,0.0235333564650089,1551008347.7297585,410285136.4408668
2019-04-30 00:00:00.000,0.0226910944516408,1502920446.1584723,502653315.62825674
2019-05-01 00:00:00.000,0.0238650795822278,1575016803.35697,532639352.8163211
2019-05-02 00:00:00.000,0.0237265934609522,1563408472.3800533,503710959.83475107
2019-05-03 00:00:00.000,0.0234361739804503,1549043009.5618787,525871275.5183006
2019-05-04 00:00:00.000,0.0239173678598208,1576582263.253246,602255053.8476703
2019-05-05 00:00:00.000,0.0232185745197828,1530822770.0223885,560305190.0110704
2019-05-06 00:00:00.000,0.0233216269702014,1538379390.3467054,548093956.4131542
2019-05-07 00:00:00.000,0.0238333281818362,1574125758.464067,574137273.4971795
2019-05-08 00:00:00.000,0.0239585382966115,1591447421.1437798,563155374.1453363
2019-05-09 00:00:00.000,0.0245507618825045,1617662801.8935337,642639855.4200685
2019-05-10 00:00:00.000,0.0234277841225141,1546126722.8117478,553818457.9409964
2019-05-11 00:00:00.000,0.0235055971068696,1547872587.4419825,583460503.0346495
2019-05-12 00:00:00.000,0.0256129286997598,1714553939.4382763,785117450.9788992
2019-05-13 00:00:00.000,0.023800529340082,1566562597.6434417,711754328.2029972
2019-05-14 00:00:00.000,0.02457025128859,1621066154.0301812,688632630.1454859
2019-05-15 00:00:00.000,0.0276371352682027,1822286360.87122,959201610.3004982
2019-05-16 00:00:00.000,0.0314117197515929,2069789047.8293593,1063236695.9190228
2019-05-17 00:00:00.000,0.0287692250130585,1895755023.7391045,1250104872.7864015
2019-05-18 00:00:00.000,0.0273868589659879,1807842706.6303344,986999138.6014568
2019-05-19 00:00:00.000,0.0269303134102337,1775564802.769114,723247629.1085446
2019-05-20 00:00:00.000,0.0284897529378376,1880036585.9295464,763434924.7927139
2019-05-21 00:00:00.000,0.0278951879438378,1839030286.2578168,735827548.8320714
2019-05-22 00:00:00.000,0.0288116677741652,1900780464.3817637,854368187.9482607
2019-05-23 00:00:00.000,0.0271696568262723,1794686228.3213809,813542522.1877607
2019-05-24 00:00:00.000,0.0271803903974771,1794112873.250745,780054932.2105823
2019-05-25 00:00:00.000,0.0278534280365286,1837335075.655851,871016360.8626758
2019-05-26 00:00:00.000,0.0279513282774635,1845210275.1102004,762042408.7513726
2019-05-27 00:00:00.000,0.0311157241080271,2050879406.1351123,1225461806.735644
2019-05-28 00:00:00.000,0.0352200652667936,2335234762.119259,1754654078.6043406
2019-05-29 00:00:00.000,0.0345444620016381,2275496147.3005004,1324935627.4832191
2019-05-30 00:00:00.000,0.0337432878420513,2223489627.968832,1144659532.421792
2019-05-31 00:00:00.000,0.0314160229476456,2072421718.4894776,1258441218.607134
2019-06-01 00:00:00.000,0.0328558350374176,2170312507.896105,1066279713.2069348
2019-06-02 00:00:00.000,0.0373366305293239,2461034769.796075,1829660459.970345
2019-06-03 00:00:00.000,0.0386006961399971,2553274426.3310375,1620476447.9219096
2019-06-04 00:00:00.000,0.0343178841582624,2265153336.811886,1795179150.7404764
2019-06-05 00:00:00.000,0.0348180451727358,2292109085.269763,1525517180.3322122
2019-06-06 00:00:00.000,0.0341425736654553,2255730215.0809593,1220709092.8888645
2019-06-07 00:00:00.000,0.0327189799890544,2165167181.0066843,1023841703.6887178
2019-06-08 00:00:00.000,0.0338446889580396,2237079913.5808883,915529189.115171
2019-06-09 00:00:00.000,0.0324865420315087,2143525904.138829,813756076.1211908
2019-06-10 00:00:00.000,0.0299476948854566,1977259247.5691688,853184451.1795936
2019-06-11 00:00:00.000,0.0317117285563756,2093796330.53015,1027385462.763386
2019-06-12 00:00:00.000,0.0312532439591976,2063434277.8396776,971059844.7988752
2019-06-13 00:00:00.000,0.0335620728211219,2203594921.1606927,990464465.2443484
2019-06-14 00:00:00.000,0.0326255023842573,2151413711.5082016,897987620.4387239
2019-06-15 00:00:00.000,0.0320440754139967,2121402969.5579555,916745471.4964126
2019-06-16 00:00:00.000,0.0326863097220768,2157959747.4877987,832558213.6648686
2019-06-17 00:00:00.000,0.0328562189578475,2180424565.471653,934245702.7346292
2019-06-18 00:00:00.000,0.0338161088941522,2234966262.1081963,938798120.3768656
2019-06-19 00:00:00.000,0.0330277783072421,2182610784.5237784,849659551.1639
2019-06-20 00:00:00.000,0.0333858281703718,2206475288.60832,809136361.0791097
2019-06-21 00:00:00.000,0.032781195123579,2169479954.444879,823037810.2324644
2019-06-22 00:00:00.000,0.0332467557578632,2196403825.480544,790695993.5355769
2019-06-23 00:00:00.000,0.0372760033330553,2462531421.945496,1298149600.4948742
2019-06-24 00:00:00.000,0.0373558288056022,2470092149.913646,1106378415.4520674
2019-06-25 00:00:00.000,0.0384724991417216,2538140856.731501,1223730085.93132
2019-06-26 00:00:00.000,0.0385724548970423,2549065861.509341,1323085357.3469155
2019-06-27 00:00:00.000,0.0367406730296332,2434202662.9255886,1807699112.1794348
2019-06-28 00:00:00.000,0.0325599930658154,2152075512.8746696,1667328780.0188053
2019-06-29 00:00:00.000,0.0337189993368614,2227491446.8312902,1513810339.8089752
2019-06-30 00:00:00.000,0.0353222367690729,2340376280.5873437,1371868951.3707645
2019-07-01 00:00:00.000,0.0321200993211977,2131420637.963612,1322303169.7258568
2019-07-02 00:00:00.000,0.0327675367776808,2165158505.672335,1294948382.269056
2019-07-03 00:00:00.000,0.0319595262726064,2113784242.6165123,1259828180.3003278
2019-07-04 00:00:00.000,0.0329776569063572,2181963357.828323,1026689074.4171134
2019-07-05 00:00:00.000,0.0314135185200578,2071284361.7748656,990528469.1574296
2019-07-06 00:00:00.000,0.0318296859039693,2105640582.3366225,1162948979.0293076
2019-07-07 00:00:00.000,0.0322002693558608,2134130257.5381837,934737815.1662196
2019-07-08 00:00:00.000,0.0349401185962305,2320911847.7137847,1084432634.8278992
2019-07-09 00:00:00.000,0.034020263098829,2250128862.742053,1186891737.6624048
2019-07-10 00:00:00.000,0.0343448638142977,2270406969.9695544,1165651177.7083435
2019-07-11 00:00:00.000,0.0321426310126751,2128904316.1294377,1143908607.5452332
2019-07-12 00:00:00.000,0.0280662268573273,1854799557.5357935,1085818217.7167652
2019-07-13 00:00:00.000,0.029574468914524,1958138182.7348096,893023567.3162485
2019-07-14 00:00:00.000,0.0284875563837548,1882890267.1507063,761102094.4155518
2019-07-15 00:00:00.000,0.0252111192203254,1671386264.3549256,839632749.8973277
2019-07-16 00:00:00.000,0.0253403358720534,1680085061.0728452,935105185.0182828
2019-07-17 00:00:00.000,0.0215051163874651,1426235277.777935,806416544.578465
2019-07-18 00:00:00.000,0.0227282489516039,1505639211.7217877,872585314.4930663
2019-07-19 00:00:00.000,0.0257037883482523,1710956847.638386,970924742.4442018
2019-07-20 00:00:00.000,0.0279129154123991,1846160540.708724,929254250.4421806
2019-07-21 00:00:00.000,0.0290475018278562,1920183247.6290395,919283692.030482
2019-07-22 00:00:00.000,0.0292780217701681,1939608066.9010043,871026234.8206414
2019-07-23 00:00:00.000,0.0266053471794387,1759118392.0110583,929414144.1953384
2019-07-24 00:00:00.000,0.0244938601163259,1600980216.0124962,1440979126.912772
2019-07-25 00:00:00.000,0.023868474151604,1583623603.22974,1061772841.9723728
2019-07-26 00:00:00.000,0.0229681246145124,1521190455.0362103,782899449.3796786
2019-07-27 00:00:00.000,0.0232227813677564,1536351325.1243894,674760085.4200486
2019-07-28 00:00:00.000,0.0219289103989328,1450325829.0378382,650851207.9685444
2019-07-29 00:00:00.000,0.0223252988446213,1478901338.216622,601813797.6585356
2019-07-30 00:00:00.000,0.022042089713845,1453132601.8727877,617387330.0739223
2019-07-31 00:00:00.000,0.0220717336824324,1459047096.902544,578398569.1770207
2019-08-01 00:00:00.000,0.0224232688133327,1481667779.050775,696611781.6699897
2019-08-02 00:00:00.000,0.0220510899658539,1459619049.684118,615519066.2892909
2019-08-03 00:00:00.000,0.021785489820148,1441479926.131915,553973807.4989493
2019-08-04 00:00:00.000,0.0217607809816409,1438886110.4156508,575821833.1195205
2019-08-05 00:00:00.000,0.0222666688146714,1472925244.118085,601631811.9576448
2019-08-06 00:00:00.000,0.0228568582675792,1511863306.015458,683021238.6764102
2019-08-07 00:00:00.000,0.0217844652184992,1437240605.516293,676559072.4134285
2019-08-08 00:00:00.000,0.0216530350697028,1433743884.6928604,647780776.735497
2019-08-09 00:00:00.000,0.0220049703673039,1453097000.2830002,671050812.6248006
2019-08-10 00:00:00.000,0.0197223564229914,1302486004.544251,663564433.6362877
2019-08-11 00:00:00.000,0.0204247062757888,1353018120.114562,700163448.8158278
2019-08-12 00:00:00.000,0.0207622994171651,1371867839.183279,657789858.0950018
2019-08-13 00:00:00.000,0.020686809278004,1368902421.60532,598756038.4374366
2019-08-14 00:00:00.000,0.0203835562690808,1348289433.7599597,587363673.196551
2019-08-15 00:00:00.000,0.0177083642974114,1168794452.97154,629858120.5018867
2019-08-16 00:00:00.000,0.0175537666240569,1160012736.3643851,730405850.6472362
2019-08-17 00:00:00.000,0.0169141443589074,1116754763.0119538,596896366.8085277
2019-08-18 00:00:00.000,0.0169074245019073,1118362913.9475608,490564956.5318888
2019-08-19 00:00:00.000,0.017739858068057,1172867853.0381331,525199935.3022409
2019-08-20 00:00:00.000,0.0179988416265544,1189120242.6744902,541141677.4561111
2019-08-21 00:00:00.000,0.0175228870656505,1159115825.144985,496945218.38850904
2019-08-22 00:00:00.000,0.016776823296828,1109849203.371522,494766741.6626549
2019-08-23 00:00:00.000,0.0174929431830877,1156366644.287696,552040081.5683681
2019-08-24 00:00:00.000,0.0180011703841391,1191287452.6194415,517080188.2317632
2019-08-25 00:00:00.000,0.0177964228589544,1177146557.7205894,517448250.60079587
2019-08-26 00:00:00.000,0.0176315497702877,1166154799.8550515,506927392.9362882
2019-08-27 00:00:00.000,0.0176939677094456,1171033400.432097,513790654.7358427
2019-08-28 00:00:00.000,0.0176235496194265,1167209866.7023716,482520418.7922921
2019-08-29 00:00:00.000,0.0160181849840077,1059444607.5365174,548310560.4411904
2019-08-30 00:00:00.000,0.0154535162298746,1023448149.6265304,534533336.82881045
2019-08-31 00:00:00.000,0.0156160128709925,1032846720.8704728,492613584.16669047
2019-09-01 00:00:00.000,0.0155254685079794,1024664148.302312,523327428.94360536
2019-09-02 00:00:00.000,0.0155559134492825,1028786857.8735288,471717369.5747079
2019-09-03 00:00:00.000,0.0158683473229677,1049536180.1734502,530156535.6013022
2019-09-04 00:00:00.000,0.015939516100441,1054243299.6570796,495799859.71673113
2019-09-05 00:00:00.000,0.0155406808019473,1027390089.3716468,471859607.6940149
2019-09-06 00:00:00.000,0.0149593818569681,989489986.5865208,497106344.335381
2019-09-07 00:00:00.000,0.0142425917759282,942431590.8107792,524235667.5496322
2019-09-08 00:00:00.000,0.015396532613079,1018330245.5989368,572784172.653527
2019-09-09 00:00:00.000,0.0157263613747227,1039194976.4784256,626136198.4587115
2019-09-10 00:00:00.000,0.0157131611601169,1040663787.6253928,782462500.3096869
2019-09-11 00:00:00.000,0.0156177220122104,1032456792.1437165,634287292.3479964
2019-09-12 00:00:00.000,0.0149012807966101,984845905.0622282,616234709.4279649
2019-09-13 00:00:00.000,0.0148607933373978,982811247.5704848,588942495.2215495
2019-09-14 00:00:00.000,0.0154939939939421,1025091971.7872849,582957032.3906358
2019-09-15 00:00:00.000,0.0158081984145854,1045540122.5787928,638690135.6556286
2019-09-16 00:00:00.000,0.0155314159429601,1027177556.435034,618551935.8440981
2019-09-17 00:00:00.000,0.0156480429747214,1035135403.3493,588196139.8652273
2019-09-18 00:00:00.000,0.016749057251114,1108571575.4311657,743816611.5426586
2019-09-19 00:00:00.000,0.0179271535017614,1185959095.6181605,949084158.0847894
2019-09-20 00:00:00.000,0.0176197141320305,1163546132.7573056,876870131.380341
2019-09-21 00:00:00.000,0.0173634052952287,1147784953.4238963,707686302.7478132
2019-09-22 00:00:00.000,0.0181545451451445,1201447867.341085,739665646.0547689
2019-09-23 00:00:00.000,0.0169248104587199,1120196821.6662424,742595210.3547574
2019-09-24 00:00:00.000,0.0160714320332391,1065504387.481572,701121171.1867217
2019-09-25 00:00:00.000,0.0129272600854188,865318886.9285918,847594898.7306024
2019-09-26 00:00:00.000,0.013227766510765,874913449.7416002,799753593.4536685
2019-09-27 00:00:00.000,0.0128622531178973,850802094.8238356,673127255.9829208
2019-09-28 00:00:00.000,0.013638830056515,902715928.3519186,785853993.263033
2019-09-29 00:00:00.000,0.0136001315396084,899515861.0674729,618244628.6372488
2019-09-30 00:00:00.000,0.013311980352813,881046511.3977369,556845172.2511382
2019-10-01 00:00:00.000,0.0144386094145834,955244534.9907774,741223555.525119
2019-10-02 00:00:00.000,0.0143884057063315,951040692.2232592,623459667.6925409
2019-10-03 00:00:00.000,0.0143917760792072,951875414.9161062,623573561.0871695
2019-10-04 00:00:00.000,0.0145534109866387,962789002.8960972,650789911.6305314
2019-10-05 00:00:00.000,0.0145393070704234,961805912.8385746,649974208.5211589
2019-10-06 00:00:00.000,0.0150738983000392,993088529.8236108,687165689.2927694
2019-10-07 00:00:00.000,0.0145572284062448,963054821.4870768,728730458.3520228
2019-10-08 00:00:00.000,0.0161849005198648,1073753104.710881,886760456.6615942
2019-10-09 00:00:00.000,0.0169518682566391,1120896196.0748696,854704761.3380607
2019-10-10 00:00:00.000,0.0168993408651454,1117683515.1000023,883691387.8941183
2019-10-11 00:00:00.000,0.0162637254041622,1075744462.5190914,749575519.1780027
2019-10-12 00:00:00.000,0.015780086750675,1043698605.407873,727519936.4495975
2019-10-13 00:00:00.000,0.0156621876141534,1035900729.1153892,621775068.6827253
2019-10-14 00:00:00.000,0.0160904269532233,1063484429.1888078,675489474.4179364
2019-10-15 00:00:00.000,0.0166853800303026,1101605212.9254775,694450161.2107542
2019-10-16 00:00:00.000,0.0156947824934653,1038386222.0974214,704780746.2326463
2019-10-17 00:00:00.000,0.0152437815153183,1005596610.0768344,708588114.240016
2019-10-18 00:00:00.000,0.0154180697918259,1019964638.5351688,732308445.8696871
2019-10-19 00:00:00.000,0.015360783326561,1015941333.0496826,713264283.7088251
2019-10-20 00:00:00.000,0.0154594440125286,1023304774.3019712,711662510.7628181
2019-10-21 00:00:00.000,0.0155282828158684,1025976442.14099,597494926.0818386
2019-10-22 00:00:00.000,0.0155368323589222,1029938633.0066437,733870051.5097814
2019-10-23 00:00:00.000,0.0151338051023898,1000703560.3124486,693787238.9754614
2019-10-24 00:00:00.000,0.0143228772534996,946931693.8935424,675088146.2389113
2019-10-25 00:00:00.000,0.0151406071250458,1002280020.5756396,758538581.1775993
2019-10-26 00:00:00.000,0.0175756272877297,1158510533.2985718,1098054304.1380188
2019-10-27 00:00:00.000,0.0166210849430562,1096601196.62803,1389943273.094624
2019-10-28 00:00:00.000,0.0190297533785609,1258632311.4865098,1677726975.8842545
2019-10-29 00:00:00.000,0.0201014902820737,1331362523.1928911,2260581208.2313204
2019-10-30 00:00:00.000,0.0219326676563547,1452537763.604729,1959049265.7181191
2019-10-31 00:00:00.000,0.0200347374942285,1325102194.4822052,1552303746.5196433
2019-11-01 00:00:00.000,0.0198315868889803,1312945235.216223,1121663892.7969816
2019-11-02 00:00:00.000,0.0196358118277966,1298717158.1833067,869412652.1134677
2019-11-03 00:00:00.000,0.0198992191109647,1316030654.096253,857593702.2631843
2019-11-04 00:00:00.000,0.0196793448495735,1300184618.5085912,853486074.8658792
2019-11-05 00:00:00.000,0.0197597498034072,1306914444.6967263,962886443.6154456
2019-11-06 00:00:00.000,0.0197598578882245,1306933462.5219862,887671167.5310107
2019-11-07 00:00:00.000,0.02014700302619,1331253205.4567585,1018153592.8264604
2019-11-08 00:00:00.000,0.0195457758896749,1292913174.0345218,1020688249.615457
2019-11-09 00:00:00.000,0.0187811881562499,1242192149.9095893,1278668604.6784058
2019-11-10 00:00:00.000,0.0189593152194709,1254136863.320048,1140239166.5334134
2019-11-11 00:00:00.000,0.0193658431977826,1280861370.246179,1207639401.8139644
2019-11-12 00:00:00.000,0.0190781547136765,1259547060.1745791,977777770.6191648
2019-11-13 00:00:00.000,0.019575540499965,1295133216.6159823,970897979.8149734
2019-11-14 00:00:00.000,0.0200525564496407,1326698659.7417655,949060137.5409858
2019-11-15 00:00:00.000,0.0193954945751471,1286111459.8277926,1005301217.3440714
2019-11-16 00:00:00.000,0.0186387531644739,1231443733.3125968,983889686.1841322
2019-11-17 00:00:00.000,0.0187072516979501,1237224788.74758,915096096.7202342
2019-11-18 00:00:00.000,0.018797241190685,1241922932.6256647,852968440.908937
2019-11-19 00:00:00.000,0.0172020608437288,1138039292.8442905,953148483.0065104
2019-11-20 00:00:00.000,0.0169360730912259,1118361263.1590369,1057416621.7089152
2019-11-21 00:00:00.000,0.0165788880375184,1096598712.8831992,1018144634.1096516
2019-11-22 00:00:00.000,0.0153994355567507,1019575920.0853622,1149497317.1149695
2019-11-23 00:00:00.000,0.0144719617357851,958913844.8602992,1341014461.307362
2019-11-24 00:00:00.000,0.0150532549233284,995388481.0987326,1111162982.3735423
2019-11-25 00:00:00.000,0.0137495457858388,919996502.2769943,1026814042.7757032
2019-11-26 00:00:00.000,0.0142785118061049,942314143.7198718,1220475881.424493
2019-11-27 00:00:00.000,0.0152607914993562,1013675288.543524,1182738602.7971566
2019-11-28 00:00:00.000,0.0160434295776775,1064569103.5260944,2009537345.6527684
2019-11-29 00:00:00.000,0.0158772001432505,1048635470.6586502,1208019312.5370452
2019-11-30 00:00:00.000,0.0161350444437947,1064891586.490146,1164265204.3680444
2019-12-01 00:00:00.000,0.0154785354411152,1023874688.4780912,1042998945.57254
2019-12-02 00:00:00.000,0.0159648308211728,1055422875.862342,1191111250.98652
2019-12-03 00:00:00.000,0.0152297370842209,1007543758.9939436,1002795931.0004514
2019-12-04 00:00:00.000,0.015188019084958,1005170199.529663,799360427.8324064
2019-12-05 00:00:00.000,0.0143283669999447,946687551.6638432,984960308.883916
2019-12-06 00:00:00.000,0.0144922072644067,960143660.7227015,1008889142.6006502
2019-12-07 00:00:00.000,0.014682652432642,968521241.73361,990832158.97091
2019-12-08 00:00:00.000,0.014463147574383,957138004.9467366,879447206.2858312
2019-12-09 00:00:00.000,0.0145693127100755,964897375.5452116,866217206.4845668
2019-12-10 00:00:00.000,0.0143201154739266,947216740.664319,906361814.3281808
2019-12-11 00:00:00.000,0.0140858566876274,931792380.0577588,893421227.0391597
2019-12-12 00:00:00.000,0.0141494736061234,935920044.8042904,911118669.7707698
2019-12-13 00:00:00.000,0.0138054321843894,914504837.3835104,993613807.330264
2019-12-14 00:00:00.000,0.0140671577587387,930328367.7109668,952243289.265482
2019-12-15 00:00:00.000,0.0138386062076626,917157507.7210004,938893565.3306428
2019-12-16 00:00:00.000,0.0139486582540456,922575236.0907316,1003812485.9439732
2019-12-17 00:00:00.000,0.0134467176121186,888673910.7281454,1076962907.087565
2019-12-18 00:00:00.000,0.0124479709844991,824941075.2106314,1080934655.349534
2019-12-19 00:00:00.000,0.0133597569827248,879977763.1034249,1257878094.6147642
2019-12-20 00:00:00.000,0.0129854061433639,858341203.9108585,1180467393.465756
2019-12-21 00:00:00.000,0.0133826928014724,884928006.4576335,1203221345.297061
2019-12-22 00:00:00.000,0.0135293053195492,890863407.9406011,1088437937.3840015
2019-12-23 00:00:00.000,0.0148609147989956,984571422.8112928,1402241031.7986245
2019-12-24 00:00:00.000,0.0138089128524828,913454895.5667822,1316575613.79647
2019-12-25 00:00:00.000,0.0135152439883129,891861406.8992974,1245391181.4338908
2019-12-26 00:00:00.000,0.0132019264856184,875048414.9027693,1116752792.3570657
2019-12-27 00:00:00.000,0.0133784046826628,885002771.9733435,1162718759.8842356
2019-12-28 00:00:00.000,0.0131972458274695,872775962.3775734,1173065543.533126
2019-12-29 00:00:00.000,0.0134908071696485,895818825.8776888,1220693115.0434008
2019-12-30 00:00:00.000,0.0136881235369464,907576377.3534304,1149494629.4639616
2019-12-31 00:00:00.000,0.0133056108728932,877037589.238128,1242913318.1221108
2020-01-01 00:00:00.000,0.0132945183729675,877119319.2128769,1134528758.7914605
2020-01-02 00:00:00.000,0.0131994331858846,872350811.2704538,1032624900.678792
2020-01-03 00:00:00.000,0.0128447187883148,848482044.8384998,1056549453.910546
2020-01-04 00:00:00.000,0.013370840281101,885589787.8265793,1168793810.913539
2020-01-05 00:00:00.000,0.0134376031396109,888326322.150211,1033957595.3443716
2020-01-06 00:00:00.000,0.0135118600781251,893369823.3418518,1138776202.638369
2020-01-07 00:00:00.000,0.014470647426265,955193949.4867892,1286051294.0481205
2020-01-08 00:00:00.000,0.0143611515465195,950130926.7712008,1232245487.9254518
2020-01-09 00:00:00.000,0.0139601373573569,923243641.237744,1149165537.19655
2020-01-10 00:00:00.000,0.0139956413660235,924240156.397406,1029207693.4138986
2020-01-11 00:00:00.000,0.0146766525462548,967436182.9238375,1232761270.624009
2020-01-12 00:00:00.000,0.0145629807496721,964870065.3174956,1264490180.2129335
2020-01-13 00:00:00.000,0.0149501599097017,989600149.447722,1238801713.778028
2020-01-14 00:00:00.000,0.0146151374671785,970015265.7695792,1130651716.2686226
2020-01-15 00:00:00.000,0.0166401573932157,1100583877.6091554,1673130877.2787983
2020-01-16 00:00:00.000,0.0172421336101578,1136953743.3164864,1714994030.8119652
2020-01-17 00:00:00.000,0.01719785145198,1130286046.1456733,1545592786.5680664
2020-01-18 00:00:00.000,0.017578180444153,1167071802.8837943,1582387496.971253
2020-01-19 00:00:00.000,0.0176862960753919,1169417245.9001093,1532151657.000875
2020-01-20 00:00:00.000,0.0166655338156103,1098984864.6124146,1432036502.3005018
2020-01-21 00:00:00.000,0.0165899133882619,1096631720.6826797,1478614066.3452177
2020-01-22 00:00:00.000,0.0172160077070112,1139742996.8786347,1350727673.417424
2020-01-23 00:00:00.000,0.0173220636851102,1143867328.1587658,1289770509.9924052
2020-01-24 00:00:00.000,0.0163186810337253,1072380301.1966592,1352519898.5494094
2020-01-25 00:00:00.000,0.0163551956624541,1081572258.7087069,1326889640.9068766
2020-01-26 00:00:00.000,0.0161241952747364,1067769087.711647,1232465460.097543
2020-01-27 00:00:00.000,0.016810946247545,1111425134.21095,1361992094.4306066
2020-01-28 00:00:00.000,0.017061835459078,1125412444.1173491,1435532325.0829573
2020-01-29 00:00:00.000,0.0185297635422862,1227159094.391281,1802818681.7304325
2020-01-30 00:00:00.000,0.0185869191787917,1241882762.8093517,1650331550.5699835
2020-01-31 00:00:00.000,0.019464766927791,1286455344.1942258,1781853872.8191602
2020-02-01 00:00:00.000,0.0186432952000579,1234596196.7045388,1595598321.5013542
2020-02-02 00:00:00.000,0.0190341977389917,1254894719.8791769,1482091892.5897586
2020-02-03 00:00:00.000,0.019107876101502,1265980854.668362,1624094879.9842677
2020-02-04 00:00:00.000,0.0191621277042413,1268608543.607446,1516353819.337579
2020-02-05 00:00:00.000,0.0192229314965527,1271076200.4470272,1475395345.196286
2020-02-06 00:00:00.000,0.0207104343606898,1366127167.3056114,1600682847.1225235
2020-02-07 00:00:00.000,0.0225829030783485,1491189243.1536398,2499331017.3493133
2020-02-08 00:00:00.000,0.0221126509378577,1464102792.2215908,2243498690.9046373
2020-02-09 00:00:00.000,0.0218320711860189,1445450644.472522,1982188405.40694
2020-02-10 00:00:00.000,0.021917873804444,1447656580.8674364,1832192122.072904
2020-02-11 00:00:00.000,0.0222565129645201,1472416676.7379508,2075448588.9140675
2020-02-12 00:00:00.000,0.0227680406832086,1505883502.69481,1944837271.712724
2020-02-13 00:00:00.000,0.0238547415928723,1576931062.1173365,2069672268.9581456
2020-02-14 00:00:00.000,0.0238685346287131,1576466336.4376287,2536939460.211417
2020-02-15 00:00:00.000,0.026080035089488,1721422858.7888246,2405987151.6074324
2020-02-16 00:00:00.000,0.0236468124911829,1564226842.0052893,1987059315.2848165
2020-02-17 00:00:00.000,0.0225814782555307,1488419075.031469,2181389819.7840624
2020-02-18 00:00:00.000,0.021772830946629,1433379369.5524988,2118083819.716198
2020-02-19 00:00:00.000,0.0225644690647636,1494830083.6473243,2163761404.225243
2020-02-20 00:00:00.000,0.0203077570108737,1350424394.7119937,1860633115.31102
2020-02-21 00:00:00.000,0.0198961293585751,1314779255.1635954,2092791985.2706952
2020-02-22 00:00:00.000,0.0202330541797047,1340665035.9199123,1908909919.332579
2020-02-23 00:00:00.000,0.0200366685737641,1324837690.4265544,1652340417.3096304
2020-02-24 00:00:00.000,0.0212598786834365,1406078277.0130973,1801015585.5909832
2020-02-25 00:00:00.000,0.0199480543214377,1313287771.327654,1916811499.9180088
2020-02-26 00:00:00.000,0.0190182553883636,1261315823.9580932,1795424545.6451447
2020-02-27 00:00:00.000,0.0165488582331566,1098159526.6215584,2084942918.007996
2020-02-28 00:00:00.000,0.0168769767788872,1119049196.3356862,1917804042.2164917
2020-02-29 00:00:00.000,0.0170614149714228,1135064412.838668,1735768870.7443993
2020-03-01 00:00:00.000,0.0165643486213038,1098128042.2443762,1557806279.2023392
2020-03-02 00:00:00.000,0.0165626690904472,1093290403.843949,1572446557.199927
2020-03-03 00:00:00.000,0.0175476565354013,1157003501.9217334,1719649688.121529
2020-03-04 00:00:00.000,0.0172342058367777,1143921755.2160192,1539078431.3564868
2020-03-05 00:00:00.000,0.0176334986111071,1163613411.436144,1404293283.5267096
2020-03-06 00:00:00.000,0.0177934739972651,1176313298.4422789,1448960818.349312
2020-03-07 00:00:00.000,0.0183242381009621,1210063083.1410687,1462040144.654081
2020-03-08 00:00:00.000,0.01708822309726,1128789057.9376912,1373212983.9585967
2020-03-09 00:00:00.000,0.0148417538360027,995645496.2979168,1389988065.9483504
2020-03-10 00:00:00.000,0.0150443156900606,991205129.8470036,1466410499.408032
2020-03-11 00:00:00.000,0.0150777337406264,1000441888.1392952,1302301194.9968884
2020-03-12 00:00:00.000,0.0148568891506526,981567578.8859404,1270721738.6004474
2020-03-13 00:00:00.000,0.0085340693617275,571153079.7804911,1186339164.3887012
2020-03-14 00:00:00.000,0.0102257014342577,668893982.7821337,1837942458.0232203
2020-03-15 00:00:00.000,0.0097465612597123,641651988.2758574,1182990508.3227377
2020-03-16 00:00:00.000,0.0102669311978458,683057509.9473486,1207103474.6092644
2020-03-17 00:00:00.000,0.0095976061275134,634828487.9792799,1213152266.453217
2020-03-18 00:00:00.000,0.0101172724150193,674253833.7376415,1154798915.2687068
2020-03-19 00:00:00.000,0.0101703527985304,669458599.4943428,1089136605.531304
2020-03-20 00:00:00.000,0.0116445864638003,771573733.6693658,1346491892.6315398
2020-03-21 00:00:00.000,0.0112809537590011,743993095.2721789,1302567264.2679806
2020-03-22 00:00:00.000,0.011181661849615,740780374.4154996,1180943612.3020766
2020-03-23 00:00:00.000,0.0103332295844403,681383006.0442928,1058281960.8095264
2020-03-24 00:00:00.000,0.0113615602646541,746570343.9393891,1220999724.404406
2020-03-25 00:00:00.000,0.0114930613613901,761031110.5076672,1133808167.773738
2020-03-26 00:00:00.000,0.0113919167701402,752575848.7314249,1070732044.8510884
2020-03-27 00:00:00.000,0.0119881033571792,790375114.2715569,1090122328.255694
2020-03-28 00:00:00.000,0.0112097625078702,735701510.8809161,934542855.4407948
2020-03-29 00:00:00.000,0.011408881118997,754072843.8214146,1042966488.0986282
2020-03-30 00:00:00.000,0.0107381069561855,711548801.364233,912312991.427319
2020-03-31 00:00:00.000,0.0114712539622431,758711403.2919053,1065456432.4644526
2020-04-01 00:00:00.000,0.0116107703083427,767781026.0670799,784062509.5990168
2020-04-02 00:00:00.000,0.0116375857029053,760414749.0475949,823864530.5032245
2020-04-03 00:00:00.000,0.0119608621379882,788457810.9633117,860612667.5915422
2020-04-04 00:00:00.000,0.0118392942132094,782726302.6656741,801850600.5019559
2020-04-05 00:00:00.000,0.0119147147688241,786427579.521172,816559464.4969244
2020-04-06 00:00:00.000,0.0124869189377676,825012256.853254,919848630.0331686
2020-04-07 00:00:00.000,0.013665619250028,900572332.8889868,1033766524.599581
2020-04-08 00:00:00.000,0.0132381162261042,875464757.8355136,1014384688.8370372
2020-04-09 00:00:00.000,0.0136924185268235,904993783.4004152,1176671146.8049123
2020-04-10 00:00:00.000,0.0134353933571078,889856771.3525898,1069726810.3057636
2020-04-11 00:00:00.000,0.0125039905359849,822081286.1544182,1179810214.78009
2020-04-12 00:00:00.000,0.0125000027727847,825728835.0838466,1101729960.9806812
2020-04-13 00:00:00.000,0.0127083931073871,848837504.1180795,1092809787.553104
2020-04-14 00:00:00.000,0.0125764579384027,837750467.1959045,1297978650.360005
2020-04-15 00:00:00.000,0.01241970912327,824065705.0953989,1297749008.239287
2020-04-16 00:00:00.000,0.0121786797659133,808623819.9192725,1278330888.116773
2020-04-17 00:00:00.000,0.0129848761285954,859658502.2318186,1535380776.8512225
2020-04-18 00:00:00.000,0.0129042725782032,856276371.7335639,1357117165.0530806
2020-04-19 00:00:00.000,0.0133451299154632,883011411.98262,1435699764.8636675
2020-04-20 00:00:00.000,0.0129097078188648,855994395.7789804,1344244828.7830582
2020-04-21 00:00:00.000,0.0124151690932371,823620407.8948112,1400759954.721906
2020-04-22 00:00:00.000,0.0125426118001826,826981631.3481405,1334220068.7724853
2020-04-23 00:00:00.000,0.0130005518850771,858838220.4539024,1346847345.1322885
2020-04-24 00:00:00.000,0.0134790709445427,892018386.7244908,1463705582.7729528
2020-04-25 00:00:00.000,0.0139021452785763,918326861.2666912,1624977158.849541
2020-04-26 00:00:00.000,0.0139923099479382,926046994.641618,1579120151.7766204
2020-04-27 00:00:00.000,0.0142416041694338,940174410.0502044,1490117444.3268948
2020-04-28 00:00:00.000,0.0145056543667964,957743960.7222868,1525174714.6222985
2020-04-29 00:00:00.000,0.0152344177495834,1007638566.198653,1603853811.1034322
2020-04-30 00:00:00.000,0.0162789260119211,1073395454.1298008,1822420893.855773
2020-05-01 00:00:00.000,0.0152468013863812,1013846525.0812234,1751598144.3965545
2020-05-02 00:00:00.000,0.0158122792519401,1049259998.7714852,1696419825.605757
2020-05-03 00:00:00.000,0.0163363430473772,1077850052.6111724,1623289442.8672678
2020-05-04 00:00:00.000,0.016043103565153,1059914790.8599868,1685661605.4719584
2020-05-05 00:00:00.000,0.0162422687833176,1071939953.2007638,1820539687.4008627
2020-05-06 00:00:00.000,0.0159262492698993,1047376790.0536397,1884346854.9568985
2020-05-07 00:00:00.000,0.0157402339821098,1050287106.4177294,1650772708.5280051
2020-05-08 00:00:00.000,0.0160484155385832,1066276042.8150072,1809428384.182692
2020-05-09 00:00:00.000,0.0162131484174732,1070447627.5554814,1794100613.859629
2020-05-10 00:00:00.000,0.0160970288407074,1065527852.3057888,1721355759.6113238
2020-05-11 00:00:00.000,0.0143790724801115,948220383.9462348,1805326067.216146
2020-05-12 00:00:00.000,0.0139637650911655,925441025.732158,1822723853.70222
2020-05-13 00:00:00.000,0.014488267186478,958257359.1781336,1712073981.0293734
2020-05-14 00:00:00.000,0.0150488159929248,995332187.5232056,1653513474.38037
2020-05-15 00:00:00.000,0.0153226905247813,1014636103.6810944,1530414820.572624
2020-05-16 00:00:00.000,0.014867080912375,980202540.4482952,1403893409.5974622
2020-05-17 00:00:00.000,0.0149909363300826,986965544.8498216,1404243132.3389585
2020-05-18 00:00:00.000,0.0150108090288393,994292118.3105286,1405846453.2992854
2020-05-19 00:00:00.000,0.0153115852443828,1008683480.04088,1416185121.8332872
2020-05-20 00:00:00.000,0.0155299552460806,1027154849.5566802,1454254472.0098069
2020-05-21 00:00:00.000,0.014994574143524,996300568.611853,1441611486.6782768
2020-05-22 00:00:00.000,0.0141733445837204,938533422.3878844,1379241041.9333508
2020-05-23 00:00:00.000,0.0150185802734468,995152403.9054608,1436058070.366234
2020-05-24 00:00:00.000,0.0149414342880387,988704317.5037338,1389040237.3481112
2020-05-25 00:00:00.000,0.014235630501439,951110940.068582,1375780653.716117
2020-05-26 00:00:00.000,0.0147238436655638,973956862.3665104,1379789255.3117566
2020-05-27 00:00:00.000,0.0145449582110457,962006916.7195668,1300413161.6306803
2020-05-28 00:00:00.000,0.0147520636626883,974999377.5882946,1263917725.4886694
2020-05-29 00:00:00.000,0.0151532337546663,1004724739.9202868,1338506789.0920548
2020-05-30 00:00:00.000,0.0149306108637296,990228142.0402292,1251015680.1730366
2020-05-31 00:00:00.000,0.0162689510283737,1074220048.5416143,1533761388.5189612
2020-06-01 00:00:00.000,0.0158864987022439,1041716730.544972,1587157916.8752189
2020-06-02 00:00:00.000,0.0169919124782609,1117455045.1096916,1563515326.7731133
2020-06-03 00:00:00.000,0.0162977728088751,1074344440.6620414,1515801957.454914
2020-06-04 00:00:00.000,0.0168119546989215,1111946591.3388655,1483993240.388823
2020-06-05 00:00:00.000,0.0171121121806862,1128960172.8486364,1452845364.561306
2020-06-06 00:00:00.000,0.0168461877587586,1122349677.9578178,1414671637.7099266
2020-06-07 00:00:00.000,0.0170161866604427,1130090535.44119,1433590232.1516025
2020-06-08 00:00:00.000,0.0181245655450577,1197202933.3307078,1703435010.2597277
2020-06-09 00:00:00.000,0.0179694337041208,1189569247.9466748,1593155924.274086
2020-06-10 00:00:00.000,0.01755729859768,1162187965.166538,1443804596.1196525
2020-06-11 00:00:00.000,0.0175932320349166,1163620455.9315288,1379925951.841142
2020-06-12 00:00:00.000,0.0157736805679571,1043014362.8609346,1405377507.9753437
2020-06-13 00:00:00.000,0.0163949443813269,1083748326.6740716,1362327721.856665
2020-06-14 00:00:00.000,0.0167317806284687,1102425876.4499145,1302042638.3050818
2020-06-15 00:00:00.000,0.0161821486603924,1074747005.736212,1252357106.0992284
2020-06-16 00:00:00.000,0.0161779847430114,1070507414.6080904,1244045342.6377716
2020-06-17 00:00:00.000,0.0161311042088532,1071320476.7602578,1132149260.008101
2020-06-18 00:00:00.000,0.016187608352811,1073284085.5271884,1133725979.919312
2020-06-19 00:00:00.000,0.0160573204188704,1063485115.8667305,737522933.4452596
2020-06-20 00:00:00.000,0.0158883831648919,1050050313.6324816,712929602.1531055
2020-06-21 00:00:00.000,0.015985994994969,1057506213.4057406,826582805.2659985
2020-06-22 00:00:00.000,0.0158651001462433,1045280274.0861152,852945088.0875524
2020-06-23 00:00:00.000,0.0163838359675586,1086470724.2428408,667510122.3930117
2020-06-24 00:00:00.000,0.0164661424910326,1090897952.7851236,702732458.3309191
2020-06-25 00:00:00.000,0.0159438739330324,1055823301.7924414,503498966.12450856
2020-06-26 00:00:00.000,0.0159281727671507,1053493048.9567636,448186721.8765642
2020-06-27 00:00:00.000,0.0158502302240239,1050254085.7325504,475506747.3274839
2020-06-28 00:00:00.000,0.0154540853932823,1026822672.093845,507096448.062754
2020-06-29 00:00:00.000,0.0157632944555777,1043719151.1822392,459006108.0030335
2020-06-30 00:00:00.000,0.0161874999490205,1072154515.809234,646557124.0036312
2020-07-01 00:00:00.000,0.0163874900757334,1083872402.5041642,591774929.4516362
2020-07-02 00:00:00.000,0.0168713757197385,1116254777.768723,616158741.6860768
2020-07-03 00:00:00.000,0.0166248000696269,1098345872.0918365,462569575.74716055
2020-07-04 00:00:00.000,0.0166310824886699,1100673952.9704404,495821952.27512413
2020-07-05 00:00:00.000,0.0167869592375174,1109113237.578899,543274191.5315396
2020-07-06 00:00:00.000,0.0167902202733465,1108472968.2275531,554456986.6535307
2020-07-07 00:00:00.000,0.0180340752780259,1191366500.4910548,921020217.8182389
2020-07-08 00:00:00.000,0.0171391483045687,1133113866.6098852,608457447.4446307
2020-07-09 00:00:00.000,0.0179297145208738,1186791320.6929207,660210213.3405523
2020-07-10 00:00:00.000,0.018469289609148,1219479832.16702,704046055.0161837
2020-07-11 00:00:00.000,0.0181418893742758,1200410234.0634053,577405929.4546032
2020-07-12 00:00:00.000,0.0183560966464087,1216489143.582518,512280792.6961057
2020-07-13 00:00:00.000,0.0181624705423987,1198493164.3028357,454863886.4483339
2020-07-14 00:00:00.000,0.0175387978972072,1158863921.916048,499360159.0208088
2020-07-15 00:00:00.000,0.0176319956523193,1166184290.5962565,461695369.1994364
2020-07-16 00:00:00.000,0.0175802535112812,1162230495.6348948,408745006.62645674
2020-07-17 00:00:00.000,0.0171496371263878,1136043096.5131955,422135832.36752856
2020-07-18 00:00:00.000,0.0171742932424098,1135931155.2853563,349825832.7193402
2020-07-19 00:00:00.000,0.0174203215497459,1153594024.70811,350748248.1430536
2020-07-20 00:00:00.000,0.0175332155408824,1160720849.5434887,356489012.2734566
2020-07-21 00:00:00.000,0.0171980847374488,1137189741.0033946,351985299.6293183
2020-07-22 00:00:00.000,0.0176376919912377,1166039245.9844728,361913726.34976494
2020-07-23 00:00:00.000,0.0179592910286625,1187513997.1568108,359711701.3622398
2020-07-24 00:00:00.000,0.0178695905059191,1181872818.7865438,403711887.6568023
2020-07-25 00:00:00.000,0.0179811330204884,1189804641.9531207,410419748.8654822
2020-07-26 00:00:00.000,0.0187123516460576,1237888425.8163102,458963452.5948362
2020-07-27 00:00:00.000,0.0185350133467505,1226576774.728515,480096557.888283
2020-07-28 00:00:00.000,0.0186789884319624,1234193882.534184,596477059.2268931
2020-07-29 00:00:00.000,0.0191150152030402,1263497875.1456642,567606423.2718382
2020-07-30 00:00:00.000,0.0192750242171963,1275237978.746614,566405740.287148
2020-07-31 00:00:00.000,0.0192443142279405,1280196561.25552,471886158.5068742
2020-08-01 00:00:00.000,0.0196864424287396,1300902580.3904903,477233638.7107514
2020-08-02 00:00:00.000,0.0204870214507029,1359946661.9891994,652394215.6353393
2020-08-03 00:00:00.000,0.0190007555230729,1257390414.570865,760171827.0593904
2020-08-04 00:00:00.000,0.0198635046402866,1311257725.3627963,557371150.4706995
2020-08-05 00:00:00.000,0.0203338227569277,1345452538.011023,522799353.358761
2020-08-06 00:00:00.000,0.0203674397018256,1347041137.6457796,453400938.3560283
2020-08-07 00:00:00.000,0.0202386415443471,1344914188.8051512,436133582.20547193
2020-08-08 00:00:00.000,0.0198338566993524,1312532913.431703,804041444.5852821
2020-08-09 00:00:00.000,0.0203559396746568,1346716202.881445,459238572.57973903
2020-08-10 00:00:00.000,0.0204294117434744,1351206041.060284,488076051.4883628
2020-08-11 00:00:00.000,0.0214879171085775,1540087370.4081736,649608333.9911917
2020-08-12 00:00:00.000,0.0201185736247489,1448059464.3627288,854585599.6183517
2020-08-13 00:00:00.000,0.0202268191591251,1448454733.872007,542145649.4140759
2020-08-14 00:00:00.000,0.0223944644410353,1598181105.7367582,785643125.7386789
2020-08-15 00:00:00.000,0.0247430925339399,1773095457.6296072,941671557.8557936
2020-08-16 00:00:00.000,0.0251782872606283,1800500620.939422,817497747.813689
2020-08-17 00:00:00.000,0.0280886772199437,2004829141.3802955,1048206012.9184842
2020-08-18 00:00:00.000,0.0303978195047586,2177322276.44678,1205602497.4715855
2020-08-19 00:00:00.000,0.0287420464476855,2056165352.3217645,1369923734.1154535
2020-08-20 00:00:00.000,0.0264676238251555,1894966987.0383775,1284389744.9421294
2020-08-21 00:00:00.000,0.0275211898751601,1973679998.8806944,929538066.1449764
2020-08-22 00:00:00.000,0.0241893907128332,1735654888.705267,883933358.5883433
2020-08-23 00:00:00.000,0.0251355860742328,1800770628.3339677,894903951.0590583
2020-08-24 00:00:00.000,0.0244027486876011,1746424436.023542,648995674.0787561
2020-08-25 00:00:00.000,0.0251170101620754,1797018341.4353862,625236101.8649032
2020-08-26 00:00:00.000,0.0231078733090682,1664029922.6047373,689992051.6129872
2020-08-27 00:00:00.000,0.023684270255351,1699531070.2167757,635597340.4005109
2020-08-28 00:00:00.000,0.0230608918413241,1651861024.0946293,696363124.0899982
2020-08-29 00:00:00.000,0.0239232162016672,1716739822.3462267,620546327.986486
2020-08-30 00:00:00.000,0.0249786883515721,1789978305.7823682,612541772.7621024
2020-08-31 00:00:00.000,0.0269148436215762,1925720685.055772,864677654.7657354
2020-09-01 00:00:00.000,0.029349690212924,2106364631.2178705,1063299339.9102694
2020-09-02 00:00:00.000,0.034715690938479,2539265375.233237,1743975713.632733
2020-09-03 00:00:00.000,0.0347402700182721,2500138440.486889,2943903921.1459293
2020-09-04 00:00:00.000,0.0409407267424269,2968464928.9952216,4473930334.5484915
2020-09-05 00:00:00.000,0.0356962276151141,2557999528.638269,3974134939.433115
2020-09-06 00:00:00.000,0.0299776280442299,2148203424.5648236,2527204394.2975407
2020-09-07 00:00:00.000,0.0316980002465818,2273578872.9200454,2118855129.133078
2020-09-08 00:00:00.000,0.0321518091945094,2304687627.758872,1608501251.680737
2020-09-09 00:00:00.000,0.0349672513954719,2506697826.510688,2033263260.3556712
2020-09-10 00:00:00.000,0.0339777661587408,2432250822.6366944,1469258218.2693024
2020-09-11 00:00:00.000,0.0329900677594543,2360943486.2121215,1315955417.4974802
2020-09-12 00:00:00.000,0.033467568023555,2393152993.1620374,1399988509.752815
2020-09-13 00:00:00.000,0.0327488206778821,2345089676.8291745,1329738771.9897666
2020-09-14 00:00:00.000,0.0306582755480835,2191624244.217628,1345876744.27392
2020-09-15 00:00:00.000,0.0304012382224765,2176497962.9353347,1483336332.591586
2020-09-16 00:00:00.000,0.0279155981783373,2000437910.464449,1554818739.2956004
2020-09-17 00:00:00.000,0.0264768723708475,1898490896.5803092,1806748370.6796725
2020-09-18 00:00:00.000,0.0279939437714648,2005533256.2404203,1489040218.7174904
2020-09-19 00:00:00.000,0.0290080052338393,2071796866.6582963,1749380899.6442592
2020-09-20 00:00:00.000,0.0277192814558521,1987357097.1208088,1458536038.1029215
2020-09-21 00:00:00.000,0.0269425477750355,1937096059.1980517,1408041909.6265028
2020-09-22 00:00:00.000,0.0249368164384996,1796697088.8100562,1682398926.384169
2020-09-23 00:00:00.000,0.0249889858265766,1783816866.3631887,1143586311.2725468
2020-09-24 00:00:00.000,0.0247888042843133,1779348735.8154309,1254630581.657882
2020-09-25 00:00:00.000,0.0260791269905868,1867972703.929263,831142491.0264149
2020-09-26 00:00:00.000,0.0271112819446718,1941450202.2674203,1225221035.080183
2020-09-27 00:00:00.000,0.0272129576741213,1950485517.7860825,1113904299.0548782
2020-09-28 00:00:00.000,0.0265259289099391,1901276011.733478,1127556121.47828
2020-09-29 00:00:00.000,0.0262787593479251,1877591030.454089,1049455071.517816
2020-09-30 00:00:00.000,0.0263078416073359,1888147587.515824,880412927.626059
2020-10-01 00:00:00.000,0.0262017920968735,1877606980.3102295,856393920.8574688
2020-10-02 00:00:00.000,0.0256895638523859,1835572400.865505,839075250.1189159
2020-10-03 00:00:00.000,0.025956946581853,1863300044.742168,950172141.214777
2020-10-04 00:00:00.000,0.0271957625213683,1954274588.4627397,1059890000.5960848
2020-10-05 00:00:00.000,0.0264375492119798,1895422203.6315875,965646276.3484746
2020-10-06 00:00:00.000,0.0264568493528421,1896932206.6168573,926238182.009006
2020-10-07 00:00:00.000,0.0255825449344398,1832368643.99587,982640365.8974334
2020-10-08 00:00:00.000,0.0254890535581979,1827287513.199129,773280902.8088973
2020-10-09 00:00:00.000,0.025699161402052,1840876785.9008768,841222647.9512653
2020-10-10 00:00:00.000,0.0263089696009936,1885921800.4906604,910975211.6302116
2020-10-11 00:00:00.000,0.0264365549561307,1893972435.2584589,963283977.343217
2020-10-12 00:00:00.000,0.0265532207509834,1902210362.589584,741684564.0350412
2020-10-13 00:00:00.000,0.0270987704211871,1944395776.508417,897401134.3229108
2020-10-14 00:00:00.000,0.0268213708509258,1921550555.451818,791416994.7550426
2020-10-15 00:00:00.000,0.0267731574513512,1915921477.2110016,755805045.9544182
2020-10-16 00:00:00.000,0.0264929217534733,1896921623.0721695,699495000.9106984
2020-10-17 00:00:00.000,0.0257248707243908,1846307959.4090476,704022988.5075
2020-10-18 00:00:00.000,0.0257491640808431,1846221637.7514503,539961291.132538
2020-10-19 00:00:00.000,0.0259459107757167,1858241265.5817149,539944893.3814775
2020-10-20 00:00:00.000,0.0258823362255187,1854310115.3884964,616969107.2912395
2020-10-21 00:00:00.000,0.0260484373800867,1862153059.599812,932476344.5812578
2020-10-22 00:00:00.000,0.0266981093516081,1909678260.409968,716434122.018558
2020-10-23 00:00:00.000,0.0270660584463693,1938752951.8651433,713734736.9226853
2020-10-24 00:00:00.000,0.0267090134350888,1913992976.4521067,718294813.5695976
2020-10-25 00:00:00.000,0.0270416136779643,1938329263.3849912,637848183.284681
2020-10-26 00:00:00.000,0.0269391900810611,1930893471.7987697,520935156.8834835
2020-10-27 00:00:00.000,0.0267692495814389,1918513676.4887853,745584132.812543
2020-10-28 00:00:00.000,0.0269849613333943,1933822218.9668384,678888197.6663495
2020-10-29 00:00:00.000,0.0268901345253564,1926742846.240857,669032283.9751012
2020-10-30 00:00:00.000,0.0265459444675479,1904266072.570968,745303368.9714867
2020-10-31 00:00:00.000,0.0255842743003287,1836926363.8842056,704077213.4882835
2020-11-01 00:00:00.000,0.0258568620682832,1851059113.000115,767531006.5801009
2020-11-02 00:00:00.000,0.025725998004575,1840588921.3843713,608682464.0742211
2020-11-03 00:00:00.000,0.024456935346311,1757120094.3608923,700425157.2406024
2020-11-04 00:00:00.000,0.0244500819927349,1745186268.123213,647916560.3783978
2020-11-05 00:00:00.000,0.0242269851601602,1734784879.440158,647211502.9201522
2020-11-06 00:00:00.000,0.02502050682735,1788274392.3737197,758550823.9655175
2020-11-07 00:00:00.000,0.0260686486920034,1868677635.4323251,737410152.3058194
2020-11-08 00:00:00.000,0.0249348788212445,1793306742.9305208,808437569.8744966
2020-11-09 00:00:00.000,0.0253771250235917,1823731920.443189,597157790.1909573
2020-11-10 00:00:00.000,0.0248310954256177,1779120641.0647614,764023160.5813231
2020-11-11 00:00:00.000,0.0248546147294642,1783715409.8667555,663760733.7461019
2020-11-12 00:00:00.000,0.0250250211572228,1789671717.7939093,670627797.6756346
2020-11-13 00:00:00.000,0.0249438485205794,1790853418.3679774,677677494.6364515
2020-11-14 00:00:00.000,0.0253585008868122,1813418816.9131591,612834261.675716
2020-11-15 00:00:00.000,0.0251477651038119,1802217154.0708048,638371882.3664191
2020-11-16 00:00:00.000,0.0252802493993314,1810243224.0749412,657249344.7013028
2020-11-17 00:00:00.000,0.0254397815809292,1819393729.5655425,614383770.8345109
2020-11-18 00:00:00.000,0.0263793921906279,1890051319.666887,797296066.210851
2020-11-19 00:00:00.000,0.0268615892025521,1930287883.63499,1061617079.3409582
2020-11-20 00:00:00.000,0.0257994457736716,1846615826.516268,762903574.1132225
2020-11-21 00:00:00.000,0.0262182512473505,1879975405.441064,791787366.1491635
2020-11-22 00:00:00.000,0.0303699791163592,2173231120.159422,1650443139.3555484
2020-11-23 00:00:00.000,0.0287672153342426,2076527477.9528525,1569408333.3345134
2020-11-24 00:00:00.000,0.0314807145125582,2240811283.8710995,1448663967.412368
2020-11-25 00:00:00.000,0.0349962606499125,2506562509.231706,2569591004.3873634
2020-11-26 00:00:00.000,0.0330421080252034,2361750868.326899,1773571298.8836637
2020-11-27 00:00:00.000,0.0293606937546596,2101085833.6531284,1777378516.4762168
2020-11-28 00:00:00.000,0.0293549032628978,2100115084.187797,1098295535.9099233
2020-11-29 00:00:00.000,0.0304261909825187,2176657467.432039,993900866.551098
2020-11-30 00:00:00.000,0.0306081081391129,2192297028.4670944,855564507.3828869
2020-12-01 00:00:00.000,0.0322437063945387,2320261920.8906655,1022464009.4714342
2020-12-02 00:00:00.000,0.0303602290365227,2173072754.301631,1325676768.1113565
2020-12-03 00:00:00.000,0.0312281836091224,2239723421.090496,789193124.3054954
2020-12-04 00:00:00.000,0.0316091518969895,2265127722.4908805,617035240.3373024
2020-12-05 00:00:00.000,0.0295809885836871,2121135218.231058,749198175.2520218
2020-12-06 00:00:00.000,0.0305868343271526,2191814932.565342,694811657.2650316
2020-12-07 00:00:00.000,0.0309402564816408,2218447843.005035,727691045.2593412
2020-12-08 00:00:00.000,0.0303343572589159,2175138470.357377,587735241.1725231
2020-12-09 00:00:00.000,0.0278699661715006,2003924932.9526424,724909048.7368293
2020-12-10 00:00:00.000,0.0287549778868741,2061410563.2064333,860881996.8907851
2020-12-11 00:00:00.000,0.0281536491595344,2016838641.1756232,601080681.5216411
2020-12-12 00:00:00.000,0.0278373396315727,1995624291.6870756,645429632.2155341
2020-12-13 00:00:00.000,0.0285738156297416,2047475116.7800808,640076158.3677526
2020-12-14 00:00:00.000,0.0291791929150664,2090383053.244996,569482172.7731882
2020-12-15 00:00:00.000,0.0290692499278759,2082975578.2428696,529218623.29512656
2020-12-16 00:00:00.000,0.0292204641521279,2092029640.9671855,663257678.3751656
2020-12-17 00:00:00.000,0.0311199070829864,2217202349.999367,726161528.7841566
2020-12-18 00:00:00.000,0.0307053038507961,2200488915.3796344,1099974957.6801963
2020-12-19 00:00:00.000,0.0311590073706916,2228275726.560816,842218283.6326222
2020-12-20 00:00:00.000,0.0312946246003883,2244190476.833455,665356128.9342959
2020-12-21 00:00:00.000,0.0312146054936585,2236682629.9565997,957919564.8037282
2020-12-22 00:00:00.000,0.0294383937578721,2112642476.5765529,883419768.2856585
2020-12-23 00:00:00.000,0.0289640481408492,2070929538.2675707,898658205.9749632
2020-12-24 00:00:00.000,0.0250031306640275,1801727101.0148416,958132478.8622252
2020-12-25 00:00:00.000,0.0276841178569596,1979655532.3408272,994285046.7428832
2020-12-26 00:00:00.000,0.0284451340304437,2035015703.7468023,1020924834.7868865
2020-12-27 00:00:00.000,0.0277867957650224,1985727989.537778,856889525.2802724
2020-12-28 00:00:00.000,0.0288418482722461,2081900121.3005068,1224461271.3579772
2020-12-29 00:00:00.000,0.0295765146707829,2115731776.702042,970352215.9841712
2020-12-30 00:00:00.000,0.0276921044784438,1973709951.059294,1072270405.2570568
2020-12-31 00:00:00.000,0.0269722756539759,1929169522.3468945,1055738424.1298764
2021-01-01 00:00:00.000,0.0268399991126613,1918734259.413386,1231160612.56954
2021-01-02 00:00:00.000,0.0269456269891592,1927428460.4736776,741705294.2429444
2021-01-03 00:00:00.000,0.02730004452412,1953955406.618822,927014804.1889012
2021-01-04 00:00:00.000,0.0297686912364958,2143782786.0145097,1345786636.023682
2021-01-05 00:00:00.000,0.0305601039373717,2197459010.85919,1819580209.4367435
2021-01-06 00:00:00.000,0.0286451585923253,2050149400.357792,1699302025.2275798
2021-01-07 00:00:00.000,0.0306929178061045,2216470510.6955585,1606750845.4571185
2021-01-08 00:00:00.000,0.0310514817387882,2208686804.682569,2111753236.2767043
2021-01-09 00:00:00.000,0.0304836887842899,2183011841.618219,1863478582.3775685
2021-01-10 00:00:00.000,0.0343130730801964,2462463494.48096,1810289727.5436811
2021-01-11 00:00:00.000,0.0329694170513563,2374988871.9908977,2080692092.2499568
2021-01-12 00:00:00.000,0.0289991085751913,2078746516.4453845,1706368167.4987564
2021-01-13 00:00:00.000,0.0286725794558787,2052540842.0240395,2105779231.942485
2021-01-14 00:00:00.000,0.0301566845762228,2159051159.9791036,1056283724.9934592
2021-01-15 00:00:00.000,0.0300361996728449,2152424748.4320817,1255212720.4670875
2021-01-16 00:00:00.000,0.0297741768667354,2139819913.8297155,1465077080.3600328
2021-01-17 00:00:00.000,0.0302232273969351,2168667455.1479344,1365604384.164025
2021-01-18 00:00:00.000,0.0301306142461349,2170970138.4544506,1289872845.2533755
2021-01-19 00:00:00.000,0.0315617780324733,2265881777.8444405,1250859936.2378097
2021-01-20 00:00:00.000,0.0307100929405675,2211844148.168651,1158453014.4283664
2021-01-21 00:00:00.000,0.0305097457155344,2183720846.7278533,1311358697.3773456
2021-01-22 00:00:00.000,0.0277438498003926,1998357623.508654,1402064859.6066587
2021-01-23 00:00:00.000,0.0286616859754237,2039986962.809042,1658863004.0213392
2021-01-24 00:00:00.000,0.0291850016512089,2090689872.2785385,1108680423.3159966
2021-01-25 00:00:00.000,0.0299919745224972,2153017219.0698895,1173414463.1238158
2021-01-26 00:00:00.000,0.0295737196193443,2127316043.0688205,1394838347.9095826
2021-01-27 00:00:00.000,0.0295260246385033,2108929375.5160627,918613915.268727
2021-01-28 00:00:00.000,0.028340273326029,2023288993.7872937,1152845141.2757697
2021-01-29 00:00:00.000,0.0295027173744798,2121187276.5810776,811142539.2558234
2021-01-30 00:00:00.000,0.0332323863709095,2386249972.6194453,4099687130.74676
2021-01-31 00:00:00.000,0.031754215912603,2268502271.017194,1807492084.5349753
2021-02-01 00:00:00.000,0.0316317451560448,2261454306.6984525,1697690360.394583
2021-02-02 00:00:00.000,0.0328623893151465,2354638900.094571,1828729618.1711347
2021-02-03 00:00:00.000,0.0331523490794552,2380380850.7251854,1441771544.7948482
2021-02-04 00:00:00.000,0.0344747881456643,2459585464.123432,1370963145.1582482
2021-02-05 00:00:00.000,0.0332266358584948,2393029725.06396,1423573702.7482965
2021-02-06 00:00:00.000,0.0362669972660277,2591602832.656809,1757572789.2499528
2021-02-07 00:00:00.000,0.0350494691072619,2505141647.870144,1750414292.3825328
2021-02-08 00:00:00.000,0.0358667937889088,2585094478.7853045,1914923368.2643845
2021-02-09 00:00:00.000,0.040763707727285,2896562253.1526933,2602462164.289034
2021-02-10 00:00:00.000,0.0462620321804528,3307719410.6380315,3702271397.4244704
2021-02-11 00:00:00.000,0.0462405170474434,3315838856.877564,2808300811.663646
2021-02-12 00:00:00.000,0.0573543213574235,4125858844.054774,3698515502.495559
2021-02-13 00:00:00.000,0.0553409551811456,3969866814.4897904,3118131560.618591
2021-02-14 00:00:00.000,0.0593494126774136,4273400008.232497,3040703479.284206
2021-02-15 00:00:00.000,0.0556436063382619,3988554135.696508,2782008918.8074594
2021-02-16 00:00:00.000,0.0505313853160633,3637384659.203036,3074598871.1132617
2021-02-17 00:00:00.000,0.0523589288015086,3732214836.664188,2605251117.9870653
2021-02-18 00:00:00.000,0.052540759863964,3770282092.786227,2221799069.49825
2021-02-19 00:00:00.000,0.0550497311295853,3942038158.481359,1965989782.6452508
2021-02-20 00:00:00.000,0.0613594572606049,4386621751.79172,3544075050.159017
2021-02-21 00:00:00.000,0.0582638570279183,4126449595.737491,3091361995.56587
2021-02-22 00:00:00.000,0.0597698046201643,4288724396.54895,2460185338.204169
2021-02-23 00:00:00.000,0.0546431582650184,3907594356.518099,2989834129.2028065
2021-02-24 00:00:00.000,0.0449313320732831,3207398948.539616,3153135548.5762
2021-02-25 00:00:00.000,0.0481395317230374,3443446098.694895,2535464673.3935113
2021-02-26 00:00:00.000,0.0451396162965851,3262510548.6205015,1565011956.464382
2021-02-27 00:00:00.000,0.045343918248969,3253119066.4685974,2032986783.1613116
2021-02-28 00:00:00.000,0.0470561831043185,3361443306.273645,1548062406.5495691
2021-03-01 00:00:00.000,0.0454199629789286,3272912690.586012,1886197817.1338296
2021-03-02 00:00:00.000,0.0478525447147931,3429250085.5700054,1769363639.708738
2021-03-03 00:00:00.000,0.0469671675012527,3370887597.80876,1622187499.3618636
2021-03-04 00:00:00.000,0.0491401646222021,3530824412.6404486,1530487828.7970388
2021-03-05 00:00:00.000,0.0515453557358458,3694182811.918931,2918772771.7517905
2021-03-06 00:00:00.000,0.0503592931522138,3597800895.3900366,1704853444.590172
2021-03-07 00:00:00.000,0.0502943015942306,3602389575.721803,1396275580.1500142
2021-03-08 00:00:00.000,0.0518694621443623,3717299131.273014,1294495870.6465745
2021-03-09 00:00:00.000,0.0530127406724728,3801914036.624479,1934632838.301213
2021-03-10 00:00:00.000,0.0532808391849779,3800847390.540205,1606042605.3172722
2021-03-11 00:00:00.000,0.0515370150320727,3705080043.2079616,1731041155.919351
2021-03-12 00:00:00.000,0.0515087343412212,3685927959.710197,1622587036.0140183
2021-03-13 00:00:00.000,0.0499955976806229,3583675344.109033,1431473955.6632762
2021-03-14 00:00:00.000,0.0528666586522021,3800609103.56799,2226600214.3622656
2021-03-15 00:00:00.000,0.0515188854945116,3699452761.8381224,1662498235.2837574
2021-03-16 00:00:00.000,0.0507525440831859,3660692716.027458,1820185186.1436648
2021-03-17 00:00:00.000,0.0523968038468417,3755016761.291999,1825835062.0543375
2021-03-18 00:00:00.000,0.0552423334389515,3938568722.0062304,2061959469.882616
2021-03-19 00:00:00.000,0.0535818725233118,3841386172.2764583,1323402632.013471
2021-03-20 00:00:00.000,0.0586322692747111,4205777176.511496,1918451831.8820417
2021-03-21 00:00:00.000,0.0612374359288427,4404127333.143486,4096545982.0645423
2021-03-22 00:00:00.000,0.0628330252520272,4496790311.039346,2745171941.0414133
2021-03-23 00:00:00.000,0.0597341315960647,4324110290.312447,2365964283.5974817
2021-03-24 00:00:00.000,0.0588412178102677,4192817484.5414968,2249943198.484188
2021-03-25 00:00:00.000,0.0554873793774914,3998235094.435589,2291795691.154855
2021-03-26 00:00:00.000,0.0553692788439412,3969212223.917802,2023640197.6672
2021-03-27 00:00:00.000,0.0649774284674069,4651159604.35038,3006344290.383141
2021-03-28 00:00:00.000,0.0637960398014254,4581531841.022868,2574076590.7998586
2021-03-29 00:00:00.000,0.0635146086654616,4548184792.017738,1756042466.1314497
2021-03-30 00:00:00.000,0.0647739358840507,4645040066.718666,1588600433.9234376
2021-03-31 00:00:00.000,0.0658006277097868,4720243691.524327,1812529525.6010575
2021-04-01 00:00:00.000,0.0919035437261434,6602014663.817924,9550467604.062836
2021-04-02 00:00:00.000,0.0861440566799047,6185926428.28518,6080759410.958924
2021-04-03 00:00:00.000,0.092249320886347,6571170922.982676,4108102987.44753
2021-04-04 00:00:00.000,0.1016450596463429,7321302883.804311,8364754397.171346
2021-04-05 00:00:00.000,0.1282099573677565,9144431642.185305,10746448326.912264
2021-04-06 00:00:00.000,0.1384900104930158,9985858390.58741,13018731030.003435
2021-04-07 00:00:00.000,0.124924602989468,8954301783.333271,9499933826.25384
2021-04-08 00:00:00.000,0.11143087999764,8072075620.142329,8323619560.720927
2021-04-09 00:00:00.000,0.123912810755214,8877512597.775274,6225961258.938054
2021-04-10 00:00:00.000,0.1162904151261407,8323623723.444961,3766873571.484107
2021-04-11 00:00:00.000,0.1262156437922934,8984059739.508492,4610974849.047191
2021-04-12 00:00:00.000,0.1224905756152297,8760333395.52753,4159674472.4140906
2021-04-13 00:00:00.000,0.1298330464019792,9304010445.66194,6655337314.752366
2021-04-14 00:00:00.000,0.147125232730952,10571945441.651176,8761503684.843513
2021-04-15 00:00:00.000,0.1412957781920606,10102158667.4595,7836028056.782906
2021-04-16 00:00:00.000,0.1661780043544815,11920662705.12879,9480469928.789104
2021-04-17 00:00:00.000,0.1615249768154726,11604718444.323174,9455419113.352716
2021-04-18 00:00:00.000,0.1577330270183843,11380541777.061522,8006435350.365983
2021-04-19 00:00:00.000,0.1441608663586378,10328002951.2855,7793973559.437117
2021-04-20 00:00:00.000,0.1315105424635931,9494239584.039474,5502625648.378095
2021-04-21 00:00:00.000,0.1335991133969797,9627774435.793669,5487507101.797301
2021-04-22 00:00:00.000,0.1246343143402509,8977823783.701883,3348606787.3128066
2021-04-23 00:00:00.000,0.1109183166934464,8008308065.66524,4065100549.73193
2021-04-24 00:00:00.000,0.1093609325238936,7784971769.666302,6439040666.4882765
2021-04-25 00:00:00.000,0.1030862416705848,7457306852.708662,3872729872.760127
2021-04-26 00:00:00.000,0.1018477904585764,7292450219.714095,2959774936.5247393
2021-04-27 00:00:00.000,0.1172272479027523,8387871727.818096,3387422014.303728
2021-04-28 00:00:00.000,0.1254508440609297,8989772465.637968,3544189675.6824584
2021-04-29 00:00:00.000,0.1230521015557018,8809878815.064253,2965529888.7503533
2021-04-30 00:00:00.000,0.1214948380539803,8707261812.719328,2200076292.3696833
2021-05-01 00:00:00.000,0.1329183115991712,9546012982.734024,2921212394.3109083
2021-05-02 00:00:00.000,0.1313498798806444,9420061426.11783,2449660680.6830106
2021-05-03 00:00:00.000,0.1281719935496691,9176253785.15634,2286067126.417303
2021-05-04 00:00:00.000,0.1322155817463632,9500388148.329073,3344982552.8960624
2021-05-05 00:00:00.000,0.1196454444745042,8675220195.321266,3626604289.357256
2021-05-06 00:00:00.000,0.1462473829631073,10414186273.062277,6393923763.660873
2021-05-07 00:00:00.000,0.1530449208779955,11004086596.476631,7119194924.347904
2021-05-08 00:00:00.000,0.1485400839272502,10631125309.042025,7091574084.943302
2021-05-09 00:00:00.000,0.1440751347822549,10317213557.183372,3940836121.220598
2021-05-10 00:00:00.000,0.1435057509996687,10302446039.802052,3761184260.1041455
2021-05-11 00:00:00.000,0.1287248754981695,9241591409.700556,4155042234.526736
2021-05-12 00:00:00.000,0.1393198214242012,9923964017.035343,5079342795.452479
2021-05-13 00:00:00.000,0.1242282304904753,8955002389.058695,5008302968.057171
2021-05-14 00:00:00.000,0.122158184314522,8690302697.414581,5729318124.019151
2021-05-15 00:00:00.000,0.1252612499539142,8971385976.220955,3616483294.591083
2021-05-16 00:00:00.000,0.1206756835671456,8668229957.837837,3969253311.213204
2021-05-17 00:00:00.000,0.1202963148375799,8620460401.848167,4277319249.223831
2021-05-18 00:00:00.000,0.1126882736390647,8129039310.443459,3790726129.471504
2021-05-19 00:00:00.000,0.1170980346884558,8322538056.060673,3077387878.605068
2021-05-20 00:00:00.000,0.0803339396758136,5834723566.144909,5558010289.015034
2021-05-21 00:00:00.000,0.0889077666174432,6347003817.446217,3964987083.17207
2021-05-22 00:00:00.000,0.0782405633733398,5582016411.339455,3473597890.1854167
2021-05-23 00:00:00.000,0.0759753195450183,5450991930.687521,2726741720.5899925
2021-05-24 00:00:00.000,0.0636695456819885,4530422034.356253,3079077370.9779143
2021-05-25 00:00:00.000,0.0766473050559198,5475573806.074912,3539099856.7217827
2021-05-26 00:00:00.000,0.0772352073702601,5543073326.120173,3405261949.8249474
2021-05-27 00:00:00.000,0.0833587945617908,5967427568.932064,3240538719.5072856
2021-05-28 00:00:00.000,0.0794951088063746,5698072904.151841,2510323348.399202
2021-05-29 00:00:00.000,0.072393406426054,5187727440.306805,2506502475.41026
2021-05-30 00:00:00.000,0.0695654032386351,5004185663.262715,2246914490.781454
2021-05-31 00:00:00.000,0.0719763105714586,5155571503.74169,1766756251.1694498
2021-06-01 00:00:00.000,0.0767033215465973,5494058081.782099,1762007584.056975
2021-06-02 00:00:00.000,0.0761727049807551,5463441274.013716,2101993766.7762775
2021-06-03 00:00:00.000,0.0782196723350785,5599744889.2336855,1607975681.1239674
2021-06-04 00:00:00.000,0.0822537359250789,5913437587.926436,1650989955.972762
2021-06-05 00:00:00.000,0.077440657811799,5554875169.509279,2109667506.0940192
2021-06-06 00:00:00.000,0.0756017998508701,5404695948.4041395,1531313184.9140215
2021-06-07 00:00:00.000,0.0774928111015989,5553151901.878104,1169686561.7840436
2021-06-08 00:00:00.000,0.0711836543678275,5152302964.29092,1281077219.486231
2021-06-09 00:00:00.000,0.0727094140009919,5216586928.359107,2098506228.8237288
2021-06-10 00:00:00.000,0.0755321613415664,5421720344.375081,1667915337.850995
2021-06-11 00:00:00.000,0.0727076245740318,5239213294.061656,1871222076.5551832
2021-06-12 00:00:00.000,0.0692778300162876,4963608016.008687,1479748329.180698
2021-06-13 00:00:00.000,0.0682843879263286,4916900919.6082,1231431562.709299
2021-06-14 00:00:00.000,0.0714611192685074,5120134373.508309,1158125553.783644
2021-06-15 00:00:00.000,0.0722133290526686,5169738716.406862,1172636330.4448514
2021-06-16 00:00:00.000,0.0721107343088877,5182420474.568162,1114269539.468034
2021-06-17 00:00:00.000,0.0687228688375016,4923291263.627463,1307545917.7911282
2021-06-18 00:00:00.000,0.0737071269117703,5247046796.732062,1293375093.1266484
2021-06-19 00:00:00.000,0.0695934981291446,4995449426.765038,1416155159.511358
2021-06-20 00:00:00.000,0.0687280282335764,4930616492.881324,842854110.3117367
2021-06-21 00:00:00.000,0.0680207106528237,4875524580.356112,1021048179.3700676
2021-06-22 00:00:00.000,0.0542302668805902,3919274138.475344,1534217323.0714822
2021-06-23 00:00:00.000,0.0508615306560151,3629554725.077785,2039916855.3013444
2021-06-24 00:00:00.000,0.0569518205384515,4048273503.481018,1658719741.2670715
2021-06-25 00:00:00.000,0.0662323255512099,4747308297.15922,2182903306.5352497
2021-06-26 00:00:00.000,0.0623810693138137,4472857471.687662,1987226599.314012
2021-06-27 00:00:00.000,0.0625582474767426,4482614281.730644,1490286154.413229
2021-06-28 00:00:00.000,0.0649515406319128,4644707064.650472,1119458879.131111
2021-06-29 00:00:00.000,0.0654678363969686,4680048542.361799,1105633905.932893
2021-06-30 00:00:00.000,0.0678991592036479,4877122312.66533,1567418371.2160378
2021-07-01 00:00:00.000,0.068243180225696,4891857389.270165,1707007424.5412474
2021-07-02 00:00:00.000,0.0650364492384272,4656219826.830843,1338402260.9222069
2021-07-03 00:00:00.000,0.0666389445842302,4758781823.610569,1141455725.3376849
2021-07-04 00:00:00.000,0.0669190571398189,4791306599.509775,940066905.9314554
2021-07-05 00:00:00.000,0.0674683205138531,4846858583.414551,1072230608.6629704
2021-07-06 00:00:00.000,0.0648974154135491,4646707802.664574,1066816967.8996298
2021-07-07 00:00:00.000,0.0649501604198151,4648866287.921184,905777527.5900064
2021-07-08 00:00:00.000,0.0644491186398699,4618022351.739675,920669464.2998337
2021-07-09 00:00:00.000,0.0613600176644991,4397188048.739893,1115885436.4321842
2021-07-10 00:00:00.000,0.062580883859682,4480289556.295508,888427762.0962375
2021-07-11 00:00:00.000,0.0616017196678343,4416356903.160505,794567260.314042
2021-07-12 00:00:00.000,0.062098993946625,4451204211.338376,736852906.0243915
2021-07-13 00:00:00.000,0.0605134826706894,4333926240.170025,803133606.4786247
2021-07-14 00:00:00.000,0.0595103205483865,4267207437.762833,749624464.8827816
2021-07-15 00:00:00.000,0.0601009257714516,4301690069.4475975,915703129.3411262
2021-07-16 00:00:00.000,0.0577723087253997,4150344687.1031895,950007952.06841
2021-07-17 00:00:00.000,0.0557954443716368,3994646511.1851406,889507565.874221
2021-07-18 00:00:00.000,0.0561879083246157,4027700145.751839,795005358.722869
2021-07-19 00:00:00.000,0.0563801957040984,4032100423.90554,628402724.0515777
2021-07-20 00:00:00.000,0.0537173240317972,3874345229.675333,705063264.1925838
2021-07-21 00:00:00.000,0.050939421639118,3646469427.6063704,721263963.2048446
2021-07-22 00:00:00.000,0.0541617135595301,3865817169.632203,873895770.7880119
2021-07-23 00:00:00.000,0.0554012816098462,3966691141.815768,790641612.3593249
2021-07-24 00:00:00.000,0.0560056552186649,4011559466.9897447,785461335.3155379
2021-07-25 00:00:00.000,0.0574004478118999,4111849488.434332,766404454.5908313
2021-07-26 00:00:00.000,0.0583595051215258,4180283325.082295,841787700.4374385
2021-07-27 00:00:00.000,0.0584876849563058,4199579876.7479286,1340501744.6504557
2021-07-28 00:00:00.000,0.0600347213217985,4293409697.682392,1104219762.5711966
2021-07-29 00:00:00.000,0.060536085961602,4331102188.549069,1075176539.854905
2021-07-30 00:00:00.000,0.0618168436349725,4444549123.868562,862933013.580304
2021-07-31 00:00:00.000,0.063202783450113,4535158363.86432,944668927.538052
2021-08-01 00:00:00.000,0.0643287532673299,4608623371.928847,975842960.3697108
2021-08-02 00:00:00.000,0.0634570313864932,4527102778.667968,1069825279.2825546
2021-08-03 00:00:00.000,0.0647522259663197,4640158766.52447,1003122119.6952769
2021-08-04 00:00:00.000,0.0642507095123171,4605877375.892519,1026543466.207458
2021-08-05 00:00:00.000,0.0675211619709479,4842934084.450417,988493599.152252
2021-08-06 00:00:00.000,0.0701913528749323,5034227560.821857,1408669270.730574
2021-08-07 00:00:00.000,0.0717056228483157,5141509123.132286,1135096616.1369455
2021-08-08 00:00:00.000,0.0753346079313391,5397882773.255632,1426871176.0993812
2021-08-09 00:00:00.000,0.0716245704469364,5148038779.156252,1503899332.7108762
2021-08-10 00:00:00.000,0.0739110743765379,5290242085.324332,1385050219.1843526
2021-08-11 00:00:00.000,0.0746937607637753,5338971182.436883,1204073106.7691078
2021-08-12 00:00:00.000,0.0832152515232272,5947158350.97321,2308261867.7372093
2021-08-13 00:00:00.000,0.0841338911372656,6021641054.956832,2373097381.7710423
2021-08-14 00:00:00.000,0.0893945504061262,6406569630.018123,1360615922.494432
2021-08-15 00:00:00.000,0.0926402220431725,6655468650.885936,1399490511.3570411
2021-08-16 00:00:00.000,0.0928922813170331,6637746041.814234,1446434999.7185872
2021-08-17 00:00:00.000,0.0896031244478487,6511524171.907341,1486304266.345775
2021-08-18 00:00:00.000,0.0850266469311274,6139318039.293763,1163134410.6953962
2021-08-19 00:00:00.000,0.0852333620280439,6117407163.550883,942981284.1308384
2021-08-20 00:00:00.000,0.0872405236892417,6191415882.864267,1043591667.5639032
2021-08-21 00:00:00.000,0.0899362305867647,6427544176.160671,977265230.0311308
2021-08-22 00:00:00.000,0.0880067904334517,6315952574.901067,927230737.8900522
2021-08-23 00:00:00.000,0.0878453706287537,6301988260.494347,815329314.1906749
2021-08-24 00:00:00.000,0.0898188338408789,6443448570.0598,1152805093.9693198
2021-08-25 00:00:00.000,0.0849158353982117,6118736855.660526,1244886137.465932
2021-08-26 00:00:00.000,0.0874803575026919,6270617577.917241,1072126835.504711
2021-08-27 00:00:00.000,0.0839957013267927,6046520091.622303,1109541354.0476544
2021-08-28 00:00:00.000,0.088189080016019,6320438421.240973,1125086981.7137368
2021-08-29 00:00:00.000,0.0884225158976462,6330187143.34419,911664081.4683692
2021-08-30 00:00:00.000,0.0886538985358357,6344233158.752125,1103455271.2376635
2021-08-31 00:00:00.000,0.0864887500751657,6182969917.670349,1004782749.6040914
2021-09-01 00:00:00.000,0.0889746410282616,6375540061.60153,1379178624.6021547
2021-09-02 00:00:00.000,0.0950287641465196,6800091205.241318,1338861801.427057
2021-09-03 00:00:00.000,0.0998349695641142,7148388173.684283,1745078807.032725
2021-09-04 00:00:00.000,0.1014734429353472,7266989718.11827,1942083624.9715867
2021-09-05 00:00:00.000,0.1019658695231897,7307897951.948546,1353529238.8955407
2021-09-06 00:00:00.000,0.1048105637534866,7501222320.402261,1350457104.6882606
2021-09-07 00:00:00.000,0.1040429256791803,7470598235.550796,1398401026.8883538
2021-09-08 00:00:00.000,0.0858574445452729,6131994068.630317,2171550694.9090414
2021-09-09 00:00:00.000,0.0927538935874372,6687840798.037855,3294345755.9272285
2021-09-10 00:00:00.000,0.0931489182601416,6681789913.860314,1564322116.919231
2021-09-11 00:00:00.000,0.0908588040838155,6502702520.455925,1773522749.7739072
2021-09-12 00:00:00.000,0.0951399833663794,6818065573.3463,1791083048.7477098
2021-09-13 00:00:00.000,0.1128660214767217,8121828722.868065,4294836558.1059623
2021-09-14 00:00:00.000,0.1052184772150703,7525668046.247975,3033611368.340398
2021-09-15 00:00:00.000,0.1181026928429812,8444974859.453039,3555707704.2127385
2021-09-16 00:00:00.000,0.1199478421774358,8589280503.382593,2402082650.9627547
2021-09-17 00:00:00.000,0.1165105747410284,8339272681.633529,2047413048.7449112
2021-09-18 00:00:00.000,0.10540796787619,7581606026.630986,2416052199.4912844
2021-09-19 00:00:00.000,0.106198122513468,7596066905.453642,1333673951.3225198
2021-09-20 00:00:00.000,0.1040421003613371,7458164352.522046,1114811770.5372975
2021-09-21 00:00:00.000,0.0919313725815724,6556784000.345539,2097365935.2745557
2021-09-22 00:00:00.000,0.0876871606273381,6289670610.567988,1770844743.237735
2021-09-23 00:00:00.000,0.0987782000301868,7069292148.140335,1476083311.0660102
2021-09-24 00:00:00.000,0.0994008604946255,7118167888.167971,1137678238.1390312
2021-09-25 00:00:00.000,0.0921900063251262,6671234628.202998,1559415387.5869412
2021-09-26 00:00:00.000,0.0911400994899724,6537410952.122335,1216973749.0869744
2021-09-27 00:00:00.000,0.0878513247893498,6379219115.529487,1468649349.4437022
2021-09-28 00:00:00.000,0.0861473588533629,6181215435.679347,1247473171.1570363
2021-09-29 00:00:00.000,0.083125746941858,5995099723.487753,1195241842.3973403
2021-09-30 00:00:00.000,0.0861985483937141,6168662679.492114,1121902430.1055982
2021-10-01 00:00:00.000,0.0894986898352883,6418268353.952703,975275033.7576264
2021-10-02 00:00:00.000,0.0947983942237723,6784289536.113838,1180672462.4224572
2021-10-03 00:00:00.000,0.0940276746451928,6731408408.525218,959169144.2308828
2021-10-04 00:00:00.000,0.0952120338634057,6827302617.522502,993336551.6565074
2021-10-05 00:00:00.000,0.0938406281620836,6739064613.560965,1242528699.0685143
2021-10-06 00:00:00.000,0.0969179777512996,6951318081.410361,1868328830.023554
2021-10-07 00:00:00.000,0.0955676735908368,6845844415.724512,1770767122.2632537
2021-10-08 00:00:00.000,0.0955725775020008,6840491203.821792,1672386686.375429
2021-10-09 00:00:00.000,0.0975361971257426,6987887893.779382,1440005271.3174772
2021-10-10 00:00:00.000,0.1030300974983461,7377292772.800161,1811487832.60498
2021-10-11 00:00:00.000,0.0979012656394706,7011748492.703033,1208472184.5723312
2021-10-12 00:00:00.000,0.0974783717021135,6959986242.651012,1084974461.2839544
2021-10-13 00:00:00.000,0.0954060543196551,6837490720.476953,1277122232.1957233
2021-10-14 00:00:00.000,0.0979834868205665,7021113992.167866,1248307749.71621
2021-10-15 00:00:00.000,0.0973433613832617,6973557839.023721,1129886616.084923
2021-10-16 00:00:00.000,0.0992627715623825,7115856141.172952,1568145089.8815331
2021-10-17 00:00:00.000,0.0992479142598265,7125295197.333704,1056197685.1744752
2021-10-18 00:00:00.000,0.0988752564795939,7084499833.207126,1155296354.0317092
2021-10-19 00:00:00.000,0.0981536307051388,7077763831.056798,1098320416.4953833
2021-10-20 00:00:00.000,0.1009368496897939,7216154845.333405,1277506794.1882334
2021-10-21 00:00:00.000,0.1036020639633707,7427018478.3108015,1809042148.327096
2021-10-22 00:00:00.000,0.0999918075994891,7167822075.415305,1592088261.2033286
2021-10-23 00:00:00.000,0.1002765740688656,7190116969.528042,1409226530.9707515
2021-10-24 00:00:00.000,0.1012477362399175,7257673146.668205,1229596625.3544223
2021-10-25 00:00:00.000,0.0996667664617031,7120232022.683978,1231400062.778366
2021-10-26 00:00:00.000,0.1012831248457192,7257158646.969951,1559123108.1552494
2021-10-27 00:00:00.000,0.1013646880783876,7282683639.927293,2599712266.654586
2021-10-28 00:00:00.000,0.0911802581021035,6545953693.220797,2095913148.005128
2021-10-29 00:00:00.000,0.0955399418773762,6843888444.194762,2607788658.5116086
2021-10-30 00:00:00.000,0.0996243019064885,7114392045.653388,2332746866.870401
2021-10-31 00:00:00.000,0.101139268775244,7237963615.93737,2677170155.3881416
2021-11-01 00:00:00.000,0.1013931526349417,7268165381.6175165,2482494898.0033627
2021-11-02 00:00:00.000,0.1007349731197935,7211485284.483595,1560107910.5964203
2021-11-03 00:00:00.000,0.1076424592070899,7659729754.110484,2481991618.641267
2021-11-04 00:00:00.000,0.1059179498313598,7585709950.119215,2512188260.2124186
2021-11-05 00:00:00.000,0.1038525910068464,7401636619.151913,1828198437.1194985
2021-11-06 00:00:00.000,0.1039297232712881,7437973266.997576,1521001066.1190126
2021-11-07 00:00:00.000,0.1027853802004482,7361634823.021682,1625368019.8946557
2021-11-08 00:00:00.000,0.1048599798526815,7504695263.105039,1626462562.214405
2021-11-09 00:00:00.000,0.1098100057870263,7918145103.810273,2352575771.324397
2021-11-10 00:00:00.000,0.1146977408569794,8211030802.96012,2803782851.54849
2021-11-11 00:00:00.000,0.106718543952643,7614435238.2881775,2898294866.551449
2021-11-12 00:00:00.000,0.1093256193618855,7850471647.349402,2156715929.80239
2021-11-13 00:00:00.000,0.1082550353153584,7756925639.262989,2222111100.6338773
2021-11-14 00:00:00.000,0.11311651955629,8115673606.83335,2669517774.772698
2021-11-15 00:00:00.000,0.1176493383904003,8367331915.194213,2268282397.0031266
2021-11-16 00:00:00.000,0.1244366267441914,8909910645.264053,3245667582.8587456
2021-11-17 00:00:00.000,0.1103960056251924,7915661175.209758,2786173187.153168
2021-11-18 00:00:00.000,0.1119016986066486,8002973514.378011,2027620492.148677
2021-11-19 00:00:00.000,0.1006236366442814,7193797543.362866,1989239406.6874428
2021-11-20 00:00:00.000,0.1048094448367013,7484602980.586602,2369312037.1600113
2021-11-21 00:00:00.000,0.1058072621067499,7578711113.940686,2036723219.978972
2021-11-22 00:00:00.000,0.1079596646787514,7777029909.090457,2005959969.194109
2021-11-23 00:00:00.000,0.1021098340268354,7309254929.039865,2118601397.8070111
2021-11-24 00:00:00.000,0.1032788340942077,7400227729.488686,1900760510.8042543
2021-11-25 00:00:00.000,0.0980562749828462,7032037434.8212385,1505875663.5238547
2021-11-26 00:00:00.000,0.1001300293044506,7188344042.415866,1369099291.778434
2021-11-27 00:00:00.000,0.092501509501097,6608747634.419821,2471791482.36428
2021-11-28 00:00:00.000,0.0932348108391821,6671601350.88517,1718982160.520244
2021-11-29 00:00:00.000,0.0951160324316028,6806348116.029976,2425848857.1202803
2021-11-30 00:00:00.000,0.0969124979323587,6938881686.471685,1833612008.0415597
2021-12-01 00:00:00.000,0.0965855667246271,6942321047.392308,2099466338.792728
2021-12-02 00:00:00.000,0.0983251331161578,7046000683.218771,2298257350.6474857
2021-12-03 00:00:00.000,0.0975666203888844,6995626253.671201,2042976155.105433
2021-12-04 00:00:00.000,0.0943459227298343,6778696851.033451,2269666040.778019
2021-12-05 00:00:00.000,0.0869591408460489,6234303627.954628,2567749082.160594
2021-12-06 00:00:00.000,0.0843542084344678,6035288316.513233,1555194802.5277977
2021-12-07 00:00:00.000,0.0875346900835164,8903699478.044302,2228571094.2235117
2021-12-08 00:00:00.000,0.0906054724702251,9229329944.133204,1523284513.615851
2021-12-09 00:00:00.000,0.0926457847190245,9448679541.978643,1439853453.632857
2021-12-10 00:00:00.000,0.0893911103271557,9141151123.652592,1108753827.354912
2021-12-11 00:00:00.000,0.0881978143223614,9051651304.504871,981391433.7327404
2021-12-12 00:00:00.000,0.0914661535753127,9329884574.105316,887374930.9116073
2021-12-13 00:00:00.000,0.091235655092333,9283126285.94631,757238130.672755
2021-12-14 00:00:00.000,0.0850972120906398,8677911024.888115,929627081.6233152
2021-12-15 00:00:00.000,0.0872675316294526,8872208697.900026,1254333371.6147895
2021-12-16 00:00:00.000,0.0878388191868688,8930802803.419674,1353775852.0228682
2021-12-17 00:00:00.000,0.0855595803612658,8686429917.300417,1191913930.0852172
2021-12-18 00:00:00.000,0.0798784688192802,8133145278.036827,2119104391.5277
2021-12-19 00:00:00.000,0.0805500920508421,8211718397.8537,1033844407.4647988
2021-12-20 00:00:00.000,0.0796903984905428,8118309440.189822,701851627.5415741
2021-12-21 00:00:00.000,0.077954021642829,7959933182.514406,1278697031.103093
2021-12-22 00:00:00.000,0.079237792706232,8100379682.235535,1040039112.8238432
2021-12-23 00:00:00.000,0.079363283122382,8100635514.41875,933175183.7581284
2021-12-24 00:00:00.000,0.0828326958075362,8430958585.155201,1068958222.7097282
2021-12-25 00:00:00.000,0.0811922571536567,8284164400.91559,953514581.6377465
2021-12-26 00:00:00.000,0.0818135028375454,8356628444.472547,1169089899.8676465
2021-12-27 00:00:00.000,0.0817061677429431,8318536665.088092,985767882.7376248
2021-12-28 00:00:00.000,0.0812773189851137,8290655513.40085,967800269.540168
2021-12-29 00:00:00.000,0.0774646970679913,7913059728.280379,1259123967.936489
2021-12-30 00:00:00.000,0.0767181541165726,7771043749.287916,1227580506.7820952
2021-12-31 00:00:00.000,0.0779212805500288,7922530750.102761,1099372234.3045158
2022-01-01 00:00:00.000,0.0754757850159939,7696011278.03727,1170440136.489346
2022-01-02 00:00:00.000,0.0769260749022018,7835256986.28311,1084858727.3326735
2022-01-03 00:00:00.000,0.0777775283966126,7936357895.404004,1227473918.463449
2022-01-04 00:00:00.000,0.0772209455663332,7877103423.190404,1201238546.792717
2022-01-05 00:00:00.000,0.0761593022556355,7820742052.681737,1165972107.383606
2022-01-06 00:00:00.000,0.0715850233429208,7306843014.448678,1379417721.383836
2022-01-07 00:00:00.000,0.0712405804785678,7276002630.1016655,1662405927.047125
2022-01-08 00:00:00.000,0.0683025105774807,6948734392.08716,1390917047.9438794
2022-01-09 00:00:00.000,0.0655264100192179,6700800919.199058,944627397.5628226
2022-01-10 00:00:00.000,0.0661783286623009,6725768320.484817,794171655.0143703
2022-01-11 00:00:00.000,0.0635964269780533,6479162320.32872,1083433184.4147213
2022-01-12 00:00:00.000,0.0650427981601958,6631556032.224934,901564639.1055636
2022-01-13 00:00:00.000,0.0682373106084202,6952130690.178968,710358565.8199073
2022-01-14 00:00:00.000,0.0662469682026822,6781268903.416167,926839958.2202471
2022-01-15 00:00:00.000,0.067732708403753,6876820997.350934,1099320913.0722346
2022-01-16 00:00:00.000,0.068668086505164,6981792569.351243,649753583.083913
2022-01-17 00:00:00.000,0.0698959073823616,7120209501.752694,701916185.4339432
2022-01-18 00:00:00.000,0.0708784428278195,7219174836.066005,1041494870.396601
2022-01-19 00:00:00.000,0.0685253677791249,6985859656.395757,969230487.073086
2022-01-20 00:00:00.000,0.0691814623073845,7056383739.285192,922268137.5461788
2022-01-21 00:00:00.000,0.0678013701909922,6915067657.468345,834153783.2455728
2022-01-22 00:00:00.000,0.0608669988889942,6222070889.684478,1296246342.3287237
2022-01-23 00:00:00.000,0.0569660541523492,5777973700.279718,1708233827.6315029
2022-01-24 00:00:00.000,0.057503279171235,5856262052.587541,1097511853.0599306
2022-01-25 00:00:00.000,0.0553583132584989,5645316393.034499,1438543625.9074678
2022-01-26 00:00:00.000,0.0560765747128058,5705623103.24,976424489.3589356
2022-01-27 00:00:00.000,0.0563460984035602,5761545714.16578,877213707.1853669
2022-01-28 00:00:00.000,0.0567194682564269,5759903695.113467,691996760.1973212
2022-01-29 00:00:00.000,0.0577802772912489,5879664638.751628,536887589.4674878
2022-01-30 00:00:00.000,0.0605167722514607,6152246986.7808275,602442935.2960805
2022-01-31 00:00:00.000,0.0588566041593834,6001497325.805464,464344478.78235584
2022-02-01 00:00:00.000,0.0591154119028065,6004039263.75785,688555578.4878492
2022-02-02 00:00:00.000,0.0600040951144975,6109212878.220522,623934825.2238204
2022-02-03 00:00:00.000,0.0588256534173403,5992321151.965238,634696100.7559065
2022-02-04 00:00:00.000,0.0597797974277752,6076043898.351555,740284805.4844991
2022-02-05 00:00:00.000,0.0646972555189533,6556308005.237055,855003322.8095155
2022-02-06 00:00:00.000,0.0650458826941763,6628911341.675292,747173745.436152
2022-02-07 00:00:00.000,0.0663311270569265,6761651568.786258,562814468.8815484
2022-02-08 00:00:00.000,0.0688320107566661,7009644993.84351,777010353.2529938
2022-02-09 00:00:00.000,0.0682300119361196,6945429753.846851,1016045839.1554358
2022-02-10 00:00:00.000,0.0699655657700697,7118701902.260894,991860356.7666832
2022-02-11 00:00:00.000,0.0687570256544399,7007982198.877834,1006521204.669796
2022-02-12 00:00:00.000,0.0641659118642036,6524742459.230458,1133001966.988374
2022-02-13 00:00:00.000,0.0634834600587919,6442949835.1921215,892640661.3073082
2022-02-14 00:00:00.000,0.0645080490818904,6558561392.388857,794976108.7482257
2022-02-15 00:00:00.000,0.0645854678276623,6573430764.716086,686384760.7139214
2022-02-16 00:00:00.000,0.0667939876160576,6815958007.333448,708978142.5242265
2022-02-17 00:00:00.000,0.0665308887649566,6788181953.955462,691110915.8044595
2022-02-18 00:00:00.000,0.0625282121686815,6371329450.7738,871887044.4121445
2022-02-19 00:00:00.000,0.0632391478879296,6451453444.555758,729662719.8030758
2022-02-20 00:00:00.000,0.0636702694699859,6471680482.261996,632106420.9206908
2022-02-21 00:00:00.000,0.0622997826443837,6344658709.643487,690627775.3169665
2022-02-22 00:00:00.000,0.0599565669440341,6124433696.109699,873568220.6352081
2022-02-23 00:00:00.000,0.0627197016522421,6397633608.201607,773598639.8840843
2022-02-24 00:00:00.000,0.0610988176984108,6214144329.147232,763568710.8138322
2022-02-25 00:00:00.000,0.0611932339857616,6231860911.279884,954314125.294624
2022-02-26 00:00:00.000,0.0597694175434873,6102662325.585559,1089779226.743292
2022-02-27 00:00:00.000,0.0596893330335802,6044895178.014933,747407548.0086055
2022-02-28 00:00:00.000,0.0581777072294206,5910532395.650284,1152605365.4807398
2022-03-01 00:00:00.000,0.061744686482612,6270077051.892489,808985002.4998729
2022-03-02 00:00:00.000,0.0621012054980081,6318593218.908888,636477316.7384039
2022-03-03 00:00:00.000,0.0615534618159684,6258599698.978448,568234233.2667983
2022-03-04 00:00:00.000,0.0600174604042342,6109289027.265313,663509982.3352157
2022-03-05 00:00:00.000,0.0582785325024564,5920221388.819149,768453698.7167302
2022-03-06 00:00:00.000,0.0604907164131034,6158916001.958376,747236112.3564208
2022-03-07 00:00:00.000,0.0589521231050072,5994247376.677032,773418724.0298239
2022-03-08 00:00:00.000,0.0585091044554037,5945641776.602922,866838303.0756549
2022-03-09 00:00:00.000,0.0605505878965991,6159651892.861443,1066851895.6364008
2022-03-10 00:00:00.000,0.0608130453723491,6182785047.624863,1209142655.0824578
2022-03-11 00:00:00.000,0.0599148918700203,6095183396.74773,1229076896.4841251
2022-03-12 00:00:00.000,0.0602752302079076,6144160715.052086,868332458.5866543
2022-03-13 00:00:00.000,0.0596921268071272,6074133408.309541,532890367.6534104
2022-03-14 00:00:00.000,0.0594005953167884,6041733435.772571,526861415.23917395
2022-03-15 00:00:00.000,0.0601258020161342,6113770683.384976,627821781.4097726
2022-03-16 00:00:00.000,0.0605266110539635,6156606874.904727,572573650.8486372
2022-03-17 00:00:00.000,0.0611032660903158,6207998440.205969,592061749.759347
2022-03-18 00:00:00.000,0.060860032401125,6184437656.876998,406653591.41759074
2022-03-19 00:00:00.000,0.0617853292412792,6287651610.679391,481863674.3949786
2022-03-20 00:00:00.000,0.0618761173972925,6291979283.680014,538254595.7006634
2022-03-21 00:00:00.000,0.0614337536821979,6250260360.027414,696905438.2048665
2022-03-22 00:00:00.000,0.0617672451638692,6280768446.540996,719276598.7335675
2022-03-23 00:00:00.000,0.0634500849039744,6438513554.919491,790994963.0855192
2022-03-24 00:00:00.000,0.0642675307925233,6533392928.800625,688732763.5708911
2022-03-25 00:00:00.000,0.0655152969028529,6663070616.031911,742609945.8184283
2022-03-26 00:00:00.000,0.0644395188077145,6557137509.846743,709592825.4340721
2022-03-27 00:00:00.000,0.0661006226545785,6715404603.890046,867301399.8015418
2022-03-28 00:00:00.000,0.0689581266862367,7005992687.035125,1141462363.9340906
2022-03-29 00:00:00.000,0.0689895800015522,7061509685.169052,1030766792.3804218
2022-03-30 00:00:00.000,0.0692871088625602,7041555661.189295,890830314.6824042
2022-03-31 00:00:00.000,0.0730769594160868,7454721479.102833,1607307634.899821
2022-04-01 00:00:00.000,0.0738849213322929,7474549340.863073,1822112580.6868365
2022-04-02 00:00:00.000,0.0748043945093556,7606618133.079142,1003451041.0136352
2022-04-03 00:00:00.000,0.0732332248098558,7455027619.387495,929570315.2873576
2022-04-04 00:00:00.000,0.0730263675683157,7422134585.083509,871107479.6820884
2022-04-05 00:00:00.000,0.0707767705093494,7194639897.12875,1387861693.1481378
2022-04-06 00:00:00.000,0.0694407358326595,7069254718.53571,1400060210.6334274
2022-04-07 00:00:00.000,0.0632048364155585,6436733771.336339,1448266258.6879983
2022-04-08 00:00:00.000,0.0644530293056102,6562939354.612315,920992878.7146188
2022-04-09 00:00:00.000,0.062605993165255,6342603676.846702,856759740.5779924
2022-04-10 00:00:00.000,0.0639948313801054,6505728701.919788,1091368233.490021
2022-04-11 00:00:00.000,0.0626558965310738,6378164761.476822,1048692408.4059048
2022-04-12 00:00:00.000,0.0582439635082301,5937560449.380592,1021577384.7376466
2022-04-13 00:00:00.000,0.0601136528375287,6110575894.55131,1008420728.3616414
2022-04-14 00:00:00.000,0.0616451006839994,6263700202.478699,1003572333.6084062
2022-04-15 00:00:00.000,0.0602090503796586,6123250181.755159,1047816026.3293618
2022-04-16 00:00:00.000,0.0619430796488676,6288899899.3008795,1044288181.5653352
2022-04-17 00:00:00.000,0.0620386327701206,6320313980.841611,855325188.1900074
2022-04-18 00:00:00.000,0.0601547885707182,6120354999.931506,1100128415.929272
2022-04-19 00:00:00.000,0.0615688903547133,6257250913.358381,1089778777.2229297
2022-04-20 00:00:00.000,0.0633600889363203,6441957869.452334,982041498.968627
2022-04-21 00:00:00.000,0.062652600994678,6367534491.103569,981696474.104082
2022-04-22 00:00:00.000,0.0715298020675484,7305851708.527608,3570252224.243797
2022-04-23 00:00:00.000,0.0667947239012391,6788991890.736116,2012444409.6720695
2022-04-24 00:00:00.000,0.067670873250718,6898853614.2506075,916856596.1309292
2022-04-25 00:00:00.000,0.0656498631676576,6691864065.304476,779301092.615693
2022-04-26 00:00:00.000,0.0654045504927987,6644480784.039529,897385077.6375666
2022-04-27 00:00:00.000,0.0619417109986846,6295225288.211521,764594465.3887984
2022-04-28 00:00:00.000,0.0631801792386105,6421832718.17672,773743583.801736
2022-04-29 00:00:00.000,0.0636531090408246,6462928665.758913,759314849.1670182
2022-04-30 00:00:00.000,0.0636299002419549,6476916958.174647,1579647132.592829
2022-05-01 00:00:00.000,0.0631023236092311,6385332847.123686,1104564765.2536695
2022-05-02 00:00:00.000,0.0710431493469918,7239049997.1764145,2039504044.2470844
2022-05-03 00:00:00.000,0.0686812446054636,6972760269.021998,1857991728.894888
2022-05-04 00:00:00.000,0.0722683709054753,7342896778.505876,1972370974.2216587
2022-05-05 00:00:00.000,0.0863601621654519,8614194067.849127,3366010056.6548467
2022-05-06 00:00:00.000,0.0748302032221577,7608697291.768411,3037730592.300389
2022-05-07 00:00:00.000,0.0863846361163192,8827194351.894855,3944911794.961082
2022-05-08 00:00:00.000,0.0835493569314973,8260022150.580339,3286327228.967874
2022-05-09 00:00:00.000,0.0877601172009745,8613520193.41316,3299256261.165292
2022-05-10 00:00:00.000,0.0737911461141918,7298141093.219051,3263671360.9438972
2022-05-11 00:00:00.000,0.0770891490874762,7548795531.106435,2782048988.1959367
2022-05-12 00:00:00.000,0.0750308649388126,6981355679.971085,4391362159.832431
2022-05-13 00:00:00.000,0.0675780224512386,6629405043.642403,2540504479.8109403
2022-05-14 00:00:00.000,0.0743354384594772,7318269427.206523,1640580148.057439
2022-05-15 00:00:00.000,0.0727808530244013,7135186930.54151,1034884632.9974872
2022-05-16 00:00:00.000,0.0723695937192271,7099005602.586279,934498660.4260324
2022-05-17 00:00:00.000,0.0692079614598323,6772862403.108766,813940453.2697284
2022-05-18 00:00:00.000,0.0724953177375161,7079694426.208563,939545813.938618
2022-05-19 00:00:00.000,0.0711131334558575,6947016901.32857,822707527.3219446
2022-05-20 00:00:00.000,0.0739535130606196,7202546744.503842,974679869.725549
2022-05-21 00:00:00.000,0.0714449639938248,6933089414.817311,973613743.2481143
2022-05-22 00:00:00.000,0.0741660802605316,7187340320.9636135,726374697.7641218
2022-05-23 00:00:00.000,0.0781574459391829,7467872787.180803,832707135.667706
2022-05-24 00:00:00.000,0.0763026331917921,7266664111.060217,1371583075.1101887
2022-05-25 00:00:00.000,0.0805837964337202,7621164168.874679,1630935808.8908153
2022-05-26 00:00:00.000,0.0846974107198607,8023557573.224054,1423424162.4404554
2022-05-27 00:00:00.000,0.0825311676982689,7775617084.784505,2037808918.38266
2022-05-28 00:00:00.000,0.0806071940954854,7552271063.907419,1545888032.348024
2022-05-29 00:00:00.000,0.0813944210079635,7647535122.533755,866154727.4520147
2022-05-30 00:00:00.000,0.080604533208621,7549701426.815316,758389941.7001987
2022-05-31 00:00:00.000,0.0833595752471593,7833461670.710796,960781957.683166
2022-06-01 00:00:00.000,0.0841300520330373,7904025076.31736,1040511733.9950926
2022-06-02 00:00:00.000,0.0835513686868477,7789215830.398858,1941480517.0486617
2022-06-03 00:00:00.000,0.0841117586539808,7871911352.743436,1125256715.3949916
2022-06-04 00:00:00.000,0.0811199271396744,7553655360.122865,843625588.4995643
2022-06-05 00:00:00.000,0.0804692932692937,7478097658.344221,984964060.5584503
2022-06-06 00:00:00.000,0.0814485407835347,7610543844.011318,634272942.9994378
2022-06-07 00:00:00.000,0.0817614437288922,7658731160.823056,839622893.3017958
2022-06-08 00:00:00.000,0.0825004464419785,7667257877.387631,957098760.1732574
2022-06-09 00:00:00.000,0.0804977292637198,7481118010.603173,825947823.354145
2022-06-10 00:00:00.000,0.0809175238997746,7503283314.818169,714324163.4587526
2022-06-11 00:00:00.000,0.0789797873190954,7328590876.135596,761438219.2516803
2022-06-12 00:00:00.000,0.0760248033157242,7029336076.7588625,841953793.4062178
2022-06-13 00:00:00.000,0.0769944868575392,7135905967.122689,1098839475.9214168
2022-06-14 00:00:00.000,0.0638428675447729,5888398952.779114,2809538219.439102
2022-06-15 00:00:00.000,0.0561053551110402,5170111312.917455,2133296229.564728
2022-06-16 00:00:00.000,0.0629947855801169,5844412890.422818,3389313133.0192013
2022-06-17 00:00:00.000,0.0592031952918263,5478721679.382903,1233000081.6462908
2022-06-18 00:00:00.000,0.0600050560429205,5564191130.23848,855888200.1804221
2022-06-19 00:00:00.000,0.0609808988099924,5628692562.986753,1209696013.868776
2022-06-20 00:00:00.000,0.0614603637915947,5683320018.971056,915220636.7713633
2022-06-21 00:00:00.000,0.061324215489852,5675818265.148198,656701265.5243415
2022-06-22 00:00:00.000,0.0648476427138536,6012844785.776308,713590680.3350557
2022-06-23 00:00:00.000,0.0631835010111004,5856274097.723415,568907794.2557275
2022-06-24 00:00:00.000,0.0637734486202067,5893091989.42311,505353719.9947936
2022-06-25 00:00:00.000,0.066197491657644,6135377773.794831,638737770.5371314
2022-06-26 00:00:00.000,0.064917745254754,6010024190.969024,465237936.54764247
2022-06-27 00:00:00.000,0.0650950866957275,6036169202.230749,453390680.8151048
2022-06-28 00:00:00.000,0.0670929953727711,6203129407.204585,841418539.9560281
2022-06-29 00:00:00.000,0.0660498625024142,6101874606.499174,795391808.4406079
2022-06-30 00:00:00.000,0.0648714765735568,6002921515.088575,630209570.873469
2022-07-01 00:00:00.000,0.0639999220378371,5885419101.169498,781048266.4381965
2022-07-02 00:00:00.000,0.0652300355298573,6044865584.739744,788512073.8764224
2022-07-03 00:00:00.000,0.0648863990373451,5997619598.830482,428627047.67137873
2022-07-04 00:00:00.000,0.0663361501102919,6138763890.1249275,584498468.793923
2022-07-05 00:00:00.000,0.0673220811118335,6213354355.856176,595081779.8607553
2022-07-06 00:00:00.000,0.06818929765224,6318404751.413228,653048657.5515249
2022-07-07 00:00:00.000,0.067657846710416,6259163905.816946,528531227.0593568
2022-07-08 00:00:00.000,0.0687579677806489,6357590576.792723,618549744.1460806
2022-07-09 00:00:00.000,0.0694029141699874,6423186414.595803,668313316.4046267
2022-07-10 00:00:00.000,0.0698541561652087,6468139869.861107,541733350.6914016
2022-07-11 00:00:00.000,0.0676931327018699,6260346870.291954,508062184.9308069
2022-07-12 00:00:00.000,0.0647578093805519,5992617473.899961,507938430.36513686
2022-07-13 00:00:00.000,0.0648074324165304,5999039526.1282625,536431744.07875246
2022-07-14 00:00:00.000,0.0662309838037703,6123625562.194167,722177308.3815565
2022-07-15 00:00:00.000,0.0669423099641679,6193735660.180534,579596117.9353743
2022-07-16 00:00:00.000,0.0670818111230405,6191972001.59197,488359775.451892
2022-07-17 00:00:00.000,0.0688984988618949,6372382601.947216,541722148.2509593
2022-07-18 00:00:00.000,0.0675561153591775,6256613944.87007,496364067.2997758
2022-07-19 00:00:00.000,0.0690741877032221,6365820017.143114,754832794.2583959
2022-07-20 00:00:00.000,0.069096977842063,6392128730.670324,747696443.6413324
2022-07-21 00:00:00.000,0.0676755263035021,6266741669.695986,697598228.9727154
2022-07-22 00:00:00.000,0.0680377846663803,6292039653.618262,547524259.4142305
2022-07-23 00:00:00.000,0.0670835987623664,6193909013.405083,474842702.28030545
2022-07-24 00:00:00.000,0.0671217875098649,6200172297.331205,433815078.6153029
2022-07-25 00:00:00.000,0.0669608833462423,6202676346.736143,443700607.0334044
2022-07-26 00:00:00.000,0.0639822704145293,5940172389.19914,517496150.0032744
2022-07-27 00:00:00.000,0.0654320704221921,6047152620.455172,485003569.2529702
2022-07-28 00:00:00.000,0.0685879878507564,6339747133.546662,598081029.7578758
2022-07-29 00:00:00.000,0.0697348687700574,6454052267.927115,669860183.1400391
2022-07-30 00:00:00.000,0.069528751717455,6469003755.780112,685731775.9324002
2022-07-31 00:00:00.000,0.0692389533422238,6396542126.170199,504224918.6104056
2022-08-01 00:00:00.000,0.0691038610757018,6380766593.682297,446565020.8236667
2022-08-02 00:00:00.000,0.0700346006241921,6467132170.2834215,500510681.8996904
2022-08-03 00:00:00.000,0.0686167413435739,6342380172.713162,558010194.7502289
2022-08-04 00:00:00.000,0.067934889334692,6278523246.620753,401335852.48354834
2022-08-05 00:00:00.000,0.0692293957532768,6389788757.005351,404734893.9389934
2022-08-06 00:00:00.000,0.0698450613391545,6446387870.426917,370374401.697017
2022-08-07 00:00:00.000,0.0695667456229313,6435869472.194458,289458642.1910704
2022-08-08 00:00:00.000,0.0697975233869974,6442486109.271971,268679469.0153964
2022-08-09 00:00:00.000,0.070208331477174,6492460305.349321,324154435.7438169
2022-08-10 00:00:00.000,0.0687163995869151,6347807056.64813,381518688.5094877
2022-08-11 00:00:00.000,0.0704506547386194,6508359956.411694,369945831.5223394
2022-08-12 00:00:00.000,0.0704039710845281,6504736847.733448,376543005.2993259
2022-08-13 00:00:00.000,0.0706407037939894,6525560581.780926,336644187.6207494
2022-08-14 00:00:00.000,0.0700337430010916,6470366544.646537,356969349.54326975
2022-08-15 00:00:00.000,0.07045155663503,6507748973.165096,450995691.90439975
2022-08-16 00:00:00.000,0.0691202770865525,6385360282.007064,437143941.06220406
2022-08-17 00:00:00.000,0.0699285753382275,6460198326.948484,385358181.6007066
2022-08-18 00:00:00.000,0.0683087919148029,6311485263.980992,426586026.49426407
2022-08-19 00:00:00.000,0.0676229670034622,6246600149.774874,364296954.9677534
2022-08-20 00:00:00.000,0.0643305528706923,5948265977.896695,528117963.5091081
2022-08-21 00:00:00.000,0.0658942066820363,6092448043.397532,342356763.98389816
2022-08-22 00:00:00.000,0.0662865517850999,6132041029.176459,318089992.7926509
2022-08-23 00:00:00.000,0.0656141497420741,6054521711.285225,346275915.98828477
2022-08-24 00:00:00.000,0.0663630344198,6134104205.207015,463579850.496198
2022-08-25 00:00:00.000,0.06490528770877,5990112844.463937,352935655.4305544
2022-08-26 00:00:00.000,0.0656021893824521,6062505563.892284,286471261.71994716
2022-08-27 00:00:00.000,0.0617575248208875,5711541027.804013,450779810.4710538
2022-08-28 00:00:00.000,0.0630375700141148,5823556629.139048,314016048.7241814
2022-08-29 00:00:00.000,0.0617807414459616,5703366495.944585,209539336.4854804
2022-08-30 00:00:00.000,0.0634893086117866,5862691792.378906,299827642.6252819
2022-08-31 00:00:00.000,0.0648504350706549,5988559884.181512,608488936.5803574
2022-09-01 00:00:00.000,0.0634534146920128,5866227981.774854,341091688.50987303
2022-09-02 00:00:00.000,0.0634273591843921,5849628938.043946,308222502.0131482
2022-09-03 00:00:00.000,0.0626314994562532,5786119568.135833,279020437.9997723
2022-09-04 00:00:00.000,0.0631330120255388,5838234403.310514,186599249.23836696
2022-09-05 00:00:00.000,0.0635624525998581,5868655586.777971,197806013.5143968
2022-09-06 00:00:00.000,0.0629377120984114,5815600914.788639,255160962.5287845
2022-09-07 00:00:00.000,0.0609257115109892,5631829446.193979,377182149.7030359
2022-09-08 00:00:00.000,0.0619011969353075,5720667278.508543,308959373.69832945
2022-09-09 00:00:00.000,0.06128805953713,5657119627.290851,401388789.8370169
2022-09-10 00:00:00.000,0.0634203181118088,5855650753.479467,390241197.4189318
2022-09-11 00:00:00.000,0.0647471666672373,5962549287.980442,363819516.1925806
2022-09-12 00:00:00.000,0.0640588670541064,5917515579.987269,299237778.3535494
2022-09-13 00:00:00.000,0.0637702351813723,5886947527.923895,413963303.63347554
2022-09-14 00:00:00.000,0.0607148099666133,5617648790.060551,405468263.65344816
2022-09-15 00:00:00.000,0.0616711711551038,5690162860.645572,316815638.4772603
2022-09-16 00:00:00.000,0.0612901880813158,5657919387.448927,368398029.7880134
2022-09-17 00:00:00.000,0.0612968007045209,5663257423.668769,322705651.51990014
2022-09-18 00:00:00.000,0.0622402548593706,5748774371.365014,235935047.93056864
2022-09-19 00:00:00.000,0.0609798528207091,5635593768.257626,281328570.6762216
2022-09-20 00:00:00.000,0.0603731219672905,5579345995.250589,374875461.57172656
2022-09-21 00:00:00.000,0.059780132294592,5523535342.738255,319250246.900379
2022-09-22 00:00:00.000,0.0592904372585793,5476597032.804434,412783385.1956577
2022-09-23 00:00:00.000,0.0603668240058284,5569834849.686306,333244490.77726007
2022-09-24 00:00:00.000,0.0605421834494879,5598835619.53457,351152439.1524645
2022-09-25 00:00:00.000,0.0599061139550751,5524882918.05298,247999899.7645199
2022-09-26 00:00:00.000,0.0597631072779124,5513172400.974192,219135068.36090964
2022-09-27 00:00:00.000,0.0595296098068163,5494789551.636974,330461325.0203974
2022-09-28 00:00:00.000,0.0594721854011967,5492188848.22316,315174105.3597131
2022-09-29 00:00:00.000,0.0597554235744999,5518149428.226308,317142826.3774175
2022-09-30 00:00:00.000,0.0610106788184306,5625024811.22821,365894317.84721386
2022-10-01 00:00:00.000,0.0611507248197144,5639234808.582793,389567496.7936369
2022-10-02 00:00:00.000,0.0605233816703703,5586115136.589603,237123177.54141197
2022-10-03 00:00:00.000,0.0609804193191376,5630988723.3752575,334715057.8425808
2022-10-04 00:00:00.000,0.0613889177081597,5673435251.43234,268620331.39383554
2022-10-05 00:00:00.000,0.0623686750573215,5763155838.172835,265953168.9111268
2022-10-06 00:00:00.000,0.0624265709031163,5764016783.665397,248818120.49381113
2022-10-07 00:00:00.000,0.0627619329427231,5794675384.347689,308698440.3511058
2022-10-08 00:00:00.000,0.0625779358712446,5773485047.523353,293792270.4526097
2022-10-09 00:00:00.000,0.0621101774938902,5735492416.967894,207614839.91037887
2022-10-10 00:00:00.000,0.0624745854585846,5760407912.370372,180642865.82647315
2022-10-11 00:00:00.000,0.0628311290871065,5803039617.83088,528503068.2566163
2022-10-12 00:00:00.000,0.0616041200628167,5680386300.587724,309666794.9592919
2022-10-13 00:00:00.000,0.0617944483964789,5704359905.90395,410850196.1068665
2022-10-14 00:00:00.000,0.0610249570647857,5631418627.484452,415726173.8020019
2022-10-15 00:00:00.000,0.063978428252136,5897221711.4236,586240310.3692681
2022-10-16 00:00:00.000,0.0618729326144758,5715940770.505912,406366697.8805304
2022-10-17 00:00:00.000,0.0618569000812066,5703443695.039329,253872977.53080085
2022-10-18 00:00:00.000,0.0627390420934254,5791298147.79801,307531396.0963492
2022-10-19 00:00:00.000,0.0621885619578139,5739402322.61723,296029276.8049702
2022-10-20 00:00:00.000,0.0617826832862953,5703263625.602146,389007399.5568126
2022-10-21 00:00:00.000,0.0621819465222,5741189044.90215,293014747.8451393
2022-10-22 00:00:00.000,0.0616877830451002,5694645947.92867,317145961.43210334
2022-10-23 00:00:00.000,0.0616524770783189,5691461215.684986,214389497.7297904
2022-10-24 00:00:00.000,0.06184314985635,5708646310.4112015,242249888.19229364
2022-10-25 00:00:00.000,0.0613033911479937,5657544001.974527,251754790.12229
2022-10-26 00:00:00.000,0.0624268559994784,5757502782.329576,278888969.5616199
2022-10-27 00:00:00.000,0.0634300133150772,5848408024.1821785,311342475.96899116
2022-10-28 00:00:00.000,0.0630159890283788,5815371372.347071,310595988.100061
2022-10-29 00:00:00.000,0.0635465824923056,5862823220.089503,276665881.32059306
2022-10-30 00:00:00.000,0.0639006887271596,5880572580.136281,310534220.248883
2022-10-31 00:00:00.000,0.0630911966836014,5819792038.6907425,274389303.16273075
2022-11-01 00:00:00.000,0.0633504843046356,5840833547.670133,309520305.049662
2022-11-02 00:00:00.000,0.0628569050512349,5799709025.684023,243306859.54143608
2022-11-03 00:00:00.000,0.061582028337034,5678497828.142388,337834434.77742165
2022-11-04 00:00:00.000,0.0617687230812106,5690847145.328489,288664661.25116354
2022-11-05 00:00:00.000,0.0636881323841696,5870989539.804765,308678484.7088049
2022-11-06 00:00:00.000,0.0635994873965815,5868917205.299888,307397224.6925598
2022-11-07 00:00:00.000,0.062786057959968,5791755979.563393,325136282.015612
2022-11-08 00:00:00.000,0.062340477124366,5745800217.438225,286975752.7396511
2022-11-09 00:00:00.000,0.0592253651843024,5474865191.484259,895925265.3041307
2022-11-10 00:00:00.000,0.0540646707770497,4984351460.913377,1613083242.5767066
2022-11-11 00:00:00.000,0.0577711649374105,5326163393.081347,1509689790.9828289
2022-11-12 00:00:00.000,0.0561305896109089,5165123478.476868,612423422.6690537
2022-11-13 00:00:00.000,0.055027829554066,5063615382.607138,395671367.15791976
2022-11-14 00:00:00.000,0.0509739627894489,4690302847.047151,564049081.624483
2022-11-15 00:00:00.000,0.0501762778681887,4632441377.280843,969700812.2115314
2022-11-16 00:00:00.000,0.0507646220515314,4682542881.880072,462248109.1640128
2022-11-17 00:00:00.000,0.0503475578072517,4638378315.483373,364208886.831542
2022-11-18 00:00:00.000,0.0501607154989954,4623650968.418524,297986392.6185648
2022-11-19 00:00:00.000,0.0507670930473519,4677048890.753935,236903500.89694503
2022-11-20 00:00:00.000,0.0522650349437059,4815968419.231875,283569212.3994769
2022-11-21 00:00:00.000,0.050218533436785,4632425222.28711,229704218.19789657
2022-11-22 00:00:00.000,0.0514959298857369,4744793135.76744,510772897.559724
2022-11-23 00:00:00.000,0.0505827702075814,4675348368.4216,665256302.4453892
2022-11-24 00:00:00.000,0.0514796794574524,4747178823.468574,1112292718.076316
2022-11-25 00:00:00.000,0.0530057310707893,4884475082.488484,411146348.7417944
2022-11-26 00:00:00.000,0.0530951014919959,4893670080.727331,323072656.14074296
2022-11-27 00:00:00.000,0.0528806465425457,4870776951.510172,235910333.9421771
2022-11-28 00:00:00.000,0.05339816417167,4917624801.490852,233370760.01341924
2022-11-29 00:00:00.000,0.0531015198523436,4893820579.814673,354120595.22638655
2022-11-30 00:00:00.000,0.053402713282118,4923845346.213589,294865259.8570188
2022-12-01 00:00:00.000,0.0547688473073025,5055082050.061806,269003638.69050586
2022-12-02 00:00:00.000,0.0542627431951391,4998760339.800321,232758598.99268916
2022-12-03 00:00:00.000,0.0544956098778698,5018991840.6251955,203226814.42513487
2022-12-04 00:00:00.000,0.0537659684896829,4970444611.786939,171844173.7499048
2022-12-05 00:00:00.000,0.053325311740782,4910929815.159125,204821175.93552884
2022-12-06 00:00:00.000,0.0534311302990577,4921344401.820412,255984393.03989288
2022-12-07 00:00:00.000,0.0537608285839068,4945800031.131,234317487.6952218
2022-12-08 00:00:00.000,0.0531952897072556,4902288252.6299095,233357956.13067076
2022-12-09 00:00:00.000,0.0543484733900154,5007202239.159836,194148112.92394063
2022-12-10 00:00:00.000,0.0547455129400817,5042469880.012156,211191134.2972752
2022-12-11 00:00:00.000,0.0548508688484843,5044907033.715613,183055296.6695418
2022-12-12 00:00:00.000,0.0540533819427549,4975487593.008896,138690672.2439344
2022-12-13 00:00:00.000,0.05351563547071,4928129818.870309,306104770.8055387
2022-12-14 00:00:00.000,0.0544651364751318,5017144798.413714,318046121.96217215
2022-12-15 00:00:00.000,0.0556492038600218,5121944521.949493,328028590.20190036
2022-12-16 00:00:00.000,0.0557121041595073,5135450192.507056,241333907.59804788
2022-12-17 00:00:00.000,0.0530811067569564,4870511410.20093,276038511.687276
2022-12-18 00:00:00.000,0.0549444570799215,5057324296.822347,268010749.14947125
2022-12-19 00:00:00.000,0.053908361490907,4961773571.45124,208242226.6515386
2022-12-20 00:00:00.000,0.0536932024755319,4945798096.04111,220712329.88631004
2022-12-21 00:00:00.000,0.0550483688437858,5064814506.615609,218885634.17484513
2022-12-22 00:00:00.000,0.0549553053162185,5049457612.080386,177071311.1305528
2022-12-23 00:00:00.000,0.0556129279266599,5114410255.402384,209462938.30845484
2022-12-24 00:00:00.000,0.0543095694787931,4991922915.061977,194342188.90867457
2022-12-25 00:00:00.000,0.0548268105694345,5045433880.105358,128670712.17865916
2022-12-26 00:00:00.000,0.0549050445126427,5052879322.249593,140267074.2375803
2022-12-27 00:00:00.000,0.0546163373238384,5024648792.392243,148011925.07584408
2022-12-28 00:00:00.000,0.0541582537759535,4980111746.587522,183395887.26387075
2022-12-29 00:00:00.000,0.0541172640728039,4975851514.504862,203563709.31508237
2022-12-30 00:00:00.000,0.0540534319080789,4969441787.946017,193176327.02020317
2022-12-31 00:00:00.000,0.0544467114068484,5007557568.011741,196817894.91851377
2023-01-01 00:00:00.000,0.0545360602722014,5013741009.027495,158223474.81129834
2023-01-02 00:00:00.000,0.0548746579284332,5046795244.2163,122738426.28282347
2023-01-03 00:00:00.000,0.0551877274665262,5070779926.68879,168201529.67101058
2023-01-04 00:00:00.000,0.0548277782522673,5041695504.182212,159215268.62321186
2023-01-05 00:00:00.000,0.0547971173693016,5036438406.829809,215806427.5641995
2023-01-06 00:00:00.000,0.0536753831670586,4935133140.5501795,216950837.67971435
2023-01-07 00:00:00.000,0.0525456757887062,4827482336.367733,846689532.0686215
2023-01-08 00:00:00.000,0.0521369658077604,4787738795.89523,290644783.28046536
2023-01-09 00:00:00.000,0.0537529045689453,4941959421.653108,233411108.5498475
2023-01-10 00:00:00.000,0.054705051575781,5030135024.853866,417043085.6887567
2023-01-11 00:00:00.000,0.0548891326453625,5039820011.5290985,231377641.94086367
2023-01-12 00:00:00.000,0.0566225945875303,5202836982.191184,259843827.18303385
2023-01-13 00:00:00.000,0.0571790006294349,5256017732.554244,296491388.97578496
2023-01-14 00:00:00.000,0.060148411020466,5518478068.028133,334015331.4351685
2023-01-15 00:00:00.000,0.0619720908636067,5693017079.886073,701783069.64081
2023-01-16 00:00:00.000,0.0623820983927232,5732912350.172467,340875844.6976113
2023-01-17 00:00:00.000,0.0624909528396494,5736610751.5093,327939158.22834796
2023-01-18 00:00:00.000,0.0618195978157814,5681556804.698825,275079832.10760176
2023-01-19 00:00:00.000,0.0591756686058268,5435909241.704063,336063411.9875642
2023-01-20 00:00:00.000,0.0601982203961429,5530228887.277854,210939855.35601223
2023-01-21 00:00:00.000,0.0629640157204285,5781809480.621893,253122870.22468936
2023-01-22 00:00:00.000,0.0617940926229244,5674019091.886206,331766885.64691746
2023-01-23 00:00:00.000,0.0618771674067356,5680548087.353371,268358046.4653732
2023-01-24 00:00:00.000,0.0629910843639776,5775648155.438229,290788560.95256823
2023-01-25 00:00:00.000,0.0602266515244963,5523491514.587866,292288932.9526088
2023-01-26 00:00:00.000,0.0620786850639529,5692545516.161085,289155023.0389189
2023-01-27 00:00:00.000,0.061850490361868,5681300094.844351,244902052.81084463
2023-01-28 00:00:00.000,0.0634788185005316,5822434575.487144,414410633.26059645
2023-01-29 00:00:00.000,0.0631949315887493,5798665999.681167,297900263.86974937
2023-01-30 00:00:00.000,0.0639285205844763,5866411593.493292,383460950.71981215
2023-01-31 00:00:00.000,0.0623700316931328,5721209906.9861555,423853411.53414625
2023-02-01 00:00:00.000,0.062295902726818,5714307213.069849,349673011.4329861
2023-02-02 00:00:00.000,0.0633233414379685,5811177846.126734,369162766.9809885
2023-02-03 00:00:00.000,0.0639065245628056,5864980296.659417,488783976.807841
2023-02-04 00:00:00.000,0.0641905723260096,5891615070.284537,411817974.0608605
2023-02-05 00:00:00.000,0.063912155709161,5871839333.63947,305357353.638359
2023-02-06 00:00:00.000,0.0641592173395684,5892248249.497169,471056314.1030238
2023-02-07 00:00:00.000,0.0632668353976699,5795339946.251211,323832195.5153886
2023-02-08 00:00:00.000,0.0658648433962633,6039561248.378276,474811397.0184108
2023-02-09 00:00:00.000,0.0669036222431189,6135437412.260348,721777786.6330835
2023-02-10 00:00:00.000,0.0626193606561869,5735177657.666787,741337364.9544221
2023-02-11 00:00:00.000,0.0633534879523496,5812892572.598648,413009551.72444755
2023-02-12 00:00:00.000,0.0639424797463584,5861606935.903115,250119999.2941717
2023-02-13 00:00:00.000,0.0639181214609047,5862108465.392814,252431668.53289983
2023-02-14 00:00:00.000,0.0657478376944784,6025110834.524146,419543946.03652704
2023-02-15 00:00:00.000,0.0668563706084602,6125691515.7907915,372769060.5197281
2023-02-16 00:00:00.000,0.0709138323797355,6480465749.498773,469347114.4718507
2023-02-17 00:00:00.000,0.0674770511969924,6146962803.383945,510922097.40607667
2023-02-18 00:00:00.000,0.0705220240381414,6462930793.900273,510742382.8357276
2023-02-19 00:00:00.000,0.0701829581026888,6423547591.009313,311672038.6273887
2023-02-20 00:00:00.000,0.0703924473944799,6457867713.148161,302947737.6783885
2023-02-21 00:00:00.000,0.0718577302970228,6577292573.149152,516273239.98701346
2023-02-22 00:00:00.000,0.0695054444368776,6356471206.424067,420657945.43881154
2023-02-23 00:00:00.000,0.0693698640926437,6369772310.354123,338264304.627715
2023-02-24 00:00:00.000,0.0696989090683443,6366855439.7487335,289067259.5494643
2023-02-25 00:00:00.000,0.0679606729425486,6222413405.137341,268588662.955605
2023-02-26 00:00:00.000,0.0679596532557277,6212709382.394537,262702039.6070549
2023-02-27 00:00:00.000,0.0696198664057773,6370171184.396974,243473492.37435487
2023-02-28 00:00:00.000,0.0694926369588656,6353452326.065531,271906476.73432523
2023-03-01 00:00:00.000,0.0691072076443973,6305832874.505296,252092641.2784637
2023-03-02 00:00:00.000,0.069953782723004,6396537251.141326,261194389.07913953
2023-03-03 00:00:00.000,0.0697289859506513,6377720495.513747,261161883.1777284
2023-03-04 00:00:00.000,0.067267631785397,6152359084.270836,334689403.2791169
2023-03-05 00:00:00.000,0.066903043263896,6117522537.0274515,224388273.39783305
2023-03-06 00:00:00.000,0.0674046931969983,6150367840.630595,215005073.8877415
2023-03-07 00:00:00.000,0.0675111514935655,6164510158.287949,274919127.0580955
2023-03-08 00:00:00.000,0.0663964471155756,6056827764.643276,315936820.4371538
2023-03-09 00:00:00.000,0.0653564326377038,5967814629.566245,298335805.7575924
2023-03-10 00:00:00.000,0.0585779131559201,5345744979.240713,583505970.6844207
2023-03-11 00:00:00.000,0.0575344603372593,5255410986.471249,657533107.6564046
2023-03-12 00:00:00.000,0.0590702311669293,5377921805.743559,524627685.95891064
2023-03-13 00:00:00.000,0.0644322177882996,5849027283.775189,472044926.8549691
2023-03-14 00:00:00.000,0.0671415133803967,6134837230.493929,823760002.5268695
2023-03-15 00:00:00.000,0.0671752536819527,6135226769.8296585,617651603.0646803
2023-03-16 00:00:00.000,0.0656500155197119,5995554094.605821,502302702.12850904
2023-03-17 00:00:00.000,0.0657798465747112,6005065986.034005,423819703.9824546
2023-03-18 00:00:00.000,0.0680230529934335,6194389401.334038,449614364.28155386
2023-03-19 00:00:00.000,0.0663113910067495,6049274382.721898,411975624.4548005
2023-03-20 00:00:00.000,0.067151846019687,6139502799.315922,371396996.84769666
2023-03-21 00:00:00.000,0.0656634361266032,5990661897.270722,396753512.6696647
2023-03-22 00:00:00.000,0.0675359628480729,6150811710.256447,361044499.3146962
2023-03-23 00:00:00.000,0.0602184301420219,5495708074.535048,792573045.9508337
2023-03-24 00:00:00.000,0.0656532886686548,5983002840.352626,693465090.6106552
2023-03-25 00:00:00.000,0.0636291314190092,5858403991.2213545,488410687.59977007
2023-03-26 00:00:00.000,0.0642359903300664,5852881390.823854,365762275.9855313
2023-03-27 00:00:00.000,0.0643601289895607,5876015290.610476,345820018.26224464
2023-03-28 00:00:00.000,0.0637917956517281,5805141322.759665,374686621.7631555
2023-03-29 00:00:00.000,0.0643099487859439,5855321602.141543,354347230.25087905
2023-03-30 00:00:00.000,0.0644862078900401,5868803030.089882,370569749.64657205
2023-03-31 00:00:00.000,0.0650513470019519,5918254719.346196,374945260.7806274
2023-04-01 00:00:00.000,0.0656899582972657,5985820548.504312,344358842.6104642
2023-04-02 00:00:00.000,0.0665232836454423,6052370651.024399,355448660.6955192
2023-04-03 00:00:00.000,0.0653872751343275,5967346288.496953,307907520.39595425
2023-04-04 00:00:00.000,0.0658752866880292,6003642047.306199,351385871.64203274
2023-04-05 00:00:00.000,0.0658253772106528,5998545148.192818,357404244.0105861
2023-04-06 00:00:00.000,0.0661960472102705,6020877077.768258,316149537.0069077
2023-04-07 00:00:00.000,0.0661442977189613,6015146092.754189,343640469.2087616
2023-04-08 00:00:00.000,0.0661952525542623,6016839022.654862,290395337.6383001
2023-04-09 00:00:00.000,0.0662331254115693,6024303896.163047,276248606.2806762
2023-04-10 00:00:00.000,0.0667226817001215,6070885116.356215,272578279.58673894
2023-04-11 00:00:00.000,0.0673688726138177,6124928622.363444,318936117.7118021
2023-04-12 00:00:00.000,0.0664777274834915,6037134010.924775,449489934.654663
2023-04-13 00:00:00.000,0.0651717327349282,5921794051.355605,515024639.8515195
2023-04-14 00:00:00.000,0.0653963147583319,5941263091.526959,353712443.6361608
2023-04-15 00:00:00.000,0.0662464726749874,6017540966.018459,367926326.32289696
2023-04-16 00:00:00.000,0.0660952014173974,6004891199.678819,271910639.1988517
2023-04-17 00:00:00.000,0.0665781597767057,6043432634.548127,241163774.36776572
2023-04-18 00:00:00.000,0.0658767270793938,5977910362.284487,300294685.1417187
2023-04-19 00:00:00.000,0.0667786224008577,6065093811.69349,288494325.4069754
2023-04-20 00:00:00.000,0.0658647029143927,5979092220.375989,405846359.8841409
2023-04-21 00:00:00.000,0.0655017472509553,5943952337.032379,386080608.1001533
2023-04-22 00:00:00.000,0.0649722238260252,5893051305.340578,317247747.41973656
2023-04-23 00:00:00.000,0.0662356012197828,6008066661.832388,297310265.6181141
2023-04-24 00:00:00.000,0.066770896553248,6050959287.634649,290691802.05686194
2023-04-25 00:00:00.000,0.0661844700821882,6002062944.92475,293359065.6641951
2023-04-26 00:00:00.000,0.0659818819905467,5982650417.78694,283633707.41462666
2023-04-27 00:00:00.000,0.0652086123790299,5920308822.064374,391354635.48913014
2023-04-28 00:00:00.000,0.0658750137415457,5970439492.6157,698561163.0312239
2023-04-29 00:00:00.000,0.0667506603278889,6049821627.849964,368969690.84268576
2023-04-30 00:00:00.000,0.0680100574855014,6165487809.757553,285532649.2798308
2023-05-01 00:00:00.000,0.0674947943097358,6120621208.538651,284253196.92785084
2023-05-02 00:00:00.000,0.0685762834290644,6197963617.2851095,428570947.20275295
2023-05-03 00:00:00.000,0.0693302097818428,6278057070.937461,359354797.85818267
2023-05-04 00:00:00.000,0.0692552152768052,6266932782.28446,374029231.8150294
2023-05-05 00:00:00.000,0.0695271997882195,6299393520.257869,293765535.4952082
2023-05-06 00:00:00.000,0.0710838662273649,6437408406.837468,349917733.0116157
2023-05-07 00:00:00.000,0.0704414556489538,6374306500.892172,312053390.13506806
2023-05-08 00:00:00.000,0.0695389551183442,6292395072.441012,285350238.7617997
2023-05-09 00:00:00.000,0.0683808469992834,6187711721.6277895,354373233.62282276
2023-05-10 00:00:00.000,0.0690833828440126,6260149349.294482,309962685.84596664
2023-05-11 00:00:00.000,0.0695562606557257,6294876348.077327,350875809.9382084
2023-05-12 00:00:00.000,0.0681003814805746,6133506191.627317,345963294.97401917
2023-05-13 00:00:00.000,0.0692907243072443,6266543516.10904,347401885.1233987
2023-05-14 00:00:00.000,0.0696351570181789,6314170061.430512,261017047.3051633
2023-05-15 00:00:00.000,0.0694723966690508,6275200643.24914,261367839.04033208
2023-05-16 00:00:00.000,0.0704806891522655,6376548525.782144,271244849.9510541
2023-05-17 00:00:00.000,0.0705970926502957,6395682867.159124,295745610.3131449
2023-05-18 00:00:00.000,0.0709425417329346,6427734842.755234,305627280.01274586
2023-05-19 00:00:00.000,0.0703517142418996,6363992586.052464,309887514.9820941
2023-05-20 00:00:00.000,0.0707290083774419,6390386061.423912,245252401.38610652
2023-05-21 00:00:00.000,0.072721887076574,6568791720.31376,351107905.28792286
2023-05-22 00:00:00.000,0.0753179470259382,6803987815.848989,514555858.131693
2023-05-23 00:00:00.000,0.0782003997793845,7066421526.035347,589984782.6851662
2023-05-24 00:00:00.000,0.0785579597376765,7099322960.705551,372414182.1876357
2023-05-25 00:00:00.000,0.0769361526183245,6949180188.68586,373605219.9526784
2023-05-26 00:00:00.000,0.0768683217135211,6941245496.976454,367485591.343807
2023-05-27 00:00:00.000,0.0754726619613156,6815651680.163365,337017645.9841947
2023-05-28 00:00:00.000,0.0772202238118703,6969955505.899155,299411362.7378521
2023-05-29 00:00:00.000,0.0774915009100919,7003545203.141081,312343583.67070043
2023-05-30 00:00:00.000,0.0761477885426382,6878545776.050812,300749324.75197846
2023-05-31 00:00:00.000,0.0764602415149198,6899435313.9587755,317267232.079974
2023-06-01 00:00:00.000,0.0753339130969033,6800876266.933226,326783191.3727504
2023-06-02 00:00:00.000,0.0748258839335967,6752003789.322896,284594005.2453131
2023-06-03 00:00:00.000,0.0827248916889431,7470528084.907837,504205615.5455223
2023-06-04 00:00:00.000,0.0819302998894727,7393715514.440395,738348337.5259527
2023-06-05 00:00:00.000,0.0816867262271103,7362024209.994848,399843343.7131526
2023-06-06 00:00:00.000,0.0783857850149079,7077978842.494316,405890156.46639925
2023-06-07 00:00:00.000,0.0782838420602655,7051851362.823919,381007874.3990556
2023-06-08 00:00:00.000,0.0767553402069071,6919972370.564394,359151412.9668366
2023-06-09 00:00:00.000,0.0775463077980929,6992599184.854309,277286287.51538134
2023-06-10 00:00:00.000,0.0720353627622674,6482348429.813959,463789316.175226
2023-06-11 00:00:00.000,0.0697718013965752,6286644145.955526,561824145.0838555
2023-06-12 00:00:00.000,0.0702221972199663,6326595313.323154,272721358.40892154
2023-06-13 00:00:00.000,0.0710863368206058,6402611985.261445,272721156.29281265
2023-06-14 00:00:00.000,0.0719479230685129,6486584419.231943,294808681.3633932
2023-06-15 00:00:00.000,0.071037522494509,6400196963.730522,274683664.9890257
2023-06-16 00:00:00.000,0.0709585802988002,6387455605.816579,316621215.01354814
2023-06-17 00:00:00.000,0.0705400501613137,6355371562.345088,291856276.3244267
2023-06-18 00:00:00.000,0.0716017506845876,6449404898.757256,234274817.58305615
2023-06-19 00:00:00.000,0.0701838286093173,6318335966.74046,166571794.51149613
2023-06-20 00:00:00.000,0.0701803925913885,6318626336.473432,237903483.31503275
2023-06-21 00:00:00.000,0.0704937699503069,6344034885.363812,195425234.85305023
2023-06-22 00:00:00.000,0.0724310789793021,6520382565.659124,223670518.4485523
2023-06-23 00:00:00.000,0.0718206745549934,6463874768.109469,276023275.76295114
2023-06-24 00:00:00.000,0.0731201868989998,6597744969.567039,268952417.58542836
2023-06-25 00:00:00.000,0.0721881101634241,6498901952.5659685,236589118.68573943
2023-06-26 00:00:00.000,0.0731703347603419,6583629527.952622,239281856.88855255
2023-06-27 00:00:00.000,0.0737987851519433,6625320735.337316,265261152.54871428
2023-06-28 00:00:00.000,0.0743388045698963,6691824896.583935,209622664.35659128
2023-06-29 00:00:00.000,0.0737522342018315,6635856828.975043,233703559.90745944
2023-06-30 00:00:00.000,0.0744807945663181,6700451325.220288,244542601.1386199
2023-07-01 00:00:00.000,0.0761470504389908,6848722275.960463,307417911.2904937
2023-07-02 00:00:00.000,0.0772181888228965,6938381413.859048,243262432.8817206
2023-07-03 00:00:00.000,0.0759257335283238,6826021748.074561,242670107.72106755
2023-07-04 00:00:00.000,0.0772897266963161,6950217125.882761,248541750.12590504
2023-07-05 00:00:00.000,0.0770611644844987,6932308465.289428,237029364.66104695
2023-07-06 00:00:00.000,0.0770215808929102,6929771241.160195,276973892.02915037
2023-07-07 00:00:00.000,0.077274701782239,6951454623.613275,326350437.8265423
2023-07-08 00:00:00.000,0.0788131645631255,7078149608.695917,449295005.0049851
2023-07-09 00:00:00.000,0.0800539379000255,7190002659.05914,376128359.6497403
2023-07-10 00:00:00.000,0.0774556504823514,6957983270.102866,234379433.73403463
2023-07-11 00:00:00.000,0.077606282012142,6969916529.517118,221725361.1817488
2023-07-12 00:00:00.000,0.077338677083773,6945463954.068619,180617538.72861177
2023-07-13 00:00:00.000,0.0779058929706066,6994278003.35141,165778998.81948948
2023-07-14 00:00:00.000,0.0816339082119322,7322815186.142372,330483098.32194436
2023-07-15 00:00:00.000,0.0797880532014338,7157780799.099686,285334282.983169
2023-07-16 00:00:00.000,0.0808598908055022,7260896511.78294,231268873.5855132
2023-07-17 00:00:00.000,0.079805525855761,7154505861.480584,204927741.31541643
2023-07-18 00:00:00.000,0.0799469207780106,7173229211.047897,198394895.52225783
2023-07-19 00:00:00.000,0.0797947055383934,7164710093.213908,192382684.7660774
2023-07-20 00:00:00.000,0.0803123349840366,7203416350.5141,213549496.8693236
2023-07-21 00:00:00.000,0.0806450614477371,7241042584.912323,214757264.45589283
2023-07-22 00:00:00.000,0.0804549720794286,7218861066.326664,174064602.95652965
2023-07-23 00:00:00.000,0.0836959163961157,7508820539.943581,850038339.589499
2023-07-24 00:00:00.000,0.0833261328422598,7472638082.590971,285526461.2090105
2023-07-25 00:00:00.000,0.0815466193573674,7304026182.52844,282895778.98562497
2023-07-26 00:00:00.000,0.0818921399125621,7345233254.027434,272312337.19601095
2023-07-27 00:00:00.000,0.082418058646907,7388879487.366268,270907614.68689036
2023-07-28 00:00:00.000,0.0825583118370071,7400137838.269262,232405841.18573204
2023-07-29 00:00:00.000,0.0851972782921555,7637061172.95869,293850484.0822857
2023-07-30 00:00:00.000,0.0833530415306001,7472766450.45369,216254156.2103777
2023-07-31 00:00:00.000,0.0800852954396955,7176861769.761938,302433295.3861227
2023-08-01 00:00:00.000,0.0779807771391641,6992275739.952871,293585605.8166471
2023-08-02 00:00:00.000,0.0785905112261205,7035621932.714471,256506470.25763005
2023-08-03 00:00:00.000,0.0764545069712791,6851333643.479855,245289001.13088912
2023-08-04 00:00:00.000,0.0771958414472457,6916433453.569771,202027685.90078855
2023-08-05 00:00:00.000,0.0767287706352081,6866540250.807924,187728297.19005212
2023-08-06 00:00:00.000,0.0774515808519129,6934692910.94984,200943990.95423216
2023-08-07 00:00:00.000,0.0768172108761842,6879505377.848019,160891496.46630406
2023-08-08 00:00:00.000,0.0767514977098047,6869577786.053357,185891718.00273964
2023-08-09 00:00:00.000,0.0768109749363831,6876345887.894354,195228711.31159884
2023-08-10 00:00:00.000,0.0767276037602476,6867175521.928342,186796311.97176123
2023-08-11 00:00:00.000,0.0772653772767032,6914807150.935472,173472710.9949651
2023-08-12 00:00:00.000,0.0771292689211512,6904220980.331327,159040748.10488114
2023-08-13 00:00:00.000,0.0774416836243029,6929651166.414886,141044221.1101342
2023-08-14 00:00:00.000,0.0770978026487419,6898202666.003469,161679767.2827342
2023-08-15 00:00:00.000,0.077408020060578,6927334273.111429,197002006.35606292
2023-08-16 00:00:00.000,0.0762472614805025,6819643424.226117,185587361.47544113
2023-08-17 00:00:00.000,0.0747359831949008,6683791415.692481,241507942.8778081
2023-08-18 00:00:00.000,0.0724471604422715,6485806539.557748,325250775.7893576
2023-08-19 00:00:00.000,0.0729947033601263,6529508622.26548,225980979.48579964
2023-08-20 00:00:00.000,0.0740939255622069,6627051839.33988,151149396.4997707
2023-08-21 00:00:00.000,0.0758024171942679,6774218508.004264,181964240.9138385
2023-08-22 00:00:00.000,0.0751749182514573,6720213274.113491,206547445.05205575
2023-08-23 00:00:00.000,0.0755355994857292,6756679771.467716,186278550.3511521
2023-08-24 00:00:00.000,0.0776594753209731,6938753144.78867,221934437.70001557
2023-08-25 00:00:00.000,0.0765294731403425,6842245957.210739,182854270.1862078
2023-08-26 00:00:00.000,0.0771817831289982,6899769654.012043,194068250.633666
2023-08-27 00:00:00.000,0.077430391338554,6916813267.812417,136107657.3120143
2023-08-28 00:00:00.000,0.0775053084436327,6924807603.244531,121191152.61214806
2023-08-29 00:00:00.000,0.0763211157148157,6825610797.392425,158541969.53572032
2023-08-30 00:00:00.000,0.077343931156926,6906211076.871035,244191438.2529387
2023-08-31 00:00:00.000,0.0756063765167118,6754875330.317251,207046296.6079531
2023-09-01 00:00:00.000,0.0766747358903092,6857494973.3774185,226001485.68691576
2023-09-02 00:00:00.000,0.0760441046866123,6794562629.09498,228558580.21915027
2023-09-03 00:00:00.000,0.0769890144208168,6876893318.159806,152445283.86680356
2023-09-04 00:00:00.000,0.0769979506943309,6877463527.572661,127758616.32308812
2023-09-05 00:00:00.000,0.0774614419205197,6918028858.477295,177068021.86332867
2023-09-06 00:00:00.000,0.0774054382472224,6910033393.670978,161947398.76749006
2023-09-07 00:00:00.000,0.0788824254246888,7036371728.4085045,223521449.3822609
2023-09-08 00:00:00.000,0.0790238713167624,7052093166.0264015,177462787.27840984
2023-09-09 00:00:00.000,0.0791732563165648,7063205890.258365,149511264.87626094
2023-09-10 00:00:00.000,0.0791340392281048,7064898042.653112,119376054.68579207
2023-09-11 00:00:00.000,0.0783173165825927,6988373778.232643,141669215.9651721
2023-09-12 00:00:00.000,0.0775057546347565,6913665687.105781,187302172.1506258
2023-09-13 00:00:00.000,0.080773825458072,7203882849.787829,346295587.3312043
2023-09-14 00:00:00.000,0.0811748804772398,7242303948.838294,209760374.99975637
2023-09-15 00:00:00.000,0.0836642220671086,7471540072.882192,252061775.9106452
2023-09-16 00:00:00.000,0.0840327989282328,7495318693.348788,239790522.239644
2023-09-17 00:00:00.000,0.0834791874442083,7446221041.382591,177407241.14168668
2023-09-18 00:00:00.000,0.0833311837844052,7427306445.358081,164452821.5636334
2023-09-19 00:00:00.000,0.0840001603925465,7496933655.730323,220863656.68583515
2023-09-20 00:00:00.000,0.084548775686653,7537828723.966923,201260278.1921236
2023-09-21 00:00:00.000,0.0844304347636731,7533679749.313467,174305751.14760247
2023-09-22 00:00:00.000,0.0830503876584663,7405514491.943195,218777147.27549052
2023-09-23 00:00:00.000,0.0833759189416202,7432818761.98663,190152589.3960308
2023-09-24 00:00:00.000,0.0836033991463667,7452178309.935411,138558869.12796223
2023-09-25 00:00:00.000,0.0835361932029504,7443169894.257103,149643646.4241099
2023-09-26 00:00:00.000,0.0846547391408705,7527092372.344862,205181311.41812545
2023-09-27 00:00:00.000,0.0847087664269273,7542944795.440186,191540540.96647024
2023-09-28 00:00:00.000,0.085464271879229,7608844933.072998,232697528.69376987
2023-09-29 00:00:00.000,0.0867290324386951,7724395668.963082,232028997.96988657
2023-09-30 00:00:00.000,0.0890606692901634,7936888786.837209,306525736.9532021
2023-10-01 00:00:00.000,0.0885975276162697,7895797934.972839,179640184.85718086
2023-10-02 00:00:00.000,0.0901518618836649,8034293512.042324,213702249.8006429
2023-10-03 00:00:00.000,0.0875893087154351,7800081771.157681,286966623.0347763
2023-10-04 00:00:00.000,0.0907893785542379,8079103949.24743,320384295.4612819
2023-10-05 00:00:00.000,0.088989186662914,7920243766.842455,286187877.13768524
2023-10-06 00:00:00.000,0.0882643546122561,7856556476.070778,209863020.6794787
2023-10-07 00:00:00.000,0.0872670832045455,7765556936.238937,314067908.82280594
2023-10-08 00:00:00.000,0.0881505361124972,7845159292.041001,175154405.56668285
2023-10-09 00:00:00.000,0.0880300205240963,7832178392.230435,134191418.210634
2023-10-10 00:00:00.000,0.0861297614318555,7667919992.1428995,195513920.9329113
2023-10-11 00:00:00.000,0.0862658165810132,7678041586.505924,171777102.52166814
2023-10-12 00:00:00.000,0.0859926076703839,7651641778.818951,216601751.708318
2023-10-13 00:00:00.000,0.084830807357983,7555309148.793824,190765733.63046512
2023-10-14 00:00:00.000,0.0854290380222919,7598995541.504448,167216366.21785507
2023-10-15 00:00:00.000,0.0850625482001355,7569086469.685637,143151401.93104735
2023-10-16 00:00:00.000,0.0866709266521438,7710043297.072411,222977446.03173807
2023-10-17 00:00:00.000,0.088942325684928,7908596013.079749,315789023.5628772
2023-10-18 00:00:00.000,0.088594640822088,7874388017.220066,212829040.5731237
2023-10-19 00:00:00.000,0.0891717155370365,7929760744.673465,242250951.4082955
2023-10-20 00:00:00.000,0.0900374025845775,8002258838.058376,241046735.84839305
2023-10-21 00:00:00.000,0.090700070721393,8064122833.871113,287296137.3872038
2023-10-22 00:00:00.000,0.0915799144230348,8138062170.816661,234901529.40956116
2023-10-23 00:00:00.000,0.0904671924774357,8002264858.8072,244565202.95251584
2023-10-24 00:00:00.000,0.0922171397184142,8195667902.611174,408924651.6083003
2023-10-25 00:00:00.000,0.0923774070325011,8211996061.661835,411624698.12798136
2023-10-26 00:00:00.000,0.0934763067526227,8304185231.974407,300750866.829453
2023-10-27 00:00:00.000,0.0928638263635227,8244545260.715598,311515302.36758196
2023-10-28 00:00:00.000,0.0935774038487696,8319294548.149892,269503011.7938581
2023-10-29 00:00:00.000,0.0943259110442773,8381997674.238697,215549838.8346091
2023-10-30 00:00:00.000,0.0948890307224772,8429568755.809004,189169519.93537545
2023-10-31 00:00:00.000,0.0956080360578564,8490504008.806474,248225323.51400343
2023-11-01 00:00:00.000,0.097225245276325,8632791161.399214,374191620.8853008
2023-11-02 00:00:00.000,0.1002383446160908,8905279630.615946,505328613.8481646
2023-11-03 00:00:00.000,0.0992802991209704,8824522027.398111,350021476.18017596
2023-11-04 00:00:00.000,0.0972556973797263,8636671696.930832,289227316.7127933
2023-11-05 00:00:00.000,0.0977170378598516,8679811695.620464,231916825.64982337
2023-11-06 00:00:00.000,0.0981731218970861,8715717803.795807,207233995.7490683
2023-11-07 00:00:00.000,0.0977037008803907,8662941918.808453,283794144.9871274
2023-11-08 00:00:00.000,0.0966236165619823,8566034954.976772,291234489.1177704
2023-11-09 00:00:00.000,0.098410854107425,8736831541.442404,272967331.5649838
2023-11-10 00:00:00.000,0.0989877479299843,8775645933.732025,445893159.95846194
2023-11-11 00:00:00.000,0.1062666656069851,9429050803.12036,817165099.7079308
2023-11-12 00:00:00.000,0.1080831021856015,9586958936.817858,347395607.2394538
2023-11-13 00:00:00.000,0.1084710836003695,9618791281.751074,282343377.7637155
2023-11-14 00:00:00.000,0.1069828438798235,9494102644.559387,368167894.7729965
2023-11-15 00:00:00.000,0.1021258347631455,9063227080.978235,432073318.373136
2023-11-16 00:00:00.000,0.1041263319056002,9220691985.748585,419232072.46190953
2023-11-17 00:00:00.000,0.1024174622968552,9078032457.189428,357729699.7189008
2023-11-18 00:00:00.000,0.103613562082237,9194091088.776537,338677752.2774509
2023-11-19 00:00:00.000,0.1029653014330797,9125907945.111364,282796051.172904
2023-11-20 00:00:00.000,0.103381415443041,9164351568.045095,263532793.29950297
2023-11-21 00:00:00.000,0.1009279911544111,8944157600.189438,417317031.47743315
2023-11-22 00:00:00.000,0.0963146963443685,8535189867.3918,522523253.6405874
2023-11-23 00:00:00.000,0.1012671266161143,8970360845.558575,622640978.5862668
2023-11-24 00:00:00.000,0.1021219250063443,9046550343.087278,216129980.57167676
2023-11-25 00:00:00.000,0.1046601080376778,9267927102.525854,379590995.9078418
2023-11-26 00:00:00.000,0.1087150018976541,9607747165.185637,407329939.6161387
2023-11-27 00:00:00.000,0.1078356214695095,9551267304.893276,288706711.859165
2023-11-28 00:00:00.000,0.1021922801579114,9045687586.809416,393616127.2739352
2023-11-29 00:00:00.000,0.1029012255330059,9115705131.813704,524734576.8030704
2023-11-30 00:00:00.000,0.1034336032301142,9162307441.950945,328573545.44657284
2023-12-01 00:00:00.000,0.1034463589180637,9166260020.266785,303386767.87869346
2023-12-02 00:00:00.000,0.1031884372324088,9135851915.33469,299025486.3608426
2023-12-03 00:00:00.000,0.1032121876773502,9133546129.185204,282907523.4945872
2023-12-04 00:00:00.000,0.1030956783076739,9131586992.703058,295959687.30742323
2023-12-05 00:00:00.000,0.1037917991634388,9186825153.2749,474783221.4537611
2023-12-06 00:00:00.000,0.1035868398389737,9169140495.780731,388338991.02709794
2023-12-07 00:00:00.000,0.1047557331056928,9275349669.331385,464716530.27873266
2023-12-08 00:00:00.000,0.1041475083166051,9215568848.77111,309623574.74765795
2023-12-09 00:00:00.000,0.1067698901699788,9446373083.263386,407924963.9514643
2023-12-10 00:00:00.000,0.1066041809196326,9438627608.895271,368851415.26338434
2023-12-11 00:00:00.000,0.1077891888099871,9533496503.077282,290594091.33595794
2023-12-12 00:00:00.000,0.1037406129459972,9170770266.488548,466411370.4250925
2023-12-13 00:00:00.000,0.1036025996140288,9170233191.97704,369699235.45143926
2023-12-14 00:00:00.000,0.1043147030704311,9224299018.017942,415406271.13662887
2023-12-15 00:00:00.000,0.1060509198787729,9374346967.00666,409076303.9084277
2023-12-16 00:00:00.000,0.1014304430170117,8979470771.649921,325330937.2467061
2023-12-17 00:00:00.000,0.1027511825433423,9081127721.77815,264363303.9454655
2023-12-18 00:00:00.000,0.1021174963129233,9017733228.733091,305446404.4675024
2023-12-19 00:00:00.000,0.1009602491730621,8927029830.299904,423233028.4062656
2023-12-20 00:00:00.000,0.1005473129609677,8877291299.088505,303712808.8014804
2023-12-21 00:00:00.000,0.1028468416604582,9076408713.78005,326267706.1825966
2023-12-22 00:00:00.000,0.1045075225323449,9236732984.573109,338246347.81776655
2023-12-23 00:00:00.000,0.1051078691684798,9284020356.506794,242943890.45737988
2023-12-24 00:00:00.000,0.1067478284084304,9432656122.439852,246540307.54920387
2023-12-25 00:00:00.000,0.1062276128372672,9399454066.393206,385895088.8506651
2023-12-26 00:00:00.000,0.1059382355404211,9358430287.847116,333486106.2844596
2023-12-27 00:00:00.000,0.1029787992114262,9099192428.73659,479201132.03016746
2023-12-28 00:00:00.000,0.1052776439208849,9307231688.630594,360831720.3204125
2023-12-29 00:00:00.000,0.1054903469479781,9308579248.723518,318656058.18773746
2023-12-30 00:00:00.000,0.1057840124762499,9339486357.296244,423389104.0729279
2023-12-31 00:00:00.000,0.1060249928763659,9355609430.484058,358925601.69265884
2024-01-01 00:00:00.000,0.1076302254372941,9513776169.550053,259576453.12155423
2024-01-02 00:00:00.000,0.1077731415653238,9518398233.130014,359760265.3924452
2024-01-03 00:00:00.000,0.1085010290795493,9575229103.910566,540246092.7991139
2024-01-04 00:00:00.000,0.1067953209696345,9426945506.444134,560019489.5556861
2024-01-05 00:00:00.000,0.1069974702574939,9449136017.233751,468185806.1915368
2024-01-06 00:00:00.000,0.1044965106742358,9220754429.513952,494002830.5832077
2024-01-07 00:00:00.000,0.1040516458992799,9176948343.636229,382266746.2852378
2024-01-08 00:00:00.000,0.1029360857968349,9075860233.402267,210104280.8353839
2024-01-09 00:00:00.000,0.104316675466871,9202655240.586922,418906546.179814
2024-01-10 00:00:00.000,0.1026823795543808,9063342507.348331,399245560.7982598
2024-01-11 00:00:00.000,0.1053803274911306,9290453526.4989,492061061.7998163
2024-01-12 00:00:00.000,0.1060663673575003,9372701420.045742,550463246.9446796
2024-01-13 00:00:00.000,0.1069737643713796,9430360117.428562,548433942.0718052
2024-01-14 00:00:00.000,0.1141042015495229,10061004439.275051,975298821.1422194
2024-01-15 00:00:00.000,0.1113281646818296,9840736442.282276,558367222.0632421
2024-01-16 00:00:00.000,0.1088017313851783,9621247985.267706,399085101.71048933
2024-01-17 00:00:00.000,0.1081203160895185,9543358809.889875,458879205.2591016
2024-01-18 00:00:00.000,0.1083238099414382,9559518365.700687,364709582.7233048
2024-01-19 00:00:00.000,0.1079671391105917,9526766464.569069,296537087.3932431
2024-01-20 00:00:00.000,0.1104765797574117,9739269316.917006,398468622.8622188
2024-01-21 00:00:00.000,0.1097133079023471,9679429633.983942,189162281.1976165
2024-01-22 00:00:00.000,0.1088987790895561,9608106713.281546,203074098.7195056
2024-01-23 00:00:00.000,0.1089381399472134,9616832456.357798,299607114.93565166
2024-01-24 00:00:00.000,0.1072261538209769,9447460620.752085,360866155.8854952
2024-01-25 00:00:00.000,0.1086904628480828,9586700303.160685,244992234.9497546
2024-01-26 00:00:00.000,0.1121324995371933,9891622216.505163,297066325.1623606
2024-01-27 00:00:00.000,0.1144334798193652,10090004842.635817,318944939.0676802
2024-01-28 00:00:00.000,0.112464462637244,9908290901.189837,251312945.32644048
2024-01-29 00:00:00.000,0.1121989516669125,9890070166.745396,230143673.86442593
2024-01-30 00:00:00.000,0.1130622995574339,9974911076.801466,311112645.6936579
2024-01-31 00:00:00.000,0.1121641215138176,9880959271.859655,255975240.9203598
2024-02-01 00:00:00.000,0.1121961061505531,9893332805.454737,385965493.68252665
2024-02-02 00:00:00.000,0.1154178733467585,10170034681.877258,318894422.7482768
2024-02-03 00:00:00.000,0.1162507426625562,10245474443.397522,311775279.58333373
2024-02-04 00:00:00.000,0.1172041143868083,10324722593.956182,165216060.0212804
2024-02-05 00:00:00.000,0.1183286802467395,10422246432.941929,199266399.46636617
2024-02-06 00:00:00.000,0.1188820956705618,10474974517.528276,285629434.77357894
2024-02-07 00:00:00.000,0.1208884646349536,10650445863.52176,382695568.5101425
2024-02-08 00:00:00.000,0.1233613817134236,10868729887.285938,348032289.35095865
2024-02-09 00:00:00.000,0.1218985728740392,10745254251.636965,387508145.3260157
2024-02-10 00:00:00.000,0.1237178787881484,10901954790.478018,318967454.24982786
2024-02-11 00:00:00.000,0.1243454191468763,10953258806.656893,194545635.4048299
2024-02-12 00:00:00.000,0.1242222917760214,10943848604.009537,182730729.11471868
2024-02-13 00:00:00.000,0.125144306647924,11016892535.368406,303822193.8589415
2024-02-14 00:00:00.000,0.1270814431991539,11184189272.785494,326215787.9954287
2024-02-15 00:00:00.000,0.1295626921529076,11406404926.60113,372763474.8961689
2024-02-16 00:00:00.000,0.1311660285990455,11553932768.643188,464703397.0216904
2024-02-17 00:00:00.000,0.1329118426616109,11706441045.67362,352810694.4636671
2024-02-18 00:00:00.000,0.1359131633250003,11974307805.837923,570250901.9254919
2024-02-19 00:00:00.000,0.1352522250611553,11910981990.836603,279789795.56100804
2024-02-20 00:00:00.000,0.1363797505556032,12002131863.33056,333557586.7227517
2024-02-21 00:00:00.000,0.1392678432177096,12263383157.118156,502450851.7458022
2024-02-22 00:00:00.000,0.1399122470647095,12318246994.939892,502409960.76925766
2024-02-23 00:00:00.000,0.139057852377658,12232403590.96821,394942000.27930784
2024-02-24 00:00:00.000,0.1381844732070452,12173366283.03358,327730086.0318833
2024-02-25 00:00:00.000,0.1374066898368375,12093258598.66585,254114739.49656135
2024-02-26 00:00:00.000,0.1375782086587051,12106552764.475594,207552286.3778237
2024-02-27 00:00:00.000,0.1398273308713532,12310798497.885386,362000746.44291425
2024-02-28 00:00:00.000,0.1428560030335029,12568970955.900784,538836970.5444995
2024-02-29 00:00:00.000,0.1423020781814357,12528357385.915552,661869411.5208131
2024-03-01 00:00:00.000,0.140475893808383,12378182909.805555,547460785.0828899
2024-03-02 00:00:00.000,0.1415223626070879,12452936574.84961,360787796.04507536
2024-03-03 00:00:00.000,0.1412977171438225,12428605273.184963,338817763.9614603
2024-03-04 00:00:00.000,0.1407159377549307,12366064508.565104,366313526.6829626
2024-03-05 00:00:00.000,0.1405478607213941,12347686403.86683,596826945.8776516
2024-03-06 00:00:00.000,0.136359699858258,11991049635.73993,824448930.910159
2024-03-07 00:00:00.000,0.1378667975801216,12111823956.018469,633509773.8216797
2024-03-08 00:00:00.000,0.1371272483540509,12052499870.411127,440318776.62995064
2024-03-09 00:00:00.000,0.1370055056087072,12042302210.836376,458668736.77511543
2024-03-10 00:00:00.000,0.1360819346855563,11965657883.22905,385045273.1286957
2024-03-11 00:00:00.000,0.133934555467351,11774489026.183325,395914985.8023688
2024-03-12 00:00:00.000,0.1336817705072182,11748118105.604658,610966514.3764542
2024-03-13 00:00:00.000,0.1314036116955608,11540285927.68244,581598946.804003
2024-03-14 00:00:00.000,0.1319704113024257,11602928151.610245,676480965.3156546
2024-03-15 00:00:00.000,0.1288960608137776,11324454394.918236,583581801.8518459
2024-03-16 00:00:00.000,0.1262597484363021,11103120113.574743,770489744.2811917
2024-03-17 00:00:00.000,0.1248843314140111,10973157895.080818,507839989.1300221
2024-03-18 00:00:00.000,0.1265741604405617,11090524165.541248,438925227.8279116
2024-03-19 00:00:00.000,0.1239886535679346,10892436031.14242,479328047.6423246
2024-03-20 00:00:00.000,0.1124846809249302,9882098651.947268,906732401.8585552
2024-03-21 00:00:00.000,0.1208737770964736,10614966571.686852,833543598.3046067
2024-03-22 00:00:00.000,0.1210584293680844,10642115031.7729,476822480.8943681
2024-03-23 00:00:00.000,0.1171946378597226,10272075306.81652,502148503.45052147
2024-03-24 00:00:00.000,0.1185227167642451,10410726337.549362,379754426.72554934
2024-03-25 00:00:00.000,0.1201847234550735,10557922262.725777,377547554.8364935
2024-03-26 00:00:00.000,0.1204324581143984,10550570613.674477,457535549.7354731
2024-03-27 00:00:00.000,0.120863144135976,10591107950.99413,404028567.02806383
2024-03-28 00:00:00.000,0.1196726706612118,10479322246.21361,426312853.0223357
2024-03-29 00:00:00.000,0.1203369387359843,10553355605.556849,312289187.0215792
2024-03-30 00:00:00.000,0.1200282513557505,10529817584.790958,338430109.2442853
2024-03-31 00:00:00.000,0.1225209641481357,10746441452.641651,281329585.2958158
2024-04-01 00:00:00.000,0.1228987391269356,10781937160.012203,254890298.465795
2024-04-02 00:00:00.000,0.1206342647097256,10584095475.589254,384760813.68542606
2024-04-03 00:00:00.000,0.116665320268775,10237190584.172142,458233703.1981755
2024-04-04 00:00:00.000,0.1172823602671313,10288821938.651987,415206705.223723
2024-04-05 00:00:00.000,0.1192177478225162,10456956652.404127,337991918.56263417
2024-04-06 00:00:00.000,0.1179055333389277,10355246193.033394,338060351.6562833
2024-04-07 00:00:00.000,0.1195139527199224,10486553902.183908,241699741.610585
2024-04-08 00:00:00.000,0.120511668770358,10572491665.9013,209431791.70543388
2024-04-09 00:00:00.000,0.1229587622586411,10780830182.465418,375427146.3779425
2024-04-10 00:00:00.000,0.1210402077560739,10625172116.312263,356352728.20211
2024-04-11 00:00:00.000,0.1191271172750061,10445312641.17089,494087583.0622993
2024-04-12 00:00:00.000,0.1203786137732676,10551446952.078297,341912287.8394181
2024-04-13 00:00:00.000,0.114986967910428,10069131744.108007,611827087.709061
2024-04-14 00:00:00.000,0.1102744582643366,9665949796.584011,689155523.938578
2024-04-15 00:00:00.000,0.1126203364050918,9869859079.853745,570370888.2651998
2024-04-16 00:00:00.000,0.1116270550969219,9769902952.155891,642872021.3899757
2024-04-17 00:00:00.000,0.1118317099030953,9796999139.5551,574998543.7835655
2024-04-18 00:00:00.000,0.1097345005503598,9615215462.880615,492569767.4102513
2024-04-19 00:00:00.000,0.1092785555131248,9582901482.93081,464812795.2470694
2024-04-20 00:00:00.000,0.1100849898824782,9639573565.994482,574578507.2945559
2024-04-21 00:00:00.000,0.1110518729152552,9727546527.152884,336299256.4009458
2024-04-22 00:00:00.000,0.1112321613244699,9744651660.542915,244176100.11753356
2024-04-23 00:00:00.000,0.1122820802005166,9842195538.075949,320750289.2411223
2024-04-24 00:00:00.000,0.113340435221335,9919111694.948729,315192034.05629236
2024-04-25 00:00:00.000,0.1132168276126733,9920632657.457266,379663872.0110605
2024-04-26 00:00:00.000,0.1172241524796524,10258827563.431007,449513818.52514833
2024-04-27 00:00:00.000,0.1200432143060019,10509255240.568403,410494018.1236861
2024-04-28 00:00:00.000,0.1198541594337104,10494263546.36351,336879815.81745255
2024-04-29 00:00:00.000,0.1213595732802872,10626923433.10529,273533281.0678615
2024-04-30 00:00:00.000,0.118984138107863,10418782836.38962,366673055.8176056
2024-05-01 00:00:00.000,0.1193410126243868,10475029742.46836,610625816.1339366
2024-05-02 00:00:00.000,0.12017797030699,10543784735.66439,587522917.2663771
2024-05-03 00:00:00.000,0.12226117530128,10701713166.155966,442286983.24659574
2024-05-04 00:00:00.000,0.1227499152874847,10784563546.953478,339890355.6180614
2024-05-05 00:00:00.000,0.1223081540318031,10705450551.761202,272668099.69446355
2024-05-06 00:00:00.000,0.1210914757323134,10591117557.514029,252483883.9625156
2024-05-07 00:00:00.000,0.1186093391749374,10383191202.331123,386681172.2898135
2024-05-08 00:00:00.000,0.1205661913481175,10562035241.043562,382276298.0168662
2024-05-09 00:00:00.000,0.1228953266616036,10753089100.134108,484727224.81552047
2024-05-10 00:00:00.000,0.1262869019188486,11051360486.233044,486857013.8067917
2024-05-11 00:00:00.000,0.1273941622639086,11143441451.862366,431476136.05342513
2024-05-12 00:00:00.000,0.1263504529970097,11054620588.558647,262899232.38004935
2024-05-13 00:00:00.000,0.1273408847371031,11130758742.610474,191235023.69844517
2024-05-14 00:00:00.000,0.1256877301952877,10991536665.70458,319444565.2386912
2024-05-15 00:00:00.000,0.1253846989198037,10968117838.185282,277222020.9737551
2024-05-16 00:00:00.000,0.1263085389995173,11058705065.010036,275263348.9759863
2024-05-17 00:00:00.000,0.1250809678835389,10943393101.681383,381120963.78765297
2024-05-18 00:00:00.000,0.1245259356837091,10879126540.127726,306278369.1768808
2024-05-19 00:00:00.000,0.1229804429285175,10757295607.07125,238576916.39782637
2024-05-20 00:00:00.000,0.1211545434552462,10592304582.492886,234889860.8158673
2024-05-21 00:00:00.000,0.1244282650508569,10877808196.765411,351683383.79334813
2024-05-22 00:00:00.000,0.1236571497093101,10796056152.044712,376649347.66954064
2024-05-23 00:00:00.000,0.1201285848902462,10498249458.17534,314246719.78801566
2024-05-24 00:00:00.000,0.1152089723437502,10075587252.710209,398296161.4691649
2024-05-25 00:00:00.000,0.1154051961995221,10080596155.18912,384641152.4115046
2024-05-26 00:00:00.000,0.1137386951011617,9939003898.949776,325059843.78704244
2024-05-27 00:00:00.000,0.1131344532042159,9889932942.179195,203237923.72571793
2024-05-28 00:00:00.000,0.1124794438811079,9823954820.092089,384971598.50271535
2024-05-29 00:00:00.000,0.1111602543424507,9719203846.200851,346620296.69333154
2024-05-30 00:00:00.000,0.1119419879862335,9784221599.719397,310510462.7895358
2024-05-31 00:00:00.000,0.1120219252548581,9788795764.513844,277438643.70698625
2024-06-01 00:00:00.000,0.1120663881560843,9811389912.52977,314702586.35980356
2024-06-02 00:00:00.000,0.1124823803976328,9830240346.16464,212928595.7541802
2024-06-03 00:00:00.000,0.1147052118102581,10019739183.666876,261290636.76309377
2024-06-04 00:00:00.000,0.1134178744346656,9911287001.355251,296732820.7497593
2024-06-05 00:00:00.000,0.1144913688383748,10001835473.081009,282037665.0690389
2024-06-06 00:00:00.000,0.1146953863974494,10009125218.603584,255123449.6573795
2024-06-07 00:00:00.000,0.1147109509117008,10016957795.169044,265161521.01273036
2024-06-08 00:00:00.000,0.1127040773898064,9842768229.14214,392606953.130656
2024-06-09 00:00:00.000,0.1147531820328963,10010404834.687756,360632636.43710977
2024-06-10 00:00:00.000,0.1168766386401051,10209257177.099888,325419318.5855579
2024-06-11 00:00:00.000,0.1175907232341763,10256769916.058186,392517866.91622776
2024-06-12 00:00:00.000,0.1164495374653876,10167239172.74184,427009073.4273275
2024-06-13 00:00:00.000,0.116415639187441,10167514919.921738,427751144.85868216
2024-06-14 00:00:00.000,0.1167949805598061,10202936226.254892,317449183.2277644
2024-06-15 00:00:00.000,0.116386403453724,10167949364.16431,341497041.9863879
2024-06-16 00:00:00.000,0.1152034248616483,10051148045.365088,217746021.630922
2024-06-17 00:00:00.000,0.1171805678368561,10229689684.79574,231616315.60312584
2024-06-18 00:00:00.000,0.1167568309594783,10188644047.278229,385498130.7302041
2024-06-19 00:00:00.000,0.1154081053459154,10054536586.77974,422283330.6948488
2024-06-20 00:00:00.000,0.1158049632122461,10104567717.081854,307332248.4044444
2024-06-21 00:00:00.000,0.1166430171241323,10180984843.775778,265937405.0588045
2024-06-22 00:00:00.000,0.1182954034559982,10320381382.820875,337768817.6158882
2024-06-23 00:00:00.000,0.1195941377218844,10433942756.28572,233386894.16707903
2024-06-24 00:00:00.000,0.119125726973879,10395356130.602371,215773469.15340653
2024-06-25 00:00:00.000,0.1191381246389543,10382924573.196491,401370030.9927338
2024-06-26 00:00:00.000,0.1218782421702775,10640702941.138727,306984874.8281592
2024-06-27 00:00:00.000,0.1224628932491565,10680241034.769136,384814811.1880895
2024-06-28 00:00:00.000,0.1218598022012008,10628929148.96098,260438875.2503628
2024-06-29 00:00:00.000,0.1229758862410254,10723850274.894892,290075020.7048395
2024-06-30 00:00:00.000,0.1252954381480562,10927987817.715546,267083430.47326
2024-07-01 00:00:00.000,0.1245896351318874,10864555281.669912,231716809.7828032
2024-07-02 00:00:00.000,0.1277086337339852,11137816132.262169,324691150.6174211
2024-07-03 00:00:00.000,0.1290851927090691,11253575106.07614,288079749.2598748
2024-07-04 00:00:00.000,0.12850429505171,11219035710.587149,419652628.8249332
2024-07-05 00:00:00.000,0.1274137423777314,11128491141.458668,516883746.84691185
2024-07-06 00:00:00.000,0.1269719046573106,11059488861.61907,913710070.6553437
2024-07-07 00:00:00.000,0.1299289485253373,11313437096.551949,381772482.50116414
2024-07-08 00:00:00.000,0.124573109516733,10825159165.400463,382498737.8824565
2024-07-09 00:00:00.000,0.1261083864643739,10995629177.36798,546649067.7141716
2024-07-10 00:00:00.000,0.1298489894566445,11317583914.480003,360696138.0315644
2024-07-11 00:00:00.000,0.131415747211681,11457081370.369415,348654635.3622633
2024-07-12 00:00:00.000,0.1344240052789128,11717080945.949594,457830259.068968
2024-07-13 00:00:00.000,0.1372322909403495,11951506310.700682,386972668.5165865
2024-07-14 00:00:00.000,0.1392439554677016,12142763110.89994,486034859.121942
2024-07-15 00:00:00.000,0.137669484342369,11993283818.44352,359084082.99135953
2024-07-16 00:00:00.000,0.1374622540421725,11966186436.990192,392804073.870542
2024-07-17 00:00:00.000,0.1340618631639598,11673844936.532734,505292038.3731546
2024-07-18 00:00:00.000,0.1334755759582145,11630618423.116966,341639240.5358234
2024-07-19 00:00:00.000,0.1342259910194877,11689023798.598188,321680302.2409251
2024-07-20 00:00:00.000,0.1346646740680198,11729325178.819792,357959975.8511892
2024-07-21 00:00:00.000,0.1347270673901596,11732541939.888596,272000901.29194146
2024-07-22 00:00:00.000,0.1343887616127109,11691415732.903976,262913788.83058432
2024-07-23 00:00:00.000,0.1323894878527295,11528092799.057558,488065844.9210728
2024-07-24 00:00:00.000,0.1340630764146529,11673147118.889597,344000701.453117
2024-07-25 00:00:00.000,0.1343673856301941,11700457676.567854,300455044.4867974
2024-07-26 00:00:00.000,0.1354458143538376,11791063963.166956,384294759.3783903
2024-07-27 00:00:00.000,0.1375602841105765,11977111853.807884,295706169.8090395
2024-07-28 00:00:00.000,0.1372894924983941,11947048422.108694,269208316.5903687
2024-07-29 00:00:00.000,0.1387059117226945,12077192137.4281,272748462.39851135
2024-07-30 00:00:00.000,0.1374595412897549,11980207009.848198,462946278.3338383
2024-07-31 00:00:00.000,0.1329262170758678,11574617697.257595,326458847.0105762
2024-08-01 00:00:00.000,0.12883224192125,11205137080.402168,387916430.01812625
2024-08-02 00:00:00.000,0.1282548363847316,11163462833.994322,393665796.53015375
2024-08-03 00:00:00.000,0.1234029536515841,10740431559.72466,424201140.23399776
2024-08-04 00:00:00.000,0.1252794895962826,10898025773.499994,398517053.201012
2024-08-05 00:00:00.000,0.1261045429326059,10967357075.897663,482793111.09600174
2024-08-06 00:00:00.000,0.1216321692188754,10569438891.290516,1117316243.1805935
2024-08-07 00:00:00.000,0.1233432341511385,10732417491.953655,495337685.0059343
2024-08-08 00:00:00.000,0.1247068994458737,10858422630.227724,365127690.8707099
2024-08-09 00:00:00.000,0.1270753534475169,11037724238.097092,357124779.7565348
2024-08-10 00:00:00.000,0.1284533192364732,11156364844.414837,323142242.8286199
2024-08-11 00:00:00.000,0.1290979377914713,11232889333.080149,262556229.72815543
2024-08-12 00:00:00.000,0.1277159190765806,11103894550.582617,244341291.7062106
2024-08-13 00:00:00.000,0.126660586491104,11017989235.865568,335457364.36400163
2024-08-14 00:00:00.000,0.1288728979509867,11208817985.492624,323157989.7317416
2024-08-15 00:00:00.000,0.1305044603002163,11350080005.315378,403023641.2128355
2024-08-16 00:00:00.000,0.1301362983356778,11313421330.461838,379235649.3312404
2024-08-17 00:00:00.000,0.1340765195857494,11661875709.242966,439210118.0364052
2024-08-18 00:00:00.000,0.1348605647940788,11727287035.950138,348355011.5307793
2024-08-19 00:00:00.000,0.134924709828295,11736617984.969664,297515611.8263739
2024-08-20 00:00:00.000,0.1431179886949564,12435498486.133589,838266338.7946169
2024-08-21 00:00:00.000,0.1605405987597849,13931333859.110352,1746028928.501298
2024-08-22 00:00:00.000,0.1539941592839325,13384131352.833883,1837622409.1624548
2024-08-23 00:00:00.000,0.1555521742752574,13510972999.51004,1586629621.5150917
2024-08-24 00:00:00.000,0.1584240374863699,13759547702.122784,933014867.1370376
2024-08-25 00:00:00.000,0.1590224244619163,13799240691.264126,925953052.3875211
2024-08-26 00:00:00.000,0.1664335767583326,14460464936.72397,1206890722.3899815
2024-08-27 00:00:00.000,0.1615950877433376,14031806613.579056,1094720652.9779518
2024-08-28 00:00:00.000,0.1577909712378162,13710367310.983036,861145531.315728
2024-08-29 00:00:00.000,0.1580304089115638,13738459469.11518,637579648.9713129
2024-08-30 00:00:00.000,0.1598941134568663,13883634442.974314,559982994.288616
2024-08-31 00:00:00.000,0.159924039400174,13872490337.472317,615851313.8768934
2024-09-01 00:00:00.000,0.1575979418423604,13681376463.33476,450166996.1612597
2024-09-02 00:00:00.000,0.1556574162197619,13506704262.062311,424366263.75544685
2024-09-03 00:00:00.000,0.1540993416954068,13363853082.466644,474159848.3951441
2024-09-04 00:00:00.000,0.1502689551955535,13066093775.33973,471441373.230208
2024-09-05 00:00:00.000,0.1500400914642113,12993437045.347675,592745716.4391669
2024-09-06 00:00:00.000,0.1497427218162234,12988940713.022753,413271987.4287055
2024-09-07 00:00:00.000,0.1479091818514751,12826766832.881475,474968629.59756744
2024-09-08 00:00:00.000,0.1515696879037212,13139715662.03842,407259287.5458399
2024-09-09 00:00:00.000,0.1529552211247374,13265920116.76749,420884280.7076951
2024-09-10 00:00:00.000,0.1543966264180101,13394819215.086714,436494528.1495758
2024-09-11 00:00:00.000,0.1530708630159347,13272440101.86799,394402771.7596344
2024-09-12 00:00:00.000,0.1532773662604528,13298149997.882387,397713384.06513613
2024-09-13 00:00:00.000,0.1519693015057549,13185883339.22528,399205073.00634736
2024-09-14 00:00:00.000,0.1490485154730106,12933292195.385237,382239333.9598272
2024-09-15 00:00:00.000,0.1474925466484725,12786399877.343252,281256934.2345325
2024-09-16 00:00:00.000,0.1489905799704622,12910526378.033876,296995181.6393853
2024-09-17 00:00:00.000,0.1487016155890389,12892165223.000605,382176014.54558665
2024-09-18 00:00:00.000,0.1500153912877592,13009325389.017138,339537388.72024703
2024-09-19 00:00:00.000,0.1497048286237431,12967211111.97327,337607241.38524646
2024-09-20 00:00:00.000,0.1513643732648255,13114268119.599642,384841966.2898693
2024-09-21 00:00:00.000,0.1520572088141606,13178840130.15215,345741533.9986582
2024-09-22 00:00:00.000,0.1520968406583576,13185260881.48426,234391257.6167906
2024-09-23 00:00:00.000,0.151893352045195,13153577651.687197,285400191.8816932
2024-09-24 00:00:00.000,0.152315315800067,13194660339.279688,348808499.0228916
2024-09-25 00:00:00.000,0.1512714176598193,13108624761.77425,326266072.43102586
2024-09-26 00:00:00.000,0.1501103119627092,12995917192.629831,309080811.8146579
2024-09-27 00:00:00.000,0.1531142211582384,13268372045.7348,392883223.3389724
2024-09-28 00:00:00.000,0.1551844571455009,13442759784.23446,439404148.3683027
2024-09-29 00:00:00.000,0.1551746395189747,13450134919.867802,304377867.9255474
2024-09-30 00:00:00.000,0.1564366053995078,13550194097.808071,350151062.0955387
2024-10-01 00:00:00.000,0.155941188067581,13518454191.751871,446348354.0387757
2024-10-02 00:00:00.000,0.1535555140426867,13307851661.800528,569376923.0461562
2024-10-03 00:00:00.000,0.1544250475694879,13360189079.651968,468456888.3566672
2024-10-04 00:00:00.000,0.1574109423551479,13639818095.680214,554399454.6797451
2024-10-05 00:00:00.000,0.1566685552803588,13566122932.356691,385449606.2716679
2024-10-06 00:00:00.000,0.1536129573497689,13301916603.034803,266383325.51101655
2024-10-07 00:00:00.000,0.1542255192358574,13353238562.018158,252903849.4208171
2024-10-08 00:00:00.000,0.1557311886939091,13494992863.33421,374743347.7143904
2024-10-09 00:00:00.000,0.1597083080130923,13830820962.87919,468758639.06574374
2024-10-10 00:00:00.000,0.1604086068583035,13886653852.197762,407405765.3818381
2024-10-11 00:00:00.000,0.1586545188821238,13733229388.756483,379862714.802776
2024-10-12 00:00:00.000,0.1597437036503946,13834408273.52939,409138170.45597583
2024-10-13 00:00:00.000,0.162525820141442,14062963126.092964,403293079.70725334
2024-10-14 00:00:00.000,0.1626774118780359,14072876369.168062,287730012.3381283
2024-10-15 00:00:00.000,0.1604319802460531,13889360673.286982,522940558.3474956
2024-10-16 00:00:00.000,0.1587126784234954,13736385280.539057,442775319.2058595
2024-10-17 00:00:00.000,0.1600022273527257,13839598335.825562,398000862.42560714
2024-10-18 00:00:00.000,0.1592091766014286,13770049140.070507,327267624.31848645
2024-10-19 00:00:00.000,0.1585488476333326,13718454387.19439,308574660.24712735
2024-10-20 00:00:00.000,0.1572357997622648,13606829895.048803,273064936.9850786
2024-10-21 00:00:00.000,0.1566313896829388,13545734675.455406,254510851.5061669
2024-10-22 00:00:00.000,0.1581755175469096,13682154712.989723,378481209.8893799
2024-10-23 00:00:00.000,0.1600689251993662,13844462131.549189,367907700.426309
2024-10-24 00:00:00.000,0.1601779162656086,13853977209.687529,367261662.24389505
2024-10-25 00:00:00.000,0.1646533544754148,14227558338.81836,448483978.49174553
2024-10-26 00:00:00.000,0.1624193582532386,14036839015.56634,650941376.2013012
2024-10-27 00:00:00.000,0.1649736731828734,14267074020.303654,413851694.6128964
2024-10-28 00:00:00.000,0.1638503836375019,14170394508.076506,358924087.7155413
2024-10-29 00:00:00.000,0.1640400551915478,14188449903.780329,357697574.22516817
2024-10-30 00:00:00.000,0.1663494647286246,14378555260.355434,483500364.9235685
2024-10-31 00:00:00.000,0.1691569330369696,14626527170.243626,492098719.6019612
2024-11-01 00:00:00.000,0.1680651570537041,14531066648.83858,467327618.08236825
2024-11-02 00:00:00.000,0.1674096635533326,14463207770.638351,451871730.66140085
2024-11-03 00:00:00.000,0.1660632779884758,14357399108.941551,270445636.29115
2024-11-04 00:00:00.000,0.1652249492026117,14294477619.007862,377046082.0376618
2024-11-05 00:00:00.000,0.1629065573292382,14082429911.131489,406553999.1027784
2024-11-06 00:00:00.000,0.1599687084557659,13826261204.976751,451682795.34041613
2024-11-07 00:00:00.000,0.162445272185027,14041171724.93669,662513469.700395
2024-11-08 00:00:00.000,0.1603575976836097,13856401171.177134,556893781.2298348
2024-11-09 00:00:00.000,0.1610845245916821,13918764771.625011,363786941.65393466
2024-11-10 00:00:00.000,0.1617729290431296,13997250064.809242,333548792.2447949
2024-11-11 00:00:00.000,0.1640299473005221,14174730451.595451,858783973.8686588
2024-11-12 00:00:00.000,0.1677746625038086,14508256073.33753,829560841.4956836
2024-11-13 00:00:00.000,0.1888685912840573,16318369421.19544,2101112723.6537037
2024-11-14 00:00:00.000,0.1770968547829218,15311224137.220411,1494533717.3773031
2024-11-15 00:00:00.000,0.1767084160100565,15221500937.822926,1088678001.7709243
2024-11-16 00:00:00.000,0.1896775857195111,16335009435.714266,1304215517.4912128
2024-11-17 00:00:00.000,0.2001534933830589,17277458491.600925,1267429075.8844173
2024-11-18 00:00:00.000,0.1996352192283231,17259559036.89289,867371370.2204517
2024-11-19 00:00:00.000,0.2019916641859322,17438375173.73444,995251674.9934044
2024-11-20 00:00:00.000,0.1998636640056381,17261968553.704945,945653160.3188084
2024-11-21 00:00:00.000,0.1952796693177576,16861092502.171911,869355201.7877133
2024-11-22 00:00:00.000,0.1986112804639072,17120467859.263758,1073360886.938362
2024-11-23 00:00:00.000,0.2046337806045673,17673918631.226456,1040481527.3070674
2024-11-24 00:00:00.000,0.2118869927046547,18284006971.112213,1853920826.0391204
2024-11-25 00:00:00.000,0.2092702052195229,18070352256.306007,1731655221.8790345
2024-11-26 00:00:00.000,0.1959497607354371,16908289160.831274,1586067274.196348
2024-11-27 00:00:00.000,0.1939790621060326,16752371975.099802,1700254150.209043
2024-11-28 00:00:00.000,0.2012710753395042,17372655123.102886,920565917.9679807
2024-11-29 00:00:00.000,0.2032380002620166,17531807851.30372,886151886.5203848
2024-11-30 00:00:00.000,0.2045736076805526,17654324065.100704,671792005.5984248
2024-12-01 00:00:00.000,0.2052811931387123,17723498159.377018,615266897.9734169
2024-12-02 00:00:00.000,0.2071256630399717,17869041954.637466,760588593.239149
2024-12-03 00:00:00.000,0.2200329277961678,18986914753.482273,2394338965.7916102
2024-12-04 00:00:00.000,0.4155898414393119,35821142502.65899,10793941420.45357
2024-12-05 00:00:00.000,0.3287351491595864,28343326326.421436,11105817830.031904
2024-12-06 00:00:00.000,0.3227604152470211,27816710938.814137,7588938292.872586
2024-12-07 00:00:00.000,0.3251986787440853,28020129491.796364,3049860694.1887727
2024-12-08 00:00:00.000,0.3195955715868737,27574120387.082016,2148466989.491971
2024-12-09 00:00:00.000,0.3200173265270647,27568995411.28305,1505055566.0298054
2024-12-10 00:00:00.000,0.2619508553422545,22583456569.059605,3089021638.772293
2024-12-11 00:00:00.000,0.2698088406575527,23274207872.87609,3583224348.717904
2024-12-12 00:00:00.000,0.2821153327333638,24326675628.142357,2352044186.289392
2024-12-13 00:00:00.000,0.2967626801755879,25595485429.649563,3745494633.155201
2024-12-14 00:00:00.000,0.2904758272905104,25039562564.30491,2028281600.7515123
2024-12-15 00:00:00.000,0.2821302898423624,24315262713.045307,1437185576.0888748
2024-12-16 00:00:00.000,0.2859131378348757,24666063653.6819,1031412789.8136728
2024-12-17 00:00:00.000,0.2968710029961979,25594781921.71562,2785592590.059576
2024-12-18 00:00:00.000,0.2789326702644762,24049186160.38413,2333108774.046585
2024-12-19 00:00:00.000,0.2579808705890066,22231982007.425632,2228979916.8690286
2024-12-20 00:00:00.000,0.2519838216229725,21733061349.98523,2634275448.662074
2024-12-21 00:00:00.000,0.2485335231086791,21435393655.590607,2602691499.296022
2024-12-22 00:00:00.000,0.2447459239005404,21081257764.793484,1602810532.3189476
2024-12-23 00:00:00.000,0.2437324014691004,21021530618.085026,1314271864.7429788
2024-12-24 00:00:00.000,0.2520532827142608,21734699439.52586,1538120401.600272
2024-12-25 00:00:00.000,0.2567344206595283,22103568501.52784,948449260.8618348
2024-12-26 00:00:00.000,0.2578339481281674,22206373631.582287,758982897.6138448
2024-12-27 00:00:00.000,0.2532261408746895,21828857524.599823,1006179061.4247222
2024-12-28 00:00:00.000,0.2589032249399649,22318429903.009354,1384318938.4661942
2024-12-29 00:00:00.000,0.2579444688884916,22248711892.985733,646623602.1058527
2024-12-30 00:00:00.000,0.2573355573561425,22182967334.720596,832716695.315684
2024-12-31 00:00:00.000,0.2529560319488961,21799296460.482594,989291178.7193612
2025-01-01 00:00:00.000,0.2543909162545144,21930589926.770077,679440802.3694557
2025-01-02 00:00:00.000,0.2551503376647888,21985365563.770374,478217327.6270699
2025-01-03 00:00:00.000,0.2650908670385555,22850860228.2398,982956762.30268
2025-01-04 00:00:00.000,0.2697892717475846,23252309565.563053,962101107.6242253
2025-01-05 00:00:00.000,0.2699838549107849,23279610921.17279,910409580.3253762
2025-01-06 00:00:00.000,0.262605044389118,22634241793.715847,597606749.0287123
2025-01-07 00:00:00.000,0.2686770218090901,23159548105.959225,981658740.0918616
2025-01-08 00:00:00.000,0.2528394453630622,21784584801.54051,1254881946.2341652
2025-01-09 00:00:00.000,0.2502989859366684,21606707558.18287,1376908189.5429442
2025-01-10 00:00:00.000,0.2403300825324681,20731260867.460026,1300095946.9402514
2025-01-11 00:00:00.000,0.2444824484969978,21073055505.671062,879219953.9517496
2025-01-12 00:00:00.000,0.2410059624014769,20771860695.555077,446541604.2144888
2025-01-13 00:00:00.000,0.2332159875430675,20086836581.525566,473877454.29651016
2025-01-14 00:00:00.000,0.2228813894103208,19208015259.582226,1450997168.529713
2025-01-15 00:00:00.000,0.2208962070619341,19030077779.073353,768602372.0916623
2025-01-16 00:00:00.000,0.2381898575542592,20527531425.187855,1092067532.9687903
2025-01-17 00:00:00.000,0.2371165866793391,20424454520.353443,1184784958.8156874
2025-01-18 00:00:00.000,0.2490335923846031,21448904681.80857,925246027.6759309
2025-01-19 00:00:00.000,0.242050577317261,20855333154.190407,1914041534.8540573
2025-01-20 00:00:00.000,0.2287003185146214,19768024280.872955,2137099313.0595376
2025-01-21 00:00:00.000,0.2374748134302216,20464302530.36492,2746390625.34322
2025-01-22 00:00:00.000,0.2450562601918366,21075070456.71189,1334553146.51035
2025-01-23 00:00:00.000,0.2532741591434603,21818706845.09419,1385658738.8339338
2025-01-24 00:00:00.000,0.2526097901527612,21759240102.831627,1495322897.0085723
2025-01-25 00:00:00.000,0.2544060459427751,21895548717.950153,964968412.1067612
2025-01-26 00:00:00.000,0.2534221990783226,21834546456.4469,545985544.2120738
2025-01-27 00:00:00.000,0.2457154734760949,21215597688.45916,514333872.58971167
2025-01-28 00:00:00.000,0.2464615228425486,21217504222.113705,1422904104.7023742
2025-01-29 00:00:00.000,0.2400424241712941,20674358245.24399,651325664.6156826
2025-01-30 00:00:00.000,0.2400917345762177,20686474909.75402,730279604.0754735
2025-01-31 00:00:00.000,0.2521090952796291,21714499819.90045,655497399.6946312
2025-02-01 00:00:00.000,0.2537733524660056,21860961223.079712,772697169.8337375
2025-02-02 00:00:00.000,0.2446948825513635,21088461782.10852,726203882.8867874
2025-02-03 00:00:00.000,0.2249982248299759,19353614492.254814,1661058668.9361572
2025-02-04 00:00:00.000,0.2288033149995345,19704481618.88054,2611986200.2716565
2025-02-05 00:00:00.000,0.2248740814637067,19348583209.870434,1737117102.2433226
2025-02-06 00:00:00.000,0.2227251262762241,19179715250.796516,783629120.7797918
2025-02-07 00:00:00.000,0.2316931389808683,19919595419.732365,1026423148.9630976
2025-02-08 00:00:00.000,0.2301004602995831,19791103900.99376,855814326.7000961
2025-02-09 00:00:00.000,0.2318854273589875,19969744453.766857,528176200.8041592
2025-02-10 00:00:00.000,0.2336362649273569,20125682016.580616,551758250.3259277
2025-02-11 00:00:00.000,0.2463994331601753,21223585572.678432,885234443.758314
2025-02-12 00:00:00.000,0.2410637035857318,20763495560.99436,697414243.13483
2025-02-13 00:00:00.000,0.2434553324963383,20946528275.312614,868341544.4184209
2025-02-14 00:00:00.000,0.2340963440197885,20156724399.295067,687757035.1473049
2025-02-15 00:00:00.000,0.2314435790554904,19923436775.66335,654373721.4685903
2025-02-16 00:00:00.000,0.2373651741061693,20437569128.312298,455614678.4886887
2025-02-17 00:00:00.000,0.2428245303085009,20900818577.448593,523880954.3232223
2025-02-18 00:00:00.000,0.2386083354574192,20544519781.66654,838437879.4637233
2025-02-19 00:00:00.000,0.2391649466630575,20589741615.73053,760160944.0349988
2025-02-20 00:00:00.000,0.2422239993842608,20853652601.619537,560177147.5438198
2025-02-21 00:00:00.000,0.2464854462275402,21215342803.86086,564413548.705717
2025-02-22 00:00:00.000,0.2376025107220893,20455418762.884983,823662284.8697006
2025-02-23 00:00:00.000,0.2375199389850141,20423526745.307625,469365123.30963534
2025-02-24 00:00:00.000,0.2461196195874351,21188376184.328743,519109598.6019738
2025-02-25 00:00:00.000,0.2394319474376237,20614436844.16432,1097691214.7529118
2025-02-26 00:00:00.000,0.2309714111165048,19899789010.282204,2112037478.1430032
2025-02-27 00:00:00.000,0.2268176168766114,19533335515.402905,1176700288.5451384
2025-02-28 00:00:00.000,0.2281200532551948,19631767604.750675,636322531.5696326
2025-03-01 00:00:00.000,0.2332422232684262,20073673560.180847,1367142990.074111
2025-03-02 00:00:00.000,0.2339507659897262,20123873365.39505,560419003.6444077
2025-09-10 00:00:00.000,0.3351309800330985,31724847314.399952,890026087.2944216
2025-09-11 00:00:00.000,0.3386254212626544,32060061202.59777,590533079.9860557
2025-09-12 00:00:00.000,0.3463463951122003,32802875088.340626,852676353.8244447
2025-09-13 00:00:00.000,0.3524889999662988,33362247200.37217,751366031.3556114
2025-09-14 00:00:00.000,0.3497396562902922,33105231233.694366,674623907.8408741
2025-09-15 00:00:00.000,0.348371337033223,32971499691.575462,570922689.1721485
2025-09-16 00:00:00.000,0.3446488970710868,32621745659.80228,813391976.2330981
2025-09-17 00:00:00.000,0.3422994410312742,32399750416.981144,724245434.4503787
2025-09-18 00:00:00.000,0.3433357110745865,32502010327.49836,877358806.5331876
2025-09-19 00:00:00.000,0.3504898930333667,33166460962.584698,845374653.5580616
2025-09-20 00:00:00.000,0.3437942229982683,32533424071.73559,800092953.0267925
2025-09-21 00:00:00.000,0.3467340391361453,32820915301.19228,619960830.7544062
2025-09-22 00:00:00.000,0.3428754294870972,32461379875.22073,546856335.2062747
2025-09-23 00:00:00.000,0.3398352614939026,32160879771.92339,1186502650.446825
2025-09-24 00:00:00.000,0.336173114537701,31832500319.552574,741681579.4291588
2025-09-25 00:00:00.000,0.3382548145676761,32022580258.95423,591074219.5651019
2025-09-26 00:00:00.000,0.3319172589463074,31423562755.05147,963065556.815747
2025-09-27 00:00:00.000,0.3384856951919412,32041644594.42966,727778390.5340201
2025-09-28 00:00:00.000,0.3368034073603116,31884793982.35065,405391036.02852505
2025-09-29 00:00:00.000,0.3357769575754445,31790087787.52804,358786993.0053547
2025-09-30 00:00:00.000,0.3369955760609834,31900087192.02934,497625054.1537011
2025-10-01 00:00:00.000,0.3335001572697882,31567210788.18072,612912337.4117038
2025-10-02 00:00:00.000,0.3417917167918514,32364660686.682182,708940455.2211267
2025-10-03 00:00:00.000,0.342995223983128,32465052562.88491,650976968.2978272
2025-10-04 00:00:00.000,0.3420628777428887,32366399517.46116,731208417.408246
2025-10-05 00:00:00.000,0.3403922529028201,32216018001.390125,459534594.79615855
2025-10-06 00:00:00.000,0.341376675899963,32314773339.29748,584954672.3496709
2025-10-07 00:00:00.000,0.346268103119937,32782937765.73439,747413001.4418571
2025-10-08 00:00:00.000,0.3380587308786476,32004991520.802513,792743276.399546
2025-10-09 00:00:00.000,0.3421325593320288,32389029377.33013,770958497.0835528
2025-10-10 00:00:00.000,0.336305794822918,31830705139.832382,758191066.4303643
2025-10-11 00:00:00.000,0.3211372774545908,30403450073.146545,1532851312.105116
2025-10-12 00:00:00.000,0.3146579875214297,29794076875.86188,1019995683.8196436
2025-10-13 00:00:00.000,0.3229628618238239,30568181853.10252,1008044674.1144596
2025-10-14 00:00:00.000,0.3229210472173155,30576185493.960144,816556204.6299553
2025-10-15 00:00:00.000,0.316980267176674,30006204204.52626,1363287386.5478122
2025-10-16 00:00:00.000,0.3193973406431426,30234469219.41816,1021157139.1881988
2025-10-17 00:00:00.000,0.3153249898465541,29845709139.735016,1012388041.9817182
2025-10-18 00:00:00.000,0.3090961607093191,29261175841.560757,1049390903.78681
2025-10-19 00:00:00.000,0.3131122998179381,29640169932.404697,467289295.9150966
2025-10-20 00:00:00.000,0.3203781198101525,30323502472.567886,447351563.7687389
2025-10-21 00:00:00.000,0.3227036854602169,30553187245.849403,623652835.6723917
2025-10-22 00:00:00.000,0.3218016261880199,30465016165.716377,784408874.2735732
2025-10-23 00:00:00.000,0.3220488363629825,30482019681.528233,1039992612.6678394
2025-10-24 00:00:00.000,0.3138918296729994,29713281084.616978,778284674.1130224
2025-10-25 00:00:00.000,0.303833633942651,28759169160.40104,971313780.9773058
2025-10-26 00:00:00.000,0.2970217617282691,28134082739.480816,994561153.6649992
2025-10-27 00:00:00.000,0.3006127986699183,28470929466.0175,820928684.9686987
2025-10-28 00:00:00.000,0.2983308542743809,28242544875.088737,699176972.850856
2025-10-29 00:00:00.000,0.2957479268621216,27997469588.195793,732072857.0080968
2025-10-30 00:00:00.000,0.2961124600773365,28032615114.110306,833024849.3415955
2025-10-31 00:00:00.000,0.2923822538696929,27674040029.11594,1214266453.7267494
2025-11-01 00:00:00.000,0.2962018205231519,28039079424.813946,577248314.2450672
2025-11-02 00:00:00.000,0.297450022404965,28158517442.930325,384107197.8612037
2025-11-03 00:00:00.000,0.2981796423689929,28217923401.928272,372434786.8379245
2025-11-04 00:00:00.000,0.2810600665200644,26608529157.221016,1522475914.912795
2025-11-05 00:00:00.000,0.2853950569223762,27012192499.671818,1634271108.3937776
2025-11-06 00:00:00.000,0.288991896602045,27359257304.37514,749213927.7080177
2025-11-07 00:00:00.000,0.283551726330624,26834140282.617496,556516368.9541119
2025-11-08 00:00:00.000,0.2921687512190831,27671955677.897015,878093204.72204
2025-11-09 00:00:00.000,0.2912444444491766,27571156662.21019,493879675.502906
2025-11-10 00:00:00.000,0.2906534858510195,27512405534.39507,412363165.9503272
2025-11-11 00:00:00.000,0.2961714168564367,28037850601.1374,581947699.6000831
2025-11-12 00:00:00.000,0.2970500250739799,28146245156.988937,732122724.1504567
2025-11-13 00:00:00.000,0.2945003326803488,27883744860.857513,707878535.1918795
2025-11-14 00:00:00.000,0.2931165106047888,27772950975.96394,904450656.7266368
2025-11-15 00:00:00.000,0.2925436645634017,27710752727.675663,1221190828.6991367
2025-11-16 00:00:00.000,0.2943263762770555,27857946216.4858,544649952.4040104
2025-11-17 00:00:00.000,0.2923755267986843,27675026803.94583,940823226.5187356
2025-11-18 00:00:00.000,0.2912500376602943,27558212398.979996,987864222.9473106
2025-11-19 00:00:00.000,0.2901221317668322,27466448988.376984,1022970221.8070332
2025-11-20 00:00:00.000,0.2864420066109128,27113205495.00337,893410330.4616383
2025-11-21 00:00:00.000,0.2803233577264408,26551517350.8233,876637489.7406825
2025-11-22 00:00:00.000,0.2762722799123385,26147529940.505283,1497331716.6269262
2025-11-23 00:00:00.000,0.2741760125262849,25958525314.977585,743578767.2464076
2025-11-24 00:00:00.000,0.2750856497664001,26040313125.33179,504727416.90159136
2025-11-25 00:00:00.000,0.2747688710711352,26015843533.78115,740055861.9786764
2025-11-26 00:00:00.000,0.2741916629440378,25961088518.405964,695824754.1279752
2025-11-27 00:00:00.000,0.2764228062545464,26165913044.135868,518541429.177679
2025-11-28 00:00:00.000,0.2802319893231524,26533666664.688526,500411719.28885067
2025-11-29 00:00:00.000,0.2810301409495536,26607123108.780373,591763819.1364689
2025-11-30 00:00:00.000,0.2809684317517915,26599714856.299335,348240189.30325186
2025-12-01 00:00:00.000,0.2817187272179736,26678722678.476337,394969621.6653932
2025-12-02 00:00:00.000,0.2771646735483254,26277244819.797283,983841642.0608228
2025-12-03 00:00:00.000,0.2811059133751891,26613980296.072227,683804275.0823792
2025-12-04 00:00:00.000,0.280580603056481,26563920316.237587,600881754.5067172
2025-12-05 00:00:00.000,0.2860009671519755,27069603377.21872,623775454.2880518
2025-12-06 00:00:00.000,0.2855062668417237,27029310521.61557,760021811.9769664
2025-12-07 00:00:00.000,0.2875103409700632,27225327588.60716,529471115.1241912
2025-12-08 00:00:00.000,0.2868567511463358,27160291546.18634,566085157.7762649
2025-12-09 00:00:00.000,0.2814293973711687,26649199495.521458,548640998.1466143
2025-12-10 00:00:00.000,0.2822370881348536,26723677906.61841,662570473.8792315
2025-12-11 00:00:00.000,0.2801871108410514,26525962691.48416,656409929.8101044
2025-12-12 00:00:00.000,0.2806678523801301,26575898856.652336,606774229.8691964
2025-12-13 00:00:00.000,0.2737307350459508,25920181365.638466,536935600.3108186
2025-12-14 00:00:00.000,0.2709991822602581,25660282015.77089,407039142.6050616
2025-12-15 00:00:00.000,0.2771285067096691,26236583967.298935,554019621.2075351
2025-12-16 00:00:00.000,0.2781419799009983,26343849451.62298,823188061.1373701
2025-12-17 00:00:00.000,0.2802901173558677,26534351824.414658,564603493.1654899
2025-12-18 00:00:00.000,0.2792618540528506,26441110966.13669,619087462.347645
2025-12-19 00:00:00.000,0.2794176006352007,26454335158.0482,612100812.0392854
2025-12-20 00:00:00.000,0.2799983408608792,26512635435.976036,587839889.0425403
2025-12-21 00:00:00.000,0.2812832708495204,26617926366.055492,412534506.5472832
2025-12-22 00:00:00.000,0.2882070873946508,27289218293.959843,584677685.8857541
2025-12-23 00:00:00.000,0.2842929716225457,26918213118.7684,632426271.2348518
2025-12-24 00:00:00.000,0.2833670770930408,26831349805.488132,450804857.6422162
2025-12-25 00:00:00.000,0.2801955149765627,26535930965.6229,564015869.5519067
2025-12-26 00:00:00.000,0.2785375290143702,26373676674.058235,432864667.42404
2025-12-27 00:00:00.000,0.2795392512772194,26471777099.47492,440197981.1350728
2025-12-28 00:00:00.000,0.2845151288409199,26940887159.38013,455499389.390052
2025-12-29 00:00:00.000,0.2848908525100736,26976578096.484463,437973802.328797
2025-12-30 00:00:00.000,0.2845673470248634,26946505098.144924,601758499.7303604
2025-12-31 00:00:00.000,0.2861560993033504,27100437106.66173,476568993.5152326
2026-01-01 00:00:00.000,0.2843529185433732,26926567678.6245,442849572.7881778
2026-01-02 00:00:00.000,0.2864516260592263,27117321731.27179,378160932.799459
2026-01-03 00:00:00.000,0.2886634359038131,27336476523.31,511880965.5158885
2026-01-04 00:00:00.000,0.2951820574960824,27952401865.63866,512651595.263559
2026-01-05 00:00:00.000,0.2938111862422629,27822867561.342937,509288526.4339793
2026-01-06 00:00:00.000,0.292064443437862,27661606104.94256,623057945.880306
2026-01-07 00:00:00.000,0.2939681371575773,27841317593.79885,567088904.9379557
2026-01-08 00:00:00.000,0.2978925731899016,28204317191.18837,661279816.7513957
2026-01-09 00:00:00.000,0.2947084228882212,27907221102.98502,626898944.9313267
2026-01-10 00:00:00.000,0.2978436167968023,28200984953.76776,618692268.3739455
