date,prices,market_caps,total_volumes
2018-07-27,0.0249162673896645,1317938663.715428,96898960.97529562
2018-07-28,0.0249779249317363,1321200021.3391511,43032415.08667307
2018-07-29,0.0256673551363029,1357667230.0234077,17920358.67235763
2018-07-30,0.0263716012847697,1394918123.719547,23546782.783747043
2018-07-31,0.025332625478507,1339961802.8419468,27437287.22161017
2018-08-01,0.0232838539760311,1231592634.4587526,34723954.01075042
2018-08-02,0.020059233509948,1061027279.640724,30769837.827622864
2018-08-03,0.0174724619127173,924200753.8664268,22597732.415081643
2018-08-04,0.0152987426825455,809222512.0334016,46681118.87848731
2018-08-05,0.0133405157083602,705642669.9467865,25566740.35210875
2018-08-06,0.0140488074248806,743107552.7798704,19753155.306493487
2018-08-07,0.0133859133409888,708043964.4242743,16584095.932302335
2018-08-08,0.0128887252163695,681745344.2365725,17481486.218625534
2018-08-09,0.0108382505789349,573286089.028712,20289367.884776037
2018-08-10,0.0116173075060609,614494076.9442939,28101168.57535608
2018-08-11,0.0097050347400963,513344969.2380487,35445681.84125796
2018-08-12,0.0090874477103371,480677884.236927,12897115.830883311
2018-08-13,0.0091568917434526,484351106.0231613,8908647.886996776
2018-08-14,0.0071951278889137,380584181.6864639,16157913.794806436
2018-08-15,0.0076932369596071,406931515.04693747,24699453.169894975
2018-08-16,0.0079039099133743,418918451.77297235,22273073.663321465
2018-08-17,0.0112394904301839,594509553.4070036,55073947.796438426
2018-08-18,0.0149715778279848,791819149.8284956,104835669.1392659
2018-08-19,0.0127397623479487,673894682.1526117,53087229.43688762
2018-08-20,0.0143101128897045,756929228.7855802,40172643.63791085
2018-08-21,0.0133102757326721,704043135.292346,38722239.51145625
2018-08-22,0.0154932992421574,819513524.2537291,52672634.2532172
2018-08-23,0.0138269765270771,731400286.9496061,65408868.52929903
2018-08-24,0.0147044148597441,777805597.7839797,32606809.19178945
2018-08-25,0.0145159038002773,767814478.7085955,19888929.868103504
2018-08-26,0.015412980328837,815305584.297623,24953188.353791513
2018-08-27,0.01525678239644,800255359.8135464,20656010.574389193
2018-08-28,0.017990563159297,954640097.2029588,58073451.07539775
2018-08-29,0.018066282663588,955868264.2283168,45187492.394157186
2018-08-30,0.0170144881229647,900146915.4007385,36040970.16729415
2018-08-31,0.0171167287266603,905384351.2111162,27097942.825192496
2018-09-01,0.0170517754399498,902013233.2892824,29352531.754525736
2018-09-02,0.0182415246606124,964880102.599638,28667061.45403659
2018-09-03,0.0178913807529636,942099001.2908988,21684111.122028533
2018-09-04,0.0187427935514334,997735964.996988,30140878.572472554
2018-09-05,0.0194195631161756,1027192101.5700116,37094553.944925316
2018-09-06,0.0162281825964752,859161603.0475682,46538209.90708851
2018-09-07,0.0161264322230147,852853601.2759887,37705752.381754436
2018-09-08,0.0155412143816426,822197071.241206,27099924.50848609
2018-09-09,0.0145919777908008,772435533.320144,18597181.11187098
2018-09-10,0.0144613572697183,764929255.9554852,18136970.987529915
2018-09-11,0.0141502948044951,748475697.991246,22130878.02976008
2018-09-12,0.0130773068647244,691720315.2764648,18283688.000820123
2018-09-13,0.0138065529564891,730316898.914744,27062305.14585239
2018-09-14,0.0140783458098656,780710933.3087891,27954052.039700847
2018-09-15,0.0139356188232525,777260505.7446344,16712688.133838894
2018-09-16,0.0142747691434395,792716442.9862646,14966423.268543918
2018-09-17,0.0141490555089329,784632120.9183536,10305374.880220143
2018-09-18,0.0126697247552195,702620199.1116871,20388061.917657062
2018-09-19,0.0129575850857883,719059229.0251005,17367665.671641763
2018-09-20,0.01298681622554,720180449.6836582,18693159.86449623
2018-09-21,0.0135946753072594,753889113.8561808,18992252.327197205
2018-09-22,0.0154177921871172,854989576.9381007,48184532.04038724
2018-09-23,0.0137392731232657,761907747.3954716,15900555.01826124
2018-09-24,0.0141519953637305,785523619.0947565,14133028.683290718
2018-09-25,0.0131006328679424,726441755.8201445,18955829.67310373
2018-09-26,0.0128313239471292,711557666.6209434,19751955.03742672
2018-09-27,0.0125357725213226,700667050.1852585,16897954.6959521
2018-09-28,0.0131203754676623,727575132.2558699,17538781.478942834
2018-09-29,0.0130697614308596,724930478.7919928,15860160.88931924
2018-09-30,0.0129236155630645,717620400.256629,14368756.37364248
2018-10-01,0.012898224167079,715119983.8496273,14663453.2609448
2018-10-02,0.0128166562099282,710385417.5865825,12362277.0093249
2018-10-03,0.0129519385669509,718301925.6955237,17565649.92328179
2018-10-04,0.0127677704686636,708756268.0885696,12517642.072993096
2018-10-05,0.0129108353683155,715966951.3963964,10509849.949931407
2018-10-06,0.0131511070690445,729149141.2937818,7151120.688851512
2018-10-07,0.0131779087801722,730777436.6230441,4606099.388512692
2018-10-08,0.0130988296432056,726392124.0543451,4281799.818837104
2018-10-09,0.0138089943544723,765806169.4591767,11122536.17724891
2018-10-10,0.0136715175679896,757768506.1638563,8392157.598827856
2018-10-11,0.0133504180507446,741808946.3844479,11381631.86606584
2018-10-12,0.0112575055761663,626799441.243751,15840626.46062396
2018-10-13,0.0116221091317537,644719482.9803362,10131973.957138592
2018-10-14,0.0115677130673454,641421529.2242675,6611807.105231172
2018-10-15,0.0114621213498408,636075561.1112083,7692598.922033025
2018-10-16,0.0119802288534056,663205693.1559037,17693521.516252257
2018-10-17,0.0120772506291463,669605231.994485,9038751.37517812
2018-10-18,0.0119718155551592,663893856.6858721,9407641.597999685
2018-10-19,0.0117530284846394,651761077.7125293,7467493.803596051
2018-10-20,0.0115709672154191,641685444.9835986,7596933.1167821875
2018-10-21,0.0116351383477668,645179106.2795677,15866940.413926495
2018-10-22,0.011462967890568,635340417.4822944,11718936.520060966
2018-10-23,0.0112025258971452,619364127.7319505,11806688.643659951
2018-10-24,0.0119460613719236,662465665.2845479,24287615.815771256
2018-10-25,0.0114969095726292,637553244.8632824,14097422.369644215
2018-10-26,0.0113448057064992,629384498.2609122,9164292.090359384
2018-10-27,0.011136313601154,617680100.4555122,12432077.496538604
2018-10-28,0.0108789438327925,603213425.332782,11475588.46414202
2018-10-29,0.01100489927655,610061182.5673996,12284513.695266437
2018-10-30,0.0104739493697179,580839178.0631967,16160598.716375988
2018-10-31,0.01019395816383,565383877.6752089,8845005.040561086
2018-11-01,0.0105280540619172,583849386.2424246,13810702.545342833
2018-11-02,0.010463695564833,580276296.4249701,13252991.378362708
2018-11-03,0.0105211551093037,583205192.2791402,12304580.969595518
2018-11-04,0.0103527637151752,573902186.755419,10594422.129728774
2018-11-05,0.0104436174335489,579126638.5679882,17040270.78175011
2018-11-06,0.0107023518471266,593496083.4186996,15350227.177390808
2018-11-07,0.0112327361639591,619770599.6759492,17556258.370953977
2018-11-08,0.0108853474169574,602346004.2918738,17014932.927382503
2018-11-09,0.010547163391992,584985228.4786686,11652593.417785907
2018-11-10,0.0102291583027039,568226593.1014518,12782929.439230898
2018-11-11,0.0103046884642696,569527440.3159641,6601842.3765450455
2018-11-12,0.0101590219598947,563365868.6133395,8620425.459222132
2018-11-13,0.0099568106021865,552152291.3980817,9502654.63787269
2018-11-14,0.0093327083781396,519123026.2600207,12761073.675159091
2018-11-15,0.0084712400357825,469770369.61146593,17795222.81968277
2018-11-16,0.0080270756866531,444207030.5346312,13988814.32902581
2018-11-17,0.007789539898276,431966869.2729173,10362300.997650748
2018-11-18,0.0077736431444331,430681999.7202709,10849023.786388507
2018-11-19,0.0077101475371181,427527827.5420728,10011843.923334112
2018-11-20,0.0061112849327965,339463200.5922715,19542512.901605234
2018-11-21,0.0053334791607093,293600408.00501186,17753008.32987787
2018-11-22,0.0058344691172759,325158419.7782413,12560577.970737793
2018-11-23,0.0052215427173526,292180137.6258121,7167882.912179199
2018-11-24,0.0052033125439209,288431003.6140765,8384704.907704025
2018-11-25,0.004597245882726,256335002.6948493,6375178.86492765
2018-11-26,0.0047371920001401,262207383.22896236,9300573.098685214
2018-11-27,0.0043922630366004,244736649.79750928,8386583.380304444
2018-11-28,0.0044411764177121,246182492.4365697,7637726.675442521
2018-11-29,0.005268070440941,292486465.4292122,16206745.361360325
2018-11-30,0.0053267008769875,295244147.18111426,11373543.760982191
2018-12-01,0.0047910013215051,264630858.44128275,9947044.8460214
2018-12-02,0.0050671357724852,281181744.826586,7436927.132864997
2018-12-03,0.0049180593882682,272262079.28536594,7296915.582610993
2018-12-04,0.0045547012139607,253284103.73163587,7594345.842219649
2018-12-05,0.0045970913709291,254935604.3740741,7696961.790566164
2018-12-06,0.0044369666871318,246308469.4938271,7647469.156539748
2018-12-07,0.0041310735974891,227350442.22629517,10453934.865579022
2018-12-08,0.0039085200640902,215958159.8184198,12878370.38539438
2018-12-09,0.003830018937081,212815057.63212857,7370243.006537298
2018-12-10,0.0039954617589259,220975347.0217701,6764836.991966461
2018-12-11,0.0037650821778838,208290858.42572647,5893595.228600643
2018-12-12,0.0036866813187677,204536885.28035927,4229509.60939423
2018-12-13,0.0036724184035984,203663665.7804984,6198484.043516529
2018-12-14,0.0035167721929615,194653909.5528874,4713007.529362321
2018-12-15,0.0033654921316599,186540667.4337169,4639057.681068072
2018-12-16,0.0033343286033186,184738260.69853812,3176744.3615628737
2018-12-17,0.0033904916987223,188480673.07975543,3646719.3880679705
2018-12-18,0.0040148709068206,222776632.86654755,10261411.693411672
2018-12-19,0.0040888223493693,226744559.02858827,7146007.230184992
2018-12-20,0.0041569780890427,230524117.49727735,10021405.025014453
2018-12-21,0.0044678415391604,248040549.1560048,9422234.021050643
2018-12-22,0.0044088632299422,244514876.24432525,11009270.277469693
2018-12-23,0.0045502683781641,252021976.7938972,7218323.791298064
2018-12-24,0.0046617261958602,258380912.7801432,6680586.916739029
2018-12-25,0.0047459699619544,264567972.7845066,11387818.45343682
2018-12-26,0.0043042024394551,238701347.1426723,7208572.884276874
2018-12-27,0.0043348655991596,240426943.28542215,4672499.214250604
2018-12-28,0.0038542737535122,213560860.5198967,5535383.087832245
2018-12-29,0.0042922739996617,238026916.34018007,6563266.782029266
2018-12-30,0.0041860326452894,233970111.63708025,5904413.390433237
2018-12-31,0.0041620239079477,230725786.5080976,5882058.396483663
2019-01-01,0.0039263934900385,217630839.54117787,5733166.975671068
2019-01-02,0.0040836940563833,226368674.96196565,5019741.990309476
2019-01-03,0.0041584372208971,230658575.4131386,5302588.883024773
2019-01-04,0.003984289134501,221308729.06971243,4189643.5772176352
2019-01-05,0.0040499128583149,225208530.4631038,4510596.922360014
2019-01-06,0.0040153958398933,222716353.2391906,5004840.98745468
2019-01-07,0.0042777475107264,236607310.8989584,6322741.07412897
2019-01-08,0.0041328203290367,229007370.2998525,5558834.913138847
2019-01-09,0.0043149777124401,239209050.81084955,7212443.990733474
2019-01-10,0.0047365441976806,262787506.66495225,12684770.27043962
2019-01-11,0.0040088782472429,221695574.4556333,12688240.929245291
2019-01-12,0.0039076829838277,216645476.0803306,6347043.313770062
2019-01-13,0.0039387370402621,218381567.5279565,4600034.1935818875
2019-01-14,0.0037175041589295,206153207.2513345,5442763.7688456075
2019-01-15,0.0039867675548254,221192466.8775691,5281921.185289951
2019-01-16,0.0038780547807175,215008491.90402815,3509623.61397447
2019-01-17,0.0039361337542758,218021150.3738724,5218338.828249752
2019-01-18,0.0041905426937962,232348855.00596684,11254831.409803376
2019-01-19,0.0040237185224925,223185649.82149112,6420087.117338009
2019-01-20,0.0040790427785179,226202235.52056873,5098089.002758311
2019-01-21,0.0039539371129211,219264534.0129215,6842250.696887754
2019-01-22,0.0040684675042502,225752187.44597197,6984365.377963102
2019-01-23,0.0045029340278302,249709012.33522463,20729705.47833378
2019-01-24,0.0043476637839652,241098542.13935888,12501061.40508049
2019-01-25,0.0043621097163559,242039172.0701976,7763901.394987132
2019-01-26,0.0042946290183489,238329490.3961079,6461637.354338463
2019-01-27,0.0043282807374629,240033997.8497113,7571623.489466758
2019-01-28,0.0041313632019212,229331756.00979137,12288274.750142643
2019-01-29,0.0039028501484319,217343803.34686044,15525238.321124995
2019-01-30,0.0038763321846831,214890300.01930305,8163121.289309107
2019-01-31,0.0040004000556048,221841124.1774713,7239528.966189071
2019-02-01,0.0038795400632078,215009648.56038064,6714899.524835941
2019-02-02,0.0038885178484514,215636726.05094108,8376504.236317269
2019-02-03,0.0038862337890758,214311625.62925467,4736455.508125689
2019-02-04,0.0038485154820056,213438787.85351175,6253421.23098166
2019-02-05,0.0037796655376332,209355331.1057218,6373886.298938182
2019-02-06,0.0037840878481225,209886039.54230693,6844612.238590803
2019-02-07,0.0036255398416117,201053350.4234147,7412033.657900834
2019-02-08,0.0036850207085937,204351846.1275742,5077044.417609695
2019-02-09,0.0039624508960239,219643641.8365664,6523411.951220944
2019-02-10,0.0039942200443044,221486993.3673602,4927640.691978355
2019-02-11,0.0040206918190688,223274375.745859,6484452.543286459
2019-02-12,0.0038963965561957,216073637.6994708,4932901.116781769
2019-02-13,0.0039155939053087,217123191.83948535,5172275.612916088
2019-02-14,0.0038490478372808,213336273.30923876,5280773.230479071
2019-02-15,0.0038590949602647,214135657.33597896,4776684.216265056
2019-02-16,0.0039166417643375,217134749.171916,6115175.988072798
2019-02-17,0.0041037488778299,227265374.1277637,11691944.855366498
2019-02-18,0.0041101938430481,228217475.45145243,7688102.870899137
2019-02-19,0.0043369089792913,240395110.0500861,9861718.54463929
2019-02-20,0.0042647269146092,237407048.75064397,9199604.21733722
2019-02-21,0.0043326819846272,240607895.5040122,7227212.436425553
2019-02-22,0.0044325918214144,246157709.41605893,17082668.28367249
2019-02-23,0.00477821353393,265598246.7321849,20163168.769978993
2019-02-24,0.0048583031097362,267638019.40635952,13509933.28029772
2019-02-25,0.0043995288402864,244891405.77311024,20073413.551173996
2019-02-26,0.0044346118585248,246036630.44691455,63141019.32180003
2019-02-27,0.0045144737893217,251666541.30462223,46660073.765802056
2019-02-28,0.0045184655595477,250686504.65795383,15484579.31632606
2019-03-01,0.0045463452007232,252116367.41536272,9026626.643591218
2019-03-02,0.0045554422504377,252355141.76455507,8826117.370466612
2019-03-03,0.0044754304604746,248178366.90753415,7037739.250080788
2019-03-04,0.0044095255492482,244412994.4083732,7091568.9551055
2019-03-05,0.0041944333332204,232601188.13002136,10490243.140731843
2019-03-06,0.0043317443679385,240386518.21729589,9215634.552922675
2019-03-07,0.0043135669002712,239036894.6355438,7478460.840202871
2019-03-08,0.0044660180286544,247396262.91699076,10719980.24065218
2019-03-09,0.0043725178495651,242527294.07832232,10649514.741557306
2019-03-10,0.0048395297205889,268374837.21197817,15570641.58730892
2019-03-11,0.0047056779339414,261055359.5014411,13061969.198120965
2019-03-12,0.0044784103304695,248564554.55643895,21200492.678221196
2019-03-13,0.0052588943639563,291503791.008574,31053719.000430223
2019-03-14,0.0050884460173358,282176995.8909142,17251016.24223759
2019-03-15,0.0051400261192756,285037835.8771997,13689243.571122834
2019-03-16,0.005286885963768,292933284.5168282,11783788.761264388
2019-03-17,0.0053046221188152,294328015.95661646,11436166.078781247
2019-03-18,0.00519808156424,288276581.18461144,9596860.270849176
2019-03-19,0.0052672679955368,292235028.9134643,9493936.00672568
2019-03-20,0.0053685781950536,297713080.0597605,10146091.542192668
2019-03-21,0.0056460046363233,312423962.71769375,17587413.110088352
2019-03-22,0.0056698373961927,314419329.1649907,26597830.285173997
2019-03-23,0.0057657255081097,319014759.10094494,18958178.795299
2019-03-24,0.0058615028590507,325130691.3579214,16979968.456210878
2019-03-25,0.0057437565974575,318491392.8002217,12881981.082882466
2019-03-26,0.0056330317834769,313064905.1882658,14526662.041966785
2019-03-27,0.0055147467554181,305828493.2509689,19914988.397910915
2019-03-28,0.0056769976547571,314345336.71404916,14138075.529961027
2019-03-29,0.0058462501620583,324200048.14370733,11362328.04807902
2019-03-30,0.0059151480499596,327031930.4806837,12261764.943133447
2019-03-31,0.0059183330760168,327906225.7528037,12981047.44784952
2019-04-01,0.0061188487487899,338544772.0593752,20025459.316753175
2019-04-02,0.0062832970184193,348448645.15329117,15893838.916940223
2019-04-03,0.0075059380893116,416948972.9660191,39287469.32641203
2019-04-04,0.0074102519589075,411409435.8253158,34527930.746496215
2019-04-05,0.0072718475418474,403176720.957216,23230793.583610408
2019-04-06,0.0075998206212982,419885595.0224878,13692920.381779172
2019-04-07,0.007647208893906,423805258.21449894,13466018.123456707
2019-04-08,0.0076215204840103,423415804.67592514,15466297.042691926
2019-04-09,0.0074839966822482,414977479.0536977,17985854.888375815
2019-04-10,0.0071459933738188,397823478.7399774,14679831.269715844
2019-04-11,0.007161614665402,396682964.8592738,17451247.820474602
2019-04-12,0.0066172894361319,367021080.24820155,18715861.305859808
2019-04-13,0.0068778614000458,380828899.3130423,13385230.718499163
2019-04-14,0.0069432817504457,384752636.71606106,11214456.131768446
2019-04-15,0.0069531626919759,386205708.2830908,10520963.141924445
2019-04-16,0.0068516083480475,379863144.56322145,13335001.292447804
2019-04-17,0.0071380691017774,396005703.3043779,13058785.297950575
2019-04-18,0.0070409686380497,390131477.7869526,11628719.667144649
2019-04-19,0.007318004502677,405796295.4885301,17540181.037091177
2019-04-20,0.0072320655785167,401307081.4742669,15831006.87995946
2019-04-21,0.0069814120159756,387142143.77254087,13614847.331350848
2019-04-22,0.006832879851416,378420475.4325471,14108431.588785945
2019-04-23,0.0069824880196935,386916257.9030257,22617880.483281303
2019-04-24,0.0067645674333177,379986925.53759134,15030520.754530918
2019-04-25,0.0063749997457737,352442839.01511335,20188851.780327525
2019-04-26,0.0060328640224789,333999768.54396176,15397890.74294406
2019-04-27,0.0061091117134582,337399031.7306894,14505228.97819638
2019-04-28,0.00615273392053,340822396.2396774,10363770.774796398
2019-04-29,0.0060715864599617,333939691.0648296,10070223.704356711
2019-04-30,0.0058361207956376,324917264.9581059,12131096.443248808
2019-05-01,0.0062279565659036,345214174.3491975,11212605.43387379
2019-05-02,0.0065323963632519,361609274.8109731,12975066.194182448
2019-05-03,0.0064493870594369,358051092.8475666,11556827.224688577
2019-05-04,0.0066319833528055,367892036.3642119,15121756.265041765
2019-05-05,0.0064891384641914,359185994.2990652,12527578.26702565
2019-05-06,0.0064029816721674,355635567.5092573,10512879.978621844
2019-05-07,0.0062509861279613,346648128.4222294,13648206.30904919
2019-05-08,0.0061622652021191,343869739.0056996,11546992.297850473
2019-05-09,0.0062689871589181,347621333.43725127,10856302.46103707
2019-05-10,0.0059741562331131,331332244.55563,12202068.537664894
2019-05-11,0.0060742867839722,336906039.9106205,15706817.595369652
2019-05-12,0.0065147870648801,362284601.948614,21243071.535338175
2019-05-13,0.0060879117490887,337295744.68192285,14755050.571354574
2019-05-14,0.0063552731539006,352423470.9894263,18901376.691667803
2019-05-15,0.0070496904815128,390111796.6000776,25158448.219743326
2019-05-16,0.0079091849901769,437215431.0999328,25671964.156854384
2019-05-17,0.0081414085952758,450583528.95199406,38408707.238345735
2019-05-18,0.0076190162744773,421183101.0546649,25996627.50997692
2019-05-19,0.0077647791761961,430593769.9965177,18577184.244446665
2019-05-20,0.0079455034828323,441021919.6961225,21160073.0415614
2019-05-21,0.0076726992155333,426251134.5453781,17466607.931750156
2019-05-22,0.0077480387832113,429562353.6331766,24201083.884815104
2019-05-23,0.0071566812504415,397034918.58369553,21371692.06180643
2019-05-24,0.0074317743950435,412522715.8596952,13298126.054459002
2019-05-25,0.0073771910829447,409809459.4250874,14680016.13448782
2019-05-26,0.0074214638616588,411324839.179704,10786085.895892454
2019-05-27,0.0075921027226826,418376059.8300523,16519262.92590242
2019-05-28,0.008021874639473,445111249.58324355,25475253.62849996
2019-05-29,0.0078308891050206,434537069.60100573,23442573.616970994
2019-05-30,0.0076943061624701,425986973.2935364,20213024.2219672
2019-05-31,0.0075105989484633,416353082.4448987,33957104.43607698
2019-06-01,0.0076849373012538,426325012.046189,29672959.60923388
2019-06-02,0.0077807116473656,431524028.3738232,20855444.249601208
2019-06-03,0.0078054633275527,432961391.6960406,17588652.835664216
2019-06-04,0.0072004769164914,399137217.819213,16619728.908661354
2019-06-05,0.0074121138125151,410233605.93671125,23606036.658658195
2019-06-06,0.0076752261558517,425727054.45301765,29121888.513592333
2019-06-07,0.0077059195757034,426631197.1208076,23174308.94099637
2019-06-08,0.0077777143137941,432475946.45602894,18389806.847437263
2019-06-09,0.0076683913131969,425522674.8182143,20138167.929029297
2019-06-10,0.0072622689136048,402269221.2162368,19327256.19575212
2019-06-11,0.0077270847767895,428100602.319938,20363706.3020849
2019-06-12,0.0075027879014323,417382332.04007345,17293978.966525584
2019-06-13,0.007614049553238,421285004.6048575,18734315.766437944
2019-06-14,0.0076182381335703,421932001.6175688,18653174.061305217
2019-06-15,0.007323155737012,407987394.97028285,33923646.126759335
2019-06-16,0.0073614356883452,408180289.271088,23705120.57711723
2019-06-17,0.0072671317325774,404286777.2639023,27310551.81365994
2019-06-18,0.0073295151134544,406953946.9598193,28822401.0994323
2019-06-19,0.0073836562268051,409897340.6620276,50629867.13805658
2019-06-20,0.007309770544782,405225661.00482976,21261953.038007636
2019-06-21,0.0069300125938834,384900150.0475274,31340326.46446971
2019-06-22,0.0068444482451554,377943487.36622137,34528945.97374858
2019-06-23,0.0070043731828417,389269695.36954486,64379861.825167045
2019-06-24,0.007175708335133,398147302.8142292,44121083.78793791
2019-06-25,0.0070883461608405,393044791.1510874,109558328.01168329
2019-06-26,0.0091986818783944,508013338.887023,339850682.4740639
2019-06-27,0.0080524817141665,447942117.60386455,179251011.29773694
2019-06-28,0.0077860036491341,429423943.23509187,119372589.56017382
2019-06-29,0.008282885535051,457803689.2827735,84366212.279166
2019-06-30,0.0092230613342714,514426408.18103987,85832137.67271565
2019-07-01,0.0081719025423181,459027723.248523,87785112.60043803
2019-07-02,0.0081112882850111,450871530.6020476,72990953.80525307
2019-07-03,0.0076171005740628,422465055.62400424,77279333.66369247
2019-07-04,0.0078647370488824,437411917.32010907,40405880.61556089
2019-07-05,0.0073230613486537,406098425.0137229,45572213.00609234
2019-07-06,0.0074918852355851,415551655.0140989,63042631.00164171
2019-07-07,0.0075072678795923,416496014.32264465,30046526.306286298
2019-07-08,0.0074986259592585,415716414.8898783,29415336.60540212
2019-07-09,0.0072335025920504,401063640.4007178,27802199.94092705
2019-07-10,0.0072970257937067,402091282.4007118,49970717.493392065
2019-07-11,0.0069636834998342,385585103.2348046,42365168.92540664
2019-07-12,0.0060505628374504,336430665.16675806,34853322.734754786
2019-07-13,0.0069161754141551,383325891.8851928,34644040.746931076
2019-07-14,0.0065200132388985,360444662.5160257,28140665.015993804
2019-07-15,0.0057466362183063,318788187.79542744,23099095.868974462
2019-07-16,0.0056884268715946,315905868.8559434,46409732.61645245
2019-07-17,0.0052131451256394,288867268.4504761,58855294.01878159
2019-07-18,0.0054247861021152,299848898.75513357,75805239.49977681
2019-07-19,0.005674649255148,316350371.8482377,37484842.95234573
2019-07-20,0.0058289849279122,323435640.5937464,33026662.919340793
2019-07-21,0.0061081075876479,338612812.91872746,31686289.362201955
2019-07-22,0.0061040903407142,338591230.79911876,30863995.45557619
2019-07-23,0.0062015972277774,343807829.897817,32611060.88506132
2019-07-24,0.0058627637369254,323835483.97265357,37029898.35419063
2019-07-25,0.0059087577775363,327507469.1452249,36477784.59755466
2019-07-26,0.0058775461082261,325646111.92280036,32113017.372439846
2019-07-27,0.0059424546961794,329630753.5135076,33938575.901684314
2019-07-28,0.0056769444182636,314194663.1739748,33114411.363457084
2019-07-29,0.0056524599146558,314145701.5763376,32155431.91763333
2019-07-30,0.0056000029209893,309874921.3003097,30499051.675480433
2019-07-31,0.0055193996224678,306137882.71053374,26572911.96142205
2019-08-01,0.0055946809129376,310025736.26849884,30390585.20783374
2019-08-02,0.0054076192239136,299897580.63423055,30272602.6881874
2019-08-03,0.0054873829050304,304484308.2454443,27653873.204423644
2019-08-04,0.0054698102997083,303502424.3693935,26597513.53397708
2019-08-05,0.0053258995926334,295314042.8384983,26170407.33859998
2019-08-06,0.0052213693370817,289829952.75160575,27986541.603054136
2019-08-07,0.0048963326683885,268963582.8467318,29309927.857300896
2019-08-08,0.004947085174953,274212976.9250433,41942906.50089021
2019-08-09,0.0049867925171783,277138898.5718056,31971955.308002565
2019-08-10,0.004944206428247,274121418.79577744,30775391.710143115
2019-08-11,0.0048957115557858,271443514.45204884,28561261.879039165
2019-08-12,0.0051261221146832,284292868.0591148,30874788.01304612
2019-08-13,0.0050914382444197,282371741.5190214,34639307.26766431
2019-08-14,0.0048834957564801,271314257.9957034,33965708.68062398
2019-08-15,0.0046895509367013,259771397.0715729,33785076.8599109
2019-08-16,0.0045697625221996,253270686.82184595,24321605.147996765
2019-08-17,0.0044867282855959,248406294.6745887,27221042.817486662
2019-08-18,0.0044668192510668,247703833.44084543,29517456.811713308
2019-08-19,0.0045029562677584,249787238.29927012,26964195.002852373
2019-08-20,0.0046782393353576,259430521.67318663,30691457.411832742
2019-08-21,0.0045502295150118,252456935.28014275,29945040.327329833
2019-08-22,0.0043319958876909,240056833.36145857,27755713.11965714
2019-08-23,0.0044846637927591,248558490.766572,27641608.950504106
2019-08-24,0.0046083111346819,255684246.02862096,25156872.648093954
2019-08-25,0.0048912488041645,271826907.15704554,32759185.59714235
2019-08-26,0.0044776392059647,248169543.30389383,32050013.89451055
2019-08-27,0.0045594102121067,253025127.88295197,28437007.259514205
2019-08-28,0.004529477820597,251155173.96456692,30125803.67724997
2019-08-29,0.0042504400073363,235661656.67279783,27898942.155937213
2019-08-30,0.0040664637917459,225775483.66187936,26979361.22497736
2019-08-31,0.0041011694820615,227429265.9975776,25107865.08725137
2019-09-01,0.0041122928336553,228174857.6361295,24744381.18833553
2019-09-02,0.0041031040247587,227604654.1332729,23828552.376681294
2019-09-03,0.0043490649154313,241176241.5132312,29673980.135936685
2019-09-04,0.0042748503446279,237347358.92635572,37788446.26739736
2019-09-05,0.0041249453282562,228660382.17051715,29864359.388434947
2019-09-06,0.00392651225591,217964381.64532727,32156498.23805062
2019-09-07,0.0037743036661719,209317272.1200639,31443309.093912657
2019-09-08,0.0038458716088873,213271790.14569947,32936339.543821927
2019-09-09,0.0039910382979444,221180836.8107435,28904880.884699807
2019-09-10,0.0039725806719892,220438493.001838,30444687.309554964
2019-09-11,0.0039051802553318,216505795.1913868,34325240.40523433
2019-09-12,0.0037231085355768,206462843.8150373,29209727.109836303
2019-09-13,0.0037491132398571,207906080.4514464,32578032.209678374
2019-09-14,0.0037375648989173,207606406.21086347,30957308.49189441
2019-09-15,0.0036690510863081,203596741.29619357,31447970.932038605
2019-09-16,0.0037343430962182,207069701.1690716,26757718.39141953
2019-09-17,0.0040108646873331,222758776.70584372,45453833.019193746
2019-09-18,0.004210846379691,233718890.51300985,36092071.52221411
2019-09-19,0.0042788099442819,237442654.0415064,33894028.324313164
2019-09-20,0.004218445482884,233783688.3046805,31269728.083491582
2019-09-21,0.0041826091937628,231830779.0479773,28487104.69860748
2019-09-22,0.0041398356665475,229561084.77098155,37366122.26040965
2019-09-23,0.0040496846234775,224741995.9251524,31708464.76704657
2019-09-24,0.0039272402834396,217794303.68016857,36005617.57294357
2019-09-25,0.0034695362956193,192402215.1525437,28273548.290705487
2019-09-26,0.0033766444362196,187262309.2747502,29319005.853324875
2019-09-27,0.0032992189750883,183303938.51881728,41261655.11474764
2019-09-28,0.0033887249067816,187920327.82876736,30715407.91435892
2019-09-29,0.0034348480325437,190011809.7041092,24949139.36061908
2019-09-30,0.0033270657580471,184531643.61785093,20662233.604580503
2019-10-01,0.0034679104507803,218382491.33778656,23169366.29945057
2019-10-02,0.0034893945913552,219832607.0379945,21543657.54176377
2019-10-03,0.0034862324187705,219806351.80049428,21553907.66431546
2019-10-04,0.0034308149120326,217073693.58390835,27040140.629212435
2019-10-05,0.0034333244721434,216458584.8523824,27362836.32366549
2019-10-06,0.0034139382053594,214859616.7626792,33264332.8206123
2019-10-07,0.0033514631075488,211244160.4359842,32406250.78076366
2019-10-08,0.0034639858580672,218520031.691988,48570314.422797784
2019-10-09,0.0035823697196452,225754822.3673872,45876281.12987159
2019-10-10,0.0037971714556972,239329365.53940043,46250154.52350872
2019-10-11,0.0037425527714661,235894710.0790052,37602679.51480887
2019-10-12,0.0036336528455584,228937584.84071636,52619423.76778643
2019-10-13,0.0036802590792253,231980567.5302483,27802602.539146017
2019-10-14,0.0035839693945555,225713853.9307312,26208038.64385152
2019-10-15,0.0036405663186752,229389914.140918,65087910.00035952
2019-10-16,0.0034494454062724,217175916.84357017,29613115.629965715
2019-10-17,0.003346335529411,211037602.06899545,88783941.90843661
2019-10-18,0.0034437299494709,216930162.0570146,43430359.61763687
2019-10-19,0.0033729882197668,212732221.57232013,28141354.05693035
2019-10-20,0.0033291853658038,209772985.7643224,27315123.12998353
2019-10-21,0.0033690415693686,212123739.57103223,93646069.3370294
2019-10-22,0.0033382811097224,210244363.651881,73216554.36183791
2019-10-23,0.0032847612654226,207072173.79688203,92931867.68918626
2019-10-24,0.003000513003078,189123624.4805433,35747123.296274416
2019-10-25,0.0029952460612819,188779729.75097197,31750245.687139805
2019-10-26,0.003369427805182,212200263.0329865,47668007.45185406
2019-10-27,0.0033578754646597,211688491.6720521,39438642.66942005
2019-10-28,0.0040851460671487,257839405.17628312,60691951.04780181
2019-10-29,0.0038407078192452,242504065.8401843,77169091.56114168
2019-10-30,0.0041708261709454,262888966.55949697,66308731.62343489
2019-10-31,0.0041154013912803,259426730.0726298,55072300.494843654
2019-11-01,0.0040988800870581,258965740.89032713,42694444.89009704
2019-11-02,0.0039794618906444,250839035.7149416,38193631.029158354
2019-11-03,0.0042052727098398,265357930.99217725,41494600.85332497
2019-11-04,0.0042621283876372,268729265.6508852,107055967.08828951
2019-11-05,0.0043819815063731,276337070.02799505,50194320.23251619
2019-11-06,0.0048530173191848,305887767.90154326,65772792.35011275
2019-11-07,0.0052083396130157,327789697.2686535,76101437.75746717
2019-11-08,0.0055435949844507,348869434.1417016,93128901.37791252
2019-11-09,0.0053466233445574,336943565.0104565,73225336.79451306
2019-11-10,0.0051421291669391,324137401.24453336,55751133.844597906
2019-11-11,0.0056858176100609,358376843.9834913,68560971.10433388
2019-11-12,0.0059804417107153,375896626.9776568,92914932.71995224
2019-11-13,0.0065036650345059,409731699.7534176,106310832.0747859
2019-11-14,0.0062879598865623,395451202.9422227,79659159.7782348
2019-11-15,0.0072010204183869,456040197.0318767,143190967.88564986
2019-11-16,0.0076442202128061,480391854.7095477,204124001.32710773
2019-11-17,0.007321527361365,461923641.5479866,139818987.4623095
2019-11-18,0.0076128796023362,476720298.632305,105566166.86643384
2019-11-19,0.0074444708866631,470548296.809391,130918546.82820584
2019-11-20,0.0069456700927054,437788571.8312307,116485395.55063236
2019-11-21,0.0062273028878999,392977347.6539025,123662944.18911256
2019-11-22,0.0057871918008082,364263728.44514054,98479922.32325462
2019-11-23,0.0052782197365682,332181077.1142869,125814998.13662258
2019-11-24,0.0056842500017938,358046212.9434109,109846494.39804004
2019-11-25,0.0052665729918345,336438065.78319144,118532177.08953506
2019-11-26,0.0058479404334004,367103765.83201855,110055136.92645337
2019-11-27,0.0062831296398709,394960219.4774642,109481481.50119762
2019-11-28,0.0064903483208724,409812691.340057,121950907.35473996
2019-11-29,0.0063682236601981,402821623.3402559,78506390.86669795
2019-11-30,0.0064500103221912,406863106.484364,73840435.18984339
2019-12-01,0.00610269381217,383488218.8534932,67913612.85594036
2019-12-02,0.0069682007505727,438837712.7605978,148208283.00094485
2019-12-03,0.0073637518406434,463469955.4847184,211682932.6081309
2019-12-04,0.0070294033215423,442902842.27236944,147553460.20696026
2019-12-05,0.0069296338129697,436373630.1145163,139735975.15261775
2019-12-06,0.0068758939241609,433546260.8838103,107504941.11015752
2019-12-07,0.0069405091730545,436421793.8079671,95270696.65438452
2019-12-08,0.0068409995369449,434763980.7051549,79227405.31408954
2019-12-09,0.007098773296531,447591637.27237576,90994672.54963374
2019-12-10,0.006852253633331,431900492.237877,101412192.28178696
2019-12-11,0.0062747949386767,395989933.41762465,114963174.79196058
2019-12-12,0.006057590834069,381812554.381214,79650078.337961
2019-12-13,0.006192863678183,390616654.1559701,84824320.49736728
2019-12-14,0.0058943265904329,371573741.13611245,117318549.57969604
2019-12-15,0.0054684583216676,344226096.7131056,77698839.19870004
2019-12-16,0.0055425061638327,349720409.881829,75687268.81990156
2019-12-17,0.0050881471888437,321193427.396712,63256917.20481848
2019-12-18,0.0046712353676886,294911361.3368964,71972245.14947836
2019-12-19,0.0053056020117089,334414375.6338731,93145525.85243264
2019-12-20,0.0050626168249669,318371938.9996445,68955489.56189072
2019-12-21,0.0053835202812598,339210249.1804757,84560514.56970862
2019-12-22,0.0053205962240639,334936824.94907826,65246221.20429468
2019-12-23,0.0055353389958576,348660276.88154227,68887947.33306824
2019-12-24,0.0058378634731494,367832529.9325813,103103206.6666744
2019-12-25,0.005975396497045,375848719.9969005,109700433.54364014
2019-12-26,0.0058573618942912,368611196.0224487,96338077.12649582
2019-12-27,0.0055061152241583,347492474.8453258,105760955.74304216
2019-12-28,0.0056681980391212,357190585.7556513,104050869.47592992
2019-12-29,0.0056776954901938,358495792.4272446,99402444.7916623
2019-12-30,0.0055847238223009,351474736.10365117,99864958.03327753
2019-12-31,0.0054173384206254,343853347.43744487,91142835.22421966
2020-01-01,0.0052441960509356,332400664.357811,85781446.44835854
2020-01-02,0.0053581633780927,339911554.674505,80029775.98408672
2020-01-03,0.0050983789394316,323017719.0348181,73591414.0453199
2020-01-04,0.0053088887006134,337757432.8645394,82201584.82659328
2020-01-05,0.0056051719251757,355235518.00622064,74633524.63081509
2020-01-06,0.0054725631175121,346986856.0440927,76562477.27835427
2020-01-07,0.0057072642367747,362100763.5030821,89513192.42837542
2020-01-08,0.0055895212819001,356111650.25959826,85235394.46968368
2020-01-09,0.0054673304243764,348186219.6527784,94343984.15847106
2020-01-10,0.00531819091867,337283624.8106089,110482344.51837106
2020-01-11,0.0054749218929112,342423100.4085771,159353365.42484528
2020-01-12,0.005472335480382,344257024.0796391,202915641.1990708
2020-01-13,0.0055221161539467,345475835.79531837,118380657.94449043
2020-01-14,0.0054183228207645,339835158.23609746,94526747.17246008
2020-01-15,0.0059348554254792,370374951.5827981,162944831.3025859
2020-01-16,0.0060077296199027,374405290.4521091,165622498.12271467
2020-01-17,0.005896401350695,369088390.09956944,133260886.98497269
2020-01-18,0.006209113483059,387794221.6997608,165554009.44152877
2020-01-19,0.0062646205043226,392824149.3588704,169918544.8669661
2020-01-20,0.0059339541164142,372452191.7589166,155430578.85480607
2020-01-21,0.0058486143627149,367118061.70949554,138168485.14357978
2020-01-22,0.0059430796158223,372354870.1917911,131047733.14874506
2020-01-23,0.0058630908308602,366573147.3466705,115748147.58364607
2020-01-24,0.0056121049793217,351835328.7160297,129647071.79195896
2020-01-25,0.005574375827267,351158371.2072476,122254821.89039172
2020-01-26,0.0055803830581288,350166803.55882394,106728558.21899912
2020-01-27,0.0057218452816154,358592487.0076657,113221782.03048044
2020-01-28,0.0057763623411076,363401973.63051105,128558756.03670128
2020-01-29,0.0058955797644656,370774432.1520199,140747583.7705715
2020-01-30,0.0057285735036967,362004176.18745345,140336786.31137916
2020-01-31,0.0057256605837593,358392277.15042204,150913637.04131344
2020-02-01,0.0056430872863905,355195993.9604113,146949743.04518387
2020-02-02,0.0059059547377551,368506412.6055856,170761847.06738725
2020-02-03,0.0061404914869262,385382431.5865648,172656923.64638472
2020-02-04,0.0062451229352999,391721177.22288406,160026941.7280431
2020-02-05,0.0064415919788023,404498056.53347766,75497737.30009575
2020-02-06,0.0064284915760488,403803482.33682865,76274250.31690985
2020-02-07,0.0067400429730682,422342925.8253893,75668777.08564875
2020-02-08,0.0067982756208086,425568476.11130255,70141517.46917608
2020-02-09,0.0067524452889819,423609581.7452737,51023667.98057717
2020-02-10,0.0067911457019688,425665352.52172834,61559051.01895102
2020-02-11,0.0065315254911959,409385067.466486,69027551.80284005
2020-02-12,0.0072143342121111,451673938.9969518,183605095.3059512
2020-02-13,0.0075361741041106,470833687.9976005,208705268.8125912
2020-02-14,0.0078330566114736,490383954.5598373,203323293.2856407
2020-02-15,0.0082551995667296,517305259.7718134,211886489.13393676
2020-02-16,0.0076623758327157,481146557.5054336,194254701.8180671
2020-02-17,0.0072437284052462,455451231.6253999,177294009.29153216
2020-02-18,0.0068413689061698,426471960.03289574,165984833.8340613
2020-02-19,0.0070631968053957,443820717.62903,164609589.60535792
2020-02-20,0.0066228575100289,416690414.7692175,153405651.1442714
2020-02-21,0.0065049154399173,407186090.0727372,190096861.25718376
2020-02-22,0.0065724524872088,414114230.266089,195588738.4048997
2020-02-23,0.0065947220697753,413487362.1692055,201947716.634728
2020-02-24,0.0068615595313008,429145316.9412198,202255587.02531624
2020-02-25,0.006706964145932,420127370.4053112,228400272.20174453
2020-02-26,0.0063895734546909,400640038.8666654,207666131.5359724
2020-02-27,0.0057352257513593,359918463.69640356,216028616.35099807
2020-02-28,0.0056758527263408,355814458.143076,206043022.33663777
2020-02-29,0.0057544374305573,361905472.3831617,194008024.1216292
2020-03-01,0.0056274151463965,354385628.90766513,174200331.87563097
2020-03-02,0.0055420519642536,348636782.0514109,175783224.77914253
2020-03-03,0.005726773656432,358881299.7041043,180605050.87835303
2020-03-04,0.0057590941393959,361182575.02234447,176391675.40992227
2020-03-05,0.0059237759258935,371788050.84019107,171548025.46469074
2020-03-06,0.0061915619662193,388167226.9633575,137128630.32573745
2020-03-07,0.0061435414178594,385360380.8578515,127868430.22942597
2020-03-08,0.0058645369005539,366502850.07380265,139760328.95164606
2020-03-09,0.0049160881880053,313915940.1593411,144012473.97993594
2020-03-10,0.00466557042583,293401256.5152743,171700763.0712238
2020-03-11,0.004680354679761,295236095.2843496,131437863.03459255
2020-03-12,0.0045460392596381,284928827.14879954,118679524.2058229
2020-03-13,0.0024727008277047,153704812.4365112,105815767.64011993
2020-03-14,0.002720158996759,169527123.00336573,114308200.96395926
2020-03-15,0.0025624591199622,160747064.6858722,73729347.19876863
2020-03-16,0.0025690910743477,163915367.71492893,68796085.71392009
2020-03-17,0.0023196095820312,146427838.37033984,93825939.04378004
2020-03-18,0.0024697803853315,157080738.72818843,88359481.04825766
2020-03-19,0.002511527019727,157837329.39354473,73635201.8403534
2020-03-20,0.0029017458952629,181804473.22946608,106103538.62813625
2020-03-21,0.002894169012299,180422009.9351949,101492771.76882152
2020-03-22,0.0028395224556665,177430089.70774305,69848175.32509594
2020-03-23,0.0026648806250475,165975094.69734716,73079373.38653083
2020-03-24,0.0028597703143167,178725117.46171424,93738412.33539994
2020-03-25,0.0030237592258941,191122523.16705588,100074528.84544791
2020-03-26,0.0030602774358414,191635668.00156215,97470833.68967526
2020-03-27,0.0030672024968505,193617269.24505112,89562739.71991962
2020-03-28,0.002987014916342,192209622.00259313,114853358.22110964
2020-03-29,0.00298242939838,195049673.24309433,85072367.86450598
2020-03-30,0.0027767000410184,178775410.83067265,69895359.10079722
2020-03-31,0.0029630367822193,190892141.2434782,99706124.2082976
2020-04-01,0.003060579212037,197174439.08413795,117213766.31371106
2020-04-02,0.0031829020938196,204944976.07697284,95087337.46479706
2020-04-03,0.0032376929252458,207247998.55544847,93671684.16552076
2020-04-04,0.0032274865427376,207788387.25342655,84439521.47764286
2020-04-05,0.0032748197269747,210377435.9393759,91155874.92970178
2020-04-06,0.0032326133304323,208394361.91840497,86659157.94587009
2020-04-07,0.003576482920724,230255246.70603696,128548220.81794249
2020-04-08,0.0037990501155298,245555668.8426837,228206914.2938206
2020-04-09,0.0039552175680772,256342625.89486328,141248706.29177457
2020-04-10,0.0038916355919075,250748551.7523131,116570851.67489396
2020-04-11,0.0036074842382169,232427503.1296753,118365369.26472089
2020-04-12,0.0036404009230525,234608496.6138783,115568068.06219344
2020-04-13,0.003690022137501,240774553.6207879,105663304.22566783
2020-04-14,0.0036385286182941,234090271.19143876,110845908.72629322
2020-04-15,0.0036413058164057,235028511.41587025,107333719.57323068
2020-04-16,0.0036239898883286,234525396.3871944,138329822.5768989
2020-04-17,0.0038015453114554,244923640.78561643,169462712.75007826
2020-04-18,0.0037937229453066,245810177.6454425,123339235.3785396
2020-04-19,0.0039299075690458,253098152.6952359,126624043.4747644
2020-04-20,0.003911518243785,252646671.84908935,130427808.69612262
2020-04-21,0.0037219926967597,240934826.95567217,154315407.9159307
2020-04-22,0.0036665746591211,236783434.6836419,124084635.90077256
2020-04-23,0.0038223826115122,247808014.1163979,107610766.19514012
2020-04-24,0.0039310294872893,253793441.87511396,135014242.15219644
2020-04-25,0.0040247750229117,259143182.3351163,160266371.88469368
2020-04-26,0.0041533535088718,267354341.06277135,167373910.13154557
2020-04-27,0.0043777493128565,282362227.6429523,175461213.370277
2020-04-28,0.0044455384740863,286205353.48727363,180969901.81928387
2020-04-29,0.0043283052157154,279208497.9470135,166148181.89695272
2020-04-30,0.0048010680660266,308720634.44152814,217909189.13184917
2020-05-01,0.0045249515774701,291781121.7774511,219179975.7570756
2020-05-02,0.004448021014713,287294374.7786891,181734565.48834696
2020-05-03,0.0045059518814982,290420299.61839736,177854824.04758552
2020-05-04,0.0044157560358755,284482688.6491425,192588304.91434947
2020-05-05,0.0043838052078048,282673950.1693018,215339654.619056
2020-05-06,0.0044689559332408,286705695.88780916,202761283.69159535
2020-05-07,0.0043830737809226,285447015.86639243,215055792.6548982
2020-05-08,0.0045870824710183,296522986.9766205,215338973.7732967
2020-05-09,0.0045869222121045,295973646.00292844,216773930.69854528
2020-05-10,0.0046075235182066,296874911.3102349,204514837.4311276
2020-05-11,0.0041731366489619,268739510.76079917,213376278.0520621
2020-05-12,0.0041153164755925,265793065.10113055,195551071.36509693
2020-05-13,0.0042233499177432,271891309.96342725,188867670.19297108
2020-05-14,0.0044745753644463,288402251.87760246,184028228.32076952
2020-05-15,0.0046131851917828,298137456.21460724,194296824.5698217
2020-05-16,0.0043111851652639,278293132.6873685,167390300.23876894
2020-05-17,0.0044228491964306,285639622.77217054,167867918.55472004
2020-05-18,0.0045289430525438,291616978.6781146,174997427.2188411
2020-05-19,0.0044502894133155,286390288.9257303,179707641.81990325
2020-05-20,0.0045075748755825,289902970.69752485,170395756.134613
2020-05-21,0.0044500002862327,286686358.87983084,163893885.56851155
2020-05-22,0.0042684638264559,275440162.32478756,165750716.12265697
2020-05-23,0.0044692298729878,288534399.6387237,160661190.39218515
2020-05-24,0.0046283947534094,298251234.6359145,151919857.35555053
2020-05-25,0.0044262881497991,285158730.6510315,146939316.62431535
2020-05-26,0.0047821693214915,307784485.4875171,195830362.0046733
2020-05-27,0.0049746818353801,320509959.3846597,166286868.3279993
2020-05-28,0.0049892063378734,321618986.5438235,155313565.50248832
2020-05-29,0.0052517305150803,338327151.1900154,197081907.1055137
2020-05-30,0.0054824240530256,352220726.83978474,182393452.78225887
2020-05-31,0.0059121767379022,379289227.8748281,203868125.57624188
2020-06-01,0.0061782921154138,395762208.7347263,238984360.91476825
2020-06-02,0.0066783708752253,430982338.4837879,233535666.5305791
2020-06-03,0.0067552575228002,433159965.1125982,258726579.55708697
2020-06-04,0.007234459911212,466072098.20278233,231741034.72513443
2020-06-05,0.0069890661389473,450216158.7007377,203718224.037153
2020-06-06,0.0067082011288587,432168456.7562466,190121355.489457
2020-06-07,0.0073038816930745,470544519.9081655,213749049.15455085
2020-06-08,0.0072183063074937,465088822.18252224,213213610.1308538
2020-06-09,0.0077902470265276,501329457.8020784,227800256.59472707
2020-06-10,0.0081909088742546,527940536.64605606,235085942.23047385
2020-06-11,0.0090046800320741,579833595.4693352,294712125.69623536
2020-06-12,0.0089106450056305,569988802.7187452,474441485.806968
2020-06-13,0.0097260853519037,624725095.4103676,346819692.8275387
2020-06-14,0.0095640126286203,613553563.556144,252331343.5754291
2020-06-15,0.0086479112532266,559004502.1465065,261576990.18761665
2020-06-16,0.009078914266774,585733791.9325913,320827379.61571676
2020-06-17,0.0090472472905893,582208951.3311429,258560426.3379299
2020-06-18,0.0090001142994527,580908978.4884146,238927123.15548384
2020-06-19,0.0086647540694638,559195684.9130267,213553406.99091
2020-06-20,0.008342635764384,536354422.2544974,204755449.18253732
2020-06-21,0.0083071499390651,535123276.0900544,197490052.44513884
2020-06-22,0.0085903594308674,553335085.1947703,216788054.5504304
2020-06-23,0.009265921928902,596357984.1175505,237697141.43184203
2020-06-24,0.0089051054183523,573701591.8238822,215495911.36865655
2020-06-25,0.0089775199888993,579541418.347974,206134418.81153375
2020-06-26,0.0089238654848201,575644902.6444418,211690660.99762383
2020-06-27,0.0089333386389132,575155764.4252366,196835584.12152255
2020-06-28,0.008602691246131,554218892.4236163,202212108.30266947
2020-06-29,0.0086745989804158,558839339.7424166,200304019.81832963
2020-06-30,0.0086875948929353,560421507.7288615,200371202.97299063
2020-07-01,0.0088437292731729,569825286.9444628,180715131.23081392
2020-07-02,0.009396604870412,604741971.3948374,246388390.77215147
2020-07-03,0.0095692163803344,614796772.2218493,181154304.52425057
2020-07-04,0.0102258682171934,658067372.154968,175024093.70042804
2020-07-05,0.0124834498522957,799251150.3453386,312147532.37915736
2020-07-06,0.0143627878841865,924931870.8049848,789885947.0702269
2020-07-07,0.0144649049512998,930318708.0338928,457956266.8496365
2020-07-08,0.0173668248390742,1116323529.977003,403102011.40758365
2020-07-09,0.0199568971907318,1263400596.4720936,828882661.0159031
2020-07-10,0.0182490849429549,1173700427.6274223,499922236.3207518
2020-07-11,0.0171368662189585,1104633621.6679146,508605299.98772895
2020-07-12,0.0185274212727035,1200760388.9443357,297896849.3695042
2020-07-13,0.0181411766372078,1161191536.415444,207555549.73374856
2020-07-14,0.0184354385549428,1185685867.706409,350605549.3994149
2020-07-15,0.0184632457010576,1191012636.4311895,217649787.2020907
2020-07-16,0.0190051526498937,1222327358.4419396,238782924.8417299
2020-07-17,0.0180364912257085,1157959739.3276348,233433963.23387387
2020-07-18,0.0182672338477079,1169988297.8593476,175005325.62030247
2020-07-19,0.0181619743885305,1168097862.0577822,150440929.6162864
2020-07-20,0.0180438987353757,1161166963.9245884,153921115.57791576
2020-07-21,0.0161663435259949,1039747711.6767468,197523801.99847808
2020-07-22,0.0175306962374913,1128129751.7392774,232163503.7054717
2020-07-23,0.0175086676088149,1119883993.4715707,148653982.1397601
2020-07-24,0.0173270391148895,1115736422.128869,138141248.96191147
2020-07-25,0.0169917195544542,1095602077.8125472,119189494.3847522
2020-07-26,0.018191279638847,1166739251.0732713,168145972.61684674
2020-07-27,0.0175431827182207,1128654383.5631816,159483695.89201972
2020-07-28,0.0155724627205837,1001551925.014036,253576478.9929528
2020-07-29,0.0159044252710241,1022893251.930642,183100326.9680642
2020-07-30,0.0155951786986232,1003012916.2485152,148993956.2120371
2020-07-31,0.0173237082184629,1115510632.2295926,201825288.98229855
2020-08-01,0.0172595440155704,1112643723.480192,238161781.9020832
2020-08-02,0.0173214495916342,1115138018.525256,161405372.61410534
2020-08-03,0.0161675455206483,1038893822.4189806,169304921.90579113
2020-08-04,0.0166824032391847,1069883186.5033638,122718647.86825676
2020-08-05,0.0186714781040131,1198348720.9293835,202451267.4881997
2020-08-06,0.0188061736959974,1209529912.2134297,218611462.45460856
2020-08-07,0.0197337980043502,1265197720.7281132,231204291.65812644
2020-08-08,0.0186831011096285,1201209759.5854814,212474921.8006299
2020-08-09,0.0206685897025746,1322167449.8158576,211551869.4983813
2020-08-10,0.0218363987171416,1403011086.640685,292094838.9605563
2020-08-11,0.0214237426528535,1384692747.0143402,280381425.13861954
2020-08-12,0.0199990846450005,1291697021.8050332,221373660.31073257
2020-08-13,0.0204650357554598,1313278900.0283203,206628873.19349432
2020-08-14,0.0195888249073133,1256647768.4692528,199221653.09737307
2020-08-15,0.0204963284120316,1316074957.0146034,215648181.54733804
2020-08-16,0.0195580386051999,1255730807.3172934,166425888.37314975
2020-08-17,0.0197860516674557,1272440849.953676,161875520.07970533
2020-08-18,0.0200184102283752,1286608240.161661,219837836.9898446
2020-08-19,0.0191042050358579,1230101962.4517126,196443692.86175105
2020-08-20,0.0178452143957775,1147725260.3568397,202723502.69926536
2020-08-21,0.0193666403320553,1242663799.9592235,175478891.0309668
2020-08-22,0.0179173959244024,1153007013.025474,179086397.7341269
2020-08-23,0.0182945980954229,1176627632.2889874,150214237.29454714
2020-08-24,0.0178873699052941,1149890098.0740142,119082678.91893916
2020-08-25,0.0181616300309483,1167759873.921748,124489064.82592566
2020-08-26,0.0169160505648116,1088183376.263048,142174838.94476715
2020-08-27,0.0171143977491967,1099634274.5464034,132605792.42363884
2020-08-28,0.0159079004304173,1023125794.8658528,131427116.84018973
2020-08-29,0.0163162250233403,1049721215.61201,105268952.32723317
2020-08-30,0.0168979315135292,1087499303.966812,109644301.5044809
2020-08-31,0.0171261955992565,1096697441.618827,110119512.75418264
2020-09-01,0.0174336870312981,1123943165.4466352,205194610.02382255
2020-09-02,0.0169916442512342,1106477436.5239792,155694101.43897888
2020-09-03,0.0159529587886444,1032042959.7205358,153277437.0073819
2020-09-04,0.012338086047001,793107055.3339683,187998454.561512
2020-09-05,0.014410655115155,926829598.5206811,261591931.70728987
2020-09-06,0.0121465532915617,777213645.5671372,206629446.87799785
2020-09-07,0.0123789186625985,798149392.4195895,161397298.80350196
2020-09-08,0.0121846306382786,783476607.5894303,156511145.39747736
2020-09-09,0.0121547230995402,780778737.5583439,155269696.57072654
2020-09-10,0.0128407963934468,825952759.240885,132241676.70891424
2020-09-11,0.0129612306287809,833560256.4039707,127709143.49082585
2020-09-12,0.0132630776901088,853895376.3674886,123452781.1275803
2020-09-13,0.0134051551670109,853959716.0214145,103039707.26074652
2020-09-14,0.0127705495354042,819740269.04583,124355573.1416782
2020-09-15,0.0128462109622017,824329736.9373698,122383886.36333977
2020-09-16,0.0126029262109497,809835125.4449376,111415884.81682214
2020-09-17,0.0124572578211927,801855480.4331347,113742675.8040778
2020-09-18,0.0134868691197375,868119232.4300363,124291712.54356058
2020-09-19,0.0142819967421305,914750410.0539604,169117858.9251322
2020-09-20,0.0152705358147379,986966509.0263577,146655090.91475353
2020-09-21,0.0144467011827315,925209989.668556,133025299.94139424
2020-09-22,0.0126349831582931,817133260.6384829,162765301.98703188
2020-09-23,0.0123378287084041,788725337.2245301,118943060.67892008
2020-09-24,0.0113613867438133,732930462.500033,135636780.97036415
2020-09-25,0.0123860691256717,796383911.6718901,133816467.00632612
2020-09-26,0.0128767013301329,827664203.1439133,139527777.48438612
2020-09-27,0.0128758555064543,827707026.9299926,108571456.40865308
2020-09-28,0.0127407662210037,818191423.0755355,102673953.5003288
2020-09-29,0.012821071658288,821143456.4053471,134142088.65910494
2020-09-30,0.0131187867183493,843516393.7925901,149339734.01133576
2020-10-01,0.0134725945685547,867257145.1629355,129491269.06735924
2020-10-02,0.012735796646083,817116068.9912016,119756940.76288871
2020-10-03,0.0118625360784038,762677901.9397901,132210089.95121762
2020-10-04,0.0117579414537111,756904573.7814758,97463432.93698616
2020-10-05,0.0116785618321933,754680740.8326052,102036339.29356676
2020-10-06,0.0113795324786591,732314281.7339606,105119027.82098858
2020-10-07,0.0101169075794743,650053931.8002275,124968247.1886982
2020-10-08,0.0112240588583724,720367688.2347506,140868168.0144723
2020-10-09,0.0109862321958883,704855465.5789262,132727063.84848262
2020-10-10,0.011470896986057,744077056.2545197,124347618.30578184
2020-10-11,0.0113898585588688,738082978.6984812,109109386.6817028
2020-10-12,0.0114403874464011,742118296.0311061,99386655.48802333
2020-10-13,0.0114046054044681,739831778.1441317,124423203.54386048
2020-10-14,0.0114818986604012,744392497.1235656,91476774.87007996
2020-10-15,0.011146373943905,722808200.1531789,101855547.14458098
2020-10-16,0.0109621799823299,710577446.1438152,87239862.58302414
2020-10-17,0.0105892494074368,688449138.3505547,89274814.20575793
2020-10-18,0.0109869229912148,712010131.951843,80635324.93577276
2020-10-19,0.0116364025476742,754373527.2113051,95672267.58126846
2020-10-20,0.0114035878126976,739586926.472173,93381470.34393622
2020-10-21,0.0107860573894334,698660019.7252996,88972214.53525084
2020-10-22,0.0113426784020501,733942372.3500262,104977883.54338732
2020-10-23,0.0121167771472455,786695632.3294448,117158447.72102427
2020-10-24,0.0122193859327524,792795657.4357848,124523288.18902671
2020-10-25,0.0122762028100786,795945814.304168,95150575.47107422
2020-10-26,0.0117838936488333,764328050.3056067,88829068.97775967
2020-10-27,0.0113974047402282,740409306.0662009,99288924.6920399
2020-10-28,0.0113438581229484,729288593.9762554,94364768.7579188
2020-10-29,0.0106690099681852,690511816.2517927,83775371.8775865
2020-10-30,0.0101707391498788,660243497.2296456,83349443.45564339
2020-10-31,0.010105830324097,655064175.4153281,86756462.62714255
2020-11-01,0.0098754459354083,640220869.3281752,72879231.64780839
2020-11-02,0.0104588048557715,678407680.0087973,85061401.07950675
2020-11-03,0.0100588893631555,652664593.4629208,81502320.5512035
2020-11-04,0.0092380518017602,600017820.4495001,94382646.71399474
2020-11-05,0.0093867800045298,607057651.18521,146311059.58370957
2020-11-06,0.0097256286673364,631315758.827031,107945236.10561898
2020-11-07,0.0111436767389331,723393219.976264,121596317.3352088
2020-11-08,0.0103928106406714,677000143.2519059,142011490.97337404
2020-11-09,0.0111496870621444,723711649.6115682,93987274.76050596
2020-11-10,0.0110598300500651,716550665.9202396,101469131.58611892
2020-11-11,0.0115593609457752,755160879.9406005,108308781.22793467
2020-11-12,0.0113537286387437,738285377.4062182,85200405.55774671
2020-11-13,0.0106312778885414,689516102.2551935,111256439.97975926
2020-11-14,0.0118029289836936,764322877.8062764,126350011.29106404
2020-11-15,0.0112384194549822,727627924.2648947,106350739.1596958
2020-11-16,0.0110396495673958,715917642.1971309,79268461.91179976
2020-11-17,0.0113277011614453,734296408.2624706,88554122.64857143
2020-11-18,0.0123083796774177,798107093.6734599,137272202.81496638
2020-11-19,0.0118007517926103,765395716.7502356,115011841.81838192
2020-11-20,0.0115068125770056,744795670.3668567,92243852.600112
2020-11-21,0.0119716217583119,776626231.56986,97069012.33924152
2020-11-22,0.0144088799463553,936402984.3115242,197411785.50672457
2020-11-23,0.0140191696344609,910149705.4858512,169559268.0333484
2020-11-24,0.0160360432985633,1038586836.6267824,225272007.55116844
2020-11-25,0.0160693179705315,1039295971.4269222,298025784.5018343
2020-11-26,0.0166937276855644,1071846397.4114937,327502189.1713645
2020-11-27,0.0143991661803292,935715396.5737675,306806793.72236645
2020-11-28,0.0144798004525963,938190750.3423136,181648049.07555997
2020-11-29,0.0153368517738721,994906571.1683952,166861552.3709797
2020-11-30,0.0151540794310978,985624919.8817884,146590816.88758707
2020-12-01,0.0159011380095525,1032106866.3552887,169258925.43787858
2020-12-02,0.0147655549411653,958416786.9784929,168873470.4730279
2020-12-03,0.0165822703305664,1080676303.2876816,193274850.6126757
2020-12-04,0.0173582711279844,1124983210.0524516,228520932.9756583
2020-12-05,0.015816944120586,1024522408.8790616,170736554.67372215
2020-12-06,0.0174846762806769,1130485045.5220177,177299460.19726446
2020-12-07,0.0171315818199456,1112134631.6271386,157962283.06037349
2020-12-08,0.0181039051651039,1169200233.023005,239177195.3727916
2020-12-09,0.0163637473983062,1064732052.6701108,207442175.91705975
2020-12-10,0.0168122581804921,1092077004.4686515,197566148.0072973
2020-12-11,0.0159269248265316,1036229585.3754988,133286198.81885308
2020-12-12,0.0156219259065586,1016968568.8423196,146271428.40961477
2020-12-13,0.0165084527515617,1074370137.417083,137913435.8415957
2020-12-14,0.0164259492697969,1063154595.681909,138087687.56465694
2020-12-15,0.0163380763546375,1060646565.2544472,126534493.1790305
2020-12-16,0.0165058958045242,1070402864.4941216,140319289.40483096
2020-12-17,0.0171595477849036,1110425201.3184054,186587061.65560627
2020-12-18,0.0170788594075951,1107764273.9786773,211183471.5913855
2020-12-19,0.017430999426461,1129255705.821802,151135112.3466405
2020-12-20,0.0173722729095087,1126386691.3606925,165597452.18380946
2020-12-21,0.0163111039073776,1056137567.7414542,166823548.97107542
2020-12-22,0.0155827428555678,1010547857.1690532,159924799.76811507
2020-12-23,0.0159163406218024,1030640494.3895496,157488748.56109142
2020-12-24,0.0133098111734804,875647859.0632533,222217495.52981392
2020-12-25,0.0148933737376311,964403387.6225892,200358442.0855158
2020-12-26,0.0146017814380983,946593012.0600538,145095059.99166703
2020-12-27,0.0165112989074961,1078822497.67724,258194752.4234221
2020-12-28,0.0165773159738452,1086677300.3339508,370632757.57133454
2020-12-29,0.0201923643534163,1294377933.6266563,408988955.3962644
2020-12-30,0.0210714130762254,1369336655.989491,585461395.3441807
2020-12-31,0.0202807423027406,1306915352.0822687,287294857.51997066
2021-01-01,0.0187673226637886,1214013715.254187,216768749.22708592
2021-01-02,0.0190606420381246,1238288367.6136074,232061391.89927092
2021-01-03,0.0199601859987891,1290080704.009697,307947925.42543626
2021-01-04,0.0260256524815351,1738746786.2010612,829850738.3268979
2021-01-05,0.0240796333114897,1545875186.736323,614380146.354366
2021-01-06,0.0279750901907081,1808113014.568004,643836077.2781259
2021-01-07,0.0308577148008843,1990893897.9341729,760137928.6794174
2021-01-08,0.028636772306566,1848741878.8941903,515565180.8706186
2021-01-09,0.027434483704993,1785012252.56956,494346050.7073867
2021-01-10,0.029084765295012,1903362137.1724615,395836024.5248119
2021-01-11,0.0272567792239659,1771051566.3699648,478097105.3732326
2021-01-12,0.0242825439788726,1566999203.8668633,597932920.5892137
2021-01-13,0.0227726027401598,1471454495.385305,390645492.2330411
2021-01-14,0.0261233373698783,1692828132.163427,351888805.2966733
2021-01-15,0.0256107277008998,1653268583.5752952,321670338.8340209
2021-01-16,0.0252910815045158,1646390683.5243378,386472867.4275273
2021-01-17,0.0269940857001739,1753016130.6557825,442231573.0408222
2021-01-18,0.027174653252055,1780368319.9650764,364385206.7594546
2021-01-19,0.0305235614965347,1978292731.2349384,499002383.85898465
2021-01-20,0.0292189757835998,1905931524.3839283,390663366.6350922
2021-01-21,0.0347769863540131,2250932823.395007,910015376.2154236
2021-01-22,0.0280804977786508,1848412358.5114048,708287673.2674749
2021-01-23,0.03143566371098,2025252499.7388487,545265742.1589893
2021-01-24,0.0300171883407341,1948716067.65622,299096276.39184356
2021-01-25,0.0306649061326187,1991002717.1549797,290619457.87010133
2021-01-26,0.0299137867884286,1943005702.8092368,322289909.8596895
2021-01-27,0.0294222123446707,1913499615.361304,263631940.72280735
2021-01-28,0.0265036949522598,1709411606.3504171,321635247.51026267
2021-01-29,0.0275166823053429,1810504210.294584,286887359.4403693
2021-01-30,0.0278572318200587,1805935371.022492,469305295.5141907
2021-01-31,0.0267950252258009,1740431323.240429,294593592.69603074
2021-02-01,0.0254263599069755,1646343505.1608756,288380642.68285614
2021-02-02,0.0293058488426842,1911314549.7902915,489432780.6168194
2021-02-03,0.0280954188060465,1832208666.0497649,340763021.8236189
2021-02-04,0.029158592881781,1882471072.7061868,321705940.8129502
2021-02-05,0.027675762665365,1806606386.481629,326525438.2061789
2021-02-06,0.032021935559362,2044961725.333684,427116800.28744143
2021-02-07,0.0299544510157245,1932650267.1857247,446277763.52435607
2021-02-08,0.0284186144966608,1848441920.9796371,345701662.61125827
2021-02-09,0.0315823405036839,2036647954.1966112,472418144.1063228
2021-02-10,0.0353683271510455,2289775254.0520825,705151026.6136332
2021-02-11,0.0356382889314248,2316937906.7360716,661780470.8989942
2021-02-12,0.0425832184186181,2734422934.120934,815059319.7025677
2021-02-13,0.0548053223654651,3567600228.6937137,1885369356.747609
2021-02-14,0.0544159510357441,3539270632.2737083,1399290782.2280746
2021-02-15,0.052546388594821,3429157174.0141554,846590134.3011261
2021-02-16,0.0507175522392193,3285834464.8564434,921450037.169778
2021-02-17,0.0494270084852445,3202149050.1265697,571464056.59497
2021-02-18,0.0513257959484796,3334990166.951503,654087763.6204515
2021-02-19,0.0546136178339607,3543884583.1666074,738630463.1315877
2021-02-20,0.0538684389952953,3485420291.0764527,779912643.4939063
2021-02-21,0.0539222898259013,3481039815.8609934,1071157885.2546314
2021-02-22,0.0550179822311083,3566625384.8751373,660375202.3298758
2021-02-23,0.0504195097352749,3253217240.5610375,964888598.65995
2021-02-24,0.0419322366282999,2706993816.742172,1000599099.1451012
2021-02-25,0.0429385735662615,2777312497.804676,631376527.6075541
2021-02-26,0.0394573956797793,2599444671.2390623,469843901.82952344
2021-02-27,0.0396773463213384,2574440044.4762583,555360573.7074124
2021-02-28,0.0410439600163152,2654302417.290064,469274618.7151749
2021-03-01,0.039639412118724,2594732294.5968275,409883482.6788981
2021-03-02,0.0457142255098675,2965368762.5743356,483145958.4021728
2021-03-03,0.0439647258868772,2848965530.510444,432660051.1818442
2021-03-04,0.0535215345352258,3482830362.995254,678399242.4494321
2021-03-05,0.0501982743137853,3254115701.9798813,709634125.090049
2021-03-06,0.0522701209776706,3377571034.5926595,360791796.252569
2021-03-07,0.0531795360717642,3448716745.2271547,515995566.04848206
2021-03-08,0.0572891195298637,3713443523.997641,856962457.1245192
2021-03-09,0.0655425553758667,4249012681.108676,1008651110.564646
2021-03-10,0.064643820641247,4191121360.6903353,826063849.6037198
2021-03-11,0.0615012381513097,4020717597.105122,619741222.4967146
2021-03-12,0.0675199598415373,4386790439.5155945,827960562.2226744
2021-03-13,0.0658461777020043,4273271113.932196,876460841.7113563
2021-03-14,0.067611388185376,4399468849.354381,661102400.8220464
2021-03-15,0.0669660165541373,4386510384.053126,591333077.3309383
2021-03-16,0.0787357550469026,5173533049.633781,1699899854.795308
2021-03-17,0.0742781091411276,4779722505.251995,1199440760.072204
2021-03-18,0.076986792829076,4995474714.1881695,828744342.8301965
2021-03-19,0.0775271690744413,5048907792.548063,802604489.1974286
2021-03-20,0.0812322645393419,5287597177.305168,811642675.4260781
2021-03-21,0.0901968386917884,5869177405.726551,1210475863.0512097
2021-03-22,0.0941698452954893,6112684530.173165,1250776945.2882388
2021-03-23,0.0893227128845022,5847018786.4039755,1398581434.709782
2021-03-24,0.083458210952341,5412882664.323703,1168964304.3359802
2021-03-25,0.0852133884156325,5553317431.172294,1361185772.4425683
2021-03-26,0.0810839254876411,5276354219.96999,1140570881.4916084
2021-03-27,0.089888515406734,5839354654.436098,901910307.2081848
2021-03-28,0.0891349358565954,5835331137.9432955,975782777.410091
2021-03-29,0.0910815226512483,5927948875.658352,744569826.0612812
2021-03-30,0.0919457449172242,5956566711.462372,697610373.5791795
2021-03-31,0.0895119231511587,5807689883.642305,740441550.7382971
2021-04-01,0.0879282331571309,5721910618.233825,813594382.1244336
2021-04-02,0.0887392931495455,5785080929.1878195,852797553.6075258
2021-04-03,0.0945520076775575,6139801986.347123,926416233.9467334
2021-04-04,0.088897630434396,5810145398.275902,846553694.7536238
2021-04-05,0.0934529322633133,6068323594.317005,683607663.3776287
2021-04-06,0.1041247437122675,6715374621.159849,1434774613.1483226
2021-04-07,0.1150827156520088,7471160886.3562975,1519357526.0808434
2021-04-08,0.1088599706809373,7133019547.43784,1505725842.2582223
2021-04-09,0.1191186990467523,7749045619.96905,1096699557.5627365
2021-04-10,0.128315181289127,8336843420.31693,1678984583.1897078
2021-04-11,0.1462839330001918,9480309813.47793,2561792319.7510514
2021-04-12,0.1414693650827036,9179607063.2884,1672750207.568698
2021-04-13,0.1302388902515469,8442972023.741348,1390639644.5979064
2021-04-14,0.1556616013656956,10007523993.478428,2074058473.4788897
2021-04-15,0.1720498163660943,11197337723.164526,3200156349.9196496
2021-04-16,0.1803689909003256,11707392776.967585,2572999697.5071235
2021-04-17,0.2345541945243262,14891074462.50355,4191503757.4590287
2021-04-18,0.2341177879318615,15342926231.565117,6277473141.825828
2021-04-19,0.2487314131488506,16158438378.78822,4141321675.668579
2021-04-20,0.2364355027148978,15344444710.33086,4275871952.424166
2021-04-21,0.2607873694036083,16916710835.384932,4549015589.695478
2021-04-22,0.2338794580932177,15345230222.22657,2751070155.136135
2021-04-23,0.1934747219297043,12790356826.292706,4233090750.813102
2021-04-24,0.2052341152260677,13187846606.088593,7564208758.524534
2021-04-25,0.1822889509801299,11940445469.205212,3159222681.138118
2021-04-26,0.1718948075346718,11225985126.37272,2491716146.7290936
2021-04-27,0.1911138480473036,12369565817.81641,3002716125.95734
2021-04-28,0.2109120472394454,13710605896.168726,3559226385.246736
2021-04-29,0.2001079691583117,12940138792.206903,2838729119.5696135
2021-04-30,0.192807337914433,12528191725.306576,2379181364.7754083
2021-05-01,0.202759286799447,13210928537.411716,2091602240.6871345
2021-05-02,0.2063641040286747,13479721361.222769,1764292124.1052191
2021-05-03,0.2188021808810329,14205214719.194468,3061196002.6937003
2021-05-04,0.212997220722614,13851333168.093218,2162001001.099961
2021-05-05,0.191784295563115,12495952991.051449,2656119983.1721945
2021-05-06,0.209209398745081,13611413586.708227,2540023591.2716427
2021-05-07,0.2189062663625375,14313993591.46923,2914857955.1751223
2021-05-08,0.2336508822969001,15207067774.35781,4856459487.419483
2021-05-09,0.2263622409190951,14724317210.5112,2093137458.5040176
2021-05-10,0.2355105199211821,15284961180.393932,2508160297.825538
2021-05-11,0.2070303281914144,13511033566.614565,2302050567.351614
2021-05-12,0.2148897815514486,13872876380.078074,2223756235.762558
2021-05-13,0.1718138392858188,11858612752.8971,1861900212.993858
2021-05-14,0.1840506328865142,11847042688.054644,3263213366.0636053
2021-05-15,0.1875067598396494,12194197566.993532,1579130849.2849145
2021-05-16,0.1737598568543499,11297245061.209038,1667625374.8561184
2021-05-17,0.1785182909474627,11500697302.4389,2125632206.4627252
2021-05-18,0.1597836466373146,10518210250.43685,2056520652.3053572
2021-05-19,0.1638131532812496,10626284151.00888,1539202180.1394436
2021-05-20,0.1090439247922801,7592912873.051794,3163404902.60304
2021-05-21,0.1323546747222657,8644311863.348698,2760008493.0494537
2021-05-22,0.1102848540315743,7137443178.677308,2212476258.528258
2021-05-23,0.1009216952733523,6594328398.661285,1506355150.1881075
2021-05-24,0.0881791559910875,5726194952.663517,2065754515.3565483
2021-05-25,0.1133894974167039,7402710637.987227,2245482495.3530326
2021-05-26,0.1132945019486738,7416597683.323427,1880855470.4721
2021-05-27,0.1345667365565482,8742142722.182993,2600285822.9995217
2021-05-28,0.1249522579065399,8165052197.132301,1622573009.3449228
2021-05-29,0.1100811729813207,7181888683.176965,1728177863.2297254
2021-05-30,0.100151851271211,6572598079.228504,1290521470.946154
2021-05-31,0.1089593874639699,7105749779.705109,1348806231.6943164
2021-06-01,0.1264779529073968,8253554489.65562,1489637496.1575036
2021-06-02,0.1221393259728978,7977450396.3514,1329007671.6761909
2021-06-03,0.1272200198013717,8296917292.355093,1184997906.4114685
2021-06-04,0.1439139353582712,9471177644.384926,1626557918.4745402
2021-06-05,0.1320789391083976,8628174432.866858,2637320917.067736
2021-06-06,0.1263001187404455,8196007220.741861,1663834347.2039356
2021-06-07,0.1291937932817923,8409110938.638331,1130937895.8543031
2021-06-08,0.1148244426381289,7591060382.623036,1283732070.7476544
2021-06-09,0.1137453633336745,7457171266.685943,1850272670.0417757
2021-06-10,0.1205137327613247,7874669477.312003,1569233128.8209848
2021-06-11,0.1125070951455799,7390743886.941057,1219127521.822614
2021-06-12,0.1055094701030227,6889306756.199623,1051901243.2390728
2021-06-13,0.1068665034428679,7022970382.744644,1056027594.9227672
2021-06-14,0.1132458523223598,7365942180.616203,823096725.0868917
2021-06-15,0.1140096221021547,7437202347.950297,802680698.3607057
2021-06-16,0.1122045496281031,7339677905.908793,826412659.7873342
2021-06-17,0.107562618486904,7015391572.596719,738879065.9885452
2021-06-18,0.1077980992767878,6993937542.237448,622413812.7389047
2021-06-19,0.0999617073084078,6554486523.303407,747117193.8546972
2021-06-20,0.0974291329973563,6382497317.694669,588500111.5626441
2021-06-21,0.0994856449761559,6483689021.485022,766508692.2615973
2021-06-22,0.074920989759883,4934355732.167144,976247789.1817268
2021-06-23,0.0715173877140535,4639886854.9516535,1496137413.2187512
2021-06-24,0.0764760576780685,4963224777.798488,1128298891.3425653
2021-06-25,0.0806795464575605,5265134044.665512,873755234.484958
2021-06-26,0.0739052033326988,4832978571.912828,856355580.1471924
2021-06-27,0.0733186397891031,4779886490.646296,747851000.4137498
2021-06-28,0.0778407956634442,5056826564.283537,620379391.8974868
2021-06-29,0.0795317636520971,5179140595.927795,689167267.3253092
2021-06-30,0.089992174408425,5889131927.117656,1021429286.0125716
2021-07-01,0.0909281489485133,5940331082.073504,933280127.9254072
2021-07-02,0.0855173168825366,5576415176.039806,749285885.8923701
2021-07-03,0.0871675849157478,5653722313.146806,685184796.1141201
2021-07-04,0.0872400171740547,5688321270.494524,604937895.1340747
2021-07-05,0.0882201002721533,5764776349.564202,643075104.2756424
2021-07-06,0.0839490688877749,5480002201.479279,672247295.0700285
2021-07-07,0.0844660272417942,5510817132.148575,607495163.5551181
2021-07-08,0.0836865126202047,5459819951.892128,554939833.8323759
2021-07-09,0.0768500602709483,5014611485.42146,667927299.9032222
2021-07-10,0.0774887343273808,5055762995.044741,559359332.1050042
2021-07-11,0.0764278096916675,4988622631.5281,462949285.9804996
2021-07-12,0.078117300230883,5098097939.0151825,415545201.8977392
2021-07-13,0.0754840453154287,4923961853.437695,432465445.2981177
2021-07-14,0.072910356137882,4771764323.617806,430092124.32262456
2021-07-15,0.0728299518227176,4758423472.294159,497569142.0640341
2021-07-16,0.0689140359086454,4511743847.34087,461656004.0099586
2021-07-17,0.0652147152790454,4253297829.197763,446633442.3034631
2021-07-18,0.0657264206641806,4292713186.741592,418042910.451924
2021-07-19,0.06762656655779,4402538175.799582,432115215.59963834
2021-07-20,0.0625131788600266,4083813498.5734906,439115994.1636161
2021-07-21,0.058218908263264,3804858574.961306,506937531.2223842
2021-07-22,0.0661882691986949,4301453941.216683,648791102.3416188
2021-07-23,0.0676716967367772,4409558028.187658,538083674.4696567
2021-07-24,0.0696720419130217,4537732303.7433195,497101891.6001887
2021-07-25,0.0722687991927934,4701186252.287804,517954844.5668006
2021-07-26,0.0741999662725529,4837679281.430989,490238151.5062864
2021-07-27,0.0782860699859553,5120230667.674373,1250838757.1087525
2021-07-28,0.0834848095606003,5434109901.895752,914843058.0441034
2021-07-29,0.0828370787316593,5404620173.706475,756434528.9071971
2021-07-30,0.0830049733645746,5420983820.828437,513316168.8795631
2021-07-31,0.0855439135253337,5589187587.593052,714902243.0726991
2021-08-01,0.0897041780386084,5848026398.883804,727751824.8538359
2021-08-02,0.0858837352797939,5600755670.374329,691907446.4355565
2021-08-03,0.0865853127332409,5663869787.343055,585261915.6160514
2021-08-04,0.0856909463909921,5594736317.974394,547050040.9353229
2021-08-05,0.0882769457052473,5766991895.636629,585620851.2388817
2021-08-06,0.0911986677962904,5942597151.847757,655296944.9529805
2021-08-07,0.0956170199178775,6238341258.119116,719610665.4862295
2021-08-08,0.1037277791517882,6777842824.532373,1132481658.6808434
2021-08-09,0.1015918118317688,6635250833.093989,927619512.5718752
2021-08-10,0.1057127407835203,6844032490.8053255,856767622.0201491
2021-08-11,0.1061571122406297,6919773304.661105,776504514.8517755
2021-08-12,0.1115065333796903,7425420299.627009,1048135337.0128632
2021-08-13,0.1073305397897127,7165670298.080321,1000641586.9875308
2021-08-14,0.1200192766314938,7988594495.065294,849671137.3433763
2021-08-15,0.1305369011038006,8760152855.198565,1371195172.8651502
2021-08-16,0.1385544468391784,9219852060.570627,1354131846.6288784
2021-08-17,0.1296092629127867,8749362173.62516,1247665650.114891
2021-08-18,0.1181423246182572,7960581487.760801,1289224651.7990303
2021-08-19,0.1210495560718121,8138192477.099722,1206682478.2397716
2021-08-20,0.1267036042638119,8218782706.931407,1143592830.987935
2021-08-21,0.1336040383467442,8914335505.210993,1160043237.7488968
2021-08-22,0.1289844721603138,8619028554.002768,863111507.5614506
2021-08-23,0.1285369196827858,8601215433.63932,821127123.9644079
2021-08-24,0.1316834084792838,8800836028.101719,946640184.8659172
2021-08-25,0.1240183880795723,8287848124.748522,1129443366.016451
2021-08-26,0.1275407782002373,8522263711.506047,1015558076.9104664
2021-08-27,0.1180384894676968,7934364414.847698,955495319.5480692
2021-08-28,0.127213944959001,8462511456.45339,902406871.277528
2021-08-29,0.1233164624429901,8218070565.52144,684118962.700195
2021-08-30,0.1237812444054147,8257648440.325836,680862261.0676277
2021-08-31,0.1175963582046318,7855417339.946792,736555596.9062755
2021-09-01,0.1233158759349579,8226344139.901063,799589398.0986961
2021-09-02,0.1366925894632108,9127359140.518393,1205044324.119987
2021-09-03,0.1434871148966568,9583195333.277325,1182783602.2058735
2021-09-04,0.1436111323295365,9576259710.934202,847910398.4966848
2021-09-05,0.1452403418106187,9725808726.621565,759928147.3571965
2021-09-06,0.1525580244371321,10136429626.519585,676211416.869764
2021-09-07,0.1503695222242399,10040965602.466732,769371311.4243544
2021-09-08,0.1231463561631209,8195942970.598814,1513199067.9261334
2021-09-09,0.1203512372282732,8048463929.610612,924724213.2524924
2021-09-10,0.1218203821693329,8138677772.269392,768106730.8302783
2021-09-11,0.1135181062656396,7573472740.756138,656306863.3400383
2021-09-12,0.1155112295979373,7698396800.778978,467509967.3503473
2021-09-13,0.1201926279567303,8044060728.470856,523733840.4297765
2021-09-14,0.11351920845544,7570784091.841723,521703263.63855135
2021-09-15,0.117518804466569,7851840396.964099,383945018.4651888
2021-09-16,0.1213666315770141,8106121521.80534,417106882.83254576
2021-09-17,0.117434916482538,7830686767.620623,400545730.2393562
2021-09-18,0.1123671983394027,7504992526.689287,343408175.70365417
2021-09-19,0.1129443091866716,7545627260.130153,289146140.25792605
2021-09-20,0.1090627162139814,7285260664.32948,275397066.2706853
2021-09-21,0.0925016649572976,6149599172.573435,693956212.399793
2021-09-22,0.0869990557634216,5807305689.663247,556797078.8321083
2021-09-23,0.0987492440313417,6583155134.372318,515225146.0251339
2021-09-24,0.1020373143797014,6812366753.512486,446481748.0945425
2021-09-25,0.0931013571305609,6273441988.756848,519479823.9030835
2021-09-26,0.0909357300038294,6050110471.976372,327801310.46717453
2021-09-27,0.0915814755940549,6102799892.355478,351989984.38475466
2021-09-28,0.0871485059299967,5817390819.837406,289354444.09201723
2021-09-29,0.0822758848199646,5504965448.9327135,313897082.09672815
2021-09-30,0.0845941306190273,5628594055.397367,317550064.6303505
2021-10-01,0.0951330737093689,6342980357.972847,485414067.70764625
2021-10-02,0.1086386643219429,7248101430.9241295,846294072.2743531
2021-10-03,0.1117624472787825,7468217110.48596,524143055.886418
2021-10-04,0.1111605074667672,7430316922.767365,450384827.6584451
2021-10-05,0.1102496285336989,7358142907.417605,530933230.56844
2021-10-06,0.1136049080442419,7602644653.391977,489245756.2154318
2021-10-07,0.1127041594724891,7515543379.285015,534171651.6824742
2021-10-08,0.1117191515273285,7431005614.148829,500250245.5409739
2021-10-09,0.1117174876027642,7453927169.457667,379144725.65132344
2021-10-10,0.1184250530005578,7902618364.706864,559968610.9060864
2021-10-11,0.1110752199411605,7420928347.305916,347728300.7306216
2021-10-12,0.109148025498821,7275013711.354813,381145272.1209795
2021-10-13,0.106907310693558,7147240485.2230835,482518123.63144416
2021-10-14,0.1153445439515062,7706798649.423583,629427101.6319387
2021-10-15,0.1194413751781737,7973426383.612271,631701384.9450048
2021-10-16,0.1205709200799055,8044317734.148171,698640219.7412635
2021-10-17,0.1207471317059422,8033996752.265733,409582259.2066444
2021-10-18,0.1228797493886083,8168647131.981567,659049228.1491479
2021-10-19,0.1188454049085251,7954843355.056097,430071027.0709991
2021-10-20,0.1167998713799674,7803244190.304976,347760307.2039079
2021-10-21,0.1226712478978132,8191148341.441478,430378913.8626048
2021-10-22,0.1304391420245407,8730127239.070208,1064729737.6356264
2021-10-23,0.1309820095938587,8745533924.951647,709331962.2641762
2021-10-24,0.1367858762707705,9147600764.806244,545454665.8032416
2021-10-25,0.1335477322313344,8912567177.047462,511284492.7443273
2021-10-26,0.1423515777595718,9496714433.22104,576023767.047867
2021-10-27,0.1410106757558237,9435668826.764223,666127652.964239
2021-10-28,0.1249936387543508,8380158500.259058,870957382.6553857
2021-10-29,0.130408418694113,8710247516.65125,673608242.3445758
2021-10-30,0.1370733256021527,9162658809.487028,515322828.7381064
2021-10-31,0.1302590941961456,8697038957.499853,448556898.3122033
2021-11-01,0.1330206754720696,8894340698.85981,502751717.62756795
2021-11-02,0.1371274717979213,9115270266.859549,538307392.7892264
2021-11-03,0.1404612124981193,9336259468.20568,571808849.272222
2021-11-04,0.1375495370819882,9176484611.733252,584893049.0536731
2021-11-05,0.150749146681225,9830395893.525274,1130831167.8033788
2021-11-06,0.1599503429145234,10586476981.75324,1508484346.6824925
2021-11-07,0.1605063161429419,10674742827.852415,984002660.535799
2021-11-08,0.155574575979559,10378904440.080795,545359501.6935813
2021-11-09,0.1751526226145389,11657172399.718529,1280652769.393492
2021-11-10,0.1718808417014577,11487646581.787418,1557131771.089332
2021-11-11,0.1631789319309166,10804807608.455036,1328393314.6709669
2021-11-12,0.166141894240665,11108646246.122868,775767309.1562498
2021-11-13,0.1603420964118509,10706266914.946993,692871725.400057
2021-11-14,0.1616084789065503,10778333500.485106,527296738.0338897
2021-11-15,0.1629185876976481,10805724700.676245,464616125.4128757
2021-11-16,0.16429354944774,11002019368.27986,985581609.9003508
2021-11-17,0.1466892880242446,9828712986.731873,1211672882.950484
2021-11-18,0.1458769646903822,9694577663.08671,901964970.4171392
2021-11-19,0.128877340310022,8591883937.36433,912583573.3857934
2021-11-20,0.1402957265307851,9305921084.780231,737159506.4585705
2021-11-21,0.1405578183397705,9361840076.461596,578347535.9858
2021-11-22,0.1342167620962192,9030185247.76416,500097387.7047223
2021-11-23,0.127184840239531,8498272319.826246,599859629.0613973
2021-11-24,0.1310305067740463,8712408360.735132,538421670.4489725
2021-11-25,0.1229373898107012,8221522576.544431,539493390.7489272
2021-11-26,0.1281060598303981,8573476690.446124,603378728.1178417
2021-11-27,0.1142308474148256,7610665175.067015,743768263.7530994
2021-11-28,0.1140146673654518,7593360960.301398,343137120.60589445
2021-11-29,0.1160490263018995,7734874938.482834,511070465.68263745
2021-11-30,0.1219412422158284,8105990640.20832,454185418.82663625
2021-12-01,0.1196448781324903,8029940260.636253,538130768.406693
2021-12-02,0.1190531614884578,7964765816.101598,442079537.68170065
2021-12-03,0.1163431779844226,7779513409.166342,367953117.3158358
2021-12-04,0.1102761100566856,7358153825.770802,515334710.1027249
2021-12-05,0.0964499853663283,6420796313.563631,963486948.3157237
2021-12-06,0.090038766143677,6029798429.530825,459777262.6820516
2021-12-07,0.0940416548182863,6266200919.662481,609924910.4169205
2021-12-08,0.092136003712503,6150958772.867839,446216685.0491105
2021-12-09,0.094764968657847,6321005636.572759,430393024.17411494
2021-12-10,0.0866668765770684,5829635451.265342,359494784.78176636
2021-12-11,0.081740697736594,5504187405.104241,336199560.9419851
2021-12-12,0.0862912371340339,5755930793.514786,272567594.3026491
2021-12-13,0.0871407267738922,5802495236.384973,223807576.34481028
2021-12-14,0.0777343435724828,5189602401.290112,353980126.64887404
2021-12-15,0.0802454782237621,5352020841.674077,332419416.1806578
2021-12-16,0.0836987952286979,5560199856.19104,357247269.4199963
2021-12-17,0.081951873076729,5467958482.718947,293238502.02034783
2021-12-18,0.0809808569416251,5396777243.576992,287674538.1433796
2021-12-19,0.0839743535026694,5599306657.658974,242618048.81229693
2021-12-20,0.08081363460812,5438430271.126046,223688525.94720575
2021-12-21,0.0801309828733498,5366856786.261921,287091396.8115168
2021-12-22,0.0837033774358508,5581221590.555108,250361982.95655575
2021-12-23,0.0870886379937954,5820737287.706954,344492723.1779628
2021-12-24,0.0930291053867295,6192278351.720851,387991406.9803091
2021-12-25,0.0922255609534764,6164449487.114323,339829757.1698932
2021-12-26,0.0954880545679721,6363984191.7105665,214809490.25562957
2021-12-27,0.0946938612802582,6318339818.531087,246423460.59805503
2021-12-28,0.0981796502354442,6554546230.1948,408474396.57754874
2021-12-29,0.0889571516063888,5989841011.96776,435547610.1640859
2021-12-30,0.0831543534833128,5530270927.445656,327989223.98385257
2021-12-31,0.0848920799945215,5663046753.024039,278944788.0221545
2022-01-01,0.0832820221005163,5586198845.716156,256695075.00090417
2022-01-02,0.0869373846525997,5769309650.234462,185705630.5315018
2022-01-03,0.0874732216518748,5865082116.563228,203457724.16984555
2022-01-04,0.08635560698091,5773438891.768459,271100954.6457592
2022-01-05,0.0866738802548424,5889141212.568311,332618442.27729475
2022-01-06,0.0852549384863301,5684834170.406305,730545253.3473793
2022-01-07,0.0831098718320261,5558773976.499622,421558782.41493976
2022-01-08,0.0789807032173581,5281496038.975449,395656422.1160452
2022-01-09,0.07610764041739,5104577111.291659,301621783.71362257
2022-01-10,0.0768353469512338,5108922868.381467,244185913.03407535
2022-01-11,0.0734234139048688,4912714906.533267,308975058.7024431
2022-01-12,0.0767707092956688,5129587612.208685,247950486.201238
2022-01-13,0.0825332644332862,5513393973.118204,280279989.0312468
2022-01-14,0.0782352166378938,5245214195.217285,302185246.2950066
2022-01-15,0.0791952873234776,5273912679.515158,245806973.97774825
2022-01-16,0.0787282066328796,5259069565.173471,170939583.0117207
2022-01-17,0.0785557333791906,5246927129.62706,162113069.91888455
2022-01-18,0.0755717463207364,5045376696.633137,204642540.22704765
2022-01-19,0.0744091270691647,4980099959.611591,212037300.4873316
2022-01-20,0.0710570786177317,4760371809.498364,184311012.07387984
2022-01-21,0.0678963519160648,4561125646.569042,202888626.8535761
2022-01-22,0.0575650206809072,3852345700.649395,424833039.52543527
2022-01-23,0.0516344390991038,3435072982.954654,504479668.9908496
2022-01-24,0.0527810189000587,3523760180.373751,284915573.9672706
2022-01-25,0.0516489235020348,3450034252.471331,420123062.80900735
2022-01-26,0.0534220954524086,3555930299.395079,267436381.15563604
2022-01-27,0.0536579200571526,3602296907.8754745,346983231.4587563
2022-01-28,0.052579659992488,3510257078.3478756,246563215.32709965
2022-01-29,0.0540212457696607,3604183507.661845,214981073.004518
2022-01-30,0.0546764841181999,3640306754.55219,172227760.20699024
2022-01-31,0.0528034688080039,3527091155.032692,169640476.86213505
2022-02-01,0.0538438044449688,3579983792.8634863,187580811.93913305
2022-02-02,0.0547401001938201,3656171241.8304415,177562211.92709625
2022-02-03,0.052470739724827,3503708944.4728346,208761107.6026832
2022-02-04,0.0523930746352958,3492489734.3368454,182044650.41984817
2022-02-05,0.0586823325986581,3882180970.088814,304252263.53968567
2022-02-06,0.05946691579953,3978835071.293467,266019958.49030933
2022-02-07,0.0611834610414703,4084652744.188072,212237703.7876129
2022-02-08,0.0672905615679001,4457450476.241921,378772283.21011174
2022-02-09,0.0646181465523104,4344413955.78884,362678137.29224634
2022-02-10,0.066978461156497,4467486399.115318,247697344.73386797
2022-02-11,0.0635809695685466,4262308443.4629703,296625226.3141984
2022-02-12,0.0581513273713997,3879745105.307009,270480047.3462508
2022-02-13,0.0575548979285283,3829371751.7891736,232686244.67896357
2022-02-14,0.0567033629369262,3781260651.305452,172510140.8843245
2022-02-15,0.0564368462884267,3774650102.391594,216456799.2731942
2022-02-16,0.0609501392946099,4070979246.9900455,211619343.03575563
2022-02-17,0.060536554310092,4064411276.37697,212261112.778005
2022-02-18,0.0546994772693709,3657760527.8151298,275423891.5528055
2022-02-19,0.0535226785580579,3586687107.458454,246302128.30511817
2022-02-20,0.0528108054152343,3522598015.8138227,178401947.32878977
2022-02-21,0.0494271517033936,3323412698.721612,251205349.7579956
2022-02-22,0.0452684974485035,3031293681.1966257,350274421.59970564
2022-02-23,0.0472743689574096,3156071916.0391006,298513624.39510083
2022-02-24,0.0459000082105157,3062461416.5215945,270286455.3755964
2022-02-25,0.044657059749237,2977086273.071525,567967751.9031627
2022-02-26,0.0477230184135619,3183630464.098543,294624946.89455324
2022-02-27,0.0482691747341329,3202957682.570269,232069596.25768837
2022-02-28,0.04566867093848,3048731540.098389,248840470.65850443
2022-03-01,0.0518673102443211,3435261826.8392086,357488505.2653543
2022-03-02,0.0529689044008698,3534701351.786454,376743924.0545017
2022-03-03,0.0530816341525858,3543769245.388944,308960086.6746726
2022-03-04,0.0546504027031205,3660079185.8280215,540250963.1923958
2022-03-05,0.0491085110748474,3286271356.2227592,378340859.56597745
2022-03-06,0.050438930215878,3362197469.3436413,235022276.2103758
2022-03-07,0.0477072740855295,3181294748.4714622,230042121.34580365
2022-03-08,0.0461892766248541,3079475079.835392,321460589.19326794
2022-03-09,0.0465386658778758,3108766489.5365877,255448166.3821092
2022-03-10,0.0485969140821882,3244374476.2614117,321424392.7530407
2022-03-11,0.0470476182557691,3141267905.334825,284358551.1197338
2022-03-12,0.0462812499194704,3107068095.9482746,232489628.36091635
2022-03-13,0.0464390417210364,3106603138.0061474,158739693.89166662
2022-03-14,0.0445967482384079,2976962625.671114,193926142.8991943
2022-03-15,0.0457957477118519,3057657838.576512,226347216.95833632
2022-03-16,0.0459216509920525,3073422525.2625427,206985861.15920067
2022-03-17,0.0483730798042018,3231047705.4864225,298363368.1503691
2022-03-18,0.0484465287322568,3226943258.9267073,207389947.33769608
2022-03-19,0.0496473436416994,3318342078.800021,174244184.2813319
2022-03-20,0.0512624833922812,3413550425.8239517,215021201.94566688
2022-03-21,0.0499408361440832,3338152880.2103553,234334005.52583665
2022-03-22,0.050728682277629,3384679749.5322165,226721669.1817501
2022-03-23,0.0532428378888666,3554446386.5175405,283248454.362007
2022-03-24,0.055899026414275,3722522554.29992,310776367.4124349
2022-03-25,0.0573714123733997,3838221999.8291206,324184481.5561774
2022-03-26,0.0556405702957539,3724578993.9179816,296471311.6830764
2022-03-27,0.0642601685873884,4302709631.376105,474498467.09350747
2022-03-28,0.074142042458764,4921435984.022378,2140858187.086856
2022-03-29,0.0709339580037458,4785238888.611447,1342983301.691434
2022-03-30,0.072323284302899,4810676896.981852,596654451.5544692
2022-03-31,0.0843863811339188,5607819678.015482,1882653294.708377
2022-04-01,0.0775212734440737,5187374980.581515,1124978815.638029
2022-04-02,0.0808156160641663,5366035698.267504,771676354.5433539
2022-04-03,0.0776480805440902,5196921949.832501,497677221.8379425
2022-04-04,0.0825645250872201,5430033377.584672,416314378.3216629
2022-04-05,0.0789910632478444,5275388888.913515,456526469.2359899
2022-04-06,0.0760989776367478,5120348168.359626,346556262.6063304
2022-04-07,0.0656395390861856,4414485604.707323,542590068.49733
2022-04-08,0.0706006040913063,4702935571.341342,377070919.7726787
2022-04-09,0.0648436013132528,4313877452.718092,344066139.35977983
2022-04-10,0.067383495387775,4498572103.405609,233891965.0918448
2022-04-11,0.0654572052706084,4403852053.627712,223139268.83671796
2022-04-12,0.0578767794324254,3877584270.377168,387165080.8728317
2022-04-13,0.0605394946586631,4036223674.968156,354602489.24305487
2022-04-14,0.061759859631053,4116936078.723677,301955051.8484633
2022-04-15,0.0616247217810394,4120638888.199771,375205259.7671457
2022-04-16,0.0617069026702748,4113600649.0770087,213537384.52532777
2022-04-17,0.0615263575959992,4121758907.305027,184497513.50931215
2022-04-18,0.058121606142615,3880241511.569494,195238202.9568461
2022-04-19,0.0595276152960287,3967669141.4610367,284241290.9231179
2022-04-20,0.0618343334189084,4123444706.76762,257173554.30078995
2022-04-21,0.0608328286282879,4053375848.883653,319834176.0608826
2022-04-22,0.0587528743823206,3913859930.6179457,336422623.0825454
2022-04-23,0.0579988112389008,3876397926.5928745,240720370.70380336
2022-04-24,0.0576340341964676,3850995257.7264304,192087299.6272028
2022-04-25,0.055904798473637,3745495717.1677327,161000383.77559653
2022-04-26,0.0567305454519658,3789782791.481321,302010957.58422756
2022-04-27,0.0513901193802758,3423575116.8003654,266729198.55322587
2022-04-28,0.0520344508566165,3468673277.257845,205560907.7115636
2022-04-29,0.0515896304549118,3433480054.2925963,438572574.3255373
2022-04-30,0.0485351731458669,3248576006.355181,266070888.67124295
2022-05-01,0.0455366387928185,3034873238.291686,275241110.86080796
2022-05-02,0.0485700248297452,3240026390.2651763,338186874.4982338
2022-05-03,0.0476206421220288,3182547845.4981523,274284447.6597204
2022-05-04,0.0468860443286887,3123915185.2231717,227717745.21987227
2022-05-05,0.0537984123766535,3590020268.922091,478442247.1850268
2022-05-06,0.0477814419498526,3179784129.483459,442971474.8459037
2022-05-07,0.0471923200159226,3155454954.489953,308880689.39534163
2022-05-08,0.0457306392952218,3062619911.1870456,217091518.7446699
2022-05-09,0.0443665527957551,2964799788.071637,249719567.121095
2022-05-10,0.038690359541214,2599876410.909578,435863597.7121134
2022-05-11,0.0391676763917643,2618136046.9205394,516531955.6663425
2022-05-12,0.0305362808252835,2066258225.057048,633115306.1046236
2022-05-13,0.0277640668562732,1853911298.754334,524005638.63742954
2022-05-14,0.030671924974048,2046671448.1550364,356092874.24581087
2022-05-15,0.0319274754011005,2134630814.4685953,274122806.24200994
2022-05-16,0.033440124830752,2226718721.1870084,206490138.8903306
2022-05-17,0.0310071140553366,2066444572.216548,217070922.60573825
2022-05-18,0.0329425807336173,2197495381.816538,180999641.33014953
2022-05-19,0.0292445137270015,1955289399.3928409,167655838.64059332
2022-05-20,0.0314580711553541,2101021078.4900997,194270614.40448403
2022-05-21,0.0302193551023292,2018462395.1222444,176459175.65509015
2022-05-22,0.0308871800932681,2062051039.6623003,137158071.15069798
2022-05-23,0.0321337890204025,2145275575.7477384,177897517.3614477
2022-05-24,0.0313649296274766,2093945952.7213063,251100600.8619457
2022-05-25,0.0316869087789849,2114418221.8013077,187039505.9659048
2022-05-26,0.0314610028075424,2100739683.527766,193132957.66515312
2022-05-27,0.0297350839455258,1985333948.8290615,251793922.26084068
2022-05-28,0.0289202696384348,1930762210.7068217,236890100.05481943
2022-05-29,0.0297891739648737,1998337046.5935967,145607810.27917227
2022-05-30,0.0301627755997973,2014350368.774728,129661643.08259805
2022-05-31,0.032879965567119,2187154684.2396383,197494157.38983807
2022-06-01,0.0328694724327106,2194390345.7148085,253834956.23751724
2022-06-02,0.0307130765602062,2049908138.86984,216069681.03440705
2022-06-03,0.03155975789193,2111957461.3744104,154857491.0901579
2022-06-04,0.0302818203905275,2021636777.1547904,131717900.91547348
2022-06-05,0.0305606185194332,2033580222.9742904,107947974.95398729
2022-06-06,0.0304182703805731,2035803971.0496411,105033014.81659566
2022-06-07,0.0317997279246617,2126318130.4842985,158502886.47239253
2022-06-08,0.030805321963948,2066330795.197442,164629403.44623002
2022-06-09,0.0303322133619461,2199423564.2700906,119751250.62454204
2022-06-10,0.0319220665679097,2317334577.4265685,226690463.48548633
2022-06-11,0.0294998508400351,2139004173.4396677,164924886.66101402
2022-06-12,0.0276357790378776,2002368048.081688,148563451.46614856
2022-06-13,0.0258973181539587,1893613635.6487896,172525221.13372645
2022-06-14,0.023805194549335,1701502156.8900309,302890164.9319918
2022-06-15,0.0240640649620451,1744766621.9754362,217747922.92063877
2022-06-16,0.0253384284160284,1835307016.2759273,245938873.52426687
2022-06-17,0.0227212534391952,1648248591.823545,166491065.64793977
2022-06-18,0.0234212763427804,1701135360.3655076,106862108.30020212
2022-06-19,0.0217661929298432,1574890746.4043458,194538409.0367504
2022-06-20,0.0229587825682252,1661672254.1548038,158083422.66849518
2022-06-21,0.0236469731549649,1710520656.4629328,147441918.6630201
2022-06-22,0.0236347289655803,1712367684.613374,164769643.5388124
2022-06-23,0.022844241942363,1659584551.927516,122189823.32386357
2022-06-24,0.024123010097752,1752022040.3944364,130440576.95813072
2022-06-25,0.0256214161429496,1868558742.5368507,155397924.83142203
2022-06-26,0.0262264815507233,1900718645.1893055,129693585.77797702
2022-06-27,0.0244091453336937,1770614754.4140186,127682012.2403974
2022-06-28,0.0246508111147647,1788194599.3214254,120269738.71862005
2022-06-29,0.0234519372562161,1697746310.913545,128995026.32987154
2022-06-30,0.0227089722767694,1646986042.92681,135199844.9533385
2022-07-01,0.0224323303647975,1615075340.9993014,125204578.68070026
2022-07-02,0.0223631741422551,1634812052.1488514,126127186.23669684
2022-07-03,0.0223922579913972,1623303330.097728,81924338.24282567
2022-07-04,0.0226002002192927,1637016560.3874338,74729495.16927156
2022-07-05,0.0233391582897768,1692216951.230264,99205991.83607872
2022-07-06,0.0227400549217704,1649026191.204064,107342290.908475
2022-07-07,0.0236789977023459,1717297407.2198071,124453541.84528293
2022-07-08,0.0241263944955999,1756034030.006007,100797905.5214957
2022-07-09,0.024021926563193,1745684458.679211,117513785.00702518
2022-07-10,0.0241571486046125,1753651761.9874418,76362823.94097237
2022-07-11,0.0234509672194799,1700321705.1929262,71429734.01901117
2022-07-12,0.0220954523022759,1603011492.8217828,80525123.12596647
2022-07-13,0.0215567860867614,1571897586.756061,74620435.65844741
2022-07-14,0.0222705769825868,1614267484.3032568,111565596.45125246
2022-07-15,0.0228096605800256,1655762309.5071094,97308259.99295016
2022-07-16,0.0230002347322728,1662873700.632893,89764925.71657449
2022-07-17,0.0236778299602475,1717191482.9891603,84020920.33169177
2022-07-18,0.0232898509039855,1693065865.2608535,88859070.7796708
2022-07-19,0.0247248007002494,1789317118.7830496,140247389.7570493
2022-07-20,0.0260602640393735,1887754336.5889404,170231153.3284521
2022-07-21,0.0253942553027284,1858595901.4609616,168297132.58823875
2022-07-22,0.0253514249516245,1839037756.4249432,115802539.05123016
2022-07-23,0.0253499427486882,1836475444.2298813,116184141.93092228
2022-07-24,0.0251633940248084,1825233908.6766207,88943008.14711894
2022-07-25,0.0251292932857215,1833497046.3507044,83249433.96115306
2022-07-26,0.0235530013706083,1722343277.645857,91941528.86552352
2022-07-27,0.0233286843088889,1691656741.4485102,80164416.63000157
2022-07-28,0.0250973312354805,1818426421.5621216,108355160.59124824
2022-07-29,0.026302184128324,1909087539.1755197,150525942.3448691
2022-07-30,0.0269126780834446,1969590967.6020205,131631289.51312278
2022-07-31,0.0273578025023482,1977869693.4089055,139201156.95912948
2022-08-01,0.0272241746044363,1979466437.6929944,128814736.2484099
2022-08-02,0.0277367331916811,2001603896.539394,107774228.2539178
2022-08-03,0.0279907572352949,2036433565.584087,194484717.87836108
2022-08-04,0.0295033134893695,2136586643.62756,230432634.29338077
2022-08-05,0.0297354818249633,2149080608.919886,140542103.84649557
2022-08-06,0.0313845898167937,2271393859.825787,153132297.5431765
2022-08-07,0.0309887045642454,2244904164.154754,98949311.03321558
2022-08-08,0.0313179767997455,2269812140.659203,84466489.25815703
2022-08-09,0.0315955195232567,2293297624.669549,113989205.21667787
2022-08-10,0.0303814011762554,2200011609.6817913,107333946.42792235
2022-08-11,0.0327985928862096,2374419986.430947,170638742.92045313
2022-08-12,0.0327682657567299,2369909197.47801,155208248.07542166
2022-08-13,0.0334699311558495,2419416156.229144,115544675.2183459
2022-08-14,0.0330320651113244,2392196435.519678,87455365.00443138
2022-08-15,0.0323727207896741,2347439979.787648,98869063.90597507
2022-08-16,0.0314922602705496,2283477646.2578335,101464100.84945773
2022-08-17,0.0308016279501739,2228894450.3493285,79915567.7959453
2022-08-18,0.0292890357883224,2126003841.6208928,108822390.6841379
2022-08-19,0.0283131658856185,2054452787.1690552,77642052.09948438
2022-08-20,0.0258375906267041,1872667861.2415895,134624425.60831636
2022-08-21,0.0258287604582232,1869852896.7574697,88676855.80733354
2022-08-22,0.0267040018029804,1936112924.900921,78216805.33854188
2022-08-23,0.0261966517736443,1896520772.364792,86832690.04767835
2022-08-24,0.0265244299623141,1924816987.89276,89346271.15570791
2022-08-25,0.026266025978741,1904389279.285189,79002681.08319448
2022-08-26,0.0267952054457209,1946225693.180436,66045351.86309405
2022-08-27,0.0244283729402054,1762169210.4257483,90405438.75904414
2022-08-28,0.0245442137606507,1779530361.7876382,68201770.53541242
2022-08-29,0.0238073754217802,1727754551.3425372,56058666.42838857
2022-08-30,0.024914680128042,1806170985.4804735,74085850.7429995
2022-08-31,0.0243176692147444,1772354835.9947574,72395905.68546198
2022-09-01,0.024175625751373,1753757315.044417,70428800.22313887
2022-09-02,0.02434394430259,1762164878.683102,65868203.0884692
2022-09-03,0.0240930821126112,1747252498.1486318,66643813.58637626
2022-09-04,0.0241967046350439,1756437016.675591,52637660.4539514
2022-09-05,0.0249916383944052,1811661412.368174,60864153.42620246
2022-09-06,0.0244576594579299,1770657618.970239,62135389.515935734
2022-09-07,0.0230347368221636,1672401515.0875835,86595915.08818536
2022-09-08,0.0238472180991059,1731527277.103703,77052961.71326897
2022-09-09,0.02428063607792,1759153374.7904518,71642944.11605099
2022-09-10,0.0256185988776564,1857892558.0509355,93711233.6455505
2022-09-11,0.0257713203668468,1868425216.8448029,70440410.17919536
2022-09-12,0.0256599858722767,1861824919.4070165,66313473.95648912
2022-09-13,0.025621567798292,1858906775.962138,95814238.60218078
2022-09-14,0.023548834582788,1708872596.5680614,109156726.85112645
2022-09-15,0.0240626319728449,1741334434.7071974,81522398.2774881
2022-09-16,0.0232276041968952,1684451682.0179565,91361148.84926055
2022-09-17,0.0233554626485227,1690963228.0618966,70641537.61419249
2022-09-18,0.024370278588271,1765639941.442105,59429714.6198376
2022-09-19,0.0224701544309922,1632683245.6238315,79516215.21872401
2022-09-20,0.0229086128228472,1663212153.8651743,89128988.26495093
2022-09-21,0.0226823504553258,1647887876.030506,69529629.14426206
2022-09-22,0.0220410540233944,1596912923.639397,104214508.40460797
2022-09-23,0.0229560622257848,1660059282.6179063,81564749.02411044
2022-09-24,0.023305660302242,1691489095.9592118,77533158.69993638
2022-09-25,0.0228927103487199,1660412964.8964386,61117054.278508455
2022-09-26,0.0224397856640215,1623809798.321458,57239036.86687898
2022-09-27,0.0226618026313947,1643288905.4856236,70273915.5544263
2022-09-28,0.022705428813966,1648567431.564916,82304820.5910138
2022-09-29,0.0229501489779735,1665174102.00588,69356604.62541646
2022-09-30,0.0234658097361897,1700404667.7936044,63664665.51688941
2022-10-01,0.0230858059697184,1674902572.3606966,61585549.427987255
2022-10-02,0.0233569086578022,1695007811.798699,45578545.40594817
2022-10-03,0.0226228197836897,1648282166.0239546,50520341.11098732
2022-10-04,0.0235491087199459,1709627043.68739,51300049.127199784
2022-10-05,0.0239780234853821,1741068462.995805,61132452.76351933
2022-10-06,0.0238743149844022,1730881766.8613849,48466786.0612895
2022-10-07,0.0234080762972339,1696875300.2714612,46014353.607021146
2022-10-08,0.0231049011502817,1675729868.8785446,51066423.08990052
2022-10-09,0.0229381580502997,1662824011.5038333,39245506.989124365
2022-10-10,0.0231209210024301,1673049236.9455044,38168572.627383985
2022-10-11,0.0228078587395358,1654939394.3244617,54687176.57679658
2022-10-12,0.0227343015790036,1646281497.305382,56033791.26690592
2022-10-13,0.0228106095421593,1654199586.583775,38422721.874282025
2022-10-14,0.0230384003246511,1670024103.5916126,77724479.08382715
2022-10-15,0.0228362417760077,1653843216.0529675,57806368.42170149
2022-10-16,0.0228000543828846,1652560160.8502614,46761800.8386284
2022-10-17,0.0229289038176217,1664066955.723375,36795653.74972382
2022-10-18,0.0233519090329437,1693120059.5114913,46537668.8572402
2022-10-19,0.0230529396832675,1672987660.1332965,58092570.59222494
2022-10-20,0.0223423257954831,1621154016.7104824,51217878.37639238
2022-10-21,0.0218584836881246,1587678989.753641,54559898.18910711
2022-10-22,0.0224776936187797,1629998805.4185164,50667811.1732632
2022-10-23,0.0226018103466604,1638970469.3045623,35895810.14549419
2022-10-24,0.0228175867459796,1653693478.055069,44470132.05847556
2022-10-25,0.0224311523987623,1626251822.5625317,44803985.40076866
2022-10-26,0.0229043494290468,1660133684.814527,62165246.422138914
2022-10-27,0.0233767573135884,1692623110.9225836,57728260.70215787
2022-10-28,0.0229411368992787,1665560474.745484,58891329.38685484
2022-10-29,0.0235288128835136,1704867440.372754,51380000.949367166
2022-10-30,0.0239630427965613,1734613193.231407,65202549.31908053
2022-10-31,0.0235491846174291,1704904069.881041,57064445.969773665
2022-11-01,0.0239594999398625,1736971859.6196363,54397325.17497414
2022-11-02,0.0235012876884028,1703565355.4305432,50160128.56712007
2022-11-03,0.0231817487307143,1682140316.588021,63340700.85074177
2022-11-04,0.0237063133222393,1716361654.3243463,53585089.23943733
2022-11-05,0.0253681673136877,1838346680.0974653,95589395.57596548
2022-11-06,0.0257683752196303,1866807418.12386,71238397.43691765
2022-11-07,0.0247262297093919,1793358550.6795552,89056664.57740165
2022-11-08,0.0267960294315709,1942578704.8226616,156906582.28577775
2022-11-09,0.0237013511862173,1723903181.626741,336626661.977173
2022-11-10,0.0195790417195037,1419429476.767135,192043334.80086753
2022-11-11,0.0223183053272101,1610191125.4368238,162791802.71541107
2022-11-12,0.0215158701549338,1555467855.2832046,95594582.84616564
2022-11-13,0.0201594041371613,1458022575.249817,57357648.99693721
2022-11-14,0.019222265924137,1387474248.7334533,66857892.87479289
2022-11-15,0.0191674205826412,1393054084.5013738,100175269.25703949
2022-11-16,0.0197633795241048,1434493885.8474717,64178707.463480435
2022-11-17,0.019961672774691,1446425744.547748,70396902.87459004
2022-11-18,0.0193925134472963,1405756717.2625372,57346540.86625855
2022-11-19,0.0192794464963259,1396995798.5297985,37698842.443013765
2022-11-20,0.0193163285234492,1400876026.740556,32713785.94809963
2022-11-21,0.0181054419668896,1313152009.5079372,41933045.110784866
2022-11-22,0.017826455506281,1292566430.0760877,57433600.92832447
2022-11-23,0.0181362340938081,1319042035.3566551,38860492.07590057
2022-11-24,0.0190186522034778,1377667545.14964,45883041.04132054
2022-11-25,0.0191700048457575,1388660393.0036366,46739846.99201493
2022-11-26,0.0190208634321889,1379506147.124421,43948160.923613146
2022-11-27,0.0189762285826308,1375996139.2478054,37923135.439404994
2022-11-28,0.0188099140530004,1367521104.5878055,34892817.57644888
2022-11-29,0.0182940681114386,1325735693.091369,50753222.552603275
2022-11-30,0.0185527167996761,1345796202.36864,35276265.10319393
2022-12-01,0.0193232423718497,1403358433.6228802,47582228.10937644
2022-12-02,0.0190833620900159,1383558338.0582862,36371158.54035848
2022-12-03,0.0194406827553791,1409482354.2613103,37418518.99972113
2022-12-04,0.0190555682521732,1386758173.6063132,44027593.14204007
2022-12-05,0.0193641419377381,1403747120.041183,30843441.67658679
2022-12-06,0.019218889771045,1393376340.0198672,36203862.29705678
2022-12-07,0.0192379721011436,1393312795.7861,28309564.76843884
2022-12-08,0.0187156721640573,1357537439.6224697,32423760.145289715
2022-12-09,0.0190911385836479,1384898858.5674546,30751879.44979102
2022-12-10,0.0190181444999556,1378809397.405765,29646559.433933016
2022-12-11,0.0192604950929803,1395278702.82834,38627781.26848682
2022-12-12,0.0190787216755725,1383536412.8846855,30875332.98207164
2022-12-13,0.0189236732180116,1372952557.8164735,32940064.254347965
2022-12-14,0.0190779967432907,1384614395.1024525,47332409.33911188
2022-12-15,0.0187439871818789,1359202393.3071284,38606991.0131438
2022-12-16,0.0181383575855635,1316931311.0583875,35808497.890350886
2022-12-17,0.0169392763171324,1224916777.7785952,60755848.71644466
2022-12-18,0.0168988896980566,1224820838.0242836,44110669.36992318
2022-12-19,0.0167013867650071,1211824881.9826686,30729013.030303694
2022-12-20,0.0158430629348656,1150834014.8169928,42280535.70456831
2022-12-21,0.016348902140442,1185921353.7445571,31991894.179142877
2022-12-22,0.0163858625658251,1186785990.6180212,29894107.703491315
2022-12-23,0.0163911200061431,1187815862.19904,35394787.296609916
2022-12-24,0.016292009779673,1180939486.3223205,24646088.26281719
2022-12-25,0.0162734163390621,1179965898.4166174,21600936.367480725
2022-12-26,0.0161703759244918,1171635605.0973375,23496267.346704707
2022-12-27,0.0161690872682148,1172606966.6737845,26322744.113334615
2022-12-28,0.0159899404015395,1159009837.4228692,29249169.83333782
2022-12-29,0.0155997410554771,1131636702.5373905,36286260.18450839
2022-12-30,0.0157166273625729,1139540237.086921,31993334.8295229
2022-12-31,0.015688507549605,1137719775.8802395,31220305.632022657
2023-01-01,0.0157864303777851,1144042606.9822798,27762606.424927972
2023-01-02,0.0160417489262987,1163389299.3836076,27974463.026489317
2023-01-03,0.0161558341785531,1171843910.6557992,33506967.51518911
2023-01-04,0.0160866603638786,1166267857.2707436,33985252.73546002
2023-01-05,0.0165885169679004,1202028806.7046168,38840107.83910774
2023-01-06,0.0162283809728143,1175567035.385589,33699522.38599391
2023-01-07,0.0164430983064277,1192316651.4708834,36985460.278229214
2023-01-08,0.0163810716579108,1187783253.515355,26014740.79405437
2023-01-09,0.0170531802926427,1236285829.6849537,37041518.62260703
2023-01-10,0.0175181352424358,1271191314.7002606,65803105.16370016
2023-01-11,0.0181495191847667,1313743007.5652516,56796530.803473264
2023-01-12,0.0183869168050616,1329028781.7786443,44792688.75765353
2023-01-13,0.0188412379680683,1368174417.3018186,66927762.534125246
2023-01-14,0.0201235114282563,1454087216.0618024,65703950.72648142
2023-01-15,0.0207466192072979,1502780169.452677,103060399.23595937
2023-01-16,0.0210983266358772,1528253413.8635235,73444153.03048624
2023-01-17,0.02132166380624,1546268958.6294718,74369309.11418696
2023-01-18,0.0213241297823101,1545285504.3942904,59429068.82011025
2023-01-19,0.0197750980183599,1432870488.8932192,78910528.6972548
2023-01-20,0.020331608706655,1474285507.3078291,44636157.67715923
2023-01-21,0.0224093631022327,1621581738.1393194,59712491.17116536
2023-01-22,0.0218554803208664,1579180613.1875343,74017630.50545275
2023-01-23,0.0222857020071428,1614044267.1814172,69767608.68403874
2023-01-24,0.0229619398991747,1661605641.1913447,68232702.41682532
2023-01-25,0.0218228596879059,1578891501.8380375,69603311.96717806
2023-01-26,0.0231244614751886,1673880703.34695,70208886.33039604
2023-01-27,0.0238786690175058,1734508027.054834,82784017.69289146
2023-01-28,0.0249196873094175,1805970204.781536,88499264.04882586
2023-01-29,0.0241839784123035,1751875365.6984878,56300520.47242824
2023-01-30,0.0246555021016479,1786590080.9189205,57043342.53793834
2023-01-31,0.0230659214105911,1670495099.4689467,82854183.85133763
2023-02-01,0.0231872032822968,1680519199.3645658,61273345.03909809
2023-02-02,0.024830591685579,1797116531.0374436,114370447.22615848
2023-02-03,0.0241671858621995,1751724776.0463383,85884530.53924008
2023-02-04,0.0248410038552606,1801653752.798876,71796122.69146684
2023-02-05,0.0249532118191694,1807851032.698983,59329711.17844757
2023-02-06,0.0243214705173562,1764219337.9880834,79750487.3231772
2023-02-07,0.0239697346297255,1737042271.6595926,59758425.84825793
2023-02-08,0.0260251772020332,1883832348.5359244,88354238.42063147
2023-02-09,0.0257691813539949,1869756323.6088736,99358932.4450078
2023-02-10,0.0232704625928522,1688132370.4058356,146967077.80048856
2023-02-11,0.0236279833885926,1713701538.669065,89407109.03681418
2023-02-12,0.0239683930478957,1739789171.4559956,58413221.70308071
2023-02-13,0.0235587217601449,1711318464.5706182,61208854.97527117
2023-02-14,0.0230386104875511,1669248713.153568,78230332.1455252
2023-02-15,0.0238879349085601,1732049321.9093378,88666529.41266902
2023-02-16,0.0256360488703941,1856370806.419594,90261911.05539504
2023-02-17,0.0245391482526404,1779975510.8881185,128438154.50325613
2023-02-18,0.0277364838629284,2013811885.6523333,228221172.8640905
2023-02-19,0.0271836460687494,1970102828.1795464,115099836.36532871
2023-02-20,0.0286771687494321,2085446977.507547,324112858.7304205
2023-02-21,0.0317535646490082,2302079501.51184,370160748.502223
2023-02-22,0.0300927279518213,2178987431.310616,233928654.7299672
2023-02-23,0.0294919707206956,2140296706.0138607,144678653.67502666
2023-02-24,0.0297459031047046,2150407677.013203,134348408.40533748
2023-02-25,0.0277323989740393,2010278912.1949744,101330345.54971293
2023-02-26,0.0269625227606919,1953374960.960886,83958182.35206631
2023-02-27,0.0282060683780935,2046634046.9687228,83263303.28175278
2023-02-28,0.0281351206005457,2039083820.6596143,106812992.18810023
2023-03-01,0.0269644195899145,1951792307.9453857,61820644.4615228
2023-03-02,0.0281162409887265,2040946834.4171104,66985510.46422117
2023-03-03,0.0272351329534917,1974559167.7120564,72273167.21413274
2023-03-04,0.0254693699400547,1846154502.740718,89155619.99965408
2023-03-05,0.0245182597311166,1776080824.5959797,58939988.75345933
2023-03-06,0.0243721859369403,1767844806.3023894,53726689.94172367
2023-03-07,0.0246482850547926,1786501045.7715197,55904038.05413238
2023-03-08,0.0236167969200305,1705118536.4540217,66784803.88349722
2023-03-09,0.0221202959343048,1608189401.0244317,59806264.81895953
2023-03-10,0.0203469469143136,1471073094.185291,94510380.88879052
2023-03-11,0.0206760962334982,1503142882.2710462,87723586.08763573
2023-03-12,0.0203851801119241,1475375581.2814825,71411843.4215385
2023-03-13,0.0220482183048882,1592806750.456869,62421373.233473
2023-03-14,0.0235537310864583,1702281429.3626494,104781766.42775612
2023-03-15,0.0239904758898991,1737511197.2816486,143746185.39791986
2023-03-16,0.0219784285663208,1595048123.7181764,126827815.56387116
2023-03-17,0.0225482474524398,1637200312.9937882,96886179.72518584
2023-03-18,0.0243294014125443,1763862090.6599867,124332748.19159672
2023-03-19,0.0231311147348893,1678486208.9161575,114756273.8403773
2023-03-20,0.0247025480337925,1798210312.0471866,111683039.67942175
2023-03-21,0.0231560149716152,1675380957.6102915,123816179.5919479
2023-03-22,0.0239208002081148,1733065043.8181436,84805873.51462212
2023-03-23,0.0226610471312887,1641422062.808698,107653101.60461529
2023-03-24,0.0237466176643296,1721994949.2445784,57564866.686203435
2023-03-25,0.022934507257283,1675836483.3767085,70885090.51182581
2023-03-26,0.0229188944613933,1661035159.5587666,57934566.91951592
2023-03-27,0.0229415014100215,1667577117.9680803,51203660.520415895
2023-03-28,0.0221166075571192,1602584219.2729418,63261931.04807223
2023-03-29,0.0224951204604204,1630242640.9852247,54612841.95950266
2023-03-30,0.0232451213186141,1684977529.0467038,65231923.114732206
2023-03-31,0.0229194725908432,1661185257.1558516,72700130.8830757
2023-04-01,0.023496054569762,1704607889.1467836,66942674.91450597
2023-04-02,0.0235459319557135,1708926932.9347866,53191943.592736565
2023-04-03,0.0233274560562204,1690581480.3307242,63096059.01543505
2023-04-04,0.0231395247259126,1678352500.779518,80013014.24161652
2023-04-05,0.0241278636019435,1748136582.4654183,77776591.40696473
2023-04-06,0.0243707854239251,1769849542.8555176,68244195.46929088
2023-04-07,0.0245801412468738,1781191090.000393,99421499.70309256
2023-04-08,0.0241725221186858,1752296964.78022,65556073.41796098
2023-04-09,0.0240126062274911,1742253323.4937518,56135821.733434685
2023-04-10,0.0243569196669875,1766986793.5249026,52549366.987627886
2023-04-11,0.024969435630199,1811007550.5505984,57720110.84547506
2023-04-12,0.0249113918040853,1805901688.3345933,64932051.14795454
2023-04-13,0.0244766081670382,1775625119.2114315,66312214.39711646
2023-04-14,0.0253532172404954,1838969299.767194,59791668.92296604
2023-04-15,0.025857245189486,1874464482.472802,82463533.13251428
2023-04-16,0.0257309278433825,1869283587.5997071,54671680.62014967
2023-04-17,0.0261927578617782,1898140059.6930728,70873901.87054244
2023-04-18,0.0254795327965943,1846475547.6587837,66962760.22165881
2023-04-19,0.0264475622122986,1918325661.2616148,74405523.09249692
2023-04-20,0.0238722821621269,1731935612.9943695,101845942.32863957
2023-04-21,0.0231448628615432,1677214086.806805,73662928.43462846
2023-04-22,0.0221624590024354,1606925966.4273906,69327532.5191491
2023-04-23,0.0227208750446227,1646909265.3725924,45464151.26694806
2023-04-24,0.0221513995972536,1603542002.7273417,49049764.79823416
2023-04-25,0.0221063319071556,1604410397.3959894,47769664.0532488
2023-04-26,0.0227194554598835,1647579921.3891108,60780784.83112739
2023-04-27,0.0220107067469508,1595780410.7817547,80912552.32571024
2023-04-28,0.0225751664509517,1636643983.4793935,64201681.250427686
2023-04-29,0.022437409445582,1627079080.9037354,43953621.36267562
2023-04-30,0.0226697319663208,1643095603.05674,37179223.99858671
2023-05-01,0.0223197169651914,1618806214.7890725,41321687.643388286
2023-05-02,0.0215226167503548,1559789255.8967118,48894243.20633756
2023-05-03,0.0211807176794436,1535478377.430492,83497306.35613737
2023-05-04,0.0209351372898522,1517173227.147123,112838935.48019156
2023-05-05,0.0207854493748165,1506761184.95462,45281589.761375464
2023-05-06,0.0211859793339976,1536119056.49955,46123801.06562576
2023-05-07,0.0203367643059569,1474211723.3851593,46886363.53451051
2023-05-08,0.0202811140736698,1468881384.8767278,35126932.25798226
2023-05-09,0.0193595361739849,1406918246.7542045,73557446.81870006
2023-05-10,0.019387130331021,1408846974.3479948,48411961.53851202
2023-05-11,0.0196557981578842,1428333015.2449677,60929092.057744786
2023-05-12,0.0190310612563495,1383866658.494604,49646879.77651701
2023-05-13,0.0192164155746933,1397763430.3168433,43413574.70115245
2023-05-14,0.0191664036524559,1397921168.2172902,30571146.666679826
2023-05-15,0.0192075870119402,1396984146.8847616,29969149.761669677
2023-05-16,0.0194992348789703,1416501513.2769814,34764781.90647659
2023-05-17,0.019477284765136,1417285750.8418474,34117489.8594736
2023-05-18,0.0199616682313309,1452278325.028284,38368496.975954026
2023-05-19,0.0195231302988804,1421366069.690677,36336138.75115764
2023-05-20,0.0195789042900002,1424289573.7084558,34733938.1996604
2023-05-21,0.0194145260309503,1411601837.2356148,26774900.864414
2023-05-22,0.0190009047335632,1382237742.5175588,28917802.087580025
2023-05-23,0.0193338899317739,1407488014.9467945,37208246.34086611
2023-05-24,0.0194084291388445,1411306570.6823993,33630019.70203181
2023-05-25,0.019486844094957,1418497342.936382,42062647.02813107
2023-05-26,0.0192845040963988,1402223286.5650911,37498508.77294375
2023-05-27,0.0192790977411575,1401640956.840584,36857601.67801614
2023-05-28,0.0201358809783513,1463847550.7883198,43244396.170364186
2023-05-29,0.0204616148271189,1488162408.7870207,54335908.93616168
2023-05-30,0.0204818721041196,1489209227.4462917,45498859.68351689
2023-05-31,0.0209088374946318,1521765125.6442337,45072125.209665954
2023-06-01,0.0203623859547041,1480465656.7283564,42816048.229314
2023-06-02,0.0197602368279766,1436204929.0909815,44258784.83524468
2023-06-03,0.0197906531186804,1440023507.4164774,46018391.67045587
2023-06-04,0.0199765182759294,1452499237.3342223,40763905.48026826
2023-06-05,0.0197930237642067,1438516388.0999432,35967133.13474122
2023-06-06,0.0186035607239829,1352532412.4953003,64996870.79616751
2023-06-07,0.0189073639312481,1373926180.8086092,52026539.30451724
2023-06-08,0.017767456683064,1291948151.526777,53207731.93455066
2023-06-09,0.0178282051070229,1296265670.8665264,40829642.486013286
2023-06-10,0.0170601350473928,1241178610.8309207,62593031.30199523
2023-06-11,0.015613239644859,1136424987.9196513,115377974.67672256
2023-06-12,0.0158013599376862,1148274439.6396358,38104171.87015054
2023-06-13,0.0159227817671141,1156999944.2626476,37860248.36266039
2023-06-14,0.0160275888767874,1164634007.050069,43282598.7549789
2023-06-15,0.0154054886009406,1120895532.192673,36702817.38170029
2023-06-16,0.0149841864389713,1089979843.0369587,52374522.10503225
2023-06-17,0.0147202905227769,1070334154.2589267,75868917.7731316
2023-06-18,0.0150144230777396,1092195465.1878903,41421693.25610604
2023-06-19,0.0148429289832083,1080749262.8907468,32524713.228365783
2023-06-20,0.0151449675363602,1101022785.7109466,31946970.290101256
2023-06-21,0.0155766438684009,1131321940.522185,32958934.43561356
2023-06-22,0.016440869627779,1195328825.6742342,40116973.13931481
2023-06-23,0.016937842892094,1234614704.496133,60008441.34378906
2023-06-24,0.0186936843723105,1360947126.377417,167390282.95335576
2023-06-25,0.0181286134688534,1318745179.834101,49167371.89920752
2023-06-26,0.0184419338940515,1340989126.8992443,43318347.42685708
2023-06-27,0.0183098904145624,1327946558.3378632,58331177.58933102
2023-06-28,0.0189369651587024,1376719400.4902084,41777298.36195054
2023-06-29,0.0180094637704931,1310572223.6318302,71584349.21319559
2023-06-30,0.0188840154656981,1373251124.3876495,62145908.02520087
2023-07-01,0.0196745153681526,1429426728.134616,68771667.78605714
2023-07-02,0.0205206762476378,1495755928.1909204,65413206.99283159
2023-07-03,0.0204080779767023,1483299635.4726894,47493193.15397142
2023-07-04,0.0204194845036924,1485715701.524305,37835671.89044701
2023-07-05,0.0199162912174693,1449884858.5541613,43021222.87804632
2023-07-06,0.0192028457441804,1399354971.003441,47008938.28588028
2023-07-07,0.0184236304829467,1342263806.4983437,46344649.16626453
2023-07-08,0.0186355560477005,1353505733.16669,39855160.27740002
2023-07-09,0.0188093113473267,1366501576.158487,31881540.30966745
2023-07-10,0.0185551054156334,1348932739.8210263,30203696.242895253
2023-07-11,0.0186076269444284,1350814153.4321787,41197582.74579056
2023-07-12,0.0187879670933772,1366978071.838165,30967800.23099535
2023-07-13,0.0189974736854372,1382082601.0515778,36095146.889754355
2023-07-14,0.0202127196058601,1467235982.8676634,77452109.57088786
2023-07-15,0.0194663766485239,1414880913.5761964,63405109.335716225
2023-07-16,0.0196380641896173,1428223537.8630078,36566886.16676405
2023-07-17,0.0194049297938601,1408092822.787486,39221823.96700157
2023-07-18,0.0194343905396091,1411443516.9949472,40314583.779634774
2023-07-19,0.0190623444059229,1385378184.06161,36429419.76257252
2023-07-20,0.0191092568130358,1388197297.3833387,40237051.98987802
2023-07-21,0.0190856780193674,1387631460.9298036,38168730.527448
2023-07-22,0.0192885451217636,1403793117.4165025,31361318.759260464
2023-07-23,0.0191747382558186,1394380494.449819,40786083.40441965
2023-07-24,0.0196142634938698,1426860730.655717,34673130.69491937
2023-07-25,0.0186910171013082,1358625702.281932,43810152.10595303
2023-07-26,0.0185443894665363,1350152633.2531722,30530783.983897258
2023-07-27,0.0186363598355276,1354801982.2497172,31901728.832334
2023-07-28,0.0185230231724179,1347263086.4143708,29022337.784697652
2023-07-29,0.0186612140405311,1356254169.6782205,31592108.000032835
2023-07-30,0.0188802248964665,1373512245.942799,26934285.36923685
2023-07-31,0.0187143669627026,1360797598.827368,32218415.49740429
2023-08-01,0.018633329473212,1354595908.258492,31002579.295901258
2023-08-02,0.0188642755955697,1369236791.827625,39573095.5396184
2023-08-03,0.0182309640467623,1327669462.019345,30732998.7472198
2023-08-04,0.0179217411737844,1303926176.5159023,35537845.900660284
2023-08-05,0.0178719724035639,1299219387.3976245,28665518.232732423
2023-08-06,0.0178474430082133,1297507886.5433717,23385421.082460575
2023-08-07,0.0176669465386173,1283626559.4776154,26408508.809680294
2023-08-08,0.0176636711298509,1284041443.290866,29503937.60193522
2023-08-09,0.017937127055427,1304156319.5005453,34020145.23328305
2023-08-10,0.0177909994706243,1293787094.074959,27852561.12814328
2023-08-11,0.0180775167713074,1312627495.2819312,29409074.88703513
2023-08-12,0.0180897686911233,1314978785.316677,26165541.396874275
2023-08-13,0.0178921209168373,1301203366.2057996,21752504.39085946
2023-08-14,0.0180796970095586,1315630556.283654,30077810.09363477
2023-08-15,0.0185696865959629,1350964015.590942,35546937.190207735
2023-08-16,0.0176159987878945,1280794511.7220876,35193551.75313469
2023-08-17,0.0168796378067939,1227669294.7458105,46774648.224497594
2023-08-18,0.0156872041900559,1144191894.362008,58570123.67088461
2023-08-19,0.0160056472515083,1163483045.8195984,39357227.25735639
2023-08-20,0.016031926727959,1166770852.4280086,25182730.992801867
2023-08-21,0.0163853552672725,1192097620.2572503,27705979.898621663
2023-08-22,0.0161278132996746,1172966714.456674,34266037.05757588
2023-08-23,0.015963420188682,1160314510.024921,27438964.582682308
2023-08-24,0.0163237770668992,1186323701.1296031,26340175.812328167
2023-08-25,0.0158667402440259,1154253100.1625245,26428893.752871357
2023-08-26,0.0160269141026913,1164583176.6140926,25672925.563910376
2023-08-27,0.0158483529939405,1152094210.5219772,19853082.96642728
2023-08-28,0.0159512091984401,1159205209.2203074,20071818.99335224
2023-08-29,0.0159531421863899,1160198002.4754374,31530991.7032727
2023-08-30,0.0166166145939126,1206762438.8930492,35320126.03226254
2023-08-31,0.0162517289231487,1182286683.0988126,25102191.47516546
2023-09-01,0.0157329866367206,1145440993.6281962,31837669.038955793
2023-09-02,0.0155236902116833,1128633309.442182,26014919.63380489
2023-09-03,0.0154799150113016,1125849434.0279212,20383554.193145137
2023-09-04,0.0155295455980289,1130653606.0898566,30109814.240052108
2023-09-05,0.0154765047499222,1124928924.0095787,21856974.432436395
2023-09-06,0.015641387866498,1137788123.7288346,21640715.76769196
2023-09-07,0.0156270996524652,1135739155.4105942,39386199.24483224
2023-09-08,0.0157499751790678,1144508492.4978583,23920700.433187462
2023-09-09,0.0156759192434264,1139436509.501937,23741219.18630727
2023-09-10,0.0155614294518073,1131452232.8780875,18361001.41102304
2023-09-11,0.0152306291949581,1107471989.7642612,26467593.73500408
2023-09-12,0.0147366985372496,1070746547.3143772,32522049.33604969
2023-09-13,0.0164554028898518,1197034527.049355,124151549.48547144
2023-09-14,0.0165925379729068,1209281325.4219303,91599012.55935054
2023-09-15,0.016987457156523,1236213557.9000878,41075446.74539114
2023-09-16,0.0178433958199686,1292219973.5214293,48837305.11060612
2023-09-17,0.0176985819818428,1285896606.81842,51577340.008919075
2023-09-18,0.0170955167036073,1241692945.3026743,34971302.67494796
2023-09-19,0.0173461194717342,1261282816.163422,41961633.56594658
2023-09-20,0.0177020700387356,1287299164.98497,33724633.08692244
2023-09-21,0.0177092745945295,1289368035.6070838,29721322.21006967
2023-09-22,0.0171280398617318,1245933098.2733328,30239161.6785085
2023-09-23,0.0170449342552899,1239422620.623979,25236948.452636305
2023-09-24,0.0169750748942028,1233723314.1342037,22723035.56177265
2023-09-25,0.0165068159310766,1199726913.8724782,23016094.68511023
2023-09-26,0.0167491964697328,1217423886.321685,30682317.80228948
2023-09-27,0.0165247806623589,1202337336.9599106,26365248.334993325
2023-09-28,0.0163706428416927,1190255106.901283,29808736.364830617
2023-09-29,0.0169113148713319,1230448473.659021,25249329.83255751
2023-09-30,0.0170488822288198,1239957994.6080172,28845718.18623358
2023-10-01,0.0174023671728509,1266026663.5403492,36421137.73083981
2023-10-02,0.0174781640390747,1270324492.0622392,33234142.09573509
2023-10-03,0.0169452411432058,1232611723.7693665,42978215.67805732
2023-10-04,0.0168637679910454,1226936908.441017,29302648.109020963
2023-10-05,0.0167688315123871,1219369725.4223063,32925188.95108482
2023-10-06,0.0166484152435143,1210116906.9363444,22957602.23145045
2023-10-07,0.0168616367980685,1225726182.582647,22366706.787769508
2023-10-08,0.0170207820019739,1237038443.5464892,22287823.00566814
2023-10-09,0.0171510050056798,1247044809.8643377,23441377.49002215
2023-10-10,0.0165245892384679,1201004023.5545535,33063982.749732863
2023-10-11,0.0166138381565942,1209217024.25151,29442679.28280812
2023-10-12,0.0162025171636286,1178249298.990123,28037141.182496697
2023-10-13,0.0163545029809208,1190279454.151822,31241402.644491147
2023-10-14,0.0163739537584459,1189580512.1810343,25216681.025134563
2023-10-15,0.0163845564640886,1192043196.1685414,24413419.50897871
2023-10-16,0.0164672159297722,1197612173.123567,28214924.23486429
2023-10-17,0.0167221211710728,1217160485.280692,36548750.99643808
2023-10-18,0.016566782095135,1203104632.4604745,26272932.16566309
2023-10-19,0.0161975483607077,1177662005.924224,34237665.68535562
2023-10-20,0.0162937540788251,1184078662.7353468,36405117.43919179
2023-10-21,0.0165410619744503,1203120071.8097596,37454565.58032549
2023-10-22,0.0170544432534976,1240240666.1887412,35662088.95545145
2023-10-23,0.017557512193904,1261307051.651996,75918691.55310252
2023-10-24,0.0185859156693333,1351407883.9602234,100808334.90696676
2023-10-25,0.0184519585591882,1342439513.7588196,133745571.507556
2023-10-26,0.019076093884369,1385957124.829826,95848400.3051049
2023-10-27,0.0187744452208254,1365182333.5945191,85746859.65379894
2023-10-28,0.0185685454269098,1351379538.1641357,50039598.625267014
2023-10-29,0.0189441108144462,1377968574.6946678,32316112.893510364
2023-10-30,0.0190585226012258,1385875042.2773526,34642139.39557051
2023-10-31,0.0190340985004196,1383346067.949535,37776292.13663133
2023-11-01,0.0188641574431706,1371389652.938092,62579752.01432452
2023-11-02,0.0194439193628098,1414142749.206148,67227836.9344191
2023-11-03,0.0192009410027644,1397435449.0262983,42142710.35903544
2023-11-04,0.019284119732098,1402514548.8153062,33636754.76558546
2023-11-05,0.0202078782165077,1474702707.4551897,40355299.99165038
2023-11-06,0.0205401344168713,1494083900.0486982,49316366.81595601
2023-11-07,0.0217610663360758,1582074734.5020978,62186091.176680885
2023-11-08,0.0216252065817576,1567955120.950037,48506097.0138254
2023-11-09,0.0226757712346987,1649926415.9244635,61336686.07315536
2023-11-10,0.0219045816502426,1590240685.468359,95078755.62240966
2023-11-11,0.0228000957763619,1659218398.664104,63982892.81634447
2023-11-12,0.0222656755122994,1617545216.866402,54539502.46344888
2023-11-13,0.0222719893361201,1619285936.1420877,48111381.094521515
2023-11-14,0.0213542728463401,1555380182.5693648,61098546.85503138
2023-11-15,0.0207635410814677,1511259702.6670403,50941603.67371676
2023-11-16,0.0219281670231846,1591784391.3355355,47578975.050229944
2023-11-17,0.0209631454131392,1524212019.2149422,60651879.22578829
2023-11-18,0.0209915499325296,1528276884.4434717,46778515.33695117
2023-11-19,0.0210018500483845,1527137592.2341578,33593233.476082265
2023-11-20,0.0214615359293916,1561802106.785233,32589507.71536184
2023-11-21,0.0213340940215394,1551359382.294931,51978484.375235945
2023-11-22,0.0194112804246996,1411691194.513698,65472457.15342603
2023-11-23,0.0210261814778938,1528968634.2961287,45140646.95226543
2023-11-24,0.0212529237710535,1544560327.7114954,34797449.355020605
2023-11-25,0.0213226384242943,1550425382.5362525,37078351.14625686
2023-11-26,0.0220033778246119,1596147796.196883,33377450.596495315
2023-11-27,0.0224097935338543,1628072058.462818,106667276.75098318
2023-11-28,0.0215103560465731,1562306944.937107,51782286.444603406
2023-11-29,0.0216137188131037,1571601173.1850977,50283190.28541925
2023-11-30,0.0217208785508687,1580513792.8563104,44008829.02131285
2023-12-01,0.0213481318887385,1553377113.9105434,32055393.70763618
2023-12-02,0.0225378145486793,1638745970.0858085,39611667.54495399
2023-12-03,0.0229132040391991,1665570222.3589268,39063051.73052035
2023-12-04,0.0226384084324661,1648313949.035403,44463045.70535393
2023-12-05,0.0240236832827744,1744719256.4228835,73949844.72477467
2023-12-06,0.0248012321790014,1804589479.5010636,72584319.27640188
2023-12-07,0.0253191492803766,1842098005.427821,74472469.46628354
2023-12-08,0.025222395717337,1835280839.6747508,55547609.6302966
2023-12-09,0.026890770256016,1955168706.4285548,73815612.4003615
2023-12-10,0.0271561073120812,1973602381.0521915,68708872.86132737
2023-12-11,0.0276582330120128,2010662024.1606357,51152799.53912308
2023-12-12,0.0271249251348083,1973652552.7416267,129736252.66956817
2023-12-13,0.0291976218838588,2125164386.8088472,140802558.06590238
2023-12-14,0.0311177180774062,2263795384.3067107,125428492.39327738
2023-12-15,0.0308740084497254,2245258371.0257936,77605648.10315628
2023-12-16,0.0289023647103209,2104208079.3638935,52725560.8652812
2023-12-17,0.0298089991317007,2164987125.309622,67289750.1875988
2023-12-18,0.0291898149090813,2121633740.0512736,45964836.99767758
2023-12-19,0.0319109575450509,2320130675.7790933,114964804.69221368
2023-12-20,0.0328934403353264,2390201026.832433,141102578.6550478
2023-12-21,0.0347351915499875,2525400078.876859,171475265.44016793
2023-12-22,0.0348422877335642,2533401358.490585,79684710.00449681
2023-12-23,0.0360543659368511,2623115626.107236,98681507.95694946
2023-12-24,0.0355371224429174,2586573582.3616505,52307177.58154401
2023-12-25,0.0345818359153901,2515975984.8829236,76635290.28423503
2023-12-26,0.0381604811333965,2775444775.809076,112560414.10710137
2023-12-27,0.0372885996230131,2710916404.598107,99159048.25695132
2023-12-28,0.0369896167125844,2690893664.947074,63865405.441014834
2023-12-29,0.0355693159111995,2590311675.187632,66724958.52502656
2023-12-30,0.0350577070061157,2549642334.7574077,61637490.03845817
2023-12-31,0.0357666421278245,2602848574.6237154,77541561.25210977
2024-01-01,0.0341936911726311,2486879078.7198257,53669663.768592395
2024-01-02,0.0365771441024417,2657179105.7497864,60609810.4381796
2024-01-03,0.0349989217478914,2539071960.351689,61763246.33669006
2024-01-04,0.0321277833074105,2335992532.200172,106395681.79053898
2024-01-05,0.0327932215631701,2385524712.6469307,59454597.152615584
2024-01-06,0.0310030212936754,2251925073.543996,58462857.94109091
2024-01-07,0.0296496061769309,2155855118.35772,50363821.716273785
2024-01-08,0.0285386981696042,2071880983.2172463,53246798.739538334
2024-01-09,0.0310672605188579,2263135516.9783025,117988766.82030717
2024-01-10,0.0300032797934483,2177769739.6630917,64409912.01306735
2024-01-11,0.0327167988460039,2381464196.996765,76211795.58010998
2024-01-12,0.0330954935036884,2408218598.0876756,80538865.69595058
2024-01-13,0.030847315318918,2242115618.229208,67052421.57920069
2024-01-14,0.0309978094907715,2255095000.9639635,40241545.718206584
2024-01-15,0.0293772763172047,2146585516.0745745,41298060.81750217
2024-01-16,0.0302634206458445,2200792404.405795,41170133.10186335
2024-01-17,0.0304897479048096,2218076087.0346956,43902040.38168301
2024-01-18,0.0300192266292169,2183122317.3159513,40380494.27273843
2024-01-19,0.0284701955644058,2070765423.764277,45970208.00522989
2024-01-20,0.0284435000380176,2067767992.9135275,45158615.71713831
2024-01-21,0.0284192080694434,2070052276.2883484,30387371.331984233
2024-01-22,0.0279692272753273,2037942543.8713875,28430540.487417907
2024-01-23,0.0260712050015291,1896069154.753165,42636353.66427059
2024-01-24,0.0265510903886796,1929382619.9757867,57408775.901680455
2024-01-25,0.0272503462022867,1982061136.6593845,40918142.63921545
2024-01-26,0.0270802311024437,1970379717.0877843,34717407.98228103
2024-01-27,0.0280084686432741,2035622615.49126,45833724.43575227
2024-01-28,0.0282866189243096,2057475108.582008,31934931.487755053
2024-01-29,0.0280097924321982,2037732128.842981,40050689.56016825
2024-01-30,0.0290444477826733,2112280622.97224,39513608.914203696
2024-01-31,0.0285713516411171,2075817023.6374,41615363.42397189
2024-02-01,0.0282008631943865,2050805643.0688848,37523944.50109087
2024-02-02,0.0284458720989114,2068349438.340419,32361208.11299586
2024-02-03,0.029305229921444,2131145661.2184005,33964337.903886415
2024-02-04,0.0285350335678629,2074230118.4394848,30614608.337768458
2024-02-05,0.0276686766720475,2011250970.0358143,30178528.355753284
2024-02-06,0.0277697971306195,2018687020.191219,32567422.85504533
2024-02-07,0.0279866313708717,2034750080.702082,30065804.821865387
2024-02-08,0.0287102711143822,2087137484.8285437,33649571.72715667
2024-02-09,0.0288678492964516,2101279934.9911764,36520696.34380216
2024-02-10,0.029757644348431,2164750419.0384755,40989998.45365849
2024-02-11,0.0296902418002728,2158518159.540198,36963936.490998186
2024-02-12,0.0301762970892867,2193023359.0654507,45583853.86612961
2024-02-13,0.0315333489097897,2291836225.992642,53412125.684662126
2024-02-14,0.032588859680657,2368508647.786457,63230535.56297107
2024-02-15,0.0359770897883926,2618871209.861933,133133418.70465732
2024-02-16,0.0454351913072964,3300111285.740723,511895361.21850055
2024-02-17,0.0463895344082579,3374759242.606127,351285343.3278637
2024-02-18,0.0455049687097947,3310597609.692294,151081322.8096138
2024-02-19,0.0455245454305489,3306254158.0921974,121278833.37296496
2024-02-20,0.0447873006918641,3258238801.1906185,94110440.33196823
2024-02-21,0.0444450369596684,3234433898.3050046,110729110.37384582
2024-02-22,0.0433602047595047,3151713008.8869896,91273406.13363367
2024-02-23,0.0451740660707353,3282243410.9198995,145436408.89170617
2024-02-24,0.0436205598536184,3174940006.0425053,99639298.37470126
2024-02-25,0.0444310483306919,3230861951.2129693,68519881.9246327
2024-02-26,0.0449884004333106,3269555021.251807,75169456.57011294
2024-02-27,0.0505833944634546,3679964391.530104,231054153.302224
2024-02-28,0.0489825892030486,3561110776.347087,163787159.35209167
2024-02-29,0.048881153074642,3556670815.8632007,290273237.12414664
2024-03-01,0.0477055389338908,3477636024.162729,154776929.4333951
2024-03-02,0.0488631182769042,3551857337.126036,91048152.70474967
2024-03-03,0.0512915971981663,3727664804.004039,125865949.51041771
2024-03-04,0.0489373236015726,3550973281.2917237,119169267.4451511
2024-03-05,0.0495091866379036,3597318815.8559113,180896648.69171545
2024-03-06,0.0445063226467979,3230660052.9788337,240077294.61523715
2024-03-07,0.0469431985872108,3409939926.7502775,156550462.74025995
2024-03-08,0.0483397026662101,3514498137.294971,120320212.2274124
2024-03-09,0.047420725677682,3447597936.369431,99991279.02681236
2024-03-10,0.0493695739329059,3589382600.7307606,131362547.08444214
2024-03-11,0.0479518082329793,3486524447.967287,98765028.9638617
2024-03-12,0.0503612385505237,3665521017.53903,134615969.46699947
2024-03-13,0.0486836483267674,3539611734.9659123,152370768.66965708
2024-03-14,0.0492096519412847,3580331731.2078166,130821740.85245536
2024-03-15,0.0471987142459392,3432056484.5890512,146753744.06036875
2024-03-16,0.0445690875469778,3245900981.6845083,154106991.82855445
2024-03-17,0.0403257905754128,2935693524.099866,98598592.16028354
2024-03-18,0.0419387498540185,3051610597.501881,113124331.51864642
2024-03-19,0.0408932521074961,2973733407.7194324,105373095.1202917
2024-03-20,0.0379591763003828,2761953823.719092,154549268.22459173
2024-03-21,0.0423810787231508,3082052115.487199,120323816.77372316
2024-03-22,0.0414904339440364,3019538134.7458267,85463635.63536063
2024-03-23,0.0402275243589898,2918862132.505618,79410428.63389389
2024-03-24,0.0411437630160137,2994950844.122354,55058738.822820574
2024-03-25,0.0425164493704005,3092507992.3538575,63983879.09683226
2024-03-26,0.0442837262039236,3203739835.0600734,90469061.33197704
2024-03-27,0.0450012920690018,3269320363.5675817,103335485.65952352
2024-03-28,0.0443507906826607,3222846001.7386913,116174224.10823178
2024-03-29,0.0468218721019823,3411000399.9722667,122093068.58973756
2024-03-30,0.0470727094299582,3422415942.043318,104030653.43792371
2024-03-31,0.0448180546987451,3259497311.5737805,73186245.65538341
2024-04-01,0.0460244557245724,3344363558.6139054,71912398.9095943
2024-04-02,0.0444773550591114,3237062570.2387295,95652736.63128702
2024-04-03,0.0410505121363069,2991024477.1017447,94043847.01141532
2024-04-04,0.0409838656639697,2983845465.445224,77084678.46091989
2024-04-05,0.041756885251356,3029797742.3311543,72659090.7200927
2024-04-06,0.0404512605204842,2943577881.4991565,78824014.42954078
2024-04-07,0.0416031174918583,3027363112.758023,51887408.03404713
2024-04-08,0.0424866752916233,3092437232.555406,55859165.9888031
2024-04-09,0.0467077409039812,3382691513.5505157,141167024.0301533
2024-04-10,0.0435857055247943,3173952171.821325,87290721.4683455
2024-04-11,0.0463583991443006,3370807630.6402264,104863017.83462532
2024-04-12,0.0481133007333603,3495807006.300851,146245479.39476877
2024-04-13,0.0427920211364666,3112979296.9031153,253612726.070656
2024-04-14,0.0404314444119974,2940878187.9464827,218882820.350208
2024-04-15,0.0429640864917581,3124549418.56735,145094084.5063103
2024-04-16,0.0414195929434075,3010487053.8422437,179866663.74075872
2024-04-17,0.0399839758495617,2907110997.0321474,131292670.18181404
2024-04-18,0.0379944022167583,2766084020.739663,85952185.43647854
2024-04-19,0.0395978906857667,2879719362.1356635,80059000.32901122
2024-04-20,0.0406335996989185,2953778871.667162,110286039.79035844
2024-04-21,0.0423188853707814,3076947296.402632,72259336.92392299
2024-04-22,0.0412160685196665,2997320752.9206886,61333858.905960485
2024-04-23,0.0427123556159287,3107759857.816599,68062778.56984748
2024-04-24,0.0416436571949966,3029559966.269218,65436187.268046975
2024-04-25,0.0397630506582951,2892014746.4647236,88877087.14354777
2024-04-26,0.0398036925068962,2895051393.872811,73386703.95116737
2024-04-27,0.0392835693376745,2854054329.1876426,57903651.044298455
2024-04-28,0.0394093577803494,2864253862.5029893,53909093.00312629
2024-04-29,0.0393430830701831,2860523643.8825164,51462652.96802775
2024-04-30,0.0395093149741444,2874260834.541568,70417858.24020949
2024-05-01,0.0360610521952515,2626890260.6012335,65824700.64983771
2024-05-02,0.0352251139231249,2567998802.1322627,86003370.6371457
2024-05-03,0.0351869808622523,2559961525.618423,51153600.276868254
2024-05-04,0.0372080334424538,2710920449.726994,60534004.42935438
2024-05-05,0.0370914514835606,2696094882.1922526,48298218.980654635
2024-05-06,0.0373155868044427,2709232329.5787134,47899712.65587071
2024-05-07,0.0359284113115446,2612147767.069446,67657173.83218291
2024-05-08,0.0355996910392716,2593561859.772451,54486478.91162242
2024-05-09,0.0351558092720219,2553124404.0527287,58450244.835961774
2024-05-10,0.0356999233498193,2596693385.6234565,51067564.15670244
2024-05-11,0.0346591633867839,2520459053.340476,54859802.2099009
2024-05-12,0.0343129423150293,2496259772.866185,42552925.30722875
2024-05-13,0.0343350872440283,2495398783.4911203,41554198.05536868
2024-05-14,0.0336266723416469,2448498230.3190336,55064017.70141764
2024-05-15,0.03330781164882,2421940386.5161586,46049581.11681427
2024-05-16,0.0354191585496808,2583188012.982016,55476911.222220875
2024-05-17,0.0352412932827937,2565212007.322756,48484632.757981904
2024-05-18,0.0360000824004711,2613153606.3226476,46662053.576247774
2024-05-19,0.0352254877764566,2562965941.8775187,41032241.54431914
2024-05-20,0.0342747616509749,2490293508.506756,42983722.109111786
2024-05-21,0.0367206117107463,2668951464.8142776,60479098.7913491
2024-05-22,0.0365425263333711,2656744192.106615,71729852.4536918
2024-05-23,0.035849817257014,2605276086.6032977,60214332.55331101
2024-05-24,0.0351289500919899,2554424910.827719,73313349.47297297
2024-05-25,0.0352975349660523,2566528327.609609,46838692.46000065
2024-05-26,0.0355477033592884,2580766507.1283584,35785305.0529828
2024-05-27,0.0356064710113474,2584918085.1062684,50385704.86279302
2024-05-28,0.0366125732888996,2657096565.739939,60281196.7514341
2024-05-29,0.0357485341830793,2603917793.594621,57606194.567633405
2024-05-30,0.0351799910461829,2560904454.5072284,48098281.709368
2024-05-31,0.0342939138832353,2494317533.6967163,43100760.38961243
2024-06-01,0.0339676388880888,2476426238.309006,46887573.32215915
2024-06-02,0.0336427188957899,2444388370.5822515,34056027.661228485
2024-06-03,0.0332825373632686,2420392905.6992545,36181041.38421851
2024-06-04,0.0336451625201833,2443096217.8281093,52685225.37714833
2024-06-05,0.0343051585208394,2493660740.591784,45556433.1796921
2024-06-06,0.0355866996908709,2582570348.632182,62501709.27422488
2024-06-07,0.0357883537509224,2602780105.8991003,58154802.21025446
2024-06-08,0.0328895699304789,2392176094.533158,76065542.14822918
2024-06-09,0.0316399335748939,2298979831.4581943,54522708.15972154
2024-06-10,0.0319197223599986,2321275595.145399,37919078.3917325
2024-06-11,0.0310857630272579,2260148194.354553,39423900.85671244
2024-06-12,0.0298287748726455,2167173991.3512874,57337076.706612855
2024-06-13,0.0312593949734213,2273515213.3959627,53197998.08486481
2024-06-14,0.0295184111029584,2149361851.0712647,45334398.9902512
2024-06-15,0.0284884745263198,2070493464.8218925,42875048.698517315
2024-06-16,0.0285618015106356,2074879038.1434453,36456519.93878948
2024-06-17,0.0294741535585103,2143520195.5046504,34450476.93585517
2024-06-18,0.0273351378177258,1986845192.0941596,46649213.99385756
2024-06-19,0.0255980543090962,1859565844.284586,81617061.75429846
2024-06-20,0.0259278116547683,2098020171.7466471,44976939.3485801
2024-06-21,0.0266991010278432,2163789496.2644305,40634590.60885745
2024-06-22,0.0261346247536173,2117297629.7174385,42776663.919319876
2024-06-23,0.0257005628301658,2078783315.5101967,28531703.701825608
2024-06-24,0.0249713353856842,2022007794.6592329,31462870.062139016
2024-06-25,0.0253168212412752,2047873351.9339232,50900434.6752294
2024-06-26,0.0263997922094558,2138418116.4953296,38487767.68685206
2024-06-27,0.0259019540786607,2098849840.1418073,35095048.24296933
2024-06-28,0.0266378656822928,2156630084.200178,37193975.97963224
2024-06-29,0.0265911923756098,2155324010.891835,51923548.07229902
2024-06-30,0.0258762070168855,2095423046.6911864,31773575.70666971
2024-07-01,0.0267070136712903,2159960155.4277663,34192218.674496345
2024-07-02,0.0267678951506337,2166753973.0879097,38754763.09108085
2024-07-03,0.0264038822108421,2135540533.6280656,33938464.91058565
2024-07-04,0.0248742548713727,2016072299.6643963,41957266.52346072
2024-07-05,0.0226659082813133,1842420997.2752824,64255377.314094506
2024-07-06,0.0234646301103582,1902662803.918076,97405754.97331348
2024-07-07,0.0243628200787885,1968572012.5907495,49084687.28759048
2024-07-08,0.0226194384968123,1824373417.2797184,37520521.07650437
2024-07-09,0.0246459641923899,1991944738.9717803,70853062.48634154
2024-07-10,0.0255868813933964,2076346514.347101,58425203.70691927
2024-07-11,0.0261130998771265,2110479206.970238,38636163.950147465
2024-07-12,0.0265514371671455,2148776720.704858,48340527.239314266
2024-07-13,0.0271584964447622,2189626708.6397095,39287465.20546638
2024-07-14,0.0293534529205279,2376444052.094191,40738754.266188174
2024-07-15,0.0312210693552247,2529025369.9605737,70182353.99012917
2024-07-16,0.0323474256361307,2620409392.8629494,73989289.41583903
2024-07-17,0.0316466451272133,2559958290.9739738,52037828.25494819
2024-07-18,0.0311699229028044,2527707483.1750345,45328092.134774014
2024-07-19,0.0304674552549561,2467408118.3810263,35480254.649538055
2024-07-20,0.0313611772838085,2540463420.6511045,37801458.23020858
2024-07-21,0.0305943106913052,2478168273.54792,27107468.348852247
2024-07-22,0.0307067610474843,2482757050.573837,40555168.2928329
2024-07-23,0.0294450289007816,2384808351.088107,45826329.9138687
2024-07-24,0.0287899651519858,2331258928.0030146,42597183.59789846
2024-07-25,0.0276958040531758,2241621752.7624564,32529884.443080988
2024-07-26,0.027338763809615,2214030912.849949,39255589.13469183
2024-07-27,0.0284685875781908,2305204154.948539,27103272.325090352
2024-07-28,0.0282209897580504,2284522903.6830573,30331212.93467747
2024-07-29,0.0273556751514739,2216084586.539595,21931251.55207916
2024-07-30,0.0271868650446643,2204779217.226194,31121706.288381208
2024-07-31,0.0266107820825512,2158417618.630078,26211464.70292071
2024-08-01,0.0262574170443674,2127844033.8221495,27002508.68369289
2024-08-02,0.0263451332268085,2135133886.6277392,37481779.66517511
2024-08-03,0.0244160545026963,1978892103.0286329,35686684.76980091
2024-08-04,0.0237012909021388,1917519711.806353,30540303.442792993
2024-08-05,0.0223314514260226,1808817853.0252624,36046536.79127902
2024-08-06,0.0215968481531591,1748786287.5748782,87892778.68656926
2024-08-07,0.0226633694275686,1834692193.2760503,28873483.27705528
2024-08-08,0.0219580564347097,1778274104.5318563,25815085.155520823
2024-08-09,0.0240546845708239,1949562897.9305096,25873923.786277097
2024-08-10,0.0235012836300219,1899328183.3485625,19879867.537110414
2024-08-11,0.023743702087417,1923347855.6749856,11944744.015278934
2024-08-12,0.0224649604415924,1819713867.0448377,18648171.062453046
2024-08-13,0.0232436372295137,1882011372.9374027,25066761.08820314
2024-08-14,0.0236242381863555,1913022569.1399224,16782762.031786084
2024-08-15,0.0228409411381576,1850132846.5631392,21669363.79802759
2024-08-16,0.0219194104993951,1775185121.821627,20355032.597155325
2024-08-17,0.0219956056928999,1780644522.0103147,22784540.787964407
2024-08-18,0.0224023467675492,1813699989.457277,11338138.984862927
2024-08-19,0.022225316259813,1801783500.5666971,13280709.976491312
2024-08-20,0.0229075737460379,1855958813.3322432,18332078.63687697
2024-08-21,0.0232704863969194,1885484226.0194364,22817681.390241392
2024-08-22,0.024108174308146,1950649444.7131271,19429409.672470503
2024-08-23,0.0241062740925887,1951855352.3860197,15536489.076411698
2024-08-24,0.0258320254037343,2089402465.701788,32267545.698397227
2024-08-25,0.0260000910676253,2102873390.8201704,22961383.43455406
2024-08-26,0.0250315647823707,2028467629.352582,20901032.31590596
2024-08-27,0.023893341547382,1935864987.865384,29176264.129827283
2024-08-28,0.0229613114393642,1861371282.1753185,29909201.129759755
2024-08-29,0.0227074908630031,1841545494.991689,25048658.403486226
2024-08-30,0.0223104145590753,1806695046.013312,18059644.142682068
2024-08-31,0.0223909649280437,1814127694.876999,20701109.56017205
2024-09-01,0.0218063721856484,1764972152.5878084,12403581.797365524
2024-09-02,0.0209082865611364,1694912042.8466542,23867904.84352465
2024-09-03,0.0217564674319526,1760876555.096528,19284697.938112177
2024-09-04,0.0208498199502003,1696719536.5366008,21173385.837241583
2024-09-05,0.0213982945866413,1730604437.2831352,25656981.80515683
2024-09-06,0.0206072565980063,1668599174.8149178,18847335.233238634
2024-09-07,0.0199525595219022,1615824505.6077204,24775786.59603503
2024-09-08,0.0201287002036282,1630055333.6002114,16580716.790257122
2024-09-09,0.0206621749753389,1673235225.0055182,13407202.245568298
2024-09-10,0.0215844584284014,1748942970.3156688,19622983.02773069
2024-09-11,0.0218976120570878,1773209350.2790935,17887660.763338894
2024-09-12,0.0216779427013937,1756203665.800996,20573160.290287703
2024-09-13,0.0223107436970321,1808332537.3160684,19857076.13331923
2024-09-14,0.0227661327552624,1843409079.6804235,18052035.377195816
2024-09-15,0.0223035071870678,1807551393.5188544,13207551.790302338
2024-09-16,0.0214468521903969,1736426223.9107285,13639776.532601004
2024-09-17,0.0209194709561239,1696833829.954733,21133376.515543353
2024-09-18,0.0211909008730357,1717088571.7359464,19192802.89337996
2024-09-19,0.0218654936063275,1769216715.3709674,21512037.008879732
2024-09-20,0.0226687887075979,1834865567.5572069,32887685.22773103
2024-09-21,0.0238387652735267,1930583387.2854047,46098170.17735147
2024-09-22,0.0242738834766432,1967577130.9661384,24061654.673678897
2024-09-23,0.0237600546582189,1924286338.6012464,21689464.02501424
2024-09-24,0.0239613706553585,1939671498.994084,25172339.811407354
2024-09-25,0.0248056426899057,2008081271.5820189,38491334.34628288
2024-09-26,0.0246030712064149,1990288012.5551596,34401421.06159096
2024-09-27,0.0255009960367838,2065917282.5180745,33559170.50495926
2024-09-28,0.0266618706565603,2159262476.3935637,45037682.39803849
2024-09-29,0.0258797462422281,2097053004.4887588,26012574.77141671
2024-09-30,0.0257597414800589,2086116966.6972997,27340489.961538464
2024-10-01,0.0242841351406208,1966614576.5880277,31123367.781885058
2024-10-02,0.0226958602291796,1839565873.6690712,48800828.73817017
2024-10-03,0.0223583112930485,1807988560.7889,29704358.78909099
2024-10-04,0.0221003029514096,1790212075.9902964,30942950.30008487
2024-10-05,0.0228124630991201,1847369622.736376,23467299.288860004
2024-10-06,0.0226390843834596,1833334348.4136136,14645258.084317164
2024-10-07,0.0232555801270512,1883889947.979892,17623646.400146063
2024-10-08,0.022939659150287,1857914450.5017033,35743901.9597261
2024-10-09,0.0224165962824096,1816239823.7175553,27225818.429779273
2024-10-10,0.021999033347983,1781926257.9515386,22460413.90299873
2024-10-11,0.0219149297128619,1774781485.187189,24228537.074796733
2024-10-12,0.0225854618012099,1829966456.5773363,25280029.25688631
2024-10-13,0.0226809778586612,1836280854.0090945,16876287.90823774
2024-10-14,0.022267884418464,1802303738.5945327,23859921.65150655
2024-10-15,0.023251486627659,1884352252.396354,35155191.94648951
2024-10-16,0.0234380906479516,1898464217.4752529,42440276.400887
2024-10-17,0.0231230604984203,1871462158.55676,34215453.46584654
2024-10-18,0.022486065748292,1820060935.1744473,24857991.754985645
2024-10-19,0.0231493120757211,1874767997.7560456,24030983.7584506
2024-10-20,0.0232431687909062,1882394820.262298,22793836.498331945
2024-10-21,0.0243468482341664,1969582670.933724,30399822.83787472
2024-10-22,0.0234911184656699,1902670546.3901896,35732977.98066579
2024-10-23,0.0233399805058387,1890224513.9713347,26958487.87516143
2024-10-24,0.0224931574864665,1820121560.1634464,28071860.915408105
2024-10-25,0.023175811178108,1876268625.13145,28153734.60428109
2024-10-26,0.0214610649687618,1731707365.6774335,30134557.969309624
2024-10-27,0.0218266839371296,1766811788.1267688,26087474.366816007
2024-10-28,0.0220238337246501,1782445374.308291,22891996.60206989
2024-10-29,0.0219066565297235,1774885102.276651,29975413.873652447
2024-10-30,0.0226619474303008,1833840797.2236965,31070770.58279083
2024-10-31,0.0222435416435735,1802042126.456307,25464765.46328107
2024-11-01,0.0211332653338464,1712437197.5995734,26163175.713411544
2024-11-02,0.0206576800789206,1671541159.3353329,26175781.819110498
2024-11-03,0.0203369091458678,1646472569.8489077,16714474.355296
2024-11-04,0.0197851035770524,1603230279.689646,26514631.909606036
2024-11-05,0.0193859395549256,1571158870.4141471,23730822.557724707
2024-11-06,0.0201006693309641,1630333932.316931,23734374.931926984
2024-11-07,0.0217598992397833,1762355827.7164009,41194577.39726441
2024-11-08,0.021744916986009,1760679450.8720987,32174170.607855584
2024-11-09,0.0223113339129903,1806370812.032312,37098826.57720173
2024-11-10,0.0230406336487383,1868902997.3408296,36674136.67467584
2024-11-11,0.0252204025349908,2041420699.5735507,147261622.9500668
2024-11-12,0.0281782160836084,2281967353.6427336,125453055.1548965
2024-11-13,0.0272865338722346,2213106219.848889,141110473.80093434
2024-11-14,0.0258197359260395,2093162244.906414,94881008.11900856
2024-11-15,0.0242389043267792,1960553501.0827837,77071894.00313883
2024-11-16,0.0262387810904236,2124604728.0113783,66842274.21024147
2024-11-17,0.0314451514801799,2529757184.8538938,181103453.30170128
2024-11-18,0.0286588979749047,2321361788.3437047,89546276.29238893
2024-11-19,0.0324917284699268,2632553295.710088,161479060.6411611
2024-11-20,0.0337985940454355,2737141072.8533206,153936217.62007147
2024-11-21,0.0316398523307722,2563359664.8768244,98248615.23576848
2024-11-22,0.0322118923189779,2608058982.511355,140067402.26351452
2024-11-23,0.035646157044447,2886306507.5399776,177687518.61752558
2024-11-24,0.0421967567134476,3410920950.322247,756442645.3923371
2024-11-25,0.0447068562131266,3617470819.518909,291873805.28873014
2024-11-26,0.040456491463159,3282812334.1841664,177554549.92404845
2024-11-27,0.0414170067710375,3353379368.303778,179745622.16982767
2024-11-28,0.0430794862259119,3487285609.483195,146614857.33280337
2024-11-29,0.041846663867476,3387253973.294784,105218511.0166732
2024-11-30,0.0453698563266306,3674279802.628742,148435590.3949248
2024-12-01,0.046016828976327,3726884578.593831,195063503.37450573
2024-12-02,0.0461619448700114,3738019570.3898168,159117797.5653105
2024-12-03,0.0566905965702249,4585150195.717706,740118875.6086063
2024-12-04,0.0777633490189097,6301337728.543725,1920233324.930137
2024-12-05,0.0680964462185042,5508698938.436793,700453848.713842
2024-12-06,0.0651597682064676,5273085614.679156,616370809.76589
2024-12-07,0.0673584370889813,5452276526.393469,297238245.08042216
2024-12-08,0.0667286394625654,5401012314.885857,270810718.974638
2024-12-09,0.0682156968621507,5514291184.424685,176001445.44193828
2024-12-10,0.0568877901614383,4602064694.432725,438825244.8988641
2024-12-11,0.055768029734746,4515958117.182108,401784429.9095707
2024-12-12,0.05939647132038,4811193828.775626,303621467.9615462
2024-12-13,0.0598229893875337,4831437662.723963,287084287.43076324
2024-12-14,0.0598534054314036,4841510403.13894,193859354.56515953
2024-12-15,0.0569543432682634,4615535286.101966,128272913.78708152
2024-12-16,0.0586617818571808,4753744195.954921,130834858.61967812
2024-12-17,0.0556048019626823,4514407139.543347,197458813.68261448
2024-12-18,0.0565825140513957,4582176404.514581,214154590.7120448
2024-12-19,0.0504248739896576,4087299484.90077,217563036.6799761
2024-12-20,0.0454849752915982,3686146143.883633,254027117.22822595
2024-12-21,0.0479843401849215,3877627502.758089,326013434.9285769
2024-12-22,0.0450812975919625,3644457432.861608,172300090.15650582
2024-12-23,0.0457937225396501,3709022634.958696,131621770.25172798
2024-12-24,0.0485758706172942,3934321311.538304,106613230.11372828
2024-12-25,0.0528858661029501,4278667351.619895,125280860.90292086
2024-12-26,0.0513505649622803,4156291741.5945992,79884483.49052987
2024-12-27,0.0466600160942042,3781596306.003239,74238981.75209202
2024-12-28,0.0455659017548059,3687128561.475626,77842269.55667335
2024-12-29,0.0474901133457536,3847233623.393806,53317177.24770256
2024-12-30,0.0450722795140988,3650021541.099051,50843951.06291399
2024-12-31,0.0438299566498788,3546650532.5624895,66883114.900815785
2025-01-01,0.0430750210456598,3490158493.640697,60993360.94080049
2025-01-02,0.0465703797797973,3776888341.3967414,69440613.18872654
2025-01-03,0.0482985874180402,3911900574.968552,84646738.27131978
2025-01-04,0.0527406460431385,4273590011.390008,119305722.8577075
2025-01-05,0.0509808182338211,4133443252.886834,76086734.57327197
2025-01-06,0.0510639777692079,4135402890.131411,70357108.14657609
2025-01-07,0.0527240636882128,4267181279.82028,94941665.75771646
2025-01-08,0.0468858855267785,3797174723.290644,97930024.92224509
2025-01-09,0.0450395889581145,3657900765.170405,85602229.60740122
2025-01-10,0.0444316151568055,3600029842.9093266,69070409.71804766
2025-01-11,0.0452746247452508,3670499370.648215,68762803.74757504
2025-01-12,0.0452242085452335,3663215163.811256,46939571.12575917
2025-01-13,0.0446394090013365,3613643145.1159296,42411701.16939668
2025-01-14,0.0432433870515932,3502360877.8872914,85952271.81577377
2025-01-15,0.0451109426354591,3645139086.1306543,59382080.14856521
2025-01-16,0.0490219828215651,3965926142.0777903,105874932.31632608
2025-01-17,0.0510216284338766,4128442537.9621367,152533414.63358203
2025-01-18,0.0562365931562672,4558231571.800934,236443538.6151585
2025-01-19,0.0517645814140722,4192802832.2883906,127735237.17677207
2025-01-20,0.045516917560663,3702684065.136631,181736686.1385181
2025-01-21,0.0459285093356666,3719735109.3497176,165443605.4420924
2025-01-22,0.0493478054017991,3993840989.714507,272671441.6044486
2025-01-23,0.0477449282973388,3866840670.68453,159464538.1368173
2025-01-24,0.0490001328602109,3968322283.213325,119928197.3029111
2025-01-25,0.0476247965416919,3853731756.903608,82371825.60839084
2025-01-26,0.0476743806390089,3867411137.488338,70614759.44922635
2025-01-27,0.0453038188896081,3678452872.520013,72092069.23197131
2025-01-28,0.0446092526776129,3612947527.1552486,107240735.23131464
2025-01-29,0.0424252750656863,3434193159.6834235,67906674.75927956
2025-01-30,0.043328187248948,3510560066.8626184,75383245.38020264
2025-01-31,0.0465044285555358,3766163061.4829288,85927187.83735783
2025-02-01,0.0466259928366181,3772826670.390984,94570396.68481192
2025-02-02,0.0436924643067218,3541082194.433727,87978397.37655261
2025-02-03,0.0377077405727229,3053778999.3437476,137848998.69897056
2025-02-04,0.0389390527396111,3152446650.4247923,274318077.45572346
2025-02-05,0.0360493334910484,2914451559.0697384,108093288.7006224
2025-02-06,0.0345643441667239,2799995291.8087516,64735282.41074791
2025-02-07,0.03248331164454,2625711422.6883955,59155903.949239045
2025-02-08,0.0324652165654366,2625129243.683067,64876339.66413384
2025-02-09,0.0330397056428057,2673537855.3905854,47952052.30285072
2025-02-10,0.0320469394570013,2594800240.5357285,51047230.83166864
2025-02-11,0.0335389805039935,2715630562.3530574,54585181.643563434
2025-02-12,0.0331578670394264,2685995073.197157,55198528.30618722
2025-02-13,0.0354777469153208,2872244650.0804057,66101601.55346751
2025-02-14,0.0344345910032656,2789656968.696208,50557799.47730084
2025-02-15,0.0352598205679294,2854524533.889534,46442032.37477069
2025-02-16,0.0340508901503125,2756402041.5987697,32265318.89027257
2025-02-17,0.0330814861550857,2676948392.6252513,27004380.73855892
2025-02-18,0.0328025626236674,2656821487.435946,45105429.07301562
2025-02-19,0.0315879695401012,2557889355.265702,48395359.633163884
2025-02-20,0.0318192074489779,2577078543.3719807,38001854.628314465
2025-02-21,0.0328039813916081,2656610942.443852,39404849.27053091
2025-02-22,0.031158260426016,2524498309.788728,59519423.02646751
2025-02-23,0.0324189819744007,2628729246.898368,32547048.788881876
2025-02-24,0.0322453459610359,2608945778.552121,33583309.511046514
2025-02-25,0.0280278804285138,2265032641.64099,60949778.15831026
2025-02-26,0.0286776120647638,2324216903.0587816,96829356.55393064
2025-02-27,0.0278863060181923,2259059590.4492216,57002713.77063133
2025-02-28,0.0281959934417966,2283970157.833338,46553640.43602818
2025-03-01,0.0281127644440146,2276000864.8789005,76262557.18320905
2025-03-02,0.0284491163593138,2302359675.4238973,41143421.05842836
2025-09-10,0.0242233388869312,2081978297.807385,43092123.511432014
2025-09-11,0.0243914479465142,2097202300.589672,35022357.627976604
2025-09-12,0.0249604624112463,2146022556.8355052,36814703.802770026
2025-09-13,0.0253749704985607,2178842448.805466,42298417.98752655
2025-09-14,0.0256402184386697,2204038901.569043,53050169.26191525
2025-09-15,0.0246399718704227,2118863262.87767,38504495.602961704
2025-09-16,0.0240939397161013,2071706937.1259851,42401908.53646608
2025-09-17,0.0244875192376473,2104895383.6001415,34125052.13000768
2025-09-18,0.0252640993718945,2172215697.6850953,47593253.66080516
2025-09-19,0.0259492485300058,2231511470.1399393,55607991.03474419
2025-09-20,0.0249714136192237,2147619121.219875,57555269.7377217
2025-09-21,0.0246804844756306,2122122043.5788624,28308660.295874503
2025-09-22,0.0243742242921124,2095921993.6437736,25245217.42028043
2025-09-23,0.0229220144895366,1971939521.6208584,63643476.28677443
2025-09-24,0.0225396618200092,1937508692.02198,40725299.41373601
2025-09-25,0.0226546719624845,1945295120.1892953,35148230.854228675
2025-09-26,0.0214277068654721,1842559499.5873184,43494527.87721649
2025-09-27,0.022264876394101,1913074365.9713457,45238197.39781728
2025-09-28,0.0218304185977598,1876954768.991176,19718847.483176228
2025-09-29,0.0221191699921257,1902533624.088275,23305738.203707807
2025-09-30,0.0220581149154712,1897410236.9971137,31447150.44738401
2025-10-01,0.0217098819820116,1866471404.4833505,27981979.92606272
2025-10-02,0.0231631526710022,1990773360.821084,36756995.69121174
2025-10-03,0.0236852367696812,2036273194.4574451,45996627.716181345
2025-10-04,0.0237324203179597,2040359682.946232,44589871.76145983
2025-10-05,0.0229693701301039,1975677295.155841,30830952.0422668
2025-10-06,0.0228608293727492,1966955733.243715,35590250.65062395
2025-10-07,0.0236637606682727,2034411936.4868145,35930914.21026775
2025-10-08,0.0225484071963837,1938706769.5326688,40490244.66309634
2025-10-09,0.022766161191677,1957546436.6390595,29292497.818254896
2025-10-10,0.0220382835203858,1894303440.689985,28542194.04922304
2025-10-11,0.015966777580851,1397833097.0244272,133856441.89600655
2025-10-12,0.0167504668954278,1441544015.260797,141907590.60922867
2025-10-13,0.0192439270068798,1654364486.375676,52765021.65026264
2025-10-14,0.0198990585419416,1710477088.1017232,53799420.06104719
2025-10-15,0.0191557410022962,1647434260.4918797,60385847.74227442
2025-10-16,0.0182997850303666,1571192316.1425965,40753182.90656358
2025-10-17,0.0173156696728663,1487388220.8730216,47854702.37486085
2025-10-18,0.0171434729832073,1473338277.6355455,53159862.39951106
2025-10-19,0.0171269571281223,1472570545.0894716,22916764.858549885
2025-10-20,0.0176324726333376,1516216412.3174822,26547307.568290703
2025-10-21,0.0178345614604657,1534027918.6253784,25055555.398235884
2025-10-22,0.0172351972340101,1482403658.0973272,39417576.34926418
2025-10-23,0.0169725111358486,1456833354.4226787,30911556.202408586
2025-10-24,0.0171820915934739,1477404521.1960852,20342756.88844386
2025-10-25,0.0173605959217374,1493216855.8137393,23128754.512092195
2025-10-26,0.0173432313845426,1491126233.7192097,14457363.186011946
2025-10-27,0.0179137125506299,1541944714.961383,19493520.80248665
2025-10-28,0.0172772728631474,1485352746.466222,30952955.51894202
2025-10-29,0.0167788931571858,1442901302.804144,29097952.68455909
2025-10-30,0.0168165452806969,1445571846.572761,24405975.740308218
2025-10-31,0.015564972103478,1337578318.8763602,41863410.827422306
2025-11-01,0.0156024787228662,1342212241.2234406,23016117.187329613
2025-11-02,0.0162638683514047,1396972226.7673995,20399065.64743521
2025-11-03,0.0163180337869345,1401042668.6061802,20521422.550642997
2025-11-04,0.0146280881380962,1257899254.4250214,44938124.106072575
2025-11-05,0.0140463142823018,1206626019.9497378,49422687.243672766
2025-11-06,0.0151822708146631,1305789954.8276508,40965134.95198307
2025-11-07,0.0146214764466001,1256350525.3638415,32850017.961679578
2025-11-08,0.0168868990526805,1454156653.8997948,67132814.55668962
2025-11-09,0.0173240062218883,1489362922.2888072,45358006.702251054
2025-11-10,0.0171260194681286,1472325819.8339877,35782336.311106205
2025-11-11,0.0173374511159967,1491439922.167967,39890040.26522615
2025-11-12,0.016935637138694,1456182153.4626586,74163991.99463762
2025-11-13,0.0164343959400774,1412575920.7034142,46610266.9242075
2025-11-14,0.0160591315859444,1381204960.0722864,39267628.04786064
2025-11-15,0.0154933177131069,1336963960.2012384,34321920.52119973
2025-11-16,0.0156540388669992,1346706901.985638,18431385.94513296
2025-11-17,0.0151027205139237,1299527015.879739,29521216.040911116
2025-11-18,0.0144130164115269,1239282391.6451688,34541885.7974663
2025-11-19,0.0148617938697925,1278029278.8174002,32694119.71112799
2025-11-20,0.0143142013385009,1230752229.1295085,28636227.09520761
2025-11-21,0.0133686732126963,1149508850.7798429,36555055.333382905
2025-11-22,0.0128470003985133,1104722281.5601437,49997697.839654386
2025-11-23,0.0127974812144614,1101072704.4604404,21358636.30108735
2025-11-24,0.012963537562893,1116768743.656242,21300219.19189752
2025-11-25,0.0137046344289466,1180424863.1165617,31026589.070002485
2025-11-26,0.0136153723896625,1171974343.7660933,24419471.126174636
2025-11-27,0.0138944654480835,1194564672.2488534,26410896.426106747
2025-11-28,0.013802524318694,1187042866.6703358,20502478.6710603
2025-11-29,0.0136358326757443,1172366499.5314755,20664033.030151542
2025-11-30,0.0134117402174071,1153212467.8340044,14614791.89098786
2025-12-01,0.0131224724734553,1129154414.4930804,13788676.39034054
2025-12-02,0.0124297839168983,1068586006.7269546,38141675.25580641
2025-12-03,0.0133169959890185,1144381180.8329494,30749812.37687312
2025-12-04,0.0136926714027585,1177602752.1041036,23198613.272141065
2025-12-05,0.0130187264325352,1119518909.8542802,21669711.788921956
2025-12-06,0.0126305254989196,1085620127.4542809,24722874.82028839
2025-12-07,0.0126263753007231,1084205181.603274,15352933.70448977
2025-12-08,0.0122841938048423,1055065524.2891943,19133920.18413083
2025-12-09,0.0125615308486284,1079185215.921705,23267154.012446743
2025-12-10,0.0127829139595309,1099636966.2122617,25723326.86220302
2025-12-11,0.0123232179021751,1061154807.8753948,29674033.408136245
2025-12-12,0.0120536797540969,1038189057.6279036,31749043.81546458
2025-12-13,0.0115803829147159,996104250.6699538,22797255.462276347
2025-12-14,0.0116554443703423,1002114158.7070124,16466545.758250453
2025-12-15,0.0112420803410281,966625076.2649112,20915874.167691942
2025-12-16,0.0107543687120679,924916484.0570892,27239493.283745054
2025-12-17,0.0108478098498445,931011853.4883192,24546728.95652117
2025-12-18,0.0102543734051611,881942219.9417975,23965102.97167601
2025-12-19,0.00978645753848,840277336.8772339,27921465.19849991
2025-12-20,0.0107327263774794,922644180.3431144,27431085.17838308
2025-12-21,0.0106348802308247,914310592.756104,12726950.530360082
2025-12-22,0.0105158173586291,904222377.266297,20492220.82529939
2025-12-23,0.010604577525369,911817759.8688966,28903103.110210717
2025-12-24,0.010512578333266,904051709.0467572,18254489.15836198
2025-12-25,0.0105830805391251,909457273.2341942,14694049.380248742
2025-12-26,0.0103799134255274,892458781.1663823,12974656.406294364
2025-12-27,0.0105499340733277,905997081.614023,14681672.143731749
2025-12-28,0.0114168426670508,981263277.5679648,22436514.103430856
2025-12-29,0.0111251859559055,955866934.3354352,17177457.085956875
2025-12-30,0.0108719498893128,934821193.0692978,17333017.703985624
2025-12-31,0.0108324675181393,931181199.2657216,16172107.3478015
2026-01-01,0.0104106458618105,895107040.0479859,16512030.357730944
2026-01-02,0.0110510507523583,950224949.8348876,16825691.80895694
2026-01-03,0.0116928846115413,1006158126.2082926,24559728.96588636
2026-01-04,0.0117167126417723,1007674005.276913,19745795.912438855
2026-01-05,0.0121158097299147,1041738062.7261636,19530787.257496312
2026-01-06,0.0126249860739351,1086783707.252647,26020408.86655193
2026-01-07,0.0128545959771892,1105516501.3514442,28267053.61218014
2026-01-08,0.0121240527541017,1042465091.4336588,21263193.281752843
2026-01-09,0.0117880515976886,1013968543.8259444,21540660.77311239
2026-01-10,0.0117432567259555,1010027467.3205068,17417433.46054978
