date,prices,market_caps,total_volumes
2016-10-29 00:00:00.000,3191.93,1371289.0,3114610.0
2016-10-30 00:00:00.000,541.529,519741.0,1131940.0
2016-10-31 00:00:00.000,1894.08,3217504.0,2878690.0
2016-11-01 00:00:00.000,1367.0,3792058.0,4836640.0
2016-11-02 00:00:00.000,968.08,3802618.24,3925660.0
2016-11-03 00:00:00.000,871.4,4636719.4,2771550.0
2016-11-04 00:00:00.000,611.76,4234602.72,2473380.0
2016-11-05 00:00:00.000,504.9,4424438.7,1999210.0
2016-11-06 00:00:00.000,329.59,3543422.09,2337250.0
2016-11-07 00:00:00.000,237.48,3065866.8,1861440.0
2016-11-08 00:00:00.000,195.87,2940792.18,1544070.0
2016-11-09 00:00:00.000,258.08,4617309.28,3866230.0
2016-11-10 00:00:00.000,224.83,4662749.37,1259600.0
2016-11-11 00:00:00.000,185.92,4422479.04,1155770.0
2016-11-12 00:00:00.000,144.37,3900733.03,1162480.0
2016-11-13 00:00:00.000,118.01,3599423.01,1413440.0
2016-11-14 00:00:00.000,103.73,3540201.17,1446090.0
2016-11-15 00:00:00.000,109.56,4168758.0,2026470.0
2016-11-16 00:00:00.000,97.33,4098760.96,1441030.0
2016-11-17 00:00:00.000,87.73,4075497.15,919412.0
2016-11-18 00:00:00.000,70.47,3584174.67,1025970.0
2016-11-19 00:00:00.000,65.26,3625127.7400000007,827122.0
2016-11-20 00:00:00.000,60.34,3646104.84,594947.0
2016-11-21 00:00:00.000,54.05,3539734.5,722131.0
2016-11-22 00:00:00.000,56.82,4024219.68,1321670.0
2016-11-23 00:00:00.000,81.63,6228287.37,2368040.0
2016-11-24 00:00:00.000,94.9,7800780.000000001,4080150.0
2016-11-25 00:00:00.000,91.61,8069924.9,3537200.0
2016-11-26 00:00:00.000,76.89,7231735.17,1901420.0
2016-11-27 00:00:00.000,70.09,7039559.24,1468570.0
2016-11-28 00:00:00.000,73.57,7878317.019999999,1246070.0
2016-11-29 00:00:00.000,68.59,7810068.94,1303560.0
2016-11-30 00:00:00.000,68.08,8206839.76,1368780.0
2016-12-01 00:00:00.000,62.87,8038306.72,1246450.0
2016-12-02 00:00:00.000,60.41,8154987.54,1202280.0
2016-12-03 00:00:00.000,59.43,8450589.42,833782.0
2016-12-04 00:00:00.000,58.55,8733844.95,817921.0
2016-12-05 00:00:00.000,51.31,8023909.11,1025810.0
2016-12-06 00:00:00.000,48.61,7954102.91,1389550.0
2016-12-07 00:00:00.000,55.55,9486884.55,1472040.0
2016-12-08 00:00:00.000,53.37,9492868.53,818794.0
2016-12-09 00:00:00.000,50.34,9314460.54,674680.0
2016-12-10 00:00:00.000,49.12,9448526.72,538479.0
2016-12-11 00:00:00.000,48.54,9680380.74,513865.0
2016-12-12 00:00:00.000,49.13,10150552.78,605068.0
2016-12-13 00:00:00.000,46.60000000000001,9961635.400000002,641235.0
2016-12-14 00:00:00.000,44.63,9855151.97,803491.0
2016-12-15 00:00:00.000,40.3,9190656.8,656877.0
2016-12-16 00:00:00.000,40.20000000000001,9458296.200000005,419263.0
2016-12-17 00:00:00.000,35.96000000000001,8711993.240000002,666919.0
2016-12-18 00:00:00.000,36.85,9194775.15,602270.0
2016-12-19 00:00:00.000,34.47,8843933.43,543339.0
2016-12-20 00:00:00.000,36.34,9588090.96,1100210.0
2016-12-21 00:00:00.000,36.2,9810887.8,886111.0
2016-12-22 00:00:00.000,47.67,13267466.73,2586630.0
2016-12-23 00:00:00.000,52.78,15066367.68,4794130.0
2016-12-24 00:00:00.000,48.21,14099303.76,1399220.0
2016-12-25 00:00:00.000,46.21,13847103.76,922182.0
2016-12-26 00:00:00.000,43.53,13354742.82,896123.0
2016-12-27 00:00:00.000,44.39,13935974.16,1033480.0
2016-12-28 00:00:00.000,48.46,15560215.24,2231020.0
2016-12-29 00:00:00.000,51.05,16754916.3,1200450.0
2016-12-30 00:00:00.000,50.51,16943276.44,964451.0
2016-12-31 00:00:00.000,48.04,16456390.24,534211.0
2017-01-01 00:00:00.000,48.51,16969089.06,531127.0
2017-01-02 00:00:00.000,49.68999999999999,17729093.86,769596.0
2017-01-03 00:00:00.000,50.23,18287788.63,1127240.0
2017-01-04 00:00:00.000,56.35,20910414.35,1970270.0
2017-01-05 00:00:00.000,50.29,19028177.01,2860920.0
2017-01-06 00:00:00.000,47.1,18152057.4,1189800.0
2017-01-07 00:00:00.000,46.92,18428111.52,1082430.0
2017-01-08 00:00:00.000,46.16,18458506.96,835701.0
2017-01-09 00:00:00.000,46.21,18802571.74,663039.0
2017-01-10 00:00:00.000,45.63,18897938.28,750934.0
2017-01-11 00:00:00.000,40.55,17083471.7,1219870.0
2017-01-12 00:00:00.000,42.83,18351841.23,1394500.0
2017-01-13 00:00:00.000,43.25,18841040.75,698135.0
2017-01-14 00:00:00.000,43.92,19444218.48,576140.0
2017-01-15 00:00:00.000,45.41,20420604.54,790468.0
2017-01-16 00:00:00.000,43.38,19822230.72,676604.0
2017-01-17 00:00:00.000,44.75,20778812.25,1093110.0
2017-01-18 00:00:00.000,43.59,20539346.46,957912.0
2017-01-19 00:00:00.000,44.16,21128087.04,590666.0
2017-01-20 00:00:00.000,43.39,21071008.41,671595.0
2017-01-21 00:00:00.000,43.52,21446917.12,706104.0
2017-01-22 00:00:00.000,43.24,21620259.44,804769.0
2017-01-23 00:00:00.000,42.88,21738830.72,612632.0
2017-01-24 00:00:00.000,41.43,21305626.08,643814.0
2017-01-25 00:00:00.000,39.93,20823734.58,845308.0
2017-01-26 00:00:00.000,38.15,20165861.1,1153410.0
2017-01-27 00:00:00.000,38.19,20454793.139999997,950831.0
2017-01-28 00:00:00.000,38.16,20717789.039999995,573398.0
2017-01-29 00:00:00.000,38.74,21308200.94,890189.0
2017-01-30 00:00:00.000,40.31,22454927.360000003,746792.0
2017-01-31 00:00:00.000,39.53,22306027.93,992104.0
2017-02-01 00:00:00.000,39.88,22791659.28,630443.0
2017-02-02 00:00:00.000,39.33,22756573.98,676791.0
2017-02-03 00:00:00.000,38.75,22704361.25,837602.0
2017-02-04 00:00:00.000,39.53,23438562.43,637212.0
2017-02-05 00:00:00.000,38.28,22974928.68,621879.0
2017-02-06 00:00:00.000,37.64,22856174.84,631467.0
2017-02-07 00:00:00.000,37.07,22666673.92,751624.0
2017-02-08 00:00:00.000,35.34,21966672.540000003,945860.0
2017-02-09 00:00:00.000,33.2,20868889.2,1148550.0
2017-02-10 00:00:00.000,32.65,20761939.1,600449.0
2017-02-11 00:00:00.000,32.77,21074190.38,525076.0
2017-02-12 00:00:00.000,31.829999999999995,20690104.769999996,514038.0
2017-02-13 00:00:00.000,30.420000000000005,20000967.480000004,768624.0
2017-02-14 00:00:00.000,32.42,21544516.48,754253.0
2017-02-15 00:00:00.000,33.53,22518949.18,853972.0
2017-02-16 00:00:00.000,32.54,22090397.26,680503.0
2017-02-17 00:00:00.000,31.94,21915439.36,487685.0
2017-02-18 00:00:00.000,30.91,21429717.54,645185.0
2017-02-19 00:00:00.000,30.59,21423890.04,518257.0
2017-02-20 00:00:00.000,30.53,21532228.93,501497.0
2017-02-21 00:00:00.000,30.53,21532228.93,501497.0
2017-02-22 00:00:00.000,30.53,21532228.93,501497.0
2017-02-23 00:00:00.000,30.53,21532228.93,501497.0
2017-02-24 00:00:00.000,30.19,22227568.64,1186150.0
2017-02-25 00:00:00.000,29.13000000000001,21652503.780000005,510436.0
2017-02-26 00:00:00.000,29.36,22036705.84,503176.0
2017-02-27 00:00:00.000,37.36,28310249.84,2130980.0
2017-02-28 00:00:00.000,37.38,28589868.72,2779370.0
2017-03-01 00:00:00.000,41.2,31806152.8,2353470.0
2017-03-02 00:00:00.000,39.73,30958370.87,2400490.0
2017-03-03 00:00:00.000,41.76,32840314.56,2215570.0
2017-03-04 00:00:00.000,40.68,32282875.08,1556300.0
2017-03-05 00:00:00.000,39.38,31529833.280000005,852662.0
2017-03-06 00:00:00.000,40.3,32553574.3,1251910.0
2017-03-07 00:00:00.000,38.12,31070887.72,1055120.0
2017-03-08 00:00:00.000,35.73,29375205.12,1052090.0
2017-03-09 00:00:00.000,36.64000000000001,30383939.840000004,887512.0
2017-03-10 00:00:00.000,35.35,29573138.35,1930140.0
2017-03-11 00:00:00.000,39.74,33533367.06,1676830.0
2017-03-12 00:00:00.000,40.16,34167364.96,1850620.0
2017-03-13 00:00:00.000,46.70000000000001,40059540.20000001,5775450.0
2017-03-14 00:00:00.000,45.11,39020420.66,2436640.0
2017-03-15 00:00:00.000,45.77,39920868.62,2453360.0
2017-03-16 00:00:00.000,47.73,41871428.88,3882070.0
2017-03-17 00:00:00.000,48.15,42679245.15,5084060.0
2017-03-18 00:00:00.000,65.62,58652402.78,27404700.0
2017-03-19 00:00:00.000,71.42,64349848.52,13811800.0
2017-03-20 00:00:00.000,72.41,65763196.45999999,7571310.0
2017-03-21 00:00:00.000,66.31,60701433.89,6872830.0
2017-03-22 00:00:00.000,69.48,64095716.88,4373840.0
2017-03-23 00:00:00.000,66.54,61860175.26000001,2358350.0
2017-03-24 00:00:00.000,64.33,60261513.48,9321540.0
2017-03-25 00:00:00.000,63.15,59613978.9,4559840.0
2017-03-26 00:00:00.000,59.94,57010072.86,3204220.0
2017-03-27 00:00:00.000,54.74,52457670.44,3585640.0
2017-03-28 00:00:00.000,63.97999999999999,61769874.87999999,9378560.0
2017-03-29 00:00:00.000,63.74,61988361.06,2919460.0
2017-03-30 00:00:00.000,67.35,65985758.39999999,4495950.0
2017-03-31 00:00:00.000,70.43,69507789.58000001,6395870.0
2017-04-01 00:00:00.000,64.61,64233259.09,3411670.0
2017-04-02 00:00:00.000,61.71,61774425.24,4361880.0
2017-04-03 00:00:00.000,63.7,64230684.7,4425240.0
2017-04-04 00:00:00.000,62.74,63719120.44,5115000.0
2017-04-05 00:00:00.000,59.11,60449196.16,5395600.0
2017-04-06 00:00:00.000,58.04,59781548.24,5832680.0
2017-04-07 00:00:00.000,59.88,62106398.28,3294990.0
2017-04-08 00:00:00.000,63.52,66328790.88,3762280.0
2017-04-09 00:00:00.000,66.49,69586372.80999999,3928820.0
2017-04-10 00:00:00.000,65.38,69217413.72,4221170.0
2017-04-11 00:00:00.000,61.91,65987144.96,3185780.0
2017-04-12 00:00:00.000,61.89,66407598.66,3404260.0
2017-04-13 00:00:00.000,64.65,69828077.1,4370980.0
2017-04-14 00:00:00.000,71.17,77386272.48,5745280.0
2017-04-15 00:00:00.000,73.06,79969211.14,8401540.0
2017-04-16 00:00:00.000,71.58,78868204.02,3810090.0
2017-04-17 00:00:00.000,70.28,77934827.32,3198530.0
2017-04-18 00:00:00.000,71.61,79922560.41,3709130.0
2017-04-19 00:00:00.000,70.13,78766930.28,4601840.0
2017-04-20 00:00:00.000,67.31,76085137.39,5603260.0
2017-04-21 00:00:00.000,67.93,77276760.42,5118750.0
2017-04-22 00:00:00.000,68.82,78780387.42,4072940.0
2017-04-23 00:00:00.000,66.29,76360710.51,2680350.0
2017-04-24 00:00:00.000,68.59,79508224.79,4152290.0
2017-04-25 00:00:00.000,69.06,80543365.86,4857060.0
2017-04-26 00:00:00.000,72.15,84660377.1,7484170.0
2017-04-27 00:00:00.000,76.54,90368405.26,9224040.0
2017-04-28 00:00:00.000,84.38,100232386.22,10300800.0
2017-04-29 00:00:00.000,96.11,114853276.09,10685000.0
2017-04-30 00:00:00.000,92.62,111336742.22,12016900.0
2017-05-01 00:00:00.000,89.13,107752020.03,18997100.0
2017-05-02 00:00:00.000,92.29,112263309.51,9705020.0
2017-05-03 00:00:00.000,91.46,111896188.24,8821220.0
2017-05-04 00:00:00.000,99.69,122705330.61,9755060.0
2017-05-05 00:00:00.000,104.22,129017168.82,12206300.0
2017-05-06 00:00:00.000,107.98,134453348.62,7396210.0
2017-05-07 00:00:00.000,102.93,128902429.83,9428090.0
2017-05-08 00:00:00.000,106.57,134229604.08,11634600.0
2017-05-09 00:00:00.000,94.17,119282219.73,12588100.0
2017-05-10 00:00:00.000,96.65,123114606.35,7979380.0
2017-05-11 00:00:00.000,95.12,121841015.28,7457950.0
2017-05-12 00:00:00.000,98.08,126350971.52,7774870.0
2017-05-13 00:00:00.000,96.83,125426900.73,4827690.0
2017-05-14 00:00:00.000,96.58,125806943.02,5222890.0
2017-05-15 00:00:00.000,93.42,122365626.48,6380670.0
2017-05-16 00:00:00.000,90.55,119239047.05,5421670.0
2017-05-17 00:00:00.000,93.17,123356520.98,7994370.0
2017-05-18 00:00:00.000,93.55,124431416.3,7177290.0
2017-05-19 00:00:00.000,103.09,137820402.46,10478000.0
2017-05-20 00:00:00.000,108.3,145712884.8,7278790.0
2017-05-21 00:00:00.000,118.91,160826488.46,11380200.0
2017-05-22 00:00:00.000,199.56,271402797.36,102461000.0
2017-05-23 00:00:00.000,255.03,348197304.57,98681500.0
2017-05-24 00:00:00.000,255.75,351143215.5,54016500.0
2017-05-25 00:00:00.000,226.74,313271012.94,45862800.0
2017-05-26 00:00:00.000,193.81,269147629.39,29962300.0
2017-05-27 00:00:00.000,191.29,267010998.76,28003700.0
2017-05-28 00:00:00.000,196.1,275132025.9,17968500.0
2017-05-29 00:00:00.000,204.84,288871718.04,18753500.0
2017-05-30 00:00:00.000,235.61,333952200.34,35911200.0
2017-05-31 00:00:00.000,235.87,335998230.22,30511600.0
2017-06-01 00:00:00.000,248.49,355755429.81,23845200.0
2017-06-02 00:00:00.000,241.39,347319415.09,15700400.0
2017-06-03 00:00:00.000,228.68,330675624.92,18635400.0
2017-06-04 00:00:00.000,238.35,346350913.65,15864500.0
2017-06-05 00:00:00.000,253.5,370216216.5,43694100.0
2017-06-06 00:00:00.000,259.84,381326632.96,20731600.0
2017-06-07 00:00:00.000,266.59,393155202.04,50752200.0
2017-06-08 00:00:00.000,272.99,404545518.94,23612700.0
2017-06-09 00:00:00.000,279.59,416360115.79,16607600.0
2017-06-10 00:00:00.000,332.8,497950003.2,39176200.0
2017-06-11 00:00:00.000,329.89,495962893.91,38379200.0
2017-06-12 00:00:00.000,308.85,466550663.1,45996200.0
2017-06-13 00:00:00.000,367.07,557131871.67,44417100.0
2017-06-14 00:00:00.000,388.78,592906606.32,100846000.0
2017-06-15 00:00:00.000,391.82,600354048.58,67704400.0
2017-06-16 00:00:00.000,384.48,591832370.88,39598900.0
2017-06-17 00:00:00.000,379.86,587455769.16,27793400.0
2017-06-18 00:00:00.000,377.05,585349010.2,19804100.0
2017-06-19 00:00:00.000,393.97,611616362.68,29241200.0
2017-06-20 00:00:00.000,401.35,623073399.4,66396300.0
2017-06-21 00:00:00.000,377.59,586187329.96,31432200.0
2017-06-22 00:00:00.000,378.61,587770822.84,30168000.0
2017-06-23 00:00:00.000,386.45,599941983.8,24311600.0
2017-06-24 00:00:00.000,362.85,563304305.4,22311800.0
2017-06-25 00:00:00.000,327.95,509124009.8,27660100.0
2017-06-26 00:00:00.000,304.65,472952064.6,36083400.0
2017-06-27 00:00:00.000,326.23,506453806.12,42022700.0
2017-06-28 00:00:00.000,343.47,533217940.68,30899400.0
2017-06-29 00:00:00.000,326.21,506422757.24,27039400.0
2017-06-30 00:00:00.000,304.46,472657100.24,36840700.0
2017-07-01 00:00:00.000,289.5,449432538.0,25535500.0
2017-07-02 00:00:00.000,300.76,466913057.44,24712000.0
2017-07-03 00:00:00.000,292.57,454198541.08,28664900.0
2017-07-04 00:00:00.000,282.53,438612003.32,28478200.0
2017-07-05 00:00:00.000,283.33,439853958.52,38142800.0
2017-07-06 00:00:00.000,288.01,447119396.44,35353000.0
2017-07-07 00:00:00.000,248.95,420033170.05,37930200.0
2017-07-08 00:00:00.000,248.42,419138943.98,27034400.0
2017-07-09 00:00:00.000,242.38,413086779.72,17734600.0
2017-07-10 00:00:00.000,192.67,329772815.98,27158300.0
2017-07-11 00:00:00.000,178.85,307361594.4,38189100.0
2017-07-12 00:00:00.000,210.11,362611830.09,29442000.0
2017-07-13 00:00:00.000,191.93,332601446.83,27200700.0
2017-07-14 00:00:00.000,177.78,309358355.82,23119100.0
2017-07-15 00:00:00.000,161.37,281954700.72,14310700.0
2017-07-16 00:00:00.000,163.43,286732868.67,20031700.0
2017-07-17 00:00:00.000,182.3,321138586.2,29143700.0
2017-07-18 00:00:00.000,199.2,352346155.2,27840100.0
2017-07-19 00:00:00.000,181.0,321427764.0,21825600.0
2017-07-20 00:00:00.000,207.14,369360448.16,25922600.0
2017-07-21 00:00:00.000,201.77,361224997.37,20128600.0
2017-07-22 00:00:00.000,216.47,389092702.68,38395100.0
2017-07-23 00:00:00.000,213.53,385318942.07,24703000.0
2017-07-24 00:00:00.000,206.9,374855006.1,23284000.0
2017-07-25 00:00:00.000,183.66,334048889.04,24326000.0
2017-07-26 00:00:00.000,189.49,346036026.56,21248000.0
2017-07-27 00:00:00.000,186.01,341006366.69,19471100.0
2017-07-28 00:00:00.000,176.95,325659841.7,26105700.0
2017-07-29 00:00:00.000,188.93,349084827.42,31463500.0
2017-07-30 00:00:00.000,176.11,326636676.41,17767000.0
2017-07-31 00:00:00.000,175.46,326687921.24,27893000.0
2017-08-01 00:00:00.000,192.77,360293105.87,36608500.0
2017-08-02 00:00:00.000,188.28,353270893.68,29014000.0
2017-08-03 00:00:00.000,186.25,350779711.25,17412600.0
2017-08-04 00:00:00.000,187.32,354155434.08,18265100.0
2017-08-05 00:00:00.000,205.96,390869652.24,25218600.0
2017-08-06 00:00:00.000,206.61,393559818.84,17435400.0
2017-08-07 00:00:00.000,208.19,398076143.39,21640500.0
2017-08-08 00:00:00.000,244.95,470121757.2,39069300.0
2017-08-09 00:00:00.000,243.43,468942091.42,38267300.0
2017-08-10 00:00:00.000,231.03,446715218.43,20452400.0
2017-08-11 00:00:00.000,234.25,454630994.5,18834700.0
2017-08-12 00:00:00.000,223.02,434410845.12,19913500.0
2017-08-13 00:00:00.000,212.7,415864446.3,21015400.0
2017-08-14 00:00:00.000,210.07,412216369.67,18214300.0
2017-08-15 00:00:00.000,211.83,417142202.73,21174300.0
2017-08-16 00:00:00.000,217.01,428943268.06,17228100.0
2017-08-17 00:00:00.000,217.05,429044037.3,17150400.0
2017-08-18 00:00:00.000,200.97,400117403.07,17588600.0
2017-08-19 00:00:00.000,201.9,401994206.4,17680700.0
2017-08-20 00:00:00.000,240.93,483162467.58,30522700.0
2017-08-21 00:00:00.000,238.27,479501934.37,33126800.0
2017-08-22 00:00:00.000,228.33,461145314.52,26512800.0
2017-08-23 00:00:00.000,229.22,464570259.68,19834400.0
2017-08-24 00:00:00.000,228.07,463884344.92,15448900.0
2017-08-25 00:00:00.000,237.41,484567104.96,28203100.0
2017-08-26 00:00:00.000,285.3,584371145.7,62738100.0
2017-08-27 00:00:00.000,274.11,563438313.09,36241500.0
2017-08-28 00:00:00.000,274.85,566914130.35,35708000.0
2017-08-29 00:00:00.000,271.02,560955569.88,28571900.0
2017-08-30 00:00:00.000,272.17,565295456.98,29537200.0
2017-08-31 00:00:00.000,283.37,590569716.78,26721800.0
2017-09-01 00:00:00.000,306.85,641721235.15,45389600.0
2017-09-02 00:00:00.000,252.59,530071228.96,51848400.0
2017-09-03 00:00:00.000,259.72,546887469.32,34331700.0
2017-09-04 00:00:00.000,220.94,466775740.14,42291800.0
2017-09-05 00:00:00.000,230.44,488493855.64,31057200.0
2017-09-06 00:00:00.000,247.31,526054584.86,29380800.0
2017-09-07 00:00:00.000,246.89,526914119.34,27133200.0
2017-09-08 00:00:00.000,213.56,457329343.36,30735700.0
2017-09-09 00:00:00.000,213.03,457704328.32,24962700.0
2017-09-10 00:00:00.000,210.56,453921247.36,26448800.0
2017-09-11 00:00:00.000,208.13,450150016.03,22346800.0
2017-09-12 00:00:00.000,206.38,447866476.28,26212500.0
2017-09-13 00:00:00.000,197.69,430384770.61,32619500.0
2017-09-14 00:00:00.000,158.83,346953175.73,35353300.0
2017-09-15 00:00:00.000,181.43,397607292.17,46050300.0
2017-09-16 00:00:00.000,172.089,378390325.734,22690200.0
2017-09-17 00:00:00.000,174.269,384399249.089,17372900.0
2017-09-18 00:00:00.000,193.106,427366557.614,27597100.0
2017-09-19 00:00:00.000,188.829,419232292.101,19869000.0
2017-09-20 00:00:00.000,188.066,418875828.546,12243900.0
2017-09-21 00:00:00.000,176.152,393597375.688,17644500.0
2017-09-22 00:00:00.000,196.055,439490415.795,43579300.0
2017-09-23 00:00:00.000,204.0,458774376.0,29623900.0
2017-09-24 00:00:00.000,206.496,465853737.024,15145500.0
2017-09-25 00:00:00.000,230.641,522005393.121,32508700.0
2017-09-26 00:00:00.000,231.828,526320499.368,20588400.0
2017-09-27 00:00:00.000,288.014,656018416.234,130762000.0
2017-09-28 00:00:00.000,312.148,713166408.488,297820000.0
2017-09-29 00:00:00.000,289.831,664283667.239,71461300.0
2017-09-30 00:00:00.000,277.422,637833126.768,37355100.0
2017-10-01 00:00:00.000,265.962,613353319.578,32460800.0
2017-10-02 00:00:00.000,258.282,597517585.542,53506600.0
2017-10-03 00:00:00.000,252.731,586482756.711,36239700.0
2017-10-04 00:00:00.000,237.789,553541641.641,22292300.0
2017-10-05 00:00:00.000,255.585,596786118.885,47588200.0
2017-10-06 00:00:00.000,258.748,606005669.612,50066500.0
2017-10-07 00:00:00.000,255.217,599547864.673,30235200.0
2017-10-08 00:00:00.000,241.243,568469588.817,30371800.0
2017-10-09 00:00:00.000,229.749,543018883.719,33773100.0
2017-10-10 00:00:00.000,236.18,559936961.08,28198200.0
2017-10-11 00:00:00.000,236.142,561514741.398,20511300.0
2017-10-12 00:00:00.000,227.309,542133328.854,39113400.0
2017-10-13 00:00:00.000,240.428,575153304.168,62883700.0
2017-10-14 00:00:00.000,240.889,577966423.034,21225400.0
2017-10-15 00:00:00.000,231.844,557928180.964,25654900.0
2017-10-16 00:00:00.000,232.656,561525492.864,22176200.0
2017-10-17 00:00:00.000,231.429,560233140.324,60632300.0
2017-10-18 00:00:00.000,229.775,557898065.725,29238300.0
2017-10-19 00:00:00.000,230.386,560985532.666,30515600.0
2017-10-20 00:00:00.000,222.797,544127310.032,28960400.0
2017-10-21 00:00:00.000,212.21,519746005.26,37340300.0
2017-10-22 00:00:00.000,213.939,525553134.084,26328400.0
2017-10-23 00:00:00.000,207.016,510021385.896,26768800.0
2017-10-24 00:00:00.000,215.96,533611460.76,37735900.0
2017-10-25 00:00:00.000,219.167,543094510.998,44629900.0
2017-10-26 00:00:00.000,234.593,583014980.867,41529500.0
2017-10-27 00:00:00.000,244.451,609255983.144,131337000.0
2017-10-28 00:00:00.000,232.341,580729126.929,45298100.0
2017-10-29 00:00:00.000,235.109,589302119.154,59519300.0
2017-10-30 00:00:00.000,243.37,611763793.03,50055400.0
2017-10-31 00:00:00.000,233.134,587711930.146,39274100.0
2017-11-01 00:00:00.000,222.302,562008577.562,47556700.0
2017-11-02 00:00:00.000,216.948,549983573.112,47642800.0
2017-11-03 00:00:00.000,232.647,591480336.918,49079600.0
2017-11-04 00:00:00.000,230.665,588076034.865,36521800.0
2017-11-05 00:00:00.000,225.371,576218656.476,38284500.0
2017-11-06 00:00:00.000,229.263,587794566.972,47863900.0
2017-11-07 00:00:00.000,241.423,620709155.612,55303300.0
2017-11-08 00:00:00.000,250.984,647091717.496,60818700.0
2017-11-09 00:00:00.000,260.859,674406859.329,85653600.0
2017-11-10 00:00:00.000,238.099,617273086.094,79080900.0
2017-11-11 00:00:00.000,252.649,656784824.506,68221300.0
2017-11-12 00:00:00.000,251.548,655724258.288,93954900.0
2017-11-13 00:00:00.000,266.189,695806333.684,123140000.0
2017-11-14 00:00:00.000,271.812,712438007.028,52128100.0
2017-11-15 00:00:00.000,290.439,763366342.041,90002500.0
2017-11-16 00:00:00.000,295.448,778640204.288,174121000.0
2017-11-17 00:00:00.000,291.518,770381791.808,56954900.0
2017-11-18 00:00:00.000,298.664,791401659.184,61122700.0
2017-11-19 00:00:00.000,298.473,793014704.538,52930100.0
2017-11-20 00:00:00.000,301.959,804435685.704,54788700.0
2017-11-21 00:00:00.000,290.794,776796267.436,82949900.0
2017-11-22 00:00:00.000,316.744,848357310.536,136888000.0
2017-11-23 00:00:00.000,315.417,847082002.698,103359000.0
2017-11-24 00:00:00.000,340.973,918152999.912,151345000.0
2017-11-25 00:00:00.000,345.195,932011311.42,121696000.0
2017-11-26 00:00:00.000,339.819,919938966.936,81727700.0
2017-11-27 00:00:00.000,343.953,933537971.232,89287600.0
2017-11-28 00:00:00.000,368.587,1003074873.322,126515000.0
2017-11-29 00:00:00.000,303.566,828319598.146,157031000.0
2017-11-30 00:00:00.000,311.802,852994860.588,94067100.0
2017-12-01 00:00:00.000,332.713,912596491.422,78737100.0
2017-12-02 00:00:00.000,328.108,902307171.348,63270700.0
2017-12-03 00:00:00.000,322.628,889523788.732,84918700.0
2017-12-04 00:00:00.000,328.71,908618209.74,61296500.0
2017-12-05 00:00:00.000,325.939,903354279.816,85522800.0
2017-12-06 00:00:00.000,336.423,934551470.238,201406000.0
2017-12-07 00:00:00.000,308.882,860435290.008,125772000.0
2017-12-08 00:00:00.000,328.928,918661037.632,128207000.0
2017-12-09 00:00:00.000,310.401,869136457.644,130182000.0
2017-12-10 00:00:00.000,291.83,819248814.23,107962000.0
2017-12-11 00:00:00.000,318.337,895941659.628,116324000.0
2017-12-12 00:00:00.000,373.749,1054539904.731,191675000.0
2017-12-13 00:00:00.000,409.71,1158969620.76,263526000.0
2017-12-14 00:00:00.000,519.653,1473719798.757,424002000.0
2017-12-15 00:00:00.000,467.87,1330245176.78,220596000.0
2017-12-16 00:00:00.000,466.34,1329217762.46,149627000.0
2017-12-17 00:00:00.000,536.937,1534321102.728,305337000.0
2017-12-18 00:00:00.000,589.445,1688535346.455,342102000.0
2017-12-19 00:00:00.000,613.15,1760893835.15,287619000.0
2017-12-20 00:00:00.000,674.277,1941222580.413,305028000.0
2017-12-21 00:00:00.000,646.883,1867029833.302,278639000.0
2017-12-22 00:00:00.000,540.137,1562748134.428,351616000.0
2017-12-23 00:00:00.000,602.562,1747727465.628,234912000.0
2017-12-24 00:00:00.000,525.084,1526757342.096,140741000.0
2017-12-25 00:00:00.000,558.857,1628883173.333,139391000.0
2017-12-26 00:00:00.000,572.05,1671469462.7,139248000.0
2017-12-27 00:00:00.000,553.825,1622170593.575,143379000.0
2017-12-28 00:00:00.000,505.111,1483141770.859,128521000.0
2017-12-29 00:00:00.000,572.832,1686091466.592,227783000.0
2017-12-30 00:00:00.000,484.815,1430443748.61,143512000.0
2017-12-31 00:00:00.000,506.835,1499081591.385,96058400.0
2018-01-01 00:00:00.000,597.002,1770047647.788,234224000.0
2018-01-02 00:00:00.000,580.602,1725509082.462,207812000.0
2018-01-03 00:00:00.000,580.556,1729617979.664,152356000.0
2018-01-04 00:00:00.000,594.535,1775515756.79,165422000.0
2018-01-05 00:00:00.000,588.629,1761976148.924,160171000.0
2018-01-06 00:00:00.000,762.449,2287799894.706,297634000.0
2018-01-07 00:00:00.000,880.204,2647450304.876,546167000.0
2018-01-08 00:00:00.000,693.894,2092016857.236,283103000.0
2018-01-09 00:00:00.000,670.948,2027617604.012,212955000.0
2018-01-10 00:00:00.000,719.896,2180713282.576,243895000.0
2018-01-11 00:00:00.000,654.486,1987310087.784,223702000.0
2018-01-12 00:00:00.000,694.369,2113298858.489,182347000.0
2018-01-13 00:00:00.000,701.982,2141549825.058,152744000.0
2018-01-14 00:00:00.000,679.102,2076638908.738,143145000.0
2018-01-15 00:00:00.000,629.814,1930391876.466,156790000.0
2018-01-16 00:00:00.000,514.258,1579938911.402,285430000.0
2018-01-17 00:00:00.000,500.903,1542508748.768,172494000.0
2018-01-18 00:00:00.000,489.314,1510319528.284,128194000.0
2018-01-19 00:00:00.000,521.698,1614006317.688,162024000.0
2018-01-20 00:00:00.000,555.079,1721303309.474,126596000.0
2018-01-21 00:00:00.000,488.293,1517684958.192,95518800.0
2018-01-22 00:00:00.000,441.984,1376865904.896,77261700.0
2018-01-23 00:00:00.000,445.657,1391516742.858,79829800.0
2018-01-24 00:00:00.000,451.079,1411676990.924,78442500.0
2018-01-25 00:00:00.000,469.406,1472400351.786,84364100.0
2018-01-26 00:00:00.000,452.787,1423503012.903,87832700.0
2018-01-27 00:00:00.000,457.225,1439849990.85,69664600.0
2018-01-28 00:00:00.000,472.56,1492495226.64,74523200.0
2018-01-29 00:00:00.000,448.219,1418772700.964,74816400.0
2018-01-30 00:05:05.117,443.142,1402619320.998,74428500.0
2018-01-31 00:00:00.000,388.129,1231370690.949,77871000.0
2018-02-01 00:00:00.000,396.031,1259277196.064,77475100.0
2018-02-02 00:00:00.000,402.422,1281545455.182,115127000.0
2018-02-03 00:00:00.000,381.861,1219642649.784,115476000.0
2018-02-04 00:00:00.000,387.158,1239246686.198,53068100.0
2018-02-05 00:00:00.000,350.1,1123153709.4,46751400.0
2018-02-06 00:00:00.000,304.6,979359362.6,55026900.0
2018-02-07 00:00:00.000,371.524,1197303335.844,139269000.0
2018-02-08 00:05:04.282,360.236,1163524094.984,97358900.0
2018-02-09 00:00:00.000,428.123,1385831582.262,110972000.0
2018-02-10 00:00:00.000,475.146,1541477680.974,109263000.0
2018-02-11 00:00:00.000,482.516,1568855417.496,125491000.0
2018-02-12 00:00:00.000,439.919,1433495417.936,86943300.0
2018-02-13 00:00:00.000,466.512,1523502700.272,74721900.0
2018-02-14 00:00:00.000,446.883,1462539019.548,69742700.0
2018-02-15 00:00:00.000,483.695,1586540882.58,95300600.0
2018-02-16 00:00:00.000,485.839,1596998461.866,91598900.0
2018-02-17 00:00:00.000,478.624,1576590327.744,81575000.0
2018-02-18 00:00:00.000,493.001,1627689143.594,88413300.0
2018-02-19 00:00:00.000,454.725,1504466302.275,76756000.0
2018-02-20 00:00:00.000,471.484,1563349476.104,89231100.0
2018-02-21 00:00:00.000,448.742,1491021132.398,91353700.0
2018-02-22 00:00:00.000,399.31,1332634832.64,70819300.0
2018-02-23 00:00:00.000,402.512,1343235273.072,71084400.0
2018-02-24 00:00:00.000,416.281,1392270120.864,65094100.0
2018-02-25 00:00:00.000,390.204,1307795630.076,56324600.0
2018-02-26 00:00:00.000,395.756,1329233196.564,51407800.0
2018-02-27 00:00:00.000,408.561,1375157493.216,56428200.0
2018-02-28 00:00:00.000,412.082,1389991321.708,45568500.0
2018-03-01 00:00:00.000,386.225,1305583017.025,53027300.0
2018-03-02 00:00:00.000,401.738,1360849711.628,44221000.0
2018-03-03 00:00:00.000,390.354,1325054310.876,54672600.0
2018-03-04 00:00:00.000,387.797,1319176423.043,60916800.0
2018-03-05 00:00:00.000,403.658,1376007151.352,60990400.0
2018-03-06 00:00:00.000,396.129,1353263416.251,57668000.0
2018-03-07 00:00:00.000,382.411,1309148111.866,57593000.0
2018-03-08 00:00:00.000,347.775,1193044224.15,59370600.0
2018-03-09 00:00:00.000,317.6,1091839245.6,57648000.0
2018-03-10 00:00:00.000,304.932,1050385843.392,73754100.0
2018-03-11 00:00:00.000,289.048,997748604.512,52507900.0
2018-03-12 00:00:00.000,310.868,1075302048.908,55595800.0
2018-03-13 00:00:00.000,292.075,1012425121.925,51812100.0
2018-03-14 00:00:00.000,284.364,792620289.216,46404800.0
2018-03-15 00:00:00.000,248.666,865471071.696,52413900.0
2018-03-16 00:00:00.000,244.34,852167758.54,45612600.0
2018-03-17 00:00:00.000,241.793,844995447.858,43689500.0
2018-03-18 00:00:00.000,224.654,786692029.276,41929900.0
2018-03-19 00:00:00.000,243.712,855257059.328,59605100.0
2018-03-20 00:00:00.000,250.581,881135260.389,57901700.0
2018-03-21 00:00:00.000,259.665,914957151.99,54317300.0
2018-03-22 00:00:00.000,259.601,916587788.356,69636400.0
2018-03-23 00:00:00.000,249.29,881970818.99,49477100.0
2018-03-24 00:00:00.000,255.198,904697581.038,49276100.0
2018-03-25 00:00:00.000,243.534,865082936.004,45103500.0
2018-03-26 00:00:00.000,239.636,852946958.784,41496600.0
2018-03-27 00:00:00.000,225.428,803995950.268,52022500.0
2018-03-28 00:00:00.000,218.936,782404796.184,47509200.0
2018-03-29 00:00:00.000,210.938,755341345.122,65716400.0
2018-03-30 00:00:00.000,186.299,668453666.631,55229300.0
2018-03-31 00:00:00.000,190.58,685145772.48,44489300.0
2018-04-01 00:00:00.000,185.609,668613546.821,45886800.0
2018-04-02 00:00:00.000,182.753,659645856.982,44531300.0
2018-04-03 00:00:00.000,194.379,703006836.099,43624500.0
2018-04-04 00:00:00.000,206.514,748364194.116,48739600.0
2018-04-05 00:00:00.000,182.937,664231624.347,38073900.0
2018-04-06 00:00:00.000,184.491,671197814.046,36624300.0
2018-04-07 00:00:00.000,174.975,637830943.275,32475900.0
2018-04-08 00:00:00.000,181.505,662923235.345,34285600.0
2018-04-09 00:00:00.000,183.383,671111911.077,28447600.0
2018-04-10 00:00:00.000,177.05,649214730.2,33899600.0
2018-04-11 00:00:00.000,179.302,658718611.788,33252900.0
2018-04-12 00:00:00.000,184.1483499101877,677846577.2007526,33849152.453604735
2018-04-13 00:00:00.000,215.20285059704412,793726002.5687093,60582814.04106539
2018-04-14 00:00:00.000,228.03645096904276,842684532.6922947,63567408.983534805
2018-04-15 00:00:00.000,220.7087682333843,817172890.131496,48630506.19851439
2018-04-16 00:00:00.000,230.43674447913543,854829529.9402678,46366051.03094064
2018-04-17 00:00:00.000,224.17568331248305,833237252.2500683,47386765.834909454
2018-04-18 00:00:00.000,221.39143091803217,824465895.1759391,46412717.25118481
2018-04-19 00:00:00.000,246.5119647419311,919799247.515119,64637035.850568585
2018-04-20 00:00:00.000,264.0781473289568,987234763.4593712,66680105.26646395
2018-04-21 00:00:00.000,279.05612592459346,1045031983.9086174,72646186.09765798
2018-04-22 00:00:00.000,269.9346659081905,1012968704.4123756,55173434.196935326
2018-04-23 00:00:00.000,271.5395536637756,1020969985.5465935,55651258.00872706
2018-04-24 00:00:00.000,297.4533011642109,1120512237.0983045,70230688.61640337
2018-04-25 00:00:00.000,319.4439267197198,1205639198.7909586,94295699.1388851
2018-04-26 00:00:00.000,284.897836159227,1077289600.927772,76167223.34206195
2018-04-27 00:00:00.000,301.69097339302175,1142942978.2966335,58768136.31224302
2018-04-28 00:00:00.000,282.35032883595477,1071690602.2317228,49936727.62553286
2018-04-29 00:00:00.000,293.3583199088479,1115595926.715443,49561812.80593102
2018-04-30 00:00:00.000,292.228378684491,1113373757.9987044,51074102.9188149
2018-05-01 00:00:00.000,283.6171980652494,1082596908.4380517,59772506.17923154
2018-05-02 00:00:00.000,288.18233706246065,1102068622.4882843,60305708.167293616
2018-05-03 00:00:00.000,290.85170513459747,1114385510.7481842,48732067.636184685
2018-05-04 00:00:00.000,305.8751675627548,1174157194.094963,27373383.029800866
2018-05-05 00:00:00.000,294.55870201360165,1132789996.949046,55121325.60724207
2018-05-06 00:00:00.000,305.2650666332667,1176157606.8217132,54455922.48007616
2018-05-07 00:00:00.000,290.34718153546356,1120734604.13044,52209798.28021525
2018-05-08 00:00:00.000,279.761387946536,1081898484.992868,50872949.55296415
2018-05-09 00:00:00.000,273.88223979552185,1061103673.403789,46896958.74057328
2018-05-10 00:00:00.000,274.5392068225021,1065659964.5524374,42307021.50167125
2018-05-11 00:00:00.000,262.08511071298904,1019175284.1254264,32743500.82815329
2018-05-12 00:00:00.000,238.37651616609273,928650843.2943776,39455556.06298043
2018-05-13 00:00:00.000,247.0353895119962,964193021.0059812,26566505.954758614
2018-05-14 00:00:00.000,260.21437420727443,1017472356.2870576,22497429.336762175
2018-05-15 00:00:00.000,311.93318107893583,1221976791.470532,295995803.85766333
2018-05-16 00:00:00.000,350.87817347476636,1376769198.1145356,418866635.1943796
2018-05-17 00:00:00.000,366.0730368425227,1439264191.4324636,298133596.3225714
2018-05-18 00:00:00.000,315.1873791210276,1241505357.0676522,125736088.7748256
2018-05-19 00:00:00.000,357.8960230116473,1412291259.5561175,232333597.1016023
2018-05-20 00:00:00.000,343.01784433650084,1356007422.9234197,145049648.65774903
2018-05-21 00:00:00.000,349.752261473452,1385147926.581288,114851857.5915511
2018-05-22 00:00:00.000,327.2587058563827,1298396870.1182866,79768128.70955762
2018-05-23 00:00:00.000,314.03017001835894,1248126649.557906,131617092.16265768
2018-05-24 00:00:00.000,288.05834547586625,1147014124.756374,129177213.92295694
2018-05-25 00:00:00.000,295.4755163765201,1178594586.4446406,95846713.48149568
2018-05-26 00:00:00.000,283.4860371841711,1132836781.4039338,58086423.274946645
2018-05-27 00:00:00.000,272.7555116224906,1091886340.517416,48611887.24623626
2018-05-28 00:00:00.000,261.7584541655798,1049747924.6339484,47659523.64386841
2018-05-29 00:00:00.000,229.36980726226884,921514704.0955958,66421418.05499527
2018-05-30 00:00:00.000,246.39888584832727,991680055.8807262,52221515.76685627
2018-05-31 00:00:00.000,240.95657151309845,971478163.1765066,40136229.2262565
2018-06-01 00:00:00.000,239.7744918337764,968468654.1940844,50736014.35652429
2018-06-02 00:00:00.000,239.18537451496903,967790367.453877,55736087.390437976
2018-06-03 00:00:00.000,248.3235628794524,1006556281.7978404,66715237.771449454
2018-06-04 00:00:00.000,251.6353595599581,1021785822.866174,59649149.15724091
2018-06-05 00:00:00.000,234.5873553758232,954229519.291265,57511947.21575344
2018-06-06 00:00:00.000,237.74325880730325,968784462.9999828,44382532.99942335
2018-06-07 00:00:00.000,235.13665599400963,959852813.0372466,52101728.56742644
2018-06-08 00:00:00.000,235.71331415430257,963909821.6122566,48842383.539151214
2018-06-09 00:00:00.000,234.5919299272857,960473610.5061032,44181654.7160158
2018-06-10 00:00:00.000,228.34916716035565,937077904.4582462,44410761.912098974
2018-06-11 00:00:00.000,199.99404517068237,821256797.0516725,34278363.0620341
2018-06-12 00:00:00.000,206.514561034732,850407601.6009294,49666444.69128919
2018-06-13 00:00:00.000,196.1609024264943,809201728.6841341,56510421.52782936
2018-06-14 00:00:00.000,186.1241081097336,769128794.871582,51500897.03969145
2018-06-15 00:00:00.000,198.5689770891606,821997378.6143961,61196398.795735456
2018-06-16 00:00:00.000,192.51116130951465,798280016.6283735,49829195.872176595
2018-06-17 00:00:00.000,191.1327239797622,793928303.4466611,25942942.772754315
2018-06-18 00:00:00.000,188.2856497126482,783443643.8159114,25355977.93906897
2018-06-19 00:00:00.000,197.78313233486313,824376165.4512117,33789010.05370123
2018-06-20 00:00:00.000,197.36972551542107,824083982.7484599,41923432.803966865
2018-06-21 00:00:00.000,193.57405812735664,809631966.9827123,41581304.90921183
2018-06-22 00:00:00.000,191.08469821640415,800591142.9553602,39282710.000461504
2018-06-23 00:00:00.000,169.46800855172737,711239225.9156911,44506729.68482296
2018-06-24 00:00:00.000,170.43409892190957,716499625.8021165,35569390.02427187
2018-06-25 00:00:00.000,167.39771760858207,704944222.1575257,37274072.68397666
2018-06-26 00:00:00.000,176.91629295543152,746280469.939742,45783472.15206472
2018-06-27 00:00:00.000,163.27178891663397,689912087.208002,37301420.78047771
2018-06-28 00:00:00.000,165.97960183859863,702518001.1344721,33676979.35550945
2018-06-29 00:00:00.000,153.4143019816105,650462257.8112178,30141399.639963143
2018-06-30 00:00:00.000,162.4721379934578,689993783.7866539,31227054.898201533
2018-07-01 00:00:00.000,163.76242427418995,696689364.0139278,35502065.572691195
2018-07-02 00:00:00.000,166.18618920128426,708195174.6354954,35096708.97149004
2018-07-03 00:00:00.000,183.65937336093975,783942000.0935868,43846265.49135815
2018-07-04 00:00:00.000,178.55275137421498,763427955.4584662,37249164.144197725
2018-07-05 00:00:00.000,180.05446095986727,771140621.4200625,35560005.30851158
2018-07-06 00:00:00.000,174.1540550393626,747108923.0275816,36547117.041368395
2018-07-07 00:00:00.000,175.719678656507,755101504.8747503,44832741.1842256
2018-07-08 00:00:00.000,173.08108425063517,744987502.1561261,34104844.90184226
2018-07-09 00:00:00.000,173.8901874219727,749706893.610079,30566332.039268304
2018-07-10 00:00:00.000,167.80273070178285,724680214.1781876,32520507.188220076
2018-07-11 00:00:00.000,161.14472275925354,697058691.4671168,48185993.02503223
2018-07-12 00:00:00.000,158.8200493028558,688156354.7508847,34383698.7021102
2018-07-13 00:00:00.000,154.1566024023506,669063741.395327,35635273.00655481
2018-07-14 00:00:00.000,176.29623914504737,766429168.2076842,80855860.51652654
2018-07-15 00:00:00.000,171.984515748143,748903349.1156185,52873003.062430486
2018-07-16 00:00:00.000,174.49152701699407,761063334.8093652,39620426.084636696
2018-07-17 00:00:00.000,187.69012986117556,819981812.4008155,51822650.76859368
2018-07-18 00:00:00.000,208.23835092156375,911257531.0812292,89052891.8025238
2018-07-19 00:00:00.000,207.7577603156435,910650307.4455384,96045321.1296954
2018-07-20 00:00:00.000,198.64664636939116,872132028.512476,92769680.91641743
2018-07-21 00:00:00.000,183.74756521377248,808044847.5172381,51111663.80720976
2018-07-22 00:00:00.000,188.72966400995443,831289294.141846,32419976.916226864
2018-07-23 00:00:00.000,191.4683299377649,844745108.2377356,40620498.135709226
2018-07-24 00:00:00.000,191.77760885861528,847500013.2378266,97827810.68709084
2018-07-25 00:00:00.000,222.01436487274307,982689694.9281986,168419716.41485718
2018-07-26 00:00:00.000,221.45285600840273,981768330.622402,112382482.1106484
2018-07-27 00:00:00.000,217.7703507106088,967005159.1363828,124656947.98744585
2018-07-28 00:00:00.000,219.5715024818248,976553863.5411493,110592461.282734
2018-07-29 00:00:00.000,220.0163691244865,980111044.8457708,119467621.4707703
2018-07-30 00:00:00.000,218.47380825012337,974828766.9507488,147424265.42218086
2018-07-31 00:00:00.000,215.77878966865745,964343731.995374,153971981.86909053
2018-08-01 00:00:00.000,208.58893619028777,933718388.1962458,141290847.44680262
2018-08-02 00:00:00.000,197.3212760112476,884698573.8022542,144617132.8187957
2018-08-03 00:00:00.000,186.5010833612736,837526243.2093264,117354750.44400302
2018-08-04 00:00:00.000,185.7282319169595,835378888.7291458,119924803.70609416
2018-08-05 00:00:00.000,174.61948747628608,786655334.2216852,85499898.34672248
2018-08-06 00:00:00.000,178.82380508268122,806901067.4306737,83019767.49015865
2018-08-07 00:00:00.000,181.3993308053759,819792326.9796476,108427422.8006402
2018-08-08 00:00:00.000,178.1254572615207,806292675.2830287,38336094.49299115
2018-08-09 00:00:00.000,159.65417525961158,723813158.1499519,101981752.61555745
2018-08-10 00:00:00.000,173.89991383552928,789645815.6188327,90747532.65020196
2018-08-11 00:00:00.000,160.23395411532823,728731004.3077409,88073101.79030356
2018-08-12 00:00:00.000,156.63681756269085,713509094.42124,84491187.0342205
2018-08-13 00:00:00.000,157.37133991482145,717993951.9400047,87244798.61270766
2018-08-14 00:00:00.000,143.38145205220093,655162726.3369502,85813489.19176748
2018-08-15 00:00:00.000,133.6231161937432,611542059.0057138,71510934.25973104
2018-08-16 00:00:00.000,135.4170255874269,618419386.3224052,82166309.88024954
2018-08-17 00:00:00.000,139.69760495451405,641103161.2904596,82391884.41859457
2018-08-18 00:00:00.000,152.58989782640697,701218797.2440003,87611863.5083415
2018-08-19 00:00:00.000,142.98112534537893,661217139.3254644,70578257.59430978
2018-08-20 00:00:00.000,143.77136741975195,663123436.7893406,89772768.37028365
2018-08-21 00:00:00.000,130.55423547380806,603115742.8241394,80976282.01170889
2018-08-22 00:00:00.000,134.23068820693706,621127125.3222774,60698275.765588395
2018-08-23 00:00:00.000,129.48516015308917,590534231.0879964,70191070.12807861
2018-08-24 00:00:00.000,133.01715882492303,617290401.2526585,92014124.9107624
2018-08-25 00:00:00.000,140.58989525134123,646909368.9474046,97873006.85279869
2018-08-26 00:00:00.000,138.8211717651121,646295747.5503824,91233711.28205082
2018-08-27 00:00:00.000,135.97155428065346,633988617.3889033,111660193.98131314
2018-08-28 00:00:00.000,151.78357572741592,708087133.8466344,128909467.19343504
2018-08-29 00:00:00.000,155.68722021294087,725029718.8327569,98121952.17250554
2018-08-30 00:00:00.000,153.70142967506357,719856471.3373234,79228313.5785647
2018-08-31 00:00:00.000,150.05901955327204,703932100.9612619,111610381.1434684
2018-09-01 00:00:00.000,150.176768269967,705611992.4551005,111620431.62819657
2018-09-02 00:00:00.000,157.68411365372458,742038023.3709496,137673283.47167984
2018-09-03 00:00:00.000,155.18425114026877,731248187.4748386,115817223.41654591
2018-09-04 00:00:00.000,157.26288180070117,742284877.7765223,97303298.3483104
2018-09-05 00:00:00.000,156.38962058785458,739273144.0467583,109322346.1666932
2018-09-06 00:00:00.000,133.83563570112526,633688544.4810684,123888713.94816564
2018-09-07 00:00:00.000,131.6280411300454,623166872.1861248,103924102.09519596
2018-09-08 00:00:00.000,125.21178920283177,594592506.8603913,80409763.238281
2018-09-09 00:00:00.000,121.54545064127429,578076005.2763116,71348008.35467413
2018-09-10 00:00:00.000,119.51411990958792,569296022.9043167,87836528.25922738
2018-09-11 00:00:00.000,119.56771969366991,569868872.7504799,84176091.82391384
2018-09-12 00:00:00.000,112.14192943286297,535976257.6143054,70245106.92246205
2018-09-13 00:00:00.000,110.8384534443584,530338997.63565195,85438923.41761445
2018-09-14 00:00:00.000,118.71258317259802,569152589.4627236,90964471.64046696
2018-09-15 00:00:00.000,119.10659776415288,571572457.773742,81531820.25604925
2018-09-16 00:00:00.000,121.190708127658,579867163.3646883,83210575.80466755
2018-09-17 00:00:00.000,118.80040251754036,571810839.8999407,80976307.1398823
2018-09-18 00:00:00.000,108.03959096936336,520841431.8078788,80232889.64068986
2018-09-19 00:00:00.000,112.21653308322765,541735575.817901,94856528.01421562
2018-09-20 00:00:00.000,113.40421331588168,548361030.1347802,86351702.61664514
2018-09-21 00:00:00.000,120.34505990243548,582620865.326593,91950785.2756605
2018-09-22 00:00:00.000,126.40524501649384,612851661.8773205,114474419.13332283
2018-09-23 00:00:00.000,124.30599346772584,603688147.9610825,94536786.2735588
2018-09-24 00:00:00.000,130.83789097486857,640398940.4086051,119490460.89348485
2018-09-25 00:00:00.000,138.87772921184094,676586441.1332852,150269487.53831193
2018-09-26 00:00:00.000,135.09237868013662,658355423.7311115,108811808.98487544
2018-09-27 00:00:00.000,132.5553100350218,647626343.5602052,114495392.4149324
2018-09-28 00:00:00.000,144.08337057042485,704833170.8811643,121530341.6652447
2018-09-29 00:00:00.000,135.82815205586903,665490254.319786,152645824.82049468
2018-09-30 00:00:00.000,133.3117076135495,654090079.7583623,135019086.54890895
2018-10-01 00:00:00.000,131.8771581826111,648023289.484337,144590727.58463722
2018-10-02 00:00:00.000,127.66978126413396,626329732.5974696,140791765.99250582
2018-10-03 00:00:00.000,125.89207517955738,620328810.6833942,133321031.2585536
2018-10-04 00:00:00.000,122.21972464663322,603747672.9950473,136819983.61908716
2018-10-05 00:00:00.000,123.93097657924342,612512584.1842235,172722825.29543445
2018-10-06 00:00:00.000,128.6078173473999,636168893.7959776,144159770.5136659
2018-10-07 00:00:00.000,126.20637554525612,625573469.1419673,144962309.86283424
2018-10-08 00:00:00.000,125.85922869836058,624710944.058722,139583221.84914953
2018-10-09 00:00:00.000,127.16263013374936,632049291.4243622,168370124.50748038
2018-10-10 00:00:00.000,126.14914748784976,627989390.6272415,186684437.11662948
2018-10-11 00:00:00.000,123.91933013644427,617811022.8732527,175870830.58930272
2018-10-12 00:00:00.000,111.40698301784784,557527595.9691527,306283791.85116786
2018-10-13 00:00:00.000,110.46739787404948,547917690.2646595,57411985.72992537
2018-10-14 00:00:00.000,112.62802817295794,563906771.2014291,215634522.07077736
2018-10-15 00:00:00.000,109.9754787273402,551592679.2881283,231951057.99239248
2018-10-16 00:00:00.000,113.4355541148146,569511977.0953832,216167447.43280488
2018-10-17 00:00:00.000,115.98984248907996,581601171.3582416,223888565.24578813
2018-10-18 00:00:00.000,121.28918306034778,610785658.6088657,108223364.67697494
2018-10-19 00:00:00.000,118.05440259457669,595344123.1574527,183495783.429889
2018-10-20 00:00:00.000,120.33498940692638,607669903.9379019,168890119.0960862
2018-10-21 00:00:00.000,125.32769024759818,632073805.5145873,220434611.9433133
2018-10-22 00:00:00.000,124.95623177354771,632729344.6699251,246444153.4868577
2018-10-23 00:00:00.000,122.24223497198032,619929338.2553095,202768041.00210145
2018-10-24 00:00:00.000,119.45164641262456,606643398.6072049,345110277.86168456
2018-10-25 00:00:00.000,124.35338387116524,632413900.6411453,289770491.0724853
2018-10-26 00:00:00.000,124.09155273015178,631961101.5463938,226478238.42622292
2018-10-27 00:00:00.000,120.86940074205548,616440195.2914851,164851009.22068587
2018-10-28 00:00:00.000,118.86436411409308,607161496.9256258,224866856.2791161
2018-10-29 00:00:00.000,122.08224359404971,624307811.3959733,330112945.0495336
2018-10-30 00:00:00.000,114.88454754270565,588873377.5846694,270625801.07609326
2018-10-31 00:00:00.000,114.68287086903294,588392374.9606953,387241322.3493383
2018-11-01 00:00:00.000,114.79151393966636,589427792.6025734,399650738.2168177
2018-11-02 00:00:00.000,116.01032869762462,597721121.7737768,547150589.4800463
2018-11-03 00:00:00.000,119.08558908965944,613329155.2070395,333541305.3146417
2018-11-04 00:00:00.000,117.16931322342478,604315753.0734359,521759103.86931616
2018-11-05 00:00:00.000,121.41031417253794,626988263.3788127,647722649.4291645
2018-11-06 00:00:00.000,121.74762479112454,629642952.0549135,718951298.7073935
2018-11-07 00:00:00.000,130.16378584843983,674369701.9175175,621671896.4342918
2018-11-08 00:00:00.000,129.03047873831878,672116692.637459,775174409.7538557
2018-11-09 00:00:00.000,138.21356890782687,716984842.6210622,945566234.6553912
2018-11-10 00:00:00.000,134.70305612617145,696254562.713127,499008103.8381991
2018-11-11 00:00:00.000,131.11254058851924,684109223.9959757,707705138.8688958
2018-11-12 00:00:00.000,129.6698761333676,670895979.4699794,721154754.9931717
2018-11-13 00:00:00.000,134.39865879057214,698932503.6654007,356420364.4482732
2018-11-14 00:00:00.000,128.49417660635834,672404554.4984435,266532868.8706951
2018-11-15 00:00:00.000,112.71960935298566,588147946.5625719,223236811.8644663
2018-11-16 00:00:00.000,112.91869674160353,592064739.9777447,555243331.086634
2018-11-17 00:00:00.000,110.9343331488242,580782630.9405283,231563899.68504605
2018-11-18 00:00:00.000,113.03918542103328,594349913.8885074,276275119.39032763
2018-11-19 00:00:00.000,113.96862214472856,600029879.6936264,171568924.06654572
2018-11-20 00:00:00.000,99.57000322239637,527904724.33231086,255273042.192331
2018-11-21 00:00:00.000,84.5369857280759,441460630.0195731,121117916.55201082
2018-11-22 00:00:00.000,85.92247088296274,454712938.43766,119188561.93937583
2018-11-23 00:00:00.000,78.53719657160693,416673361.5789693,111261011.68330929
2018-11-24 00:00:00.000,78.34958588531825,415991748.406342,119194287.53393194
2018-11-25 00:00:00.000,68.04458590079811,360943922.34331435,120129291.214637
2018-11-26 00:00:00.000,70.72859551613146,375927704.80418,112795102.87971804
2018-11-27 00:00:00.000,67.08578796162973,358702913.11796695,448033450.5405319
2018-11-28 00:00:00.000,73.48500519797538,393630412.0160502,515457776.3649777
2018-11-29 00:00:00.000,80.82492385462689,426230967.590053,214441284.66152385
2018-11-30 00:00:00.000,88.5944534671645,473303768.95716536,550876651.6600772
2018-12-01 00:00:00.000,80.55072754399765,431240745.1895325,176660123.49654073
2018-12-02 00:00:00.000,79.83855013310918,429927046.0946714,193692552.63316855
2018-12-03 00:00:00.000,78.95068803622769,423320018.8212222,200969694.6355366
2018-12-04 00:00:00.000,71.03910361979474,381569126.89525944,150258595.5421498
2018-12-05 00:00:00.000,74.57197982458565,401127486.84524834,166826590.88124627
2018-12-06 00:00:00.000,66.43283659464247,357992918.65328294,163290583.95389166
2018-12-07 00:00:00.000,58.11193078110708,313452485.83718514,231298656.3584172
2018-12-08 00:00:00.000,58.671524645463144,315321850.06386757,191601363.2129109
2018-12-09 00:00:00.000,56.72648785706594,306856623.8672962,134945196.61320037
2018-12-10 00:00:00.000,59.702028663433424,323036638.09383035,162211767.22645766
2018-12-11 00:00:00.000,55.55782759821149,301243891.44186395,151191538.11105064
2018-12-12 00:00:00.000,53.53668498389809,290766802.4009055,225750293.30199504
2018-12-13 00:00:00.000,54.75971396766746,297671738.82587034,160006837.1166623
2018-12-14 00:00:00.000,51.41083058834608,279807646.50968665,140871825.8583714
2018-12-15 00:00:00.000,49.070590177955495,267472296.89703935,145740045.71087953
2018-12-16 00:00:00.000,49.8947005686023,272360281.5568476,102236902.55990805
2018-12-17 00:00:00.000,51.2150223903376,279400551.03244114,107631303.54125136
2018-12-18 00:00:00.000,55.69185170139296,304944299.5202425,173894998.37999746
2018-12-19 00:00:00.000,57.840584211802216,317889856.155995,163956368.74046513
2018-12-20 00:00:00.000,56.89243687544235,312394537.23364544,144076407.14482266
2018-12-21 00:00:00.000,63.37788478479233,345074186.9735632,173337554.3702539
2018-12-22 00:00:00.000,60.88223868019251,334604630.2512944,148637395.37325194
2018-12-23 00:00:00.000,62.45402468214817,342580470.93069506,138003972.1714926
2018-12-24 00:00:00.000,64.09398272773441,353225759.4802119,118495386.07740384
2018-12-25 00:00:00.000,67.37676557350856,372643692.0493128,267489690.46774483
2018-12-26 00:00:00.000,60.14626161665595,330574507.57227147,142886200.02028736
2018-12-27 00:00:00.000,60.15812403225361,333208623.68743163,412313501.7697131
2018-12-28 00:00:00.000,55.98907653471933,311977899.381148,507810748.035128
2018-12-29 00:00:00.000,61.884341910270486,343126109.7046958,749330266.8658234
2018-12-30 00:00:00.000,60.60588702639903,337880176.79836607,652982178.2299924
2018-12-31 00:00:00.000,59.28596945972835,330017562.9300508,606639540.0293113
2019-01-01 00:00:00.000,56.205510435540546,313231646.6833842,522863285.6667695
2019-01-02 00:00:00.000,58.849641194397925,327701909.93024254,178173702.7747839
2019-01-03 00:00:00.000,60.22867361686871,336798101.9358928,199880880.34805167
2019-01-04 00:00:00.000,57.5893816734481,322202743.5403899,105092402.94318464
2019-01-05 00:00:00.000,58.02541720988011,326136274.3404793,230507639.54740664
2019-01-06 00:00:00.000,57.22126969193821,320643912.814548,286787583.3389763
2019-01-07 00:00:00.000,60.67427007640921,340631087.77751243,310924571.4131624
2019-01-08 00:00:00.000,60.46258203867912,339609122.8768676,819308925.9212891
2019-01-09 00:00:00.000,59.659361064230275,336609530.39833945,877564624.4638376
2019-01-10 00:00:00.000,59.630094058879195,336869304.21162176,647459372.2267556
2019-01-11 00:00:00.000,54.39261158907431,307263500.3970287,610942003.8440889
2019-01-12 00:00:00.000,56.005502939613145,315033773.53554165,862960566.1495556
2019-01-13 00:00:00.000,55.74368893948785,315461279.466726,812111637.9022822
2019-01-14 00:00:00.000,52.6163240253838,298075332.44498044,755974343.5715697
2019-01-15 00:00:00.000,55.47833957754307,314577682.3136946,926602400.8722842
2019-01-16 00:00:00.000,53.101309191155266,301163802.7439177,656805636.2861326
2019-01-17 00:00:00.000,53.17838036250571,302107094.5728946,226441349.55164635
2019-01-18 00:00:00.000,53.94821608667638,307189479.2613673,272897965.0912125
2019-01-19 00:00:00.000,52.61062738378229,300010100.9287347,841343768.6823862
2019-01-20 00:00:00.000,53.43958277574788,304745019.2670841,860910487.3118677
2019-01-21 00:00:00.000,52.22107448052925,298281675.7870029,572687121.43603
2019-01-22 00:00:00.000,51.593764624080094,295230964.24021935,659869287.0160478
2019-01-23 00:00:00.000,51.91835167106939,297553664.3014592,597586528.1470288
2019-01-24 00:00:00.000,51.80100292571768,297098816.49307215,536167358.9916836
2019-01-25 00:00:00.000,52.69277740667603,302763393.57226014,698947047.8676423
2019-01-26 00:00:00.000,51.837642981694685,297696223.20244217,815818750.4228336
2019-01-27 00:00:00.000,51.65921893207401,297446816.0517919,637482988.0737389
2019-01-28 00:00:00.000,51.08033354480498,294873230.0746344,261505056.80662864
2019-01-29 00:00:00.000,48.948544608279974,282619412.7876907,662852619.6275108
2019-01-30 00:00:00.000,48.49348456890205,280288620.7080133,118969471.02236734
2019-01-31 00:00:00.000,49.15594745943615,284593417.27781004,621467210.01558
2019-02-01 00:00:00.000,48.177910370346936,279202131.73793364,676525904.9130342
2019-02-02 00:00:00.000,47.88613924594855,278430497.34666884,712638871.9761147
2019-02-03 00:00:00.000,48.43818912766335,281408622.72684735,465916564.3938077
2019-02-04 00:00:00.000,47.87171261949503,278455689.9920206,374410719.7258405
2019-02-05 00:00:00.000,48.61559101784521,283132036.68138486,137692853.4825734
2019-02-06 00:00:00.000,48.24467257287988,282279480.1609568,145154480.07576394
2019-02-07 00:00:00.000,46.6266583078965,272218962.11592,143537635.5391658
2019-02-08 00:00:00.000,46.45439007778965,271544201.4207736,212260185.6912867
2019-02-09 00:00:00.000,49.57286025040749,288736784.39386076,223002535.5718473
2019-02-10 00:00:00.000,50.11299256079126,293569915.79948837,139102152.1513316
2019-02-11 00:00:00.000,50.00153029751804,292862769.60293716,253752466.9994758
2019-02-12 00:00:00.000,50.689617960386045,300952616.45815337,298203206.00785404
2019-02-13 00:00:00.000,53.62117405781115,314799196.0058542,189619199.29517895
2019-02-14 00:00:00.000,52.54863537022102,311440262.4651871,286713843.4824339
2019-02-15 00:00:00.000,51.36018150460858,302798123.0751671,278847954.94620234
2019-02-16 00:00:00.000,50.81501377481838,299944829.0271122,241981645.08174384
2019-02-17 00:00:00.000,51.0107301176506,300959716.42964864,321047136.51078796
2019-02-18 00:00:00.000,51.62977245324485,305183308.6199691,257851355.0792363
2019-02-19 00:00:00.000,54.59881817028983,323454659.8470446,162565126.73195443
2019-02-20 00:00:00.000,54.815925350859835,323665178.5648243,294216766.6963107
2019-02-21 00:00:00.000,54.672333981678825,324540100.0465563,179521662.28485203
2019-02-22 00:00:00.000,52.93775595535067,314684213.7917199,179231014.17005897
2019-02-23 00:00:00.000,53.47059016013366,318302736.82594013,216817491.12355724
2019-02-24 00:00:00.000,56.29306356237979,335509121.6533144,176402528.00512177
2019-02-25 00:00:00.000,51.36426773573721,306185329.7906396,183881138.7818136
2019-02-26 00:00:00.000,52.02127677683983,310405801.45406514,181120314.376115
2019-02-27 00:00:00.000,51.861713492255646,310203384.13261265,146043234.75197655
2019-02-28 00:00:00.000,51.97458225350511,310489060.0872978,220246387.95207125
2019-03-01 00:00:00.000,50.949605518925694,305400687.22639376,246229937.7558528
2019-03-02 00:00:00.000,51.39649422884053,308170571.06282926,217787855.45978704
2019-03-03 00:00:00.000,51.0901782072193,307061659.78124315,250000029.3073609
2019-03-04 00:00:00.000,50.274285335718346,301847988.43575996,157108878.83123806
2019-03-05 00:00:00.000,48.307658888168575,291029189.0489036,167295396.69649157
2019-03-06 00:00:00.000,50.47185806697115,304431421.7516628,171949552.15916383
2019-03-07 00:00:00.000,50.3179416737608,303836001.55676425,161274224.33629093
2019-03-08 00:00:00.000,50.22593694760813,303665700.8731328,183907709.14513233
2019-03-09 00:00:00.000,49.01047810161611,296642873.3888723,227283631.4437483
2019-03-10 00:00:00.000,51.23176977386213,310478293.3677312,201470865.934663
2019-03-11 00:00:00.000,50.61984352264488,307137482.4437579,219134734.47940975
2019-03-12 00:00:00.000,49.173938109446425,300578164.61441916,230591544.9696295
2019-03-13 00:00:00.000,53.234218202892656,323685093.6680014,234450901.07844308
2019-03-14 00:00:00.000,50.92076238632498,310148736.6769138,220007166.46448463
2019-03-15 00:00:00.000,52.264861126703835,318513023.78231746,230299756.15076163
2019-03-16 00:00:00.000,52.955107587062734,325463820.6358959,207266333.43814203
2019-03-17 00:00:00.000,54.373058128750074,333017595.5220226,117809915.94197115
2019-03-18 00:00:00.000,53.60806880317715,327935791.0953132,76358613.64423269
2019-03-19 00:00:00.000,53.78254630247562,330331912.23827744,157754932.94186074
2019-03-20 00:00:00.000,56.06344692555866,343531105.95078874,172668093.7032053
2019-03-21 00:00:00.000,58.74026213515186,360619639.7113783,222719663.5653716
2019-03-22 00:00:00.000,55.43023064790235,340693994.4061099,190375725.68220317
2019-03-23 00:00:00.000,55.126059738064114,339216839.4764406,147697536.63343203
2019-03-24 00:00:00.000,56.74190000435557,348977329.34474915,144340676.61959627
2019-03-25 00:00:00.000,57.26495436641606,352762801.1683911,147661994.80487326
2019-03-26 00:00:00.000,55.115189161493454,340475346.5867044,182448221.66943663
2019-03-27 00:00:00.000,54.45744090451704,336659643.62078655,145271512.15642026
2019-03-28 00:00:00.000,57.069449607586385,353385624.07397723,210861004.76793084
2019-03-29 00:00:00.000,56.043568618708775,347296040.74980617,150194454.9634268
2019-03-30 00:00:00.000,57.16263219966539,355001677.61379236,184965504.636019
2019-03-31 00:00:00.000,57.12122974774112,354830320.5679361,157565688.05847996
2019-04-01 00:00:00.000,58.63074868973025,364166696.38589185,110890126.29078652
2019-04-02 00:00:00.000,62.81802606260435,391018401.0932991,166982288.3002192
2019-04-03 00:00:00.000,69.97080241382166,435891949.98689425,448924053.6027096
2019-04-04 00:00:00.000,69.00030475713052,435635081.2809342,538990222.3338963
2019-04-05 00:00:00.000,66.9368503596632,419229228.1039986,312643696.4444185
2019-04-06 00:00:00.000,71.87296401538424,448925120.0741837,287455241.1107326
2019-04-07 00:00:00.000,70.74642615846754,443291710.99625057,283072849.308012
2019-04-08 00:00:00.000,74.0470775560026,462562544.1871109,326926578.83669794
2019-04-09 00:00:00.000,72.43451563053021,454031093.20742834,448686178.65467614
2019-04-10 00:00:00.000,70.46671603968473,442964906.32260215,257558656.06646845
2019-04-11 00:00:00.000,72.03421515333169,453380028.3694097,282803771.1935277
2019-04-12 00:00:00.000,69.95380677142474,440743330.0108155,378912418.2658149
2019-04-13 00:00:00.000,71.59262421420217,451438111.63317007,234714033.4969564
2019-04-14 00:00:00.000,69.45587078063087,438271517.7665211,156704398.43196356
2019-04-15 00:00:00.000,69.79345780930771,440764070.6005446,182419408.8286299
2019-04-16 00:00:00.000,67.59209888049635,427440019.713426,213711987.61495128
2019-04-17 00:00:00.000,69.47613611854283,439892179.66901416,170017352.59537464
2019-04-18 00:00:00.000,70.63291393117828,447072569.6889899,200026376.3137067
2019-04-19 00:00:00.000,70.50203039912972,447994139.8465551,242374694.47123227
2019-04-20 00:00:00.000,69.57552442618255,442386411.54844534,254218576.8288446
2019-04-21 00:00:00.000,69.47746340634927,442856363.9031966,210566542.05170143
2019-04-22 00:00:00.000,68.58960055659045,436660924.547635,244155011.95829543
2019-04-23 00:00:00.000,69.23427022163895,441895115.36839855,231420745.4469576
2019-04-24 00:00:00.000,67.2522075874027,432019296.8628491,262221825.5212957
2019-04-25 00:00:00.000,64.88253130226349,414608930.1338402,283571764.9919796
2019-04-26 00:00:00.000,61.52970759165355,392812898.15138686,242730735.27284977
2019-04-27 00:00:00.000,61.90924506433087,394362457.946322,266901274.09079853
2019-04-28 00:00:00.000,61.22064600875476,392192871.6700279,174797806.58509544
2019-04-29 00:00:00.000,60.11251797942731,385552216.54872406,164566219.3410754
2019-04-30 00:00:00.000,57.57211087427787,370117979.1381057,208054022.9130352
2019-05-01 00:00:00.000,60.22958895464241,387479156.9207125,226241659.6037641
2019-05-02 00:00:00.000,60.579284254135665,390101602.75328606,194485885.23561913
2019-05-03 00:00:00.000,59.55842866859215,384019859.0250016,225492949.8507163
2019-05-04 00:00:00.000,62.29295292288786,402479746.95534927,303381808.49364245
2019-05-05 00:00:00.000,60.5705900946794,391408732.602211,242043389.8834489
2019-05-06 00:00:00.000,59.28215204453846,383173497.6704024,171921463.4883988
2019-05-07 00:00:00.000,59.91573949893409,388053290.76357496,315109770.72589064
2019-05-08 00:00:00.000,57.58473790025101,375675074.49493337,351450356.1494085
2019-05-09 00:00:00.000,57.79847563639139,375916282.4005099,182382754.7875152
2019-05-10 00:00:00.000,56.569787845488335,367695575.35601795,201688532.39158344
2019-05-11 00:00:00.000,57.49756563401795,372377298.3678202,255996430.33056703
2019-05-12 00:00:00.000,64.25164785133686,422381638.1325572,540919545.5393511
2019-05-13 00:00:00.000,60.41407913983467,393195888.77094537,495148784.05049753
2019-05-14 00:00:00.000,63.55817500744145,414887261.077485,455941320.71789664
2019-05-15 00:00:00.000,67.96000754192944,445563636.74053586,581896976.4760758
2019-05-16 00:00:00.000,77.37126554792833,504464676.6539414,582333694.5865864
2019-05-17 00:00:00.000,75.28061715789532,490751847.1151855,1079083616.23223
2019-05-18 00:00:00.000,73.1260261724999,480509200.656877,932470176.0230172
2019-05-19 00:00:00.000,72.12876351444643,474487518.8581614,424070012.1875401
2019-05-20 00:00:00.000,77.80659863366702,511252622.68859786,545683908.501635
2019-05-21 00:00:00.000,76.46411448174952,503881101.62036335,488990398.24998367
2019-05-22 00:00:00.000,75.05783679477811,493502427.62552035,402723312.44158006
2019-05-23 00:00:00.000,70.29361009828557,463481415.69273096,443024944.3662517
2019-05-24 00:00:00.000,71.74263221162963,475170606.02051544,401967947.5649608
2019-05-25 00:00:00.000,72.18194065363481,477888275.289364,304381392.8364289
2019-05-26 00:00:00.000,72.17120368358464,476713212.54717773,270898964.91149855
2019-05-27 00:00:00.000,75.5666135225445,501108298.79507583,346141729.9550085
2019-05-28 00:00:00.000,76.85305010087399,509949902.00846714,487330397.9498562
2019-05-29 00:00:00.000,85.88181243339108,570025579.9881634,798108482.149176
2019-05-30 00:00:00.000,85.11440024746419,568436610.3403767,449034755.2033321
2019-05-31 00:00:00.000,83.50448978784127,554965046.1048778,836320671.2246529
2019-06-01 00:00:00.000,90.60722059236078,601329246.0695573,585430403.7964662
2019-06-02 00:00:00.000,86.31505499517402,574796713.0435628,495516316.149766
2019-06-03 00:00:00.000,88.75417906070096,591815376.4957052,390919854.5143986
2019-06-04 00:00:00.000,84.07519879001244,560225436.050061,427514713.819564
2019-06-05 00:00:00.000,77.603299050558,517496807.2886745,520935681.8356635
2019-06-06 00:00:00.000,80.59263921532107,538792905.3017318,404791699.2355576
2019-06-07 00:00:00.000,80.16570430039293,536550475.131516,349812201.05883867
2019-06-08 00:00:00.000,83.76939500483088,562014836.9365778,399301629.1951173
2019-06-09 00:00:00.000,80.78898828243713,542236041.8496971,312597309.9251377
2019-06-10 00:00:00.000,77.46388061816913,520107819.1290914,349318536.7430891
2019-06-11 00:00:00.000,80.28685204668788,539442630.786149,341028771.10478246
2019-06-12 00:00:00.000,79.74976899981853,538914103.2620918,338478349.9436068
2019-06-13 00:00:00.000,89.80728713588576,603440380.3899628,487825019.26270574
2019-06-14 00:00:00.000,87.83311456797065,592241167.0008765,460440598.38225704
2019-06-15 00:00:00.000,90.63802484685948,613598034.914827,501079201.3897957
2019-06-16 00:00:00.000,92.22293940198364,624046012.4154388,438523050.9442335
2019-06-17 00:00:00.000,93.79083472693294,636164945.2713137,540358240.706289
2019-06-18 00:00:00.000,102.70248257704291,701701271.6923126,572056710.968223
2019-06-19 00:00:00.000,112.57829540499608,764789119.9686966,729161382.1364505
2019-06-20 00:00:00.000,111.02255108953976,753929712.3164375,581436513.7831327
2019-06-21 00:00:00.000,109.43367445286472,744866580.1026951,456309034.56549
2019-06-22 00:00:00.000,109.44946854369884,747286472.4669775,643237250.1567172
2019-06-23 00:00:00.000,112.9264981368082,770226715.0833927,871013357.0116627
2019-06-24 00:00:00.000,109.6375878636766,747485426.202088,566293180.4718237
2019-06-25 00:00:00.000,109.239898455497,745740332.6195227,539062418.8596596
2019-06-26 00:00:00.000,105.45332730409842,720213085.1176817,504053953.35854554
2019-06-27 00:00:00.000,114.01725550433297,784817810.7891723,1141654958.9290564
2019-06-28 00:00:00.000,105.09224373792324,717371712.3778775,1004346240.374816
2019-06-29 00:00:00.000,111.94087267790472,768528416.6393071,728598683.1395855
2019-06-30 00:00:00.000,114.21741294097448,783123746.3107282,608702062.5406866
2019-07-01 00:00:00.000,103.461581405588,712233610.1875193,583800822.2202818
2019-07-02 00:00:00.000,104.0378539059017,715521688.0924596,531421036.99615216
2019-07-03 00:00:00.000,101.78501539436655,697932719.9124942,547867574.0822686
2019-07-04 00:00:00.000,106.06233119456414,730401942.3005488,456523631.49587625
2019-07-05 00:00:00.000,101.22153921289194,696737016.442193,345180269.3935647
2019-07-06 00:00:00.000,100.38284611196303,693298400.5861561,446480417.48867285
2019-07-07 00:00:00.000,104.14809556710752,720207871.580098,342667810.4354963
2019-07-08 00:00:00.000,106.65059194440131,737481219.5113546,347529144.7091545
2019-07-09 00:00:00.000,105.02491096914166,726903809.9764814,368688198.7198769
2019-07-10 00:00:00.000,100.84483581265242,697646433.3201225,386692431.48423904
2019-07-11 00:00:00.000,97.5886037947528,677977899.9697824,476895400.5925022
2019-07-12 00:00:00.000,88.10000241682897,610535914.8096516,445799427.2366223
2019-07-13 00:00:00.000,93.33297684497056,648336837.6602465,400201304.8154002
2019-07-14 00:00:00.000,89.90613915875065,624836543.5408667,371010234.2317214
2019-07-15 00:00:00.000,81.89879010152033,569822205.409151,454190901.3043847
2019-07-16 00:00:00.000,80.87851935614206,564423444.8243959,593150487.2344282
2019-07-17 00:00:00.000,67.36984336987938,472063784.0898569,459794015.70897114
2019-07-18 00:00:00.000,73.9195053890074,517115131.1184117,485090687.30479056
2019-07-19 00:00:00.000,79.17557163554758,557641166.8962073,474001466.314093
2019-07-20 00:00:00.000,75.50453966816981,528760127.9607974,344496429.953779
2019-07-21 00:00:00.000,78.128464235768,543641475.2382607,319933703.8005204
2019-07-22 00:00:00.000,75.46004742982846,530092218.3137202,273728407.5663486
2019-07-23 00:00:00.000,73.01403083295914,513493510.4933616,281326504.6753149
2019-07-24 00:00:00.000,70.9698669145468,498851465.154968,287027072.8296492
2019-07-25 00:00:00.000,71.00439618988541,499934191.8933908,308781699.0827439
2019-07-26 00:00:00.000,70.03630613729962,494590342.8380316,261192044.6051313
2019-07-27 00:00:00.000,71.50984379946692,504433908.2094893,216437162.2325956
2019-07-28 00:00:00.000,68.93092579192088,486665050.7286237,259887464.89455304
2019-07-29 00:00:00.000,68.7836290447227,486666113.7421352,220571785.81326163
2019-07-30 00:00:00.000,67.43968171587622,476452939.1178403,233607034.62303177
2019-07-31 00:00:00.000,66.61985973756303,472023158.4279569,208575919.70625085
2019-08-01 00:00:00.000,67.98202691286474,481549311.2383291,245506300.75051793
2019-08-02 00:00:00.000,67.48607516746999,478755930.3055374,225150870.3122902
2019-08-03 00:00:00.000,66.57921365522367,473163138.28985584,221961489.36895904
2019-08-04 00:00:00.000,65.08818671589425,462434469.0629284,198629745.25200257
2019-08-05 00:00:00.000,65.95908820996159,469654864.5854072,236796579.33677664
2019-08-06 00:00:00.000,66.73809452791323,476739920.050204,268206927.10327068
2019-08-07 00:00:00.000,62.396781055803935,445577912.7541224,315964054.3152299
2019-08-08 00:00:00.000,62.27483657580744,443928618.9292917,243134828.37303936
2019-08-09 00:00:00.000,62.49926789312243,446204682.8160577,242601211.3946583
2019-08-10 00:00:00.000,58.61847136035941,419478302.7097951,201283193.97005165
2019-08-11 00:00:00.000,56.508958046001425,404467431.2625704,176278805.7352783
2019-08-12 00:00:00.000,59.99130645837223,430598902.8564019,171744634.04988936
2019-08-13 00:00:00.000,56.78406119366328,407288251.3642632,136140586.82594556
2019-08-14 00:00:00.000,55.39000329272678,398038332.8206721,216885545.37780297
2019-08-15 00:00:00.000,50.57517096134536,362280662.37440497,276227829.37871367
2019-08-16 00:00:00.000,50.78656395459218,363364454.55711377,201796893.33951128
2019-08-17 00:00:00.000,48.872905361755734,353600825.51948255,190278016.49996048
2019-08-18 00:00:00.000,50.047812248102794,361102017.91998166,168635361.74569994
2019-08-19 00:00:00.000,52.691015052838736,380506331.53953266,202594064.69916672
2019-08-20 00:00:00.000,54.19350949722256,391721776.69252986,175996970.79075396
2019-08-21 00:00:00.000,52.04864455940156,376156001.7765803,157233134.61615387
2019-08-22 00:00:00.000,49.92205021287063,361102840.89704245,207625792.867994
2019-08-23 00:00:00.000,50.87335544386631,368830862.5652543,139538052.5597885
2019-08-24 00:00:00.000,50.927342153475685,369779859.0043222,155331660.35159448
2019-08-25 00:00:00.000,50.055070854019874,363954933.1824662,111205083.481114
2019-08-26 00:00:00.000,50.04881179290819,363850696.4237393,106952641.65226944
2019-08-27 00:00:00.000,51.49028271667312,374800056.8593143,196361629.38064176
2019-08-28 00:00:00.000,50.53601151120638,368155513.92150134,145944186.47852486
2019-08-29 00:00:00.000,46.71875253965403,340674847.58674675,200927059.7831537
2019-08-30 00:00:00.000,44.94545465902013,328110527.19268715,173687427.3743492
2019-08-31 00:00:00.000,44.68671346456137,326479155.24625105,151542318.46552384
2019-09-01 00:00:00.000,44.67938847784543,326813251.1909381,143328658.2793743
2019-09-02 00:00:00.000,45.15009549948391,330486092.44515467,132510088.82516336
2019-09-03 00:00:00.000,46.66988497561072,341741360.4746492,172025898.2879968
2019-09-04 00:00:00.000,45.60216795516969,335039878.4835162,210395051.38654855
2019-09-05 00:00:00.000,44.88188140725188,328654119.5645978,177471087.9094206
2019-09-06 00:00:00.000,44.921966568306985,330174551.2042007,138476773.24476168
2019-09-07 00:00:00.000,45.98568474896859,338443177.0431988,200021962.19852045
2019-09-08 00:00:00.000,46.97089037659365,345921952.1444103,172825618.8733807
2019-09-09 00:00:00.000,48.208431195743515,355388637.8399865,153830721.0179777
2019-09-10 00:00:00.000,47.205610534638346,348331590.4024177,196639512.69869688
2019-09-11 00:00:00.000,45.065614853461376,332851646.4029689,161685357.08046195
2019-09-12 00:00:00.000,44.44789098722928,328619648.2283876,185707778.2472143
2019-09-13 00:00:00.000,44.61141806635291,330134274.712621,158401562.6975016
2019-09-14 00:00:00.000,44.65542083304631,330784942.286688,172009446.82660353
2019-09-15 00:00:00.000,46.31149646584294,343200789.40884197,215445132.64306027
2019-09-16 00:00:00.000,46.553301927976875,345425384.1816078,223327158.8449421
2019-09-17 00:00:00.000,48.46192871421519,359934958.26794803,305093416.57359076
2019-09-18 00:00:00.000,50.82516014450578,379413443.0422222,374113140.153172
2019-09-19 00:00:00.000,52.68938811891645,391889886.7979094,354453543.14634216
2019-09-20 00:00:00.000,51.223141355475875,381180933.79897887,441980670.98171014
2019-09-21 00:00:00.000,48.844738689463355,363663331.3079963,274949265.479305
2019-09-22 00:00:00.000,47.688959595128274,356442047.8442631,258924092.43300208
2019-09-23 00:00:00.000,46.282944047094354,345866964.782154,250103761.52651417
2019-09-24 00:00:00.000,44.03308188173613,329421852.03674763,241021137.68609
2019-09-25 00:00:00.000,36.863000340947266,278231762.97184336,497010437.7243946
2019-09-26 00:00:00.000,37.919919968868655,284155133.36835283,430291403.6282576
2019-09-27 00:00:00.000,35.048139183122444,262892368.1478132,298990144.4941474
2019-09-28 00:00:00.000,37.430174445434226,281038321.6840945,290800273.8737317
2019-09-29 00:00:00.000,40.59288019985244,303891043.1859453,248296141.8505836
2019-09-30 00:00:00.000,37.79209383531154,284285120.86146927,188331792.9610512
2019-10-01 00:00:00.000,38.684922168434184,290862375.5103423,204259552.60689852
2019-10-02 00:00:00.000,37.93926166281264,286344431.111138,193830645.50548613
2019-10-03 00:00:00.000,37.98397725061367,286548038.1804779,194176409.52289897
2019-10-04 00:00:00.000,37.33182764542038,283021407.02826273,160482500.87166196
2019-10-05 00:00:00.000,37.10674784052624,280522685.9521643,156886575.89616668
2019-10-06 00:00:00.000,36.95408442731259,278956180.3420698,123660465.66658598
2019-10-07 00:00:00.000,35.550644486987224,269530008.6038729,128106901.11418444
2019-10-08 00:00:00.000,37.39230618202988,283422696.8698455,203309361.83435428
2019-10-09 00:00:00.000,36.51537360381641,277040541.98455995,174774418.53020918
2019-10-10 00:00:00.000,37.98825417998351,288487313.34797865,187988595.2295133
2019-10-11 00:00:00.000,37.5286718730223,285265520.7374084,192267639.5085383
2019-10-12 00:00:00.000,36.07839628473532,274390146.4167667,216964537.68603784
2019-10-13 00:00:00.000,36.57283813118925,278525959.78289706,139843364.78896743
2019-10-14 00:00:00.000,37.04203080733716,282426445.0132182,131790314.13286172
2019-10-15 00:00:00.000,37.0518709239618,282705543.57563525,103597346.3634827
2019-10-16 00:00:00.000,36.889351780013826,281825340.7832216,173186803.3723891
2019-10-17 00:00:00.000,35.82975025568505,273889105.09669036,146609720.03268895
2019-10-18 00:00:00.000,36.15755291446576,276793900.0352752,125701669.45956546
2019-10-19 00:00:00.000,35.849369393275374,274493233.5331542,140923042.721909
2019-10-20 00:00:00.000,35.84259522741616,274725147.2862176,128699032.0663714
2019-10-21 00:00:00.000,36.31405731922437,278553913.71207446,132254361.1310789
2019-10-22 00:00:00.000,36.8075154654904,283090126.99742603,128661391.55881172
2019-10-23 00:00:00.000,35.82778790119377,275965872.0167979,121806141.89580417
2019-10-24 00:00:00.000,32.898638595521724,252268990.73537257,244284836.20806527
2019-10-25 00:00:00.000,33.17521263690097,255477485.70152748,147351336.0135416
2019-10-26 00:00:00.000,37.061684868499114,284725968.3761919,325901625.72161716
2019-10-27 00:00:00.000,36.05031290375825,277300615.0537646,423291049.40109366
2019-10-28 00:00:00.000,37.193999810949144,287256001.95242596,299542335.62077546
2019-10-29 00:00:00.000,37.88078984157135,292472528.01643693,290503045.4528466
2019-10-30 00:00:00.000,39.156870894029595,303062623.54225916,276882254.6038113
2019-10-31 00:00:00.000,38.43107476959583,297632100.6895253,240655325.26050565
2019-11-01 00:00:00.000,37.65526970241384,292707538.1934842,192670204.79351583
2019-11-02 00:00:00.000,37.76138764130094,293022373.5725424,156892723.8997301
2019-11-03 00:00:00.000,37.66144266180626,292457755.73567456,120657336.0297469
2019-11-04 00:00:00.000,37.156803536860714,289250698.4737791,130795218.25331286
2019-11-05 00:00:00.000,37.77503792667783,293906085.5546594,165680732.15682253
2019-11-06 00:00:00.000,38.55563770645482,300255071.50260043,193369992.35515603
2019-11-07 00:00:00.000,38.92451436868815,303450744.9382266,165060305.38622385
2019-11-08 00:00:00.000,38.58543284305786,301653214.49970675,166188162.34988952
2019-11-09 00:00:00.000,36.484929491500424,284975719.21196556,180807567.7840906
2019-11-10 00:00:00.000,36.75533770452812,287293228.15411335,117709007.90406086
2019-11-11 00:00:00.000,37.56391611476173,293729851.7536577,162411003.6317117
2019-11-12 00:00:00.000,36.578081500999296,287226791.5014523,127764606.41109131
2019-11-13 00:00:00.000,36.77005753403566,288560875.8654039,147437306.13569048
2019-11-14 00:00:00.000,36.852710545192785,288897824.7919658,115258149.25703149
2019-11-15 00:00:00.000,36.39663055516046,286180244.2638151,134002798.32593204
2019-11-16 00:00:00.000,36.135626920175774,284204922.06924635,175798417.72726575
2019-11-17 00:00:00.000,35.96402126043366,282928790.98426175,112334274.80260186
2019-11-18 00:00:00.000,35.83697676426825,281804330.6546243,136822285.32953176
2019-11-19 00:00:00.000,34.73975180546345,273800059.8888865,153591261.78465685
2019-11-20 00:00:00.000,33.97919524820831,267838028.11140516,147516020.32134184
2019-11-21 00:00:00.000,33.78607776328042,266819924.13864368,148158347.28920072
2019-11-22 00:00:00.000,31.338561802623826,247298227.7611536,185372163.34504995
2019-11-23 00:00:00.000,29.092062662998767,230408107.91609743,274832176.57919705
2019-11-24 00:00:00.000,29.65389253578933,234832159.31102067,163810330.373657
2019-11-25 00:00:00.000,27.340335880753297,219546680.58975184,142572546.60293967
2019-11-26 00:00:00.000,27.28798623543527,216153401.37884483,218742340.74301723
2019-11-27 00:00:00.000,28.209515585100032,224344864.3564026,135814518.99920547
2019-11-28 00:00:00.000,28.45495898084157,226310689.37071213,204897733.89225253
2019-11-29 00:00:00.000,28.65991895773094,228499588.23330528,147807953.47885692
2019-11-30 00:00:00.000,29.332704822225377,233461273.59526947,160353598.16517976
2019-12-01 00:00:00.000,29.007280439479153,231157114.26007733,150111671.32159007
2019-12-02 00:00:00.000,27.94046536010876,222666345.6067643,166369469.28062713
2019-12-03 00:00:00.000,27.69782351055481,221301867.7169442,113045004.95004772
2019-12-04 00:00:00.000,27.31510366732143,218413962.8300687,85323454.10201594
2019-12-05 00:00:00.000,26.76872090562645,213919297.4177522,137376487.6671306
2019-12-06 00:00:00.000,30.101783951026167,241165726.3088343,148170687.28817296
2019-12-07 00:00:00.000,29.17050405706209,233361523.9635827,118888672.25569186
2019-12-08 00:00:00.000,29.50034663486045,236427805.21472064,96054392.4155266
2019-12-09 00:00:00.000,29.245070546259285,235116436.91062245,94084521.37068158
2019-12-10 00:00:00.000,30.983069675436116,248853029.19458756,146201939.98350692
2019-12-11 00:00:00.000,30.00702619115453,241817273.5825916,129890316.202906
2019-12-12 00:00:00.000,31.331792599692733,252214370.37361825,140543008.76627773
2019-12-13 00:00:00.000,31.806084500786092,256368371.99393928,165035996.90485957
2019-12-14 00:00:00.000,33.35369370621693,269801782.31829274,177519855.99716166
2019-12-15 00:00:00.000,32.1256617128792,259928783.7483761,137745962.25594783
2019-12-16 00:00:00.000,32.904235224668426,267195760.27778855,147206309.19682094
2019-12-17 00:00:00.000,29.5644900202004,239993258.52216664,203277739.6143149
2019-12-18 00:00:00.000,27.58902095665768,222841368.18715012,219741348.17018867
2019-12-19 00:00:00.000,29.29496787003903,238501107.8483596,286779389.2540468
2019-12-20 00:00:00.000,28.54368223608585,232905639.9918169,188970320.86209416
2019-12-21 00:00:00.000,28.401832642179528,231940047.35233855,123003194.56520803
2019-12-22 00:00:00.000,28.348227799921133,232305864.55947945,99940076.09766988
2019-12-23 00:00:00.000,29.194810887926657,238741331.99784264,146615579.61175546
2019-12-24 00:00:00.000,28.285479127267312,232764585.7948238,160490213.88029182
2019-12-25 00:00:00.000,28.0737323737864,230871089.18959013,120257001.70599732
2019-12-26 00:00:00.000,27.40589400356544,225845467.6559146,112687626.43620096
2019-12-27 00:00:00.000,27.597666333656917,228077189.36476383,134564995.90084997
2019-12-28 00:00:00.000,27.610902932846415,228498597.38602448,103239237.19016305
2019-12-29 00:00:00.000,28.151876830949277,233582488.98145893,114130952.58292247
2019-12-30 00:00:00.000,29.215513461545054,242690260.13099384,138742848.88110167
2019-12-31 00:00:00.000,28.35669109773185,236196268.6950696,127311587.84753866
2020-01-01 00:00:00.000,27.529298390787897,229475790.9701275,89833110.00672875
2020-01-02 00:00:00.000,28.046205979890093,233698102.4853341,88878333.93159313
2020-01-03 00:00:00.000,27.02958346128943,225967724.6269895,82168856.6499696
2020-01-04 00:00:00.000,28.44898856924362,238473509.2178974,135866855.26132166
2020-01-05 00:00:00.000,29.934325109130448,251397000.25044575,95760360.383553
2020-01-06 00:00:00.000,30.69720215960649,257721025.1373999,134074305.4870225
2020-01-07 00:00:00.000,32.73523967019369,276288764.1524683,181680689.79462415
2020-01-08 00:00:00.000,32.39231638259794,273959711.93515915,201536899.06986505
2020-01-09 00:00:00.000,30.78663728304301,260304639.13104585,189531815.4503712
2020-01-10 00:00:00.000,30.841511911994996,261210860.50867635,151568068.36767307
2020-01-11 00:00:00.000,33.637179581034545,283288108.5585977,202869260.28450248
2020-01-12 00:00:00.000,34.891565235735605,295315289.9811334,209302575.09509403
2020-01-13 00:00:00.000,35.52815692585468,301683290.28556466,181151749.2162138
2020-01-14 00:00:00.000,38.15440331120928,324782007.1150062,223867207.57064968
2020-01-15 00:00:00.000,43.87261543571178,372443251.54426056,559364152.0049284
2020-01-16 00:00:00.000,54.74174536958162,466723241.29265034,718094036.6230671
2020-01-17 00:00:00.000,50.711586212483205,433202196.41100425,344981807.45558536
2020-01-18 00:00:00.000,61.56839658894463,529634325.7385251,689811066.509818
2020-01-19 00:00:00.000,51.983230774700054,447713814.1932188,537506094.3969733
2020-01-20 00:00:00.000,51.18554628209782,439737119.25224984,470374576.58358
2020-01-21 00:00:00.000,53.860968253656246,465607166.8984708,349358688.6097801
2020-01-22 00:00:00.000,53.208591227373354,459388011.7408588,276021470.7778408
2020-01-23 00:00:00.000,51.99446665304784,449649772.4426406,233711451.4521475
2020-01-24 00:00:00.000,49.18498372501088,425671696.30262023,153260119.05379727
2020-01-25 00:00:00.000,48.84439139385886,424077542.84628,212532617.82591847
2020-01-26 00:00:00.000,48.82764544542833,426675755.8513992,217512689.31162408
2020-01-27 00:00:00.000,53.61235396536906,464539442.0822222,249556085.06259495
2020-01-28 00:00:00.000,55.17817165891947,480881768.31369746,371593146.6780304
2020-01-29 00:00:00.000,56.49928718504374,497929255.4473229,377801388.74292326
2020-01-30 00:00:00.000,62.421601371386686,545232685.8363938,440897996.4761794
2020-01-31 00:00:00.000,66.65792897573932,584416701.7459248,579301819.462185
2020-02-01 00:00:00.000,66.10293534519434,582452746.3627448,546093631.9620342
2020-02-02 00:00:00.000,65.78768408382342,578364612.3354486,395744442.9101468
2020-02-03 00:00:00.000,66.34059985041687,582295621.7176739,516921054.2779434
2020-02-04 00:00:00.000,65.56289331377184,576212444.0868388,409079638.0021944
2020-02-05 00:00:00.000,64.31856628531699,568171988.6530198,281160703.0825363
2020-02-06 00:00:00.000,70.63442640627488,625025056.2670298,439479738.56805456
2020-02-07 00:00:00.000,70.15761264441073,620817796.3885126,532640153.8288523
2020-02-08 00:00:00.000,68.72947629563492,609988355.6312426,458658648.6590042
2020-02-09 00:00:00.000,70.02757263714763,620613608.6750976,423585095.64583814
2020-02-10 00:00:00.000,70.87093610294706,627950134.6199805,415690664.2261863
2020-02-11 00:00:00.000,69.7314236695395,622384241.0336852,439002147.77894807
2020-02-12 00:00:00.000,72.63640352235534,648984020.5736662,609654551.3534799
2020-02-13 00:00:00.000,73.31906133541723,654375043.4799551,864419666.5162795
2020-02-14 00:00:00.000,72.19574232726036,647117963.1059968,909649131.314622
2020-02-15 00:00:00.000,72.89804594254751,651155079.6573478,668548014.5059344
2020-02-16 00:00:00.000,64.60120238369319,580513172.9118949,646636869.304892
2020-02-17 00:00:00.000,60.30721440812644,542746343.2444196,758259692.4520102
2020-02-18 00:00:00.000,64.36900226430728,580396310.505503,873709368.4241153
2020-02-19 00:00:00.000,65.90746079667527,593728124.8914385,585431508.6434034
2020-02-20 00:00:00.000,62.25078058950788,565818559.8527415,398716302.7441659
2020-02-21 00:00:00.000,60.75840095201412,549805123.344088,381719639.5564219
2020-02-22 00:00:00.000,61.55316231176143,558779992.1734347,456592416.59134376
2020-02-23 00:00:00.000,60.69786663514465,551966319.9607372,282922758.25503045
2020-02-24 00:00:00.000,63.170492563783995,575149640.007721,430211901.9623724
2020-02-25 00:00:00.000,61.01682837489685,552181873.4827276,469921612.69124967
2020-02-26 00:00:00.000,57.27156015850921,523938829.8276829,324655423.87609273
2020-02-27 00:00:00.000,51.48078201391403,471263576.6069301,422199762.29368633
2020-02-28 00:00:00.000,52.416073766583274,482855144.59289664,516577831.7055237
2020-02-29 00:00:00.000,50.843271783330806,470375952.1189302,354831507.99120104
2020-03-01 00:00:00.000,49.032764671723726,456095721.7912166,239850185.3761859
2020-03-02 00:00:00.000,49.27336891292178,453857851.26215017,361516149.3904646
2020-03-03 00:00:00.000,52.237978589142585,481755516.1269107,235918420.14912364
2020-03-04 00:00:00.000,50.82147712604969,470105353.8718729,237812745.56184313
2020-03-05 00:00:00.000,50.122464717587086,462608750.51005393,169219372.75931108
2020-03-06 00:00:00.000,51.84462927927669,480371747.01093113,256050344.70747703
2020-03-07 00:00:00.000,53.195125979968005,491757257.68860734,223479737.1748896
2020-03-08 00:00:00.000,50.68311641420466,470603284.0829722,194124586.78235236
2020-03-09 00:00:00.000,42.625744720082125,396735944.4605472,265293005.44858903
2020-03-10 00:00:00.000,41.82420512224907,387726802.7648244,331766156.6447518
2020-03-11 00:00:00.000,41.6027065377499,388949224.5861105,231567250.55176648
2020-03-12 00:00:00.000,40.176610323451335,374712602.5491451,216101840.51263204
2020-03-13 00:00:00.000,25.292004142708706,234470265.00666547,347541119.6978347
2020-03-14 00:00:00.000,27.55555649888279,254462887.77163556,463592943.2019981
2020-03-15 00:00:00.000,25.034206608541822,234463195.63065463,206959702.9160781
2020-03-16 00:00:00.000,25.739852504665944,244551035.02291912,190210716.0789923
2020-03-17 00:00:00.000,24.45917620327847,230505107.3205706,284281953.12458336
2020-03-18 00:00:00.000,25.25624431775961,240025667.63643625,198723648.41849855
2020-03-19 00:00:00.000,28.9897267445361,270209195.02953005,317670613.29574144
2020-03-20 00:00:00.000,31.897554920444044,301856207.86562043,386752590.3429615
2020-03-21 00:00:00.000,32.81226685175921,311202722.66229486,381040470.8925866
2020-03-22 00:00:00.000,32.865546566655965,312288629.81012803,326106920.67472476
2020-03-23 00:00:00.000,29.545454956127532,280127204.5070307,244055383.9366442
2020-03-24 00:00:00.000,32.15619100807041,306199892.7551799,306173277.63102406
2020-03-25 00:00:00.000,32.93704547963313,314095108.1663125,270337406.60692817
2020-03-26 00:00:00.000,32.326319254185385,307096952.3367169,247599300.1808824
2020-03-27 00:00:00.000,32.55354920580258,311117094.2474877,219469345.3319365
2020-03-28 00:00:00.000,31.08854915191136,296192861.67713493,268554080.8454993
2020-03-29 00:00:00.000,30.448447799534275,291069619.54095215,361281917.1574692
2020-03-30 00:00:00.000,28.40458304292216,273607791.4695669,233363423.43208265
2020-03-31 00:00:00.000,30.631787513342267,295259438.8595657,372455283.8027714
2020-04-01 00:00:00.000,30.989332750313334,298642069.19814306,340396724.00364244
2020-04-02 00:00:00.000,31.49566280199474,305061880.2671273,356901335.4798012
2020-04-03 00:00:00.000,32.318494797832365,311638358.16025424,438808828.8753878
2020-04-04 00:00:00.000,32.61029524772994,315636113.48398036,348415061.9779499
2020-04-05 00:00:00.000,33.11472263171649,320109735.4779548,316083455.3026155
2020-04-06 00:00:00.000,32.557369296573405,316141149.7384361,260834865.67193133
2020-04-07 00:00:00.000,37.36428705377119,363289927.17549413,572733038.3556548
2020-04-08 00:00:00.000,36.487644017637045,355236183.3971405,541703247.8187567
2020-04-09 00:00:00.000,37.7437853719524,368060174.3452039,415055822.9736198
2020-04-10 00:00:00.000,40.98535919264761,400262249.3999117,491815446.9842263
2020-04-11 00:00:00.000,36.162609965255214,352449667.1104556,595678849.9270241
2020-04-12 00:00:00.000,36.2524312637058,354406032.67426187,438910651.1094032
2020-04-13 00:00:00.000,36.4463880920849,361297366.7771621,455666164.1024952
2020-04-14 00:00:00.000,35.883665230668335,352860747.9577979,529917226.86436385
2020-04-15 00:00:00.000,35.596429105411616,318442946.8476429,509546420.1805693
2020-04-16 00:00:00.000,35.150214535366224,313778003.66457766,462028875.65593266
2020-04-17 00:00:00.000,38.63515257132706,347829394.08001393,380281668.28014165
2020-04-18 00:00:00.000,40.987044035781686,368047383.92508,542951499.195077
2020-04-19 00:00:00.000,42.03515880785566,377267250.2567839,699910448.285584
2020-04-20 00:00:00.000,46.39524928724541,417120997.0086551,925782624.4658376
2020-04-21 00:00:00.000,42.47664547075759,382283513.6086394,967771414.7657129
2020-04-22 00:00:00.000,42.06870424798092,379361746.045352,787342082.9651746
2020-04-23 00:00:00.000,45.38717081383484,408782146.55413914,672170680.9534955
2020-04-24 00:00:00.000,44.21023252034195,396064181.5900058,763593911.520718
2020-04-25 00:00:00.000,44.079734763321994,397300407.738763,584521584.3461835
2020-04-26 00:00:00.000,44.64561784935018,404191534.4876009,496604024.16503173
2020-04-27 00:00:00.000,44.766019094032586,402834603.6930766,584504502.3341829
2020-04-28 00:00:00.000,44.55701952578284,402126687.0568605,572845511.8062758
2020-04-29 00:00:00.000,44.6965677452236,403218070.1397135,569014143.6841755
2020-04-30 00:00:00.000,46.646555317926826,421512042.8714617,751543464.11118
2020-05-01 00:00:00.000,44.85260014720016,409072720.3960659,562284440.8476982
2020-05-02 00:00:00.000,45.62081990658963,413961154.3926172,298950208.53331023
2020-05-03 00:00:00.000,46.482734884089055,422024588.4214424,234919547.6843687
2020-05-04 00:00:00.000,44.8529113699016,407396993.3719951,219104071.35741463
2020-05-05 00:00:00.000,43.99008898329659,398689556.1196927,251374358.41936263
2020-05-06 00:00:00.000,43.83322441233516,398678248.23265386,244585024.37572044
2020-05-07 00:00:00.000,42.9624032025461,394150066.41623944,275040278.524792
2020-05-08 00:00:00.000,44.23509528074938,405828329.8623469,280491578.64582664
2020-05-09 00:00:00.000,46.720823111680296,428351885.7008695,308849698.8515294
2020-05-10 00:00:00.000,44.938745402988914,410828918.61361,350430248.3291524
2020-05-11 00:00:00.000,41.01080178540005,374028566.70725685,402143523.8120708
2020-05-12 00:00:00.000,39.63493129757784,362882938.3482643,343340191.1696281
2020-05-13 00:00:00.000,42.045360158892336,384316982.83628136,237166074.46557853
2020-05-14 00:00:00.000,43.005225234095434,393245026.23778063,196694276.6525213
2020-05-15 00:00:00.000,43.08586160063691,395140553.0785725,260308750.46954393
2020-05-16 00:00:00.000,41.890180704780306,382850948.65377545,191404861.1521705
2020-05-17 00:00:00.000,42.5090916966684,389473302.89598614,212128066.06655625
2020-05-18 00:00:00.000,46.2504885457912,424479179.10332954,333074335.41989726
2020-05-19 00:00:00.000,47.979030484260235,440527069.57503635,314581311.54312456
2020-05-20 00:00:00.000,48.709806050006904,446520149.4476669,268548599.27283406
2020-05-21 00:00:00.000,48.50734170655348,446231163.1940121,420774030.6643383
2020-05-22 00:00:00.000,46.0655620415132,423598135.5624916,283507404.197705
2020-05-23 00:00:00.000,46.870831086409034,433137906.2200048,155842549.35817775
2020-05-24 00:00:00.000,46.91395545167098,432746223.14150727,147422920.69143903
2020-05-25 00:00:00.000,45.02851882525938,415518668.86761105,171486887.4685902
2020-05-26 00:00:00.000,45.87302537837059,423741478.5149843,172127123.3855015
2020-05-27 00:00:00.000,44.81425309373193,414189717.1926638,138028158.07745224
2020-05-28 00:00:00.000,46.02052580167086,424968472.83166295,142822829.16236588
2020-05-29 00:00:00.000,47.59145696578162,440110592.4224251,167001842.22949067
2020-05-30 00:00:00.000,46.64929079460162,432223184.62385035,148246291.01818666
2020-05-31 00:00:00.000,54.495018816347915,509350991.3186615,332929422.2615557
2020-06-01 00:00:00.000,51.58600518998346,478620437.1657179,286755622.0002088
2020-06-02 00:00:00.000,54.76760685471118,510128549.0921739,309803063.79069054
2020-06-03 00:00:00.000,51.5001689243769,478566929.1100512,248848811.2418544
2020-06-04 00:00:00.000,52.6760915485657,490948952.0832934,232750866.54744604
2020-06-05 00:00:00.000,53.40827933193295,497185683.5428636,259695822.8070023
2020-06-06 00:00:00.000,52.53083799837786,489269926.892729,299641470.89501446
2020-06-07 00:00:00.000,52.84933845741264,492614299.0037543,240573621.45963112
2020-06-08 00:00:00.000,52.22440711001192,486998468.8218761,271486155.2491499
2020-06-09 00:00:00.000,52.42352840840189,489788391.11471486,279818952.881535
2020-06-10 00:00:00.000,51.919097523249285,485586744.1999671,278618215.6394428
2020-06-11 00:00:00.000,55.17803642727281,515103207.4437073,355187009.55218905
2020-06-12 00:00:00.000,49.65800227428274,461832555.7950241,397180547.964689
2020-06-13 00:00:00.000,51.63023321594237,483615194.0529821,359353734.9368792
2020-06-14 00:00:00.000,52.84013647170777,495177468.4087855,299208723.89268386
2020-06-15 00:00:00.000,51.10432197469965,479984930.3363443,270620124.74792427
2020-06-16 00:00:00.000,52.38750045675837,492088720.66772693,404337273.94924
2020-06-17 00:00:00.000,52.852707279132474,496260153.7819385,342158943.20454705
2020-06-18 00:00:00.000,52.88494060084784,498266776.15624034,295380309.858643
2020-06-19 00:00:00.000,52.06777710137924,490230981.73583496,280591025.472185
2020-06-20 00:00:00.000,51.32362929848764,483250230.15398544,290208666.6573965
2020-06-21 00:00:00.000,51.34356283014486,483647164.3787441,271947822.9756661
2020-06-22 00:00:00.000,50.487422709057775,476024451.5690544,262487214.51600093
2020-06-23 00:00:00.000,53.533722167491504,505032376.33566177,347550215.6797021
2020-06-24 00:00:00.000,58.08460991003712,548040324.634728,573333461.3571397
2020-06-25 00:00:00.000,55.11789909481353,523514932.93952125,486464685.6322978
2020-06-26 00:00:00.000,55.966945606821334,528917938.4343655,371891154.0268264
2020-06-27 00:00:00.000,55.67911493137244,527322160.58438885,340429270.6053536
2020-06-28 00:00:00.000,52.31250959050322,496810094.6984933,318439580.59125346
2020-06-29 00:00:00.000,51.79947151022627,490576878.9085728,354323383.5780199
2020-06-30 00:00:00.000,52.520213578176225,498537279.91777754,355696437.100783
2020-07-01 00:00:00.000,51.662231622825786,490967206.42806995,303158752.4676382
2020-07-02 00:00:00.000,51.77869977149331,491890265.4225321,303238650.2409841
2020-07-03 00:00:00.000,51.21414676397853,487278788.8504833,284230155.1541056
2020-07-04 00:00:00.000,51.09004170095422,486485781.39804554,272547991.65959525
2020-07-05 00:00:00.000,51.36332192885428,488792655.10975856,274287772.07537305
2020-07-06 00:00:00.000,51.21401554572954,487535388.41879743,267260710.3904215
2020-07-07 00:00:00.000,55.49950241341992,528447650.34372026,331973349.33140796
2020-07-08 00:00:00.000,54.86383099640757,523556039.33466583,297390239.16652215
2020-07-09 00:00:00.000,57.84358922279786,552758233.4701865,344277513.0289356
2020-07-10 00:00:00.000,56.772161234917846,542005681.1716723,285341828.56940293
2020-07-11 00:00:00.000,55.896869061367624,534852221.9831409,250740495.55390543
2020-07-12 00:00:00.000,55.76075475426503,533530917.4194271,254572148.62739235
2020-07-13 00:00:00.000,58.5694759759994,560400543.7548676,346659705.5477485
2020-07-14 00:00:00.000,61.1901759415126,586491354.7332857,429400312.24714386
2020-07-15 00:00:00.000,61.85565548025597,593815571.5101432,339422505.2220958
2020-07-16 00:00:00.000,61.31168908368906,588922549.7879182,315835145.2155778
2020-07-17 00:00:00.000,59.080349182923904,567924397.4697192,299333949.84706485
2020-07-18 00:00:00.000,59.511619545063866,571765440.9962456,280863151.87552285
2020-07-19 00:00:00.000,59.038115932192966,568063275.5466624,249283711.8695756
2020-07-20 00:00:00.000,58.433643972053694,563027721.2624848,306980783.83563805
2020-07-21 00:00:00.000,56.98716679302788,549145791.537447,308448579.9997959
2020-07-22 00:00:00.000,62.24367208718772,600139394.9030349,356128200.936109
2020-07-23 00:00:00.000,64.16801527832527,618741414.1075532,315951290.79814416
2020-07-24 00:00:00.000,63.473776859983566,612851279.1837758,286470373.8543632
2020-07-25 00:00:00.000,62.93675711979925,608281790.7891997,292194459.7925683
2020-07-26 00:00:00.000,65.57484335828751,634521570.039698,313631359.9121667
2020-07-27 00:00:00.000,65.97990792288978,638361336.7941351,351146642.15047365
2020-07-28 00:00:00.000,70.82886091531662,687241156.8868804,471017659.06795734
2020-07-29 00:00:00.000,70.71332866777215,684763260.5830499,343841542.11108303
2020-07-30 00:00:00.000,72.1885013332913,700282153.1307923,351118545.98947227
2020-07-31 00:00:00.000,70.75547269894489,688944266.7239331,323787375.46573675
2020-08-01 00:00:00.000,74.78329748094474,726753763.253467,397880787.8994326
2020-08-02 00:00:00.000,90.3453477142472,903240095.6354984,818737851.3891319
2020-08-03 00:00:00.000,84.19511563901791,815649735.695068,751102775.0560918
2020-08-04 00:00:00.000,82.67682561043824,801848169.9627757,467703278.8230057
2020-08-05 00:00:00.000,84.52960879439838,823560424.1376733,409543730.6369327
2020-08-06 00:00:00.000,97.29714208426938,947398621.0743223,734670253.0807283
2020-08-07 00:00:00.000,96.5797360279063,942430496.7704612,692571748.3577813
2020-08-08 00:00:00.000,94.17498780227234,919792211.1029468,722590133.4729406
2020-08-09 00:00:00.000,96.07939800076132,938809687.0206624,599840735.7863163
2020-08-10 00:00:00.000,91.88999890845476,898645136.0751516,658050364.8554484
2020-08-11 00:00:00.000,88.40098093567785,862903024.1624076,665167486.1380891
2020-08-12 00:00:00.000,81.19004728692684,796090768.4523962,810788588.7925785
2020-08-13 00:00:00.000,83.64497943759338,819502208.2276558,880216463.6783454
2020-08-14 00:00:00.000,87.12597921459718,853394722.844231,769219493.5038081
2020-08-15 00:00:00.000,85.02494512726166,834551720.7784959,586917335.610661
2020-08-16 00:00:00.000,85.28083881085118,837540597.2885464,655293992.5466661
2020-08-17 00:00:00.000,84.42588865116,828729669.6670234,673448474.5288894
2020-08-18 00:00:00.000,86.49155274188566,850623921.521375,694949637.6462015
2020-08-19 00:00:00.000,83.3318971854974,820747819.0379059,821893517.4430726
2020-08-20 00:00:00.000,76.14414019190016,750111153.8584468,751088194.6836212
2020-08-21 00:00:00.000,78.77703138810354,776066314.9322821,673532038.9034371
2020-08-22 00:00:00.000,73.61862706224825,725279674.7420483,692147961.2606004
2020-08-23 00:00:00.000,77.01846012930375,760172115.1034893,589992211.40117
2020-08-24 00:00:00.000,83.97943378672502,812566152.8059697,737163948.2737164
2020-08-25 00:00:00.000,80.30154451623453,793253668.5038282,623275231.015819
2020-08-26 00:00:00.000,73.42027061582479,727064061.0578061,778619711.1922911
2020-08-27 00:00:00.000,74.83821048616421,741211567.2946587,629010595.8255541
2020-08-28 00:00:00.000,72.01908142035352,713049520.7649648,635867013.7918252
2020-08-29 00:00:00.000,75.85382078013785,752883720.8707644,641869175.5479269
2020-08-30 00:00:00.000,78.75342029481891,781740760.1303521,596658086.2525251
2020-08-31 00:00:00.000,81.30395660266083,806378558.8596343,622021425.0370002
2020-09-01 00:00:00.000,78.52594225585415,781020905.032792,571223511.0139098
2020-09-02 00:00:00.000,83.4266254268203,842423506.0809567,746761563.7935922
2020-09-03 00:00:00.000,76.0599119103934,756364832.4853812,547635230.8317499
2020-09-04 00:00:00.000,56.58174205221093,560877067.5403516,625603385.9582895
2020-09-05 00:00:00.000,59.92364319274673,597191163.0807449,746168689.1214235
2020-09-06 00:00:00.000,55.45989705011118,553102939.778185,648909766.5619893
2020-09-07 00:00:00.000,59.01577533866031,589022329.8953236,627941333.9295398
2020-09-08 00:00:00.000,61.75508829940289,616833736.1910684,685184647.300409
2020-09-09 00:00:00.000,58.624596123660666,584260369.3880234,646132366.4487332
2020-09-10 00:00:00.000,60.045165016886834,600554102.2316784,559136989.668476
2020-09-11 00:00:00.000,62.34606829566472,624012835.3239907,26260119800.492996
2020-09-12 00:00:00.000,63.29553435596144,634167984.6085585,607175914.542797
2020-09-13 00:00:00.000,65.72676460899864,658183156.999012,613514834.0031447
2020-09-14 00:00:00.000,62.1970892388086,623859351.5100993,612117307.2462322
2020-09-15 00:00:00.000,63.11098759678991,633482060.2141935,604303037.8755308
2020-09-16 00:00:00.000,59.340226559119614,595750765.5787067,532024483.5520597
2020-09-17 00:00:00.000,58.36623010924976,586510674.138905,588160873.0383848
2020-09-18 00:00:00.000,59.40695844832734,597976379.84926,505607073.0821506
2020-09-19 00:00:00.000,57.45236927308533,578334901.2737714,457357016.1145714
2020-09-20 00:00:00.000,57.822611578045375,582550439.4156915,470343835.8160979
2020-09-21 00:00:00.000,57.886021958509495,584148724.6245278,532336678.6435453
2020-09-22 00:00:00.000,51.98814397706835,526679554.1253462,516014521.3432022
2020-09-23 00:00:00.000,53.12778271639425,535166924.7383006,406871353.8865128
2020-09-24 00:00:00.000,51.74073127790241,522875220.5073961,390762697.0808144
2020-09-25 00:00:00.000,55.00652483642345,556206900.1423328,428283248.68975574
2020-09-26 00:00:00.000,54.81404420641676,554292077.7237971,400041080.0936787
2020-09-27 00:00:00.000,56.30527053705091,569780871.9505575,373490827.4341512
2020-09-28 00:00:00.000,55.34994099326742,561015986.9530824,396852226.6876523
2020-09-29 00:00:00.000,55.959722410137175,566636745.0906851,441414833.333262
2020-09-30 00:00:00.000,61.33101862901253,622371574.4776487,490417562.6863164
2020-10-01 00:00:00.000,64.05252446316753,646901492.5303639,480726755.4249132
2020-10-02 00:00:00.000,64.58362091232827,656127609.1156622,667060702.5322315
2020-10-03 00:00:00.000,63.79224818145325,649538789.8599526,599950556.3249108
2020-10-04 00:00:00.000,60.68868690762631,617428114.6878246,434052581.45450974
2020-10-05 00:00:00.000,63.04581858108153,643863417.7910415,477345725.76708657
2020-10-06 00:00:00.000,65.63322198587396,669975127.0942919,503035009.84467745
2020-10-07 00:00:00.000,61.535184401816124,627762343.5706178,492383584.25562584
2020-10-08 00:00:00.000,61.40794067569651,626675272.916942,485254568.48252726
2020-10-09 00:00:00.000,61.58071438227504,628693318.7167102,482131504.0326566
2020-10-10 00:00:00.000,63.568914016297285,649865957.4514513,537538614.67371
2020-10-11 00:00:00.000,66.56289879866353,679792097.8314384,600667166.9431489
2020-10-12 00:00:00.000,72.40541877279185,740783459.7353721,660508086.1639411
2020-10-13 00:00:00.000,73.42866311793955,751721186.7187592,754576014.9877162
2020-10-14 00:00:00.000,70.0783463296492,717793515.975889,620727092.3175309
2020-10-15 00:00:00.000,69.0156709296936,705282548.1318707,611498508.5570211
2020-10-16 00:00:00.000,68.22056608920062,699389440.4349574,532039442.04280096
2020-10-17 00:00:00.000,62.33371278054037,643512873.1807383,492294102.92340654
2020-10-18 00:00:00.000,62.68490133298701,643417266.3859717,384648293.1669418
2020-10-19 00:00:00.000,64.43935230396373,661911085.683642,408042191.1388821
2020-10-20 00:00:00.000,63.992627159529775,657233284.6127242,310360249.39061004
2020-10-21 00:00:00.000,57.83629529650278,598137039.1129601,207241794.47012305
2020-10-22 00:00:00.000,62.71557768310143,644205910.0236887,258093177.0961498
2020-10-23 00:00:00.000,65.00904367285167,670746191.5025269,350127743.8125901
2020-10-24 00:00:00.000,63.0559559416907,649769364.0911933,379195227.2434766
2020-10-25 00:00:00.000,64.02122527346229,660708589.6633112,327774040.4047488
2020-10-26 00:00:00.000,62.61334881089971,647321570.3333429,326798665.859624
2020-10-27 00:00:00.000,60.17415561598229,622109755.6588877,361658956.5215055
2020-10-28 00:00:00.000,60.997446587339496,629844964.0426567,373818513.5995222
2020-10-29 00:00:00.000,56.85305316993845,587984988.5457139,332085999.9629112
2020-10-30 00:00:00.000,56.80893682371688,589434326.1711366,299572797.5334099
2020-10-31 00:00:00.000,58.22937117776922,609070752.9457544,334679852.320088
2020-11-01 00:00:00.000,58.00338364144916,603064676.3054081,282314639.6021926
2020-11-02 00:00:00.000,57.93289435876901,599817278.9966486,242361767.4933534
2020-11-03 00:00:00.000,54.867983238030725,570606354.7317815,282545423.2034417
2020-11-04 00:00:00.000,53.07055526393776,552134018.9870502,306493488.5356439
2020-11-05 00:00:00.000,53.97977044831584,561190353.3724276,285728275.79586965
2020-11-06 00:00:00.000,56.80352962892065,591162782.1306715,312513158.21523863
2020-11-07 00:00:00.000,61.08691848386761,636863509.6795725,408976178.4665554
2020-11-08 00:00:00.000,57.38405485636685,599455206.7939045,492960578.9426451
2020-11-09 00:00:00.000,60.528022362004016,631579308.0628325,304271317.680002
2020-11-10 00:00:00.000,58.36844606951161,609311471.7299454,340500702.39901954
2020-11-11 00:00:00.000,58.87478764143667,616274727.9833715,385770577.47181106
2020-11-12 00:00:00.000,58.62905041377512,614409581.6001122,317139539.56153476
2020-11-13 00:00:00.000,62.62439051306455,656169834.3170974,458920569.73942435
2020-11-14 00:00:00.000,65.80704703150016,687181702.0678828,426284789.1004798
2020-11-15 00:00:00.000,64.13911770801491,673164400.6872761,426631600.70876867
2020-11-16 00:00:00.000,61.1048533838287,640635223.6383923,364095642.13319874
2020-11-17 00:00:00.000,64.5783245911788,682532533.5716888,385884263.9835734
2020-11-18 00:00:00.000,66.72217740481666,699920460.0945269,468021797.3718291
2020-11-19 00:00:00.000,63.22232875740487,662057339.7940316,580882006.3262733
2020-11-20 00:00:00.000,62.280614855357925,653860489.43181,455366938.555148
2020-11-21 00:00:00.000,62.80604180597109,661205348.9876231,391311590.3953333
2020-11-22 00:00:00.000,72.42153179008785,760173647.7350231,798130556.6256856
2020-11-23 00:00:00.000,68.64120539631688,728579248.4177597,783412330.2790926
2020-11-24 00:00:00.000,79.07875205766841,832389408.3159399,861436374.4708551
2020-11-25 00:00:00.000,86.6549828531031,914996119.201306,1021033265.1702445
2020-11-26 00:00:00.000,78.19682140835454,817129562.5119451,933247278.1860516
2020-11-27 00:00:00.000,70.06384436993449,739261407.9364926,881096158.8677455
2020-11-28 00:00:00.000,69.25849351946866,731095805.5240172,536043861.8560788
2020-11-29 00:00:00.000,75.7378705974905,802670938.2772949,497168392.68945616
2020-11-30 00:00:00.000,74.76184925523195,789369036.5335529,490804535.3167864
2020-12-01 00:00:00.000,78.35233507587255,840991445.6640515,582488977.2853898
2020-12-02 00:00:00.000,75.43687859382514,799535800.6823033,663448683.8680475
2020-12-03 00:00:00.000,76.5874371006666,812256274.5464053,507049976.6130828
2020-12-04 00:00:00.000,75.64769091959467,802903271.0080723,366413541.8428088
2020-12-05 00:00:00.000,69.37686454872492,736635309.275696,374248237.16494954
2020-12-06 00:00:00.000,71.78820578106124,762757762.5969261,360994532.6004081
2020-12-07 00:00:00.000,74.20141445472512,788131547.4813825,372763093.3300415
2020-12-08 00:00:00.000,74.94438432275322,797002376.487033,438429716.9828775
2020-12-09 00:00:00.000,69.50286446659592,742735350.1960644,392823563.3789302
2020-12-10 00:00:00.000,69.19658348600785,736521072.1156536,420800869.36221653
2020-12-11 00:00:00.000,65.9905559025284,702477722.3332533,347484865.33894825
2020-12-12 00:00:00.000,64.00282825204738,682652822.7371223,325274501.4968927
2020-12-13 00:00:00.000,65.93957363061037,704377028.7676855,284167787.2626414
2020-12-14 00:00:00.000,68.03467849953789,725919113.2346584,331271697.329327
2020-12-15 00:00:00.000,67.9690640418441,725900973.0532408,232619660.96785808
2020-12-16 00:00:00.000,67.80656397915108,725345786.8721203,268739311.7203006
2020-12-17 00:00:00.000,72.80049538860304,775102943.1495295,359325664.0501685
2020-12-18 00:00:00.000,74.34713961021286,795556910.9678589,570662778.5569856
2020-12-19 00:00:00.000,74.08913720151264,791349726.3680985,412923415.72189933
2020-12-20 00:00:00.000,73.70560755015877,790076562.370049,347677148.2620869
2020-12-21 00:00:00.000,73.72835450520112,790893914.416987,500779407.604329
2020-12-22 00:00:00.000,68.28138946334838,734279146.6430384,547591254.2798814
2020-12-23 00:00:00.000,67.75517764094923,728150072.6621724,492140638.1133624
2020-12-24 00:00:00.000,56.03714878996483,609739475.5244229,574544893.7464796
2020-12-25 00:00:00.000,62.20732608260711,665229006.6722453,544818987.1929512
2020-12-26 00:00:00.000,64.36044499586662,692869369.6498576,447261489.32455486
2020-12-27 00:00:00.000,66.47412425189547,712300177.0551947,466595042.8346595
2020-12-28 00:00:00.000,66.95257726660883,729212064.1419764,607317366.078007
2020-12-29 00:00:00.000,69.30865426211624,747935020.754424,497633629.62000513
2020-12-30 00:00:00.000,65.61952736008453,707452450.2746167,519091031.14701915
2020-12-31 00:00:00.000,63.9721898118204,691066842.1034939,407448958.65296173
2021-01-01 00:00:00.000,64.06018632067364,691211423.7189361,329575141.64539737
2021-01-02 00:00:00.000,56.940894779171,616006884.914837,673651567.4178323
2021-01-03 00:00:00.000,57.63010733447948,623525186.9207377,535215512.00845385
2021-01-04 00:00:00.000,59.81795531900751,649615846.6246716,484589833.2890219
2021-01-05 00:00:00.000,59.098107503928645,641711870.3435407,557341034.2445943
2021-01-06 00:00:00.000,59.82543082214908,647649710.367102,445735705.18111736
2021-01-07 00:00:00.000,63.90761671732834,695226288.137673,556956555.7436577
2021-01-08 00:00:00.000,68.13311578093526,735190347.6375321,840855603.952858
2021-01-09 00:00:00.000,68.80150313647931,745321280.26851,798201366.4616185
2021-01-10 00:00:00.000,78.98197915932602,867680458.1110541,889867223.1067306
2021-01-11 00:00:00.000,95.92371793964968,1039329468.0011648,2477064507.618981
2021-01-12 00:00:00.000,88.46813398522615,955181317.6257292,2829167891.7653556
2021-01-13 00:00:00.000,99.08122617054032,1073796649.6252177,2225928835.9087467
2021-01-14 00:00:00.000,117.95833466318588,1261214158.484583,2245025409.6729984
2021-01-15 00:00:00.000,111.60377776545536,1191324686.005922,1469732045.5434618
2021-01-16 00:00:00.000,103.5056825561706,1107366486.210168,1529916380.284123
2021-01-17 00:00:00.000,108.76052077914396,1169491863.160185,1910902627.9686253
2021-01-18 00:00:00.000,101.36651520187677,1085128720.9384327,1738740317.1422143
2021-01-19 00:00:00.000,103.5554999281359,1112750806.5579083,1429974633.154498
2021-01-20 00:00:00.000,103.54348954810936,1113365794.5812232,1513490450.9741924
2021-01-21 00:00:00.000,98.8116715120014,1058351964.4796784,1644111627.775256
2021-01-22 00:00:00.000,83.00444931251528,889626330.3148468,1429649462.093755
2021-01-23 00:00:00.000,86.98377109916892,924179618.9283588,1453153312.5478911
2021-01-24 00:00:00.000,86.09350079114857,923020739.411076,1157559125.7182686
2021-01-25 00:00:00.000,90.15424191778985,962009714.5478994,1323944905.1680627
2021-01-26 00:00:00.000,88.8961263161772,954345154.413018,1252473082.8973927
2021-01-27 00:00:00.000,89.03964084996007,952117959.9990914,950479926.2149844
2021-01-28 00:00:00.000,78.92989117124077,843910324.4757462,789857732.7762617
2021-01-29 00:00:00.000,86.2897347661972,926332182.0579008,886569894.7460644
2021-01-30 00:00:00.000,85.90784109838606,921209847.259028,966839167.469728
2021-01-31 00:00:00.000,84.05346395494922,903939620.5727068,690111479.1986622
2021-02-01 00:00:00.000,86.24678689526421,926220391.8172574,737347966.1326263
2021-02-02 00:00:00.000,87.87145224794354,944863351.4031838,794278145.0299284
2021-02-03 00:00:00.000,92.55144560701407,998785808.4588184,980969531.8678372
2021-02-04 00:00:00.000,95.4448987738806,1025080223.1694678,809801854.6820204
2021-02-05 00:00:00.000,89.68836102505294,976121358.9073188,827967570.0765494
2021-02-06 00:00:00.000,95.94479856292482,1030880160.0773764,832685608.8743693
2021-02-07 00:00:00.000,94.19953980988792,1013087837.6216136,954370327.0227962
2021-02-08 00:00:00.000,92.26250276369456,995483656.177504,884738202.7205902
2021-02-09 00:00:00.000,98.29700806313832,1048781978.1833732,920245514.0860708
2021-02-10 00:00:00.000,108.70550670291462,1168757691.524565,1305932800.6119587
2021-02-11 00:00:00.000,115.9208505373078,1257659111.6082056,1596820675.6692102
2021-02-12 00:00:00.000,142.12329600397328,1527674324.8260877,2162089087.4746003
2021-02-13 00:00:00.000,143.3150914438663,1542933523.2113152,1784108839.390572
2021-02-14 00:00:00.000,175.64817783596638,1909612960.165465,3152688513.415768
2021-02-15 00:00:00.000,157.10343389609514,1695816597.6379814,2146688982.0402217
2021-02-16 00:00:00.000,157.88560543092154,1708572205.8070514,2693069494.039356
2021-02-17 00:00:00.000,155.730536154004,1668568751.6778307,1985897045.8875935
2021-02-18 00:00:00.000,168.40951419848045,1827547526.1723616,1995125122.5563383
2021-02-19 00:00:00.000,169.57967305999972,1830617033.8837953,1959190871.8833065
2021-02-20 00:00:00.000,181.58156812336708,1962946664.476147,2272910808.732048
2021-02-21 00:00:00.000,165.44820206859148,1767120226.186594,1949904470.062665
2021-02-22 00:00:00.000,162.30407829357478,1754324158.090635,1662914493.1957462
2021-02-23 00:00:00.000,145.47958118541248,1571166753.0456123,2094129089.199747
2021-02-24 00:00:00.000,126.55106597381484,1359701135.256377,2213753958.4940915
2021-02-25 00:00:00.000,131.97619271570088,1433433986.8980317,1792097468.097785
2021-02-26 00:00:00.000,123.0329702347778,1355480480.9588006,1397198822.66445
2021-02-27 00:00:00.000,118.38679757682344,1285697078.3547108,1506391705.9202013
2021-02-28 00:00:00.000,122.00504079096096,1309165213.7591236,1158428848.4593544
2021-03-01 00:00:00.000,111.24758382132374,1214881967.7829702,1279298403.821854
2021-03-02 00:00:00.000,123.86960575354752,1339704887.206263,1290955007.9315453
2021-03-03 00:00:00.000,121.06063866286944,1313777342.5240948,1295681941.8202047
2021-03-04 00:00:00.000,127.58743994301469,1397590172.1783795,1215100248.96156
2021-03-05 00:00:00.000,122.73859268380188,1331659155.192885,1138363055.2642214
2021-03-06 00:00:00.000,121.45113373874948,1319945081.948672,1202134323.5598133
2021-03-07 00:00:00.000,125.6487922071864,1364428310.723038,1036101109.2992886
2021-03-08 00:00:00.000,130.43091950608436,1415842826.8682764,835584290.3549706
2021-03-09 00:00:00.000,129.51713001340215,1404564592.838475,1062068670.7601892
2021-03-10 00:00:00.000,138.03624383405835,1496063592.915734,1128170857.095857
2021-03-11 00:00:00.000,139.15169826176134,1512903802.2481396,1378501476.3644302
2021-03-12 00:00:00.000,151.76372323491717,1650128395.8507593,1630750582.623179
2021-03-13 00:00:00.000,145.5563018656711,1585822843.0263712,1376331862.8038616
2021-03-14 00:00:00.000,157.07055346634996,1709976078.5983033,1561358655.0210807
2021-03-15 00:00:00.000,144.8674576490375,1595036494.4191885,1288192986.7895255
2021-03-16 00:00:00.000,135.13460112021582,1496865914.7129333,1364175288.595062
2021-03-17 00:00:00.000,139.82913205276026,1511850760.3173406,1291478402.312032
2021-03-18 00:00:00.000,146.19794576205584,1590247888.0962524,1371781515.3093588
2021-03-19 00:00:00.000,144.61257653225033,1577721125.0660856,1091359502.7396097
2021-03-20 00:00:00.000,149.682152185301,1632023457.0424132,1019490529.3697938
2021-03-21 00:00:00.000,155.7353153032803,1699203588.3803296,1159348394.8714895
2021-03-22 00:00:00.000,148.713382611568,1621769229.7556355,957300342.5719298
2021-03-23 00:00:00.000,139.70801065330602,1545781603.0697083,936862024.571936
2021-03-24 00:00:00.000,136.9693777145725,1496110659.58913,1093036974.54243
2021-03-25 00:00:00.000,127.60199132010068,1396996020.1339734,1074695939.1174712
2021-03-26 00:00:00.000,123.12084367060906,1344494983.2283514,1273205773.4789288
2021-03-27 00:00:00.000,133.00581853637442,1450697910.4905677,1039753372.3156968
2021-03-28 00:00:00.000,133.27688276470775,1459261213.8596842,964459333.1318996
2021-03-29 00:00:00.000,143.89140514905057,1571740838.4025526,1125393599.1781726
2021-03-30 00:00:00.000,149.36636103326816,1632664419.9698608,1444118455.3300655
2021-03-31 00:00:00.000,154.14574419680588,1686378799.354496,1342766747.8837235
2021-04-01 00:00:00.000,157.3572774220302,1719054317.2202103,1380133374.114396
2021-04-02 00:00:00.000,165.69606976128236,1817329880.9714627,1550569934.5917585
2021-04-03 00:00:00.000,169.9749594838378,1866543023.655591,1473055209.5561154
2021-04-04 00:00:00.000,172.10496398726357,1893737697.1969628,1488269831.100752
2021-04-05 00:00:00.000,187.16229636745487,2038404799.456524,2174464737.486826
2021-04-06 00:00:00.000,196.8040802287636,2160975158.2109237,1822996770.381642
2021-04-07 00:00:00.000,190.8622569804604,2092634356.000599,1661719587.9678948
2021-04-08 00:00:00.000,171.7304752131656,1897265166.775301,1912272784.5496716
2021-04-09 00:00:00.000,185.39984718741832,2034607154.3086977,1517627957.589912
2021-04-10 00:00:00.000,195.40922616494615,2144544958.644467,1808140753.8904228
2021-04-11 00:00:00.000,204.82926750240583,2244026651.777528,1825989190.5910213
2021-04-12 00:00:00.000,222.69666287878783,2421812930.7758965,2161335175.722308
2021-04-13 00:00:00.000,223.08453584613355,2452203696.3212447,2159366767.276356
2021-04-14 00:00:00.000,226.2600236009142,2483410765.5085382,1903327789.2108364
2021-04-15 00:00:00.000,237.68424698509705,2616808735.777145,2027494184.8426983
2021-04-16 00:00:00.000,252.80149334623067,2776788491.877255,2074140753.3512096
2021-04-17 00:00:00.000,269.8043989145692,2970487722.4599776,2428550647.5993295
2021-04-18 00:00:00.000,283.09538236321816,3116592779.122994,3493254107.5216546
2021-04-19 00:00:00.000,260.1870610252544,2877624863.9070644,3766338776.568724
2021-04-20 00:00:00.000,227.2858275539442,2504847435.9878144,2465196335.511367
2021-04-21 00:00:00.000,247.08843854566737,2717240112.403164,2971807660.669314
2021-04-22 00:00:00.000,240.12921687712105,2649734308.5100126,2059981690.0332944
2021-04-23 00:00:00.000,226.08230187203827,2490910025.172522,1640112585.9478035
2021-04-24 00:00:00.000,219.5914787584936,2422791390.6000786,2670164789.735367
2021-04-25 00:00:00.000,198.32325456185632,2218961744.196944,1721890282.2429235
2021-04-26 00:00:00.000,202.01099832579743,2228073304.0496187,1526316040.7649622
2021-04-27 00:00:00.000,227.26582401214537,2499915584.1246257,1690641166.8606718
2021-04-28 00:00:00.000,240.77713853256037,2657171293.2683372,1686056939.9214935
2021-04-29 00:00:00.000,240.77743729573413,2658108165.8872814,1567778073.9780693
2021-04-30 00:00:00.000,230.12656590310303,2542604075.241839,1395650000.9907494
2021-05-01 00:00:00.000,245.71029389687916,2712203153.523703,1534965531.6062262
2021-05-02 00:00:00.000,257.85619603100946,2849310346.7486587,1533079966.0528717
2021-05-03 00:00:00.000,243.3063061441848,2692400566.729831,1467099821.700799
2021-05-04 00:00:00.000,250.84658000715405,2776569212.829294,1710063921.0500946
2021-05-05 00:00:00.000,244.26288048739235,2729118530.6885576,2332641978.3455114
2021-05-06 00:00:00.000,291.71843290152947,3231290557.964804,2847758364.18862
2021-05-07 00:00:00.000,309.2140380630843,3418221117.3063884,2859495786.5080748
2021-05-08 00:00:00.000,319.3933212157885,3529497594.3598113,2880247814.880887
2021-05-09 00:00:00.000,317.76109501805166,3502250202.807164,2533593243.344701
2021-05-10 00:00:00.000,304.89843903551946,3377460672.4386044,2177236293.7973056
2021-05-11 00:00:00.000,286.19805516931694,3179602619.258355,2511116869.826612
2021-05-12 00:00:00.000,301.48695959233663,3341734619.5842476,2339054727.996068
2021-05-13 00:00:00.000,301.7628947265875,3431632383.928421,2700340643.417086
2021-05-14 00:00:00.000,299.5385332901727,3280444138.9323325,3647618781.8209767
2021-05-15 00:00:00.000,305.2311262095214,3386395278.2902493,2364288772.489425
2021-05-16 00:00:00.000,270.0603313811458,3000898224.715131,2133796869.3879104
2021-05-17 00:00:00.000,264.66423620368397,2938142370.587813,1943527574.8498635
2021-05-18 00:00:00.000,238.43212539628067,2661111659.479626,2032643609.9895265
2021-05-19 00:00:00.000,255.93802364284372,2820302153.344507,2185445595.872172
2021-05-20 00:00:00.000,152.1352634792755,1716446472.297816,2331917933.0148144
2021-05-21 00:00:00.000,181.30347464299547,2015215271.9146068,2158748698.1157274
2021-05-22 00:00:00.000,153.2361261417826,1708848263.5595272,1897554746.340192
2021-05-23 00:00:00.000,143.40438914371583,1597557000.1096215,1531781219.1047387
2021-05-24 00:00:00.000,115.50340647019718,1271477428.579623,1567062971.2919748
2021-05-25 00:00:00.000,146.9604579152521,1628005596.8742075,1671088320.9665267
2021-05-26 00:00:00.000,144.9960915923952,1613823710.2563372,1483373021.7629652
2021-05-27 00:00:00.000,158.16646762910526,1756088342.5207112,1395550850.8573456
2021-05-28 00:00:00.000,149.64089072505945,1666849987.3079257,1208762184.9169056
2021-05-29 00:00:00.000,162.84240377934748,1814466199.3481743,1801024231.2323604
2021-05-30 00:00:00.000,150.05250643377877,1682539431.1747568,1853850662.9059627
2021-05-31 00:00:00.000,150.27424064346118,1676042686.3440993,1239076381.310089
2021-06-01 00:00:00.000,162.28778529369822,1810655461.161756,1267829798.3862638
2021-06-02 00:00:00.000,153.9377825710464,1720040076.3942862,1151477519.3158257
2021-06-03 00:00:00.000,164.70423846478604,1838032984.6836555,1222644161.0156715
2021-06-04 00:00:00.000,173.4712633837507,1936463369.2003353,1295402904.782197
2021-06-05 00:00:00.000,155.65382980459495,1740331544.163026,1291116479.6634514
2021-06-06 00:00:00.000,153.49538786636626,1688564565.771952,1166989312.2479222
2021-06-07 00:00:00.000,149.27345806771493,1663062586.8940198,991161324.5609368
2021-06-08 00:00:00.000,136.0915703270638,1544229438.2461226,976010346.4162064
2021-06-09 00:00:00.000,131.70470411878668,1472911741.7709248,1206098396.2377863
2021-06-10 00:00:00.000,144.57492413338724,1632486856.2770517,1255626208.1563115
2021-06-11 00:00:00.000,134.2830955175895,1508561275.5947807,1085807448.010462
2021-06-12 00:00:00.000,124.2698835649164,1383478558.5527737,876804196.1119372
2021-06-13 00:00:00.000,126.43610538678335,1422949132.5811756,938257936.9156595
2021-06-14 00:00:00.000,132.20004786661258,1485361698.411899,846690621.3756022
2021-06-15 00:00:00.000,138.6972607149655,1553477858.209447,925164615.2104872
2021-06-16 00:00:00.000,136.96945540128922,1534592216.359299,883829183.1646187
2021-06-17 00:00:00.000,135.64269688376802,1520121301.3290436,1007836662.6800252
2021-06-18 00:00:00.000,141.81403520188215,1581483952.2424903,972277270.7585652
2021-06-19 00:00:00.000,132.82119705793426,1491848775.2196703,965614530.57502
2021-06-20 00:00:00.000,128.28824305716665,1441429470.4171107,809938296.2041318
2021-06-21 00:00:00.000,132.5703918914638,1481895656.329486,892145935.6145716
2021-06-22 00:00:00.000,102.9346297905538,1160983571.81135,995432496.4173548
2021-06-23 00:00:00.000,106.19855329352306,1189378795.5147386,1153000388.0433407
2021-06-24 00:00:00.000,111.7033372250161,1254024983.2275596,982961558.6654586
2021-06-25 00:00:00.000,112.25631669794834,1262533277.40795,836429134.6338959
2021-06-26 00:00:00.000,103.20098406328228,1159739291.9374,915611366.852828
2021-06-27 00:00:00.000,102.46817357437776,1151237735.1755595,845907385.7187797
2021-06-28 00:00:00.000,107.19986883346624,1204945046.7009745,794294535.815458
2021-06-29 00:00:00.000,115.01557653969996,1273768020.9719007,880063270.488827
2021-06-30 00:00:00.000,124.98824618130052,1410096348.701722,984219229.1980994
2021-07-01 00:00:00.000,130.3531227705589,1457983086.8104682,1095392451.8640337
2021-07-02 00:00:00.000,121.85162284943252,1365499040.5724297,870154598.052764
2021-07-03 00:00:00.000,117.80634308364048,1320830410.9253497,790578747.2152411
2021-07-04 00:00:00.000,115.97773123557752,1304694838.5802555,623085709.2099464
2021-07-05 00:00:00.000,120.51884567300968,1359538313.6099524,718317227.5006645
2021-07-06 00:00:00.000,113.07186601818586,1274659507.573345,716145550.362056
2021-07-07 00:00:00.000,116.79330938353502,1311665517.6082392,809211669.1606805
2021-07-08 00:00:00.000,118.30486958840744,1334080794.2071402,784175019.7339647
2021-07-09 00:00:00.000,109.062196854509,1230426687.997994,762474651.7082661
2021-07-10 00:00:00.000,111.38232229982788,1259712020.867639,740669891.0949258
2021-07-11 00:00:00.000,108.04700593479896,1220279533.495152,611707634.7787801
2021-07-12 00:00:00.000,111.046075658015,1254418014.225251,522559186.68792593
2021-07-13 00:00:00.000,108.61505365103191,1220257425.3246202,626829700.7501547
2021-07-14 00:00:00.000,103.58030517140205,1172849167.190344,620375174.6790932
2021-07-15 00:00:00.000,104.11848531637088,1176203878.1833827,680473382.1171807
2021-07-16 00:00:00.000,100.0783743620545,1133558283.3672614,670882859.2815619
2021-07-17 00:00:00.000,92.57279625554152,1046905990.9385211,608702680.1579391
2021-07-18 00:00:00.000,93.16538610110048,1056216624.1650628,517266420.5634536
2021-07-19 00:00:00.000,94.49638185968765,1067851100.1096588,572909115.1328968
2021-07-20 00:00:00.000,91.0170748533444,1030961406.0712532,683658400.215333
2021-07-21 00:00:00.000,86.02906411915228,973015427.0651984,660981969.81557
2021-07-22 00:00:00.000,95.83614735731496,1069449035.181275,680635227.8329313
2021-07-23 00:00:00.000,97.58086360127852,1104641660.2298207,663016163.1937172
2021-07-24 00:00:00.000,98.08454466351569,1108431717.5793664,648021349.0627466
2021-07-25 00:00:00.000,98.95638954924932,1121529691.1473637,604695398.0805806
2021-07-26 00:00:00.000,100.04528562569013,1132834634.9766102,663922994.4237078
2021-07-27 00:00:00.000,100.92145755822222,1148610852.852733,846095054.3355559
2021-07-28 00:00:00.000,102.3286361308277,1159663743.7301023,732781141.4233184
2021-07-29 00:00:00.000,104.66486738948264,1187004503.1897595,689022509.0331522
2021-07-30 00:00:00.000,108.88042881482184,1238933842.6806135,575182074.0041414
2021-07-31 00:00:00.000,110.74400722678638,1257613754.066673,518332818.922222
2021-08-01 00:00:00.000,112.123067702331,1274689800.5561037,466498047.6218476
2021-08-02 00:00:00.000,115.27349268513684,1309127422.9330137,672227659.9457196
2021-08-03 00:00:00.000,115.3171294655078,1310632956.86624,582606675.0233264
2021-08-04 00:00:00.000,114.35624283637068,1300778426.72313,589670363.226453
2021-08-05 00:00:00.000,118.64731743722514,1348369262.3819518,548708405.9128509
2021-08-06 00:00:00.000,119.39836715357872,1353027083.5958147,606598391.5995859
2021-08-07 00:00:00.000,126.9444221162906,1444706659.1026502,614834962.8878527
2021-08-08 00:00:00.000,135.04592730278287,1536873304.8487585,730274180.188098
2021-08-09 00:00:00.000,124.3783076174161,1417658464.3750467,702790725.4628588
2021-08-10 00:00:00.000,130.3955648203413,1461832925.089724,660763109.4755137
2021-08-11 00:00:00.000,131.9299769298965,1512808146.9118474,640079343.8423814
2021-08-12 00:00:00.000,137.0705779972896,1569476699.2708058,683521644.0411313
2021-08-13 00:00:00.000,133.48862150812218,1529272954.840602,719920654.6280318
2021-08-14 00:00:00.000,144.27868261943027,1648714280.2939315,284002509.07863235
2021-08-15 00:00:00.000,144.66594110333853,1661077377.368755,349118768.1588554
2021-08-16 00:00:00.000,154.41525069393276,1769189089.9295666,388839531.1431673
2021-08-17 00:00:00.000,150.72567126970816,1771964448.70263,312293685.9867689
2021-08-18 00:00:00.000,141.28421762595616,1638120934.425356,390532601.5423689
2021-08-19 00:00:00.000,142.33087321518252,1635646799.532858,354099144.1781759
2021-08-20 00:00:00.000,146.5211508760414,1666243838.383088,284036072.3451287
2021-08-21 00:00:00.000,153.51897093095587,1759912727.6640096,322017109.76717174
2021-08-22 00:00:00.000,155.16037956758967,1784156889.8921568,314067570.13222903
2021-08-23 00:00:00.000,159.73066490479098,1838220416.4864564,320460383.5785519
2021-08-24 00:00:00.000,164.57814500330406,1890878754.865945,354364333.5359999
2021-08-25 00:00:00.000,156.09790938568776,1803889282.6122968,378481101.0142807
2021-08-26 00:00:00.000,163.38308902617328,1876622253.646184,357753770.954506
2021-08-27 00:00:00.000,147.0662984017277,1692234408.7034085,402965898.87009174
2021-08-28 00:00:00.000,151.85204817608044,1747745512.414276,331528995.60530967
2021-08-29 00:00:00.000,150.75280436945962,1733948829.9095895,226052009.315601
2021-08-30 00:00:00.000,148.88437249705146,1715535749.9900017,191593218.04191172
2021-08-31 00:00:00.000,141.40821847780734,1629488893.5237348,239157025.16374236
2021-09-01 00:00:00.000,144.45023496993093,1664199389.016322,274164511.13691425
2021-09-02 00:00:00.000,151.41147356375157,1744462654.663039,279632471.7720527
2021-09-03 00:00:00.000,150.8969326613928,1738351475.94866,224808932.85037383
2021-09-04 00:00:00.000,156.46936687160976,1805018190.446303,403380693.3399728
2021-09-05 00:00:00.000,160.73142319025908,1858604846.8484664,323280002.51072454
2021-09-06 00:00:00.000,173.18321672298433,2000841169.571339,457592370.0429799
2021-09-07 00:00:00.000,171.89713511086168,1985075463.4049275,407956985.7645497
2021-09-08 00:00:00.000,137.28614427261255,1582731484.6323938,681143356.4019898
2021-09-09 00:00:00.000,135.63894120648848,1573065994.5237806,531555729.1187005
2021-09-10 00:00:00.000,137.98751151662643,1595489012.889776,385963495.4351857
2021-09-11 00:00:00.000,127.93145086891911,1476838590.3644142,324559564.2466985
2021-09-12 00:00:00.000,128.75905972355326,1482429516.3237028,272826546.71998435
2021-09-13 00:00:00.000,131.7585307346096,1528864145.066276,195445016.27597204
2021-09-14 00:00:00.000,128.2323893381584,1484742244.5401711,341947351.1641621
2021-09-15 00:00:00.000,133.63317749027877,1546778691.2178535,273936480.16467595
2021-09-16 00:00:00.000,139.65796504027725,1615362024.0057626,271923081.58147824
2021-09-17 00:00:00.000,138.34979451791443,1603033269.8818202,352973532.9133851
2021-09-18 00:00:00.000,134.77939362116612,1561559776.659101,261904099.8385937
2021-09-19 00:00:00.000,138.67624803232232,1606530238.0844755,224989150.5918992
2021-09-20 00:00:00.000,134.09125017714223,1555564127.4699564,216211091.40024757
2021-09-21 00:00:00.000,118.69859447424037,1368987870.7772632,374846546.77733696
2021-09-22 00:00:00.000,109.99745835556544,1271113550.291502,299593453.48955226
2021-09-23 00:00:00.000,121.2355313889594,1404243353.762165,251976553.03069204
2021-09-24 00:00:00.000,122.54806243391538,1420627230.6012728,174773869.3919868
2021-09-25 00:00:00.000,110.63247721496263,1308552421.1816647,274850978.0572746
2021-09-26 00:00:00.000,111.3694979006446,1293329526.0124085,251597975.5113329
2021-09-27 00:00:00.000,110.90099404322362,1307492790.714228,254464043.31859797
2021-09-28 00:00:00.000,104.98871569162036,1220729572.2205677,240855737.5367198
2021-09-29 00:00:00.000,100.9506005607535,1176981469.433415,242437611.22826225
2021-09-30 00:00:00.000,103.80752424811192,1204129433.923041,255003490.36487308
2021-10-01 00:00:00.000,106.96439557676158,1243969025.9577644,252226602.9621526
2021-10-02 00:00:00.000,114.68381528228522,1333548825.838145,254367930.8972444
2021-10-03 00:00:00.000,114.55653407774813,1334613722.7416062,172830768.16847664
2021-10-04 00:00:00.000,119.03455294865994,1386723268.5820525,181549570.15060857
2021-10-05 00:00:00.000,117.4042223375832,1367991186.1323762,256954887.4679827
2021-10-06 00:00:00.000,123.57964060188512,1440209244.2505488,184177426.7912678
2021-10-07 00:00:00.000,126.00633320543758,1470201874.1878135,319109026.4576875
2021-10-08 00:00:00.000,125.70722586386786,1457502673.0843174,298407242.3869634
2021-10-09 00:00:00.000,123.17431218405872,1434800463.5655105,224130269.68796685
2021-10-10 00:00:00.000,127.59968379024129,1487631760.1065412,212202042.35698825
2021-10-11 00:00:00.000,120.04402022475722,1406054330.3164113,168829742.6089599
2021-10-12 00:00:00.000,120.02073745612395,1389535061.8187215,238633939.2181448
2021-10-13 00:00:00.000,115.97980193626968,1354016559.9556167,190582059.11832815
2021-10-14 00:00:00.000,119.26557598270008,1391272754.527489,195725312.71240148
2021-10-15 00:00:00.000,121.38758344842802,1417477239.8513143,204019574.22075993
2021-10-16 00:00:00.000,126.66516335671582,1479657148.6688871,224498115.1324989
2021-10-17 00:00:00.000,127.20684871962736,1489156185.1566374,236986523.32120007
2021-10-18 00:00:00.000,138.14817605697436,1612818881.3461242,397885089.4400083
2021-10-19 00:00:00.000,140.74195007794924,1643595928.2048495,439194343.5226481
2021-10-20 00:00:00.000,144.39190821279527,1680282423.2389278,343630574.9114717
2021-10-21 00:00:00.000,149.5654091005116,1754223561.1149628,315467353.35340464
2021-10-22 00:00:00.000,155.62537726965925,1830358336.1183848,484521114.8087269
2021-10-23 00:00:00.000,165.51146498031457,1941904570.6703632,481389553.52049345
2021-10-24 00:00:00.000,173.62443977662588,2033979016.586607,491610451.8685414
2021-10-25 00:00:00.000,174.35516263653489,2039552806.46648,748340162.9530724
2021-10-26 00:00:00.000,170.79296683693607,2002600524.7518167,304378048.28211313
2021-10-27 00:00:00.000,161.91669656487406,1878598404.396262,342315556.6283978
2021-10-28 00:00:00.000,147.80372778199444,1743497566.1977465,328602078.64967126
2021-10-29 00:00:00.000,159.22319230376127,1866702367.8942027,431739001.485959
2021-10-30 00:00:00.000,163.44587271561403,1913648650.794804,295369538.9003808
2021-10-31 00:00:00.000,153.47720675941835,1801057519.5549366,292403298.84738076
2021-11-01 00:00:00.000,167.72829383089112,1969723038.921376,730284046.2885443
2021-11-02 00:00:00.000,168.992395977245,1984921936.6073484,375471977.50030905
2021-11-03 00:00:00.000,172.5258249531602,2016650563.685431,368890151.74814457
2021-11-04 00:00:00.000,168.5762508456869,1981492719.445287,382467392.4437157
2021-11-05 00:00:00.000,164.0355581277459,1921585580.688882,298029370.3863482
2021-11-06 00:00:00.000,163.36414591949435,1920711618.7671611,279745765.8235369
2021-11-07 00:00:00.000,159.98293639958132,1881848347.3421617,279041283.64373434
2021-11-08 00:00:00.000,164.4642660092261,1936153555.5950096,227240108.21399248
2021-11-09 00:00:00.000,171.83681410163507,2022954719.933867,291422787.53530604
2021-11-10 00:00:00.000,198.3087900861269,2332846347.9401927,637493521.2942276
2021-11-11 00:00:00.000,180.00842384424786,2106255751.5717008,681379503.7119433
2021-11-12 00:00:00.000,206.09683061383947,2427992974.9814987,856690408.893168
2021-11-13 00:00:00.000,201.86730631654672,2370366849.734654,486979054.97469306
2021-11-14 00:00:00.000,200.60900438302983,2364956212.9354615,441248589.899264
2021-11-15 00:00:00.000,202.23012917573757,2367199257.775915,331457806.04672575
2021-11-16 00:00:00.000,196.3298553448763,2315432666.9423757,375630794.19202566
2021-11-17 00:00:00.000,167.3805089385863,1975219256.8382752,520029055.6981143
2021-11-18 00:00:00.000,159.92500094170003,1882653664.7600129,454134650.7497329
2021-11-19 00:00:00.000,148.0687697234874,1748384513.2631545,470158318.3819786
2021-11-20 00:00:00.000,159.88009785958192,1888432321.5876343,427183045.4605563
2021-11-21 00:00:00.000,180.4754535332407,2134888050.110296,825204731.1988221
2021-11-22 00:00:00.000,227.2678887242794,2693690848.3503942,1269361100.1964798
2021-11-23 00:00:00.000,206.69909092875648,2441131208.7465453,928582219.3198704
2021-11-24 00:00:00.000,216.39961631730975,2553514453.5490437,711017699.8755771
2021-11-25 00:00:00.000,260.64180484553094,3097828470.877949,1730273063.805983
2021-11-26 00:00:00.000,295.81631448974287,3510432710.410793,1223198349.7409415
2021-11-27 00:00:00.000,249.30440605593435,2945600938.150096,1119865939.5737524
2021-11-28 00:00:00.000,242.54509414802305,2877168617.7638474,665782756.3542614
2021-11-29 00:00:00.000,239.90241583157663,2834229697.2471857,613345980.2455845
2021-11-30 00:00:00.000,246.21843694960756,2930924308.7907786,573066706.2296886
2021-12-01 00:00:00.000,221.12197028113243,2622561337.6288548,671393558.6414155
2021-12-02 00:00:00.000,229.54096288463236,2723008646.1985965,787077314.2055845
2021-12-03 00:00:00.000,226.7689778901796,2694014627.765657,461405365.06504625
2021-12-04 00:00:00.000,207.02232350344676,2454463481.8168097,544186563.7202872
2021-12-05 00:00:00.000,188.24454002477867,2240547389.751201,850248051.6110048
2021-12-06 00:00:00.000,182.10880500491328,2166928142.7285857,661436684.674456
2021-12-07 00:00:00.000,180.9694511306724,2144844743.5913,653389981.0028328
2021-12-08 00:00:00.000,175.0520383235667,2078919704.706012,384125538.08580863
2021-12-09 00:00:00.000,178.5776202100383,2121430754.646811,422823182.59795433
2021-12-10 00:00:00.000,164.72375987909464,1962906510.2414513,420932465.12356263
2021-12-11 00:00:00.000,162.06695073000455,1954300255.0617445,393900538.6456974
2021-12-12 00:00:00.000,168.0191311544452,1997801604.7782269,340598813.96120846
2021-12-13 00:00:00.000,169.54250711162047,2016523269.4813004,196035388.19402793
2021-12-14 00:00:00.000,148.24079251243393,1763693023.7213693,307844484.2427235
2021-12-15 00:00:00.000,151.7834994319392,1803333310.011346,298646522.05142105
2021-12-16 00:00:00.000,159.37811475990955,1888086444.523988,313930806.3914907
2021-12-17 00:00:00.000,152.24382567179032,1806700555.493481,245985329.62194997
2021-12-18 00:00:00.000,150.03330203246452,1787174237.2081738,232565665.54437807
2021-12-19 00:00:00.000,157.63574402021965,1878146628.674733,287250530.54869086
2021-12-20 00:00:00.000,158.26517481079068,1886360691.3030548,279628424.5027676
2021-12-21 00:00:00.000,156.35930246213312,1864302228.2524228,322275417.1823375
2021-12-22 00:00:00.000,162.42901155330344,1938873264.3585289,279959181.1735558
2021-12-23 00:00:00.000,165.1999193076388,1973552564.2050664,321105685.72588116
2021-12-24 00:00:00.000,167.3898767288724,1996195018.055332,323938219.9336643
2021-12-25 00:00:00.000,165.2361010940216,1972405319.3571544,240628713.46042877
2021-12-26 00:00:00.000,169.54007209443145,2024622632.895239,260665353.31175253
2021-12-27 00:00:00.000,167.8558178471798,2004881482.595549,261747083.6002161
2021-12-28 00:00:00.000,170.07590437810887,2036064810.005929,222107420.13494945
2021-12-29 00:00:00.000,150.4814771028917,1803078668.075604,345952424.29540694
2021-12-30 00:00:00.000,145.7807843950727,1737303008.2013648,290603994.4728838
2021-12-31 00:00:00.000,152.9510089559488,1825938226.6301825,253716756.39155608
2022-01-01 00:00:00.000,146.46691238361154,1752029929.8295755,246925922.51266524
2022-01-02 00:00:00.000,150.78721633191688,1804251553.8062513,185775468.759472
2022-01-03 00:00:00.000,153.7736612473827,1847764668.6693287,157844722.03017455
2022-01-04 00:00:00.000,150.608553128333,1803192484.573085,155403635.95649278
2022-01-05 00:00:00.000,148.48567907726795,1779931318.9188335,258565445.67912465
2022-01-06 00:00:00.000,138.07217367210515,1653403242.214843,274944155.949505
2022-01-07 00:00:00.000,138.3777769498708,1663194616.728018,253112385.3049574
2022-01-08 00:00:00.000,139.27327697011097,1675439342.6299372,406286713.15200853
2022-01-09 00:00:00.000,143.50409245462498,1725245870.7830238,401595416.9125726
2022-01-10 00:00:00.000,142.75796164488554,1707605128.6665337,392378758.5422497
2022-01-11 00:00:00.000,141.46880105886757,1697310890.2543645,381728938.79744625
2022-01-12 00:00:00.000,141.74407192177495,1705820017.9751198,292109968.3657903
2022-01-13 00:00:00.000,144.56984122537642,1735550599.5838454,209175976.0617852
2022-01-14 00:00:00.000,144.17869232551448,1731377532.7883463,290269726.745565
2022-01-15 00:00:00.000,142.78202251789904,1713377213.9477308,259376991.00645703
2022-01-16 00:00:00.000,144.46376972913038,1735832913.0813584,218259919.56390077
2022-01-17 00:00:00.000,141.44192102098026,1700305027.04539,103801127.55656612
2022-01-18 00:00:00.000,139.22995045115258,1675948602.8255367,149761807.93658996
2022-01-19 00:00:00.000,131.92052444577328,1586951908.1063368,215014672.99450895
2022-01-20 00:00:00.000,126.5907089592405,1524638224.074631,185352257.58963847
2022-01-21 00:00:00.000,120.04122219021932,1449107569.861767,189823375.27819347
2022-01-22 00:00:00.000,102.95747460764248,1241558858.5331368,303158031.9976309
2022-01-23 00:00:00.000,94.47745912454376,1134708914.7820678,362560582.253161
2022-01-24 00:00:00.000,97.35708275496576,1169666217.3693452,215203963.74194565
2022-01-25 00:00:00.000,94.82866443296209,1142687004.0861266,297271159.5251039
2022-01-26 00:00:00.000,90.98829424169404,1096997526.8491025,182663454.7533251
2022-01-27 00:00:00.000,89.72790687416844,1087198866.297856,220678824.32416385
2022-01-28 00:00:00.000,89.10707591340697,1063229860.3697362,226322070.77548513
2022-01-29 00:00:00.000,91.78021077270829,1105341360.380926,177512211.64118746
2022-01-30 00:00:00.000,96.07886292983694,1157008481.372693,155927084.20177478
2022-01-31 00:00:00.000,93.18946572835172,1129616772.2145047,104822785.35951772
2022-02-01 00:00:00.000,94.79577091002383,1144405412.4411542,97409365.62138005
2022-02-02 00:00:00.000,99.06773447948883,1194784620.668386,123639196.02581584
2022-02-03 00:00:00.000,98.4942515584462,1191725386.9986484,204940384.56156343
2022-02-04 00:00:00.000,99.7210807787402,1203958430.28968,175273067.0471541
2022-02-05 00:00:00.000,107.41678461276376,1296772274.72672,166735393.40495035
2022-02-06 00:00:00.000,116.41955618329824,1412114565.4685051,278359605.94777745
2022-02-07 00:00:00.000,124.6306368527154,1507804865.5237255,265612173.1816071
2022-02-08 00:00:00.000,129.32014778476776,1565521895.7953851,271867010.09538573
2022-02-09 00:00:00.000,133.89346855050468,1620900270.368002,292615802.7647753
2022-02-10 00:00:00.000,126.44033915425796,1531435213.0229783,172447535.91050237
2022-02-11 00:00:00.000,127.23514722415288,1541151166.118849,260926285.7323978
2022-02-12 00:00:00.000,116.53805603751869,1410918279.011539,214843943.20617017
2022-02-13 00:00:00.000,117.4210749027758,1418958041.1426592,149881169.08748612
2022-02-14 00:00:00.000,117.5556254914497,1424632978.576945,128977208.4581582
2022-02-15 00:00:00.000,120.85341749321924,1464268774.5649054,170647163.2588628
2022-02-16 00:00:00.000,126.5636328551676,1537634018.3420625,214641100.99036884
2022-02-17 00:00:00.000,126.08716503684332,1532180469.1087112,174336560.961045
2022-02-18 00:00:00.000,113.26692649475314,1374844807.4917624,200225512.52147815
2022-02-19 00:00:00.000,109.39225561792205,1333033614.2850122,136080035.494213
2022-02-20 00:00:00.000,112.46854810642115,1364009256.7565403,204181834.64645523
2022-02-21 00:00:00.000,108.30843209650402,1319619204.186102,192410921.19426247
2022-02-22 00:00:00.000,100.5158563028455,1227358992.647426,207971741.3447536
2022-02-23 00:00:00.000,102.88744732630018,1249763412.0825217,192729534.1735068
2022-02-24 00:00:00.000,98.27256392136702,1194244339.418418,122429326.85011709
2022-02-25 00:00:00.000,102.40876245189678,1243666664.2083015,248533149.8453256
2022-02-26 00:00:00.000,106.66594703749018,1308756631.808151,168007819.5926995
2022-02-27 00:00:00.000,107.65829248703189,1308757263.078317,143063828.89843658
2022-02-28 00:00:00.000,102.8617845578535,1251103289.217775,152379589.90150946
2022-03-01 00:00:00.000,118.97296197601416,1446699295.0466976,230782924.78785884
2022-03-02 00:00:00.000,119.2863304747823,1448703390.591485,170823248.5918016
2022-03-03 00:00:00.000,126.21603740784408,1537368548.2588148,177288952.07630348
2022-03-04 00:00:00.000,129.07221118502622,1576034058.5948462,215960061.6769595
2022-03-05 00:00:00.000,116.95733969298422,1425429292.6918457,178187140.56566393
2022-03-06 00:00:00.000,116.43558328583124,1418586807.524999,114254928.21627022
2022-03-07 00:00:00.000,107.9579341269096,1318698175.8130512,151292027.05309772
2022-03-08 00:00:00.000,110.34749603245125,1347489127.201013,221350961.3246123
2022-03-09 00:00:00.000,138.5814870678445,1669695875.8785574,525633698.04671127
2022-03-10 00:00:00.000,141.5062929191132,1711493882.993798,538619938.1054786
2022-03-11 00:00:00.000,159.0827567651961,1937442335.602749,634881309.1033527
2022-03-12 00:00:00.000,153.97180396812593,1891327971.6785028,545621156.238751
2022-03-13 00:00:00.000,151.94614279902208,1857632735.923274,362829714.1830394
2022-03-14 00:00:00.000,155.72546065271408,1895965529.343142,304471664.0386698
2022-03-15 00:00:00.000,149.06254011916272,1806798079.026843,338543180.1417448
2022-03-16 00:00:00.000,136.77650363814385,1678244983.323767,295485729.4691157
2022-03-17 00:00:00.000,153.68148657391788,1846530547.784884,291257443.0227682
2022-03-18 00:00:00.000,152.31684436578186,1863473334.6992369,363739010.44803715
2022-03-19 00:00:00.000,170.60204981407824,2084108143.434374,407056701.6463822
2022-03-20 00:00:00.000,179.86452716743412,2200456732.683077,439035471.4140829
2022-03-21 00:00:00.000,173.1283294425711,2113245508.0933168,332279117.046335
2022-03-22 00:00:00.000,181.57366498434664,2225866377.7762656,386316512.6812942
2022-03-23 00:00:00.000,174.47255105280618,2143752161.3104827,186510261.5779277
2022-03-24 00:00:00.000,182.18106868511367,2232756553.780277,240489452.6491558
2022-03-25 00:00:00.000,192.6423905742489,2370543273.8813133,346952641.3179058
2022-03-26 00:00:00.000,195.31699040088168,2395142377.8524475,306462857.8977456
2022-03-27 00:00:00.000,205.1573066406685,2527735180.717862,355502627.37684256
2022-03-28 00:00:00.000,209.3630622377759,2563726456.5031343,272770391.3162839
2022-03-29 00:00:00.000,193.07318092825875,2382982481.1536794,333906612.6928152
2022-03-30 00:00:00.000,195.82650279677603,2398443746.4868774,315835238.6938989
2022-03-31 00:00:00.000,191.11857383451235,2347440426.357952,258081414.02174297
2022-04-01 00:00:00.000,178.1586454862501,2188555391.865489,255608565.7868009
2022-04-02 00:00:00.000,185.96148866299689,2282201025.0078125,272604387.4005261
2022-04-03 00:00:00.000,177.7384007741621,2184672138.105443,179170017.38666576
2022-04-04 00:00:00.000,179.6452800853549,2208752221.91988,255148948.7894076
2022-04-05 00:00:00.000,173.94582578910152,2142343160.0968297,243000904.6380226
2022-04-06 00:00:00.000,166.4619146052231,2039620701.040315,217432704.10257077
2022-04-07 00:00:00.000,161.95889391275176,1988971499.5948863,382527464.3436946
2022-04-08 00:00:00.000,172.96361702678334,2124382990.2655263,216463823.79406103
2022-04-09 00:00:00.000,166.54630024700694,2041727438.0771835,382669293.0835456
2022-04-10 00:00:00.000,169.52725104079454,2087989302.6803584,276013689.126548
2022-04-11 00:00:00.000,162.35297462836064,2005926784.0727525,214596855.2395706
2022-04-12 00:00:00.000,142.72281153657,1758873582.2763605,209569296.07957336
2022-04-13 00:00:00.000,147.58963768588382,1816141229.2161992,228631254.6818989
2022-04-14 00:00:00.000,151.22884439770374,1864233376.343355,205676277.77862173
2022-04-15 00:00:00.000,144.6070224422401,1783649467.7012088,187785999.9548949
2022-04-16 00:00:00.000,146.8040506403959,1811276658.942097,142833543.8365409
2022-04-17 00:00:00.000,144.5271216537327,1783703174.992188,150209233.82919258
2022-04-18 00:00:00.000,138.20608333921487,1706179603.552453,106637142.98073466
2022-04-19 00:00:00.000,156.17713872420384,1929297207.997228,233909906.37875065
2022-04-20 00:00:00.000,158.69629828457778,1960128556.8617651,183937550.73009104
2022-04-21 00:00:00.000,156.53234649415083,1934798224.459522,164697537.17582703
2022-04-22 00:00:00.000,161.0621737918895,1991109263.2796688,298600101.2114176
2022-04-23 00:00:00.000,157.30798432217188,1944816825.0705128,179038853.6755848
2022-04-24 00:00:00.000,154.12091633387703,1906507961.2447464,126680997.56737034
2022-04-25 00:00:00.000,161.63580160847556,2005102920.3845472,222695491.5080957
2022-04-26 00:00:00.000,165.34300762020672,2045930119.0342064,208533664.04847887
2022-04-27 00:00:00.000,145.92235386875402,1806142559.093027,208629033.32547945
2022-04-28 00:00:00.000,148.8765342438267,1843243186.6655264,183094116.6799384
2022-04-29 00:00:00.000,146.6550891070988,1816264182.6468945,209702628.0059967
2022-04-30 00:00:00.000,128.4678676400839,1594645966.8022518,207965269.66783595
2022-05-01 00:00:00.000,114.71235609030585,1421491159.371698,173515773.36732343
2022-05-02 00:00:00.000,124.28933937457435,1540606387.8478804,180100093.68123254
2022-05-03 00:00:00.000,124.34181878357032,1541817789.7882257,197839898.13051033
2022-05-04 00:00:00.000,119.62265828153602,1483620786.87123,170291559.0434573
2022-05-05 00:00:00.000,134.35742396272428,1666846201.4968152,168373340.21484628
2022-05-06 00:00:00.000,125.76665827035556,1558527242.5210192,229848132.45202255
2022-05-07 00:00:00.000,123.88695024671536,1535455723.6814778,210069367.05670083
2022-05-08 00:00:00.000,113.3940528589252,1409968698.983615,150874829.97472742
2022-05-09 00:00:00.000,114.21496561164106,1422911257.1493475,151455699.7314436
2022-05-10 00:00:00.000,94.57572899021544,1177451002.4443128,224824742.7261666
2022-05-11 00:00:00.000,93.03826629610036,1152350683.2525215,206443512.46485516
2022-05-12 00:00:00.000,82.34233692194128,982991015.0789548,300957620.2039748
2022-05-13 00:00:00.000,87.00735242688471,1096567312.8128014,286959723.901826
2022-05-14 00:00:00.000,94.14787526836052,1187609546.3835454,198570599.3900757
2022-05-15 00:00:00.000,106.60541551191884,1326676584.3039472,210068758.45736736
2022-05-16 00:00:00.000,111.95976791695348,1393392161.3605232,177244241.89235353
2022-05-17 00:00:00.000,102.69870055944985,1278499991.5443268,126088443.90855558
2022-05-18 00:00:00.000,114.12326794636196,1420267558.0903494,136039422.17941892
2022-05-19 00:00:00.000,100.39912524770952,1251769960.540037,154683128.36362177
2022-05-20 00:00:00.000,104.7238371598862,1303222216.686679,180570072.51000157
2022-05-21 00:00:00.000,107.9095129670726,1347503000.9736233,147021089.16033205
2022-05-22 00:00:00.000,104.72931820542033,1306031672.0947804,100675348.38993023
2022-05-23 00:00:00.000,107.1092620521232,1337695601.737855,136112510.92320406
2022-05-24 00:00:00.000,99.9145859781398,1249252756.0159578,168073719.5006831
2022-05-25 00:00:00.000,100.27095746804902,1250346065.887367,148629297.2509446
2022-05-26 00:00:00.000,95.5801924113498,1194112728.4054792,108003673.19056836
2022-05-27 00:00:00.000,88.07799375671823,1098363607.2880814,183717928.9436977
2022-05-28 00:00:00.000,85.95402939203045,1072062427.976398,149576722.50867474
2022-05-29 00:00:00.000,87.1938170734664,1091118484.487102,83158484.23454526
2022-05-30 00:00:00.000,90.66981927217785,1135172298.3983822,109244159.58662558
2022-05-31 00:00:00.000,99.2107717084154,1239118559.2224586,158538449.70899066
2022-06-01 00:00:00.000,93.76988989497114,1174585029.8207753,154842515.96690246
2022-06-02 00:00:00.000,89.9468025115279,1130922455.1039107,119340796.09888776
2022-06-03 00:00:00.000,91.25151331610748,1144741710.2957673,112980244.28623287
2022-06-04 00:00:00.000,90.05413533386378,1121010029.7494,81341938.64864472
2022-06-05 00:00:00.000,89.7797224903202,1122075098.1876743,98679542.92115332
2022-06-06 00:00:00.000,89.67054986463702,1124248771.3961973,88388582.34562546
2022-06-07 00:00:00.000,93.91018455542002,1177206357.289631,88807927.41146147
2022-06-08 00:00:00.000,93.29277949407596,1171133907.7977514,102486562.97994
2022-06-09 00:00:00.000,92.14480121880884,1151284207.29353,114971243.67772032
2022-06-10 00:00:00.000,91.42350986136098,1145905193.5313394,117580659.78388174
2022-06-11 00:00:00.000,86.67625665209644,1086897741.5411215,87608705.9780911
2022-06-12 00:00:00.000,79.45398291490328,994890252.3874254,106564143.70490536
2022-06-13 00:00:00.000,79.98282089816766,1011002327.6260904,152917731.2111092
2022-06-14 00:00:00.000,65.29171237338458,813516617.2221357,200878070.63608393
2022-06-15 00:00:00.000,64.22738260629971,804107741.8406188,132948933.53357984
2022-06-16 00:00:00.000,68.1787376987367,856348278.7320122,118040374.48425232
2022-06-17 00:00:00.000,58.89958574894609,738912243.9715866,60960197.53698264
2022-06-18 00:00:00.000,62.59318502516311,788833146.6938367,85096496.24539764
2022-06-19 00:00:00.000,59.44242592579114,745837594.6945165,73962347.04097727
2022-06-20 00:00:00.000,67.66845538348853,848110972.153765,120078554.46406417
2022-06-21 00:00:00.000,65.26254950018847,820972150.5336057,68101387.37350641
2022-06-22 00:00:00.000,65.55751811914483,828948462.2725205,58793627.66952267
2022-06-23 00:00:00.000,63.511368719313545,800475075.6247007,52757967.75986428
2022-06-24 00:00:00.000,65.71166743677531,827375630.7929362,60027279.4251027
2022-06-25 00:00:00.000,69.47985955658831,877144302.1995461,65720554.54335453
2022-06-26 00:00:00.000,68.22957533427672,853354900.3220341,42818676.35981755
2022-06-27 00:00:00.000,63.90336467309169,806163651.9317039,42521754.10058103
2022-06-28 00:00:00.000,62.39995405510195,785209384.2531807,44190778.31632976
2022-06-29 00:00:00.000,58.826505290541576,740761243.7127329,41391760.38561897
2022-06-30 00:00:00.000,57.40239399695556,723045983.0710343,55981336.973507285
2022-07-01 00:00:00.000,53.869971456678776,671597482.6854895,92092696.84114508
2022-07-02 00:00:00.000,53.398387843756005,677871445.6755396,110313775.86230366
2022-07-03 00:00:00.000,54.116456165302665,682340354.7146484,49226421.97338962
2022-07-04 00:00:00.000,54.41303825212853,686082400.7945962,43141840.18452788
2022-07-05 00:00:00.000,58.215503374593986,733146856.1321644,61655040.38959387
2022-07-06 00:00:00.000,57.06266746064002,720274602.1071398,47218002.902792424
2022-07-07 00:00:00.000,58.26068823493664,735839126.4458748,74232141.94686557
2022-07-08 00:00:00.000,59.80472626446848,758817068.0990276,56981784.8628058
2022-07-09 00:00:00.000,60.10839028927426,762733398.0327357,77012376.41674751
2022-07-10 00:00:00.000,61.31045141293543,774947620.6389834,57970956.77803991
2022-07-11 00:00:00.000,59.54827274481805,753907962.1769845,50148565.86776929
2022-07-12 00:00:00.000,55.86501007039653,706751614.1784376,50589719.05810214
2022-07-13 00:00:00.000,52.42793457361505,665763246.4860331,59314666.91522454
2022-07-14 00:00:00.000,54.904676160415235,693670429.5807911,56706633.41037676
2022-07-15 00:00:00.000,57.56902409604927,729530816.738656,53909972.6033585
2022-07-16 00:00:00.000,58.4456244920373,740157965.4525543,60941812.837102465
2022-07-17 00:00:00.000,63.05258118724443,799282686.5666405,75780651.8443119
2022-07-18 00:00:00.000,59.59183507960406,756666112.5534583,62225568.35501616
2022-07-19 00:00:00.000,65.55142933787447,826181730.7558919,59392428.44465269
2022-07-20 00:00:00.000,64.86621619312541,821643574.2129064,95472747.02996516
2022-07-21 00:00:00.000,61.985746211242166,790689867.3062378,95412012.0844418
2022-07-22 00:00:00.000,61.98546466328137,787239133.8062006,57870736.263746955
2022-07-23 00:00:00.000,60.00396569071667,759406057.3077197,60352164.72314793
2022-07-24 00:00:00.000,59.26472110292029,751647717.3259673,103887521.67330688
2022-07-25 00:00:00.000,59.15170275152022,755334860.8093889,84274350.79943559
2022-07-26 00:00:00.000,55.33973993177514,706991717.5506175,49950680.64701255
2022-07-27 00:00:00.000,55.55509103663523,705224199.8157266,41572872.57877946
2022-07-28 00:00:00.000,61.546679487358126,779620949.4670923,107324055.52919929
2022-07-29 00:00:00.000,63.623337333940235,806078501.7346901,97277566.7294042
2022-07-30 00:00:00.000,64.0114949016623,821802154.9237936,116335478.48969272
2022-07-31 00:00:00.000,65.12135490506147,826793016.1885266,92515022.82883376
2022-08-01 00:00:00.000,64.63780626621467,824136935.5440317,88527122.5085924
2022-08-02 00:00:00.000,63.02571239587647,798795394.7067953,51428536.127270766
2022-08-03 00:00:00.000,61.93616765999838,788851545.7911763,66547624.77082596
2022-08-04 00:00:00.000,61.614004058673835,783149156.2519277,62732746.468246005
2022-08-05 00:00:00.000,64.65289097696909,825307528.1153905,49651892.32202642
2022-08-06 00:00:00.000,69.00000929963974,875818449.3902179,58847865.89923227
2022-08-07 00:00:00.000,67.84727025111606,865472717.1084266,37622600.242894195
2022-08-08 00:00:00.000,70.25803511341114,894726527.8794879,80388688.22198078
2022-08-09 00:00:00.000,77.51896300437392,984367160.254628,118530297.46865988
2022-08-10 00:00:00.000,80.02730506425182,1022319325.2590512,183130671.373945
2022-08-11 00:00:00.000,78.57723791845535,996593763.0209886,141200508.9161371
2022-08-12 00:00:00.000,79.08953342178786,1006760089.8083446,129371869.5713673
2022-08-13 00:00:00.000,77.47102993126074,991368465.4474548,73496229.22696698
2022-08-14 00:00:00.000,76.02961884897178,969629134.2732184,46864864.55046558
2022-08-15 00:00:00.000,73.761125502004,942834915.4005276,50480481.21054787
2022-08-16 00:00:00.000,73.98432969931066,944322026.6035348,74971579.33086523
2022-08-17 00:00:00.000,76.10670968918801,972005804.760055,52896749.91624799
2022-08-18 00:00:00.000,73.98509017561858,947126256.9192544,66598096.33185889
2022-08-19 00:00:00.000,70.44376913286318,900528089.0881197,53406382.44704027
2022-08-20 00:00:00.000,62.399948478780566,798039749.7608789,98368261.88453092
2022-08-21 00:00:00.000,63.03040295685141,805287830.108283,60299371.18882358
2022-08-22 00:00:00.000,65.29067662824961,835031325.7965194,54688364.9622692
2022-08-23 00:00:00.000,65.03429925841365,830263944.9995638,43399572.54795652
2022-08-24 00:00:00.000,66.39864851839191,849669129.657867,67826681.63503666
2022-08-25 00:00:00.000,67.9171969605555,868528495.9111232,95720995.24938329
2022-08-26 00:00:00.000,68.00602253699122,871026937.9708595,66323941.61199237
2022-08-27 00:00:00.000,61.05567411993579,777273123.5163714,65700218.71385632
2022-08-28 00:00:00.000,61.43457452135479,786704248.7205179,57317307.791636065
2022-08-29 00:00:00.000,61.42525960898735,787907636.5147506,33543558.378574487
2022-08-30 00:00:00.000,63.95834509745549,819503738.626092,37936864.040787295
2022-08-31 00:00:00.000,59.91201253977521,772838771.9705102,37270444.04838825
2022-09-01 00:00:00.000,59.756610321744546,766031124.007867,40742216.10491731
2022-09-02 00:00:00.000,59.12264662911245,756983935.9230597,59479177.760518245
2022-09-03 00:00:00.000,60.10973822686482,770663437.7879658,56636815.98546117
2022-09-04 00:00:00.000,62.56218923694221,800681681.9794421,55842263.44746447
2022-09-05 00:00:00.000,63.87684851374916,819155899.3088892,32664138.22429179
2022-09-06 00:00:00.000,63.23429617963965,809434286.8995075,44105249.677740715
2022-09-07 00:00:00.000,58.42725439651253,750523271.1426147,61773129.88968111
2022-09-08 00:00:00.000,59.55718017355657,763938785.9998242,51928395.29992822
2022-09-09 00:00:00.000,61.06476363582519,781584737.2528311,55298233.19871417
2022-09-10 00:00:00.000,65.97916539168953,844584405.9852948,47935392.5330195
2022-09-11 00:00:00.000,65.49630904933365,839084570.0595865,52263731.47562226
2022-09-12 00:00:00.000,64.19888959889465,822228245.2357581,34245151.83252753
2022-09-13 00:00:00.000,62.71201406953417,796116165.6283118,64072416.80335929
2022-09-14 00:00:00.000,58.89344813252611,754545837.8009967,60211336.05349052
2022-09-15 00:00:00.000,62.059595776176565,793733668.1622877,37248708.69253602
2022-09-16 00:00:00.000,58.22384420157834,746679351.1870657,42580793.74773775
2022-09-17 00:00:00.000,56.60606840957036,725635100.3732653,33886780.192830816
2022-09-18 00:00:00.000,58.78016962262367,754003947.8762501,23422128.98306403
2022-09-19 00:00:00.000,53.18945242410018,682987316.2332952,35445136.9655795
2022-09-20 00:00:00.000,55.391412433643914,711519553.0829995,34540268.917087644
2022-09-21 00:00:00.000,53.59766138643629,689309524.0234636,38848826.05366558
2022-09-22 00:00:00.000,53.839812091691,691078231.2730801,61377657.48481563
2022-09-23 00:00:00.000,56.65091504045542,726810385.9649535,48745360.09782387
2022-09-24 00:00:00.000,56.09872465176558,723161080.5962629,39878477.27493278
2022-09-25 00:00:00.000,55.6464748305047,715194664.7781494,26608146.360701554
2022-09-26 00:00:00.000,56.354088841695386,723749261.955746,41582341.08739842
2022-09-27 00:00:00.000,58.837957661981775,755669503.1840161,49988535.53148179
2022-09-28 00:00:00.000,57.301881340667656,738230677.6637777,63300935.529948525
2022-09-29 00:00:00.000,55.499059971850315,714353528.289016,57068278.35337668
2022-09-30 00:00:00.000,56.62955214624765,727262502.2921857,31221258.704865076
2022-10-01 00:00:00.000,55.77712487095143,720762904.6427578,32736633.760409076
2022-10-02 00:00:00.000,55.30004461135981,712317417.8965449,22792556.497010417
2022-10-03 00:00:00.000,53.7861285032204,694938301.6965007,22831423.858835865
2022-10-04 00:00:00.000,56.02393055791516,722280637.952953,41720336.211500265
2022-10-05 00:00:00.000,56.7654716252488,731335088.9452657,27086167.44880849
2022-10-06 00:00:00.000,56.68039417241285,730425304.6174029,34575731.178453
2022-10-07 00:00:00.000,55.17600651393534,710827029.1282289,32640150.456059985
2022-10-08 00:00:00.000,54.45695052266304,702701465.4440008,24765092.383794744
2022-10-09 00:00:00.000,54.47114400576603,704886446.6946825,19920396.765586417
2022-10-10 00:00:00.000,54.825016833560966,705457034.2435256,21927896.159258984
2022-10-11 00:00:00.000,52.67013109283479,688933579.3692139,25162635.56273968
2022-10-12 00:00:00.000,51.682074288258086,666301054.0708656,41314552.91274275
2022-10-13 00:00:00.000,51.702763531308065,667409700.6980412,36251096.53136586
2022-10-14 00:00:00.000,51.077931144502635,659357732.9921074,69472355.34291488
2022-10-15 00:00:00.000,50.00387451496212,645202728.336512,24828214.09486961
2022-10-16 00:00:00.000,51.07127724768167,659892380.5690116,50999990.73189439
2022-10-17 00:00:00.000,51.849941256038306,669874720.6806691,34020070.139755666
2022-10-18 00:00:00.000,52.80043347233519,682567386.3552939,56841228.08225233
2022-10-19 00:00:00.000,52.662539031083234,680845423.7823211,87334066.27545401
2022-10-20 00:00:00.000,50.64673567151264,660690608.300269,35382776.50519147
2022-10-21 00:00:00.000,51.9696488892092,671741243.1814853,66455550.44881387
2022-10-22 00:00:00.000,52.09986352312863,673801464.6690383,63376313.60484201
2022-10-23 00:00:00.000,52.44586772119291,678555550.1406412,57592620.14799483
2022-10-24 00:00:00.000,52.98494629080394,685534965.8085163,47862087.09338509
2022-10-25 00:00:00.000,52.07952284021904,674104041.9077088,47746994.7026656
2022-10-26 00:00:00.000,53.33816069393136,690441253.133388,46000011.588292085
2022-10-27 00:00:00.000,55.16341734576724,714351627.468542,54651766.76499315
2022-10-28 00:00:00.000,52.96123824070137,686473458.8035548,44663439.820693605
2022-10-29 00:00:00.000,53.74005879470489,696493770.8862599,39868307.712430455
2022-10-30 00:00:00.000,54.336034498140116,699529836.6921128,45228966.30783555
2022-10-31 00:00:00.000,53.623452270190704,694447002.7648368,27612550.090643264
2022-11-01 00:00:00.000,52.67799885711812,681656355.8743485,57008500.78781197
2022-11-02 00:00:00.000,50.25522140817456,649642396.8014681,123635020.70104876
2022-11-03 00:00:00.000,50.39033258455447,652835721.5322247,126809375.40157628
2022-11-04 00:00:00.000,50.30448305314639,651211519.1710234,113759539.69298932
2022-11-05 00:00:00.000,53.829682503358505,697591605.1198399,128768320.26486762
2022-11-06 00:00:00.000,53.70690145665268,694637204.8694427,152337508.77983987
2022-11-07 00:00:00.000,50.40125382029969,653029448.1348305,104026665.47455078
2022-11-08 00:00:00.000,51.186106657825555,662814485.4826144,131185833.99900524
2022-11-09 00:00:00.000,42.16064185242677,548641149.3900287,110505095.35174663
2022-11-10 00:00:00.000,34.9548889765464,453947382.5783075,94575971.85585275
2022-11-11 00:00:00.000,39.44951416539965,510735358.4255738,81020847.24660306
2022-11-12 00:00:00.000,39.58101175476897,511637469.74223506,63023562.2867111
2022-11-13 00:00:00.000,39.99973082322022,518555824.448265,51573963.05041183
2022-11-14 00:00:00.000,40.59013907803507,522427842.280617,54167269.27982357
2022-11-15 00:00:00.000,40.48930888222875,526940164.7771083,34057588.423473746
2022-11-16 00:00:00.000,40.96266615690496,532681370.91932106,38973495.107091315
2022-11-17 00:00:00.000,39.06143123883474,506970377.0602091,30309049.165927835
2022-11-18 00:00:00.000,39.764601383134,516693837.73981726,24430891.229063965
2022-11-19 00:00:00.000,39.306751993998446,510956885.1069065,32735969.89269521
2022-11-20 00:00:00.000,39.76972639172894,517067222.6595547,33446024.663751375
2022-11-21 00:00:00.000,38.06981727400221,494781621.9563955,21380594.1157766
2022-11-22 00:00:00.000,37.72793774119288,492179209.173668,40909419.43589089
2022-11-23 00:00:00.000,39.72788062997749,518349240.71977264,42394606.78954581
2022-11-24 00:00:00.000,43.22185731545062,562399708.361468,83962157.45436218
2022-11-25 00:00:00.000,43.6429552825868,568237079.5906087,58561832.810636684
2022-11-26 00:00:00.000,41.46529591982287,539056579.6051806,40877327.42442366
2022-11-27 00:00:00.000,41.32361938367697,538191736.0867571,44917975.81830897
2022-11-28 00:00:00.000,40.80057192199962,532137673.31366205,25872703.023951773
2022-11-29 00:00:00.000,39.58273792322323,515342265.71990246,33606493.64623953
2022-11-30 00:00:00.000,40.00987143376473,521753184.5928472,31674288.86657825
2022-12-01 00:00:00.000,43.50725314161537,567666068.763443,62110181.70643538
2022-12-02 00:00:00.000,44.93266685110527,585730310.4841155,62210691.06598163
2022-12-03 00:00:00.000,46.12068681111118,600966157.5063452,35039242.610054076
2022-12-04 00:00:00.000,45.62644240002485,595509465.6060371,26279813.161714
2022-12-05 00:00:00.000,45.94965434256597,599282681.124359,30875283.21462795
2022-12-06 00:00:00.000,46.3376613817663,605478070.0293225,35801856.05050956
2022-12-07 00:00:00.000,46.19124796767675,601995686.3164725,33517637.05508225
2022-12-08 00:00:00.000,43.67254401515926,570356024.3966075,35274968.9753111
2022-12-09 00:00:00.000,45.00723238342251,587166451.995053,31141251.563967533
2022-12-10 00:00:00.000,45.577972917822684,596293037.0588586,31836091.17605849
2022-12-11 00:00:00.000,45.56453811240382,594931386.5849596,22803830.700999547
2022-12-12 00:00:00.000,44.957984508731165,587630667.0612422,26387208.135771062
2022-12-13 00:00:00.000,45.87320108502037,600339435.7661455,38796477.705999136
2022-12-14 00:00:00.000,46.22706071546898,604866638.023765,47785311.61134559
2022-12-15 00:00:00.000,46.372903760482465,607768542.1837534,36906019.50613754
2022-12-16 00:00:00.000,45.7445583847627,598858421.3378198,38826912.17343091
2022-12-17 00:00:00.000,40.986409627733266,534305516.0625911,43468203.35641312
2022-12-18 00:00:00.000,43.14450550589719,564911576.3406392,44887116.021863885
2022-12-19 00:00:00.000,43.58013652744725,571820559.9644278,26843155.19461961
2022-12-20 00:00:00.000,42.15231755328782,552106843.5866228,47361156.29740642
2022-12-21 00:00:00.000,42.25088704209503,553306567.2553227,31349995.512901086
2022-12-22 00:00:00.000,41.3182144059884,541051878.4557964,30038206.49027197
2022-12-23 00:00:00.000,39.37931267038998,515586325.0531637,40267182.39231331
2022-12-24 00:00:00.000,39.37263650589353,515859906.5258506,30972410.345033772
2022-12-25 00:00:00.000,39.75143031087791,521503090.40767527,24114733.818609487
2022-12-26 00:00:00.000,39.99079061231472,523908692.8613184,24764060.729211263
2022-12-27 00:00:00.000,40.35651211925752,529044944.38322353,28930141.82328262
2022-12-28 00:00:00.000,38.74651714541687,508254185.9853724,28687194.593560617
2022-12-29 00:00:00.000,37.41978899329161,491184664.3728484,34060508.655901045
2022-12-30 00:00:00.000,38.01000510966723,499398945.8982092,30273047.410119228
2022-12-31 00:00:00.000,37.84237083691366,496892579.3611232,34009252.12005928
2023-01-01 00:00:00.000,37.29262007474539,490121798.26735705,21530211.75320819
2023-01-02 00:00:00.000,37.18397957658103,488252606.0308024,22918202.926083416
2023-01-03 00:00:00.000,39.476370888835014,519588208.1385703,39461253.101485685
2023-01-04 00:00:00.000,40.10348415357891,526308074.2794734,55156958.58335091
2023-01-05 00:00:00.000,40.70778938041154,534191176.6685648,49128628.49120398
2023-01-06 00:00:00.000,39.93183782040308,524482351.1279988,48884025.86395189
2023-01-07 00:00:00.000,41.43947438981544,544887226.2111506,60227426.28512492
2023-01-08 00:00:00.000,41.58693497695502,546866410.3136631,38316506.9761053
2023-01-09 00:00:00.000,42.44204706007032,557744074.4960052,38509744.23038144
2023-01-10 00:00:00.000,43.29595013321772,570861593.0038869,58096061.537417665
2023-01-11 00:00:00.000,44.06762554411775,579811174.0904362,56286342.64209258
2023-01-12 00:00:00.000,44.28144146096453,583370388.0583785,41512606.43808041
2023-01-13 00:00:00.000,45.25799308181888,596600216.613381,57563626.4974732
2023-01-14 00:00:00.000,45.29462341586669,597442863.0070788,56531566.76944732
2023-01-15 00:00:00.000,46.72124713071065,618214476.0574756,98020084.44814734
2023-01-16 00:00:00.000,44.72432016763546,588869340.5049291,63863779.00578153
2023-01-17 00:00:00.000,42.53991047473971,560115230.1289717,90744144.99303132
2023-01-18 00:00:00.000,44.74182613883734,589189760.5921874,93306189.63501608
2023-01-19 00:00:00.000,43.0654960546286,566574932.7411761,90207657.42021368
2023-01-20 00:00:00.000,44.42909782341358,583955773.9280466,59808680.35856378
2023-01-21 00:00:00.000,48.08155894418528,631399338.913035,89962356.13415025
2023-01-22 00:00:00.000,48.03512856301257,628718064.6988446,75196384.50601605
2023-01-23 00:00:00.000,47.462592786415506,620843827.8009224,56495948.9705026
2023-01-24 00:00:00.000,47.117301482845136,616287258.9058431,58056295.8500725
2023-01-25 00:00:00.000,44.48914556030407,581067224.9835026,68258292.39441097
2023-01-26 00:00:00.000,45.60670767458093,594382851.5141258,62981475.26728271
2023-01-27 00:00:00.000,46.77419065427399,610473434.0418953,62624881.08450269
2023-01-28 00:00:00.000,46.507426977832814,607386150.6272705,52589037.774614446
2023-01-29 00:00:00.000,45.39458034411864,590205470.8197407,40603616.61953548
2023-01-30 00:00:00.000,47.26492227991258,612640015.5186375,71849738.91699857
2023-01-31 00:00:00.000,44.59700794354778,577341649.3805087,74489024.50930189
2023-02-01 00:00:00.000,45.2743171129774,584686022.6771866,56318432.93323767
2023-02-02 00:00:00.000,47.32153296253919,611122747.9044456,63864209.666085325
2023-02-03 00:00:00.000,45.994310669266945,592537383.9410071,75779674.9278721
2023-02-04 00:00:00.000,47.06904923798637,605955478.0086269,58480799.82756805
2023-02-05 00:00:00.000,46.571935454948594,600663953.5367026,40983604.01418941
2023-02-06 00:00:00.000,44.27905757558254,568460185.6503664,55306246.65502914
2023-02-07 00:00:00.000,43.34867777041182,555608993.8509289,49232740.17133493
2023-02-08 00:00:00.000,46.91446843288796,602142981.2235962,87387591.17442048
2023-02-09 00:00:00.000,45.25923128006387,579887143.6155152,63335378.967886835
2023-02-10 00:00:00.000,42.77766953261728,546886598.7508528,85375677.5488099
2023-02-11 00:00:00.000,43.64161959981657,556998661.3056397,68836972.55808927
2023-02-12 00:00:00.000,45.751352447257126,582965086.2881218,66395279.99235206
2023-02-13 00:00:00.000,46.12748943690599,588862000.720975,90302381.90495002
2023-02-14 00:00:00.000,43.621366073120925,553651191.2000612,84653252.75708373
2023-02-15 00:00:00.000,43.69355067457467,553346587.7384299,69931244.2730923
2023-02-16 00:00:00.000,46.26271980668123,585098625.1448488,73330358.21000497
2023-02-17 00:00:00.000,43.59909304573136,551498149.9922793,85984348.8425347
2023-02-18 00:00:00.000,45.35246055717069,573607638.2299565,78292574.58987258
2023-02-19 00:00:00.000,46.09602133456589,581937754.355422,64402616.91720645
2023-02-20 00:00:00.000,47.848596113622776,605341381.6709577,101099187.3621958
2023-02-21 00:00:00.000,50.032183693774215,629043643.7192191,116738278.06453712
2023-02-22 00:00:00.000,48.99607423568591,611494052.3199013,104491611.69100516
2023-02-23 00:00:00.000,47.84157228564865,596086487.4927461,66248881.096918896
2023-02-24 00:00:00.000,47.85140684207407,590950995.9329175,44056982.72672923
2023-02-25 00:00:00.000,45.21831647411919,558256285.1477385,44530407.58116413
2023-02-26 00:00:00.000,44.468158115155234,548856821.6269425,34071200.545367636
2023-02-27 00:00:00.000,45.006229179571214,553204308.3830049,32538055.23220473
2023-02-28 00:00:00.000,44.188581309765915,540986507.8388151,36757878.03167374
2023-03-01 00:00:00.000,43.06810047502041,524346370.8143822,35469385.38027094
2023-03-02 00:00:00.000,44.25813537668283,536864171.8355358,43306399.99259985
2023-03-03 00:00:00.000,43.57805261502751,526327499.3555323,33188385.972349856
2023-03-04 00:00:00.000,39.648701142123095,476061666.3324138,65367433.116014875
2023-03-05 00:00:00.000,38.57373239494879,461079278.7194019,35543827.832847066
2023-03-06 00:00:00.000,38.14478931303104,453620992.00608575,29635472.62583017
2023-03-07 00:00:00.000,38.546038354071655,457777397.9320828,41206175.14700745
2023-03-08 00:00:00.000,37.68699452867094,446198987.0733427,40775321.83775507
2023-03-09 00:00:00.000,35.66454503299485,422608253.64696,35695704.03798094
2023-03-10 00:00:00.000,34.17628251943175,400593508.58401006,42115709.89953893
2023-03-11 00:00:00.000,32.068219384450906,376176451.1452981,66073762.02152619
2023-03-12 00:00:00.000,31.451358013218332,364444403.0664221,53626767.469787546
2023-03-13 00:00:00.000,34.35685144007944,396481276.4218551,45111053.10993655
2023-03-14 00:00:00.000,35.260335622162714,406081114.924579,61897297.69492932
2023-03-15 00:00:00.000,36.36676440169267,415795446.0148083,73563660.71848439
2023-03-16 00:00:00.000,33.405060206827784,379677453.3039635,56550862.04888867
2023-03-17 00:00:00.000,34.16236639500251,386197887.4888074,45877380.1637262
2023-03-18 00:00:00.000,37.2394686333663,417417309.0566699,51160289.34386582
2023-03-19 00:00:00.000,36.13905053759624,403976576.3250995,53096368.7318613
2023-03-20 00:00:00.000,36.87155996155549,412446344.3850829,38135677.8317225
2023-03-21 00:00:00.000,34.589172021950695,381673923.6085692,46596408.45737989
2023-03-22 00:00:00.000,36.60634774172936,400373558.2212815,40768920.68750735
2023-03-23 00:00:00.000,34.84286256602908,378912092.3635053,40904295.88778691
2023-03-24 00:00:00.000,38.25084063318914,412996099.06100607,36938597.734382905
2023-03-25 00:00:00.000,35.8879678028589,387984208.1642585,45221262.58461635
2023-03-26 00:00:00.000,35.777133680841466,382226781.22596925,30204111.700389378
2023-03-27 00:00:00.000,36.299289189190226,386468783.6628044,29051844.808869604
2023-03-28 00:00:00.000,35.839028957028454,377619065.7793341,43870471.986665815
2023-03-29 00:00:00.000,36.43701859892105,383071072.44968474,35699828.936866716
2023-03-30 00:00:00.000,37.15279774889407,390371457.53553265,34635273.91737373
2023-03-31 00:00:00.000,37.84451670712472,395188513.5262431,39032000.92373571
2023-04-01 00:00:00.000,38.80442718774999,405852275.944826,38814078.62832379
2023-04-02 00:00:00.000,38.30191950815975,399738756.15793264,27802906.597532302
2023-04-03 00:00:00.000,36.702605780869575,380997142.8119487,23500131.939611293
2023-04-04 00:00:00.000,36.45651760143651,378020951.8278809,31060707.672648594
2023-04-05 00:00:00.000,37.760108911750045,389035239.5431671,22459703.82053709
2023-04-06 00:00:00.000,38.01970585698536,390706308.6453856,25561912.11508316
2023-04-07 00:00:00.000,37.75575747449689,385708491.6130154,24822457.829920813
2023-04-08 00:00:00.000,37.77241322521839,383730663.8686207,24792526.805854954
2023-04-09 00:00:00.000,38.50843816354036,389141219.5714721,23377914.676524512
2023-04-10 00:00:00.000,39.68522795104012,399759964.91514385,35421853.520178616
2023-04-11 00:00:00.000,39.515425957729626,396220432.69801205,31954062.443750378
2023-04-12 00:00:00.000,39.79922412564424,396064343.37255144,35149440.76741493
2023-04-13 00:00:00.000,39.83100510080567,394562836.324099,31052698.254184943
2023-04-14 00:00:00.000,41.301198757093296,406659521.693176,43814370.42081591
2023-04-15 00:00:00.000,42.18275720699001,413640253.539196,42042580.5611898
2023-04-16 00:00:00.000,42.92784524151341,419030448.51391786,36599938.333506174
2023-04-17 00:00:00.000,42.64859704596117,413766445.8349089,25587071.04852717
2023-04-18 00:00:00.000,41.588896833446505,401032623.3873427,24184897.892313022
2023-04-19 00:00:00.000,42.561162197718595,408499931.56779337,25752176.91613918
2023-04-20 00:00:00.000,38.1552240553718,364358452.70369625,43990133.50074176
2023-04-21 00:00:00.000,37.75001350174113,359405366.82506084,29776388.695668783
2023-04-22 00:00:00.000,36.54245085175878,346978473.7202027,24257258.178392064
2023-04-23 00:00:00.000,37.82432091252983,357763244.2547393,16640946.372204265
2023-04-24 00:00:00.000,36.992317132697565,347742295.39995027,16055334.063801508
2023-04-25 00:00:00.000,36.852285424904096,346084653.571709,19419950.547741927
2023-04-26 00:00:00.000,37.51928276911243,350888045.1813619,23945049.7264281
2023-04-27 00:00:00.000,36.508968051369926,338819685.6232987,41891555.13918275
2023-04-28 00:00:00.000,38.16271133799701,351656163.13074976,36520926.41665663
2023-04-29 00:00:00.000,37.80050848002397,347705532.3871964,19762489.61431406
2023-04-30 00:00:00.000,38.45187771351476,352580283.4467522,16296472.163507264
2023-05-01 00:00:00.000,37.78377792624619,345318165.03817487,14012831.67791062
2023-05-02 00:00:00.000,36.50746075679354,332559667.2648417,26131904.3229253
2023-05-03 00:00:00.000,36.77308341816789,334250412.80033785,18835479.56424383
2023-05-04 00:00:00.000,37.04852272252737,335962351.2699194,26731218.585019104
2023-05-05 00:00:00.000,36.35839730613908,330298253.66292924,19581840.640945807
2023-05-06 00:00:00.000,37.190393320079934,336309950.6609983,25106848.65632907
2023-05-07 00:00:00.000,35.86480220520048,323336173.755069,25550543.76378558
2023-05-08 00:00:00.000,35.51582130212828,319476020.4897634,18302206.08820237
2023-05-09 00:00:00.000,33.10663961922113,297129985.5170279,41014407.93578894
2023-05-10 00:00:00.000,33.197175829871,297098066.6605925,22369031.406724155
2023-05-11 00:00:00.000,33.413132478178504,298296868.72974133,28686984.87938767
2023-05-12 00:00:00.000,32.62053253847166,290770967.4933616,22654799.35630308
2023-05-13 00:00:00.000,33.02079028764869,293331135.2594716,21919389.79531243
2023-05-14 00:00:00.000,32.6734429293147,290548519.81369597,12620746.727959452
2023-05-15 00:00:00.000,32.837924073599304,290626843.3673407,13013209.138039932
2023-05-16 00:00:00.000,33.0300906005614,292046953.8593143,18707717.780410692
2023-05-17 00:00:00.000,33.12075450891674,292145066.3259107,16435259.64891434
2023-05-18 00:00:00.000,33.914150839276886,298428345.3957109,23466290.985881444
2023-05-19 00:00:00.000,33.65118832512271,295842246.64519864,16151531.116700288
2023-05-20 00:00:00.000,33.383537574003306,292861031.2376892,15713137.932435594
2023-05-21 00:00:00.000,33.12147654297085,289156558.241482,13067156.086773988
2023-05-22 00:00:00.000,32.174907635603454,281127943.0469939,16715044.369962476
2023-05-23 00:00:00.000,32.05934900605729,278896411.4243395,17878897.660625618
2023-05-24 00:00:00.000,32.276201027545675,280115777.2250819,15494329.739295611
2023-05-25 00:00:00.000,31.005647929332795,268921416.41730744,22527814.130666316
2023-05-26 00:00:00.000,31.23267000438044,269704784.18329966,22184730.17413352
2023-05-27 00:00:00.000,32.6232238253843,281172251.202808,27928347.08231311
2023-05-28 00:00:00.000,32.827103015539606,282151072.7464978,15855176.815822616
2023-05-29 00:00:00.000,34.2512179807397,294047860.134623,18456932.094680324
2023-05-30 00:00:00.000,33.62356050872177,288314601.40235174,13782273.281826925
2023-05-31 00:00:00.000,33.87728792201573,289834763.92356914,17585495.456035912
2023-06-01 00:00:00.000,32.24719254040834,275107464.7819267,20148520.7670648
2023-06-02 00:00:00.000,31.552066916790505,268690860.6277077,16150452.495819695
2023-06-03 00:00:00.000,32.183418413901116,273386544.0204967,13463405.85119807
2023-06-04 00:00:00.000,32.2515491060022,274265054.12414414,11953567.42700882
2023-06-05 00:00:00.000,32.0149587557921,272292944.77962875,13857384.513636038
2023-06-06 00:00:00.000,29.344788644688418,250131172.83522275,29564168.664668243
2023-06-07 00:00:00.000,30.068695430260657,256043076.31265855,25160836.39686274
2023-06-08 00:00:00.000,28.750747177750466,244465669.9861628,20331618.75881324
2023-06-09 00:00:00.000,28.963653860839088,246732458.77644223,15666844.561087726
2023-06-10 00:00:00.000,28.917396865654897,246197463.97516677,14909692.570085488
2023-06-11 00:00:00.000,24.081542985284912,204738605.1761405,62737348.156812936
2023-06-12 00:00:00.000,24.743245994469383,209760519.69868484,23248322.96180927
2023-06-13 00:00:00.000,25.172962835472138,212931887.9912274,22896625.10404929
2023-06-14 00:00:00.000,25.3947463691224,215618194.39150465,24198386.487893373
2023-06-15 00:00:00.000,24.431738570320466,207068347.38729548,22186262.04206091
2023-06-16 00:00:00.000,24.753009750480288,209950904.1751457,15326852.45413004
2023-06-17 00:00:00.000,25.213581462203265,213931712.01876137,18675497.352435578
2023-06-18 00:00:00.000,25.49174609623185,215900389.00446945,16750772.922589464
2023-06-19 00:00:00.000,25.75526645377978,218545602.70431545,16445526.48299936
2023-06-20 00:00:00.000,26.213997406476143,222465884.7133724,15943882.057455136
2023-06-21 00:00:00.000,26.470945579492763,224081088.73065025,23773924.361564934
2023-06-22 00:00:00.000,27.360517738643345,232416275.07036752,25098669.11346656
2023-06-23 00:00:00.000,26.223025633242553,222857407.2549593,22189775.697217528
2023-06-24 00:00:00.000,28.65122192620092,243597168.5347416,31345257.55693875
2023-06-25 00:00:00.000,29.389409678068628,248863502.00614557,22793793.25309227
2023-06-26 00:00:00.000,30.513755405501023,258475583.56346387,26640489.265632376
2023-06-27 00:00:00.000,30.343577143716345,257333659.36902004,28454210.890145022
2023-06-28 00:00:00.000,30.273778828197123,256906521.5597839,19689070.284759697
2023-06-29 00:00:00.000,28.9011142634397,245463233.7998527,22434377.46830413
2023-06-30 00:00:00.000,29.631750386040487,251980925.86169392,21093712.985766213
2023-07-01 00:00:00.000,33.76503433440379,286487767.40433395,64098381.833358504
2023-07-02 00:00:00.000,34.04929932367841,288847333.6937814,35767570.57176804
2023-07-03 00:00:00.000,32.71811710827315,278197655.3044236,21091662.80535362
2023-07-04 00:00:00.000,33.1529359672095,281254757.45252734,27884742.8503885
2023-07-05 00:00:00.000,33.2602694695945,283871654.0024566,22235395.661624342
2023-07-06 00:00:00.000,31.825477069097445,269558212.38488877,37862753.000673704
2023-07-07 00:00:00.000,30.602657726595496,258655964.41523364,25878042.72035049
2023-07-08 00:00:00.000,29.484115843322968,248158664.59742603,29456031.653820664
2023-07-09 00:00:00.000,28.7850935101364,241730147.95065573,25271147.94098228
2023-07-10 00:00:00.000,28.5273314493634,239238186.02056032,15924272.280647973
2023-07-11 00:00:00.000,28.92254838012032,242199434.0109608,22236626.45004369
2023-07-12 00:00:00.000,28.962086221874824,242409577.550655,16133134.177331692
2023-07-13 00:00:00.000,29.138826366325084,243373573.27162895,17168065.714511503
2023-07-14 00:00:00.000,32.99754491615893,274167227.70677865,37298784.17158708
2023-07-15 00:00:00.000,31.80622861700927,264243229.0504817,31722951.53688796
2023-07-16 00:00:00.000,31.23775972936964,259536142.21093327,18265950.842288576
2023-07-17 00:00:00.000,30.848578301441822,255457403.10245425,17432536.52229392
2023-07-18 00:00:00.000,32.463313472418456,268770631.5129411,25241709.392730575
2023-07-19 00:00:00.000,31.187914755629784,258071938.78928885,20263015.99534625
2023-07-20 00:00:00.000,31.32275250734237,259262652.83652905,16440512.48687536
2023-07-21 00:00:00.000,31.14937755745927,258195273.88277227,20892359.15760347
2023-07-22 00:00:00.000,31.519745933980666,260865840.31002504,18473039.841783613
2023-07-23 00:00:00.000,31.222444624820437,258113121.90682003,15664849.417345649
2023-07-24 00:00:00.000,31.79355761346783,262882933.6502155,18522085.136775095
2023-07-25 00:00:00.000,29.95160395706748,247479769.08440587,23811957.108423803
2023-07-26 00:00:00.000,29.814193139577423,246292747.02406937,15241266.698495146
2023-07-27 00:00:00.000,29.997409652930145,247702769.9117731,17241499.327106517
2023-07-28 00:00:00.000,30.12348285374842,248773351.3873601,13561207.87270325
2023-07-29 00:00:00.000,30.67424033002881,253325942.28840908,15008512.471757252
2023-07-30 00:00:00.000,30.390102715287014,250897954.91823977,12960521.066681188
2023-07-31 00:00:00.000,29.954022271283165,247151998.56408527,15407525.439185295
2023-08-01 00:00:00.000,30.290298120324955,249956541.41734576,18926565.933931574
2023-08-02 00:00:00.000,30.419156894491714,250310017.01255465,23089448.54006783
2023-08-03 00:00:00.000,29.616087463002746,244088884.74584737,27548456.395037778
2023-08-04 00:00:00.000,29.700456911093323,245734962.260594,27925056.507721268
2023-08-05 00:00:00.000,29.102150878451525,239826883.0592086,20592923.792626113
2023-08-06 00:00:00.000,29.26677608098047,241342839.7921428,20645031.123152703
2023-08-07 00:00:00.000,29.28871428298388,241737007.62386292,26102991.576937903
2023-08-08 00:00:00.000,29.149171656600288,240576272.5938065,31182494.873547666
2023-08-09 00:00:00.000,29.538630459534257,244091514.63185403,26739491.475203983
2023-08-10 00:00:00.000,29.51826940290213,243747424.5927078,27158795.289633665
2023-08-11 00:00:00.000,29.42370101409429,243034704.66189215,26218135.549044214
2023-08-12 00:00:00.000,29.582720136570583,244308605.5029065,23237868.021769352
2023-08-13 00:00:00.000,29.18064726606463,240937572.9418324,21761933.669044957
2023-08-14 00:00:00.000,29.970886354245984,247609064.55573723,26208149.347947247
2023-08-15 00:00:00.000,29.65066712082978,245168779.89393127,26562846.203406475
2023-08-16 00:00:00.000,28.098578030560656,232505926.7826042,23569290.620580964
2023-08-17 00:00:00.000,26.713175479356845,220699902.0850413,21050028.59854027
2023-08-18 00:00:00.000,24.29011578747605,201102713.18402633,25633874.166212276
2023-08-19 00:00:00.000,24.393034311255153,201667351.84708557,19937090.57580022
2023-08-20 00:00:00.000,24.893694924445025,206032981.56946543,17807490.689887196
2023-08-21 00:00:00.000,25.10538760751645,207901080.73968777,25856581.464412175
2023-08-22 00:00:00.000,24.842303384433368,205643308.4204658,19066197.88797661
2023-08-23 00:00:00.000,24.941398560431143,206464732.97045028,22433684.52226501
2023-08-24 00:00:00.000,25.4552823120327,210896369.5439046,23335060.393692844
2023-08-25 00:00:00.000,24.702120075236497,204414005.4956565,19229167.46947151
2023-08-26 00:00:00.000,25.006359848493418,206957928.4193136,23643789.62437096
2023-08-27 00:00:00.000,24.830840843511854,205223813.19486848,16431253.092294091
2023-08-28 00:00:00.000,25.041523161970108,206923193.95141792,18087395.32145496
2023-08-29 00:00:00.000,25.325481315158644,209683159.2616466,17888319.522926908
2023-08-30 00:00:00.000,26.357555442934455,217848218.78294453,27166146.350473695
2023-08-31 00:00:00.000,26.208897286178644,214752899.92364708,21021312.924563248
2023-09-01 00:00:00.000,24.735780272207812,202986998.17475817,21447135.74711672
2023-09-02 00:00:00.000,24.260042102137938,199225278.8050737,20177625.95757994
2023-09-03 00:00:00.000,24.660324672379463,202279860.52868608,18771408.407039944
2023-09-04 00:00:00.000,24.78166796198306,203592519.3388344,18255867.6218849
2023-09-05 00:00:00.000,24.515953972269298,201225947.37308696,15316941.953898815
2023-09-06 00:00:00.000,24.625979355979077,202162139.93615448,12587885.810422849
2023-09-07 00:00:00.000,25.04243516312212,205375793.2367237,14664160.121151743
2023-09-08 00:00:00.000,25.261192991786977,206453474.2789219,14127499.89722392
2023-09-09 00:00:00.000,25.011022119785775,204027019.29643452,16517825.646918409
2023-09-10 00:00:00.000,25.318433298060683,205607399.55922103,10216674.76387702
2023-09-11 00:00:00.000,24.79599596658137,201423328.16333556,14832847.235981198
2023-09-12 00:00:00.000,24.536953556288083,199001988.25850967,17515132.32986053
2023-09-13 00:00:00.000,24.815302285702806,201391182.3338732,19623198.350817617
2023-09-14 00:00:00.000,25.344655683132288,205095773.3629202,15758415.577169709
2023-09-15 00:00:00.000,25.310442311451293,203441955.26754487,15661552.532707956
2023-09-16 00:00:00.000,26.109541056999216,209385821.67925215,39400814.65989598
2023-09-17 00:00:00.000,26.039048483099418,207800227.01148912,34209673.69721566
2023-09-18 00:00:00.000,25.443857912228697,202644123.7830136,11241103.744891671
2023-09-19 00:00:00.000,25.405330069922,202062289.08129328,14595200.816740902
2023-09-20 00:00:00.000,25.820318997129164,205311588.17345777,13428267.14120595
2023-09-21 00:00:00.000,26.12273600775666,207686186.04949057,14415312.173754048
2023-09-22 00:00:00.000,26.103508315817173,206834936.86599505,32438060.15479198
2023-09-23 00:00:00.000,26.68555831450748,210446895.69754,12646995.800002685
2023-09-24 00:00:00.000,26.62770849541518,209460392.34923536,9560233.61912695
2023-09-25 00:00:00.000,25.8647510595232,202899196.69260296,9210036.977245914
2023-09-26 00:00:00.000,26.10521381934864,204693099.34679756,8783946.760566028
2023-09-27 00:00:00.000,26.213104749977905,205689954.042947,11519359.768500114
2023-09-28 00:00:00.000,26.030316037254007,204082980.3406739,12510085.581245536
2023-09-29 00:00:00.000,26.42954288155716,207362660.71093193,11419659.08859375
2023-09-30 00:00:00.000,26.76269139915031,209603438.14742532,36353167.82446913
2023-10-01 00:00:00.000,26.92289568240466,211198905.08238932,10257145.91871686
2023-10-02 00:00:00.000,28.067053429456102,221128910.957664,12663082.181786086
2023-10-03 00:00:00.000,27.276148480805123,214050508.75395027,40769100.25438691
2023-10-04 00:00:00.000,26.96759149218563,211795688.24166065,16997351.194298256
2023-10-05 00:00:00.000,27.14565787870609,213171088.7210758,16407561.048774032
2023-10-06 00:00:00.000,27.17712311810296,213404228.71171263,39173482.44337253
2023-10-07 00:00:00.000,26.72299823855245,209894710.57562697,16627499.412406974
2023-10-08 00:00:00.000,26.98545504590174,212112528.60587135,12561660.616429005
2023-10-09 00:00:00.000,26.230656876294123,205947665.3391443,13083744.73278456
2023-10-10 00:00:00.000,25.597780579245523,201185613.35697627,15188689.080371622
2023-10-11 00:00:00.000,25.479052108197095,200328020.43899095,10723364.725729672
2023-10-12 00:00:00.000,25.136385701237774,197580882.50033247,14323708.007727165
2023-10-13 00:00:00.000,24.53485500878397,193034640.80325052,12366460.850237528
2023-10-14 00:00:00.000,24.930122934183935,196144525.28373265,11344544.877099058
2023-10-15 00:00:00.000,24.949851653511505,196971446.16320544,8208705.168459848
2023-10-16 00:00:00.000,25.148354762228323,197951665.2550452,9757305.825715112
2023-10-17 00:00:00.000,25.664583186561305,202476380.13510373,16873584.988167208
2023-10-18 00:00:00.000,24.610810746433113,193875731.57683167,13084162.724217623
2023-10-19 00:00:00.000,24.760515629700848,195314507.5001987,16185300.823128523
2023-10-20 00:00:00.000,24.992954027949455,196785150.8020942,14628775.329807349
2023-10-21 00:00:00.000,25.262400356292495,199242352.163033,14685158.401496708
2023-10-22 00:00:00.000,25.64404872611902,202084494.47698063,14896698.474718831
2023-10-23 00:00:00.000,25.910773912683936,202074451.97113612,13910608.363541223
2023-10-24 00:00:00.000,27.24170853350932,214909930.89331853,23672853.05897307
2023-10-25 00:00:00.000,27.508206499165244,217093232.13659748,27750392.82368583
2023-10-26 00:00:00.000,27.37190020220386,215809481.6195861,19539619.82422521
2023-10-27 00:00:00.000,27.859931418099492,220400589.76314473,24405172.156268887
2023-10-28 00:00:00.000,27.351418895849974,216157516.16494587,16774771.422960836
2023-10-29 00:00:00.000,27.883515257621333,220447358.95191547,14972510.134319829
2023-10-30 00:00:00.000,28.190281998921503,222798253.9304773,13321283.775100816
2023-10-31 00:00:00.000,28.50967942679755,225340595.12724337,16833693.38557658
2023-11-01 00:00:00.000,28.299260143906817,223763667.01788116,29288097.869207557
2023-11-02 00:00:00.000,28.58913416487917,226257705.0722417,24919086.947787013
2023-11-03 00:00:00.000,27.5076811020845,217983815.3654351,27429389.629854985
2023-11-04 00:00:00.000,27.6485063108784,397289391.2168428,22947548.52173334
2023-11-05 00:00:00.000,28.193484939692265,405735102.7120488,18202240.445518084
2023-11-06 00:00:00.000,28.69955130066948,412688125.41746014,22141606.594476003
2023-11-07 00:00:00.000,29.772724362808024,428001256.162676,51863925.16010496
2023-11-08 00:00:00.000,29.230577822001667,420226659.71875703,26762970.69620059
2023-11-09 00:00:00.000,30.363064557327345,434629610.6629883,51495980.66857645
2023-11-10 00:00:00.000,29.448401226310473,423323977.1100432,47784085.135190465
2023-11-11 00:00:00.000,30.40053947285212,437885474.68843096,33644379.36796266
2023-11-12 00:00:00.000,30.232598476177312,434661129.89500177,36276668.71881582
2023-11-13 00:00:00.000,31.2621046486497,450000119.641286,68692935.2889039
2023-11-14 00:00:00.000,29.744470980659887,428911598.4089346,33705853.378813855
2023-11-15 00:00:00.000,29.39640134932924,423624468.2577566,37144526.175813794
2023-11-16 00:00:00.000,30.383533977645993,437439595.8149347,29304397.651639365
2023-11-17 00:00:00.000,29.59469738618183,426189124.255905,41108498.52587613
2023-11-18 00:00:00.000,29.244139491576,421749282.0707449,38606964.85395849
2023-11-19 00:00:00.000,28.912395464004987,416788974.30403835,34287909.44431114
2023-11-20 00:00:00.000,29.286359194396233,422846137.6366752,27249143.79198673
2023-11-21 00:00:00.000,28.909541195405794,417173384.01306826,32620950.906820975
2023-11-22 00:00:00.000,27.030838339615116,390261902.7951428,38915144.88960883
2023-11-23 00:00:00.000,28.46241810983875,410809424.18524253,36961173.26784687
2023-11-24 00:00:00.000,28.81808105677973,416005814.4200891,27480799.98103083
2023-11-25 00:00:00.000,29.526417973520825,426312788.66208947,36696980.67369919
2023-11-26 00:00:00.000,30.043035227408357,432952654.48396975,20602950.880717646
2023-11-27 00:00:00.000,29.523908555270097,426226374.1664985,29532075.511449333
2023-11-28 00:00:00.000,28.808138483103836,416071774.23439574,32766005.548860747
2023-11-29 00:00:00.000,28.8909445611082,417669169.1564535,35275973.88040998
2023-11-30 00:00:00.000,28.909133519292244,418049735.1503769,35643459.51383476
2023-12-01 00:00:00.000,29.559368821304588,427816419.6721974,57883720.70375901
2023-12-02 00:00:00.000,29.776068918962228,430839293.6154682,14672152.8331385
2023-12-03 00:00:00.000,31.614593042214995,458390602.4478421,48910852.71154095
2023-12-04 00:00:00.000,30.817898540039923,445851088.4534779,26608784.421825055
2023-12-05 00:00:00.000,31.480746900678422,455759612.0860557,56823415.45421298
2023-12-06 00:00:00.000,31.714456353778733,459001569.04645795,21769826.818990596
2023-12-07 00:00:00.000,31.1647870043743,452086675.6496249,23676453.273747273
2023-12-08 00:00:00.000,31.97701838069479,463236341.2326855,30702684.246312007
2023-12-09 00:00:00.000,33.546238556259844,485984115.705316,58761290.38765709
2023-12-10 00:00:00.000,33.64016923323103,488545902.90252864,59717426.427170664
2023-12-11 00:00:00.000,33.57332152482712,485993390.0569363,21087650.37261528
2023-12-12 00:00:00.000,30.42147239964211,439217331.9903679,78175916.70454027
2023-12-13 00:00:00.000,30.902048736676885,450288057.9115158,60253425.93618015
2023-12-14 00:00:00.000,30.641714941980656,444288632.60793775,29941072.210095312
2023-12-15 00:00:00.000,30.607882851916784,443760751.4316185,28294059.66170182
2023-12-16 00:00:00.000,29.4399737762173,429226042.0738697,32227940.241972737
2023-12-17 00:00:00.000,29.93090399669756,434380968.89415807,25874722.844065655
2023-12-18 00:00:00.000,29.725616866337496,431268690.63982046,26648435.355169136
2023-12-19 00:00:00.000,28.876247613607113,419444366.3043177,45715778.80932115
2023-12-20 00:00:00.000,27.788790109506454,403490023.02939194,47311109.08604086
2023-12-21 00:00:00.000,29.106367574678934,423137155.0721155,36580073.76825639
2023-12-22 00:00:00.000,29.884748865371016,434521746.4424221,74320081.58263028
2023-12-23 00:00:00.000,30.34085802665258,441473440.7961985,27754482.24665903
2023-12-24 00:00:00.000,30.31128056086315,441145837.13615537,26014359.9854918
2023-12-25 00:00:00.000,30.15145581130531,439026980.0408161,29239152.627445467
2023-12-26 00:00:00.000,31.229902953766164,454716831.0513997,30442520.66888995
2023-12-27 00:00:00.000,30.283826063667984,440525717.5440612,39986044.97792578
2023-12-28 00:00:00.000,31.77772248588819,463157465.7494552,40380036.68081041
2023-12-29 00:00:00.000,32.01514818812814,466671864.6160761,70584938.37600218
2023-12-30 00:00:00.000,28.65854950407647,417274142.95926785,86979265.29809345
2023-12-31 00:00:00.000,28.74575961670505,418959553.6214032,73234730.85628109
2024-01-01 00:00:00.000,26.834716420904694,391269262.0603098,32976250.681308337
2024-01-02 00:00:00.000,27.817226681981104,405396776.3150871,39191328.82114491
2024-01-03 00:00:00.000,27.61044423026664,401663538.6298348,42286674.68919655
2024-01-04 00:00:00.000,25.060383523551767,365556254.22194475,46938953.51477982
2024-01-05 00:00:00.000,24.188793246139532,353067988.69360846,48022440.149928115
2024-01-06 00:00:00.000,23.533587575585244,343259312.81485623,43477512.05201064
2024-01-07 00:00:00.000,23.02457335468772,336167993.3928378,23860441.85396608
2024-01-08 00:00:00.000,21.870018663891013,318745567.4809616,15527131.522178495
2024-01-09 00:00:00.000,21.253889732259196,310595456.69900626,47652950.48764796
2024-01-10 00:00:00.000,19.606977563827012,286338526.84664613,43739577.80414819
2024-01-11 00:00:00.000,22.2389293992754,325115242.7087275,51056385.48142737
2024-01-12 00:00:00.000,24.38323897796844,356655293.1182319,97704213.50343992
2024-01-13 00:00:00.000,23.797948908395828,348362031.40559995,81896003.8923813
2024-01-14 00:00:00.000,23.46324505695206,342880829.44096434,61101672.43777519
2024-01-15 00:00:00.000,22.891573126481887,334572485.4883126,58649288.12918906
2024-01-16 00:00:00.000,23.655048889844696,345948248.1065604,39067394.69448492
2024-01-17 00:00:00.000,23.284317439340672,340929207.6699842,57529301.661038935
2024-01-18 00:00:00.000,22.907889293224876,335420819.20993054,29321971.46418803
2024-01-19 00:00:00.000,22.4888989184405,329135581.7366077,60838239.95175181
2024-01-20 00:00:00.000,23.541636379539582,344471539.0350854,36372611.8266661
2024-01-21 00:00:00.000,23.500979057086223,344451018.3346308,56375568.58080128
2024-01-22 00:00:00.000,23.342196045080534,342689265.81690645,34107981.86842278
2024-01-23 00:00:00.000,22.248230172622947,326545017.0091042,60062036.92316482
2024-01-24 00:00:00.000,21.430965430094563,314089747.7157917,34510584.14404288
2024-01-25 00:00:00.000,21.93028346279381,322405205.47743547,35562340.30671794
2024-01-26 00:00:00.000,22.396653592152425,328381039.1428548,32461048.776437428
2024-01-27 00:00:00.000,22.70844174926575,332216995.4182867,35523344.382403485
2024-01-28 00:00:00.000,22.737402081615105,333649224.6261986,27998977.440949228
2024-01-29 00:00:00.000,22.177676313389117,325511021.1589915,28351519.973857243
2024-01-30 00:00:00.000,22.98734983559033,339426974.3549815,28383193.55404973
2024-01-31 00:00:00.000,22.543677075242105,330787072.03286463,29707468.90236926
2024-02-01 00:00:00.000,21.7004186615364,319001608.77917296,31338463.909893267
2024-02-02 00:00:00.000,21.671630281726383,318365322.688788,23246648.614159018
2024-02-03 00:00:00.000,22.03486606416343,323785670.958246,22750167.177173298
2024-02-04 00:00:00.000,22.04408492689363,323832371.19611704,17068500.91367399
2024-02-05 00:00:00.000,21.413847682871054,314662608.58906674,16222093.815843988
2024-02-06 00:00:00.000,21.348489988326637,313909083.1050689,19621191.77208629
2024-02-07 00:00:00.000,19.2723251756252,283503663.7397652,37364675.153570116
2024-02-08 00:00:00.000,20.87574458024547,306973674.44274575,32429957.337821607
2024-02-09 00:00:00.000,20.934640660640703,308385005.16503227,47957601.75544921
2024-02-10 00:00:00.000,21.17349150671278,311837009.0291375,56242190.04809169
2024-02-11 00:00:00.000,20.86698603396888,307116749.4530173,26300365.16543054
2024-02-12 00:00:00.000,20.296016853801525,298832173.3801722,21161334.35797204
2024-02-13 00:00:00.000,21.190453033032448,311950589.4419969,48420249.29754756
2024-02-14 00:00:00.000,20.858729400262533,307262259.54035676,30526961.528152484
2024-02-15 00:00:00.000,21.280947051803437,313512950.84467894,31055051.95121746
2024-02-16 00:00:00.000,22.340416590547775,329180060.2162675,64583037.31002752
2024-02-17 00:00:00.000,22.718478415037463,335082805.4861173,58802662.150736146
2024-02-18 00:00:00.000,24.8135228196107,365763972.29086816,87474987.83418304
2024-02-19 00:00:00.000,25.64343228439509,379832199.0132376,66745207.13538036
2024-02-20 00:00:00.000,26.914176873929083,395521956.4431382,83170034.51869398
2024-02-21 00:00:00.000,24.81914062249704,366886203.6644334,90100997.21031438
2024-02-22 00:00:00.000,24.572687288172663,362755386.41425055,79011254.93618223
2024-02-23 00:00:00.000,26.81519505487948,395751576.3043936,131983634.58143564
2024-02-24 00:00:00.000,26.909003370852428,397881573.7131816,90904722.93247184
2024-02-25 00:00:00.000,27.955116479540465,412994031.9504051,75185548.8266702
2024-02-26 00:00:00.000,27.78774280205451,410871933.07885,69631634.08505988
2024-02-27 00:00:00.000,28.157801479163663,415933298.78379154,72658657.58012363
2024-02-28 00:00:00.000,28.721797527670383,424577494.8194465,57812837.27535993
2024-02-29 00:00:00.000,28.440579898253517,420829601.5435661,109171393.15287083
2024-03-01 00:00:00.000,27.797166249386,412277324.6085738,114418647.89353636
2024-03-02 00:00:00.000,29.623563393432693,438657789.6340053,87975705.20495646
2024-03-03 00:00:00.000,32.967785507288525,487731411.7557851,108871455.48271884
2024-03-04 00:00:00.000,31.65562746624608,467245826.9965586,106031982.33638522
2024-03-05 00:00:00.000,32.87918623143652,485588847.8829238,111180616.76924545
2024-03-06 00:00:00.000,30.422163276325207,451397040.0835482,143641623.84184757
2024-03-07 00:00:00.000,32.86135386849565,485719761.22703975,136642690.036933
2024-03-08 00:00:00.000,34.00849341164146,503840810.25028056,123657166.19301865
2024-03-09 00:00:00.000,34.69569734856462,514098940.21443295,125372252.84916665
2024-03-10 00:00:00.000,34.267001495775574,507999562.6517292,112754095.71934669
2024-03-11 00:00:00.000,33.621647228412506,498466008.7324149,85114505.99800767
2024-03-12 00:00:00.000,35.00743556815546,519334115.1938876,115506499.07048865
2024-03-13 00:00:00.000,34.01641655016663,503944747.116209,91347789.56741048
2024-03-14 00:00:00.000,34.79261463764473,516044995.8294253,102203701.46948338
2024-03-15 00:00:00.000,34.12252165251907,506497994.6910516,101607632.44293588
2024-03-16 00:00:00.000,31.464391877613902,467958681.60829645,68608266.69885433
2024-03-17 00:00:00.000,28.71878696393681,426593741.5990827,84809623.27807656
2024-03-18 00:00:00.000,29.189928250067457,433410058.4391416,52906169.29700197
2024-03-19 00:00:00.000,27.732274643007532,412012283.7508021,83795378.34011343
2024-03-20 00:00:00.000,25.027069327393388,372086671.43861246,65437332.480001874
2024-03-21 00:00:00.000,28.337302845430752,421273794.5610404,63075081.17349593
2024-03-22 00:00:00.000,29.489308212563763,438546344.3237048,84778194.03614113
2024-03-23 00:00:00.000,28.68340046576099,426466569.0213396,71184485.67691521
2024-03-24 00:00:00.000,28.88681404885855,430191366.7435961,66667524.34338009
2024-03-25 00:00:00.000,29.864463804925663,444313443.8392726,63813032.90091913
2024-03-26 00:00:00.000,30.23989236921956,448936186.3634798,43745962.60147266
2024-03-27 00:00:00.000,31.617905487244617,469972515.20092493,82092759.27931492
2024-03-28 00:00:00.000,31.11256550692675,458692413.2141183,76922946.79586668
2024-03-29 00:00:00.000,30.899482240216894,460175225.9397233,65340912.91471
2024-03-30 00:00:00.000,30.792381473612057,458327457.8630293,69650055.94607641
2024-03-31 00:00:00.000,30.07610517817635,446854360.887069,24506691.393511
2024-04-01 00:00:00.000,30.436064704390215,453368728.54245055,26531348.604975294
2024-04-02 00:00:00.000,29.02333517502438,433016766.4252947,41266943.279916614
2024-04-03 00:00:00.000,27.784832978726676,414611695.48770976,78349539.73138069
2024-04-04 00:00:00.000,27.2493703890366,406529301.8404226,34553047.465651646
2024-04-05 00:00:00.000,27.64690246803382,412120810.7370125,32523686.431879412
2024-04-06 00:00:00.000,27.33386545918028,407991420.4281733,31618497.735875346
2024-04-07 00:00:00.000,27.509433118282953,410157124.35539174,19646613.64940012
2024-04-08 00:00:00.000,27.864534425756805,415825253.030862,24280844.70867357
2024-04-09 00:00:00.000,28.504149258335953,425693979.90121347,31512639.40002296
2024-04-10 00:00:00.000,27.714348225037018,414205244.292202,62420741.72611111
2024-04-11 00:00:00.000,27.01870389124552,403660013.6523087,31939499.46770902
2024-04-12 00:00:00.000,26.55655150636016,396758830.074867,26622929.559595507
2024-04-13 00:00:00.000,23.32080509819739,348692496.8672632,45897805.94132248
2024-04-14 00:00:00.000,20.62879944314751,308420042.803549,52306993.61645481
2024-04-15 00:00:00.000,21.96863151066937,328627854.17141557,49835953.09954282
2024-04-16 00:00:00.000,21.197735078667694,316960634.84207946,37207769.21224375
2024-04-17 00:00:00.000,21.41058092059113,320377078.5201898,31719573.84506232
2024-04-18 00:00:00.000,21.046146396305687,315083954.30817246,32304466.90819541
2024-04-19 00:00:00.000,22.005049811598575,329455662.2436213,30118422.220508058
2024-04-20 00:00:00.000,22.292434192869298,333725154.78814805,38136030.78260534
2024-04-21 00:00:00.000,23.21021633053683,347429509.4914801,20950519.051268816
2024-04-22 00:00:00.000,22.69085269078983,339938255.4967718,23364483.421142377
2024-04-23 00:00:00.000,24.319220584092296,364657068.0636696,27437204.1533475
2024-04-24 00:00:00.000,23.952182963234105,358732994.4502279,17700738.23286513
2024-04-25 00:00:00.000,22.86326621878251,342946308.70523417,26743186.351320624
2024-04-26 00:00:00.000,23.366591181130207,350797242.0538563,24851151.155112244
2024-04-27 00:00:00.000,22.869873640926013,342896212.7239092,21121383.94902924
2024-04-28 00:00:00.000,23.24829898054662,349940215.76620233,20180531.49879776
2024-04-29 00:00:00.000,22.481188462524894,337751976.2618801,17792756.350973252
2024-04-30 00:00:00.000,22.35212131541121,335430870.01989895,24077604.13964379
2024-05-01 00:00:00.000,21.38792664754953,321724600.609567,27645545.82797385
2024-05-02 00:00:00.000,22.228673373386957,334234608.41548735,29744111.253940012
2024-05-03 00:00:00.000,22.76394254571449,342108597.36585385,25185073.827891663
2024-05-04 00:00:00.000,23.017389064849436,349390928.35011834,23145346.759120364
2024-05-05 00:00:00.000,23.10698577239212,346239910.87725806,18621273.82192852
2024-05-06 00:00:00.000,23.09269088555022,347022340.9912462,18776566.459660817
2024-05-07 00:00:00.000,22.84720391054314,343361969.8777766,25760339.541412275
2024-05-08 00:00:00.000,22.479953563789813,338817774.8279259,21627534.92982857
2024-05-09 00:00:00.000,23.52655920322738,353199751.2562213,51051423.49760646
2024-05-10 00:00:00.000,23.45168720217747,353147654.02503985,22339292.21204965
2024-05-11 00:00:00.000,22.891101352990127,344520707.26726794,22602170.3728793
2024-05-12 00:00:00.000,22.448145464757793,337916218.53189236,14602281.412742686
2024-05-13 00:00:00.000,22.35593844663663,336504137.85047495,13643463.424616212
2024-05-14 00:00:00.000,22.187573819467563,333901579.8322251,24353155.35348057
2024-05-15 00:00:00.000,21.91303525441152,329696048.6156406,19822178.48007797
2024-05-16 00:00:00.000,23.234772492226114,350970070.6301504,25669793.738253023
2024-05-17 00:00:00.000,23.726214693154105,357005325.1572554,22379724.90789456
2024-05-18 00:00:00.000,23.61080729094727,354968770.62464195,20945522.198923465
2024-05-19 00:00:00.000,23.530943364109213,354549750.4796045,16006074.358223928
2024-05-20 00:00:00.000,23.286745971905916,350838489.50988644,17141996.55593723
2024-05-21 00:00:00.000,24.99758225187026,377416059.5795121,28009100.42806886
2024-05-22 00:00:00.000,24.5417068027456,369193085.0191218,32034947.24883221
2024-05-23 00:00:00.000,24.708253474621124,372982945.09712493,22860094.62175622
2024-05-24 00:00:00.000,25.247005044714204,381268548.4876805,61458825.88099496
2024-05-25 00:00:00.000,27.62500769429791,416676122.65635645,79853755.53966142
2024-05-26 00:00:00.000,26.889963022649574,405414610.8897661,20229217.622546565
2024-05-27 00:00:00.000,26.5440872770733,402172487.1370312,17028064.324452214
2024-05-28 00:00:00.000,27.073133078655783,408776545.0514836,52497629.56561277
2024-05-29 00:00:00.000,26.65121619044564,402833214.2804985,51377504.786646016
2024-05-30 00:00:00.000,26.972957656523832,404695277.65080297,48853743.276510775
2024-05-31 00:00:00.000,26.690971908271216,404093248.2410575,23781427.75959175
2024-06-01 00:00:00.000,26.97396542799254,406407970.576749,49593654.79322154
2024-06-02 00:00:00.000,26.83016595376267,405398574.764943,46533742.223304
2024-06-03 00:00:00.000,26.370145963871696,397755855.9008866,20872938.597292136
2024-06-04 00:00:00.000,25.51301740182063,384998756.9917354,54353902.649455935
2024-06-05 00:00:00.000,27.572671903841428,419169912.78152627,67204362.68704434
2024-06-06 00:00:00.000,26.487160609120565,400313121.71625346,26111841.251409188
2024-06-07 00:00:00.000,26.739373191932337,404338405.39023185,49194602.745526455
2024-06-08 00:00:00.000,25.028086473680556,378564152.6910666,57378992.74504793
2024-06-09 00:00:00.000,23.005752293900343,347880152.83525866,33961911.23892366
2024-06-10 00:00:00.000,23.738251529523204,358460790.38570577,70948333.10612532
2024-06-11 00:00:00.000,23.574357520717456,355148739.3311177,73243752.94798623
2024-06-12 00:00:00.000,22.744465824751664,343942607.3837182,76441191.07636708
2024-06-13 00:00:00.000,23.589325669820298,355664481.22750217,38822045.513106465
2024-06-14 00:00:00.000,22.803170499297888,345654843.5995386,32165360.148323953
2024-06-15 00:00:00.000,22.758410642437692,344021647.4157514,28708583.40542252
2024-06-16 00:00:00.000,22.615256247303332,341293846.6939316,20711870.023959808
2024-06-17 00:00:00.000,22.810297129421205,343630137.6546959,18743200.364648357
2024-06-18 00:00:00.000,21.715139851071637,326694986.77132255,27658617.119954977
2024-06-19 00:00:00.000,20.534712608650985,310841878.58448195,37351494.77984965
2024-06-20 00:00:00.000,20.027983752388465,300777452.9971621,24835002.717481304
2024-06-21 00:00:00.000,20.001003056302014,302460424.5272106,21354449.922754243
2024-06-22 00:00:00.000,20.05846800325499,303252249.8773539,21347361.93283726
2024-06-23 00:00:00.000,20.03470294290896,302811390.82862943,14778077.962418577
2024-06-24 00:00:00.000,19.552293943537254,295508197.68298894,14982997.492854994
2024-06-25 00:00:00.000,19.89500812830916,298076910.81901497,52051752.15840488
2024-06-26 00:00:00.000,20.17162720371483,304874686.0651877,20747080.6845406
2024-06-27 00:00:00.000,19.907854635569073,301081004.7124767,34159703.677978806
2024-06-28 00:00:00.000,20.800698241567776,314222613.1644216,42901589.17481798
2024-06-29 00:00:00.000,20.591263557293313,311439527.60395896,46463336.16488189
2024-06-30 00:00:00.000,20.198475835076277,304919514.20293397,14539098.06691472
2024-07-01 00:00:00.000,20.856765364728354,314987321.59759927,18781319.907830484
2024-07-02 00:00:00.000,20.699403104715135,313688178.0266279,21935959.172964476
2024-07-03 00:00:00.000,20.844677199735287,314538625.7658243,40209181.405292675
2024-07-04 00:00:00.000,20.63835692344814,311861740.1571401,48917346.13040707
2024-07-05 00:00:00.000,18.374850157017548,280462087.9691555,31014638.76566397
2024-07-06 00:00:00.000,18.27873204118286,275471350.19335705,43685913.52674629
2024-07-07 00:00:00.000,19.853852132328967,300360996.55884475,41653533.285752974
2024-07-08 00:00:00.000,18.74049622453329,283566999.1582114,48345224.35688506
2024-07-09 00:00:00.000,20.44090456859938,308187149.9867266,58783240.6144984
2024-07-10 00:00:00.000,22.633056254673285,342189865.7986911,75633706.24617791
2024-07-11 00:00:00.000,23.345505190125323,353233203.9480428,67534179.25869969
2024-07-12 00:00:00.000,24.187309508435607,366224955.93211865,65235989.14350344
2024-07-13 00:00:00.000,24.06752821298774,363638676.02374256,58553341.44137781
2024-07-14 00:00:00.000,26.894857426210468,406957598.4300205,78068536.4909599
2024-07-15 00:00:00.000,29.42478470312444,446264991.5770668,102801953.83773756
2024-07-16 00:00:00.000,28.295776134295533,428933838.57717514,51995941.640917614
2024-07-17 00:00:00.000,30.163905947496698,455196284.42611426,118698681.77803227
2024-07-18 00:00:00.000,31.278816264549324,473896199.27915215,92422233.24946073
2024-07-19 00:00:00.000,30.53994770578832,461398539.46766114,52309542.379171506
2024-07-20 00:00:00.000,29.675441726054103,448952111.7626771,83078650.43762322
2024-07-21 00:00:00.000,29.454371464414052,445337583.3100861,66335733.82200615
2024-07-22 00:00:00.000,32.01537199925222,483677715.2901664,109792325.73858877
2024-07-23 00:00:00.000,30.463550918608725,460640258.5384864,292231379.11128426
2024-07-24 00:00:00.000,29.756604213608917,449907214.0790272,44115091.22397781
2024-07-25 00:00:00.000,29.966089731337092,452954541.5790875,66774657.57663573
2024-07-26 00:00:00.000,30.133055980509308,455599004.8648798,89535793.69779024
2024-07-27 00:00:00.000,32.50641819598507,491063265.9272327,89160162.10728121
2024-07-28 00:00:00.000,31.681057308865988,478785921.8211507,78958047.01879075
2024-07-29 00:00:00.000,32.19880251197787,486832214.8203821,79858591.91252697
2024-07-30 00:00:00.000,33.043847836266,500803800.8914957,55831297.2082587
2024-07-31 00:00:00.000,32.161665438840075,486136895.9261726,87907384.18637218
2024-08-01 00:00:00.000,33.655445675638184,506783067.1269131,98758272.48162478
2024-08-02 00:00:00.000,32.47214698526737,490987509.18565416,97234204.49267983
2024-08-03 00:00:00.000,32.547247040227006,491927915.7935424,111846338.68633752
2024-08-04 00:00:00.000,31.987646764252517,483165997.66457224,124830651.4652565
2024-08-05 00:00:00.000,30.85317598167186,466486913.35066915,53227552.31878483
2024-08-06 00:00:00.000,30.23700364216598,456326945.9844732,163954754.93163806
2024-08-07 00:00:00.000,31.87929876981196,481956291.71152693,110700010.1869384
2024-08-08 00:00:00.000,32.341585723561714,489900609.6002532,116899754.39391042
2024-08-09 00:00:00.000,35.804527427071285,539360548.7234248,113852006.87788516
2024-08-10 00:00:00.000,40.57835609071759,613252654.446252,175156724.28353113
2024-08-11 00:00:00.000,41.249150950255775,623187284.9305129,110752376.82428898
2024-08-12 00:00:00.000,41.19971682183909,622967661.1304178,119959424.35121565
2024-08-13 00:00:00.000,43.56178641794321,658535763.7631347,138453524.56303847
2024-08-14 00:00:00.000,42.79887134365814,644509681.1101544,119657302.75703254
2024-08-15 00:00:00.000,42.26978923950736,639501819.5340489,116282187.4704738
2024-08-16 00:00:00.000,42.76094172793828,646577040.9066921,107896220.30857632
2024-08-17 00:00:00.000,42.277531791670945,639370137.351019,84798633.47770497
2024-08-18 00:00:00.000,43.58422160190697,658643171.8777577,78708613.7882952
2024-08-19 00:00:00.000,42.410812657441994,641607506.5455524,78543074.22912495
2024-08-20 00:00:00.000,42.1008565618798,636172241.0503001,83162510.6180129
2024-08-21 00:00:00.000,41.50341392882324,630216797.0843079,39047056.60432359
2024-08-22 00:00:00.000,41.523949913681,626943970.7376156,81200916.6974247
2024-08-23 00:00:00.000,41.45997419373158,626664964.0070931,74255646.46838143
2024-08-24 00:00:00.000,42.22663347034343,636915201.7198108,101446127.66874428
2024-08-25 00:00:00.000,43.1179700364507,647712306.072985,97673349.03201966
2024-08-26 00:00:00.000,39.73867278705197,603191967.4263189,47361857.48878322
2024-08-27 00:00:00.000,36.97799310606083,556994194.4493431,93377600.56594142
2024-08-28 00:00:00.000,35.54714924688618,538574951.680909,52373306.811828874
2024-08-29 00:00:00.000,33.514399938016226,508053720.69163543,85525282.82734472
2024-08-30 00:00:00.000,33.25063113532278,503140825.7551719,42037115.4177595
2024-08-31 00:00:00.000,33.13187621596448,500981297.2965479,80770269.58873795
2024-09-01 00:00:00.000,32.502799029349774,491390233.1030414,66218415.647265874
2024-09-02 00:00:00.000,29.534190192060397,446673339.75004387,74305905.85956149
2024-09-03 00:00:00.000,29.59019977827554,447435583.2647118,76713182.91941696
2024-09-04 00:00:00.000,28.952364731215766,437020468.9475765,65367564.81493929
2024-09-05 00:00:00.000,29.62392633638641,447711912.74061304,71928729.812634
2024-09-06 00:00:00.000,28.956612015066067,437811671.90130913,61814002.59956272
2024-09-07 00:00:00.000,26.98236986248323,408016505.9186626,82980859.87396662
2024-09-08 00:00:00.000,27.822388093771625,420289562.52712446,57545415.25824651
2024-09-09 00:00:00.000,27.756304303988305,419771944.53223014,54211162.9491338
2024-09-10 00:00:00.000,29.30743119873682,443484199.542701,67585642.35148603
2024-09-11 00:00:00.000,30.85950794467501,466582649.9412407,65731394.245996445
2024-09-12 00:00:00.000,29.66301120330387,448492127.5247503,42382201.71022835
2024-09-13 00:00:00.000,29.373464301956076,444225697.8706573,62006191.49377691
2024-09-14 00:00:00.000,30.54743540367522,461715479.9771381,29352243.610760264
2024-09-15 00:00:00.000,30.670187566162195,463776937.179271,53999048.55440837
2024-09-16 00:00:00.000,29.236159366209137,442520652.38187313,23964556.94120269
2024-09-17 00:00:00.000,29.1833836145825,441913628.7897166,64185399.413020454
2024-09-18 00:00:00.000,29.79160410802386,450399799.3738126,52826919.02680058
2024-09-19 00:00:00.000,30.505434381369927,461229208.0867173,68636827.70931034
2024-09-20 00:00:00.000,31.62418376676337,478144223.5105805,47730632.55316171
2024-09-21 00:00:00.000,31.300875653711007,473275846.6707104,79667520.94921505
2024-09-22 00:00:00.000,31.293146752686145,473364235.5741652,68102375.99643777
2024-09-23 00:00:00.000,30.219415402856967,456680353.89134365,36484747.81270309
2024-09-24 00:00:00.000,29.59917325393944,447526924.8509206,72562514.07543169
2024-09-25 00:00:00.000,29.370098367610534,444034010.2676172,33869084.03288796
2024-09-26 00:00:00.000,28.196540352919907,425326864.731614,70945852.77747755
2024-09-27 00:00:00.000,30.14442168098461,455770849.4275251,87858167.11356768
2024-09-28 00:00:00.000,30.494989723436767,460911564.5923466,77258785.53785293
2024-09-29 00:00:00.000,29.42687791204196,446394052.0670688,39083497.34066496
2024-09-30 00:00:00.000,29.10548766306068,440062608.4514828,34964489.50369884
2024-10-01 00:00:00.000,27.82056332664137,420582328.8630261,74003711.26486415
2024-10-02 00:00:00.000,26.640355095707104,402973083.1529867,77303961.92672893
2024-10-03 00:00:00.000,25.890408627695177,391078323.0282291,66449535.53745015
2024-10-04 00:00:00.000,25.58450101181976,386700369.4087255,68681550.72187018
2024-10-05 00:00:00.000,26.832571984114516,405697088.99871105,66037332.04053832
2024-10-06 00:00:00.000,27.393360327873197,413787460.24059135,74372465.38311586
2024-10-07 00:00:00.000,29.158231563285057,440847516.3534951,83713364.76261446
2024-10-08 00:00:00.000,28.99802082474941,438446480.40238386,81920960.4682076
2024-10-09 00:00:00.000,28.95700979927274,437701664.64333135,45235961.970374756
2024-10-10 00:00:00.000,29.140614088473836,441203855.9141009,72324711.96183476
2024-10-11 00:00:00.000,33.754889422348555,509418601.99044704,104754539.46589863
2024-10-12 00:00:00.000,36.097452654829304,545496303.8518128,146874867.62601385
2024-10-13 00:00:00.000,34.51347025093732,521665578.0838138,89872307.8051387
2024-10-14 00:00:00.000,35.58410315095002,538016522.2892884,93975701.98403405
2024-10-15 00:00:00.000,36.16239277892713,546670104.2354499,55801369.82690696
2024-10-16 00:00:00.000,37.466489962490094,567130546.1039848,94021518.79686452
2024-10-17 00:00:00.000,37.078637173542525,557925184.3497853,105966797.16251317
2024-10-18 00:00:00.000,36.18641370129876,546753788.7510397,87312918.51846804
2024-10-19 00:00:00.000,36.008763572904506,544597583.8568773,76356812.4944138
2024-10-20 00:00:00.000,36.91484014907668,557753863.7652564,63958006.42738888
2024-10-21 00:00:00.000,36.880195822133786,557322237.5470031,55360924.44715776
2024-10-22 00:00:00.000,37.453564093040576,564426672.9223104,78663980.75649504
2024-10-23 00:00:00.000,37.90844082984906,573167719.6081318,72819413.78704844
2024-10-24 00:00:00.000,37.88611020178946,572768881.3580004,77696141.70984581
2024-10-25 00:00:00.000,36.90726590264251,558022180.9697521,79036744.34482725
2024-10-26 00:00:00.000,35.70701766495914,538102713.4194052,79546578.84671862
2024-10-27 00:00:00.000,34.65987169950402,524064145.2880532,69042067.5410379
2024-10-28 00:00:00.000,37.89475207868871,572004791.8583677,77188716.13830137
2024-10-29 00:00:00.000,38.46809122146242,581344537.3053888,109356958.32391916
2024-10-30 00:00:00.000,38.60670342591385,583205877.2512997,108452748.62471324
2024-10-31 00:00:00.000,38.43660907726487,581270080.2773966,84778604.92726238
2024-11-01 00:00:00.000,36.902310198335776,558216386.3072243,72998598.28546499
2024-11-02 00:00:00.000,37.98411575589276,574042484.4777094,82642014.37715465
2024-11-03 00:00:00.000,36.76665357695424,555960477.9211705,25140909.36470589
2024-11-04 00:00:00.000,37.336661807036386,564321273.1607872,70971463.18417652
2024-11-05 00:00:00.000,36.95044209886407,558564471.7845521,77210993.39915484
2024-11-06 00:00:00.000,38.19497565437625,577490955.2971352,79094857.32849753
2024-11-07 00:00:00.000,43.194789674374064,653056891.6831363,147883377.71197385
2024-11-08 00:00:00.000,44.1995780095905,668412124.0704049,120196123.7345398
2024-11-09 00:00:00.000,46.045566036824695,697166875.3397896,127312912.25401214
2024-11-10 00:00:00.000,45.83088667635331,694467988.6413211,110466228.15608925
2024-11-11 00:00:00.000,45.56869529275057,688274481.7432531,145458668.90859452
2024-11-12 00:00:00.000,44.950337257854464,680413675.0541416,147766021.6166186
2024-11-13 00:00:00.000,42.337403821334945,639637961.6436317,158201713.98587242
2024-11-14 00:00:00.000,38.67129536048209,586384009.9620727,111349436.35297523
2024-11-15 00:00:00.000,36.86150685175349,557051548.7816454,66688614.48990194
2024-11-16 00:00:00.000,38.43265363005565,580581828.6108062,61134301.296835385
2024-11-17 00:00:00.000,44.91935219502571,678876876.3246512,93150886.1216994
2024-11-18 00:00:00.000,44.22789674608288,668686603.3260144,78638439.21781538
2024-11-19 00:00:00.000,44.82425761089099,677739033.114731,75683344.76163317
2024-11-20 00:00:00.000,42.72875776015851,646094210.7838333,59319054.355828926
2024-11-21 00:00:00.000,41.76642405734917,631490587.9311094,111333604.44587308
2024-11-22 00:00:00.000,45.58538105735559,688855277.0592468,129126075.0797032
2024-11-23 00:00:00.000,45.73390735832497,690783258.2913963,132232687.71389133
2024-11-24 00:00:00.000,48.96338309963013,738603641.2550986,151960303.76543903
2024-11-25 00:00:00.000,52.358400663929906,791835209.6570946,163487221.44940826
2024-11-26 00:00:00.000,47.9206938297894,723753948.4541489,127186727.13969518
2024-11-27 00:00:00.000,50.507757972918775,759137207.8192204,145262277.76341525
2024-11-28 00:00:00.000,56.03399659778023,846889442.9636815,234475992.26082397
2024-11-29 00:00:00.000,55.83587178513425,843822972.4861783,122616792.0988354
2024-11-30 00:00:00.000,54.885559950960086,829684525.9206059,116021602.79362442
2024-12-01 00:00:00.000,59.410155834422454,899194415.4049724,92457629.55149508
2024-12-02 00:00:00.000,59.87304701040908,905203669.3228503,149782810.05634135
2024-12-03 00:00:00.000,74.78302243528097,1130781401.7799416,343132878.2353811
2024-12-04 00:00:00.000,73.81043450824374,1116250867.234769,243085890.3764152
2024-12-05 00:00:00.000,69.74312774275383,1052720121.7639276,177783718.1785245
2024-12-06 00:00:00.000,71.9416164078664,1086630235.7287436,216533826.21545377
2024-12-07 00:00:00.000,70.2970197723125,1108474069.4318025,162105897.0049324
2024-12-08 00:00:00.000,70.31160504477464,1119787599.6386108,51869411.26549423
2024-12-09 00:00:00.000,74.91865735622457,1182343465.1849563,154437691.33002874
2024-12-10 00:00:00.000,58.66284569296079,920600722.6771852,241089166.83727172
2024-12-11 00:00:00.000,58.98190871603732,929790246.0928342,229346232.00295073
2024-12-12 00:00:00.000,63.87681817098608,1002193357.308788,134448182.1226022
2024-12-13 00:00:00.000,59.45061135020617,937426323.8642422,183374050.56236905
2024-12-14 00:00:00.000,60.02007973042194,946959764.2659776,141830902.12703118
2024-12-15 00:00:00.000,58.247509925940165,919637656.894054,66623314.958592795
2024-12-16 00:00:00.000,59.04993026543825,932317303.740576,62368213.90377274
2024-12-17 00:00:00.000,56.44662739727779,891418851.6053275,81663723.16048774
2024-12-18 00:00:00.000,55.20976741534216,868922513.2731984,46623147.20729588
2024-12-19 00:00:00.000,50.68068437369187,799365125.144847,76607490.79169041
2024-12-20 00:00:00.000,48.59096797536745,773671120.1088485,124036478.28445986
2024-12-21 00:00:00.000,54.796552161902106,869589684.8590399,164959894.3822972
2024-12-22 00:00:00.000,53.63975285893922,840088726.6633722,149626019.11411005
2024-12-23 00:00:00.000,57.46885024012535,910188481.0295564,87026347.72821097
2024-12-24 00:00:00.000,65.80181733395513,1042500239.1257694,120481217.51153204
2024-12-25 00:00:00.000,69.09927069562546,1089765062.847588,129308521.8616959
2024-12-26 00:00:00.000,73.7714972872562,1172095931.8265753,125350484.2128714
2024-12-27 00:00:00.000,68.98913158011165,1091607962.2952733,81743753.78641453
2024-12-28 00:00:00.000,61.891412733615624,977915799.9275995,66057023.15970628
2024-12-29 00:00:00.000,62.40868583456909,987207432.401158,42910847.659727424
2024-12-30 00:00:00.000,60.401057547032615,955244339.5084928,46504245.131901175
2024-12-31 00:00:00.000,58.01812466688136,916255090.6052116,51493278.45155089
2025-01-01 00:00:00.000,55.855202936190544,883551471.5079805,56590772.9368246
2025-01-02 00:00:00.000,58.24583077226829,922883815.0791552,97003931.59982368
2025-01-03 00:00:00.000,59.50129512324921,942419336.8546492,105714583.28660576
2025-01-04 00:00:00.000,60.91148790395706,964473362.7787722,54128839.30652761
2025-01-05 00:00:00.000,59.28973685164098,936217393.4980568,104375670.58883066
2025-01-06 00:00:00.000,58.54172439443346,926624883.5684488,107622311.12669513
2025-01-07 00:00:00.000,60.33522289621566,954929471.4177446,116923348.92334582
2025-01-08 00:00:00.000,52.40892254624678,829692376.3988587,119373530.34983262
2025-01-09 00:00:00.000,50.20077599436251,794848366.6355461,115145461.17118692
2025-01-10 00:00:00.000,46.97572064788347,744754970.7960624,59897232.58885515
2025-01-11 00:00:00.000,48.37683303659512,765831606.2516459,104474282.76576844
2025-01-12 00:00:00.000,48.720143671161374,772063898.1704078,85910789.96828334
2025-01-13 00:00:00.000,47.936782831591835,758715440.5472239,31399975.466748923
2025-01-14 00:00:00.000,48.36715112397334,766134173.3434778,65742047.18341944
2025-01-15 00:00:00.000,51.459137800495064,813358790.2852986,98825472.38799056
2025-01-16 00:00:00.000,55.34515498646968,876606208.9296446,118034937.20821115
2025-01-17 00:00:00.000,53.97022145909192,854746773.8911294,106924738.09222583
2025-01-18 00:00:00.000,55.00658306789133,871979823.2779001,114548939.48417124
2025-01-19 00:00:00.000,52.068263194347914,825723372.98305,113006302.55234306
2025-01-20 00:00:00.000,47.27020314661583,751752551.1262425,131523643.37175705
2025-01-21 00:00:00.000,47.48228598174949,753853604.9273474,140883154.27044877
2025-01-22 00:00:00.000,49.16412841052548,777640864.9772396,64353400.30154546
2025-01-23 00:00:00.000,48.411515057062545,769428034.257069,91896210.08927137
2025-01-24 00:00:00.000,48.68419261362319,771371483.4421159,148643878.90678948
2025-01-25 00:00:00.000,46.349494117330856,734702851.2957196,141865064.6568022
2025-01-26 00:00:00.000,46.64752932481084,739797899.1767931,102584580.23478948
2025-01-27 00:00:00.000,44.970146247183315,714288879.9148902,105829896.32563126
2025-01-28 00:00:00.000,42.98753326612055,681051295.0921001,137193062.16798198
2025-01-29 00:00:00.000,41.94046788296878,665432198.7663882,101669889.3272187
2025-01-30 00:00:00.000,42.56031552820806,675654359.5285794,108803366.81038214
2025-01-31 00:00:00.000,43.987426402358935,698172288.0399408,46078976.31539622
2025-02-01 00:00:00.000,43.15596619039496,684795377.1241522,43210940.76182896
2025-02-02 00:00:00.000,39.63201492627105,629537130.4071289,39246950.17571577
2025-02-03 00:00:00.000,33.287446924312725,527088468.66255295,96631268.41513088
2025-02-04 00:00:00.000,35.644080370951606,566023730.1116654,123072085.04014055
2025-02-05 00:00:00.000,32.14597290280563,509785617.1601919,42376075.08958118
2025-02-06 00:00:00.000,32.09938840428082,509258626.5108305,31890057.77732455
2025-02-07 00:00:00.000,29.768465646494978,472868426.7712731,31484283.7333116
2025-02-08 00:00:00.000,30.09027193946544,476981201.06115353,33866289.67567839
2025-02-09 00:00:00.000,31.749461246055056,504488488.5244661,61606815.02201328
2025-02-10 00:00:00.000,32.630590918977006,517903222.7771036,66012914.94640143
2025-02-11 00:00:00.000,32.47663293635799,516222555.93963766,31330237.221277338
2025-02-12 00:00:00.000,33.07341434881355,526358637.95219254,30216968.80124033
2025-02-13 00:00:00.000,32.651324598180516,519041716.7559103,42752290.80360588
2025-02-14 00:00:00.000,32.437365181305836,515938681.05670863,36462800.9604305
2025-02-15 00:00:00.000,32.97366624860961,523619714.8868551,30025654.53853548
2025-02-16 00:00:00.000,32.126399741195215,510564204.7363059,20012623.49691695
2025-02-17 00:00:00.000,34.54721768077427,549562348.9634227,68363642.89351358
2025-02-18 00:00:00.000,36.25626041472886,578696899.0680261,79659098.17968194
2025-02-19 00:00:00.000,33.964779300731585,540245165.1756232,74972779.27995865
2025-02-20 00:00:00.000,36.18913741237086,576021253.1467131,33328827.921306156
2025-02-21 00:00:00.000,36.5834786725945,581295107.6308032,34864135.19512576
2025-02-22 00:00:00.000,35.13197581874153,559028700.7812974,33837517.078815565
2025-02-23 00:00:00.000,35.881807615284096,571003189.1395161,24676664.62600168
2025-02-24 00:00:00.000,35.97872740518494,572967447.5200583,24825918.21137268
2025-02-25 00:00:00.000,33.10257059586579,526596983.33107144,78056344.74754398
2025-02-26 00:00:00.000,33.701012428167566,538211743.1158519,92693359.68853565
2025-02-27 00:00:00.000,36.01408747483097,573489826.7764589,82216891.7648102
2025-02-28 00:00:00.000,36.536980995476725,581571320.0379372,68607616.27769703
2025-03-01 00:00:00.000,37.56864893180501,598277242.5416476,48150351.30965105
2025-03-02 00:00:00.000,37.85982567769902,604065566.6137571,70004597.08198144
2025-09-10 00:00:00.000,48.067091435739385,782068251.0666252,112247479.62053797
2025-09-11 00:00:00.000,47.9125533081044,779923902.2818487,109275311.4699276
2025-09-12 00:00:00.000,47.94133661967048,779971824.8626842,50827991.255539544
2025-09-13 00:00:00.000,49.84462065746961,811244366.9765173,109720925.98482934
2025-09-14 00:00:00.000,52.84691047352768,859478374.110297,53438903.325150065
2025-09-15 00:00:00.000,50.48321770631565,822180272.344679,70268333.41191398
2025-09-16 00:00:00.000,49.95389487636715,813302537.8011284,54484470.08152979
2025-09-17 00:00:00.000,51.552469262750726,840069096.8631059,102554688.33323853
2025-09-18 00:00:00.000,51.375749976980885,836554264.0305005,111908894.23658147
2025-09-19 00:00:00.000,50.59381545577173,823717655.8381057,114634013.7043995
2025-09-20 00:00:00.000,48.914160715854216,796212940.1926714,114292300.77910246
2025-09-21 00:00:00.000,50.59361343917444,823141281.0834854,53891574.411540255
2025-09-22 00:00:00.000,51.93482164324008,845951468.2312137,53637651.569443405
2025-09-23 00:00:00.000,48.62722074610878,792074902.4374174,62766565.814646296
2025-09-24 00:00:00.000,54.74814817321854,897884068.8146819,71895616.64312628
2025-09-25 00:00:00.000,58.75331715367521,958412776.3771756,101189952.83239712
2025-09-26 00:00:00.000,54.42802259029077,887766117.5080149,145264512.44284728
2025-09-27 00:00:00.000,56.29252818347488,916451318.0557746,58234799.35460872
2025-09-28 00:00:00.000,55.70113852282252,907980163.7804662,51320286.12289644
2025-09-29 00:00:00.000,61.07966946951576,995576794.0533038,54651154.34019262
2025-09-30 00:00:00.000,72.25073182021858,1178156775.0151243,158239654.42928895
2025-10-01 00:00:00.000,74.48399995542171,1209204859.2966018,223613688.65574175
2025-10-02 00:00:00.000,120.61918220724417,1950571878.3332703,744241128.8113563
2025-10-03 00:00:00.000,130.76795698927586,2130290857.6595104,1067064295.1690376
2025-10-04 00:00:00.000,128.19211633111402,2101521916.945338,575890459.201529
2025-10-05 00:00:00.000,157.5069716613017,2570585881.5792847,678832063.8248568
2025-10-06 00:00:00.000,166.21243191161955,2724768528.960783,574538586.5620736
2025-10-07 00:00:00.000,156.34405197382287,2549427410.963722,500078091.5561093
2025-10-08 00:00:00.000,128.15688953671776,2091114506.7648587,554692522.9597785
2025-10-09 00:00:00.000,175.49515278449311,2876056521.584043,753249593.1102009
2025-10-10 00:00:00.000,213.9090604171016,3438455613.6951966,1019703148.3536168
2025-10-11 00:00:00.000,228.6467428516437,3734026951.881512,1814622400.4147923
2025-10-12 00:00:00.000,293.38881474058235,4809515948.732096,1619472600.7637274
2025-10-13 00:00:00.000,262.8912882023481,4275118810.9666743,1050899949.398882
2025-10-14 00:00:00.000,250.0129143904527,4075276245.424906,762204137.1080012
2025-10-15 00:00:00.000,247.7809802020792,4054159521.4971423,866722079.3427359
2025-10-16 00:00:00.000,229.53052819740088,3746249277.626611,796171935.4242035
2025-10-17 00:00:00.000,204.7092642870265,3344582376.4544525,592834774.8919263
2025-10-18 00:00:00.000,217.25116626282616,3557965749.4424253,804619961.8282515
2025-10-19 00:00:00.000,220.69453282364807,3610425037.724602,402783873.13180697
2025-10-20 00:00:00.000,236.7789460148555,3862647919.447475,384527718.1813148
2025-10-21 00:00:00.000,267.98374406289406,4372497463.008779,752288043.2643288
2025-10-22 00:00:00.000,263.42935077234466,4308340727.521087,917583388.3453524
2025-10-23 00:00:00.000,237.84052551141437,3893634505.699521,697420115.6864973
2025-10-24 00:00:00.000,242.9416966851075,3971108427.820879,466862562.131228
2025-10-25 00:00:00.000,271.47349300911463,4434820177.916407,538611217.6687183
2025-10-26 00:00:00.000,274.79040480646887,4483205191.121336,382016057.446433
2025-10-27 00:00:00.000,329.96652468885486,5406867284.079271,1381193604.0609117
2025-10-28 00:00:00.000,341.6302497507177,5569374158.328804,987923029.5631772
2025-10-29 00:00:00.000,316.0704739048234,5169752420.83131,733150638.5617827
2025-10-30 00:00:00.000,352.3867664616547,5768253144.5111265,769266085.6103177
2025-10-31 00:00:00.000,345.2014673974636,5644610655.907203,1014768040.5114504
2025-11-01 00:00:00.000,406.15743259006354,6645897655.440491,1468809018.8057516
2025-11-02 00:00:00.000,412.9803992260091,6760753088.246973,1124816635.117806
2025-11-03 00:00:00.000,417.95980694056817,6834177565.81004,957539161.6114488
2025-11-04 00:00:00.000,428.56358287708576,7007311726.359242,936738382.6785556
2025-11-05 00:00:00.000,445.0261563654135,7272618377.616836,2660035593.338948
2025-11-06 00:00:00.000,479.3579233634141,7845964256.198482,1595404387.6884286
2025-11-07 00:00:00.000,532.064586754623,8708085359.351828,1656170254.6776955
2025-11-08 00:00:00.000,648.8777101852887,10679404333.751266,4395975018.908697
2025-11-09 00:00:00.000,602.0328512742919,9878084664.27918,4021317791.704309
2025-11-10 00:00:00.000,613.5812730366823,10052959651.483112,2186892621.2366605
2025-11-11 00:00:00.000,520.7818259621429,8533222584.29559,4087439117.3280215
2025-11-12 00:00:00.000,445.92426004465955,7335368033.138803,2346583708.5565524
2025-11-13 00:00:00.000,508.81612150484136,8356824157.975529,2256074566.31306
2025-11-14 00:00:00.000,523.3473402794998,8641592281.181475,1729098639.6079483
2025-11-15 00:00:00.000,605.9588036835555,9930873054.55488,2290142297.6077924
2025-11-16 00:00:00.000,678.0153430553777,11137155977.553684,3199157395.653419
2025-11-17 00:00:00.000,698.874502126263,11470590188.075636,3856023274.520254
2025-11-18 00:00:00.000,615.4412204935885,10083399751.15248,2254925639.8092194
2025-11-19 00:00:00.000,623.3081718305024,10191780091.689676,2452927231.659546
2025-11-20 00:00:00.000,671.0136411538424,10992916565.499329,2171676223.7505245
2025-11-21 00:00:00.000,664.7137744735865,11128262754.830011,2271160356.5947895
2025-11-22 00:00:00.000,546.7758473455792,8960289262.083582,2370564080.494211
2025-11-23 00:00:00.000,517.9139243724427,8492012399.997477,2511525961.542142
2025-11-24 00:00:00.000,572.9381220301601,9422531736.451342,1505318068.9491887
2025-11-25 00:00:00.000,519.5260864449601,8576606920.679359,1266930515.9292395
2025-11-26 00:00:00.000,508.7944613076435,8349367351.341981,1146684416.9414415
2025-11-27 00:00:00.000,526.4801171567573,8649152583.842459,989290674.784286
2025-11-28 00:00:00.000,489.0674456497692,8024288469.430302,851732124.1335924
2025-11-29 00:00:00.000,453.6175994983303,7445992323.310368,861429445.3740878
2025-11-30 00:00:00.000,458.81457063667415,7536542842.410734,636241380.4988439
2025-12-01 00:00:00.000,430.5259515850158,7080314278.483251,711346828.19412
2025-12-02 00:00:00.000,345.48640226216804,5676282246.220121,1614066072.6129403
2025-12-03 00:00:00.000,315.9002152670153,5186980400.192327,1395002440.6291373
2025-12-04 00:00:00.000,338.3987748682882,5560251687.337888,1491766150.9921143
2025-12-05 00:00:00.000,366.54951545451826,6022876209.296562,951610803.254896
2025-12-06 00:00:00.000,359.5304571605147,5894566955.4310465,1251148822.0423312
2025-12-07 00:00:00.000,340.7677486445925,5566142863.826608,756067535.5515908
2025-12-08 00:00:00.000,342.030109006388,5595650730.029665,723738173.0355754
2025-12-09 00:00:00.000,405.0424827341891,6665357640.921348,1234519495.767142
2025-12-10 00:00:00.000,432.61198277044224,7089270145.8940525,1224891043.480292
2025-12-11 00:00:00.000,403.84082743492615,6643997579.614152,790789804.9466367
2025-12-12 00:00:00.000,450.6769674918707,7435426168.8441725,1156466824.0244453
2025-12-13 00:00:00.000,458.4738953967274,7536167957.836337,756294708.7165368
2025-12-14 00:00:00.000,442.7919225921667,7294024913.145797,839722103.8850753
2025-12-15 00:00:00.000,405.7707139533225,6658587690.630456,644948517.7825713
2025-12-16 00:00:00.000,412.7133187895257,6788135273.730093,947699565.6263278
2025-12-17 00:00:00.000,402.7617468083297,6621296355.834748,796473591.6058658
2025-12-18 00:00:00.000,376.3064139960144,6187495215.437066,703782286.9484051
2025-12-19 00:00:00.000,386.6445985673276,6362678323.930816,725871798.9785405
2025-12-20 00:00:00.000,445.1700456716687,7331801097.340631,796795184.926017
2025-12-21 00:00:00.000,446.957667596042,7353457548.746424,425338352.75281686
2025-12-22 00:00:00.000,441.97080656861016,7279809163.920827,549380322.8860837
2025-12-23 00:00:00.000,431.7693261890957,7107350971.258522,629449152.7073636
2025-12-24 00:00:00.000,416.7413676880307,6855003987.731937,543746887.8519422
2025-12-25 00:00:00.000,447.872798859531,7369722247.965917,654164886.1464765
2025-12-26 00:00:00.000,437.1761439712781,7196339897.464308,518050917.44332254
2025-12-27 00:00:00.000,447.73602922293463,7367236270.806603,414065064.139331
2025-12-28 00:00:00.000,515.0500074654277,8476396430.693812,995178867.7457176
2025-12-29 00:00:00.000,530.2014260612847,8736742974.433548,637941825.4034754
2025-12-30 00:00:00.000,540.9071346684877,8912309424.714499,969612406.8079772
2025-12-31 00:00:00.000,527.837025189977,8686323578.353893,605954550.515113
2026-01-01 00:00:00.000,512.5024042378371,8434509949.132746,824394613.373997
2026-01-02 00:00:00.000,523.9259139045529,8629652227.0319,456966718.28036994
2026-01-03 00:00:00.000,488.4641337934309,8045123195.536808,566703071.6254896
2026-01-04 00:00:00.000,511.4281978527349,8427472576.416748,494482398.32068974
2026-01-05 00:00:00.000,502.4579542470121,8273811246.350901,389885889.5969756
2026-01-06 00:00:00.000,503.62401637169614,8309027415.2005825,598385697.4585558
2026-01-07 00:00:00.000,501.86041828996184,8279876775.395959,660895473.3613847
2026-01-08 00:00:00.000,469.4835922730685,7738964322.718474,508589983.2732188
2026-01-09 00:00:00.000,421.9197815435784,6955380113.845122,1539537057.1971564
2026-01-10 00:00:00.000,417.5552008797482,6896217720.951568,749435462.002074
