,mean,std
FRM,2.097919,1.1292724001153331
